check_id,branch_id,competitor_id,sku,checked_on,competitor_price,our_price,checked_by
CHK-0000001,B-08,CMP-ON,QX-CER-001,2026-05-01,2.90,2.85,E-129
CHK-0000002,B-08,CMP-ON,QX-TIN-045,2026-05-01,1.02,1.05,E-129
CHK-0000003,B-08,CMP-ON,QX-BWS-204,2026-05-01,34.94,34.16,E-129
CHK-0000004,B-08,CMP-ON,QX-BWS-209,2026-05-01,26.01,26.68,E-129
CHK-0000005,B-08,CMP-ON,QX-PRO-218,2026-05-01,2.45,2.40,E-129
CHK-0000006,B-08,CMP-ON,QX-FRZ-225,2026-05-01,6.72,6.90,E-129
CHK-0000007,B-08,CMP-ON,QX-CHL-231,2026-05-01,7.88,8.06,E-129
CHK-0000008,B-08,CMP-ON,QX-HHD-252,2026-05-01,2.23,2.18,E-129
CHK-0000009,B-08,CMP-ON,QX-FRZ-259,2026-05-01,6.06,6.03,E-129
CHK-0000010,B-08,CMP-ON,QX-BAK-297,2026-05-01,7.68,7.76,E-129
CHK-0000011,B-08,CMP-ON,QX-FRZ-306,2026-05-01,4.25,4.36,E-129
CHK-0000012,B-08,CMP-ON,QX-DRY-312,2026-05-01,2.03,2.00,E-129
CHK-0000013,B-08,CMP-ON,QX-BWS-324,2026-05-01,13.91,13.89,E-129
CHK-0000014,B-08,CMP-ON,QX-BAK-335,2026-05-01,3.75,3.85,E-129
CHK-0000015,B-08,CMP-ON,QX-DRY-339,2026-05-01,1.52,1.53,E-129
CHK-0000016,B-08,CMP-ON,QX-BWS-405,2026-05-01,28.08,28.84,E-129
CHK-0000017,B-08,CMP-ON,QX-HBC-438,2026-05-01,11.86,12.16,E-129
CHK-0000018,B-08,CMP-ON,QX-FRZ-442,2026-05-01,8.05,7.89,E-129
CHK-0000019,B-08,CMP-ON,QX-PET-454,2026-05-01,1.26,1.23,E-129
CHK-0000020,B-08,CMP-ON,QX-PET-467,2026-05-01,1.20,1.19,E-129
CHK-0000021,B-08,CMP-ON,QX-DRY-491,2026-05-01,2.76,2.75,E-129
CHK-0000022,B-08,CMP-ON,QX-PET-515,2026-05-01,1.39,1.38,E-129
CHK-0000023,B-08,CMP-ON,QX-BWS-543,2026-05-01,11.91,11.60,E-129
CHK-0000024,B-08,CMP-ON,QX-DRY-600,2026-05-01,2.77,2.71,E-129
CHK-0000025,B-08,CMP-ON,QX-PET-622,2026-05-01,8.00,8.09,E-129
CHK-0000026,B-08,CMP-ON,QX-BWS-626,2026-05-01,20.33,20.32,E-129
CHK-0000027,B-08,CMP-ON,QX-DRY-636,2026-05-01,3.88,3.78,E-129
CHK-0000028,B-08,CMP-ON,QX-PRO-660,2026-05-01,1.32,1.35,E-129
CHK-0000029,B-08,CMP-ON,QX-DRK-690,2026-05-01,2.43,2.43,E-129
CHK-0000030,B-08,CMP-ON,QX-BAK-706,2026-05-01,3.20,3.12,E-129
CHK-0000031,B-08,CMP-ON,QX-FRZ-709,2026-05-01,1.70,1.73,E-129
CHK-0000032,B-08,CMP-ON,QX-DRY-725,2026-05-01,6.81,6.63,E-129
CHK-0000033,B-08,CMP-ON,QX-HBC-779,2026-05-01,6.24,6.13,E-129
CHK-0000034,B-08,CMP-ON,QX-CER-825,2026-05-01,3.88,3.90,E-129
CHK-0000035,B-08,CMP-ON,QX-HHD-827,2026-05-01,4.42,4.50,E-129
CHK-0000036,B-08,CMP-ON,QX-BWS-839,2026-05-01,10.59,10.62,E-129
CHK-0000037,B-08,CMP-ON,QX-TIN-860,2026-05-01,1.57,1.59,E-129
CHK-0000038,B-08,CMP-ON,QX-BAK-874,2026-05-01,2.62,2.59,E-129
CHK-0000039,B-08,CMP-ON,QX-CHL-897,2026-05-01,4.73,4.62,E-129
CHK-0000040,B-08,CMP-ON,QX-FRZ-907,2026-05-01,6.87,7.00,E-129
CHK-0000041,B-08,CMP-ON,QX-BWS-962,2026-05-01,36.93,36.72,E-129
CHK-0000042,B-08,CMP-ON,QX-FRZ-984,2026-05-01,5.98,6.06,E-129
CHK-0000043,B-08,CMP-ON,QX-TIN-002,2026-05-01,0.97,0.95,E-129
CHK-0000044,B-08,CMP-ON,QX-DRK-028,2026-05-01,4.50,4.46,E-129
CHK-0000045,B-08,CMP-ON,QX-PET-037,2026-05-01,5.62,5.53,E-129
CHK-0000046,B-08,CMP-ON,QX-DRY-056,2026-05-01,7.20,7.11,E-129
CHK-0000047,B-08,CMP-ON,QX-PRO-131,2026-05-01,4.71,4.79,E-129
CHK-0000048,B-08,CMP-ON,QX-DRK-134,2026-05-01,4.69,4.62,E-129
CHK-0000049,B-08,CMP-ON,QX-DRY-144,2026-05-01,4.43,4.40,E-129
CHK-0000050,B-08,CMP-ON,QX-PRO-205,2026-05-01,3.23,3.14,E-129
CHK-0000051,B-08,CMP-ON,QX-TIN-285,2026-05-01,0.85,0.85,E-129
CHK-0000052,B-08,CMP-ON,QX-DRY-314,2026-05-01,2.59,2.58,E-129
CHK-0000053,B-08,CMP-ON,QX-BWS-316,2026-05-01,5.58,5.50,E-129
CHK-0000054,B-08,CMP-ON,QX-HBC-324,2026-05-01,4.42,4.49,E-129
CHK-0000055,B-08,CMP-ON,QX-HBC-325,2026-05-01,2.91,2.91,E-129
CHK-0000056,B-08,CMP-ON,QX-HHD-411,2026-05-01,6.20,6.05,E-129
CHK-0000057,B-08,CMP-ON,QX-DRK-453,2026-05-01,2.75,2.78,E-129
CHK-0000058,B-08,CMP-ON,QX-BWS-470,2026-05-01,22.07,22.18,E-129
CHK-0000059,B-08,CMP-ON,QX-FRZ-495,2026-05-01,2.55,2.49,E-129
CHK-0000060,B-08,CMP-ON,QX-CER-504,2026-05-01,1.66,1.64,E-129
CHK-0000061,B-08,CMP-ON,QX-HHD-515,2026-05-01,8.19,8.17,E-129
CHK-0000062,B-08,CMP-ON,QX-CER-529,2026-05-01,2.21,2.25,E-129
CHK-0000063,B-08,CMP-ON,QX-BAK-613,2026-05-01,2.22,2.24,E-129
CHK-0000064,B-08,CMP-ON,QX-FRZ-622,2026-05-01,3.98,3.90,E-129
CHK-0000065,B-08,CMP-ON,QX-BAK-629,2026-05-01,2.72,2.64,E-129
CHK-0000066,B-08,CMP-ON,QX-TIN-677,2026-05-01,0.86,0.85,E-129
CHK-0000067,B-08,CMP-ON,QX-HHD-682,2026-05-01,3.29,3.20,E-129
CHK-0000068,B-08,CMP-ON,QX-CHL-695,2026-05-01,6.71,6.82,E-129
CHK-0000069,B-08,CMP-ON,QX-CHL-707,2026-05-01,1.51,1.47,E-129
CHK-0000070,B-08,CMP-ON,QX-CHL-734,2026-05-01,20.74,20.27,E-129
CHK-0000071,B-08,CMP-ON,QX-PRO-922,2026-05-01,1.21,1.25,E-129
CHK-0000072,B-08,CMP-ON,QX-FRZ-928,2026-05-01,7.24,7.04,E-129
CHK-0000073,B-08,CMP-ON,QX-BAK-942,2026-05-01,2.27,2.26,E-129
CHK-0000074,B-08,CMP-ON,QX-BWS-950,2026-05-01,19.52,19.18,E-129
CHK-0000075,B-08,CMP-ON,QX-HHD-969,2026-05-01,5.44,5.32,E-129
CHK-0000076,B-08,CMP-ON,QX-HBC-004,2026-05-01,6.46,6.60,E-129
CHK-0000077,B-08,CMP-ON,QX-HBC-048,2026-05-01,2.68,2.75,E-129
CHK-0000078,B-08,CMP-ON,QX-DRY-075,2026-05-01,7.05,7.13,E-129
CHK-0000079,B-08,CMP-ON,QX-CHL-091,2026-05-01,1.12,1.12,E-129
CHK-0000080,B-08,CMP-ON,QX-HHD-096,2026-05-01,6.33,6.25,E-129
CHK-0000081,B-08,CMP-ON,QX-BWS-114,2026-05-01,6.78,6.69,E-129
CHK-0000082,B-08,CMP-ON,QX-DRK-133,2026-05-01,4.15,4.09,E-129
CHK-0000083,B-08,CMP-ON,QX-HHD-168,2026-05-01,2.57,2.56,E-129
CHK-0000084,B-08,CMP-ON,QX-PRO-171,2026-05-01,3.96,3.88,E-129
CHK-0000085,B-08,CMP-ON,QX-DRK-177,2026-05-01,5.64,5.59,E-129
CHK-0000086,B-08,CMP-ON,QX-DRY-193,2026-05-01,4.44,4.42,E-129
CHK-0000087,B-08,CMP-ON,QX-DRY-199,2026-05-01,5.34,5.48,E-129
CHK-0000088,B-08,CMP-ON,QX-HHD-231,2026-05-01,7.48,7.40,E-129
CHK-0000089,B-08,CMP-ON,QX-CER-264,2026-05-01,4.02,3.93,E-129
CHK-0000090,B-08,CMP-ON,QX-BWS-271,2026-05-01,16.18,16.63,E-129
CHK-0000091,B-08,CMP-ON,QX-BWS-281,2026-05-01,15.95,15.66,E-129
CHK-0000092,B-08,CMP-ON,QX-HHD-295,2026-05-01,3.54,3.62,E-129
CHK-0000093,B-08,CMP-ON,QX-HBC-307,2026-05-01,10.31,10.13,E-129
CHK-0000094,B-08,CMP-ON,QX-CER-337,2026-05-01,3.13,3.09,E-129
CHK-0000095,B-08,CMP-ON,QX-BWS-350,2026-05-01,6.96,7.13,E-129
CHK-0000096,B-08,CMP-ON,QX-TIN-353,2026-05-01,2.44,2.49,E-129
CHK-0000097,B-08,CMP-ON,QX-TIN-355,2026-05-01,1.33,1.32,E-129
CHK-0000098,B-08,CMP-ON,QX-CER-371,2026-05-01,4.14,4.15,E-129
CHK-0000099,B-08,CMP-ON,QX-PRO-373,2026-05-01,4.56,4.46,E-129
CHK-0000100,B-08,CMP-ON,QX-BAK-411,2026-05-01,3.90,3.93,E-129
CHK-0000101,B-08,CMP-ON,QX-PRO-412,2026-05-01,2.91,2.99,E-129
CHK-0000102,B-08,CMP-ON,QX-BWS-424,2026-05-01,11.49,11.43,E-129
CHK-0000103,B-08,CMP-ON,QX-CER-436,2026-05-01,1.58,1.54,E-129
CHK-0000104,B-02,CMP-BG,QX-CER-001,2026-05-01,2.90,3.25,E-993
CHK-0000105,B-02,CMP-BG,QX-TIN-045,2026-05-01,1.08,1.20,E-993
CHK-0000106,B-02,CMP-BG,QX-BWS-204,2026-05-01,35.80,38.94,E-993
CHK-0000107,B-02,CMP-BG,QX-BWS-209,2026-05-01,27.52,30.42,E-993
CHK-0000108,B-02,CMP-BG,QX-PRO-218,2026-05-01,2.45,2.74,E-993
CHK-0000109,B-02,CMP-BG,QX-FRZ-225,2026-05-01,7.14,7.87,E-993
CHK-0000110,B-02,CMP-BG,QX-CER-248,2026-05-01,2.94,3.26,E-993
CHK-0000111,B-02,CMP-BG,QX-HHD-252,2026-05-01,2.26,2.49,E-993
CHK-0000112,B-02,CMP-BG,QX-BAK-297,2026-05-01,7.94,8.85,E-993
CHK-0000113,B-02,CMP-BG,QX-FRZ-306,2026-05-01,4.53,4.97,E-993
CHK-0000114,B-02,CMP-BG,QX-DRY-312,2026-05-01,2.15,2.28,E-993
CHK-0000115,B-02,CMP-BG,QX-BAK-335,2026-05-01,4.00,4.39,E-993
CHK-0000116,B-02,CMP-BG,QX-BWS-405,2026-05-01,31.46,32.88,E-993
CHK-0000117,B-02,CMP-BG,QX-FRZ-410,2026-05-01,4.01,4.24,E-993
CHK-0000118,B-02,CMP-BG,QX-CHL-424,2026-05-01,21.73,22.67,E-993
CHK-0000119,B-02,CMP-BG,QX-HBC-438,2026-05-01,13.21,13.86,E-993
CHK-0000120,B-02,CMP-BG,QX-CER-444,2026-05-01,1.83,2.00,E-993
CHK-0000121,B-02,CMP-BG,QX-DRY-476,2026-05-01,5.50,6.01,E-993
CHK-0000122,B-02,CMP-BG,QX-DRY-491,2026-05-01,2.96,3.14,E-993
CHK-0000123,B-02,CMP-BG,QX-HHD-511,2026-05-01,12.93,13.58,E-993
CHK-0000124,B-02,CMP-BG,QX-BWS-614,2026-05-01,24.68,26.22,E-993
CHK-0000125,B-02,CMP-BG,QX-BAK-615,2026-05-01,2.20,2.42,E-993
CHK-0000126,B-02,CMP-BG,QX-DRY-636,2026-05-01,3.85,4.31,E-993
CHK-0000127,B-02,CMP-BG,QX-BWS-639,2026-05-01,5.22,5.76,E-993
CHK-0000128,B-02,CMP-BG,QX-DRY-642,2026-05-01,2.86,3.17,E-993
CHK-0000129,B-02,CMP-BG,QX-DRK-690,2026-05-01,2.53,2.77,E-993
CHK-0000130,B-02,CMP-BG,QX-DRY-725,2026-05-01,7.14,7.56,E-993
CHK-0000131,B-02,CMP-BG,QX-CER-741,2026-05-01,3.20,3.44,E-993
CHK-0000132,B-02,CMP-BG,QX-PRO-761,2026-05-01,2.13,2.29,E-993
CHK-0000133,B-02,CMP-BG,QX-HBC-779,2026-05-01,6.71,6.99,E-993
CHK-0000134,B-02,CMP-BG,QX-CHL-792,2026-05-01,5.02,5.28,E-993
CHK-0000135,B-02,CMP-BG,QX-CER-825,2026-05-01,4.05,4.45,E-993
CHK-0000136,B-02,CMP-BG,QX-TIN-826,2026-05-01,1.30,1.41,E-993
CHK-0000137,B-02,CMP-BG,QX-TIN-860,2026-05-01,1.73,1.81,E-993
CHK-0000138,B-02,CMP-BG,QX-DRY-866,2026-05-01,3.71,4.05,E-993
CHK-0000139,B-02,CMP-BG,QX-CHL-897,2026-05-01,4.72,5.27,E-993
CHK-0000140,B-02,CMP-BG,QX-DRY-913,2026-05-01,5.62,6.06,E-993
CHK-0000141,B-02,CMP-BG,QX-BAK-941,2026-05-01,1.39,1.49,E-993
CHK-0000142,B-02,CMP-BG,QX-BWS-962,2026-05-01,39.87,41.86,E-993
CHK-0000143,B-02,CMP-BG,QX-FRZ-984,2026-05-01,6.34,6.91,E-993
CHK-0000144,B-02,CMP-BG,QX-PET-010,2026-05-01,11.64,12.21,E-993
CHK-0000145,B-02,CMP-BG,QX-DRY-026,2026-05-01,1.24,1.30,E-993
CHK-0000146,B-02,CMP-BG,QX-PET-037,2026-05-01,5.89,6.30,E-993
CHK-0000147,B-02,CMP-BG,QX-DRY-056,2026-05-01,7.39,8.11,E-993
CHK-0000148,B-02,CMP-BG,QX-DRY-144,2026-05-01,4.74,5.02,E-993
CHK-0000149,B-02,CMP-BG,QX-PRO-205,2026-05-01,3.25,3.58,E-993
CHK-0000150,B-02,CMP-BG,QX-PET-271,2026-05-01,3.88,4.25,E-993
CHK-0000151,B-02,CMP-BG,QX-BWS-280,2026-05-01,14.08,15.52,E-993
CHK-0000152,B-02,CMP-BG,QX-TIN-285,2026-05-01,0.85,0.95,E-993
CHK-0000153,B-02,CMP-BG,QX-HBC-324,2026-05-01,4.89,5.12,E-993
CHK-0000154,B-02,CMP-BG,QX-CHL-334,2026-05-01,18.89,20.20,E-993
CHK-0000155,B-02,CMP-BG,QX-TIN-343,2026-05-01,1.83,2.04,E-993
CHK-0000156,B-02,CMP-BG,QX-TIN-383,2026-05-01,2.40,2.52,E-993
CHK-0000157,B-02,CMP-BG,QX-FRZ-385,2026-05-01,2.41,2.55,E-993
CHK-0000158,B-02,CMP-BG,QX-HHD-411,2026-05-01,6.47,6.90,E-993
CHK-0000159,B-02,CMP-BG,QX-DRK-453,2026-05-01,2.98,3.17,E-993
CHK-0000160,B-02,CMP-BG,QX-BWS-470,2026-05-01,23.44,25.29,E-993
CHK-0000161,B-02,CMP-BG,QX-CER-504,2026-05-01,1.78,1.87,E-993
CHK-0000162,B-02,CMP-BG,QX-CER-529,2026-05-01,2.36,2.57,E-993
CHK-0000163,B-02,CMP-BG,QX-BAK-613,2026-05-01,2.36,2.55,E-993
CHK-0000164,B-02,CMP-BG,QX-HHD-660,2026-05-01,2.08,2.17,E-993
CHK-0000165,B-02,CMP-BG,QX-TIN-677,2026-05-01,0.90,0.95,E-993
CHK-0000166,B-02,CMP-BG,QX-FRZ-680,2026-05-01,5.83,6.24,E-993
CHK-0000167,B-02,CMP-BG,QX-CHL-707,2026-05-01,1.56,1.68,E-993
CHK-0000168,B-02,CMP-BG,QX-TIN-710,2026-05-01,1.79,1.92,E-993
CHK-0000169,B-02,CMP-BG,QX-HHD-758,2026-05-01,12.55,13.47,E-993
CHK-0000170,B-02,CMP-BG,QX-HHD-762,2026-05-01,10.05,10.72,E-993
CHK-0000171,B-02,CMP-BG,QX-HHD-829,2026-05-01,9.50,10.35,E-993
CHK-0000172,B-02,CMP-BG,QX-BWS-838,2026-05-01,13.53,14.89,E-993
CHK-0000173,B-02,CMP-BG,QX-DRY-851,2026-05-01,1.93,2.03,E-993
CHK-0000174,B-02,CMP-BG,QX-DRY-870,2026-05-01,2.87,3.14,E-993
CHK-0000175,B-02,CMP-BG,QX-BWS-897,2026-05-01,17.40,18.73,E-993
CHK-0000176,B-02,CMP-BG,QX-PRO-922,2026-05-01,1.28,1.42,E-993
CHK-0000177,B-02,CMP-BG,QX-FRZ-928,2026-05-01,7.19,8.03,E-993
CHK-0000178,B-02,CMP-BG,QX-BAK-942,2026-05-01,2.37,2.58,E-993
CHK-0000179,B-02,CMP-BG,QX-PRO-944,2026-05-01,4.23,4.49,E-993
CHK-0000180,B-02,CMP-BG,QX-BWS-950,2026-05-01,20.51,21.87,E-993
CHK-0000181,B-02,CMP-BG,QX-HHD-957,2026-05-01,2.32,2.49,E-993
CHK-0000182,B-02,CMP-BG,QX-FRZ-983,2026-05-01,3.27,3.57,E-993
CHK-0000183,B-02,CMP-BG,QX-BWS-050,2026-05-01,12.07,12.81,E-993
CHK-0000184,B-02,CMP-BG,QX-CER-077,2026-05-01,2.97,3.31,E-993
CHK-0000185,B-02,CMP-BG,QX-HBC-107,2026-05-01,7.05,7.79,E-993
CHK-0000186,B-02,CMP-BG,QX-BWS-114,2026-05-01,7.00,7.63,E-993
CHK-0000187,B-02,CMP-BG,QX-HHD-119,2026-05-01,3.17,3.40,E-993
CHK-0000188,B-02,CMP-BG,QX-TIN-175,2026-05-01,1.34,1.42,E-993
CHK-0000189,B-02,CMP-BG,QX-DRK-176,2026-05-01,1.27,1.35,E-993
CHK-0000190,B-02,CMP-BG,QX-DRK-177,2026-05-01,5.77,6.37,E-993
CHK-0000191,B-02,CMP-BG,QX-HHD-182,2026-05-01,9.71,10.18,E-993
CHK-0000192,B-02,CMP-BG,QX-DRY-193,2026-05-01,4.53,5.04,E-993
CHK-0000193,B-02,CMP-BG,QX-HHD-231,2026-05-01,8.02,8.44,E-993
CHK-0000194,B-02,CMP-BG,QX-DRK-291,2026-05-01,1.59,1.71,E-993
CHK-0000195,B-02,CMP-BG,QX-HHD-295,2026-05-01,3.70,4.13,E-993
CHK-0000196,B-02,CMP-BG,QX-TIN-317,2026-05-01,1.17,1.27,E-993
CHK-0000197,B-02,CMP-BG,QX-HBC-331,2026-05-01,14.65,15.99,E-993
CHK-0000198,B-02,CMP-BG,QX-PRO-341,2026-05-01,3.01,3.37,E-993
CHK-0000199,B-02,CMP-BG,QX-TIN-353,2026-05-01,2.63,2.84,E-993
CHK-0000200,B-02,CMP-BG,QX-TIN-355,2026-05-01,1.34,1.50,E-993
CHK-0000201,B-02,CMP-BG,QX-CER-371,2026-05-01,4.49,4.73,E-993
CHK-0000202,B-02,CMP-BG,QX-HHD-377,2026-05-01,7.62,8.25,E-993
CHK-0000203,B-02,CMP-BG,QX-PRO-412,2026-05-01,3.04,3.41,E-993
CHK-0000204,B-02,CMP-BG,QX-CER-436,2026-05-01,1.68,1.76,E-993
CHK-0000205,B-17,CMP-QS,QX-CER-001,2026-05-02,3.52,2.85,E-824
CHK-0000206,B-17,CMP-QS,QX-TIN-045,2026-05-02,1.23,1.05,E-824
CHK-0000207,B-17,CMP-QS,QX-BWS-209,2026-05-02,33.05,26.68,E-824
CHK-0000208,B-17,CMP-QS,QX-FRZ-225,2026-05-02,8.27,6.90,E-824
CHK-0000209,B-17,CMP-QS,QX-CHL-230,2026-05-02,4.14,3.70,E-824
CHK-0000210,B-17,CMP-QS,QX-PET-232,2026-05-02,5.37,4.59,E-824
CHK-0000211,B-17,CMP-QS,QX-CER-248,2026-05-02,3.17,2.86,E-824
CHK-0000212,B-17,CMP-QS,QX-HHD-252,2026-05-02,2.55,2.18,E-824
CHK-0000213,B-17,CMP-QS,QX-BAK-297,2026-05-02,8.75,7.76,E-824
CHK-0000214,B-17,CMP-QS,QX-DRY-312,2026-05-02,2.25,2.00,E-824
CHK-0000215,B-17,CMP-QS,QX-BWS-324,2026-05-02,15.74,13.89,E-824
CHK-0000216,B-17,CMP-QS,QX-PET-333,2026-05-02,6.55,5.66,E-824
CHK-0000217,B-17,CMP-QS,QX-BAK-335,2026-05-02,4.60,3.85,E-824
CHK-0000218,B-17,CMP-QS,QX-DRY-339,2026-05-02,1.89,1.53,E-824
CHK-0000219,B-17,CMP-QS,QX-BWS-405,2026-05-02,32.10,28.84,E-824
CHK-0000220,B-17,CMP-QS,QX-CHL-424,2026-05-02,22.98,19.89,E-824
CHK-0000221,B-17,CMP-QS,QX-FRZ-442,2026-05-02,9.77,7.89,E-824
CHK-0000222,B-17,CMP-QS,QX-PET-467,2026-05-02,1.35,1.19,E-824
CHK-0000223,B-17,CMP-QS,QX-DRY-476,2026-05-02,6.00,5.27,E-824
CHK-0000224,B-17,CMP-QS,QX-HHD-511,2026-05-02,13.34,11.91,E-824
CHK-0000225,B-17,CMP-QS,QX-PET-515,2026-05-02,1.60,1.38,E-824
CHK-0000226,B-17,CMP-QS,QX-FRZ-598,2026-05-02,5.38,4.41,E-824
CHK-0000227,B-17,CMP-QS,QX-DRY-600,2026-05-02,3.13,2.71,E-824
CHK-0000228,B-17,CMP-QS,QX-BWS-614,2026-05-02,27.77,23.00,E-824
CHK-0000229,B-17,CMP-QS,QX-BAK-615,2026-05-02,2.44,2.12,E-824
CHK-0000230,B-17,CMP-QS,QX-PET-622,2026-05-02,9.67,8.09,E-824
CHK-0000231,B-17,CMP-QS,QX-PET-623,2026-05-02,11.13,9.72,E-824
CHK-0000232,B-17,CMP-QS,QX-BWS-626,2026-05-02,25.32,20.32,E-824
CHK-0000233,B-17,CMP-QS,QX-TIN-635,2026-05-02,1.09,0.90,E-824
CHK-0000234,B-17,CMP-QS,QX-DRY-642,2026-05-02,3.40,2.78,E-824
CHK-0000235,B-17,CMP-QS,QX-HBC-657,2026-05-02,12.00,9.99,E-824
CHK-0000236,B-17,CMP-QS,QX-PRO-660,2026-05-02,1.49,1.35,E-824
CHK-0000237,B-17,CMP-QS,QX-PRO-688,2026-05-02,4.10,3.35,E-824
CHK-0000238,B-17,CMP-QS,QX-DRK-690,2026-05-02,2.91,2.43,E-824
CHK-0000239,B-17,CMP-QS,QX-PET-693,2026-05-02,1.15,0.95,E-824
CHK-0000240,B-17,CMP-QS,QX-BAK-706,2026-05-02,3.86,3.12,E-824
CHK-0000241,B-17,CMP-QS,QX-FRZ-709,2026-05-02,1.95,1.73,E-824
CHK-0000242,B-17,CMP-QS,QX-PRO-742,2026-05-02,4.51,3.97,E-824
CHK-0000243,B-17,CMP-QS,QX-PRO-761,2026-05-02,2.42,2.01,E-824
CHK-0000244,B-17,CMP-QS,QX-DRY-767,2026-05-02,2.00,1.80,E-824
CHK-0000245,B-17,CMP-QS,QX-CHL-792,2026-05-02,5.22,4.63,E-824
CHK-0000246,B-17,CMP-QS,QX-TIN-826,2026-05-02,1.44,1.24,E-824
CHK-0000247,B-17,CMP-QS,QX-HHD-827,2026-05-02,5.14,4.50,E-824
CHK-0000248,B-17,CMP-QS,QX-BAK-851,2026-05-02,6.80,5.91,E-824
CHK-0000249,B-17,CMP-QS,QX-TIN-860,2026-05-02,1.92,1.59,E-824
CHK-0000250,B-17,CMP-QS,QX-DRY-866,2026-05-02,4.22,3.55,E-824
CHK-0000251,B-17,CMP-QS,QX-CHL-897,2026-05-02,5.15,4.62,E-824
CHK-0000252,B-17,CMP-QS,QX-DRY-913,2026-05-02,6.60,5.32,E-824
CHK-0000253,B-17,CMP-QS,QX-BAK-941,2026-05-02,1.52,1.31,E-824
CHK-0000254,B-17,CMP-QS,QX-BWS-962,2026-05-02,43.22,36.72,E-824
CHK-0000255,B-17,CMP-QS,QX-FRZ-984,2026-05-02,6.80,6.06,E-824
CHK-0000256,B-17,CMP-QS,QX-TIN-002,2026-05-02,1.16,0.95,E-824
CHK-0000257,B-17,CMP-QS,QX-PET-010,2026-05-02,13.22,10.71,E-824
CHK-0000258,B-17,CMP-QS,QX-DRK-020,2026-05-02,1.95,1.57,E-824
CHK-0000259,B-17,CMP-QS,QX-DRY-026,2026-05-02,1.34,1.14,E-824
CHK-0000260,B-17,CMP-QS,QX-PET-037,2026-05-02,6.76,5.53,E-824
CHK-0000261,B-17,CMP-QS,QX-DRY-056,2026-05-02,8.40,7.11,E-824
CHK-0000262,B-17,CMP-QS,QX-CER-103,2026-05-02,5.16,4.41,E-824
CHK-0000263,B-17,CMP-QS,QX-TIN-108,2026-05-02,2.75,2.26,E-824
CHK-0000264,B-17,CMP-QS,QX-PRO-131,2026-05-02,5.57,4.79,E-824
CHK-0000265,B-17,CMP-QS,QX-DRK-134,2026-05-02,5.40,4.62,E-824
CHK-0000266,B-17,CMP-QS,QX-TIN-138,2026-05-02,3.16,2.70,E-824
CHK-0000267,B-17,CMP-QS,QX-DRY-144,2026-05-02,4.97,4.40,E-824
CHK-0000268,B-17,CMP-QS,QX-BWS-164,2026-05-02,35.62,31.01,E-824
CHK-0000269,B-17,CMP-QS,QX-DRY-179,2026-05-02,3.10,2.63,E-824
CHK-0000270,B-17,CMP-QS,QX-BWS-280,2026-05-02,16.11,13.61,E-824
CHK-0000271,B-17,CMP-QS,QX-DRY-314,2026-05-02,2.93,2.58,E-824
CHK-0000272,B-17,CMP-QS,QX-BWS-316,2026-05-02,6.79,5.50,E-824
CHK-0000273,B-17,CMP-QS,QX-TIN-343,2026-05-02,2.10,1.79,E-824
CHK-0000274,B-17,CMP-QS,QX-DRK-362,2026-05-02,4.31,3.46,E-824
CHK-0000275,B-17,CMP-QS,QX-HBC-393,2026-05-02,16.01,13.42,E-824
CHK-0000276,B-17,CMP-QS,QX-DRK-453,2026-05-02,3.44,2.78,E-824
CHK-0000277,B-17,CMP-QS,QX-BWS-470,2026-05-02,27.65,22.18,E-824
CHK-0000278,B-17,CMP-QS,QX-CER-504,2026-05-02,1.92,1.64,E-824
CHK-0000279,B-17,CMP-QS,QX-HHD-515,2026-05-02,10.03,8.17,E-824
CHK-0000280,B-17,CMP-QS,QX-PRO-580,2026-05-02,5.48,4.94,E-824
CHK-0000281,B-17,CMP-QS,QX-BAK-613,2026-05-02,2.63,2.24,E-824
CHK-0000282,B-17,CMP-QS,QX-FRZ-622,2026-05-02,4.86,3.90,E-824
CHK-0000283,B-17,CMP-QS,QX-DRK-670,2026-05-02,7.47,6.35,E-824
CHK-0000284,B-17,CMP-QS,QX-FRZ-680,2026-05-02,6.78,5.47,E-824
CHK-0000285,B-17,CMP-QS,QX-HHD-682,2026-05-02,3.57,3.20,E-824
CHK-0000286,B-17,CMP-QS,QX-CHL-695,2026-05-02,7.66,6.82,E-824
CHK-0000287,B-17,CMP-QS,QX-BAK-715,2026-05-02,2.85,2.52,E-824
CHK-0000288,B-17,CMP-QS,QX-HHD-758,2026-05-02,14.52,11.82,E-824
CHK-0000289,B-17,CMP-QS,QX-HHD-762,2026-05-02,11.11,9.40,E-824
CHK-0000290,B-17,CMP-QS,QX-PET-807,2026-05-02,9.92,8.21,E-824
CHK-0000291,B-17,CMP-QS,QX-BWS-838,2026-05-02,16.17,13.06,E-824
CHK-0000292,B-17,CMP-QS,QX-CHL-883,2026-05-02,8.09,7.05,E-824
CHK-0000293,B-17,CMP-QS,QX-BWS-950,2026-05-02,21.45,19.18,E-824
CHK-0000294,B-17,CMP-QS,QX-HHD-969,2026-05-02,6.60,5.32,E-824
CHK-0000295,B-17,CMP-QS,QX-BWS-977,2026-05-02,30.16,25.63,E-824
CHK-0000296,B-17,CMP-QS,QX-FRZ-983,2026-05-02,3.85,3.13,E-824
CHK-0000297,B-17,CMP-QS,QX-BWS-050,2026-05-02,13.73,11.24,E-824
CHK-0000298,B-17,CMP-QS,QX-TIN-066,2026-05-02,2.43,2.12,E-824
CHK-0000299,B-17,CMP-QS,QX-CHL-091,2026-05-02,1.30,1.12,E-824
CHK-0000300,B-17,CMP-QS,QX-HHD-096,2026-05-02,7.15,6.25,E-824
CHK-0000301,B-17,CMP-QS,QX-HBC-107,2026-05-02,8.49,6.83,E-824
CHK-0000302,B-17,CMP-QS,QX-TIN-110,2026-05-02,0.78,0.70,E-824
CHK-0000303,B-17,CMP-QS,QX-BWS-114,2026-05-02,7.51,6.69,E-824
CHK-0000304,B-17,CMP-QS,QX-DRK-133,2026-05-02,5.01,4.09,E-824
CHK-0000305,B-17,CMP-QS,QX-TIN-175,2026-05-02,1.39,1.25,E-824
CHK-0000306,B-17,CMP-QS,QX-DRK-177,2026-05-02,6.73,5.59,E-824
CHK-0000307,B-17,CMP-QS,QX-BAK-184,2026-05-02,7.84,6.84,E-824
CHK-0000308,B-17,CMP-QS,QX-HHD-231,2026-05-02,8.18,7.40,E-824
CHK-0000309,B-17,CMP-QS,QX-BWS-271,2026-05-02,20.43,16.63,E-824
CHK-0000310,B-17,CMP-QS,QX-BWS-281,2026-05-02,19.07,15.66,E-824
CHK-0000311,B-17,CMP-QS,QX-DRK-291,2026-05-02,1.87,1.50,E-824
CHK-0000312,B-17,CMP-QS,QX-TIN-317,2026-05-02,1.36,1.11,E-824
CHK-0000313,B-17,CMP-QS,QX-HBC-329,2026-05-02,12.20,9.88,E-824
CHK-0000314,B-17,CMP-QS,QX-HBC-331,2026-05-02,17.16,14.03,E-824
CHK-0000315,B-17,CMP-QS,QX-BWS-350,2026-05-02,8.69,7.13,E-824
CHK-0000316,B-17,CMP-QS,QX-DRK-352,2026-05-02,6.12,5.33,E-824
CHK-0000317,B-17,CMP-QS,QX-TIN-353,2026-05-02,2.94,2.49,E-824
CHK-0000318,B-17,CMP-QS,QX-TIN-355,2026-05-02,1.64,1.32,E-824
CHK-0000319,B-17,CMP-QS,QX-PRO-373,2026-05-02,5.45,4.46,E-824
CHK-0000320,B-17,CMP-QS,QX-CHL-389,2026-05-02,7.09,6.08,E-824
CHK-0000321,B-17,CMP-QS,QX-PRO-412,2026-05-02,3.40,2.99,E-824
CHK-0000322,B-17,CMP-QS,QX-CER-436,2026-05-02,1.73,1.54,E-824
CHK-0000323,B-09,CMP-BG,QX-CER-001,2026-05-02,2.65,2.96,E-964
CHK-0000324,B-09,CMP-BG,QX-BWS-209,2026-05-02,26.24,27.75,E-964
CHK-0000325,B-09,CMP-BG,QX-PRO-213,2026-05-02,5.05,5.31,E-964
CHK-0000326,B-09,CMP-BG,QX-CHL-230,2026-05-02,3.48,3.85,E-964
CHK-0000327,B-09,CMP-BG,QX-PET-232,2026-05-02,4.31,4.77,E-964
CHK-0000328,B-09,CMP-BG,QX-CER-248,2026-05-02,2.85,2.97,E-964
CHK-0000329,B-09,CMP-BG,QX-FRZ-259,2026-05-02,5.74,6.27,E-964
CHK-0000330,B-09,CMP-BG,QX-DRY-312,2026-05-02,1.99,2.08,E-964
CHK-0000331,B-09,CMP-BG,QX-BWS-324,2026-05-02,13.59,14.45,E-964
CHK-0000332,B-09,CMP-BG,QX-DRY-339,2026-05-02,1.45,1.59,E-964
CHK-0000333,B-09,CMP-BG,QX-TIN-347,2026-05-02,2.34,2.52,E-964
CHK-0000334,B-09,CMP-BG,QX-DRY-351,2026-05-02,3.38,3.68,E-964
CHK-0000335,B-09,CMP-BG,QX-BAK-386,2026-05-02,4.02,4.24,E-964
CHK-0000336,B-09,CMP-BG,QX-FRZ-410,2026-05-02,3.71,3.87,E-964
CHK-0000337,B-09,CMP-BG,QX-HBC-438,2026-05-02,11.82,12.65,E-964
CHK-0000338,B-09,CMP-BG,QX-CER-444,2026-05-02,1.68,1.82,E-964
CHK-0000339,B-09,CMP-BG,QX-PRO-487,2026-05-02,3.98,4.28,E-964
CHK-0000340,B-09,CMP-BG,QX-DRY-491,2026-05-02,2.67,2.86,E-964
CHK-0000341,B-09,CMP-BG,QX-BWS-614,2026-05-02,22.80,23.92,E-964
CHK-0000342,B-09,CMP-BG,QX-PET-622,2026-05-02,7.75,8.41,E-964
CHK-0000343,B-09,CMP-BG,QX-PET-623,2026-05-02,9.55,10.11,E-964
CHK-0000344,B-09,CMP-BG,QX-TIN-635,2026-05-02,0.86,0.95,E-964
CHK-0000345,B-09,CMP-BG,QX-BWS-639,2026-05-02,4.76,5.25,E-964
CHK-0000346,B-09,CMP-BG,QX-HBC-657,2026-05-02,9.84,10.39,E-964
CHK-0000347,B-09,CMP-BG,QX-PRO-660,2026-05-02,1.33,1.40,E-964
CHK-0000348,B-09,CMP-BG,QX-DRK-690,2026-05-02,2.27,2.53,E-964
CHK-0000349,B-09,CMP-BG,QX-PET-693,2026-05-02,0.88,0.95,E-964
CHK-0000350,B-09,CMP-BG,QX-BAK-706,2026-05-02,3.05,3.24,E-964
CHK-0000351,B-09,CMP-BG,QX-TIN-826,2026-05-02,1.17,1.29,E-964
CHK-0000352,B-09,CMP-BG,QX-HHD-827,2026-05-02,4.22,4.68,E-964
CHK-0000353,B-09,CMP-BG,QX-BWS-839,2026-05-02,10.12,11.04,E-964
CHK-0000354,B-09,CMP-BG,QX-BAK-851,2026-05-02,5.84,6.15,E-964
CHK-0000355,B-09,CMP-BG,QX-DRY-866,2026-05-02,3.40,3.69,E-964
CHK-0000356,B-09,CMP-BG,QX-FRZ-907,2026-05-02,6.55,7.28,E-964
CHK-0000357,B-09,CMP-BG,QX-BWS-962,2026-05-02,35.02,38.19,E-964
CHK-0000358,B-09,CMP-BG,QX-FRZ-984,2026-05-02,5.69,6.30,E-964
CHK-0000359,B-09,CMP-BG,QX-DRK-000,2026-05-02,5.11,5.35,E-964
CHK-0000360,B-09,CMP-BG,QX-TIN-002,2026-05-02,0.95,1.00,E-964
CHK-0000361,B-09,CMP-BG,QX-PET-010,2026-05-02,10.23,11.14,E-964
CHK-0000362,B-09,CMP-BG,QX-DRK-020,2026-05-02,1.53,1.63,E-964
CHK-0000363,B-09,CMP-BG,QX-PET-037,2026-05-02,5.44,5.75,E-964
CHK-0000364,B-09,CMP-BG,QX-DRY-056,2026-05-02,6.78,7.39,E-964
CHK-0000365,B-09,CMP-BG,QX-CER-103,2026-05-02,4.36,4.59,E-964
CHK-0000366,B-09,CMP-BG,QX-PRO-131,2026-05-02,4.76,4.98,E-964
CHK-0000367,B-09,CMP-BG,QX-DRK-134,2026-05-02,4.46,4.80,E-964
CHK-0000368,B-09,CMP-BG,QX-TIN-138,2026-05-02,2.53,2.81,E-964
CHK-0000369,B-09,CMP-BG,QX-DRY-144,2026-05-02,4.16,4.58,E-964
CHK-0000370,B-09,CMP-BG,QX-BWS-164,2026-05-02,28.80,32.25,E-964
CHK-0000371,B-09,CMP-BG,QX-DRY-179,2026-05-02,2.54,2.74,E-964
CHK-0000372,B-09,CMP-BG,QX-PRO-205,2026-05-02,3.01,3.27,E-964
CHK-0000373,B-09,CMP-BG,QX-PET-271,2026-05-02,3.62,3.88,E-964
CHK-0000374,B-09,CMP-BG,QX-BWS-280,2026-05-02,13.09,14.15,E-964
CHK-0000375,B-09,CMP-BG,QX-TIN-285,2026-05-02,0.77,0.85,E-964
CHK-0000376,B-09,CMP-BG,QX-HBC-324,2026-05-02,4.18,4.67,E-964
CHK-0000377,B-09,CMP-BG,QX-HBC-325,2026-05-02,2.89,3.03,E-964
CHK-0000378,B-09,CMP-BG,QX-CHL-334,2026-05-02,17.36,18.43,E-964
CHK-0000379,B-09,CMP-BG,QX-DRK-362,2026-05-02,3.36,3.60,E-964
CHK-0000380,B-09,CMP-BG,QX-DRK-378,2026-05-02,1.88,2.00,E-964
CHK-0000381,B-09,CMP-BG,QX-HBC-393,2026-05-02,13.09,13.96,E-964
CHK-0000382,B-09,CMP-BG,QX-FRZ-495,2026-05-02,2.31,2.59,E-964
CHK-0000383,B-09,CMP-BG,QX-PRO-540,2026-05-02,3.49,3.78,E-964
CHK-0000384,B-09,CMP-BG,QX-PRO-580,2026-05-02,4.86,5.14,E-964
CHK-0000385,B-09,CMP-BG,QX-BAK-613,2026-05-02,2.17,2.33,E-964
CHK-0000386,B-09,CMP-BG,QX-FRZ-622,2026-05-02,3.87,4.06,E-964
CHK-0000387,B-09,CMP-BG,QX-BAK-629,2026-05-02,2.49,2.75,E-964
CHK-0000388,B-09,CMP-BG,QX-HHD-660,2026-05-02,1.78,1.98,E-964
CHK-0000389,B-09,CMP-BG,QX-DRK-670,2026-05-02,5.95,6.60,E-964
CHK-0000390,B-09,CMP-BG,QX-TIN-677,2026-05-02,0.76,0.85,E-964
CHK-0000391,B-09,CMP-BG,QX-BWS-684,2026-05-02,25.62,26.93,E-964
CHK-0000392,B-09,CMP-BG,QX-TIN-710,2026-05-02,1.61,1.75,E-964
CHK-0000393,B-09,CMP-BG,QX-BAK-715,2026-05-02,2.40,2.62,E-964
CHK-0000394,B-09,CMP-BG,QX-PRO-718,2026-05-02,4.53,4.74,E-964
CHK-0000395,B-09,CMP-BG,QX-HHD-758,2026-05-02,11.32,12.29,E-964
CHK-0000396,B-09,CMP-BG,QX-HHD-762,2026-05-02,9.23,9.78,E-964
CHK-0000397,B-09,CMP-BG,QX-PET-807,2026-05-02,8.08,8.54,E-964
CHK-0000398,B-09,CMP-BG,QX-HHD-829,2026-05-02,8.43,9.44,E-964
CHK-0000399,B-09,CMP-BG,QX-BWS-838,2026-05-02,12.86,13.58,E-964
CHK-0000400,B-09,CMP-BG,QX-DRY-851,2026-05-02,1.68,1.85,E-964
CHK-0000401,B-09,CMP-BG,QX-CHL-883,2026-05-02,6.60,7.33,E-964
CHK-0000402,B-09,CMP-BG,QX-FRZ-890,2026-05-02,5.20,5.69,E-964
CHK-0000403,B-09,CMP-BG,QX-PRO-922,2026-05-02,1.23,1.30,E-964
CHK-0000404,B-09,CMP-BG,QX-HHD-957,2026-05-02,2.06,2.27,E-964
CHK-0000405,B-09,CMP-BG,QX-HHD-969,2026-05-02,4.94,5.53,E-964
CHK-0000406,B-09,CMP-BG,QX-BWS-977,2026-05-02,24.48,26.66,E-964
CHK-0000407,B-09,CMP-BG,QX-FRZ-983,2026-05-02,3.04,3.26,E-964
CHK-0000408,B-09,CMP-BG,QX-BWS-050,2026-05-02,10.60,11.69,E-964
CHK-0000409,B-09,CMP-BG,QX-TIN-066,2026-05-02,1.99,2.20,E-964
CHK-0000410,B-09,CMP-BG,QX-DRY-075,2026-05-02,7.03,7.42,E-964
CHK-0000411,B-09,CMP-BG,QX-CER-077,2026-05-02,2.80,3.02,E-964
CHK-0000412,B-09,CMP-BG,QX-CHL-091,2026-05-02,1.11,1.16,E-964
CHK-0000413,B-09,CMP-BG,QX-HHD-096,2026-05-02,6.03,6.50,E-964
CHK-0000414,B-09,CMP-BG,QX-BWS-114,2026-05-02,6.49,6.96,E-964
CHK-0000415,B-09,CMP-BG,QX-HHD-119,2026-05-02,2.86,3.10,E-964
CHK-0000416,B-09,CMP-BG,QX-BWS-151,2026-05-02,18.24,19.14,E-964
CHK-0000417,B-09,CMP-BG,QX-HHD-168,2026-05-02,2.54,2.66,E-964
CHK-0000418,B-09,CMP-BG,QX-PRO-171,2026-05-02,3.65,4.04,E-964
CHK-0000419,B-09,CMP-BG,QX-TIN-175,2026-05-02,1.23,1.30,E-964
CHK-0000420,B-09,CMP-BG,QX-HHD-182,2026-05-02,8.43,9.29,E-964
CHK-0000421,B-09,CMP-BG,QX-DRY-193,2026-05-02,4.29,4.60,E-964
CHK-0000422,B-09,CMP-BG,QX-HHD-231,2026-05-02,7.26,7.70,E-964
CHK-0000423,B-09,CMP-BG,QX-CER-264,2026-05-02,3.82,4.09,E-964
CHK-0000424,B-09,CMP-BG,QX-BWS-271,2026-05-02,16.55,17.30,E-964
CHK-0000425,B-09,CMP-BG,QX-DRK-291,2026-05-02,1.50,1.56,E-964
CHK-0000426,B-09,CMP-BG,QX-HHD-295,2026-05-02,3.36,3.76,E-964
CHK-0000427,B-09,CMP-BG,QX-HBC-307,2026-05-02,10.09,10.54,E-964
CHK-0000428,B-09,CMP-BG,QX-TIN-317,2026-05-02,1.03,1.15,E-964
CHK-0000429,B-09,CMP-BG,QX-HBC-331,2026-05-02,13.68,14.59,E-964
CHK-0000430,B-09,CMP-BG,QX-BWS-350,2026-05-02,6.88,7.42,E-964
CHK-0000431,B-09,CMP-BG,QX-DRK-352,2026-05-02,5.14,5.54,E-964
CHK-0000432,B-09,CMP-BG,QX-TIN-355,2026-05-02,1.25,1.37,E-964
CHK-0000433,B-09,CMP-BG,QX-PRO-373,2026-05-02,4.41,4.64,E-964
CHK-0000434,B-09,CMP-BG,QX-HHD-377,2026-05-02,6.72,7.53,E-964
CHK-0000435,B-09,CMP-BG,QX-CHL-389,2026-05-02,6.04,6.32,E-964
CHK-0000436,B-09,CMP-BG,QX-BAK-411,2026-05-02,3.67,4.09,E-964
CHK-0000437,B-09,CMP-BG,QX-CER-423,2026-05-02,4.15,4.35,E-964
CHK-0000438,B-09,CMP-BG,QX-BWS-424,2026-05-02,10.75,11.89,E-964
CHK-0000439,B-04,CMP-VN,QX-BWS-204,2026-05-02,42.98,37.23,E-973
CHK-0000440,B-04,CMP-VN,QX-CHL-230,2026-05-02,4.54,4.03,E-973
CHK-0000441,B-04,CMP-VN,QX-CHL-231,2026-05-02,10.50,8.79,E-973
CHK-0000442,B-04,CMP-VN,QX-PET-232,2026-05-02,5.91,5.00,E-973
CHK-0000443,B-04,CMP-VN,QX-FRZ-259,2026-05-02,7.18,6.57,E-973
CHK-0000444,B-04,CMP-VN,QX-DRY-312,2026-05-02,2.54,2.18,E-973
CHK-0000445,B-04,CMP-VN,QX-BAK-335,2026-05-02,4.83,4.20,E-973
CHK-0000446,B-04,CMP-VN,QX-DRY-339,2026-05-02,1.92,1.67,E-973
CHK-0000447,B-04,CMP-VN,QX-TIN-347,2026-05-02,2.94,2.64,E-973
CHK-0000448,B-04,CMP-VN,QX-DRY-351,2026-05-02,4.63,3.86,E-973
CHK-0000449,B-04,CMP-VN,QX-BAK-386,2026-05-02,5.17,4.45,E-973
CHK-0000450,B-04,CMP-VN,QX-BWS-405,2026-05-02,37.71,31.44,E-973
CHK-0000451,B-04,CMP-VN,QX-CHL-424,2026-05-02,23.51,21.68,E-973
CHK-0000452,B-04,CMP-VN,QX-HBC-438,2026-05-02,14.59,13.25,E-973
CHK-0000453,B-04,CMP-VN,QX-PET-467,2026-05-02,1.54,1.30,E-973
CHK-0000454,B-04,CMP-VN,QX-PRO-487,2026-05-02,5.07,4.49,E-973
CHK-0000455,B-04,CMP-VN,QX-BWS-557,2026-05-02,22.59,18.97,E-973
CHK-0000456,B-04,CMP-VN,QX-DRY-600,2026-05-02,3.45,2.95,E-973
CHK-0000457,B-04,CMP-VN,QX-PET-623,2026-05-02,12.54,10.59,E-973
CHK-0000458,B-04,CMP-VN,QX-BWS-626,2026-05-02,25.09,22.15,E-973
CHK-0000459,B-04,CMP-VN,QX-TIN-635,2026-05-02,1.06,0.95,E-973
CHK-0000460,B-04,CMP-VN,QX-DRY-642,2026-05-02,3.35,3.03,E-973
CHK-0000461,B-04,CMP-VN,QX-HBC-657,2026-05-02,12.66,10.89,E-973
CHK-0000462,B-04,CMP-VN,QX-PRO-660,2026-05-02,1.61,1.47,E-973
CHK-0000463,B-04,CMP-VN,QX-DRK-690,2026-05-02,2.96,2.65,E-973
CHK-0000464,B-04,CMP-VN,QX-BAK-706,2026-05-02,3.94,3.40,E-973
CHK-0000465,B-04,CMP-VN,QX-FRZ-709,2026-05-02,2.23,1.89,E-973
CHK-0000466,B-04,CMP-VN,QX-CER-741,2026-05-02,3.55,3.29,E-973
CHK-0000467,B-04,CMP-VN,QX-PRO-742,2026-05-02,5.09,4.33,E-973
CHK-0000468,B-04,CMP-VN,QX-PRO-761,2026-05-02,2.44,2.19,E-973
CHK-0000469,B-04,CMP-VN,QX-DRY-767,2026-05-02,2.26,1.96,E-973
CHK-0000470,B-04,CMP-VN,QX-HBC-779,2026-05-02,7.27,6.68,E-973
CHK-0000471,B-04,CMP-VN,QX-TIN-826,2026-05-02,1.50,1.35,E-973
CHK-0000472,B-04,CMP-VN,QX-BWS-839,2026-05-02,13.58,11.58,E-973
CHK-0000473,B-04,CMP-VN,QX-TIN-860,2026-05-02,1.95,1.73,E-973
CHK-0000474,B-04,CMP-VN,QX-FRZ-907,2026-05-02,8.51,7.63,E-973
CHK-0000475,B-04,CMP-VN,QX-DRY-913,2026-05-02,6.59,5.80,E-973
CHK-0000476,B-04,CMP-VN,QX-BAK-941,2026-05-02,1.67,1.43,E-973
CHK-0000477,B-04,CMP-VN,QX-BWS-962,2026-05-02,44.36,40.02,E-973
CHK-0000478,B-04,CMP-VN,QX-FRZ-984,2026-05-02,7.87,6.61,E-973
CHK-0000479,B-04,CMP-VN,QX-DRK-000,2026-05-02,6.44,5.60,E-973
CHK-0000480,B-04,CMP-VN,QX-TIN-002,2026-05-02,1.22,1.05,E-973
CHK-0000481,B-04,CMP-VN,QX-PET-010,2026-05-02,13.27,11.67,E-973
CHK-0000482,B-04,CMP-VN,QX-DRK-020,2026-05-02,2.04,1.71,E-973
CHK-0000483,B-04,CMP-VN,QX-DRY-026,2026-05-02,1.46,1.24,E-973
CHK-0000484,B-04,CMP-VN,QX-DRY-056,2026-05-02,8.84,7.75,E-973
CHK-0000485,B-04,CMP-VN,QX-HBC-106,2026-05-02,12.69,11.42,E-973
CHK-0000486,B-04,CMP-VN,QX-TIN-108,2026-05-02,2.78,2.46,E-973
CHK-0000487,B-04,CMP-VN,QX-PRO-131,2026-05-02,6.04,5.22,E-973
CHK-0000488,B-04,CMP-VN,QX-TIN-138,2026-05-02,3.34,2.94,E-973
CHK-0000489,B-04,CMP-VN,QX-DRY-144,2026-05-02,5.49,4.80,E-973
CHK-0000490,B-04,CMP-VN,QX-DRY-179,2026-05-02,3.44,2.87,E-973
CHK-0000491,B-04,CMP-VN,QX-PRO-205,2026-05-02,4.07,3.42,E-973
CHK-0000492,B-04,CMP-VN,QX-BWS-280,2026-05-02,17.39,14.83,E-973
CHK-0000493,B-04,CMP-VN,QX-TIN-285,2026-05-02,0.98,0.90,E-973
CHK-0000494,B-04,CMP-VN,QX-BWS-316,2026-05-02,6.50,6.00,E-973
CHK-0000495,B-04,CMP-VN,QX-HBC-325,2026-05-02,3.59,3.17,E-973
CHK-0000496,B-04,CMP-VN,QX-TIN-343,2026-05-02,2.32,1.95,E-973
CHK-0000497,B-04,CMP-VN,QX-TIN-383,2026-05-02,2.61,2.41,E-973
CHK-0000498,B-04,CMP-VN,QX-FRZ-385,2026-05-02,2.71,2.44,E-973
CHK-0000499,B-04,CMP-VN,QX-HBC-393,2026-05-02,17.12,14.63,E-973
CHK-0000500,B-04,CMP-VN,QX-HHD-411,2026-05-02,7.31,6.59,E-973
CHK-0000501,B-04,CMP-VN,QX-DRK-453,2026-05-02,3.56,3.03,E-973
CHK-0000502,B-04,CMP-VN,QX-BWS-470,2026-05-02,26.80,24.18,E-973
CHK-0000503,B-04,CMP-VN,QX-FRZ-495,2026-05-02,3.15,2.71,E-973
CHK-0000504,B-04,CMP-VN,QX-CER-529,2026-05-02,2.66,2.45,E-973
CHK-0000505,B-04,CMP-VN,QX-PRO-580,2026-05-02,5.85,5.38,E-973
CHK-0000506,B-04,CMP-VN,QX-BAK-629,2026-05-02,3.32,2.88,E-973
CHK-0000507,B-04,CMP-VN,QX-HHD-660,2026-05-02,2.45,2.07,E-973
CHK-0000508,B-04,CMP-VN,QX-FRZ-680,2026-05-02,6.64,5.96,E-973
CHK-0000509,B-04,CMP-VN,QX-HHD-682,2026-05-02,4.08,3.49,E-973
CHK-0000510,B-04,CMP-VN,QX-BWS-684,2026-05-02,32.85,28.22,E-973
CHK-0000511,B-04,CMP-VN,QX-CHL-695,2026-05-02,8.58,7.43,E-973
CHK-0000512,B-04,CMP-VN,QX-CHL-734,2026-05-02,24.81,22.09,E-973
CHK-0000513,B-04,CMP-VN,QX-HHD-758,2026-05-02,14.40,12.88,E-973
CHK-0000514,B-04,CMP-VN,QX-PET-789,2026-05-02,5.16,4.38,E-973
CHK-0000515,B-04,CMP-VN,QX-TIN-819,2026-05-02,1.73,1.50,E-973
CHK-0000516,B-04,CMP-VN,QX-TIN-867,2026-05-02,0.70,0.60,E-973
CHK-0000517,B-04,CMP-VN,QX-BWS-897,2026-05-02,20.43,17.91,E-973
CHK-0000518,B-04,CMP-VN,QX-PRO-922,2026-05-02,1.48,1.36,E-973
CHK-0000519,B-04,CMP-VN,QX-FRZ-928,2026-05-02,8.68,7.67,E-973
CHK-0000520,B-04,CMP-VN,QX-BAK-942,2026-05-02,2.80,2.46,E-973
CHK-0000521,B-04,CMP-VN,QX-BWS-950,2026-05-02,24.75,20.91,E-973
CHK-0000522,B-04,CMP-VN,QX-HHD-969,2026-05-02,6.50,5.80,E-973
CHK-0000523,B-04,CMP-VN,QX-DRY-075,2026-05-02,9.13,7.77,E-973
CHK-0000524,B-04,CMP-VN,QX-CER-077,2026-05-02,3.43,3.16,E-973
CHK-0000525,B-04,CMP-VN,QX-CHL-091,2026-05-02,1.46,1.22,E-973
CHK-0000526,B-04,CMP-VN,QX-HBC-107,2026-05-02,8.25,7.44,E-973
CHK-0000527,B-04,CMP-VN,QX-HHD-119,2026-05-02,3.90,3.25,E-973
CHK-0000528,B-04,CMP-VN,QX-DRK-133,2026-05-02,4.88,4.46,E-973
CHK-0000529,B-04,CMP-VN,QX-CHL-136,2026-05-02,4.87,4.35,E-973
CHK-0000530,B-04,CMP-VN,QX-HHD-168,2026-05-02,3.17,2.79,E-973
CHK-0000531,B-04,CMP-VN,QX-TIN-175,2026-05-02,1.62,1.36,E-973
CHK-0000532,B-04,CMP-VN,QX-DRK-177,2026-05-02,6.96,6.09,E-973
CHK-0000533,B-04,CMP-VN,QX-HHD-182,2026-05-02,10.85,9.73,E-973
CHK-0000534,B-04,CMP-VN,QX-DRY-193,2026-05-02,5.61,4.82,E-973
CHK-0000535,B-04,CMP-VN,QX-DRY-199,2026-05-02,6.47,5.97,E-973
CHK-0000536,B-04,CMP-VN,QX-HHD-231,2026-05-02,9.61,8.07,E-973
CHK-0000537,B-04,CMP-VN,QX-BWS-271,2026-05-02,21.05,18.13,E-973
CHK-0000538,B-04,CMP-VN,QX-DRK-291,2026-05-02,1.89,1.64,E-973
CHK-0000539,B-04,CMP-VN,QX-HHD-295,2026-05-02,4.44,3.95,E-973
CHK-0000540,B-04,CMP-VN,QX-TIN-317,2026-05-02,1.37,1.21,E-973
CHK-0000541,B-04,CMP-VN,QX-HBC-329,2026-05-02,12.53,10.77,E-973
CHK-0000542,B-04,CMP-VN,QX-PRO-341,2026-05-02,3.60,3.23,E-973
CHK-0000543,B-04,CMP-VN,QX-BWS-350,2026-05-02,8.71,7.77,E-973
CHK-0000544,B-04,CMP-VN,QX-DRK-352,2026-05-02,6.60,5.81,E-973
CHK-0000545,B-04,CMP-VN,QX-TIN-353,2026-05-02,3.19,2.71,E-973
CHK-0000546,B-04,CMP-VN,QX-CER-371,2026-05-02,5.32,4.52,E-973
CHK-0000547,B-04,CMP-VN,QX-HHD-377,2026-05-02,9.44,7.89,E-973
CHK-0000548,B-04,CMP-VN,QX-BAK-411,2026-05-02,4.96,4.28,E-973
CHK-0000549,B-04,CMP-VN,QX-PRO-412,2026-05-02,3.53,3.26,E-973
CHK-0000550,B-04,CMP-VN,QX-CER-423,2026-05-02,5.14,4.56,E-973
CHK-0000551,B-04,CMP-VN,QX-CER-436,2026-05-02,1.82,1.68,E-973
CHK-0000552,B-04,CMP-BG,QX-TIN-203,2026-05-03,2.01,2.26,E-983
CHK-0000553,B-04,CMP-BG,QX-BWS-209,2026-05-03,26.55,29.08,E-983
CHK-0000554,B-04,CMP-BG,QX-PRO-213,2026-05-03,5.11,5.57,E-983
CHK-0000555,B-04,CMP-BG,QX-PRO-218,2026-05-03,2.38,2.62,E-983
CHK-0000556,B-04,CMP-BG,QX-FRZ-225,2026-05-03,6.93,7.52,E-983
CHK-0000557,B-04,CMP-BG,QX-PET-232,2026-05-03,4.70,5.00,E-983
CHK-0000558,B-04,CMP-BG,QX-HHD-252,2026-05-03,2.28,2.38,E-983
CHK-0000559,B-04,CMP-BG,QX-FRZ-259,2026-05-03,6.10,6.57,E-983
CHK-0000560,B-04,CMP-BG,QX-FRZ-306,2026-05-03,4.54,4.75,E-983
CHK-0000561,B-04,CMP-BG,QX-DRY-312,2026-05-03,2.03,2.18,E-983
CHK-0000562,B-04,CMP-BG,QX-PET-333,2026-05-03,5.75,6.17,E-983
CHK-0000563,B-04,CMP-BG,QX-DRY-339,2026-05-03,1.58,1.67,E-983
CHK-0000564,B-04,CMP-BG,QX-DRY-351,2026-05-03,3.53,3.86,E-983
CHK-0000565,B-04,CMP-BG,QX-BAK-386,2026-05-03,3.98,4.45,E-983
CHK-0000566,B-04,CMP-BG,QX-BWS-405,2026-05-03,28.23,31.44,E-983
CHK-0000567,B-04,CMP-BG,QX-FRZ-410,2026-05-03,3.63,4.05,E-983
CHK-0000568,B-04,CMP-BG,QX-CHL-424,2026-05-03,20.72,21.68,E-983
CHK-0000569,B-04,CMP-BG,QX-FRZ-442,2026-05-03,7.79,8.60,E-983
CHK-0000570,B-04,CMP-BG,QX-CER-444,2026-05-03,1.78,1.91,E-983
CHK-0000571,B-04,CMP-BG,QX-PET-467,2026-05-03,1.24,1.30,E-983
CHK-0000572,B-04,CMP-BG,QX-DRY-476,2026-05-03,5.21,5.74,E-983
CHK-0000573,B-04,CMP-BG,QX-DRY-491,2026-05-03,2.71,3.00,E-983
CHK-0000574,B-04,CMP-BG,QX-HHD-511,2026-05-03,12.25,12.98,E-983
CHK-0000575,B-04,CMP-BG,QX-PET-515,2026-05-03,1.41,1.50,E-983
CHK-0000576,B-04,CMP-BG,QX-BWS-543,2026-05-03,11.88,12.64,E-983
CHK-0000577,B-04,CMP-BG,QX-BWS-557,2026-05-03,17.85,18.97,E-983
CHK-0000578,B-04,CMP-BG,QX-BWS-614,2026-05-03,22.38,25.07,E-983
CHK-0000579,B-04,CMP-BG,QX-BAK-615,2026-05-03,2.07,2.31,E-983
CHK-0000580,B-04,CMP-BG,QX-PET-622,2026-05-03,8.19,8.82,E-983
CHK-0000581,B-04,CMP-BG,QX-PET-623,2026-05-03,9.84,10.59,E-983
CHK-0000582,B-04,CMP-BG,QX-BWS-626,2026-05-03,21.25,22.15,E-983
CHK-0000583,B-04,CMP-BG,QX-TIN-635,2026-05-03,0.85,0.95,E-983
CHK-0000584,B-04,CMP-BG,QX-DRY-636,2026-05-03,3.69,4.12,E-983
CHK-0000585,B-04,CMP-BG,QX-HBC-657,2026-05-03,10.11,10.89,E-983
CHK-0000586,B-04,CMP-BG,QX-DRK-690,2026-05-03,2.39,2.65,E-983
CHK-0000587,B-04,CMP-BG,QX-PET-693,2026-05-03,0.92,1.01,E-983
CHK-0000588,B-04,CMP-BG,QX-FRZ-709,2026-05-03,1.77,1.89,E-983
CHK-0000589,B-04,CMP-BG,QX-DRY-725,2026-05-03,6.86,7.23,E-983
CHK-0000590,B-04,CMP-BG,QX-PRO-742,2026-05-03,4.09,4.33,E-983
CHK-0000591,B-04,CMP-BG,QX-PRO-761,2026-05-03,1.99,2.19,E-983
CHK-0000592,B-04,CMP-BG,QX-DRY-767,2026-05-03,1.79,1.96,E-983
CHK-0000593,B-04,CMP-BG,QX-CHL-792,2026-05-03,4.67,5.05,E-983
CHK-0000594,B-04,CMP-BG,QX-HHD-827,2026-05-03,4.59,4.91,E-983
CHK-0000595,B-04,CMP-BG,QX-BWS-839,2026-05-03,10.47,11.58,E-983
CHK-0000596,B-04,CMP-BG,QX-BAK-851,2026-05-03,6.02,6.44,E-983
CHK-0000597,B-04,CMP-BG,QX-DRY-866,2026-05-03,3.64,3.87,E-983
CHK-0000598,B-04,CMP-BG,QX-PRO-876,2026-05-03,1.07,1.14,E-983
CHK-0000599,B-04,CMP-BG,QX-DRY-913,2026-05-03,5.55,5.80,E-983
CHK-0000600,B-04,CMP-BG,QX-BAK-941,2026-05-03,1.36,1.43,E-983
CHK-0000601,B-04,CMP-BG,QX-BWS-962,2026-05-03,35.80,40.02,E-983
CHK-0000602,B-04,CMP-BG,QX-DRK-000,2026-05-03,5.22,5.60,E-983
CHK-0000603,B-04,CMP-BG,QX-DRK-020,2026-05-03,1.58,1.71,E-983
CHK-0000604,B-04,CMP-BG,QX-DRK-028,2026-05-03,4.59,4.86,E-983
CHK-0000605,B-04,CMP-BG,QX-PET-037,2026-05-03,5.71,6.03,E-983
CHK-0000606,B-04,CMP-BG,QX-DRY-056,2026-05-03,7.11,7.75,E-983
CHK-0000607,B-04,CMP-BG,QX-CER-103,2026-05-03,4.55,4.81,E-983
CHK-0000608,B-04,CMP-BG,QX-TIN-108,2026-05-03,2.31,2.46,E-983
CHK-0000609,B-04,CMP-BG,QX-TIN-138,2026-05-03,2.72,2.94,E-983
CHK-0000610,B-04,CMP-BG,QX-PRO-205,2026-05-03,3.25,3.42,E-983
CHK-0000611,B-04,CMP-BG,QX-PET-271,2026-05-03,3.74,4.07,E-983
CHK-0000612,B-04,CMP-BG,QX-BWS-280,2026-05-03,13.90,14.83,E-983
CHK-0000613,B-04,CMP-BG,QX-TIN-285,2026-05-03,0.80,0.90,E-983
CHK-0000614,B-04,CMP-BG,QX-HBC-324,2026-05-03,4.38,4.89,E-983
CHK-0000615,B-04,CMP-BG,QX-CHL-334,2026-05-03,18.11,19.31,E-983
CHK-0000616,B-04,CMP-BG,QX-DRK-362,2026-05-03,3.48,3.77,E-983
CHK-0000617,B-04,CMP-BG,QX-DRK-378,2026-05-03,1.90,2.09,E-983
CHK-0000618,B-04,CMP-BG,QX-HBC-393,2026-05-03,13.63,14.63,E-983
CHK-0000619,B-04,CMP-BG,QX-HHD-411,2026-05-03,6.02,6.59,E-983
CHK-0000620,B-04,CMP-BG,QX-BWS-470,2026-05-03,22.80,24.18,E-983
CHK-0000621,B-04,CMP-BG,QX-FRZ-495,2026-05-03,2.49,2.71,E-983
CHK-0000622,B-04,CMP-BG,QX-CER-504,2026-05-03,1.69,1.79,E-983
CHK-0000623,B-04,CMP-BG,QX-HHD-515,2026-05-03,8.47,8.91,E-983
CHK-0000624,B-04,CMP-BG,QX-CER-589,2026-05-03,1.35,1.52,E-983
CHK-0000625,B-04,CMP-BG,QX-BAK-613,2026-05-03,2.29,2.44,E-983
CHK-0000626,B-04,CMP-BG,QX-FRZ-622,2026-05-03,4.06,4.25,E-983
CHK-0000627,B-04,CMP-BG,QX-DRK-670,2026-05-03,6.31,6.92,E-983
CHK-0000628,B-04,CMP-BG,QX-CHL-707,2026-05-03,1.49,1.60,E-983
CHK-0000629,B-04,CMP-BG,QX-TIN-710,2026-05-03,1.75,1.83,E-983
CHK-0000630,B-04,CMP-BG,QX-BAK-715,2026-05-03,2.46,2.75,E-983
CHK-0000631,B-04,CMP-BG,QX-CHL-734,2026-05-03,19.76,22.09,E-983
CHK-0000632,B-04,CMP-BG,QX-HHD-758,2026-05-03,12.19,12.88,E-983
CHK-0000633,B-04,CMP-BG,QX-PET-807,2026-05-03,8.57,8.95,E-983
CHK-0000634,B-04,CMP-BG,QX-TIN-819,2026-05-03,1.44,1.50,E-983
CHK-0000635,B-04,CMP-BG,QX-HHD-829,2026-05-03,9.35,9.90,E-983
CHK-0000636,B-04,CMP-BG,QX-BWS-838,2026-05-03,13.04,14.24,E-983
CHK-0000637,B-04,CMP-BG,QX-TIN-867,2026-05-03,0.55,0.60,E-983
CHK-0000638,B-04,CMP-BG,QX-DRY-870,2026-05-03,2.86,3.00,E-983
CHK-0000639,B-04,CMP-BG,QX-PRO-944,2026-05-03,4.07,4.29,E-983
CHK-0000640,B-04,CMP-BG,QX-BWS-950,2026-05-03,19.44,20.91,E-983
CHK-0000641,B-04,CMP-BG,QX-HHD-957,2026-05-03,2.23,2.38,E-983
CHK-0000642,B-04,CMP-BG,QX-HBC-004,2026-05-03,6.59,7.19,E-983
CHK-0000643,B-04,CMP-BG,QX-HBC-048,2026-05-03,2.76,3.00,E-983
CHK-0000644,B-04,CMP-BG,QX-DRY-075,2026-05-03,7.37,7.77,E-983
CHK-0000645,B-04,CMP-BG,QX-CER-077,2026-05-03,2.86,3.16,E-983
CHK-0000646,B-04,CMP-BG,QX-CHL-091,2026-05-03,1.09,1.22,E-983
CHK-0000647,B-04,CMP-BG,QX-HHD-096,2026-05-03,6.09,6.81,E-983
CHK-0000648,B-04,CMP-BG,QX-CHL-136,2026-05-03,4.13,4.35,E-983
CHK-0000649,B-04,CMP-BG,QX-HHD-182,2026-05-03,9.09,9.73,E-983
CHK-0000650,B-04,CMP-BG,QX-BAK-184,2026-05-03,6.78,7.46,E-983
CHK-0000651,B-04,CMP-BG,QX-DRY-199,2026-05-03,5.52,5.97,E-983
CHK-0000652,B-04,CMP-BG,QX-HHD-231,2026-05-03,7.60,8.07,E-983
CHK-0000653,B-04,CMP-BG,QX-BWS-271,2026-05-03,16.16,18.13,E-983
CHK-0000654,B-04,CMP-BG,QX-HHD-295,2026-05-03,3.57,3.95,E-983
CHK-0000655,B-04,CMP-BG,QX-CER-337,2026-05-03,3.01,3.37,E-983
CHK-0000656,B-04,CMP-BG,QX-PRO-341,2026-05-03,2.97,3.23,E-983
CHK-0000657,B-04,CMP-BG,QX-DRK-352,2026-05-03,5.51,5.81,E-983
CHK-0000658,B-04,CMP-BG,QX-TIN-353,2026-05-03,2.49,2.71,E-983
CHK-0000659,B-04,CMP-BG,QX-TIN-355,2026-05-03,1.28,1.44,E-983
CHK-0000660,B-04,CMP-BG,QX-CER-371,2026-05-03,4.29,4.52,E-983
CHK-0000661,B-04,CMP-BG,QX-PRO-373,2026-05-03,4.60,4.86,E-983
CHK-0000662,B-04,CMP-BG,QX-CHL-389,2026-05-03,5.93,6.63,E-983
CHK-0000663,B-04,CMP-BG,QX-PRO-412,2026-05-03,3.10,3.26,E-983
CHK-0000664,B-04,CMP-BG,QX-CER-436,2026-05-03,1.53,1.68,E-983
CHK-0000665,B-04,CMP-VN,QX-TIN-045,2026-05-03,1.36,1.14,E-983
CHK-0000666,B-04,CMP-VN,QX-BWS-209,2026-05-03,34.00,29.08,E-983
CHK-0000667,B-04,CMP-VN,QX-PRO-213,2026-05-03,6.27,5.57,E-983
CHK-0000668,B-04,CMP-VN,QX-PRO-218,2026-05-03,2.85,2.62,E-983
CHK-0000669,B-04,CMP-VN,QX-FRZ-225,2026-05-03,8.71,7.52,E-983
CHK-0000670,B-04,CMP-VN,QX-CHL-231,2026-05-03,9.81,8.79,E-983
CHK-0000671,B-04,CMP-VN,QX-CER-248,2026-05-03,3.65,3.12,E-983
CHK-0000672,B-04,CMP-VN,QX-HHD-252,2026-05-03,2.69,2.38,E-983
CHK-0000673,B-04,CMP-VN,QX-FRZ-259,2026-05-03,7.54,6.57,E-983
CHK-0000674,B-04,CMP-VN,QX-BAK-297,2026-05-03,9.84,8.46,E-983
CHK-0000675,B-04,CMP-VN,QX-FRZ-306,2026-05-03,5.68,4.75,E-983
CHK-0000676,B-04,CMP-VN,QX-BAK-335,2026-05-03,4.89,4.20,E-983
CHK-0000677,B-04,CMP-VN,QX-BAK-386,2026-05-03,4.97,4.45,E-983
CHK-0000678,B-04,CMP-VN,QX-CHL-424,2026-05-03,23.54,21.68,E-983
CHK-0000679,B-04,CMP-VN,QX-CER-444,2026-05-03,2.16,1.91,E-983
CHK-0000680,B-04,CMP-VN,QX-PET-454,2026-05-03,1.53,1.34,E-983
CHK-0000681,B-04,CMP-VN,QX-PET-467,2026-05-03,1.50,1.30,E-983
CHK-0000682,B-04,CMP-VN,QX-PRO-487,2026-05-03,5.24,4.49,E-983
CHK-0000683,B-04,CMP-VN,QX-HHD-511,2026-05-03,14.68,12.98,E-983
CHK-0000684,B-04,CMP-VN,QX-PET-515,2026-05-03,1.78,1.50,E-983
CHK-0000685,B-04,CMP-VN,QX-BWS-543,2026-05-03,14.62,12.64,E-983
CHK-0000686,B-04,CMP-VN,QX-FRZ-598,2026-05-03,5.37,4.81,E-983
CHK-0000687,B-04,CMP-VN,QX-BAK-615,2026-05-03,2.70,2.31,E-983
CHK-0000688,B-04,CMP-VN,QX-DRY-636,2026-05-03,4.51,4.12,E-983
CHK-0000689,B-04,CMP-VN,QX-BWS-639,2026-05-03,6.27,5.50,E-983
CHK-0000690,B-04,CMP-VN,QX-HBC-657,2026-05-03,12.87,10.89,E-983
CHK-0000691,B-04,CMP-VN,QX-DRK-690,2026-05-03,2.87,2.65,E-983
CHK-0000692,B-04,CMP-VN,QX-BAK-706,2026-05-03,3.99,3.40,E-983
CHK-0000693,B-04,CMP-VN,QX-DRK-712,2026-05-03,6.27,5.72,E-983
CHK-0000694,B-04,CMP-VN,QX-PRO-742,2026-05-03,4.83,4.33,E-983
CHK-0000695,B-04,CMP-VN,QX-PRO-761,2026-05-03,2.40,2.19,E-983
CHK-0000696,B-04,CMP-VN,QX-HBC-779,2026-05-03,7.91,6.68,E-983
CHK-0000697,B-04,CMP-VN,QX-CHL-792,2026-05-03,6.04,5.05,E-983
CHK-0000698,B-04,CMP-VN,QX-CER-825,2026-05-03,4.65,4.25,E-983
CHK-0000699,B-04,CMP-VN,QX-HHD-827,2026-05-03,5.66,4.91,E-983
CHK-0000700,B-04,CMP-VN,QX-DRY-866,2026-05-03,4.55,3.87,E-983
CHK-0000701,B-04,CMP-VN,QX-BAK-874,2026-05-03,3.16,2.82,E-983
CHK-0000702,B-04,CMP-VN,QX-CHL-897,2026-05-03,5.75,5.04,E-983
CHK-0000703,B-04,CMP-VN,QX-DRY-913,2026-05-03,6.64,5.80,E-983
CHK-0000704,B-04,CMP-VN,QX-BWS-962,2026-05-03,44.29,40.02,E-983
CHK-0000705,B-04,CMP-VN,QX-FRZ-984,2026-05-03,7.54,6.61,E-983
CHK-0000706,B-04,CMP-VN,QX-PET-010,2026-05-03,13.20,11.67,E-983
CHK-0000707,B-04,CMP-VN,QX-DRY-026,2026-05-03,1.42,1.24,E-983
CHK-0000708,B-04,CMP-VN,QX-DRY-056,2026-05-03,9.17,7.75,E-983
CHK-0000709,B-04,CMP-VN,QX-CER-103,2026-05-03,5.66,4.81,E-983
CHK-0000710,B-04,CMP-VN,QX-TIN-108,2026-05-03,2.89,2.46,E-983
CHK-0000711,B-04,CMP-VN,QX-DRK-134,2026-05-03,5.91,5.04,E-983
CHK-0000712,B-04,CMP-VN,QX-DRY-144,2026-05-03,5.29,4.80,E-983
CHK-0000713,B-04,CMP-VN,QX-BWS-164,2026-05-03,40.07,33.80,E-983
CHK-0000714,B-04,CMP-VN,QX-PRO-205,2026-05-03,3.89,3.42,E-983
CHK-0000715,B-04,CMP-VN,QX-TIN-285,2026-05-03,1.06,0.90,E-983
CHK-0000716,B-04,CMP-VN,QX-DRY-314,2026-05-03,3.14,2.81,E-983
CHK-0000717,B-04,CMP-VN,QX-BWS-316,2026-05-03,6.81,6.00,E-983
CHK-0000718,B-04,CMP-VN,QX-HBC-324,2026-05-03,5.45,4.89,E-983
CHK-0000719,B-04,CMP-VN,QX-HBC-325,2026-05-03,3.72,3.17,E-983
CHK-0000720,B-04,CMP-VN,QX-CHL-334,2026-05-03,22.44,19.31,E-983
CHK-0000721,B-04,CMP-VN,QX-TIN-343,2026-05-03,2.19,1.95,E-983
CHK-0000722,B-04,CMP-VN,QX-TIN-383,2026-05-03,2.72,2.41,E-983
CHK-0000723,B-04,CMP-VN,QX-FRZ-385,2026-05-03,2.90,2.44,E-983
CHK-0000724,B-04,CMP-VN,QX-DRK-453,2026-05-03,3.27,3.03,E-983
CHK-0000725,B-04,CMP-VN,QX-BWS-470,2026-05-03,26.63,24.18,E-983
CHK-0000726,B-04,CMP-VN,QX-FRZ-495,2026-05-03,3.14,2.71,E-983
CHK-0000727,B-04,CMP-VN,QX-PRO-540,2026-05-03,4.54,3.96,E-983
CHK-0000728,B-04,CMP-VN,QX-PRO-580,2026-05-03,5.85,5.38,E-983
CHK-0000729,B-04,CMP-VN,QX-CER-589,2026-05-03,1.74,1.52,E-983
CHK-0000730,B-04,CMP-VN,QX-FRZ-622,2026-05-03,4.92,4.25,E-983
CHK-0000731,B-04,CMP-VN,QX-HHD-660,2026-05-03,2.47,2.07,E-983
CHK-0000732,B-04,CMP-VN,QX-DRK-670,2026-05-03,8.18,6.92,E-983
CHK-0000733,B-04,CMP-VN,QX-TIN-677,2026-05-03,1.05,0.90,E-983
CHK-0000734,B-04,CMP-VN,QX-BWS-684,2026-05-03,31.54,28.22,E-983
CHK-0000735,B-04,CMP-VN,QX-TIN-710,2026-05-03,2.14,1.83,E-983
CHK-0000736,B-04,CMP-VN,QX-PRO-718,2026-05-03,5.41,4.97,E-983
CHK-0000737,B-04,CMP-VN,QX-HHD-758,2026-05-03,14.50,12.88,E-983
CHK-0000738,B-04,CMP-VN,QX-HHD-762,2026-05-03,11.36,10.25,E-983
CHK-0000739,B-04,CMP-VN,QX-PET-807,2026-05-03,10.44,8.95,E-983
CHK-0000740,B-04,CMP-VN,QX-TIN-819,2026-05-03,1.68,1.50,E-983
CHK-0000741,B-04,CMP-VN,QX-BWS-897,2026-05-03,20.97,17.91,E-983
CHK-0000742,B-04,CMP-VN,QX-PRO-922,2026-05-03,1.48,1.36,E-983
CHK-0000743,B-04,CMP-VN,QX-HHD-969,2026-05-03,6.69,5.80,E-983
CHK-0000744,B-04,CMP-VN,QX-BWS-977,2026-05-03,30.92,27.94,E-983
CHK-0000745,B-04,CMP-VN,QX-HBC-048,2026-05-03,3.26,3.00,E-983
CHK-0000746,B-04,CMP-VN,QX-BWS-050,2026-05-03,14.52,12.25,E-983
CHK-0000747,B-04,CMP-VN,QX-DRY-075,2026-05-03,8.70,7.77,E-983
CHK-0000748,B-04,CMP-VN,QX-CER-077,2026-05-03,3.53,3.16,E-983
CHK-0000749,B-04,CMP-VN,QX-CHL-091,2026-05-03,1.35,1.22,E-983
CHK-0000750,B-04,CMP-VN,QX-BWS-114,2026-05-03,8.44,7.29,E-983
CHK-0000751,B-04,CMP-VN,QX-HHD-119,2026-05-03,3.60,3.25,E-983
CHK-0000752,B-04,CMP-VN,QX-HHD-168,2026-05-03,3.08,2.79,E-983
CHK-0000753,B-04,CMP-VN,QX-PRO-171,2026-05-03,4.82,4.23,E-983
CHK-0000754,B-04,CMP-VN,QX-TIN-175,2026-05-03,1.62,1.36,E-983
CHK-0000755,B-04,CMP-VN,QX-DRK-176,2026-05-03,1.45,1.29,E-983
CHK-0000756,B-04,CMP-VN,QX-DRK-177,2026-05-03,6.76,6.09,E-983
CHK-0000757,B-04,CMP-VN,QX-BAK-184,2026-05-03,8.15,7.46,E-983
CHK-0000758,B-04,CMP-VN,QX-HHD-231,2026-05-03,9.53,8.07,E-983
CHK-0000759,B-04,CMP-VN,QX-BWS-281,2026-05-03,19.79,17.07,E-983
CHK-0000760,B-04,CMP-VN,QX-DRK-291,2026-05-03,1.83,1.64,E-983
CHK-0000761,B-04,CMP-VN,QX-HHD-295,2026-05-03,4.74,3.95,E-983
CHK-0000762,B-04,CMP-VN,QX-TIN-317,2026-05-03,1.31,1.21,E-983
CHK-0000763,B-04,CMP-VN,QX-PRO-341,2026-05-03,3.64,3.23,E-983
CHK-0000764,B-04,CMP-VN,QX-BWS-350,2026-05-03,9.27,7.77,E-983
CHK-0000765,B-04,CMP-VN,QX-TIN-353,2026-05-03,3.21,2.71,E-983
CHK-0000766,B-04,CMP-VN,QX-TIN-355,2026-05-03,1.61,1.44,E-983
CHK-0000767,B-04,CMP-VN,QX-BAK-411,2026-05-03,4.69,4.28,E-983
CHK-0000768,B-04,CMP-VN,QX-PRO-412,2026-05-03,3.91,3.26,E-983
CHK-0000769,B-04,CMP-VN,QX-CER-423,2026-05-03,5.02,4.56,E-983
CHK-0000770,B-04,CMP-VN,QX-BWS-424,2026-05-03,14.70,12.46,E-983
CHK-0000771,B-04,CMP-VN,QX-CER-436,2026-05-03,1.96,1.68,E-983
CHK-0000772,B-17,CMP-QS,QX-TIN-203,2026-05-04,2.32,2.07,E-864
CHK-0000773,B-17,CMP-QS,QX-BWS-204,2026-05-04,39.99,34.16,E-864
CHK-0000774,B-17,CMP-QS,QX-PRO-213,2026-05-04,5.73,5.11,E-864
CHK-0000775,B-17,CMP-QS,QX-PRO-218,2026-05-04,2.77,2.40,E-864
CHK-0000776,B-17,CMP-QS,QX-FRZ-225,2026-05-04,7.77,6.90,E-864
CHK-0000777,B-17,CMP-QS,QX-CHL-230,2026-05-04,4.57,3.70,E-864
CHK-0000778,B-17,CMP-QS,QX-HHD-252,2026-05-04,2.52,2.18,E-864
CHK-0000779,B-17,CMP-QS,QX-BAK-297,2026-05-04,9.53,7.76,E-864
CHK-0000780,B-17,CMP-QS,QX-FRZ-306,2026-05-04,5.20,4.36,E-864
CHK-0000781,B-17,CMP-QS,QX-PET-333,2026-05-04,6.99,5.66,E-864
CHK-0000782,B-17,CMP-QS,QX-BAK-335,2026-05-04,4.71,3.85,E-864
CHK-0000783,B-17,CMP-QS,QX-DRY-339,2026-05-04,1.70,1.53,E-864
CHK-0000784,B-17,CMP-QS,QX-BAK-386,2026-05-04,4.54,4.08,E-864
CHK-0000785,B-17,CMP-QS,QX-FRZ-410,2026-05-04,4.38,3.72,E-864
CHK-0000786,B-17,CMP-QS,QX-CHL-424,2026-05-04,22.30,19.89,E-864
CHK-0000787,B-17,CMP-QS,QX-FRZ-442,2026-05-04,9.16,7.89,E-864
CHK-0000788,B-17,CMP-QS,QX-CER-444,2026-05-04,2.18,1.75,E-864
CHK-0000789,B-17,CMP-QS,QX-PET-454,2026-05-04,1.40,1.23,E-864
CHK-0000790,B-17,CMP-QS,QX-PRO-487,2026-05-04,4.91,4.12,E-864
CHK-0000791,B-17,CMP-QS,QX-PET-515,2026-05-04,1.62,1.38,E-864
CHK-0000792,B-17,CMP-QS,QX-BWS-543,2026-05-04,13.49,11.60,E-864
CHK-0000793,B-17,CMP-QS,QX-BWS-557,2026-05-04,21.59,17.40,E-864
CHK-0000794,B-17,CMP-QS,QX-DRY-600,2026-05-04,3.38,2.71,E-864
CHK-0000795,B-17,CMP-QS,QX-BWS-614,2026-05-04,28.49,23.00,E-864
CHK-0000796,B-17,CMP-QS,QX-BWS-626,2026-05-04,23.66,20.32,E-864
CHK-0000797,B-17,CMP-QS,QX-DRY-636,2026-05-04,4.34,3.78,E-864
CHK-0000798,B-17,CMP-QS,QX-DRY-642,2026-05-04,3.33,2.78,E-864
CHK-0000799,B-17,CMP-QS,QX-HBC-657,2026-05-04,11.88,9.99,E-864
CHK-0000800,B-17,CMP-QS,QX-PRO-660,2026-05-04,1.64,1.35,E-864
CHK-0000801,B-17,CMP-QS,QX-FRZ-709,2026-05-04,2.02,1.73,E-864
CHK-0000802,B-17,CMP-QS,QX-CER-741,2026-05-04,3.45,3.02,E-864
CHK-0000803,B-17,CMP-QS,QX-PRO-742,2026-05-04,4.41,3.97,E-864
CHK-0000804,B-17,CMP-QS,QX-PRO-761,2026-05-04,2.43,2.01,E-864
CHK-0000805,B-17,CMP-QS,QX-HHD-827,2026-05-04,5.24,4.50,E-864
CHK-0000806,B-17,CMP-QS,QX-BAK-851,2026-05-04,7.03,5.91,E-864
CHK-0000807,B-17,CMP-QS,QX-DRY-866,2026-05-04,4.28,3.55,E-864
CHK-0000808,B-17,CMP-QS,QX-PRO-876,2026-05-04,1.31,1.05,E-864
CHK-0000809,B-17,CMP-QS,QX-CHL-897,2026-05-04,5.34,4.62,E-864
CHK-0000810,B-17,CMP-QS,QX-DRY-913,2026-05-04,6.56,5.32,E-864
CHK-0000811,B-17,CMP-QS,QX-BAK-941,2026-05-04,1.50,1.31,E-864
CHK-0000812,B-17,CMP-QS,QX-BWS-962,2026-05-04,41.73,36.72,E-864
CHK-0000813,B-17,CMP-QS,QX-FRZ-984,2026-05-04,6.71,6.06,E-864
CHK-0000814,B-17,CMP-QS,QX-TIN-002,2026-05-04,1.16,0.95,E-864
CHK-0000815,B-17,CMP-QS,QX-PET-010,2026-05-04,12.23,10.71,E-864
CHK-0000816,B-17,CMP-QS,QX-DRK-028,2026-05-04,4.98,4.46,E-864
CHK-0000817,B-17,CMP-QS,QX-PET-037,2026-05-04,6.78,5.53,E-864
CHK-0000818,B-17,CMP-QS,QX-DRY-056,2026-05-04,8.50,7.11,E-864
CHK-0000819,B-17,CMP-QS,QX-CER-103,2026-05-04,5.11,4.41,E-864
CHK-0000820,B-17,CMP-QS,QX-HBC-106,2026-05-04,11.66,10.48,E-864
CHK-0000821,B-17,CMP-QS,QX-PRO-131,2026-05-04,5.47,4.79,E-864
CHK-0000822,B-17,CMP-QS,QX-TIN-138,2026-05-04,3.05,2.70,E-864
CHK-0000823,B-17,CMP-QS,QX-BWS-164,2026-05-04,36.28,31.01,E-864
CHK-0000824,B-17,CMP-QS,QX-DRY-179,2026-05-04,3.03,2.63,E-864
CHK-0000825,B-17,CMP-QS,QX-PRO-205,2026-05-04,3.83,3.14,E-864
CHK-0000826,B-17,CMP-QS,QX-PET-271,2026-05-04,4.13,3.73,E-864
CHK-0000827,B-17,CMP-QS,QX-TIN-285,2026-05-04,0.97,0.85,E-864
CHK-0000828,B-17,CMP-QS,QX-BWS-316,2026-05-04,6.34,5.50,E-864
CHK-0000829,B-17,CMP-QS,QX-HBC-324,2026-05-04,5.47,4.49,E-864
CHK-0000830,B-17,CMP-QS,QX-HBC-325,2026-05-04,3.46,2.91,E-864
CHK-0000831,B-17,CMP-QS,QX-TIN-343,2026-05-04,2.02,1.79,E-864
CHK-0000832,B-17,CMP-QS,QX-DRK-362,2026-05-04,3.86,3.46,E-864
CHK-0000833,B-17,CMP-QS,QX-DRK-378,2026-05-04,2.14,1.92,E-864
CHK-0000834,B-17,CMP-QS,QX-TIN-383,2026-05-04,2.55,2.21,E-864
CHK-0000835,B-17,CMP-QS,QX-HHD-411,2026-05-04,7.37,6.05,E-864
CHK-0000836,B-17,CMP-QS,QX-DRK-453,2026-05-04,3.08,2.78,E-864
CHK-0000837,B-17,CMP-QS,QX-BWS-470,2026-05-04,25.56,22.18,E-864
CHK-0000838,B-17,CMP-QS,QX-FRZ-495,2026-05-04,2.90,2.49,E-864
CHK-0000839,B-17,CMP-QS,QX-PRO-540,2026-05-04,4.00,3.63,E-864
CHK-0000840,B-17,CMP-QS,QX-BAK-629,2026-05-04,3.09,2.64,E-864
CHK-0000841,B-17,CMP-QS,QX-DRK-670,2026-05-04,7.65,6.35,E-864
CHK-0000842,B-17,CMP-QS,QX-TIN-677,2026-05-04,1.00,0.85,E-864
CHK-0000843,B-17,CMP-QS,QX-HHD-682,2026-05-04,3.85,3.20,E-864
CHK-0000844,B-17,CMP-QS,QX-BWS-684,2026-05-04,29.85,25.89,E-864
CHK-0000845,B-17,CMP-QS,QX-CHL-695,2026-05-04,8.37,6.82,E-864
CHK-0000846,B-17,CMP-QS,QX-CHL-707,2026-05-04,1.77,1.47,E-864
CHK-0000847,B-17,CMP-QS,QX-TIN-710,2026-05-04,2.03,1.68,E-864
CHK-0000848,B-17,CMP-QS,QX-BAK-715,2026-05-04,2.96,2.52,E-864
CHK-0000849,B-17,CMP-QS,QX-CHL-734,2026-05-04,24.39,20.27,E-864
CHK-0000850,B-17,CMP-QS,QX-HHD-758,2026-05-04,13.44,11.82,E-864
CHK-0000851,B-17,CMP-QS,QX-HHD-762,2026-05-04,11.66,9.40,E-864
CHK-0000852,B-17,CMP-QS,QX-PET-807,2026-05-04,9.73,8.21,E-864
CHK-0000853,B-17,CMP-QS,QX-HHD-829,2026-05-04,10.77,9.08,E-864
CHK-0000854,B-17,CMP-QS,QX-BWS-838,2026-05-04,15.14,13.06,E-864
CHK-0000855,B-17,CMP-QS,QX-DRY-851,2026-05-04,1.97,1.78,E-864
CHK-0000856,B-17,CMP-QS,QX-TIN-867,2026-05-04,0.67,0.55,E-864
CHK-0000857,B-17,CMP-QS,QX-BWS-897,2026-05-04,19.07,16.43,E-864
CHK-0000858,B-17,CMP-QS,QX-PRO-922,2026-05-04,1.39,1.25,E-864
CHK-0000859,B-17,CMP-QS,QX-FRZ-928,2026-05-04,8.36,7.04,E-864
CHK-0000860,B-17,CMP-QS,QX-HHD-957,2026-05-04,2.60,2.18,E-864
CHK-0000861,B-17,CMP-QS,QX-HHD-969,2026-05-04,5.87,5.32,E-864
CHK-0000862,B-17,CMP-QS,QX-BWS-977,2026-05-04,31.35,25.63,E-864
CHK-0000863,B-17,CMP-QS,QX-FRZ-983,2026-05-04,3.57,3.13,E-864
CHK-0000864,B-17,CMP-QS,QX-BWS-050,2026-05-04,12.55,11.24,E-864
CHK-0000865,B-17,CMP-QS,QX-DRY-075,2026-05-04,8.60,7.13,E-864
CHK-0000866,B-17,CMP-QS,QX-CER-077,2026-05-04,3.57,2.90,E-864
CHK-0000867,B-17,CMP-QS,QX-CHL-091,2026-05-04,1.26,1.12,E-864
CHK-0000868,B-17,CMP-QS,QX-HHD-096,2026-05-04,7.71,6.25,E-864
CHK-0000869,B-17,CMP-QS,QX-HBC-107,2026-05-04,8.09,6.83,E-864
CHK-0000870,B-17,CMP-QS,QX-CHL-136,2026-05-04,4.59,3.99,E-864
CHK-0000871,B-17,CMP-QS,QX-TIN-175,2026-05-04,1.52,1.25,E-864
CHK-0000872,B-17,CMP-QS,QX-DRK-177,2026-05-04,6.36,5.59,E-864
CHK-0000873,B-17,CMP-QS,QX-HHD-182,2026-05-04,10.88,8.93,E-864
CHK-0000874,B-17,CMP-QS,QX-DRY-193,2026-05-04,5.29,4.42,E-864
CHK-0000875,B-17,CMP-QS,QX-DRY-199,2026-05-04,6.45,5.48,E-864
CHK-0000876,B-17,CMP-QS,QX-HHD-231,2026-05-04,9.15,7.40,E-864
CHK-0000877,B-17,CMP-QS,QX-CER-264,2026-05-04,4.48,3.93,E-864
CHK-0000878,B-17,CMP-QS,QX-HBC-329,2026-05-04,12.06,9.88,E-864
CHK-0000879,B-17,CMP-QS,QX-CER-337,2026-05-04,3.61,3.09,E-864
CHK-0000880,B-17,CMP-QS,QX-PRO-341,2026-05-04,3.27,2.96,E-864
CHK-0000881,B-17,CMP-QS,QX-BWS-350,2026-05-04,8.08,7.13,E-864
CHK-0000882,B-17,CMP-QS,QX-DRK-352,2026-05-04,6.33,5.33,E-864
CHK-0000883,B-17,CMP-QS,QX-TIN-353,2026-05-04,2.86,2.49,E-864
CHK-0000884,B-17,CMP-QS,QX-PRO-373,2026-05-04,5.43,4.46,E-864
CHK-0000885,B-17,CMP-QS,QX-CHL-389,2026-05-04,6.93,6.08,E-864
CHK-0000886,B-17,CMP-QS,QX-BWS-424,2026-05-04,12.72,11.43,E-864
CHK-0000887,B-08,CMP-ON,QX-CER-001,2026-05-05,2.85,2.85,E-283
CHK-0000888,B-08,CMP-ON,QX-BWS-204,2026-05-05,33.38,34.16,E-283
CHK-0000889,B-08,CMP-ON,QX-BWS-209,2026-05-05,27.44,26.68,E-283
CHK-0000890,B-08,CMP-ON,QX-PRO-213,2026-05-05,5.25,5.11,E-283
CHK-0000891,B-08,CMP-ON,QX-FRZ-225,2026-05-05,6.87,6.90,E-283
CHK-0000892,B-08,CMP-ON,QX-CHL-231,2026-05-05,8.03,8.06,E-283
CHK-0000893,B-08,CMP-ON,QX-PET-232,2026-05-05,4.63,4.59,E-283
CHK-0000894,B-08,CMP-ON,QX-CER-248,2026-05-05,2.84,2.86,E-283
CHK-0000895,B-08,CMP-ON,QX-BAK-297,2026-05-05,7.76,7.76,E-283
CHK-0000896,B-08,CMP-ON,QX-FRZ-306,2026-05-05,4.31,4.36,E-283
CHK-0000897,B-08,CMP-ON,QX-DRY-312,2026-05-05,1.99,2.00,E-283
CHK-0000898,B-08,CMP-ON,QX-BWS-324,2026-05-05,13.64,13.89,E-283
CHK-0000899,B-08,CMP-ON,QX-PET-333,2026-05-05,5.82,5.66,E-283
CHK-0000900,B-08,CMP-ON,QX-BAK-335,2026-05-05,3.86,3.85,E-283
CHK-0000901,B-08,CMP-ON,QX-TIN-347,2026-05-05,2.41,2.42,E-283
CHK-0000902,B-08,CMP-ON,QX-BAK-386,2026-05-05,3.97,4.08,E-283
CHK-0000903,B-08,CMP-ON,QX-BWS-405,2026-05-05,28.27,28.84,E-283
CHK-0000904,B-08,CMP-ON,QX-FRZ-410,2026-05-05,3.80,3.72,E-283
CHK-0000905,B-08,CMP-ON,QX-HBC-438,2026-05-05,11.96,12.16,E-283
CHK-0000906,B-08,CMP-ON,QX-FRZ-442,2026-05-05,7.90,7.89,E-283
CHK-0000907,B-08,CMP-ON,QX-PET-467,2026-05-05,1.18,1.19,E-283
CHK-0000908,B-08,CMP-ON,QX-PRO-487,2026-05-05,4.21,4.12,E-283
CHK-0000909,B-08,CMP-ON,QX-DRY-491,2026-05-05,2.81,2.75,E-283
CHK-0000910,B-08,CMP-ON,QX-HHD-511,2026-05-05,12.26,11.91,E-283
CHK-0000911,B-08,CMP-ON,QX-BWS-543,2026-05-05,11.45,11.60,E-283
CHK-0000912,B-08,CMP-ON,QX-BWS-557,2026-05-05,17.40,17.40,E-283
CHK-0000913,B-08,CMP-ON,QX-DRY-600,2026-05-05,2.77,2.71,E-283
CHK-0000914,B-08,CMP-ON,QX-BAK-615,2026-05-05,2.13,2.12,E-283
CHK-0000915,B-08,CMP-ON,QX-TIN-635,2026-05-05,0.92,0.90,E-283
CHK-0000916,B-08,CMP-ON,QX-DRY-636,2026-05-05,3.77,3.78,E-283
CHK-0000917,B-08,CMP-ON,QX-BWS-639,2026-05-05,4.96,5.05,E-283
CHK-0000918,B-08,CMP-ON,QX-DRY-642,2026-05-05,2.74,2.78,E-283
CHK-0000919,B-08,CMP-ON,QX-PRO-660,2026-05-05,1.34,1.35,E-283
CHK-0000920,B-08,CMP-ON,QX-PRO-688,2026-05-05,3.27,3.35,E-283
CHK-0000921,B-08,CMP-ON,QX-PET-693,2026-05-05,0.97,0.95,E-283
CHK-0000922,B-08,CMP-ON,QX-BAK-706,2026-05-05,3.17,3.12,E-283
CHK-0000923,B-08,CMP-ON,QX-FRZ-709,2026-05-05,1.72,1.73,E-283
CHK-0000924,B-08,CMP-ON,QX-DRK-712,2026-05-05,5.11,5.25,E-283
CHK-0000925,B-08,CMP-ON,QX-PRO-742,2026-05-05,3.87,3.97,E-283
CHK-0000926,B-08,CMP-ON,QX-PRO-761,2026-05-05,2.04,2.01,E-283
CHK-0000927,B-08,CMP-ON,QX-DRY-767,2026-05-05,1.78,1.80,E-283
CHK-0000928,B-08,CMP-ON,QX-HBC-779,2026-05-05,6.14,6.13,E-283
CHK-0000929,B-08,CMP-ON,QX-CHL-792,2026-05-05,4.66,4.63,E-283
CHK-0000930,B-08,CMP-ON,QX-TIN-860,2026-05-05,1.58,1.59,E-283
CHK-0000931,B-08,CMP-ON,QX-BAK-874,2026-05-05,2.66,2.59,E-283
CHK-0000932,B-08,CMP-ON,QX-PRO-876,2026-05-05,1.06,1.05,E-283
CHK-0000933,B-08,CMP-ON,QX-CHL-897,2026-05-05,4.67,4.62,E-283
CHK-0000934,B-08,CMP-ON,QX-FRZ-907,2026-05-05,7.10,7.00,E-283
CHK-0000935,B-08,CMP-ON,QX-DRY-913,2026-05-05,5.40,5.32,E-283
CHK-0000936,B-08,CMP-ON,QX-BAK-941,2026-05-05,1.33,1.31,E-283
CHK-0000937,B-08,CMP-ON,QX-DRK-028,2026-05-05,4.57,4.46,E-283
CHK-0000938,B-08,CMP-ON,QX-PET-037,2026-05-05,5.55,5.53,E-283
CHK-0000939,B-08,CMP-ON,QX-CER-103,2026-05-05,4.30,4.41,E-283
CHK-0000940,B-08,CMP-ON,QX-TIN-108,2026-05-05,2.30,2.26,E-283
CHK-0000941,B-08,CMP-ON,QX-PRO-131,2026-05-05,4.77,4.79,E-283
CHK-0000942,B-08,CMP-ON,QX-DRK-134,2026-05-05,4.63,4.62,E-283
CHK-0000943,B-08,CMP-ON,QX-TIN-138,2026-05-05,2.63,2.70,E-283
CHK-0000944,B-08,CMP-ON,QX-DRY-144,2026-05-05,4.52,4.40,E-283
CHK-0000945,B-08,CMP-ON,QX-DRY-179,2026-05-05,2.58,2.63,E-283
CHK-0000946,B-08,CMP-ON,QX-PRO-205,2026-05-05,3.15,3.14,E-283
CHK-0000947,B-08,CMP-ON,QX-PET-271,2026-05-05,3.68,3.73,E-283
CHK-0000948,B-08,CMP-ON,QX-TIN-285,2026-05-05,0.85,0.85,E-283
CHK-0000949,B-08,CMP-ON,QX-HBC-324,2026-05-05,4.62,4.49,E-283
CHK-0000950,B-08,CMP-ON,QX-HBC-325,2026-05-05,2.90,2.91,E-283
CHK-0000951,B-08,CMP-ON,QX-TIN-343,2026-05-05,1.84,1.79,E-283
CHK-0000952,B-08,CMP-ON,QX-DRK-378,2026-05-05,1.94,1.92,E-283
CHK-0000953,B-08,CMP-ON,QX-FRZ-385,2026-05-05,2.27,2.24,E-283
CHK-0000954,B-08,CMP-ON,QX-HHD-411,2026-05-05,6.18,6.05,E-283
CHK-0000955,B-08,CMP-ON,QX-DRK-453,2026-05-05,2.86,2.78,E-283
CHK-0000956,B-08,CMP-ON,QX-BWS-470,2026-05-05,22.19,22.18,E-283
CHK-0000957,B-08,CMP-ON,QX-HHD-515,2026-05-05,8.34,8.17,E-283
CHK-0000958,B-08,CMP-ON,QX-CER-529,2026-05-05,2.19,2.25,E-283
CHK-0000959,B-08,CMP-ON,QX-PRO-580,2026-05-05,4.93,4.94,E-283
CHK-0000960,B-08,CMP-ON,QX-FRZ-622,2026-05-05,3.99,3.90,E-283
CHK-0000961,B-08,CMP-ON,QX-BAK-629,2026-05-05,2.62,2.64,E-283
CHK-0000962,B-08,CMP-ON,QX-HHD-660,2026-05-05,1.94,1.90,E-283
CHK-0000963,B-08,CMP-ON,QX-DRK-670,2026-05-05,6.49,6.35,E-283
CHK-0000964,B-08,CMP-ON,QX-TIN-677,2026-05-05,0.87,0.85,E-283
CHK-0000965,B-08,CMP-ON,QX-FRZ-680,2026-05-05,5.43,5.47,E-283
CHK-0000966,B-08,CMP-ON,QX-HHD-682,2026-05-05,3.21,3.20,E-283
CHK-0000967,B-08,CMP-ON,QX-BWS-684,2026-05-05,25.73,25.89,E-283
CHK-0000968,B-08,CMP-ON,QX-TIN-710,2026-05-05,1.68,1.68,E-283
CHK-0000969,B-08,CMP-ON,QX-BAK-715,2026-05-05,2.53,2.52,E-283
CHK-0000970,B-08,CMP-ON,QX-PRO-718,2026-05-05,4.59,4.56,E-283
CHK-0000971,B-08,CMP-ON,QX-PET-807,2026-05-05,8.06,8.21,E-283
CHK-0000972,B-08,CMP-ON,QX-BWS-838,2026-05-05,13.11,13.06,E-283
CHK-0000973,B-08,CMP-ON,QX-CHL-883,2026-05-05,7.08,7.05,E-283
CHK-0000974,B-08,CMP-ON,QX-FRZ-890,2026-05-05,5.54,5.47,E-283
CHK-0000975,B-08,CMP-ON,QX-FRZ-928,2026-05-05,6.97,7.04,E-283
CHK-0000976,B-08,CMP-ON,QX-PRO-944,2026-05-05,3.96,3.94,E-283
CHK-0000977,B-08,CMP-ON,QX-HHD-969,2026-05-05,5.25,5.32,E-283
CHK-0000978,B-08,CMP-ON,QX-HBC-004,2026-05-05,6.69,6.60,E-283
CHK-0000979,B-08,CMP-ON,QX-HBC-048,2026-05-05,2.72,2.75,E-283
CHK-0000980,B-08,CMP-ON,QX-BWS-050,2026-05-05,10.91,11.24,E-283
CHK-0000981,B-08,CMP-ON,QX-HHD-096,2026-05-05,6.40,6.25,E-283
CHK-0000982,B-08,CMP-ON,QX-HBC-107,2026-05-05,6.81,6.83,E-283
CHK-0000983,B-08,CMP-ON,QX-BWS-114,2026-05-05,6.84,6.69,E-283
CHK-0000984,B-08,CMP-ON,QX-CHL-136,2026-05-05,4.00,3.99,E-283
CHK-0000985,B-08,CMP-ON,QX-BWS-151,2026-05-05,17.87,18.40,E-283
CHK-0000986,B-08,CMP-ON,QX-PRO-171,2026-05-05,3.85,3.88,E-283
CHK-0000987,B-08,CMP-ON,QX-TIN-175,2026-05-05,1.23,1.25,E-283
CHK-0000988,B-08,CMP-ON,QX-DRK-176,2026-05-05,1.19,1.18,E-283
CHK-0000989,B-08,CMP-ON,QX-DRK-177,2026-05-05,5.65,5.59,E-283
CHK-0000990,B-08,CMP-ON,QX-HHD-182,2026-05-05,8.84,8.93,E-283
CHK-0000991,B-08,CMP-ON,QX-BAK-184,2026-05-05,6.78,6.84,E-283
CHK-0000992,B-08,CMP-ON,QX-DRY-199,2026-05-05,5.34,5.48,E-283
CHK-0000993,B-08,CMP-ON,QX-HHD-231,2026-05-05,7.58,7.40,E-283
CHK-0000994,B-08,CMP-ON,QX-CER-264,2026-05-05,3.89,3.93,E-283
CHK-0000995,B-08,CMP-ON,QX-BWS-281,2026-05-05,16.07,15.66,E-283
CHK-0000996,B-08,CMP-ON,QX-HHD-295,2026-05-05,3.69,3.62,E-283
CHK-0000997,B-08,CMP-ON,QX-HBC-307,2026-05-05,9.93,10.13,E-283
CHK-0000998,B-08,CMP-ON,QX-HBC-331,2026-05-05,13.96,14.03,E-283
CHK-0000999,B-08,CMP-ON,QX-BWS-350,2026-05-05,7.09,7.13,E-283
CHK-0001000,B-08,CMP-ON,QX-TIN-353,2026-05-05,2.49,2.49,E-283
CHK-0001001,B-08,CMP-ON,QX-CER-371,2026-05-05,4.12,4.15,E-283
CHK-0001002,B-08,CMP-ON,QX-CHL-389,2026-05-05,6.14,6.08,E-283
CHK-0001003,B-08,CMP-ON,QX-PRO-412,2026-05-05,2.91,2.99,E-283
CHK-0001004,B-08,CMP-ON,QX-BWS-424,2026-05-05,11.38,11.43,E-283
CHK-0001005,B-08,CMP-ON,QX-CER-436,2026-05-05,1.55,1.54,E-283
CHK-0001006,B-09,CMP-VN,QX-CER-001,2026-05-05,3.32,2.96,E-958
CHK-0001007,B-09,CMP-VN,QX-TIN-045,2026-05-05,1.28,1.09,E-958
CHK-0001008,B-09,CMP-VN,QX-BWS-204,2026-05-05,40.51,35.53,E-958
CHK-0001009,B-09,CMP-VN,QX-BWS-209,2026-05-05,31.30,27.75,E-958
CHK-0001010,B-09,CMP-VN,QX-PRO-213,2026-05-05,6.02,5.31,E-958
CHK-0001011,B-09,CMP-VN,QX-CHL-230,2026-05-05,4.21,3.85,E-958
CHK-0001012,B-09,CMP-VN,QX-CHL-231,2026-05-05,9.30,8.38,E-958
CHK-0001013,B-09,CMP-VN,QX-HHD-252,2026-05-05,2.67,2.27,E-958
CHK-0001014,B-09,CMP-VN,QX-BAK-297,2026-05-05,9.28,8.07,E-958
CHK-0001015,B-09,CMP-VN,QX-DRY-312,2026-05-05,2.44,2.08,E-958
CHK-0001016,B-09,CMP-VN,QX-BWS-324,2026-05-05,17.16,14.45,E-958
CHK-0001017,B-09,CMP-VN,QX-PET-333,2026-05-05,6.85,5.89,E-958
CHK-0001018,B-09,CMP-VN,QX-DRY-339,2026-05-05,1.86,1.59,E-958
CHK-0001019,B-09,CMP-VN,QX-BAK-386,2026-05-05,4.64,4.24,E-958
CHK-0001020,B-09,CMP-VN,QX-BWS-405,2026-05-05,34.84,29.99,E-958
CHK-0001021,B-09,CMP-VN,QX-FRZ-410,2026-05-05,4.45,3.87,E-958
CHK-0001022,B-09,CMP-VN,QX-HBC-438,2026-05-05,14.32,12.65,E-958
CHK-0001023,B-09,CMP-VN,QX-PET-454,2026-05-05,1.52,1.28,E-958
CHK-0001024,B-09,CMP-VN,QX-PET-467,2026-05-05,1.41,1.24,E-958
CHK-0001025,B-09,CMP-VN,QX-HHD-511,2026-05-05,14.22,12.39,E-958
CHK-0001026,B-09,CMP-VN,QX-PET-515,2026-05-05,1.56,1.44,E-958
CHK-0001027,B-09,CMP-VN,QX-BWS-543,2026-05-05,13.62,12.06,E-958
CHK-0001028,B-09,CMP-VN,QX-BWS-557,2026-05-05,19.99,18.10,E-958
CHK-0001029,B-09,CMP-VN,QX-FRZ-598,2026-05-05,5.27,4.59,E-958
CHK-0001030,B-09,CMP-VN,QX-DRY-600,2026-05-05,3.08,2.82,E-958
CHK-0001031,B-09,CMP-VN,QX-BWS-614,2026-05-05,26.58,23.92,E-958
CHK-0001032,B-09,CMP-VN,QX-PET-622,2026-05-05,9.30,8.41,E-958
CHK-0001033,B-09,CMP-VN,QX-BWS-626,2026-05-05,22.84,21.13,E-958
CHK-0001034,B-09,CMP-VN,QX-DRY-636,2026-05-05,4.36,3.93,E-958
CHK-0001035,B-09,CMP-VN,QX-HBC-657,2026-05-05,12.41,10.39,E-958
CHK-0001036,B-09,CMP-VN,QX-PRO-660,2026-05-05,1.66,1.40,E-958
CHK-0001037,B-09,CMP-VN,QX-BAK-706,2026-05-05,3.68,3.24,E-958
CHK-0001038,B-09,CMP-VN,QX-DRY-725,2026-05-05,8.07,6.90,E-958
CHK-0001039,B-09,CMP-VN,QX-CER-741,2026-05-05,3.57,3.14,E-958
CHK-0001040,B-09,CMP-VN,QX-PRO-742,2026-05-05,4.95,4.13,E-958
CHK-0001041,B-09,CMP-VN,QX-HHD-827,2026-05-05,5.56,4.68,E-958
CHK-0001042,B-09,CMP-VN,QX-BWS-839,2026-05-05,12.18,11.04,E-958
CHK-0001043,B-09,CMP-VN,QX-TIN-860,2026-05-05,1.81,1.65,E-958
CHK-0001044,B-09,CMP-VN,QX-BAK-874,2026-05-05,2.93,2.69,E-958
CHK-0001045,B-09,CMP-VN,QX-PRO-876,2026-05-05,1.27,1.09,E-958
CHK-0001046,B-09,CMP-VN,QX-DRY-913,2026-05-05,6.23,5.53,E-958
CHK-0001047,B-09,CMP-VN,QX-BWS-962,2026-05-05,45.32,38.19,E-958
CHK-0001048,B-09,CMP-VN,QX-FRZ-984,2026-05-05,7.32,6.30,E-958
CHK-0001049,B-09,CMP-VN,QX-PET-010,2026-05-05,12.77,11.14,E-958
CHK-0001050,B-09,CMP-VN,QX-DRK-020,2026-05-05,1.77,1.63,E-958
CHK-0001051,B-09,CMP-VN,QX-DRK-028,2026-05-05,5.40,4.64,E-958
CHK-0001052,B-09,CMP-VN,QX-PET-037,2026-05-05,6.27,5.75,E-958
CHK-0001053,B-09,CMP-VN,QX-DRY-056,2026-05-05,8.76,7.39,E-958
CHK-0001054,B-09,CMP-VN,QX-CER-103,2026-05-05,5.41,4.59,E-958
CHK-0001055,B-09,CMP-VN,QX-HBC-106,2026-05-05,12.96,10.90,E-958
CHK-0001056,B-09,CMP-VN,QX-PRO-131,2026-05-05,5.53,4.98,E-958
CHK-0001057,B-09,CMP-VN,QX-TIN-138,2026-05-05,3.05,2.81,E-958
CHK-0001058,B-09,CMP-VN,QX-DRY-144,2026-05-05,5.22,4.58,E-958
CHK-0001059,B-09,CMP-VN,QX-BWS-164,2026-05-05,35.45,32.25,E-958
CHK-0001060,B-09,CMP-VN,QX-DRY-179,2026-05-05,3.08,2.74,E-958
CHK-0001061,B-09,CMP-VN,QX-PRO-205,2026-05-05,3.88,3.27,E-958
CHK-0001062,B-09,CMP-VN,QX-PET-271,2026-05-05,4.43,3.88,E-958
CHK-0001063,B-09,CMP-VN,QX-BWS-316,2026-05-05,6.21,5.72,E-958
CHK-0001064,B-09,CMP-VN,QX-HBC-324,2026-05-05,5.13,4.67,E-958
CHK-0001065,B-09,CMP-VN,QX-TIN-343,2026-05-05,2.16,1.86,E-958
CHK-0001066,B-09,CMP-VN,QX-DRK-362,2026-05-05,4.23,3.60,E-958
CHK-0001067,B-09,CMP-VN,QX-TIN-383,2026-05-05,2.75,2.30,E-958
CHK-0001068,B-09,CMP-VN,QX-FRZ-385,2026-05-05,2.70,2.33,E-958
CHK-0001069,B-09,CMP-VN,QX-HHD-411,2026-05-05,7.18,6.29,E-958
CHK-0001070,B-09,CMP-VN,QX-DRK-453,2026-05-05,3.41,2.89,E-958
CHK-0001071,B-09,CMP-VN,QX-BWS-470,2026-05-05,26.81,23.07,E-958
CHK-0001072,B-09,CMP-VN,QX-FRZ-495,2026-05-05,2.86,2.59,E-958
CHK-0001073,B-09,CMP-VN,QX-HHD-515,2026-05-05,9.37,8.50,E-958
CHK-0001074,B-09,CMP-VN,QX-CER-529,2026-05-05,2.61,2.34,E-958
CHK-0001075,B-09,CMP-VN,QX-PRO-540,2026-05-05,4.48,3.78,E-958
CHK-0001076,B-09,CMP-VN,QX-FRZ-622,2026-05-05,4.58,4.06,E-958
CHK-0001077,B-09,CMP-VN,QX-BAK-629,2026-05-05,2.98,2.75,E-958
CHK-0001078,B-09,CMP-VN,QX-BWS-684,2026-05-05,32.16,26.93,E-958
CHK-0001079,B-09,CMP-VN,QX-CHL-695,2026-05-05,8.22,7.09,E-958
CHK-0001080,B-09,CMP-VN,QX-CHL-707,2026-05-05,1.81,1.53,E-958
CHK-0001081,B-09,CMP-VN,QX-HHD-762,2026-05-05,11.15,9.78,E-958
CHK-0001082,B-09,CMP-VN,QX-PET-789,2026-05-05,4.80,4.18,E-958
CHK-0001083,B-09,CMP-VN,QX-PET-807,2026-05-05,9.98,8.54,E-958
CHK-0001084,B-09,CMP-VN,QX-TIN-819,2026-05-05,1.66,1.44,E-958
CHK-0001085,B-09,CMP-VN,QX-DRY-851,2026-05-05,2.08,1.85,E-958
CHK-0001086,B-09,CMP-VN,QX-TIN-867,2026-05-05,0.61,0.55,E-958
CHK-0001087,B-09,CMP-VN,QX-DRY-870,2026-05-05,3.24,2.86,E-958
CHK-0001088,B-09,CMP-VN,QX-CHL-883,2026-05-05,8.26,7.33,E-958
CHK-0001089,B-09,CMP-VN,QX-BWS-897,2026-05-05,18.99,17.09,E-958
CHK-0001090,B-09,CMP-VN,QX-PRO-922,2026-05-05,1.41,1.30,E-958
CHK-0001091,B-09,CMP-VN,QX-BAK-942,2026-05-05,2.58,2.35,E-958
CHK-0001092,B-09,CMP-VN,QX-PRO-944,2026-05-05,4.44,4.10,E-958
CHK-0001093,B-09,CMP-VN,QX-BWS-950,2026-05-05,21.56,19.95,E-958
CHK-0001094,B-09,CMP-VN,QX-HHD-969,2026-05-05,6.37,5.53,E-958
CHK-0001095,B-09,CMP-VN,QX-BWS-977,2026-05-05,30.15,26.66,E-958
CHK-0001096,B-09,CMP-VN,QX-HBC-004,2026-05-05,7.97,6.86,E-958
CHK-0001097,B-09,CMP-VN,QX-HBC-048,2026-05-05,3.29,2.86,E-958
CHK-0001098,B-09,CMP-VN,QX-BWS-050,2026-05-05,14.02,11.69,E-958
CHK-0001099,B-09,CMP-VN,QX-CER-077,2026-05-05,3.48,3.02,E-958
CHK-0001100,B-09,CMP-VN,QX-CHL-091,2026-05-05,1.33,1.16,E-958
CHK-0001101,B-09,CMP-VN,QX-HHD-096,2026-05-05,7.57,6.50,E-958
CHK-0001102,B-09,CMP-VN,QX-HBC-107,2026-05-05,8.44,7.10,E-958
CHK-0001103,B-09,CMP-VN,QX-HHD-119,2026-05-05,3.55,3.10,E-958
CHK-0001104,B-09,CMP-VN,QX-CHL-136,2026-05-05,4.58,4.15,E-958
CHK-0001105,B-09,CMP-VN,QX-BWS-151,2026-05-05,21.79,19.14,E-958
CHK-0001106,B-09,CMP-VN,QX-HHD-168,2026-05-05,3.03,2.66,E-958
CHK-0001107,B-09,CMP-VN,QX-TIN-175,2026-05-05,1.44,1.30,E-958
CHK-0001108,B-09,CMP-VN,QX-DRY-193,2026-05-05,4.97,4.60,E-958
CHK-0001109,B-09,CMP-VN,QX-HHD-231,2026-05-05,8.36,7.70,E-958
CHK-0001110,B-09,CMP-VN,QX-BWS-271,2026-05-05,20.25,17.30,E-958
CHK-0001111,B-09,CMP-VN,QX-BWS-281,2026-05-05,19.38,16.29,E-958
CHK-0001112,B-09,CMP-VN,QX-HHD-295,2026-05-05,4.49,3.76,E-958
CHK-0001113,B-09,CMP-VN,QX-HBC-307,2026-05-05,11.48,10.54,E-958
CHK-0001114,B-09,CMP-VN,QX-CER-337,2026-05-05,3.52,3.21,E-958
CHK-0001115,B-09,CMP-VN,QX-BWS-350,2026-05-05,8.19,7.42,E-958
CHK-0001116,B-09,CMP-VN,QX-DRK-352,2026-05-05,5.99,5.54,E-958
CHK-0001117,B-09,CMP-VN,QX-TIN-353,2026-05-05,3.08,2.59,E-958
CHK-0001118,B-09,CMP-VN,QX-CER-371,2026-05-05,4.82,4.32,E-958
CHK-0001119,B-09,CMP-VN,QX-HHD-377,2026-05-05,8.92,7.53,E-958
CHK-0001120,B-09,CMP-VN,QX-CHL-389,2026-05-05,6.85,6.32,E-958
CHK-0001121,B-09,CMP-VN,QX-BAK-411,2026-05-05,4.52,4.09,E-958
CHK-0001122,B-09,CMP-VN,QX-PRO-412,2026-05-05,3.49,3.11,E-958
CHK-0001123,B-09,CMP-VN,QX-BWS-424,2026-05-05,13.85,11.89,E-958
CHK-0001124,B-08,CMP-HW,QX-CER-001,2026-05-06,2.86,2.85,E-903
CHK-0001125,B-08,CMP-HW,QX-TIN-045,2026-05-06,1.05,1.05,E-903
CHK-0001126,B-08,CMP-HW,QX-BWS-204,2026-05-06,33.34,34.16,E-903
CHK-0001127,B-08,CMP-HW,QX-BWS-209,2026-05-06,26.87,26.68,E-903
CHK-0001128,B-08,CMP-HW,QX-FRZ-225,2026-05-06,6.79,6.90,E-903
CHK-0001129,B-08,CMP-HW,QX-CHL-231,2026-05-06,7.84,8.06,E-903
CHK-0001130,B-08,CMP-HW,QX-HHD-252,2026-05-06,2.22,2.18,E-903
CHK-0001131,B-08,CMP-HW,QX-DRY-312,2026-05-06,1.98,2.00,E-903
CHK-0001132,B-08,CMP-HW,QX-PET-333,2026-05-06,5.82,5.66,E-903
CHK-0001133,B-08,CMP-HW,QX-BAK-335,2026-05-06,3.80,3.85,E-903
CHK-0001134,B-08,CMP-HW,QX-DRY-339,2026-05-06,1.49,1.53,E-903
CHK-0001135,B-08,CMP-HW,QX-TIN-347,2026-05-06,2.47,2.42,E-903
CHK-0001136,B-08,CMP-HW,QX-FRZ-410,2026-05-06,3.69,3.72,E-903
CHK-0001137,B-08,CMP-HW,QX-HBC-438,2026-05-06,11.85,12.16,E-903
CHK-0001138,B-08,CMP-HW,QX-PET-467,2026-05-06,1.18,1.19,E-903
CHK-0001139,B-08,CMP-HW,QX-DRY-476,2026-05-06,5.32,5.27,E-903
CHK-0001140,B-08,CMP-HW,QX-HHD-511,2026-05-06,12.15,11.91,E-903
CHK-0001141,B-08,CMP-HW,QX-PET-515,2026-05-06,1.37,1.38,E-903
CHK-0001142,B-08,CMP-HW,QX-BWS-557,2026-05-06,17.75,17.40,E-903
CHK-0001143,B-08,CMP-HW,QX-FRZ-598,2026-05-06,4.47,4.41,E-903
CHK-0001144,B-08,CMP-HW,QX-DRY-600,2026-05-06,2.70,2.71,E-903
CHK-0001145,B-08,CMP-HW,QX-BWS-614,2026-05-06,23.12,23.00,E-903
CHK-0001146,B-08,CMP-HW,QX-PET-623,2026-05-06,9.65,9.72,E-903
CHK-0001147,B-08,CMP-HW,QX-TIN-635,2026-05-06,0.89,0.90,E-903
CHK-0001148,B-08,CMP-HW,QX-DRY-636,2026-05-06,3.75,3.78,E-903
CHK-0001149,B-08,CMP-HW,QX-DRY-642,2026-05-06,2.82,2.78,E-903
CHK-0001150,B-08,CMP-HW,QX-PRO-688,2026-05-06,3.35,3.35,E-903
CHK-0001151,B-08,CMP-HW,QX-BAK-706,2026-05-06,3.05,3.12,E-903
CHK-0001152,B-08,CMP-HW,QX-DRK-712,2026-05-06,5.12,5.25,E-903
CHK-0001153,B-08,CMP-HW,QX-DRY-725,2026-05-06,6.54,6.63,E-903
CHK-0001154,B-08,CMP-HW,QX-DRY-767,2026-05-06,1.81,1.80,E-903
CHK-0001155,B-08,CMP-HW,QX-HBC-779,2026-05-06,6.18,6.13,E-903
CHK-0001156,B-08,CMP-HW,QX-TIN-826,2026-05-06,1.26,1.24,E-903
CHK-0001157,B-08,CMP-HW,QX-HHD-827,2026-05-06,4.61,4.50,E-903
CHK-0001158,B-08,CMP-HW,QX-DRY-866,2026-05-06,3.49,3.55,E-903
CHK-0001159,B-08,CMP-HW,QX-FRZ-907,2026-05-06,6.98,7.00,E-903
CHK-0001160,B-08,CMP-HW,QX-BAK-941,2026-05-06,1.32,1.31,E-903
CHK-0001161,B-08,CMP-HW,QX-FRZ-984,2026-05-06,6.11,6.06,E-903
CHK-0001162,B-08,CMP-HW,QX-DRK-000,2026-05-06,5.19,5.14,E-903
CHK-0001163,B-08,CMP-HW,QX-DRY-026,2026-05-06,1.17,1.14,E-903
CHK-0001164,B-08,CMP-HW,QX-DRK-028,2026-05-06,4.36,4.46,E-903
CHK-0001165,B-08,CMP-HW,QX-PET-037,2026-05-06,5.40,5.53,E-903
CHK-0001166,B-08,CMP-HW,QX-CER-103,2026-05-06,4.35,4.41,E-903
CHK-0001167,B-08,CMP-HW,QX-HBC-106,2026-05-06,10.43,10.48,E-903
CHK-0001168,B-08,CMP-HW,QX-TIN-108,2026-05-06,2.22,2.26,E-903
CHK-0001169,B-08,CMP-HW,QX-PRO-131,2026-05-06,4.91,4.79,E-903
CHK-0001170,B-08,CMP-HW,QX-DRK-134,2026-05-06,4.51,4.62,E-903
CHK-0001171,B-08,CMP-HW,QX-TIN-138,2026-05-06,2.74,2.70,E-903
CHK-0001172,B-08,CMP-HW,QX-BWS-164,2026-05-06,30.33,31.01,E-903
CHK-0001173,B-08,CMP-HW,QX-DRY-179,2026-05-06,2.69,2.63,E-903
CHK-0001174,B-08,CMP-HW,QX-PRO-205,2026-05-06,3.20,3.14,E-903
CHK-0001175,B-08,CMP-HW,QX-TIN-285,2026-05-06,0.86,0.85,E-903
CHK-0001176,B-08,CMP-HW,QX-DRY-314,2026-05-06,2.65,2.58,E-903
CHK-0001177,B-08,CMP-HW,QX-HBC-325,2026-05-06,2.84,2.91,E-903
CHK-0001178,B-08,CMP-HW,QX-FRZ-385,2026-05-06,2.26,2.24,E-903
CHK-0001179,B-08,CMP-HW,QX-FRZ-495,2026-05-06,2.44,2.49,E-903
CHK-0001180,B-08,CMP-HW,QX-CER-529,2026-05-06,2.19,2.25,E-903
CHK-0001181,B-08,CMP-HW,QX-PRO-540,2026-05-06,3.67,3.63,E-903
CHK-0001182,B-08,CMP-HW,QX-CER-589,2026-05-06,1.41,1.39,E-903
CHK-0001183,B-08,CMP-HW,QX-FRZ-622,2026-05-06,3.89,3.90,E-903
CHK-0001184,B-08,CMP-HW,QX-HHD-660,2026-05-06,1.94,1.90,E-903
CHK-0001185,B-08,CMP-HW,QX-BWS-684,2026-05-06,25.69,25.89,E-903
CHK-0001186,B-08,CMP-HW,QX-CHL-707,2026-05-06,1.49,1.47,E-903
CHK-0001187,B-08,CMP-HW,QX-TIN-710,2026-05-06,1.69,1.68,E-903
CHK-0001188,B-08,CMP-HW,QX-PRO-718,2026-05-06,4.68,4.56,E-903
CHK-0001189,B-08,CMP-HW,QX-CHL-734,2026-05-06,20.87,20.27,E-903
CHK-0001190,B-08,CMP-HW,QX-HHD-758,2026-05-06,11.65,11.82,E-903
CHK-0001191,B-08,CMP-HW,QX-HHD-762,2026-05-06,9.38,9.40,E-903
CHK-0001192,B-08,CMP-HW,QX-PET-789,2026-05-06,3.94,4.02,E-903
CHK-0001193,B-08,CMP-HW,QX-TIN-819,2026-05-06,1.35,1.38,E-903
CHK-0001194,B-08,CMP-HW,QX-DRY-851,2026-05-06,1.81,1.78,E-903
CHK-0001195,B-08,CMP-HW,QX-DRY-870,2026-05-06,2.72,2.75,E-903
CHK-0001196,B-08,CMP-HW,QX-CHL-883,2026-05-06,6.87,7.05,E-903
CHK-0001197,B-08,CMP-HW,QX-FRZ-890,2026-05-06,5.41,5.47,E-903
CHK-0001198,B-08,CMP-HW,QX-PRO-922,2026-05-06,1.24,1.25,E-903
CHK-0001199,B-08,CMP-HW,QX-HBC-004,2026-05-06,6.42,6.60,E-903
CHK-0001200,B-08,CMP-HW,QX-BWS-050,2026-05-06,11.01,11.24,E-903
CHK-0001201,B-08,CMP-HW,QX-DRY-075,2026-05-06,7.19,7.13,E-903
CHK-0001202,B-08,CMP-HW,QX-CER-077,2026-05-06,2.97,2.90,E-903
CHK-0001203,B-08,CMP-HW,QX-TIN-110,2026-05-06,0.69,0.70,E-903
CHK-0001204,B-08,CMP-HW,QX-BWS-114,2026-05-06,6.53,6.69,E-903
CHK-0001205,B-08,CMP-HW,QX-HHD-119,2026-05-06,2.89,2.98,E-903
CHK-0001206,B-08,CMP-HW,QX-BWS-151,2026-05-06,17.97,18.40,E-903
CHK-0001207,B-08,CMP-HW,QX-HHD-182,2026-05-06,9.05,8.93,E-903
CHK-0001208,B-08,CMP-HW,QX-BAK-184,2026-05-06,6.86,6.84,E-903
CHK-0001209,B-08,CMP-HW,QX-DRY-193,2026-05-06,4.45,4.42,E-903
CHK-0001210,B-08,CMP-HW,QX-HHD-231,2026-05-06,7.27,7.40,E-903
CHK-0001211,B-08,CMP-HW,QX-BWS-271,2026-05-06,16.39,16.63,E-903
CHK-0001212,B-08,CMP-HW,QX-HBC-307,2026-05-06,9.85,10.13,E-903
CHK-0001213,B-08,CMP-HW,QX-HBC-329,2026-05-06,9.65,9.88,E-903
CHK-0001214,B-08,CMP-HW,QX-HBC-331,2026-05-06,13.78,14.03,E-903
CHK-0001215,B-08,CMP-HW,QX-PRO-341,2026-05-06,2.95,2.96,E-903
CHK-0001216,B-08,CMP-HW,QX-BWS-350,2026-05-06,7.21,7.13,E-903
CHK-0001217,B-08,CMP-HW,QX-DRK-352,2026-05-06,5.30,5.33,E-903
CHK-0001218,B-08,CMP-HW,QX-TIN-353,2026-05-06,2.55,2.49,E-903
CHK-0001219,B-08,CMP-HW,QX-TIN-355,2026-05-06,1.29,1.32,E-903
CHK-0001220,B-08,CMP-HW,QX-PRO-373,2026-05-06,4.34,4.46,E-903
CHK-0001221,B-08,CMP-HW,QX-CHL-389,2026-05-06,6.08,6.08,E-903
CHK-0001222,B-08,CMP-HW,QX-BAK-411,2026-05-06,3.88,3.93,E-903
CHK-0001223,B-08,CMP-HW,QX-PRO-412,2026-05-06,3.05,2.99,E-903
CHK-0001224,B-08,CMP-HW,QX-CER-423,2026-05-06,4.16,4.18,E-903
CHK-0001225,B-08,CMP-HW,QX-BWS-424,2026-05-06,11.76,11.43,E-903
CHK-0001226,B-08,CMP-HW,QX-CER-436,2026-05-06,1.50,1.54,E-903
CHK-0001227,B-09,CMP-BG,QX-TIN-203,2026-05-06,1.98,2.15,E-944
CHK-0001228,B-09,CMP-BG,QX-BWS-209,2026-05-06,26.22,27.75,E-944
CHK-0001229,B-09,CMP-BG,QX-FRZ-225,2026-05-06,6.61,7.18,E-944
CHK-0001230,B-09,CMP-BG,QX-CHL-231,2026-05-06,7.99,8.38,E-944
CHK-0001231,B-09,CMP-BG,QX-CER-248,2026-05-06,2.76,2.97,E-944
CHK-0001232,B-09,CMP-BG,QX-HHD-252,2026-05-06,2.09,2.27,E-944
CHK-0001233,B-09,CMP-BG,QX-FRZ-259,2026-05-06,5.94,6.27,E-944
CHK-0001234,B-09,CMP-BG,QX-BWS-324,2026-05-06,13.81,14.45,E-944
CHK-0001235,B-09,CMP-BG,QX-PET-333,2026-05-06,5.38,5.89,E-944
CHK-0001236,B-09,CMP-BG,QX-BAK-335,2026-05-06,3.72,4.00,E-944
CHK-0001237,B-09,CMP-BG,QX-DRY-339,2026-05-06,1.52,1.59,E-944
CHK-0001238,B-09,CMP-BG,QX-TIN-347,2026-05-06,2.28,2.52,E-944
CHK-0001239,B-09,CMP-BG,QX-DRY-351,2026-05-06,3.28,3.68,E-944
CHK-0001240,B-09,CMP-BG,QX-BAK-386,2026-05-06,3.94,4.24,E-944
CHK-0001241,B-09,CMP-BG,QX-BWS-405,2026-05-06,27.30,29.99,E-944
CHK-0001242,B-09,CMP-BG,QX-FRZ-442,2026-05-06,7.42,8.21,E-944
CHK-0001243,B-09,CMP-BG,QX-CER-444,2026-05-06,1.63,1.82,E-944
CHK-0001244,B-09,CMP-BG,QX-PET-454,2026-05-06,1.18,1.28,E-944
CHK-0001245,B-09,CMP-BG,QX-PET-467,2026-05-06,1.19,1.24,E-944
CHK-0001246,B-09,CMP-BG,QX-DRY-476,2026-05-06,5.21,5.48,E-944
CHK-0001247,B-09,CMP-BG,QX-DRY-491,2026-05-06,2.72,2.86,E-944
CHK-0001248,B-09,CMP-BG,QX-HHD-511,2026-05-06,11.62,12.39,E-944
CHK-0001249,B-09,CMP-BG,QX-PET-515,2026-05-06,1.32,1.44,E-944
CHK-0001250,B-09,CMP-BG,QX-BWS-543,2026-05-06,11.09,12.06,E-944
CHK-0001251,B-09,CMP-BG,QX-BWS-557,2026-05-06,16.23,18.10,E-944
CHK-0001252,B-09,CMP-BG,QX-BWS-614,2026-05-06,22.42,23.92,E-944
CHK-0001253,B-09,CMP-BG,QX-DRY-636,2026-05-06,3.57,3.93,E-944
CHK-0001254,B-09,CMP-BG,QX-BWS-639,2026-05-06,4.98,5.25,E-944
CHK-0001255,B-09,CMP-BG,QX-HBC-657,2026-05-06,9.95,10.39,E-944
CHK-0001256,B-09,CMP-BG,QX-PRO-688,2026-05-06,3.26,3.48,E-944
CHK-0001257,B-09,CMP-BG,QX-PET-693,2026-05-06,0.86,0.95,E-944
CHK-0001258,B-09,CMP-BG,QX-BAK-706,2026-05-06,3.07,3.24,E-944
CHK-0001259,B-09,CMP-BG,QX-FRZ-709,2026-05-06,1.68,1.80,E-944
CHK-0001260,B-09,CMP-BG,QX-DRK-712,2026-05-06,5.19,5.46,E-944
CHK-0001261,B-09,CMP-BG,QX-DRY-725,2026-05-06,6.49,6.90,E-944
CHK-0001262,B-09,CMP-BG,QX-PRO-742,2026-05-06,3.92,4.13,E-944
CHK-0001263,B-09,CMP-BG,QX-DRY-767,2026-05-06,1.67,1.87,E-944
CHK-0001264,B-09,CMP-BG,QX-HBC-779,2026-05-06,5.95,6.38,E-944
CHK-0001265,B-09,CMP-BG,QX-CHL-792,2026-05-06,4.40,4.82,E-944
CHK-0001266,B-09,CMP-BG,QX-CER-825,2026-05-06,3.63,4.06,E-944
CHK-0001267,B-09,CMP-BG,QX-TIN-826,2026-05-06,1.20,1.29,E-944
CHK-0001268,B-09,CMP-BG,QX-HHD-827,2026-05-06,4.26,4.68,E-944
CHK-0001269,B-09,CMP-BG,QX-BAK-851,2026-05-06,5.77,6.15,E-944
CHK-0001270,B-09,CMP-BG,QX-TIN-860,2026-05-06,1.53,1.65,E-944
CHK-0001271,B-09,CMP-BG,QX-DRY-866,2026-05-06,3.42,3.69,E-944
CHK-0001272,B-09,CMP-BG,QX-PRO-876,2026-05-06,1.01,1.09,E-944
CHK-0001273,B-09,CMP-BG,QX-CHL-897,2026-05-06,4.35,4.80,E-944
CHK-0001274,B-09,CMP-BG,QX-DRY-913,2026-05-06,5.19,5.53,E-944
CHK-0001275,B-09,CMP-BG,QX-BAK-941,2026-05-06,1.27,1.36,E-944
CHK-0001276,B-09,CMP-BG,QX-TIN-002,2026-05-06,0.94,1.00,E-944
CHK-0001277,B-09,CMP-BG,QX-DRK-020,2026-05-06,1.55,1.63,E-944
CHK-0001278,B-09,CMP-BG,QX-DRK-028,2026-05-06,4.44,4.64,E-944
CHK-0001279,B-09,CMP-BG,QX-CER-103,2026-05-06,4.35,4.59,E-944
CHK-0001280,B-09,CMP-BG,QX-TIN-108,2026-05-06,2.15,2.35,E-944
CHK-0001281,B-09,CMP-BG,QX-DRK-134,2026-05-06,4.59,4.80,E-944
CHK-0001282,B-09,CMP-BG,QX-TIN-138,2026-05-06,2.66,2.81,E-944
CHK-0001283,B-09,CMP-BG,QX-DRY-144,2026-05-06,4.25,4.58,E-944
CHK-0001284,B-09,CMP-BG,QX-BWS-164,2026-05-06,30.28,32.25,E-944
CHK-0001285,B-09,CMP-BG,QX-DRY-179,2026-05-06,2.48,2.74,E-944
CHK-0001286,B-09,CMP-BG,QX-PRO-205,2026-05-06,3.13,3.27,E-944
CHK-0001287,B-09,CMP-BG,QX-BWS-316,2026-05-06,5.16,5.72,E-944
CHK-0001288,B-09,CMP-BG,QX-HBC-324,2026-05-06,4.42,4.67,E-944
CHK-0001289,B-09,CMP-BG,QX-CHL-334,2026-05-06,16.58,18.43,E-944
CHK-0001290,B-09,CMP-BG,QX-TIN-343,2026-05-06,1.77,1.86,E-944
CHK-0001291,B-09,CMP-BG,QX-DRK-362,2026-05-06,3.27,3.60,E-944
CHK-0001292,B-09,CMP-BG,QX-DRK-378,2026-05-06,1.82,2.00,E-944
CHK-0001293,B-09,CMP-BG,QX-FRZ-385,2026-05-06,2.10,2.33,E-944
CHK-0001294,B-09,CMP-BG,QX-HBC-393,2026-05-06,12.50,13.96,E-944
CHK-0001295,B-09,CMP-BG,QX-HHD-411,2026-05-06,5.70,6.29,E-944
CHK-0001296,B-09,CMP-BG,QX-FRZ-495,2026-05-06,2.37,2.59,E-944
CHK-0001297,B-09,CMP-BG,QX-CER-504,2026-05-06,1.61,1.71,E-944
CHK-0001298,B-09,CMP-BG,QX-HHD-515,2026-05-06,7.72,8.50,E-944
CHK-0001299,B-09,CMP-BG,QX-PRO-540,2026-05-06,3.41,3.78,E-944
CHK-0001300,B-09,CMP-BG,QX-CER-589,2026-05-06,1.36,1.45,E-944
CHK-0001301,B-09,CMP-BG,QX-BAK-613,2026-05-06,2.22,2.33,E-944
CHK-0001302,B-09,CMP-BG,QX-BAK-629,2026-05-06,2.50,2.75,E-944
CHK-0001303,B-09,CMP-BG,QX-CHL-707,2026-05-06,1.45,1.53,E-944
CHK-0001304,B-09,CMP-BG,QX-TIN-710,2026-05-06,1.67,1.75,E-944
CHK-0001305,B-09,CMP-BG,QX-BAK-715,2026-05-06,2.38,2.62,E-944
CHK-0001306,B-09,CMP-BG,QX-PRO-718,2026-05-06,4.31,4.74,E-944
CHK-0001307,B-09,CMP-BG,QX-CHL-734,2026-05-06,19.60,21.08,E-944
CHK-0001308,B-09,CMP-BG,QX-PET-789,2026-05-06,3.77,4.18,E-944
CHK-0001309,B-09,CMP-BG,QX-PET-807,2026-05-06,7.87,8.54,E-944
CHK-0001310,B-09,CMP-BG,QX-TIN-819,2026-05-06,1.35,1.44,E-944
CHK-0001311,B-09,CMP-BG,QX-HHD-829,2026-05-06,8.65,9.44,E-944
CHK-0001312,B-09,CMP-BG,QX-BWS-838,2026-05-06,12.78,13.58,E-944
CHK-0001313,B-09,CMP-BG,QX-TIN-867,2026-05-06,0.52,0.55,E-944
CHK-0001314,B-09,CMP-BG,QX-CHL-883,2026-05-06,6.79,7.33,E-944
CHK-0001315,B-09,CMP-BG,QX-BWS-897,2026-05-06,16.10,17.09,E-944
CHK-0001316,B-09,CMP-BG,QX-PRO-922,2026-05-06,1.16,1.30,E-944
CHK-0001317,B-09,CMP-BG,QX-FRZ-928,2026-05-06,6.52,7.32,E-944
CHK-0001318,B-09,CMP-BG,QX-BAK-942,2026-05-06,2.21,2.35,E-944
CHK-0001319,B-09,CMP-BG,QX-PRO-944,2026-05-06,3.93,4.10,E-944
CHK-0001320,B-09,CMP-BG,QX-BWS-950,2026-05-06,18.32,19.95,E-944
CHK-0001321,B-09,CMP-BG,QX-HHD-969,2026-05-06,5.26,5.53,E-944
CHK-0001322,B-09,CMP-BG,QX-BWS-977,2026-05-06,25.05,26.66,E-944
CHK-0001323,B-09,CMP-BG,QX-HBC-004,2026-05-06,6.47,6.86,E-944
CHK-0001324,B-09,CMP-BG,QX-BWS-050,2026-05-06,10.95,11.69,E-944
CHK-0001325,B-09,CMP-BG,QX-DRY-075,2026-05-06,6.69,7.42,E-944
CHK-0001326,B-09,CMP-BG,QX-CHL-091,2026-05-06,1.04,1.16,E-944
CHK-0001327,B-09,CMP-BG,QX-HBC-107,2026-05-06,6.54,7.10,E-944
CHK-0001328,B-09,CMP-BG,QX-TIN-110,2026-05-06,0.71,0.75,E-944
CHK-0001329,B-09,CMP-BG,QX-BWS-114,2026-05-06,6.65,6.96,E-944
CHK-0001330,B-09,CMP-BG,QX-HHD-119,2026-05-06,2.80,3.10,E-944
CHK-0001331,B-09,CMP-BG,QX-DRK-133,2026-05-06,3.83,4.25,E-944
CHK-0001332,B-09,CMP-BG,QX-BWS-151,2026-05-06,17.31,19.14,E-944
CHK-0001333,B-09,CMP-BG,QX-TIN-175,2026-05-06,1.18,1.30,E-944
CHK-0001334,B-09,CMP-BG,QX-DRK-176,2026-05-06,1.13,1.23,E-944
CHK-0001335,B-09,CMP-BG,QX-DRK-177,2026-05-06,5.31,5.81,E-944
CHK-0001336,B-09,CMP-BG,QX-BAK-184,2026-05-06,6.41,7.11,E-944
CHK-0001337,B-09,CMP-BG,QX-HHD-231,2026-05-06,6.98,7.70,E-944
CHK-0001338,B-09,CMP-BG,QX-CER-264,2026-05-06,3.87,4.09,E-944
CHK-0001339,B-09,CMP-BG,QX-BWS-271,2026-05-06,16.21,17.30,E-944
CHK-0001340,B-09,CMP-BG,QX-BWS-281,2026-05-06,15.20,16.29,E-944
CHK-0001341,B-09,CMP-BG,QX-DRK-291,2026-05-06,1.40,1.56,E-944
CHK-0001342,B-09,CMP-BG,QX-HHD-295,2026-05-06,3.43,3.76,E-944
CHK-0001343,B-09,CMP-BG,QX-TIN-317,2026-05-06,1.08,1.15,E-944
CHK-0001344,B-09,CMP-BG,QX-CER-337,2026-05-06,2.98,3.21,E-944
CHK-0001345,B-09,CMP-BG,QX-PRO-341,2026-05-06,2.76,3.08,E-944
CHK-0001346,B-09,CMP-BG,QX-BWS-350,2026-05-06,6.87,7.42,E-944
CHK-0001347,B-09,CMP-BG,QX-DRK-352,2026-05-06,5.13,5.54,E-944
CHK-0001348,B-09,CMP-BG,QX-TIN-353,2026-05-06,2.33,2.59,E-944
CHK-0001349,B-09,CMP-BG,QX-TIN-355,2026-05-06,1.27,1.37,E-944
CHK-0001350,B-09,CMP-BG,QX-HHD-377,2026-05-06,6.97,7.53,E-944
CHK-0001351,B-09,CMP-BG,QX-CHL-389,2026-05-06,6.00,6.32,E-944
CHK-0001352,B-09,CMP-BG,QX-PRO-412,2026-05-06,2.97,3.11,E-944
CHK-0001353,B-09,CMP-BG,QX-CER-423,2026-05-06,3.92,4.35,E-944
CHK-0001354,B-09,CMP-BG,QX-BWS-424,2026-05-06,10.65,11.89,E-944
CHK-0001355,B-04,CMP-KL,QX-TIN-045,2026-05-06,1.04,1.14,E-977
CHK-0001356,B-04,CMP-KL,QX-PRO-213,2026-05-06,5.25,5.57,E-977
CHK-0001357,B-04,CMP-KL,QX-PRO-218,2026-05-06,2.49,2.62,E-977
CHK-0001358,B-04,CMP-KL,QX-FRZ-225,2026-05-06,7.12,7.52,E-977
CHK-0001359,B-04,CMP-KL,QX-CHL-230,2026-05-06,3.63,4.03,E-977
CHK-0001360,B-04,CMP-KL,QX-PET-232,2026-05-06,4.66,5.00,E-977
CHK-0001361,B-04,CMP-KL,QX-CER-248,2026-05-06,2.78,3.12,E-977
CHK-0001362,B-04,CMP-KL,QX-FRZ-259,2026-05-06,6.16,6.57,E-977
CHK-0001363,B-04,CMP-KL,QX-BAK-297,2026-05-06,7.81,8.46,E-977
CHK-0001364,B-04,CMP-KL,QX-FRZ-306,2026-05-06,4.52,4.75,E-977
CHK-0001365,B-04,CMP-KL,QX-BWS-324,2026-05-06,14.18,15.14,E-977
CHK-0001366,B-04,CMP-KL,QX-DRY-351,2026-05-06,3.62,3.86,E-977
CHK-0001367,B-04,CMP-KL,QX-BAK-386,2026-05-06,4.25,4.45,E-977
CHK-0001368,B-04,CMP-KL,QX-FRZ-410,2026-05-06,3.65,4.05,E-977
CHK-0001369,B-04,CMP-KL,QX-CHL-424,2026-05-06,20.01,21.68,E-977
CHK-0001370,B-04,CMP-KL,QX-HBC-438,2026-05-06,12.06,13.25,E-977
CHK-0001371,B-04,CMP-KL,QX-FRZ-442,2026-05-06,8.04,8.60,E-977
CHK-0001372,B-04,CMP-KL,QX-CER-444,2026-05-06,1.78,1.91,E-977
CHK-0001373,B-04,CMP-KL,QX-PET-454,2026-05-06,1.24,1.34,E-977
CHK-0001374,B-04,CMP-KL,QX-DRY-491,2026-05-06,2.68,3.00,E-977
CHK-0001375,B-04,CMP-KL,QX-HHD-511,2026-05-06,11.89,12.98,E-977
CHK-0001376,B-04,CMP-KL,QX-BWS-543,2026-05-06,11.87,12.64,E-977
CHK-0001377,B-04,CMP-KL,QX-BWS-557,2026-05-06,17.39,18.97,E-977
CHK-0001378,B-04,CMP-KL,QX-DRY-600,2026-05-06,2.66,2.95,E-977
CHK-0001379,B-04,CMP-KL,QX-BAK-615,2026-05-06,2.10,2.31,E-977
CHK-0001380,B-04,CMP-KL,QX-BWS-626,2026-05-06,19.98,22.15,E-977
CHK-0001381,B-04,CMP-KL,QX-TIN-635,2026-05-06,0.85,0.95,E-977
CHK-0001382,B-04,CMP-KL,QX-DRY-636,2026-05-06,3.84,4.12,E-977
CHK-0001383,B-04,CMP-KL,QX-BWS-639,2026-05-06,4.94,5.50,E-977
CHK-0001384,B-04,CMP-KL,QX-DRY-642,2026-05-06,2.70,3.03,E-977
CHK-0001385,B-04,CMP-KL,QX-HBC-657,2026-05-06,10.23,10.89,E-977
CHK-0001386,B-04,CMP-KL,QX-PRO-660,2026-05-06,1.33,1.47,E-977
CHK-0001387,B-04,CMP-KL,QX-PRO-688,2026-05-06,3.49,3.65,E-977
CHK-0001388,B-04,CMP-KL,QX-PET-693,2026-05-06,0.96,1.01,E-977
CHK-0001389,B-04,CMP-KL,QX-FRZ-709,2026-05-06,1.77,1.89,E-977
CHK-0001390,B-04,CMP-KL,QX-DRK-712,2026-05-06,5.20,5.72,E-977
CHK-0001391,B-04,CMP-KL,QX-DRY-725,2026-05-06,6.47,7.23,E-977
CHK-0001392,B-04,CMP-KL,QX-CER-741,2026-05-06,3.06,3.29,E-977
CHK-0001393,B-04,CMP-KL,QX-PRO-761,2026-05-06,2.08,2.19,E-977
CHK-0001394,B-04,CMP-KL,QX-HBC-779,2026-05-06,6.32,6.68,E-977
CHK-0001395,B-04,CMP-KL,QX-TIN-826,2026-05-06,1.26,1.35,E-977
CHK-0001396,B-04,CMP-KL,QX-BAK-851,2026-05-06,6.09,6.44,E-977
CHK-0001397,B-04,CMP-KL,QX-TIN-860,2026-05-06,1.58,1.73,E-977
CHK-0001398,B-04,CMP-KL,QX-BAK-874,2026-05-06,2.69,2.82,E-977
CHK-0001399,B-04,CMP-KL,QX-CHL-897,2026-05-06,4.80,5.04,E-977
CHK-0001400,B-04,CMP-KL,QX-FRZ-907,2026-05-06,7.10,7.63,E-977
CHK-0001401,B-04,CMP-KL,QX-DRY-913,2026-05-06,5.21,5.80,E-977
CHK-0001402,B-04,CMP-KL,QX-BAK-941,2026-05-06,1.35,1.43,E-977
CHK-0001403,B-04,CMP-KL,QX-TIN-002,2026-05-06,0.95,1.05,E-977
CHK-0001404,B-04,CMP-KL,QX-DRY-026,2026-05-06,1.17,1.24,E-977
CHK-0001405,B-04,CMP-KL,QX-DRK-028,2026-05-06,4.64,4.86,E-977
CHK-0001406,B-04,CMP-KL,QX-CER-103,2026-05-06,4.47,4.81,E-977
CHK-0001407,B-04,CMP-KL,QX-HBC-106,2026-05-06,10.52,11.42,E-977
CHK-0001408,B-04,CMP-KL,QX-TIN-108,2026-05-06,2.28,2.46,E-977
CHK-0001409,B-04,CMP-KL,QX-DRY-144,2026-05-06,4.53,4.80,E-977
CHK-0001410,B-04,CMP-KL,QX-BWS-164,2026-05-06,31.84,33.80,E-977
CHK-0001411,B-04,CMP-KL,QX-DRY-179,2026-05-06,2.64,2.87,E-977
CHK-0001412,B-04,CMP-KL,QX-PET-271,2026-05-06,3.71,4.07,E-977
CHK-0001413,B-04,CMP-KL,QX-TIN-285,2026-05-06,0.81,0.90,E-977
CHK-0001414,B-04,CMP-KL,QX-DRY-314,2026-05-06,2.55,2.81,E-977
CHK-0001415,B-04,CMP-KL,QX-TIN-383,2026-05-06,2.28,2.41,E-977
CHK-0001416,B-04,CMP-KL,QX-FRZ-385,2026-05-06,2.29,2.44,E-977
CHK-0001417,B-04,CMP-KL,QX-HBC-393,2026-05-06,13.24,14.63,E-977
CHK-0001418,B-04,CMP-KL,QX-DRK-453,2026-05-06,2.90,3.03,E-977
CHK-0001419,B-04,CMP-KL,QX-BWS-470,2026-05-06,21.58,24.18,E-977
CHK-0001420,B-04,CMP-KL,QX-FRZ-495,2026-05-06,2.53,2.71,E-977
CHK-0001421,B-04,CMP-KL,QX-HHD-515,2026-05-06,8.14,8.91,E-977
CHK-0001422,B-04,CMP-KL,QX-CER-529,2026-05-06,2.21,2.45,E-977
CHK-0001423,B-04,CMP-KL,QX-PRO-540,2026-05-06,3.74,3.96,E-977
CHK-0001424,B-04,CMP-KL,QX-CER-589,2026-05-06,1.46,1.52,E-977
CHK-0001425,B-04,CMP-KL,QX-BAK-629,2026-05-06,2.75,2.88,E-977
CHK-0001426,B-04,CMP-KL,QX-HHD-660,2026-05-06,1.93,2.07,E-977
CHK-0001427,B-04,CMP-KL,QX-DRK-670,2026-05-06,6.55,6.92,E-977
CHK-0001428,B-04,CMP-KL,QX-TIN-677,2026-05-06,0.85,0.90,E-977
CHK-0001429,B-04,CMP-KL,QX-FRZ-680,2026-05-06,5.65,5.96,E-977
CHK-0001430,B-04,CMP-KL,QX-HHD-682,2026-05-06,3.34,3.49,E-977
CHK-0001431,B-04,CMP-KL,QX-BWS-684,2026-05-06,26.00,28.22,E-977
CHK-0001432,B-04,CMP-KL,QX-TIN-710,2026-05-06,1.64,1.83,E-977
CHK-0001433,B-04,CMP-KL,QX-HHD-758,2026-05-06,11.76,12.88,E-977
CHK-0001434,B-04,CMP-KL,QX-HHD-762,2026-05-06,9.70,10.25,E-977
CHK-0001435,B-04,CMP-KL,QX-PET-807,2026-05-06,8.15,8.95,E-977
CHK-0001436,B-04,CMP-KL,QX-TIN-819,2026-05-06,1.41,1.50,E-977
CHK-0001437,B-04,CMP-KL,QX-HHD-829,2026-05-06,9.31,9.90,E-977
CHK-0001438,B-04,CMP-KL,QX-DRY-851,2026-05-06,1.84,1.94,E-977
CHK-0001439,B-04,CMP-KL,QX-TIN-867,2026-05-06,0.54,0.60,E-977
CHK-0001440,B-04,CMP-KL,QX-FRZ-890,2026-05-06,5.61,5.96,E-977
CHK-0001441,B-04,CMP-KL,QX-BWS-897,2026-05-06,16.81,17.91,E-977
CHK-0001442,B-04,CMP-KL,QX-BAK-942,2026-05-06,2.34,2.46,E-977
CHK-0001443,B-04,CMP-KL,QX-BWS-950,2026-05-06,18.92,20.91,E-977
CHK-0001444,B-04,CMP-KL,QX-HHD-969,2026-05-06,5.28,5.80,E-977
CHK-0001445,B-04,CMP-KL,QX-HBC-004,2026-05-06,6.78,7.19,E-977
CHK-0001446,B-04,CMP-KL,QX-HBC-048,2026-05-06,2.74,3.00,E-977
CHK-0001447,B-04,CMP-KL,QX-DRY-075,2026-05-06,7.41,7.77,E-977
CHK-0001448,B-04,CMP-KL,QX-CHL-091,2026-05-06,1.15,1.22,E-977
CHK-0001449,B-04,CMP-KL,QX-HBC-107,2026-05-06,7.02,7.44,E-977
CHK-0001450,B-04,CMP-KL,QX-CHL-136,2026-05-06,3.95,4.35,E-977
CHK-0001451,B-04,CMP-KL,QX-PRO-171,2026-05-06,3.90,4.23,E-977
CHK-0001452,B-04,CMP-KL,QX-DRK-177,2026-05-06,5.73,6.09,E-977
CHK-0001453,B-04,CMP-KL,QX-HHD-182,2026-05-06,8.93,9.73,E-977
CHK-0001454,B-04,CMP-KL,QX-DRY-193,2026-05-06,4.30,4.82,E-977
CHK-0001455,B-04,CMP-KL,QX-DRY-199,2026-05-06,5.39,5.97,E-977
CHK-0001456,B-04,CMP-KL,QX-DRK-291,2026-05-06,1.51,1.64,E-977
CHK-0001457,B-04,CMP-KL,QX-HHD-295,2026-05-06,3.75,3.95,E-977
CHK-0001458,B-04,CMP-KL,QX-HBC-329,2026-05-06,10.22,10.77,E-977
CHK-0001459,B-04,CMP-KL,QX-TIN-353,2026-05-06,2.45,2.71,E-977
CHK-0001460,B-04,CMP-KL,QX-TIN-355,2026-05-06,1.37,1.44,E-977
CHK-0001461,B-04,CMP-KL,QX-PRO-373,2026-05-06,4.34,4.86,E-977
CHK-0001462,B-04,CMP-KL,QX-CHL-389,2026-05-06,5.92,6.63,E-977
CHK-0001463,B-04,CMP-KL,QX-BAK-411,2026-05-06,3.81,4.28,E-977
CHK-0001464,B-04,CMP-KL,QX-CER-423,2026-05-06,4.31,4.56,E-977
CHK-0001465,B-04,CMP-KL,QX-BWS-424,2026-05-06,11.69,12.46,E-977
CHK-0001466,B-04,CMP-VN,QX-TIN-045,2026-05-06,1.34,1.14,E-973
CHK-0001467,B-04,CMP-VN,QX-TIN-203,2026-05-06,2.46,2.26,E-973
CHK-0001468,B-04,CMP-VN,QX-PRO-218,2026-05-06,2.97,2.62,E-973
CHK-0001469,B-04,CMP-VN,QX-CHL-231,2026-05-06,10.30,8.79,E-973
CHK-0001470,B-04,CMP-VN,QX-FRZ-259,2026-05-06,7.17,6.57,E-973
CHK-0001471,B-04,CMP-VN,QX-FRZ-306,2026-05-06,5.37,4.75,E-973
CHK-0001472,B-04,CMP-VN,QX-DRY-312,2026-05-06,2.36,2.18,E-973
CHK-0001473,B-04,CMP-VN,QX-BWS-324,2026-05-06,16.69,15.14,E-973
CHK-0001474,B-04,CMP-VN,QX-PET-333,2026-05-06,7.26,6.17,E-973
CHK-0001475,B-04,CMP-VN,QX-BAK-335,2026-05-06,4.66,4.20,E-973
CHK-0001476,B-04,CMP-VN,QX-DRY-339,2026-05-06,1.83,1.67,E-973
CHK-0001477,B-04,CMP-VN,QX-TIN-347,2026-05-06,3.03,2.64,E-973
CHK-0001478,B-04,CMP-VN,QX-FRZ-410,2026-05-06,4.42,4.05,E-973
CHK-0001479,B-04,CMP-VN,QX-HBC-438,2026-05-06,15.27,13.25,E-973
CHK-0001480,B-04,CMP-VN,QX-FRZ-442,2026-05-06,9.29,8.60,E-973
CHK-0001481,B-04,CMP-VN,QX-CER-444,2026-05-06,2.29,1.91,E-973
CHK-0001482,B-04,CMP-VN,QX-PET-467,2026-05-06,1.55,1.30,E-973
CHK-0001483,B-04,CMP-VN,QX-DRY-491,2026-05-06,3.47,3.00,E-973
CHK-0001484,B-04,CMP-VN,QX-HHD-511,2026-05-06,14.39,12.98,E-973
CHK-0001485,B-04,CMP-VN,QX-BWS-557,2026-05-06,21.68,18.97,E-973
CHK-0001486,B-04,CMP-VN,QX-DRY-600,2026-05-06,3.52,2.95,E-973
CHK-0001487,B-04,CMP-VN,QX-BAK-615,2026-05-06,2.57,2.31,E-973
CHK-0001488,B-04,CMP-VN,QX-TIN-635,2026-05-06,1.05,0.95,E-973
CHK-0001489,B-04,CMP-VN,QX-DRY-636,2026-05-06,4.48,4.12,E-973
CHK-0001490,B-04,CMP-VN,QX-BWS-639,2026-05-06,6.51,5.50,E-973
CHK-0001491,B-04,CMP-VN,QX-HBC-657,2026-05-06,12.07,10.89,E-973
CHK-0001492,B-04,CMP-VN,QX-PRO-688,2026-05-06,3.94,3.65,E-973
CHK-0001493,B-04,CMP-VN,QX-PET-693,2026-05-06,1.18,1.01,E-973
CHK-0001494,B-04,CMP-VN,QX-BAK-706,2026-05-06,3.98,3.40,E-973
CHK-0001495,B-04,CMP-VN,QX-DRY-725,2026-05-06,8.49,7.23,E-973
CHK-0001496,B-04,CMP-VN,QX-CER-741,2026-05-06,3.68,3.29,E-973
CHK-0001497,B-04,CMP-VN,QX-DRY-767,2026-05-06,2.30,1.96,E-973
CHK-0001498,B-04,CMP-VN,QX-CER-825,2026-05-06,5.01,4.25,E-973
CHK-0001499,B-04,CMP-VN,QX-DRY-866,2026-05-06,4.53,3.87,E-973
CHK-0001500,B-04,CMP-VN,QX-CHL-897,2026-05-06,5.82,5.04,E-973
CHK-0001501,B-04,CMP-VN,QX-FRZ-907,2026-05-06,8.35,7.63,E-973
CHK-0001502,B-04,CMP-VN,QX-BAK-941,2026-05-06,1.59,1.43,E-973
CHK-0001503,B-04,CMP-VN,QX-DRK-000,2026-05-06,6.65,5.60,E-973
CHK-0001504,B-04,CMP-VN,QX-TIN-002,2026-05-06,1.21,1.05,E-973
CHK-0001505,B-04,CMP-VN,QX-PET-010,2026-05-06,12.63,11.67,E-973
CHK-0001506,B-04,CMP-VN,QX-DRK-020,2026-05-06,1.88,1.71,E-973
CHK-0001507,B-04,CMP-VN,QX-DRK-028,2026-05-06,5.56,4.86,E-973
CHK-0001508,B-04,CMP-VN,QX-DRY-056,2026-05-06,8.56,7.75,E-973
CHK-0001509,B-04,CMP-VN,QX-TIN-108,2026-05-06,2.81,2.46,E-973
CHK-0001510,B-04,CMP-VN,QX-PRO-131,2026-05-06,5.97,5.22,E-973
CHK-0001511,B-04,CMP-VN,QX-DRK-134,2026-05-06,6.01,5.04,E-973
CHK-0001512,B-04,CMP-VN,QX-DRY-144,2026-05-06,5.50,4.80,E-973
CHK-0001513,B-04,CMP-VN,QX-DRY-179,2026-05-06,3.33,2.87,E-973
CHK-0001514,B-04,CMP-VN,QX-PRO-205,2026-05-06,3.72,3.42,E-973
CHK-0001515,B-04,CMP-VN,QX-BWS-280,2026-05-06,17.42,14.83,E-973
CHK-0001516,B-04,CMP-VN,QX-TIN-285,2026-05-06,1.03,0.90,E-973
CHK-0001517,B-04,CMP-VN,QX-BWS-316,2026-05-06,6.91,6.00,E-973
CHK-0001518,B-04,CMP-VN,QX-HBC-324,2026-05-06,5.52,4.89,E-973
CHK-0001519,B-04,CMP-VN,QX-HBC-325,2026-05-06,3.71,3.17,E-973
CHK-0001520,B-04,CMP-VN,QX-CHL-334,2026-05-06,20.95,19.31,E-973
CHK-0001521,B-04,CMP-VN,QX-DRK-362,2026-05-06,4.23,3.77,E-973
CHK-0001522,B-04,CMP-VN,QX-TIN-383,2026-05-06,2.71,2.41,E-973
CHK-0001523,B-04,CMP-VN,QX-FRZ-385,2026-05-06,2.86,2.44,E-973
CHK-0001524,B-04,CMP-VN,QX-HBC-393,2026-05-06,17.34,14.63,E-973
CHK-0001525,B-04,CMP-VN,QX-HHD-411,2026-05-06,7.22,6.59,E-973
CHK-0001526,B-04,CMP-VN,QX-BWS-470,2026-05-06,27.37,24.18,E-973
CHK-0001527,B-04,CMP-VN,QX-HHD-515,2026-05-06,9.93,8.91,E-973
CHK-0001528,B-04,CMP-VN,QX-PRO-540,2026-05-06,4.58,3.96,E-973
CHK-0001529,B-04,CMP-VN,QX-CER-589,2026-05-06,1.74,1.52,E-973
CHK-0001530,B-04,CMP-VN,QX-BAK-613,2026-05-06,2.91,2.44,E-973
CHK-0001531,B-04,CMP-VN,QX-BAK-629,2026-05-06,3.14,2.88,E-973
CHK-0001532,B-04,CMP-VN,QX-HHD-660,2026-05-06,2.38,2.07,E-973
CHK-0001533,B-04,CMP-VN,QX-DRK-670,2026-05-06,8.18,6.92,E-973
CHK-0001534,B-04,CMP-VN,QX-FRZ-680,2026-05-06,7.07,5.96,E-973
CHK-0001535,B-04,CMP-VN,QX-HHD-682,2026-05-06,4.01,3.49,E-973
CHK-0001536,B-04,CMP-VN,QX-BWS-684,2026-05-06,32.81,28.22,E-973
CHK-0001537,B-04,CMP-VN,QX-TIN-710,2026-05-06,2.19,1.83,E-973
CHK-0001538,B-04,CMP-VN,QX-PRO-718,2026-05-06,5.88,4.97,E-973
CHK-0001539,B-04,CMP-VN,QX-HHD-762,2026-05-06,11.57,10.25,E-973
CHK-0001540,B-04,CMP-VN,QX-PET-789,2026-05-06,4.87,4.38,E-973
CHK-0001541,B-04,CMP-VN,QX-PET-807,2026-05-06,10.61,8.95,E-973
CHK-0001542,B-04,CMP-VN,QX-HHD-829,2026-05-06,11.59,9.90,E-973
CHK-0001543,B-04,CMP-VN,QX-BWS-838,2026-05-06,16.78,14.24,E-973
CHK-0001544,B-04,CMP-VN,QX-DRY-851,2026-05-06,2.30,1.94,E-973
CHK-0001545,B-04,CMP-VN,QX-TIN-867,2026-05-06,0.71,0.60,E-973
CHK-0001546,B-04,CMP-VN,QX-PRO-922,2026-05-06,1.51,1.36,E-973
CHK-0001547,B-04,CMP-VN,QX-BAK-942,2026-05-06,2.89,2.46,E-973
CHK-0001548,B-04,CMP-VN,QX-HBC-048,2026-05-06,3.30,3.00,E-973
CHK-0001549,B-04,CMP-VN,QX-BWS-050,2026-05-06,14.42,12.25,E-973
CHK-0001550,B-04,CMP-VN,QX-DRY-075,2026-05-06,8.80,7.77,E-973
CHK-0001551,B-04,CMP-VN,QX-CHL-091,2026-05-06,1.35,1.22,E-973
CHK-0001552,B-04,CMP-VN,QX-HBC-107,2026-05-06,8.39,7.44,E-973
CHK-0001553,B-04,CMP-VN,QX-BWS-114,2026-05-06,8.48,7.29,E-973
CHK-0001554,B-04,CMP-VN,QX-HHD-119,2026-05-06,3.81,3.25,E-973
CHK-0001555,B-04,CMP-VN,QX-DRK-133,2026-05-06,5.28,4.46,E-973
CHK-0001556,B-04,CMP-VN,QX-CHL-136,2026-05-06,5.17,4.35,E-973
CHK-0001557,B-04,CMP-VN,QX-BWS-151,2026-05-06,22.63,20.06,E-973
CHK-0001558,B-04,CMP-VN,QX-PRO-171,2026-05-06,4.72,4.23,E-973
CHK-0001559,B-04,CMP-VN,QX-TIN-175,2026-05-06,1.62,1.36,E-973
CHK-0001560,B-04,CMP-VN,QX-DRK-177,2026-05-06,7.18,6.09,E-973
CHK-0001561,B-04,CMP-VN,QX-HHD-182,2026-05-06,10.58,9.73,E-973
CHK-0001562,B-04,CMP-VN,QX-BAK-184,2026-05-06,8.63,7.46,E-973
CHK-0001563,B-04,CMP-VN,QX-HHD-231,2026-05-06,9.02,8.07,E-973
CHK-0001564,B-04,CMP-VN,QX-BWS-281,2026-05-06,18.84,17.07,E-973
CHK-0001565,B-04,CMP-VN,QX-HBC-307,2026-05-06,12.09,11.04,E-973
CHK-0001566,B-04,CMP-VN,QX-CER-337,2026-05-06,3.77,3.37,E-973
CHK-0001567,B-04,CMP-VN,QX-BWS-350,2026-05-06,8.97,7.77,E-973
CHK-0001568,B-04,CMP-VN,QX-DRK-352,2026-05-06,6.85,5.81,E-973
CHK-0001569,B-04,CMP-VN,QX-TIN-353,2026-05-06,2.93,2.71,E-973
CHK-0001570,B-04,CMP-VN,QX-TIN-355,2026-05-06,1.72,1.44,E-973
CHK-0001571,B-04,CMP-VN,QX-CER-371,2026-05-06,5.08,4.52,E-973
CHK-0001572,B-04,CMP-VN,QX-PRO-373,2026-05-06,5.25,4.86,E-973
CHK-0001573,B-04,CMP-VN,QX-HHD-377,2026-05-06,8.53,7.89,E-973
CHK-0001574,B-04,CMP-VN,QX-CHL-389,2026-05-06,7.30,6.63,E-973
CHK-0001575,B-04,CMP-VN,QX-PRO-412,2026-05-06,3.65,3.26,E-973
CHK-0001576,B-02,CMP-BG,QX-TIN-203,2026-05-06,2.10,2.36,E-994
CHK-0001577,B-02,CMP-BG,QX-BWS-204,2026-05-06,35.80,38.94,E-994
CHK-0001578,B-02,CMP-BG,QX-FRZ-225,2026-05-06,7.07,7.87,E-994
CHK-0001579,B-02,CMP-BG,QX-PET-232,2026-05-06,4.85,5.23,E-994
CHK-0001580,B-02,CMP-BG,QX-CER-248,2026-05-06,3.04,3.26,E-994
CHK-0001581,B-02,CMP-BG,QX-BAK-297,2026-05-06,8.35,8.85,E-994
CHK-0001582,B-02,CMP-BG,QX-FRZ-306,2026-05-06,4.66,4.97,E-994
CHK-0001583,B-02,CMP-BG,QX-PET-333,2026-05-06,5.79,6.45,E-994
CHK-0001584,B-02,CMP-BG,QX-BAK-335,2026-05-06,4.02,4.39,E-994
CHK-0001585,B-02,CMP-BG,QX-BAK-386,2026-05-06,4.15,4.65,E-994
CHK-0001586,B-02,CMP-BG,QX-FRZ-410,2026-05-06,3.83,4.24,E-994
CHK-0001587,B-02,CMP-BG,QX-CHL-424,2026-05-06,21.09,22.67,E-994
CHK-0001588,B-02,CMP-BG,QX-FRZ-442,2026-05-06,8.49,8.99,E-994
CHK-0001589,B-02,CMP-BG,QX-PET-454,2026-05-06,1.34,1.40,E-994
CHK-0001590,B-02,CMP-BG,QX-PET-467,2026-05-06,1.22,1.36,E-994
CHK-0001591,B-02,CMP-BG,QX-PRO-487,2026-05-06,4.29,4.70,E-994
CHK-0001592,B-02,CMP-BG,QX-HHD-511,2026-05-06,12.31,13.58,E-994
CHK-0001593,B-02,CMP-BG,QX-PET-515,2026-05-06,1.44,1.57,E-994
CHK-0001594,B-02,CMP-BG,QX-BWS-557,2026-05-06,18.24,19.84,E-994
CHK-0001595,B-02,CMP-BG,QX-PET-622,2026-05-06,8.43,9.22,E-994
CHK-0001596,B-02,CMP-BG,QX-TIN-635,2026-05-06,0.92,1.01,E-994
CHK-0001597,B-02,CMP-BG,QX-DRY-636,2026-05-06,3.86,4.31,E-994
CHK-0001598,B-02,CMP-BG,QX-BWS-639,2026-05-06,5.41,5.76,E-994
CHK-0001599,B-02,CMP-BG,QX-DRY-642,2026-05-06,2.96,3.17,E-994
CHK-0001600,B-02,CMP-BG,QX-PRO-688,2026-05-06,3.66,3.82,E-994
CHK-0001601,B-02,CMP-BG,QX-PET-693,2026-05-06,0.95,1.06,E-994
CHK-0001602,B-02,CMP-BG,QX-BAK-706,2026-05-06,3.41,3.56,E-994
CHK-0001603,B-02,CMP-BG,QX-FRZ-709,2026-05-06,1.84,1.97,E-994
CHK-0001604,B-02,CMP-BG,QX-DRK-712,2026-05-06,5.56,5.99,E-994
CHK-0001605,B-02,CMP-BG,QX-DRY-725,2026-05-06,6.75,7.56,E-994
CHK-0001606,B-02,CMP-BG,QX-CER-741,2026-05-06,3.07,3.44,E-994
CHK-0001607,B-02,CMP-BG,QX-DRY-767,2026-05-06,1.85,2.05,E-994
CHK-0001608,B-02,CMP-BG,QX-TIN-826,2026-05-06,1.35,1.41,E-994
CHK-0001609,B-02,CMP-BG,QX-HHD-827,2026-05-06,4.66,5.13,E-994
CHK-0001610,B-02,CMP-BG,QX-TIN-860,2026-05-06,1.68,1.81,E-994
CHK-0001611,B-02,CMP-BG,QX-DRY-866,2026-05-06,3.68,4.05,E-994
CHK-0001612,B-02,CMP-BG,QX-BAK-874,2026-05-06,2.70,2.95,E-994
CHK-0001613,B-02,CMP-BG,QX-CHL-897,2026-05-06,5.02,5.27,E-994
CHK-0001614,B-02,CMP-BG,QX-BAK-941,2026-05-06,1.41,1.49,E-994
CHK-0001615,B-02,CMP-BG,QX-TIN-002,2026-05-06,1.03,1.09,E-994
CHK-0001616,B-02,CMP-BG,QX-PET-010,2026-05-06,11.15,12.21,E-994
CHK-0001617,B-02,CMP-BG,QX-DRY-026,2026-05-06,1.22,1.30,E-994
CHK-0001618,B-02,CMP-BG,QX-DRK-028,2026-05-06,4.79,5.08,E-994
CHK-0001619,B-02,CMP-BG,QX-PET-037,2026-05-06,5.80,6.30,E-994
CHK-0001620,B-02,CMP-BG,QX-DRY-056,2026-05-06,7.33,8.11,E-994
CHK-0001621,B-02,CMP-BG,QX-HBC-106,2026-05-06,10.86,11.95,E-994
CHK-0001622,B-02,CMP-BG,QX-TIN-108,2026-05-06,2.41,2.58,E-994
CHK-0001623,B-02,CMP-BG,QX-PRO-131,2026-05-06,5.02,5.46,E-994
CHK-0001624,B-02,CMP-BG,QX-TIN-138,2026-05-06,2.89,3.08,E-994
CHK-0001625,B-02,CMP-BG,QX-DRY-144,2026-05-06,4.53,5.02,E-994
CHK-0001626,B-02,CMP-BG,QX-DRY-179,2026-05-06,2.85,3.00,E-994
CHK-0001627,B-02,CMP-BG,QX-PET-271,2026-05-06,3.88,4.25,E-994
CHK-0001628,B-02,CMP-BG,QX-BWS-280,2026-05-06,14.05,15.52,E-994
CHK-0001629,B-02,CMP-BG,QX-TIN-285,2026-05-06,0.89,0.95,E-994
CHK-0001630,B-02,CMP-BG,QX-DRY-314,2026-05-06,2.73,2.94,E-994
CHK-0001631,B-02,CMP-BG,QX-BWS-316,2026-05-06,5.78,6.27,E-994
CHK-0001632,B-02,CMP-BG,QX-HBC-324,2026-05-06,4.89,5.12,E-994
CHK-0001633,B-02,CMP-BG,QX-CHL-334,2026-05-06,18.19,20.20,E-994
CHK-0001634,B-02,CMP-BG,QX-DRK-378,2026-05-06,1.98,2.19,E-994
CHK-0001635,B-02,CMP-BG,QX-TIN-383,2026-05-06,2.32,2.52,E-994
CHK-0001636,B-02,CMP-BG,QX-FRZ-385,2026-05-06,2.41,2.55,E-994
CHK-0001637,B-02,CMP-BG,QX-HHD-411,2026-05-06,6.47,6.90,E-994
CHK-0001638,B-02,CMP-BG,QX-DRK-453,2026-05-06,3.01,3.17,E-994
CHK-0001639,B-02,CMP-BG,QX-BWS-470,2026-05-06,23.19,25.29,E-994
CHK-0001640,B-02,CMP-BG,QX-FRZ-495,2026-05-06,2.62,2.84,E-994
CHK-0001641,B-02,CMP-BG,QX-HHD-515,2026-05-06,8.47,9.31,E-994
CHK-0001642,B-02,CMP-BG,QX-PRO-580,2026-05-06,5.21,5.63,E-994
CHK-0001643,B-02,CMP-BG,QX-CER-589,2026-05-06,1.46,1.58,E-994
CHK-0001644,B-02,CMP-BG,QX-BAK-613,2026-05-06,2.44,2.55,E-994
CHK-0001645,B-02,CMP-BG,QX-DRK-670,2026-05-06,6.44,7.24,E-994
CHK-0001646,B-02,CMP-BG,QX-FRZ-680,2026-05-06,5.73,6.24,E-994
CHK-0001647,B-02,CMP-BG,QX-HHD-682,2026-05-06,3.45,3.65,E-994
CHK-0001648,B-02,CMP-BG,QX-CHL-695,2026-05-06,6.96,7.77,E-994
CHK-0001649,B-02,CMP-BG,QX-PRO-718,2026-05-06,4.96,5.20,E-994
CHK-0001650,B-02,CMP-BG,QX-PET-789,2026-05-06,4.34,4.58,E-994
CHK-0001651,B-02,CMP-BG,QX-BWS-838,2026-05-06,13.69,14.89,E-994
CHK-0001652,B-02,CMP-BG,QX-TIN-867,2026-05-06,0.62,0.65,E-994
CHK-0001653,B-02,CMP-BG,QX-DRY-870,2026-05-06,2.99,3.14,E-994
CHK-0001654,B-02,CMP-BG,QX-BWS-897,2026-05-06,17.00,18.73,E-994
CHK-0001655,B-02,CMP-BG,QX-PRO-922,2026-05-06,1.31,1.42,E-994
CHK-0001656,B-02,CMP-BG,QX-FRZ-928,2026-05-06,7.64,8.03,E-994
CHK-0001657,B-02,CMP-BG,QX-BAK-942,2026-05-06,2.47,2.58,E-994
CHK-0001658,B-02,CMP-BG,QX-PRO-944,2026-05-06,4.23,4.49,E-994
CHK-0001659,B-02,CMP-BG,QX-HHD-969,2026-05-06,5.61,6.06,E-994
CHK-0001660,B-02,CMP-BG,QX-HBC-004,2026-05-06,6.82,7.52,E-994
CHK-0001661,B-02,CMP-BG,QX-HBC-048,2026-05-06,2.90,3.14,E-994
CHK-0001662,B-02,CMP-BG,QX-TIN-066,2026-05-06,2.28,2.42,E-994
CHK-0001663,B-02,CMP-BG,QX-DRY-075,2026-05-06,7.79,8.13,E-994
CHK-0001664,B-02,CMP-BG,QX-CER-077,2026-05-06,2.99,3.31,E-994
CHK-0001665,B-02,CMP-BG,QX-CHL-091,2026-05-06,1.19,1.28,E-994
CHK-0001666,B-02,CMP-BG,QX-HHD-096,2026-05-06,6.42,7.12,E-994
CHK-0001667,B-02,CMP-BG,QX-HBC-107,2026-05-06,6.99,7.79,E-994
CHK-0001668,B-02,CMP-BG,QX-HHD-119,2026-05-06,3.25,3.40,E-994
CHK-0001669,B-02,CMP-BG,QX-CHL-136,2026-05-06,4.16,4.55,E-994
CHK-0001670,B-02,CMP-BG,QX-HHD-168,2026-05-06,2.78,2.92,E-994
CHK-0001671,B-02,CMP-BG,QX-TIN-175,2026-05-06,1.35,1.42,E-994
CHK-0001672,B-02,CMP-BG,QX-DRK-177,2026-05-06,5.78,6.37,E-994
CHK-0001673,B-02,CMP-BG,QX-HHD-182,2026-05-06,9.11,10.18,E-994
CHK-0001674,B-02,CMP-BG,QX-HHD-231,2026-05-06,7.71,8.44,E-994
CHK-0001675,B-02,CMP-BG,QX-CER-264,2026-05-06,4.10,4.48,E-994
CHK-0001676,B-02,CMP-BG,QX-BWS-271,2026-05-06,17.04,18.96,E-994
CHK-0001677,B-02,CMP-BG,QX-BWS-281,2026-05-06,16.53,17.85,E-994
CHK-0001678,B-02,CMP-BG,QX-HHD-295,2026-05-06,3.73,4.13,E-994
CHK-0001679,B-02,CMP-BG,QX-TIN-317,2026-05-06,1.20,1.27,E-994
CHK-0001680,B-02,CMP-BG,QX-HBC-329,2026-05-06,10.07,11.26,E-994
CHK-0001681,B-02,CMP-BG,QX-DRK-352,2026-05-06,5.72,6.08,E-994
CHK-0001682,B-02,CMP-BG,QX-TIN-353,2026-05-06,2.64,2.84,E-994
CHK-0001683,B-02,CMP-BG,QX-TIN-355,2026-05-06,1.42,1.50,E-994
CHK-0001684,B-02,CMP-BG,QX-PRO-412,2026-05-06,3.08,3.41,E-994
CHK-0001685,B-02,CMP-BG,QX-CER-423,2026-05-06,4.57,4.77,E-994
CHK-0001686,B-02,CMP-BG,QX-BWS-424,2026-05-06,11.96,13.03,E-994
CHK-0001687,B-01,CMP-HW,QX-TIN-203,2026-05-06,1.95,1.95,E-1004
CHK-0001688,B-01,CMP-HW,QX-BWS-204,2026-05-06,32.82,32.11,E-1004
CHK-0001689,B-01,CMP-HW,QX-BWS-209,2026-05-06,24.81,25.08,E-1004
CHK-0001690,B-01,CMP-HW,QX-FRZ-225,2026-05-06,6.32,6.49,E-1004
CHK-0001691,B-01,CMP-HW,QX-CHL-231,2026-05-06,7.75,7.58,E-1004
CHK-0001692,B-01,CMP-HW,QX-CER-248,2026-05-06,2.63,2.69,E-1004
CHK-0001693,B-01,CMP-HW,QX-BAK-297,2026-05-06,7.33,7.29,E-1004
CHK-0001694,B-01,CMP-HW,QX-DRY-312,2026-05-06,1.86,1.88,E-1004
CHK-0001695,B-01,CMP-HW,QX-BWS-324,2026-05-06,12.79,13.06,E-1004
CHK-0001696,B-01,CMP-HW,QX-PET-333,2026-05-06,5.38,5.32,E-1004
CHK-0001697,B-01,CMP-HW,QX-BAK-335,2026-05-06,3.55,3.62,E-1004
CHK-0001698,B-01,CMP-HW,QX-DRY-339,2026-05-06,1.46,1.44,E-1004
CHK-0001699,B-01,CMP-HW,QX-TIN-347,2026-05-06,2.26,2.27,E-1004
CHK-0001700,B-01,CMP-HW,QX-DRY-351,2026-05-06,3.25,3.33,E-1004
CHK-0001701,B-01,CMP-HW,QX-BAK-386,2026-05-06,3.95,3.84,E-1004
CHK-0001702,B-01,CMP-HW,QX-BWS-405,2026-05-06,27.73,27.11,E-1004
CHK-0001703,B-01,CMP-HW,QX-FRZ-410,2026-05-06,3.59,3.50,E-1004
CHK-0001704,B-01,CMP-HW,QX-CHL-424,2026-05-06,18.99,18.70,E-1004
CHK-0001705,B-01,CMP-HW,QX-HBC-438,2026-05-06,11.22,11.43,E-1004
CHK-0001706,B-01,CMP-HW,QX-FRZ-442,2026-05-06,7.62,7.42,E-1004
CHK-0001707,B-01,CMP-HW,QX-CER-444,2026-05-06,1.62,1.65,E-1004
CHK-0001708,B-01,CMP-HW,QX-PRO-487,2026-05-06,3.78,3.87,E-1004
CHK-0001709,B-01,CMP-HW,QX-DRY-491,2026-05-06,2.56,2.59,E-1004
CHK-0001710,B-01,CMP-HW,QX-HHD-511,2026-05-06,11.01,11.20,E-1004
CHK-0001711,B-01,CMP-HW,QX-PET-515,2026-05-06,1.29,1.30,E-1004
CHK-0001712,B-01,CMP-HW,QX-BWS-557,2026-05-06,15.99,16.36,E-1004
CHK-0001713,B-01,CMP-HW,QX-FRZ-598,2026-05-06,4.16,4.15,E-1004
CHK-0001714,B-01,CMP-HW,QX-DRY-600,2026-05-06,2.51,2.55,E-1004
CHK-0001715,B-01,CMP-HW,QX-BWS-626,2026-05-06,19.63,19.10,E-1004
CHK-0001716,B-01,CMP-HW,QX-BWS-639,2026-05-06,4.66,4.75,E-1004
CHK-0001717,B-01,CMP-HW,QX-HBC-657,2026-05-06,9.27,9.39,E-1004
CHK-0001718,B-01,CMP-HW,QX-PRO-660,2026-05-06,1.30,1.27,E-1004
CHK-0001719,B-01,CMP-HW,QX-PRO-688,2026-05-06,3.11,3.15,E-1004
CHK-0001720,B-01,CMP-HW,QX-BAK-706,2026-05-06,3.01,2.93,E-1004
CHK-0001721,B-01,CMP-HW,QX-DRK-712,2026-05-06,4.85,4.93,E-1004
CHK-0001722,B-01,CMP-HW,QX-CER-741,2026-05-06,2.77,2.84,E-1004
CHK-0001723,B-01,CMP-HW,QX-PRO-742,2026-05-06,3.63,3.73,E-1004
CHK-0001724,B-01,CMP-HW,QX-PRO-761,2026-05-06,1.93,1.89,E-1004
CHK-0001725,B-01,CMP-HW,QX-DRY-767,2026-05-06,1.66,1.69,E-1004
CHK-0001726,B-01,CMP-HW,QX-HBC-779,2026-05-06,5.66,5.76,E-1004
CHK-0001727,B-01,CMP-HW,QX-CHL-792,2026-05-06,4.32,4.35,E-1004
CHK-0001728,B-01,CMP-HW,QX-HHD-827,2026-05-06,4.14,4.23,E-1004
CHK-0001729,B-01,CMP-HW,QX-BWS-839,2026-05-06,10.13,9.98,E-1004
CHK-0001730,B-01,CMP-HW,QX-TIN-860,2026-05-06,1.52,1.49,E-1004
CHK-0001731,B-01,CMP-HW,QX-BAK-874,2026-05-06,2.37,2.43,E-1004
CHK-0001732,B-01,CMP-HW,QX-PRO-876,2026-05-06,1.02,1.00,E-1004
CHK-0001733,B-01,CMP-HW,QX-CHL-897,2026-05-06,4.33,4.34,E-1004
CHK-0001734,B-01,CMP-HW,QX-FRZ-907,2026-05-06,6.49,6.58,E-1004
CHK-0001735,B-01,CMP-HW,QX-BAK-941,2026-05-06,1.20,1.23,E-1004
CHK-0001736,B-01,CMP-HW,QX-BWS-962,2026-05-06,34.04,34.52,E-1004
CHK-0001737,B-01,CMP-HW,QX-DRK-000,2026-05-06,4.90,4.83,E-1004
CHK-0001738,B-01,CMP-HW,QX-DRK-020,2026-05-06,1.47,1.48,E-1004
CHK-0001739,B-01,CMP-HW,QX-DRY-026,2026-05-06,1.04,1.07,E-1004
CHK-0001740,B-01,CMP-HW,QX-DRK-028,2026-05-06,4.07,4.19,E-1004
CHK-0001741,B-01,CMP-HW,QX-PET-037,2026-05-06,5.19,5.20,E-1004
CHK-0001742,B-01,CMP-HW,QX-DRY-056,2026-05-06,6.81,6.68,E-1004
CHK-0001743,B-01,CMP-HW,QX-TIN-108,2026-05-06,2.09,2.12,E-1004
CHK-0001744,B-01,CMP-HW,QX-PRO-131,2026-05-06,4.40,4.50,E-1004
CHK-0001745,B-01,CMP-HW,QX-DRK-134,2026-05-06,4.42,4.34,E-1004
CHK-0001746,B-01,CMP-HW,QX-TIN-138,2026-05-06,2.54,2.54,E-1004
CHK-0001747,B-01,CMP-HW,QX-DRY-144,2026-05-06,4.14,4.14,E-1004
CHK-0001748,B-01,CMP-HW,QX-BWS-164,2026-05-06,29.79,29.15,E-1004
CHK-0001749,B-01,CMP-HW,QX-PRO-205,2026-05-06,2.88,2.95,E-1004
CHK-0001750,B-01,CMP-HW,QX-PET-271,2026-05-06,3.50,3.51,E-1004
CHK-0001751,B-01,CMP-HW,QX-DRY-314,2026-05-06,2.48,2.43,E-1004
CHK-0001752,B-01,CMP-HW,QX-BWS-316,2026-05-06,5.25,5.17,E-1004
CHK-0001753,B-01,CMP-HW,QX-HBC-324,2026-05-06,4.11,4.22,E-1004
CHK-0001754,B-01,CMP-HW,QX-HBC-325,2026-05-06,2.69,2.74,E-1004
CHK-0001755,B-01,CMP-HW,QX-TIN-343,2026-05-06,1.72,1.68,E-1004
CHK-0001756,B-01,CMP-HW,QX-TIN-383,2026-05-06,2.03,2.08,E-1004
CHK-0001757,B-01,CMP-HW,QX-FRZ-385,2026-05-06,2.17,2.11,E-1004
CHK-0001758,B-01,CMP-HW,QX-BWS-470,2026-05-06,21.27,20.85,E-1004
CHK-0001759,B-01,CMP-HW,QX-CER-504,2026-05-06,1.51,1.54,E-1004
CHK-0001760,B-01,CMP-HW,QX-PRO-540,2026-05-06,3.34,3.41,E-1004
CHK-0001761,B-01,CMP-HW,QX-PRO-580,2026-05-06,4.74,4.64,E-1004
CHK-0001762,B-01,CMP-HW,QX-CER-589,2026-05-06,1.33,1.31,E-1004
CHK-0001763,B-01,CMP-HW,QX-DRK-670,2026-05-06,6.02,5.97,E-1004
CHK-0001764,B-01,CMP-HW,QX-FRZ-680,2026-05-06,5.10,5.14,E-1004
CHK-0001765,B-01,CMP-HW,QX-HHD-682,2026-05-06,3.01,3.01,E-1004
CHK-0001766,B-01,CMP-HW,QX-CHL-695,2026-05-06,6.45,6.41,E-1004
CHK-0001767,B-01,CMP-HW,QX-TIN-710,2026-05-06,1.60,1.58,E-1004
CHK-0001768,B-01,CMP-HW,QX-BAK-715,2026-05-06,2.43,2.37,E-1004
CHK-0001769,B-01,CMP-HW,QX-PRO-718,2026-05-06,4.30,4.29,E-1004
CHK-0001770,B-01,CMP-HW,QX-CHL-734,2026-05-06,18.52,19.05,E-1004
CHK-0001771,B-01,CMP-HW,QX-PET-789,2026-05-06,3.72,3.78,E-1004
CHK-0001772,B-01,CMP-HW,QX-PET-807,2026-05-06,7.62,7.72,E-1004
CHK-0001773,B-01,CMP-HW,QX-TIN-819,2026-05-06,1.29,1.30,E-1004
CHK-0001774,B-01,CMP-HW,QX-HHD-829,2026-05-06,8.71,8.54,E-1004
CHK-0001775,B-01,CMP-HW,QX-DRY-870,2026-05-06,2.57,2.59,E-1004
CHK-0001776,B-01,CMP-HW,QX-FRZ-890,2026-05-06,5.09,5.14,E-1004
CHK-0001777,B-01,CMP-HW,QX-BWS-897,2026-05-06,15.79,15.44,E-1004
CHK-0001778,B-01,CMP-HW,QX-PRO-922,2026-05-06,1.19,1.17,E-1004
CHK-0001779,B-01,CMP-HW,QX-BAK-942,2026-05-06,2.09,2.12,E-1004
CHK-0001780,B-01,CMP-HW,QX-PRO-944,2026-05-06,3.77,3.70,E-1004
CHK-0001781,B-01,CMP-HW,QX-BWS-950,2026-05-06,17.49,18.03,E-1004
CHK-0001782,B-01,CMP-HW,QX-HHD-957,2026-05-06,2.05,2.05,E-1004
CHK-0001783,B-01,CMP-HW,QX-BWS-977,2026-05-06,23.39,24.09,E-1004
CHK-0001784,B-01,CMP-HW,QX-FRZ-983,2026-05-06,2.91,2.94,E-1004
CHK-0001785,B-01,CMP-HW,QX-HBC-048,2026-05-06,2.59,2.59,E-1004
CHK-0001786,B-01,CMP-HW,QX-BWS-050,2026-05-06,10.67,10.57,E-1004
CHK-0001787,B-01,CMP-HW,QX-DRY-075,2026-05-06,6.86,6.70,E-1004
CHK-0001788,B-01,CMP-HW,QX-CHL-091,2026-05-06,1.06,1.05,E-1004
CHK-0001789,B-01,CMP-HW,QX-HBC-107,2026-05-06,6.26,6.42,E-1004
CHK-0001790,B-01,CMP-HW,QX-DRK-133,2026-05-06,3.81,3.84,E-1004
CHK-0001791,B-01,CMP-HW,QX-CHL-136,2026-05-06,3.79,3.75,E-1004
CHK-0001792,B-01,CMP-HW,QX-PRO-171,2026-05-06,3.62,3.65,E-1004
CHK-0001793,B-01,CMP-HW,QX-TIN-175,2026-05-06,1.17,1.17,E-1004
CHK-0001794,B-01,CMP-HW,QX-DRK-176,2026-05-06,1.13,1.11,E-1004
CHK-0001795,B-01,CMP-HW,QX-DRK-177,2026-05-06,5.17,5.25,E-1004
CHK-0001796,B-01,CMP-HW,QX-HHD-182,2026-05-06,8.23,8.39,E-1004
CHK-0001797,B-01,CMP-HW,QX-DRY-193,2026-05-06,4.21,4.15,E-1004
CHK-0001798,B-01,CMP-HW,QX-CER-264,2026-05-06,3.61,3.69,E-1004
CHK-0001799,B-01,CMP-HW,QX-TIN-317,2026-05-06,1.07,1.04,E-1004
CHK-0001800,B-01,CMP-HW,QX-HBC-329,2026-05-06,9.53,9.29,E-1004
CHK-0001801,B-01,CMP-HW,QX-HBC-331,2026-05-06,13.24,13.19,E-1004
CHK-0001802,B-01,CMP-HW,QX-PRO-341,2026-05-06,2.80,2.78,E-1004
CHK-0001803,B-01,CMP-HW,QX-TIN-353,2026-05-06,2.32,2.34,E-1004
CHK-0001804,B-01,CMP-HW,QX-TIN-355,2026-05-06,1.26,1.24,E-1004
CHK-0001805,B-01,CMP-HW,QX-CHL-389,2026-05-06,5.65,5.72,E-1004
CHK-0001806,B-01,CMP-HW,QX-BAK-411,2026-05-06,3.67,3.69,E-1004
CHK-0001807,B-01,CMP-HW,QX-CER-423,2026-05-06,4.02,3.93,E-1004
CHK-0001808,B-01,CMP-HW,QX-BWS-424,2026-05-06,11.01,10.74,E-1004
CHK-0001809,B-01,CMP-HW,QX-CER-436,2026-05-06,1.47,1.45,E-1004
CHK-0001810,B-08,CMP-ON,QX-TIN-203,2026-05-07,2.02,2.07,E-891
CHK-0001811,B-08,CMP-ON,QX-PRO-213,2026-05-07,5.16,5.11,E-891
CHK-0001812,B-08,CMP-ON,QX-PRO-218,2026-05-07,2.43,2.40,E-891
CHK-0001813,B-08,CMP-ON,QX-CHL-230,2026-05-07,3.66,3.70,E-891
CHK-0001814,B-08,CMP-ON,QX-CHL-231,2026-05-07,7.87,8.06,E-891
CHK-0001815,B-08,CMP-ON,QX-PET-232,2026-05-07,4.47,4.59,E-891
CHK-0001816,B-08,CMP-ON,QX-CER-248,2026-05-07,2.91,2.86,E-891
CHK-0001817,B-08,CMP-ON,QX-HHD-252,2026-05-07,2.17,2.18,E-891
CHK-0001818,B-08,CMP-ON,QX-FRZ-259,2026-05-07,6.14,6.03,E-891
CHK-0001819,B-08,CMP-ON,QX-BAK-297,2026-05-07,7.56,7.76,E-891
CHK-0001820,B-08,CMP-ON,QX-FRZ-306,2026-05-07,4.41,4.36,E-891
CHK-0001821,B-08,CMP-ON,QX-DRY-312,2026-05-07,1.96,2.00,E-891
CHK-0001822,B-08,CMP-ON,QX-PET-333,2026-05-07,5.65,5.66,E-891
CHK-0001823,B-08,CMP-ON,QX-TIN-347,2026-05-07,2.42,2.42,E-891
CHK-0001824,B-08,CMP-ON,QX-DRY-351,2026-05-07,3.58,3.54,E-891
CHK-0001825,B-08,CMP-ON,QX-BWS-405,2026-05-07,29.41,28.84,E-891
CHK-0001826,B-08,CMP-ON,QX-FRZ-410,2026-05-07,3.64,3.72,E-891
CHK-0001827,B-08,CMP-ON,QX-CHL-424,2026-05-07,19.44,19.89,E-891
CHK-0001828,B-08,CMP-ON,QX-FRZ-442,2026-05-07,7.94,7.89,E-891
CHK-0001829,B-08,CMP-ON,QX-PET-467,2026-05-07,1.18,1.19,E-891
CHK-0001830,B-08,CMP-ON,QX-PRO-487,2026-05-07,4.13,4.12,E-891
CHK-0001831,B-08,CMP-ON,QX-HHD-511,2026-05-07,11.62,11.91,E-891
CHK-0001832,B-08,CMP-ON,QX-BWS-543,2026-05-07,11.89,11.60,E-891
CHK-0001833,B-08,CMP-ON,QX-BWS-557,2026-05-07,17.84,17.40,E-891
CHK-0001834,B-08,CMP-ON,QX-DRY-600,2026-05-07,2.68,2.71,E-891
CHK-0001835,B-08,CMP-ON,QX-BWS-614,2026-05-07,22.78,23.00,E-891
CHK-0001836,B-08,CMP-ON,QX-BAK-615,2026-05-07,2.09,2.12,E-891
CHK-0001837,B-08,CMP-ON,QX-PET-622,2026-05-07,8.17,8.09,E-891
CHK-0001838,B-08,CMP-ON,QX-PET-623,2026-05-07,9.95,9.72,E-891
CHK-0001839,B-08,CMP-ON,QX-TIN-635,2026-05-07,0.88,0.90,E-891
CHK-0001840,B-08,CMP-ON,QX-DRY-636,2026-05-07,3.74,3.78,E-891
CHK-0001841,B-08,CMP-ON,QX-PRO-688,2026-05-07,3.30,3.35,E-891
CHK-0001842,B-08,CMP-ON,QX-DRK-690,2026-05-07,2.48,2.43,E-891
CHK-0001843,B-08,CMP-ON,QX-PET-693,2026-05-07,0.98,0.95,E-891
CHK-0001844,B-08,CMP-ON,QX-BAK-706,2026-05-07,3.18,3.12,E-891
CHK-0001845,B-08,CMP-ON,QX-DRK-712,2026-05-07,5.28,5.25,E-891
CHK-0001846,B-08,CMP-ON,QX-CER-741,2026-05-07,3.01,3.02,E-891
CHK-0001847,B-08,CMP-ON,QX-PRO-761,2026-05-07,2.01,2.01,E-891
CHK-0001848,B-08,CMP-ON,QX-DRY-767,2026-05-07,1.84,1.80,E-891
CHK-0001849,B-08,CMP-ON,QX-HBC-779,2026-05-07,6.26,6.13,E-891
CHK-0001850,B-08,CMP-ON,QX-CHL-792,2026-05-07,4.70,4.63,E-891
CHK-0001851,B-08,CMP-ON,QX-TIN-826,2026-05-07,1.24,1.24,E-891
CHK-0001852,B-08,CMP-ON,QX-HHD-827,2026-05-07,4.63,4.50,E-891
CHK-0001853,B-08,CMP-ON,QX-DRY-866,2026-05-07,3.64,3.55,E-891
CHK-0001854,B-08,CMP-ON,QX-CHL-897,2026-05-07,4.64,4.62,E-891
CHK-0001855,B-08,CMP-ON,QX-BAK-941,2026-05-07,1.31,1.31,E-891
CHK-0001856,B-08,CMP-ON,QX-BWS-962,2026-05-07,35.94,36.72,E-891
CHK-0001857,B-08,CMP-ON,QX-DRK-000,2026-05-07,5.15,5.14,E-891
CHK-0001858,B-08,CMP-ON,QX-TIN-002,2026-05-07,0.95,0.95,E-891
CHK-0001859,B-08,CMP-ON,QX-PET-010,2026-05-07,10.78,10.71,E-891
CHK-0001860,B-08,CMP-ON,QX-DRY-026,2026-05-07,1.14,1.14,E-891
CHK-0001861,B-08,CMP-ON,QX-PET-037,2026-05-07,5.51,5.53,E-891
CHK-0001862,B-08,CMP-ON,QX-CER-103,2026-05-07,4.39,4.41,E-891
CHK-0001863,B-08,CMP-ON,QX-HBC-106,2026-05-07,10.63,10.48,E-891
CHK-0001864,B-08,CMP-ON,QX-TIN-108,2026-05-07,2.21,2.26,E-891
CHK-0001865,B-08,CMP-ON,QX-PRO-131,2026-05-07,4.84,4.79,E-891
CHK-0001866,B-08,CMP-ON,QX-TIN-138,2026-05-07,2.75,2.70,E-891
CHK-0001867,B-08,CMP-ON,QX-DRY-144,2026-05-07,4.48,4.40,E-891
CHK-0001868,B-08,CMP-ON,QX-BWS-280,2026-05-07,13.39,13.61,E-891
CHK-0001869,B-08,CMP-ON,QX-TIN-285,2026-05-07,0.83,0.85,E-891
CHK-0001870,B-08,CMP-ON,QX-BWS-316,2026-05-07,5.60,5.50,E-891
CHK-0001871,B-08,CMP-ON,QX-HBC-324,2026-05-07,4.37,4.49,E-891
CHK-0001872,B-08,CMP-ON,QX-HBC-325,2026-05-07,2.84,2.91,E-891
CHK-0001873,B-08,CMP-ON,QX-CHL-334,2026-05-07,17.90,17.72,E-891
CHK-0001874,B-08,CMP-ON,QX-TIN-343,2026-05-07,1.76,1.79,E-891
CHK-0001875,B-08,CMP-ON,QX-DRK-362,2026-05-07,3.55,3.46,E-891
CHK-0001876,B-08,CMP-ON,QX-TIN-383,2026-05-07,2.25,2.21,E-891
CHK-0001877,B-08,CMP-ON,QX-FRZ-385,2026-05-07,2.29,2.24,E-891
CHK-0001878,B-08,CMP-ON,QX-HHD-411,2026-05-07,6.22,6.05,E-891
CHK-0001879,B-08,CMP-ON,QX-BWS-470,2026-05-07,22.46,22.18,E-891
CHK-0001880,B-08,CMP-ON,QX-HHD-515,2026-05-07,8.01,8.17,E-891
CHK-0001881,B-08,CMP-ON,QX-PRO-580,2026-05-07,4.99,4.94,E-891
CHK-0001882,B-08,CMP-ON,QX-CER-589,2026-05-07,1.41,1.39,E-891
CHK-0001883,B-08,CMP-ON,QX-FRZ-622,2026-05-07,3.93,3.90,E-891
CHK-0001884,B-08,CMP-ON,QX-DRK-670,2026-05-07,6.37,6.35,E-891
CHK-0001885,B-08,CMP-ON,QX-TIN-677,2026-05-07,0.83,0.85,E-891
CHK-0001886,B-08,CMP-ON,QX-FRZ-680,2026-05-07,5.42,5.47,E-891
CHK-0001887,B-08,CMP-ON,QX-BWS-684,2026-05-07,25.55,25.89,E-891
CHK-0001888,B-08,CMP-ON,QX-CHL-695,2026-05-07,6.89,6.82,E-891
CHK-0001889,B-08,CMP-ON,QX-BAK-715,2026-05-07,2.51,2.52,E-891
CHK-0001890,B-08,CMP-ON,QX-CHL-734,2026-05-07,20.85,20.27,E-891
CHK-0001891,B-08,CMP-ON,QX-HHD-758,2026-05-07,11.89,11.82,E-891
CHK-0001892,B-08,CMP-ON,QX-PET-789,2026-05-07,3.97,4.02,E-891
CHK-0001893,B-08,CMP-ON,QX-TIN-819,2026-05-07,1.40,1.38,E-891
CHK-0001894,B-08,CMP-ON,QX-BWS-838,2026-05-07,13.35,13.06,E-891
CHK-0001895,B-08,CMP-ON,QX-DRY-851,2026-05-07,1.78,1.78,E-891
CHK-0001896,B-08,CMP-ON,QX-CHL-883,2026-05-07,7.04,7.05,E-891
CHK-0001897,B-08,CMP-ON,QX-FRZ-890,2026-05-07,5.39,5.47,E-891
CHK-0001898,B-08,CMP-ON,QX-BWS-897,2026-05-07,16.46,16.43,E-891
CHK-0001899,B-08,CMP-ON,QX-FRZ-928,2026-05-07,7.12,7.04,E-891
CHK-0001900,B-08,CMP-ON,QX-PRO-944,2026-05-07,3.88,3.94,E-891
CHK-0001901,B-08,CMP-ON,QX-BWS-950,2026-05-07,19.00,19.18,E-891
CHK-0001902,B-08,CMP-ON,QX-HHD-969,2026-05-07,5.38,5.32,E-891
CHK-0001903,B-08,CMP-ON,QX-FRZ-983,2026-05-07,3.14,3.13,E-891
CHK-0001904,B-08,CMP-ON,QX-HBC-004,2026-05-07,6.52,6.60,E-891
CHK-0001905,B-08,CMP-ON,QX-TIN-066,2026-05-07,2.18,2.12,E-891
CHK-0001906,B-08,CMP-ON,QX-DRY-075,2026-05-07,7.17,7.13,E-891
CHK-0001907,B-08,CMP-ON,QX-CER-077,2026-05-07,2.88,2.90,E-891
CHK-0001908,B-08,CMP-ON,QX-HHD-096,2026-05-07,6.35,6.25,E-891
CHK-0001909,B-08,CMP-ON,QX-TIN-110,2026-05-07,0.71,0.70,E-891
CHK-0001910,B-08,CMP-ON,QX-DRK-133,2026-05-07,4.04,4.09,E-891
CHK-0001911,B-08,CMP-ON,QX-HHD-168,2026-05-07,2.50,2.56,E-891
CHK-0001912,B-08,CMP-ON,QX-PRO-171,2026-05-07,3.82,3.88,E-891
CHK-0001913,B-08,CMP-ON,QX-TIN-175,2026-05-07,1.28,1.25,E-891
CHK-0001914,B-08,CMP-ON,QX-DRK-176,2026-05-07,1.17,1.18,E-891
CHK-0001915,B-08,CMP-ON,QX-DRK-177,2026-05-07,5.74,5.59,E-891
CHK-0001916,B-08,CMP-ON,QX-BAK-184,2026-05-07,7.04,6.84,E-891
CHK-0001917,B-08,CMP-ON,QX-DRY-193,2026-05-07,4.41,4.42,E-891
CHK-0001918,B-08,CMP-ON,QX-DRY-199,2026-05-07,5.62,5.48,E-891
CHK-0001919,B-08,CMP-ON,QX-HHD-231,2026-05-07,7.62,7.40,E-891
CHK-0001920,B-08,CMP-ON,QX-CER-264,2026-05-07,3.90,3.93,E-891
CHK-0001921,B-08,CMP-ON,QX-DRK-291,2026-05-07,1.53,1.50,E-891
CHK-0001922,B-08,CMP-ON,QX-HHD-295,2026-05-07,3.58,3.62,E-891
CHK-0001923,B-08,CMP-ON,QX-HBC-307,2026-05-07,10.21,10.13,E-891
CHK-0001924,B-08,CMP-ON,QX-CER-337,2026-05-07,3.11,3.09,E-891
CHK-0001925,B-08,CMP-ON,QX-PRO-341,2026-05-07,2.90,2.96,E-891
CHK-0001926,B-08,CMP-ON,QX-BWS-350,2026-05-07,7.26,7.13,E-891
CHK-0001927,B-08,CMP-ON,QX-DRK-352,2026-05-07,5.35,5.33,E-891
CHK-0001928,B-08,CMP-ON,QX-CER-371,2026-05-07,4.20,4.15,E-891
CHK-0001929,B-08,CMP-ON,QX-CHL-389,2026-05-07,6.05,6.08,E-891
CHK-0001930,B-08,CMP-ON,QX-PRO-412,2026-05-07,2.98,2.99,E-891
CHK-0001931,B-08,CMP-ON,QX-CER-423,2026-05-07,4.07,4.18,E-891
CHK-0001932,B-08,CMP-ON,QX-BWS-424,2026-05-07,11.77,11.43,E-891
CHK-0001933,B-08,CMP-ON,QX-CER-436,2026-05-07,1.55,1.54,E-891
CHK-0001934,B-09,CMP-VN,QX-CER-001,2026-05-07,3.29,2.96,E-937
CHK-0001935,B-09,CMP-VN,QX-TIN-203,2026-05-07,2.55,2.15,E-937
CHK-0001936,B-09,CMP-VN,QX-BWS-204,2026-05-07,38.60,35.53,E-937
CHK-0001937,B-09,CMP-VN,QX-PRO-218,2026-05-07,2.96,2.50,E-937
CHK-0001938,B-09,CMP-VN,QX-CHL-231,2026-05-07,9.63,8.38,E-937
CHK-0001939,B-09,CMP-VN,QX-PET-232,2026-05-07,5.37,4.77,E-937
CHK-0001940,B-09,CMP-VN,QX-CER-248,2026-05-07,3.53,2.97,E-937
CHK-0001941,B-09,CMP-VN,QX-BAK-297,2026-05-07,9.03,8.07,E-937
CHK-0001942,B-09,CMP-VN,QX-FRZ-306,2026-05-07,5.21,4.53,E-937
CHK-0001943,B-09,CMP-VN,QX-BWS-324,2026-05-07,16.96,14.45,E-937
CHK-0001944,B-09,CMP-VN,QX-BAK-335,2026-05-07,4.42,4.00,E-937
CHK-0001945,B-09,CMP-VN,QX-DRY-339,2026-05-07,1.90,1.59,E-937
CHK-0001946,B-09,CMP-VN,QX-DRY-351,2026-05-07,4.15,3.68,E-937
CHK-0001947,B-09,CMP-VN,QX-BAK-386,2026-05-07,4.99,4.24,E-937
CHK-0001948,B-09,CMP-VN,QX-BWS-405,2026-05-07,35.69,29.99,E-937
CHK-0001949,B-09,CMP-VN,QX-FRZ-410,2026-05-07,4.59,3.87,E-937
CHK-0001950,B-09,CMP-VN,QX-HBC-438,2026-05-07,14.74,12.65,E-937
CHK-0001951,B-09,CMP-VN,QX-FRZ-442,2026-05-07,9.32,8.21,E-937
CHK-0001952,B-09,CMP-VN,QX-PET-454,2026-05-07,1.42,1.28,E-937
CHK-0001953,B-09,CMP-VN,QX-DRY-476,2026-05-07,6.27,5.48,E-937
CHK-0001954,B-09,CMP-VN,QX-PRO-487,2026-05-07,4.91,4.28,E-937
CHK-0001955,B-09,CMP-VN,QX-HHD-511,2026-05-07,14.49,12.39,E-937
CHK-0001956,B-09,CMP-VN,QX-FRZ-598,2026-05-07,5.47,4.59,E-937
CHK-0001957,B-09,CMP-VN,QX-BWS-614,2026-05-07,26.61,23.92,E-937
CHK-0001958,B-09,CMP-VN,QX-BAK-615,2026-05-07,2.58,2.20,E-937
CHK-0001959,B-09,CMP-VN,QX-TIN-635,2026-05-07,1.12,0.95,E-937
CHK-0001960,B-09,CMP-VN,QX-DRY-636,2026-05-07,4.57,3.93,E-937
CHK-0001961,B-09,CMP-VN,QX-DRY-642,2026-05-07,3.46,2.89,E-937
CHK-0001962,B-09,CMP-VN,QX-PRO-660,2026-05-07,1.60,1.40,E-937
CHK-0001963,B-09,CMP-VN,QX-DRK-690,2026-05-07,2.92,2.53,E-937
CHK-0001964,B-09,CMP-VN,QX-BAK-706,2026-05-07,3.63,3.24,E-937
CHK-0001965,B-09,CMP-VN,QX-CER-741,2026-05-07,3.61,3.14,E-937
CHK-0001966,B-09,CMP-VN,QX-PRO-742,2026-05-07,4.62,4.13,E-937
CHK-0001967,B-09,CMP-VN,QX-HBC-779,2026-05-07,7.08,6.38,E-937
CHK-0001968,B-09,CMP-VN,QX-CHL-792,2026-05-07,5.50,4.82,E-937
CHK-0001969,B-09,CMP-VN,QX-CER-825,2026-05-07,4.67,4.06,E-937
CHK-0001970,B-09,CMP-VN,QX-TIN-826,2026-05-07,1.41,1.29,E-937
CHK-0001971,B-09,CMP-VN,QX-BAK-851,2026-05-07,6.75,6.15,E-937
CHK-0001972,B-09,CMP-VN,QX-TIN-860,2026-05-07,1.84,1.65,E-937
CHK-0001973,B-09,CMP-VN,QX-DRY-866,2026-05-07,4.06,3.69,E-937
CHK-0001974,B-09,CMP-VN,QX-BAK-874,2026-05-07,3.22,2.69,E-937
CHK-0001975,B-09,CMP-VN,QX-PRO-876,2026-05-07,1.30,1.09,E-937
CHK-0001976,B-09,CMP-VN,QX-DRY-913,2026-05-07,6.14,5.53,E-937
CHK-0001977,B-09,CMP-VN,QX-BAK-941,2026-05-07,1.57,1.36,E-937
CHK-0001978,B-09,CMP-VN,QX-BWS-962,2026-05-07,42.60,38.19,E-937
CHK-0001979,B-09,CMP-VN,QX-DRY-026,2026-05-07,1.33,1.19,E-937
CHK-0001980,B-09,CMP-VN,QX-DRK-028,2026-05-07,5.01,4.64,E-937
CHK-0001981,B-09,CMP-VN,QX-PET-037,2026-05-07,6.80,5.75,E-937
CHK-0001982,B-09,CMP-VN,QX-HBC-106,2026-05-07,11.83,10.90,E-937
CHK-0001983,B-09,CMP-VN,QX-TIN-108,2026-05-07,2.58,2.35,E-937
CHK-0001984,B-09,CMP-VN,QX-PRO-131,2026-05-07,5.85,4.98,E-937
CHK-0001985,B-09,CMP-VN,QX-TIN-138,2026-05-07,3.22,2.81,E-937
CHK-0001986,B-09,CMP-VN,QX-DRY-144,2026-05-07,5.39,4.58,E-937
CHK-0001987,B-09,CMP-VN,QX-DRY-179,2026-05-07,2.98,2.74,E-937
CHK-0001988,B-09,CMP-VN,QX-PRO-205,2026-05-07,3.75,3.27,E-937
CHK-0001989,B-09,CMP-VN,QX-BWS-280,2026-05-07,16.50,14.15,E-937
CHK-0001990,B-09,CMP-VN,QX-DRY-314,2026-05-07,3.14,2.68,E-937
CHK-0001991,B-09,CMP-VN,QX-BWS-316,2026-05-07,6.61,5.72,E-937
CHK-0001992,B-09,CMP-VN,QX-CHL-334,2026-05-07,21.00,18.43,E-937
CHK-0001993,B-09,CMP-VN,QX-TIN-383,2026-05-07,2.58,2.30,E-937
CHK-0001994,B-09,CMP-VN,QX-FRZ-385,2026-05-07,2.57,2.33,E-937
CHK-0001995,B-09,CMP-VN,QX-HBC-393,2026-05-07,16.70,13.96,E-937
CHK-0001996,B-09,CMP-VN,QX-CER-504,2026-05-07,1.93,1.71,E-937
CHK-0001997,B-09,CMP-VN,QX-HHD-515,2026-05-07,9.99,8.50,E-937
CHK-0001998,B-09,CMP-VN,QX-PRO-540,2026-05-07,4.39,3.78,E-937
CHK-0001999,B-09,CMP-VN,QX-PRO-580,2026-05-07,6.14,5.14,E-937
CHK-0002000,B-09,CMP-VN,QX-CER-589,2026-05-07,1.69,1.45,E-937
CHK-0002001,B-09,CMP-VN,QX-BAK-613,2026-05-07,2.58,2.33,E-937
CHK-0002002,B-09,CMP-VN,QX-HHD-660,2026-05-07,2.20,1.98,E-937
CHK-0002003,B-09,CMP-VN,QX-DRK-670,2026-05-07,7.19,6.60,E-937
CHK-0002004,B-09,CMP-VN,QX-TIN-677,2026-05-07,1.02,0.85,E-937
CHK-0002005,B-09,CMP-VN,QX-FRZ-680,2026-05-07,6.29,5.69,E-937
CHK-0002006,B-09,CMP-VN,QX-HHD-682,2026-05-07,3.97,3.33,E-937
CHK-0002007,B-09,CMP-VN,QX-BWS-684,2026-05-07,30.10,26.93,E-937
CHK-0002008,B-09,CMP-VN,QX-CHL-695,2026-05-07,8.25,7.09,E-937
CHK-0002009,B-09,CMP-VN,QX-PRO-718,2026-05-07,5.30,4.74,E-937
CHK-0002010,B-09,CMP-VN,QX-CHL-734,2026-05-07,23.00,21.08,E-937
CHK-0002011,B-09,CMP-VN,QX-HHD-758,2026-05-07,14.73,12.29,E-937
CHK-0002012,B-09,CMP-VN,QX-PET-789,2026-05-07,4.75,4.18,E-937
CHK-0002013,B-09,CMP-VN,QX-TIN-819,2026-05-07,1.64,1.44,E-937
CHK-0002014,B-09,CMP-VN,QX-BWS-838,2026-05-07,16.15,13.58,E-937
CHK-0002015,B-09,CMP-VN,QX-DRY-851,2026-05-07,2.12,1.85,E-937
CHK-0002016,B-09,CMP-VN,QX-TIN-867,2026-05-07,0.64,0.55,E-937
CHK-0002017,B-09,CMP-VN,QX-DRY-870,2026-05-07,3.24,2.86,E-937
CHK-0002018,B-09,CMP-VN,QX-FRZ-890,2026-05-07,6.18,5.69,E-937
CHK-0002019,B-09,CMP-VN,QX-PRO-922,2026-05-07,1.51,1.30,E-937
CHK-0002020,B-09,CMP-VN,QX-FRZ-928,2026-05-07,8.20,7.32,E-937
CHK-0002021,B-09,CMP-VN,QX-HHD-957,2026-05-07,2.68,2.27,E-937
CHK-0002022,B-09,CMP-VN,QX-HHD-969,2026-05-07,6.02,5.53,E-937
CHK-0002023,B-09,CMP-VN,QX-BWS-977,2026-05-07,30.90,26.66,E-937
CHK-0002024,B-09,CMP-VN,QX-HBC-048,2026-05-07,3.26,2.86,E-937
CHK-0002025,B-09,CMP-VN,QX-BWS-050,2026-05-07,13.64,11.69,E-937
CHK-0002026,B-09,CMP-VN,QX-TIN-066,2026-05-07,2.57,2.20,E-937
CHK-0002027,B-09,CMP-VN,QX-DRY-075,2026-05-07,8.33,7.42,E-937
CHK-0002028,B-09,CMP-VN,QX-CHL-091,2026-05-07,1.37,1.16,E-937
CHK-0002029,B-09,CMP-VN,QX-HBC-107,2026-05-07,7.77,7.10,E-937
CHK-0002030,B-09,CMP-VN,QX-HHD-119,2026-05-07,3.65,3.10,E-937
CHK-0002031,B-09,CMP-VN,QX-DRK-133,2026-05-07,5.09,4.25,E-937
CHK-0002032,B-09,CMP-VN,QX-HHD-182,2026-05-07,10.53,9.29,E-937
CHK-0002033,B-09,CMP-VN,QX-HHD-231,2026-05-07,8.75,7.70,E-937
CHK-0002034,B-09,CMP-VN,QX-CER-264,2026-05-07,4.60,4.09,E-937
CHK-0002035,B-09,CMP-VN,QX-BWS-271,2026-05-07,19.71,17.30,E-937
CHK-0002036,B-09,CMP-VN,QX-BWS-281,2026-05-07,18.80,16.29,E-937
CHK-0002037,B-09,CMP-VN,QX-DRK-291,2026-05-07,1.69,1.56,E-937
CHK-0002038,B-09,CMP-VN,QX-HBC-307,2026-05-07,11.57,10.54,E-937
CHK-0002039,B-09,CMP-VN,QX-TIN-317,2026-05-07,1.28,1.15,E-937
CHK-0002040,B-09,CMP-VN,QX-CER-337,2026-05-07,3.66,3.21,E-937
CHK-0002041,B-09,CMP-VN,QX-PRO-341,2026-05-07,3.38,3.08,E-937
CHK-0002042,B-09,CMP-VN,QX-DRK-352,2026-05-07,6.33,5.54,E-937
CHK-0002043,B-09,CMP-VN,QX-TIN-353,2026-05-07,2.92,2.59,E-937
CHK-0002044,B-09,CMP-VN,QX-CER-371,2026-05-07,4.83,4.32,E-937
CHK-0002045,B-09,CMP-VN,QX-PRO-373,2026-05-07,5.20,4.64,E-937
CHK-0002046,B-09,CMP-VN,QX-BAK-411,2026-05-07,4.65,4.09,E-937
CHK-0002047,B-09,CMP-VN,QX-CER-423,2026-05-07,4.74,4.35,E-937
CHK-0002048,B-09,CMP-VN,QX-BWS-424,2026-05-07,12.84,11.89,E-937
CHK-0002049,B-09,CMP-VN,QX-CER-436,2026-05-07,1.85,1.60,E-937
CHK-0002050,B-04,CMP-BG,QX-CER-001,2026-05-07,2.84,3.11,E-977
CHK-0002051,B-04,CMP-BG,QX-TIN-045,2026-05-07,1.06,1.14,E-977
CHK-0002052,B-04,CMP-BG,QX-BWS-204,2026-05-07,35.54,37.23,E-977
CHK-0002053,B-04,CMP-BG,QX-BWS-209,2026-05-07,25.90,29.08,E-977
CHK-0002054,B-04,CMP-BG,QX-PRO-213,2026-05-07,5.22,5.57,E-977
CHK-0002055,B-04,CMP-BG,QX-PRO-218,2026-05-07,2.36,2.62,E-977
CHK-0002056,B-04,CMP-BG,QX-FRZ-259,2026-05-07,5.90,6.57,E-977
CHK-0002057,B-04,CMP-BG,QX-BAK-297,2026-05-07,7.98,8.46,E-977
CHK-0002058,B-04,CMP-BG,QX-FRZ-306,2026-05-07,4.41,4.75,E-977
CHK-0002059,B-04,CMP-BG,QX-PET-333,2026-05-07,5.89,6.17,E-977
CHK-0002060,B-04,CMP-BG,QX-DRY-339,2026-05-07,1.57,1.67,E-977
CHK-0002061,B-04,CMP-BG,QX-DRY-351,2026-05-07,3.69,3.86,E-977
CHK-0002062,B-04,CMP-BG,QX-BAK-386,2026-05-07,4.22,4.45,E-977
CHK-0002063,B-04,CMP-BG,QX-BWS-405,2026-05-07,29.10,31.44,E-977
CHK-0002064,B-04,CMP-BG,QX-FRZ-410,2026-05-07,3.74,4.05,E-977
CHK-0002065,B-04,CMP-BG,QX-FRZ-442,2026-05-07,8.16,8.60,E-977
CHK-0002066,B-04,CMP-BG,QX-DRY-476,2026-05-07,5.13,5.74,E-977
CHK-0002067,B-04,CMP-BG,QX-PRO-487,2026-05-07,4.25,4.49,E-977
CHK-0002068,B-04,CMP-BG,QX-DRY-491,2026-05-07,2.75,3.00,E-977
CHK-0002069,B-04,CMP-BG,QX-HHD-511,2026-05-07,12.40,12.98,E-977
CHK-0002070,B-04,CMP-BG,QX-PET-515,2026-05-07,1.43,1.50,E-977
CHK-0002071,B-04,CMP-BG,QX-BWS-557,2026-05-07,17.55,18.97,E-977
CHK-0002072,B-04,CMP-BG,QX-FRZ-598,2026-05-07,4.34,4.81,E-977
CHK-0002073,B-04,CMP-BG,QX-DRY-600,2026-05-07,2.73,2.95,E-977
CHK-0002074,B-04,CMP-BG,QX-BWS-614,2026-05-07,22.45,25.07,E-977
CHK-0002075,B-04,CMP-BG,QX-PET-623,2026-05-07,9.43,10.59,E-977
CHK-0002076,B-04,CMP-BG,QX-BWS-626,2026-05-07,20.86,22.15,E-977
CHK-0002077,B-04,CMP-BG,QX-TIN-635,2026-05-07,0.89,0.95,E-977
CHK-0002078,B-04,CMP-BG,QX-DRY-642,2026-05-07,2.77,3.03,E-977
CHK-0002079,B-04,CMP-BG,QX-HBC-657,2026-05-07,9.95,10.89,E-977
CHK-0002080,B-04,CMP-BG,QX-PRO-660,2026-05-07,1.32,1.47,E-977
CHK-0002081,B-04,CMP-BG,QX-PRO-688,2026-05-07,3.45,3.65,E-977
CHK-0002082,B-04,CMP-BG,QX-DRK-690,2026-05-07,2.43,2.65,E-977
CHK-0002083,B-04,CMP-BG,QX-PET-693,2026-05-07,0.94,1.01,E-977
CHK-0002084,B-04,CMP-BG,QX-FRZ-709,2026-05-07,1.74,1.89,E-977
CHK-0002085,B-04,CMP-BG,QX-DRY-725,2026-05-07,6.53,7.23,E-977
CHK-0002086,B-04,CMP-BG,QX-CER-741,2026-05-07,3.09,3.29,E-977
CHK-0002087,B-04,CMP-BG,QX-PRO-742,2026-05-07,3.88,4.33,E-977
CHK-0002088,B-04,CMP-BG,QX-DRY-767,2026-05-07,1.88,1.96,E-977
CHK-0002089,B-04,CMP-BG,QX-HBC-779,2026-05-07,6.29,6.68,E-977
CHK-0002090,B-04,CMP-BG,QX-CHL-792,2026-05-07,4.60,5.05,E-977
CHK-0002091,B-04,CMP-BG,QX-HHD-827,2026-05-07,4.70,4.91,E-977
CHK-0002092,B-04,CMP-BG,QX-BWS-839,2026-05-07,10.89,11.58,E-977
CHK-0002093,B-04,CMP-BG,QX-BAK-851,2026-05-07,6.07,6.44,E-977
CHK-0002094,B-04,CMP-BG,QX-DRY-866,2026-05-07,3.71,3.87,E-977
CHK-0002095,B-04,CMP-BG,QX-PRO-876,2026-05-07,1.04,1.14,E-977
CHK-0002096,B-04,CMP-BG,QX-FRZ-907,2026-05-07,6.95,7.63,E-977
CHK-0002097,B-04,CMP-BG,QX-DRY-913,2026-05-07,5.41,5.80,E-977
CHK-0002098,B-04,CMP-BG,QX-BAK-941,2026-05-07,1.35,1.43,E-977
CHK-0002099,B-04,CMP-BG,QX-TIN-002,2026-05-07,0.98,1.05,E-977
CHK-0002100,B-04,CMP-BG,QX-DRK-020,2026-05-07,1.63,1.71,E-977
CHK-0002101,B-04,CMP-BG,QX-DRK-028,2026-05-07,4.39,4.86,E-977
CHK-0002102,B-04,CMP-BG,QX-PET-037,2026-05-07,5.67,6.03,E-977
CHK-0002103,B-04,CMP-BG,QX-DRY-056,2026-05-07,7.01,7.75,E-977
CHK-0002104,B-04,CMP-BG,QX-CER-103,2026-05-07,4.37,4.81,E-977
CHK-0002105,B-04,CMP-BG,QX-HBC-106,2026-05-07,10.33,11.42,E-977
CHK-0002106,B-04,CMP-BG,QX-TIN-108,2026-05-07,2.27,2.46,E-977
CHK-0002107,B-04,CMP-BG,QX-DRY-144,2026-05-07,4.47,4.80,E-977
CHK-0002108,B-04,CMP-BG,QX-BWS-164,2026-05-07,32.27,33.80,E-977
CHK-0002109,B-04,CMP-BG,QX-BWS-280,2026-05-07,13.69,14.83,E-977
CHK-0002110,B-04,CMP-BG,QX-BWS-316,2026-05-07,5.63,6.00,E-977
CHK-0002111,B-04,CMP-BG,QX-TIN-383,2026-05-07,2.17,2.41,E-977
CHK-0002112,B-04,CMP-BG,QX-BWS-470,2026-05-07,22.91,24.18,E-977
CHK-0002113,B-04,CMP-BG,QX-CER-504,2026-05-07,1.71,1.79,E-977
CHK-0002114,B-04,CMP-BG,QX-HHD-515,2026-05-07,8.21,8.91,E-977
CHK-0002115,B-04,CMP-BG,QX-CER-529,2026-05-07,2.30,2.45,E-977
CHK-0002116,B-04,CMP-BG,QX-PRO-540,2026-05-07,3.61,3.96,E-977
CHK-0002117,B-04,CMP-BG,QX-PRO-580,2026-05-07,4.94,5.38,E-977
CHK-0002118,B-04,CMP-BG,QX-HHD-660,2026-05-07,1.84,2.07,E-977
CHK-0002119,B-04,CMP-BG,QX-DRK-670,2026-05-07,6.42,6.92,E-977
CHK-0002120,B-04,CMP-BG,QX-TIN-677,2026-05-07,0.81,0.90,E-977
CHK-0002121,B-04,CMP-BG,QX-FRZ-680,2026-05-07,5.37,5.96,E-977
CHK-0002122,B-04,CMP-BG,QX-HHD-682,2026-05-07,3.25,3.49,E-977
CHK-0002123,B-04,CMP-BG,QX-CHL-707,2026-05-07,1.52,1.60,E-977
CHK-0002124,B-04,CMP-BG,QX-TIN-710,2026-05-07,1.70,1.83,E-977
CHK-0002125,B-04,CMP-BG,QX-PRO-718,2026-05-07,4.63,4.97,E-977
CHK-0002126,B-04,CMP-BG,QX-HHD-758,2026-05-07,11.72,12.88,E-977
CHK-0002127,B-04,CMP-BG,QX-HHD-762,2026-05-07,9.59,10.25,E-977
CHK-0002128,B-04,CMP-BG,QX-PET-807,2026-05-07,8.46,8.95,E-977
CHK-0002129,B-04,CMP-BG,QX-TIN-819,2026-05-07,1.34,1.50,E-977
CHK-0002130,B-04,CMP-BG,QX-HHD-829,2026-05-07,9.40,9.90,E-977
CHK-0002131,B-04,CMP-BG,QX-BWS-838,2026-05-07,12.95,14.24,E-977
CHK-0002132,B-04,CMP-BG,QX-DRY-851,2026-05-07,1.80,1.94,E-977
CHK-0002133,B-04,CMP-BG,QX-CHL-883,2026-05-07,6.97,7.68,E-977
CHK-0002134,B-04,CMP-BG,QX-FRZ-890,2026-05-07,5.52,5.96,E-977
CHK-0002135,B-04,CMP-BG,QX-FRZ-928,2026-05-07,7.08,7.67,E-977
CHK-0002136,B-04,CMP-BG,QX-BAK-942,2026-05-07,2.28,2.46,E-977
CHK-0002137,B-04,CMP-BG,QX-BWS-950,2026-05-07,18.74,20.91,E-977
CHK-0002138,B-04,CMP-BG,QX-HHD-969,2026-05-07,5.45,5.80,E-977
CHK-0002139,B-04,CMP-BG,QX-BWS-977,2026-05-07,26.19,27.94,E-977
CHK-0002140,B-04,CMP-BG,QX-BWS-050,2026-05-07,10.98,12.25,E-977
CHK-0002141,B-04,CMP-BG,QX-TIN-066,2026-05-07,2.19,2.31,E-977
CHK-0002142,B-04,CMP-BG,QX-CHL-091,2026-05-07,1.09,1.22,E-977
CHK-0002143,B-04,CMP-BG,QX-HHD-096,2026-05-07,6.09,6.81,E-977
CHK-0002144,B-04,CMP-BG,QX-BWS-114,2026-05-07,7.00,7.29,E-977
CHK-0002145,B-04,CMP-BG,QX-DRK-133,2026-05-07,4.20,4.46,E-977
CHK-0002146,B-04,CMP-BG,QX-HHD-168,2026-05-07,2.62,2.79,E-977
CHK-0002147,B-04,CMP-BG,QX-HHD-182,2026-05-07,8.92,9.73,E-977
CHK-0002148,B-04,CMP-BG,QX-BAK-184,2026-05-07,7.16,7.46,E-977
CHK-0002149,B-04,CMP-BG,QX-DRY-193,2026-05-07,4.48,4.82,E-977
CHK-0002150,B-04,CMP-BG,QX-HHD-231,2026-05-07,7.34,8.07,E-977
CHK-0002151,B-04,CMP-BG,QX-CER-264,2026-05-07,4.06,4.28,E-977
CHK-0002152,B-04,CMP-BG,QX-BWS-271,2026-05-07,16.83,18.13,E-977
CHK-0002153,B-04,CMP-BG,QX-HHD-295,2026-05-07,3.67,3.95,E-977
CHK-0002154,B-04,CMP-BG,QX-HBC-329,2026-05-07,10.20,10.77,E-977
CHK-0002155,B-04,CMP-BG,QX-HBC-331,2026-05-07,13.94,15.29,E-977
CHK-0002156,B-04,CMP-BG,QX-CER-337,2026-05-07,3.09,3.37,E-977
CHK-0002157,B-04,CMP-BG,QX-BWS-350,2026-05-07,7.26,7.77,E-977
CHK-0002158,B-04,CMP-BG,QX-DRK-352,2026-05-07,5.50,5.81,E-977
CHK-0002159,B-04,CMP-BG,QX-TIN-353,2026-05-07,2.59,2.71,E-977
CHK-0002160,B-04,CMP-BG,QX-PRO-373,2026-05-07,4.54,4.86,E-977
CHK-0002161,B-04,CMP-BG,QX-HHD-377,2026-05-07,7.02,7.89,E-977
CHK-0002162,B-04,CMP-BG,QX-CHL-389,2026-05-07,6.18,6.63,E-977
CHK-0002163,B-04,CMP-BG,QX-BAK-411,2026-05-07,3.87,4.28,E-977
CHK-0002164,B-04,CMP-BG,QX-CER-423,2026-05-07,4.07,4.56,E-977
CHK-0002165,B-04,CMP-BG,QX-BWS-424,2026-05-07,11.20,12.46,E-977
