customer_id,loyalty_card,joined,home_branch_id,marketing_opt_in
C-100000,9770000000,2024-09-27,B-17,false
C-100001,9770000001,2024-01-31,B-08,false
C-100002,9770000002,2021-07-09,B-17,true
C-100003,9770000003,2025-02-08,B-09,true
C-100004,9770000004,2019-10-18,B-04,false
C-100005,9770000005,2023-09-03,B-04,true
C-100006,9770000006,2020-01-26,B-02,true
C-100007,9770000007,2022-02-22,B-08,true
C-100008,9770000008,2024-05-25,B-01,false
C-100009,9770000009,2024-02-15,B-17,false
C-100010,9770000010,2021-09-02,B-01,false
C-100011,9770000011,2025-01-15,B-02,true
C-100012,9770000012,2023-03-16,B-01,false
C-100013,9770000013,2026-03-04,B-17,false
C-100014,9770000014,2023-04-11,B-01,false
C-100015,9770000015,2022-11-18,B-02,true
C-100016,9770000016,2022-03-14,B-17,false
C-100017,9770000017,2024-07-04,B-02,true
C-100018,9770000018,2020-07-18,B-09,true
C-100019,9770000019,2021-03-29,B-04,true
C-100020,9770000020,2022-10-31,B-02,false
C-100021,9770000021,2022-01-11,B-01,false
C-100022,9770000022,2021-06-27,B-02,true
C-100023,9770000023,2020-08-08,B-09,true
C-100024,9770000024,2025-02-10,B-01,false
C-100025,9770000025,2025-06-10,B-08,true
C-100026,9770000026,2024-05-25,B-04,true
C-100027,9770000027,2026-01-27,B-09,true
C-100028,9770000028,2021-04-18,B-01,true
C-100029,9770000029,2025-11-19,B-08,true
C-100030,9770000030,2023-04-21,B-08,true
C-100031,9770000031,2022-10-23,B-01,false
C-100032,9770000032,2026-03-31,B-08,false
C-100033,9770000033,2024-10-24,B-09,true
C-100034,9770000034,2023-12-17,B-08,false
C-100035,9770000035,2025-10-19,B-09,true
C-100036,9770000036,2022-07-18,B-02,false
C-100037,9770000037,2019-08-24,B-02,true
C-100038,9770000038,2026-02-21,B-04,true
C-100039,9770000039,2023-01-08,B-09,false
C-100040,9770000040,2019-06-02,B-17,true
C-100041,9770000041,2026-02-24,B-02,true
C-100042,9770000042,2020-03-13,B-17,false
C-100043,9770000043,2026-01-24,B-02,false
C-100044,9770000044,2020-03-07,B-02,false
C-100045,9770000045,2025-02-19,B-09,true
C-100046,9770000046,2024-02-22,B-08,true
C-100047,9770000047,2022-04-29,B-08,false
C-100048,9770000048,2019-11-30,B-02,true
C-100049,9770000049,2024-10-02,B-08,false
C-100050,9770000050,2019-12-25,B-02,false
C-100051,9770000051,2025-08-28,B-04,true
C-100052,9770000052,2023-08-07,B-04,false
C-100053,9770000053,2021-06-20,B-17,false
C-100054,9770000054,2020-07-25,B-08,true
C-100055,9770000055,2022-06-11,B-09,true
C-100056,9770000056,2022-05-28,B-09,false
C-100057,9770000057,2025-04-06,B-08,true
C-100058,9770000058,2020-04-13,B-08,true
C-100059,9770000059,2025-01-25,B-02,false
C-100060,9770000060,2021-01-28,B-01,true
C-100061,9770000061,2023-08-31,B-02,true
C-100062,9770000062,2022-03-07,B-04,true
C-100063,9770000063,2025-06-25,B-01,true
C-100064,9770000064,2024-08-13,B-09,false
C-100065,9770000065,2025-03-11,B-17,true
C-100066,9770000066,2025-09-18,B-01,true
C-100067,9770000067,2024-05-12,B-02,true
C-100068,9770000068,2025-03-28,B-08,true
C-100069,9770000069,2024-07-24,B-04,false
C-100070,9770000070,2025-01-31,B-04,false
C-100071,9770000071,2022-07-02,B-09,false
C-100072,9770000072,2019-08-29,B-09,false
C-100073,9770000073,2020-09-29,B-02,false
C-100074,9770000074,2024-10-16,B-02,true
C-100075,9770000075,2020-11-11,B-04,false
C-100076,9770000076,2019-12-13,B-04,false
C-100077,9770000077,2019-11-17,B-02,false
C-100078,9770000078,2025-08-25,B-17,true
C-100079,9770000079,2021-04-27,B-01,true
C-100080,9770000080,2023-10-09,B-04,false
C-100081,9770000081,2020-12-14,B-01,true
C-100082,9770000082,2021-02-04,B-01,false
C-100083,9770000083,2025-07-12,B-17,true
C-100084,9770000084,2022-03-18,B-08,true
C-100085,9770000085,2025-09-23,B-04,false
C-100086,9770000086,2026-02-23,B-08,false
C-100087,9770000087,2020-12-26,B-08,true
C-100088,9770000088,2024-01-07,B-17,true
C-100089,9770000089,2023-11-30,B-09,false
C-100090,9770000090,2021-10-19,B-09,false
C-100091,9770000091,2023-07-22,B-08,true
C-100092,9770000092,2024-10-04,B-01,false
C-100093,9770000093,2025-06-11,B-08,true
C-100094,9770000094,2024-04-27,B-17,false
C-100095,9770000095,2023-12-07,B-08,false
C-100096,9770000096,2021-04-01,B-04,false
C-100097,9770000097,2023-03-20,B-02,true
C-100098,9770000098,2024-09-03,B-01,false
C-100099,9770000099,2025-12-29,B-17,false
C-100100,9770000100,2020-09-08,B-08,false
C-100101,9770000101,2024-12-05,B-17,true
C-100102,9770000102,2019-12-23,B-04,false
C-100103,9770000103,2019-10-17,B-17,false
C-100104,9770000104,2022-12-11,B-17,true
C-100105,9770000105,2019-07-10,B-01,false
C-100106,9770000106,2024-08-30,B-08,true
C-100107,9770000107,2022-08-26,B-17,false
C-100108,9770000108,2025-10-30,B-17,true
C-100109,9770000109,2025-12-11,B-09,true
C-100110,9770000110,2019-06-16,B-09,false
C-100111,9770000111,2025-08-23,B-02,true
C-100112,9770000112,2020-08-15,B-01,false
C-100113,9770000113,2023-11-11,B-08,false
C-100114,9770000114,2022-11-17,B-09,false
C-100115,9770000115,2025-10-01,B-04,true
C-100116,9770000116,2025-11-13,B-17,true
C-100117,9770000117,2020-07-19,B-09,true
C-100118,9770000118,2022-10-22,B-04,true
C-100119,9770000119,2021-02-01,B-08,false
C-100120,9770000120,2021-08-07,B-01,false
C-100121,9770000121,2025-09-01,B-04,false
C-100122,9770000122,2021-01-17,B-09,false
C-100123,9770000123,2021-07-05,B-09,false
C-100124,9770000124,2019-10-25,B-01,false
C-100125,9770000125,2021-07-06,B-09,true
C-100126,9770000126,2021-09-04,B-02,true
C-100127,9770000127,2023-05-31,B-08,true
C-100128,9770000128,2022-10-10,B-09,false
C-100129,9770000129,2021-05-16,B-02,true
C-100130,9770000130,2023-05-12,B-02,false
C-100131,9770000131,2024-01-31,B-08,true
C-100132,9770000132,2026-02-17,B-17,true
C-100133,9770000133,2024-02-07,B-08,true
C-100134,9770000134,2021-12-05,B-08,true
C-100135,9770000135,2020-11-28,B-17,false
C-100136,9770000136,2025-04-07,B-02,false
C-100137,9770000137,2019-12-08,B-02,false
C-100138,9770000138,2023-11-28,B-09,true
C-100139,9770000139,2020-04-03,B-17,true
C-100140,9770000140,2022-09-21,B-02,false
C-100141,9770000141,2019-07-24,B-01,true
C-100142,9770000142,2019-09-22,B-01,false
C-100143,9770000143,2022-02-18,B-01,true
C-100144,9770000144,2026-01-12,B-01,true
C-100145,9770000145,2021-12-06,B-17,true
C-100146,9770000146,2021-02-22,B-02,false
C-100147,9770000147,2021-03-27,B-02,true
C-100148,9770000148,2025-05-03,B-04,false
C-100149,9770000149,2023-02-26,B-17,true
C-100150,9770000150,2025-02-12,B-04,true
C-100151,9770000151,2026-03-29,B-17,true
C-100152,9770000152,2023-06-01,B-02,false
C-100153,9770000153,2026-03-04,B-04,false
C-100154,9770000154,2021-03-01,B-02,true
C-100155,9770000155,2025-06-22,B-01,false
C-100156,9770000156,2021-10-27,B-01,false
C-100157,9770000157,2020-02-05,B-01,false
C-100158,9770000158,2020-06-01,B-01,false
C-100159,9770000159,2025-01-21,B-09,false
C-100160,9770000160,2020-12-19,B-04,true
C-100161,9770000161,2020-10-28,B-01,true
C-100162,9770000162,2023-09-29,B-02,false
C-100163,9770000163,2022-01-01,B-02,false
C-100164,9770000164,2023-04-07,B-09,false
C-100165,9770000165,2023-11-09,B-09,true
C-100166,9770000166,2025-05-20,B-08,false
C-100167,9770000167,2021-06-07,B-04,false
C-100168,9770000168,2021-08-25,B-04,false
C-100169,9770000169,2020-01-03,B-17,true
C-100170,9770000170,2024-01-04,B-09,true
C-100171,9770000171,2023-05-07,B-04,false
C-100172,9770000172,2023-03-11,B-09,false
C-100173,9770000173,2019-11-13,B-17,false
C-100174,9770000174,2019-08-27,B-01,false
C-100175,9770000175,2023-11-15,B-02,false
C-100176,9770000176,2020-02-04,B-04,true
C-100177,9770000177,2025-04-04,B-17,true
C-100178,9770000178,2022-09-28,B-08,false
C-100179,9770000179,2025-10-11,B-08,true
C-100180,9770000180,2019-11-15,B-04,true
C-100181,9770000181,2021-04-01,B-17,false
C-100182,9770000182,2025-09-25,B-17,true
C-100183,9770000183,2021-12-09,B-04,true
C-100184,9770000184,2023-04-22,B-09,true
C-100185,9770000185,2022-03-18,B-02,false
C-100186,9770000186,2020-11-12,B-02,true
C-100187,9770000187,2022-11-02,B-02,false
C-100188,9770000188,2022-03-26,B-04,false
C-100189,9770000189,2020-07-22,B-01,false
C-100190,9770000190,2022-08-14,B-01,false
C-100191,9770000191,2020-11-20,B-02,false
C-100192,9770000192,2022-03-19,B-01,false
C-100193,9770000193,2025-09-10,B-09,false
C-100194,9770000194,2023-11-18,B-08,true
C-100195,9770000195,2020-03-27,B-17,true
C-100196,9770000196,2022-12-24,B-17,true
C-100197,9770000197,2020-05-12,B-08,false
C-100198,9770000198,2021-12-13,B-17,false
C-100199,9770000199,2023-04-17,B-04,false
C-100200,9770000200,2020-03-22,B-01,false
C-100201,9770000201,2022-03-13,B-04,true
C-100202,9770000202,2026-03-20,B-17,false
C-100203,9770000203,2023-02-02,B-01,false
C-100204,9770000204,2021-12-23,B-08,false
C-100205,9770000205,2022-06-29,B-01,false
C-100206,9770000206,2022-09-06,B-17,true
C-100207,9770000207,2025-06-08,B-08,true
C-100208,9770000208,2025-12-31,B-08,true
C-100209,9770000209,2022-03-31,B-02,false
C-100210,9770000210,2021-10-20,B-02,false
C-100211,9770000211,2024-09-24,B-01,true
C-100212,9770000212,2019-07-25,B-02,true
C-100213,9770000213,2021-04-01,B-17,false
C-100214,9770000214,2021-10-02,B-08,false
C-100215,9770000215,2025-06-18,B-02,false
C-100216,9770000216,2022-11-04,B-01,false
C-100217,9770000217,2025-10-19,B-08,true
C-100218,9770000218,2021-09-24,B-02,false
C-100219,9770000219,2019-12-06,B-04,false
C-100220,9770000220,2024-06-25,B-17,false
C-100221,9770000221,2023-10-22,B-17,false
C-100222,9770000222,2024-09-13,B-17,false
C-100223,9770000223,2019-06-01,B-08,false
C-100224,9770000224,2022-05-16,B-04,true
C-100225,9770000225,2025-09-18,B-04,false
C-100226,9770000226,2025-11-25,B-09,false
C-100227,9770000227,2022-05-07,B-04,true
C-100228,9770000228,2024-12-11,B-09,false
C-100229,9770000229,2019-08-23,B-17,true
C-100230,9770000230,2024-11-26,B-01,false
C-100231,9770000231,2024-04-14,B-01,true
C-100232,9770000232,2024-03-16,B-08,false
C-100233,9770000233,2025-09-12,B-02,false
C-100234,9770000234,2024-01-27,B-02,false
C-100235,9770000235,2025-11-21,B-04,true
C-100236,9770000236,2024-09-21,B-01,true
C-100237,9770000237,2022-11-08,B-17,false
C-100238,9770000238,2023-05-04,B-09,true
C-100239,9770000239,2019-08-22,B-17,true
C-100240,9770000240,2021-03-02,B-04,false
C-100241,9770000241,2023-08-12,B-01,false
C-100242,9770000242,2023-11-19,B-04,true
C-100243,9770000243,2023-07-13,B-09,true
C-100244,9770000244,2025-10-27,B-02,false
C-100245,9770000245,2020-03-24,B-01,false
C-100246,9770000246,2020-05-17,B-04,false
C-100247,9770000247,2019-12-21,B-01,true
C-100248,9770000248,2024-04-07,B-09,true
C-100249,9770000249,2025-02-09,B-08,true
C-100250,9770000250,2020-05-15,B-01,false
C-100251,9770000251,2021-03-12,B-01,false
C-100252,9770000252,2022-01-17,B-02,true
C-100253,9770000253,2022-10-22,B-08,true
C-100254,9770000254,2024-06-24,B-02,false
C-100255,9770000255,2023-06-02,B-08,false
C-100256,9770000256,2020-07-12,B-02,true
C-100257,9770000257,2023-08-20,B-09,false
C-100258,9770000258,2021-07-10,B-01,false
C-100259,9770000259,2021-02-04,B-09,true
C-100260,9770000260,2021-05-28,B-02,false
C-100261,9770000261,2026-03-18,B-02,true
C-100262,9770000262,2019-08-05,B-02,false
C-100263,9770000263,2023-10-06,B-02,true
C-100264,9770000264,2022-07-09,B-17,true
C-100265,9770000265,2021-06-19,B-02,false
C-100266,9770000266,2021-01-16,B-02,true
C-100267,9770000267,2025-06-23,B-08,false
C-100268,9770000268,2024-01-04,B-02,true
C-100269,9770000269,2021-01-26,B-08,true
C-100270,9770000270,2022-10-02,B-17,false
C-100271,9770000271,2026-02-07,B-01,false
C-100272,9770000272,2025-02-22,B-01,false
C-100273,9770000273,2024-08-05,B-09,false
C-100274,9770000274,2022-09-27,B-17,false
C-100275,9770000275,2020-12-18,B-09,false
C-100276,9770000276,2024-02-14,B-04,true
C-100277,9770000277,2022-03-24,B-04,false
C-100278,9770000278,2023-02-05,B-17,true
C-100279,9770000279,2019-07-15,B-08,true
C-100280,9770000280,2021-02-10,B-08,false
C-100281,9770000281,2020-12-24,B-02,false
C-100282,9770000282,2022-03-05,B-17,false
C-100283,9770000283,2023-06-04,B-04,false
C-100284,9770000284,2020-07-21,B-09,true
C-100285,9770000285,2022-04-05,B-01,false
C-100286,9770000286,2023-04-23,B-08,false
C-100287,9770000287,2021-12-09,B-17,false
C-100288,9770000288,2023-01-03,B-01,false
C-100289,9770000289,2020-09-28,B-17,true
C-100290,9770000290,2022-04-25,B-01,true
C-100291,9770000291,2021-12-06,B-01,false
C-100292,9770000292,2019-07-28,B-02,true
C-100293,9770000293,2021-01-28,B-08,false
C-100294,9770000294,2020-05-11,B-17,false
C-100295,9770000295,2023-05-25,B-02,false
C-100296,9770000296,2021-12-01,B-01,false
C-100297,9770000297,2022-10-27,B-09,true
C-100298,9770000298,2021-11-29,B-01,false
C-100299,9770000299,2025-02-26,B-09,true
C-100300,9770000300,2023-02-09,B-02,true
C-100301,9770000301,2023-10-25,B-04,true
C-100302,9770000302,2024-11-09,B-09,false
C-100303,9770000303,2023-10-12,B-04,false
C-100304,9770000304,2020-10-10,B-01,false
C-100305,9770000305,2025-01-18,B-02,true
C-100306,9770000306,2022-09-17,B-09,true
C-100307,9770000307,2022-06-01,B-09,false
C-100308,9770000308,2021-10-08,B-09,true
C-100309,9770000309,2023-03-26,B-08,true
C-100310,9770000310,2023-10-19,B-01,true
C-100311,9770000311,2024-02-19,B-17,true
C-100312,9770000312,2024-07-10,B-04,false
C-100313,9770000313,2024-02-05,B-04,false
C-100314,9770000314,2023-01-19,B-04,false
C-100315,9770000315,2020-05-22,B-09,false
C-100316,9770000316,2023-10-15,B-02,true
C-100317,9770000317,2020-02-10,B-09,false
C-100318,9770000318,2023-09-04,B-02,false
C-100319,9770000319,2024-08-14,B-17,true
C-100320,9770000320,2025-01-26,B-08,false
C-100321,9770000321,2025-01-11,B-04,false
C-100322,9770000322,2019-09-15,B-02,false
C-100323,9770000323,2025-02-21,B-04,true
C-100324,9770000324,2026-02-18,B-02,false
C-100325,9770000325,2025-03-08,B-02,false
C-100326,9770000326,2020-01-17,B-08,false
C-100327,9770000327,2023-03-09,B-04,false
C-100328,9770000328,2025-05-08,B-09,false
C-100329,9770000329,2023-11-30,B-04,false
C-100330,9770000330,2022-10-21,B-04,true
C-100331,9770000331,2022-12-25,B-17,true
C-100332,9770000332,2025-02-03,B-09,false
C-100333,9770000333,2026-03-28,B-08,true
C-100334,9770000334,2020-04-20,B-09,false
C-100335,9770000335,2025-02-02,B-17,false
C-100336,9770000336,2025-02-09,B-08,true
C-100337,9770000337,2024-04-09,B-09,false
C-100338,9770000338,2020-05-08,B-08,true
C-100339,9770000339,2021-11-08,B-02,false
C-100340,9770000340,2024-09-18,B-01,false
C-100341,9770000341,2019-10-08,B-09,false
C-100342,9770000342,2019-08-22,B-09,true
C-100343,9770000343,2023-08-08,B-04,true
C-100344,9770000344,2022-01-01,B-09,false
C-100345,9770000345,2020-07-02,B-01,true
C-100346,9770000346,2021-06-13,B-02,false
C-100347,9770000347,2025-05-01,B-09,false
C-100348,9770000348,2020-03-01,B-02,true
C-100349,9770000349,2021-02-13,B-01,true
C-100350,9770000350,2020-07-12,B-02,false
C-100351,9770000351,2025-07-03,B-09,false
C-100352,9770000352,2020-07-15,B-04,true
C-100353,9770000353,2025-06-27,B-01,false
C-100354,9770000354,2019-11-15,B-09,false
C-100355,9770000355,2025-09-23,B-09,false
C-100356,9770000356,2023-09-26,B-08,true
C-100357,9770000357,2020-11-04,B-04,true
C-100358,9770000358,2020-04-09,B-17,false
C-100359,9770000359,2025-08-16,B-04,true
C-100360,9770000360,2019-05-31,B-17,true
C-100361,9770000361,2025-07-24,B-02,false
C-100362,9770000362,2023-07-04,B-02,true
C-100363,9770000363,2022-10-29,B-17,true
C-100364,9770000364,2020-05-12,B-08,false
C-100365,9770000365,2024-12-11,B-08,true
C-100366,9770000366,2021-07-26,B-04,false
C-100367,9770000367,2020-03-24,B-08,true
C-100368,9770000368,2022-01-03,B-01,false
C-100369,9770000369,2024-11-11,B-17,false
C-100370,9770000370,2022-11-12,B-01,false
C-100371,9770000371,2025-05-28,B-09,false
C-100372,9770000372,2022-02-05,B-17,false
C-100373,9770000373,2020-05-12,B-04,false
C-100374,9770000374,2025-08-04,B-09,true
C-100375,9770000375,2023-12-07,B-02,true
C-100376,9770000376,2019-10-04,B-09,false
C-100377,9770000377,2019-06-07,B-09,true
C-100378,9770000378,2024-05-13,B-02,true
C-100379,9770000379,2020-03-04,B-09,true
C-100380,9770000380,2025-12-05,B-02,true
C-100381,9770000381,2025-11-26,B-04,false
C-100382,9770000382,2026-01-29,B-09,true
C-100383,9770000383,2020-01-03,B-01,false
C-100384,9770000384,2024-06-12,B-09,false
C-100385,9770000385,2024-01-27,B-01,false
C-100386,9770000386,2019-12-20,B-09,false
C-100387,9770000387,2020-06-21,B-01,true
C-100388,9770000388,2021-08-04,B-01,true
C-100389,9770000389,2024-12-23,B-02,false
C-100390,9770000390,2022-08-26,B-08,false
C-100391,9770000391,2024-03-18,B-08,false
C-100392,9770000392,2024-11-01,B-02,false
C-100393,9770000393,2025-08-23,B-02,true
C-100394,9770000394,2025-09-30,B-17,false
C-100395,9770000395,2023-03-07,B-17,false
C-100396,9770000396,2023-06-07,B-04,true
C-100397,9770000397,2026-02-06,B-17,true
C-100398,9770000398,2025-03-10,B-09,false
C-100399,9770000399,2021-10-07,B-02,false
C-100400,9770000400,2021-08-03,B-02,false
C-100401,9770000401,2023-11-02,B-01,false
C-100402,9770000402,2024-08-28,B-04,false
C-100403,9770000403,2026-01-31,B-02,false
C-100404,9770000404,2023-12-29,B-17,true
C-100405,9770000405,2021-02-27,B-08,false
C-100406,9770000406,2022-06-11,B-02,false
C-100407,9770000407,2026-02-19,B-09,true
C-100408,9770000408,2024-05-03,B-08,false
C-100409,9770000409,2019-12-18,B-08,false
C-100410,9770000410,2021-09-03,B-04,false
C-100411,9770000411,2020-08-09,B-09,true
C-100412,9770000412,2023-10-20,B-01,false
C-100413,9770000413,2020-01-27,B-17,false
C-100414,9770000414,2019-12-12,B-09,true
C-100415,9770000415,2025-11-08,B-08,false
C-100416,9770000416,2020-02-25,B-09,true
C-100417,9770000417,2021-01-15,B-01,false
C-100418,9770000418,2024-08-18,B-09,false
C-100419,9770000419,2024-02-08,B-02,true
C-100420,9770000420,2019-07-20,B-17,false
C-100421,9770000421,2022-07-17,B-17,true
C-100422,9770000422,2022-07-14,B-17,false
C-100423,9770000423,2021-01-20,B-17,false
C-100424,9770000424,2020-02-17,B-04,false
C-100425,9770000425,2019-10-31,B-04,true
C-100426,9770000426,2023-05-03,B-17,true
C-100427,9770000427,2022-11-23,B-17,true
C-100428,9770000428,2020-05-14,B-01,false
C-100429,9770000429,2022-12-03,B-17,false
C-100430,9770000430,2024-07-11,B-17,true
C-100431,9770000431,2024-12-30,B-02,false
C-100432,9770000432,2021-11-18,B-02,false
C-100433,9770000433,2021-06-29,B-01,false
C-100434,9770000434,2024-06-24,B-08,true
C-100435,9770000435,2025-02-16,B-09,false
C-100436,9770000436,2020-02-07,B-02,true
C-100437,9770000437,2023-06-04,B-01,false
C-100438,9770000438,2025-02-25,B-01,false
C-100439,9770000439,2025-01-09,B-02,false
C-100440,9770000440,2021-01-30,B-08,true
C-100441,9770000441,2021-08-13,B-17,false
C-100442,9770000442,2024-01-02,B-17,false
C-100443,9770000443,2020-11-09,B-01,true
C-100444,9770000444,2019-08-27,B-02,false
C-100445,9770000445,2020-11-09,B-17,false
C-100446,9770000446,2023-01-15,B-02,false
C-100447,9770000447,2020-06-13,B-01,false
C-100448,9770000448,2020-12-19,B-04,false
C-100449,9770000449,2021-03-03,B-09,false
C-100450,9770000450,2019-06-04,B-04,false
C-100451,9770000451,2020-01-29,B-09,false
C-100452,9770000452,2024-03-31,B-08,false
C-100453,9770000453,2023-09-08,B-09,false
C-100454,9770000454,2019-10-25,B-01,true
C-100455,9770000455,2024-05-06,B-02,false
C-100456,9770000456,2020-07-03,B-02,false
C-100457,9770000457,2023-06-14,B-04,false
C-100458,9770000458,2021-09-23,B-02,false
C-100459,9770000459,2020-04-22,B-02,false
C-100460,9770000460,2025-03-12,B-08,true
C-100461,9770000461,2022-11-24,B-04,true
C-100462,9770000462,2025-12-01,B-17,false
C-100463,9770000463,2025-07-02,B-02,false
C-100464,9770000464,2023-08-04,B-08,true
C-100465,9770000465,2019-12-13,B-04,false
C-100466,9770000466,2022-05-12,B-02,false
C-100467,9770000467,2025-12-25,B-02,true
C-100468,9770000468,2020-06-13,B-17,true
C-100469,9770000469,2025-04-16,B-08,true
C-100470,9770000470,2021-03-23,B-02,false
C-100471,9770000471,2026-01-31,B-08,true
C-100472,9770000472,2022-08-24,B-08,true
C-100473,9770000473,2021-03-15,B-09,false
C-100474,9770000474,2020-07-10,B-17,false
C-100475,9770000475,2022-10-03,B-17,false
C-100476,9770000476,2021-07-13,B-08,false
C-100477,9770000477,2019-08-29,B-02,false
C-100478,9770000478,2023-12-21,B-08,false
C-100479,9770000479,2024-08-22,B-01,true
C-100480,9770000480,2020-04-18,B-09,true
C-100481,9770000481,2021-06-17,B-17,false
C-100482,9770000482,2022-03-25,B-17,false
C-100483,9770000483,2025-12-13,B-04,false
C-100484,9770000484,2023-02-19,B-09,true
C-100485,9770000485,2019-07-31,B-04,true
C-100486,9770000486,2020-09-24,B-04,false
C-100487,9770000487,2020-11-04,B-04,false
C-100488,9770000488,2022-04-04,B-08,true
C-100489,9770000489,2025-01-21,B-04,false
C-100490,9770000490,2022-05-04,B-04,true
C-100491,9770000491,2021-08-01,B-08,true
C-100492,9770000492,2023-05-26,B-17,false
C-100493,9770000493,2020-11-01,B-08,true
C-100494,9770000494,2021-04-02,B-04,true
C-100495,9770000495,2023-01-18,B-08,false
C-100496,9770000496,2019-09-18,B-09,false
C-100497,9770000497,2019-09-03,B-02,false
C-100498,9770000498,2025-11-03,B-09,true
C-100499,9770000499,2021-11-06,B-17,true
C-100500,9770000500,2024-07-09,B-04,true
C-100501,9770000501,2022-10-31,B-04,true
C-100502,9770000502,2021-09-16,B-01,false
C-100503,9770000503,2022-04-06,B-04,false
C-100504,9770000504,2021-10-09,B-02,true
C-100505,9770000505,2024-06-21,B-09,false
C-100506,9770000506,2021-09-13,B-08,true
C-100507,9770000507,2019-12-06,B-04,true
C-100508,9770000508,2024-06-26,B-09,true
C-100509,9770000509,2024-07-03,B-01,true
C-100510,9770000510,2019-10-05,B-09,true
C-100511,9770000511,2025-12-20,B-01,true
C-100512,9770000512,2021-01-12,B-01,true
C-100513,9770000513,2023-06-11,B-08,true
C-100514,9770000514,2021-06-23,B-02,false
C-100515,9770000515,2024-03-08,B-17,false
C-100516,9770000516,2021-04-05,B-08,false
C-100517,9770000517,2021-04-30,B-08,false
C-100518,9770000518,2023-11-04,B-09,false
C-100519,9770000519,2025-06-23,B-17,false
C-100520,9770000520,2019-12-12,B-02,false
C-100521,9770000521,2021-07-14,B-08,false
C-100522,9770000522,2019-08-15,B-08,false
C-100523,9770000523,2021-11-26,B-09,true
C-100524,9770000524,2025-08-07,B-09,false
C-100525,9770000525,2025-04-13,B-09,true
C-100526,9770000526,2024-07-21,B-01,false
C-100527,9770000527,2021-01-18,B-01,true
C-100528,9770000528,2025-09-03,B-09,true
C-100529,9770000529,2021-01-26,B-01,false
C-100530,9770000530,2022-04-04,B-04,true
C-100531,9770000531,2019-07-14,B-02,true
C-100532,9770000532,2019-12-06,B-01,false
C-100533,9770000533,2022-08-26,B-01,false
C-100534,9770000534,2025-12-08,B-04,true
C-100535,9770000535,2022-02-11,B-08,false
C-100536,9770000536,2020-02-03,B-04,true
C-100537,9770000537,2025-02-22,B-17,true
C-100538,9770000538,2024-08-01,B-02,true
C-100539,9770000539,2025-04-01,B-04,true
C-100540,9770000540,2020-06-26,B-08,false
C-100541,9770000541,2019-05-30,B-08,true
C-100542,9770000542,2025-07-11,B-08,true
C-100543,9770000543,2024-05-02,B-09,false
C-100544,9770000544,2024-10-05,B-01,true
C-100545,9770000545,2025-12-03,B-08,false
C-100546,9770000546,2022-12-03,B-17,true
C-100547,9770000547,2025-07-09,B-04,true
C-100548,9770000548,2025-05-05,B-17,true
C-100549,9770000549,2022-05-14,B-17,false
C-100550,9770000550,2022-04-28,B-08,false
C-100551,9770000551,2019-09-30,B-02,false
C-100552,9770000552,2025-07-09,B-02,true
C-100553,9770000553,2024-02-23,B-08,false
C-100554,9770000554,2025-01-28,B-17,false
C-100555,9770000555,2025-04-11,B-09,true
C-100556,9770000556,2021-02-19,B-09,false
C-100557,9770000557,2025-08-21,B-04,false
C-100558,9770000558,2025-06-28,B-08,true
C-100559,9770000559,2023-10-26,B-08,false
C-100560,9770000560,2025-07-13,B-04,false
C-100561,9770000561,2022-12-03,B-04,false
C-100562,9770000562,2024-01-09,B-04,false
C-100563,9770000563,2024-11-08,B-08,true
C-100564,9770000564,2021-04-27,B-08,false
C-100565,9770000565,2019-10-12,B-04,true
C-100566,9770000566,2022-06-14,B-02,true
C-100567,9770000567,2020-11-01,B-02,false
C-100568,9770000568,2022-09-27,B-08,true
C-100569,9770000569,2024-06-23,B-17,true
C-100570,9770000570,2020-09-26,B-08,false
C-100571,9770000571,2024-01-13,B-17,false
C-100572,9770000572,2023-01-02,B-09,false
C-100573,9770000573,2019-11-09,B-09,false
C-100574,9770000574,2020-03-25,B-08,false
C-100575,9770000575,2023-06-28,B-09,false
C-100576,9770000576,2021-10-19,B-01,false
C-100577,9770000577,2023-11-27,B-04,false
C-100578,9770000578,2023-04-28,B-17,false
C-100579,9770000579,2022-04-24,B-04,true
C-100580,9770000580,2025-05-28,B-08,false
C-100581,9770000581,2022-03-31,B-09,false
C-100582,9770000582,2019-10-21,B-08,true
C-100583,9770000583,2019-10-15,B-04,false
C-100584,9770000584,2024-11-29,B-17,true
C-100585,9770000585,2021-08-22,B-17,false
C-100586,9770000586,2021-12-06,B-17,true
C-100587,9770000587,2019-11-22,B-04,false
C-100588,9770000588,2021-02-06,B-09,false
C-100589,9770000589,2020-06-23,B-09,false
C-100590,9770000590,2021-12-09,B-08,false
C-100591,9770000591,2021-08-01,B-01,false
C-100592,9770000592,2021-02-27,B-08,false
C-100593,9770000593,2019-06-02,B-09,false
C-100594,9770000594,2021-08-31,B-04,true
C-100595,9770000595,2022-05-02,B-04,true
C-100596,9770000596,2020-12-01,B-17,false
C-100597,9770000597,2025-10-20,B-02,false
C-100598,9770000598,2022-05-11,B-09,true
C-100599,9770000599,2022-08-05,B-04,false
C-100600,9770000600,2025-12-25,B-04,false
C-100601,9770000601,2021-06-30,B-01,false
C-100602,9770000602,2022-12-05,B-09,false
C-100603,9770000603,2021-08-09,B-17,true
C-100604,9770000604,2022-10-26,B-17,false
C-100605,9770000605,2020-09-03,B-09,true
C-100606,9770000606,2021-10-22,B-04,false
C-100607,9770000607,2020-03-18,B-08,true
C-100608,9770000608,2024-04-19,B-02,true
C-100609,9770000609,2019-10-20,B-17,false
C-100610,9770000610,2024-01-22,B-04,false
C-100611,9770000611,2019-05-30,B-08,false
C-100612,9770000612,2023-12-07,B-17,true
C-100613,9770000613,2024-01-02,B-09,true
C-100614,9770000614,2025-09-25,B-17,false
C-100615,9770000615,2020-12-17,B-08,false
C-100616,9770000616,2025-01-23,B-17,false
C-100617,9770000617,2026-01-26,B-09,true
C-100618,9770000618,2025-11-28,B-09,true
C-100619,9770000619,2020-03-27,B-02,false
C-100620,9770000620,2024-08-07,B-08,true
C-100621,9770000621,2022-02-21,B-02,false
C-100622,9770000622,2026-01-21,B-01,true
C-100623,9770000623,2021-12-07,B-04,true
C-100624,9770000624,2022-09-17,B-17,true
C-100625,9770000625,2022-01-23,B-09,false
C-100626,9770000626,2025-08-30,B-09,true
C-100627,9770000627,2021-10-08,B-01,false
C-100628,9770000628,2023-05-31,B-17,false
C-100629,9770000629,2022-12-13,B-01,false
C-100630,9770000630,2021-04-06,B-09,true
C-100631,9770000631,2021-07-12,B-09,true
C-100632,9770000632,2025-06-25,B-08,true
C-100633,9770000633,2023-12-31,B-04,false
C-100634,9770000634,2021-07-28,B-01,true
C-100635,9770000635,2024-04-25,B-04,false
C-100636,9770000636,2023-05-16,B-09,false
C-100637,9770000637,2022-03-16,B-17,true
C-100638,9770000638,2020-06-03,B-04,false
C-100639,9770000639,2026-01-24,B-08,false
C-100640,9770000640,2024-05-17,B-02,false
C-100641,9770000641,2019-12-13,B-02,true
C-100642,9770000642,2021-04-02,B-04,false
C-100643,9770000643,2024-02-08,B-09,true
C-100644,9770000644,2021-09-15,B-04,false
C-100645,9770000645,2019-08-27,B-09,false
C-100646,9770000646,2025-02-19,B-08,false
C-100647,9770000647,2021-10-05,B-08,true
C-100648,9770000648,2022-04-26,B-17,true
C-100649,9770000649,2021-12-08,B-04,false
C-100650,9770000650,2022-05-09,B-09,true
C-100651,9770000651,2021-03-01,B-04,true
C-100652,9770000652,2019-08-10,B-09,true
C-100653,9770000653,2024-12-04,B-09,true
C-100654,9770000654,2024-07-20,B-09,false
C-100655,9770000655,2021-02-23,B-01,false
C-100656,9770000656,2022-07-22,B-08,false
C-100657,9770000657,2019-08-27,B-02,true
C-100658,9770000658,2019-06-15,B-08,true
C-100659,9770000659,2023-01-16,B-01,false
C-100660,9770000660,2024-11-03,B-04,false
C-100661,9770000661,2023-10-20,B-17,false
C-100662,9770000662,2021-07-08,B-01,false
C-100663,9770000663,2022-02-08,B-17,false
C-100664,9770000664,2022-11-14,B-04,true
C-100665,9770000665,2020-03-06,B-17,false
C-100666,9770000666,2021-05-04,B-09,true
C-100667,9770000667,2021-05-27,B-08,false
C-100668,9770000668,2023-12-18,B-17,true
C-100669,9770000669,2022-10-12,B-09,false
C-100670,9770000670,2023-11-22,B-09,false
C-100671,9770000671,2025-08-21,B-09,false
C-100672,9770000672,2024-12-10,B-08,false
C-100673,9770000673,2025-10-27,B-09,true
C-100674,9770000674,2023-11-22,B-08,true
C-100675,9770000675,2026-02-05,B-09,false
C-100676,9770000676,2023-03-18,B-04,false
C-100677,9770000677,2022-09-04,B-09,true
C-100678,9770000678,2025-08-03,B-01,false
C-100679,9770000679,2025-12-01,B-04,true
C-100680,9770000680,2023-07-06,B-09,true
C-100681,9770000681,2024-10-02,B-02,true
C-100682,9770000682,2022-03-21,B-02,true
C-100683,9770000683,2025-06-18,B-04,false
C-100684,9770000684,2023-02-28,B-01,true
C-100685,9770000685,2024-11-16,B-09,true
C-100686,9770000686,2021-08-15,B-04,false
C-100687,9770000687,2023-02-21,B-08,false
C-100688,9770000688,2026-02-10,B-08,false
C-100689,9770000689,2022-10-02,B-08,true
C-100690,9770000690,2025-11-14,B-09,false
C-100691,9770000691,2022-03-19,B-04,true
C-100692,9770000692,2022-06-25,B-04,true
C-100693,9770000693,2022-12-14,B-08,false
C-100694,9770000694,2023-03-30,B-02,false
C-100695,9770000695,2021-04-04,B-08,false
C-100696,9770000696,2026-02-13,B-17,false
C-100697,9770000697,2020-03-02,B-01,false
C-100698,9770000698,2020-11-19,B-04,false
C-100699,9770000699,2023-01-18,B-08,false
C-100700,9770000700,2025-03-21,B-02,false
C-100701,9770000701,2022-09-11,B-04,false
C-100702,9770000702,2023-10-02,B-09,true
C-100703,9770000703,2025-02-07,B-17,false
C-100704,9770000704,2023-05-14,B-04,true
C-100705,9770000705,2020-04-03,B-02,false
C-100706,9770000706,2025-06-04,B-09,true
C-100707,9770000707,2024-11-30,B-08,true
C-100708,9770000708,2025-06-27,B-08,false
C-100709,9770000709,2020-12-28,B-09,true
C-100710,9770000710,2020-10-12,B-04,false
C-100711,9770000711,2020-05-22,B-17,false
C-100712,9770000712,2019-11-02,B-02,false
C-100713,9770000713,2023-09-19,B-17,true
C-100714,9770000714,2023-06-02,B-08,false
C-100715,9770000715,2025-04-09,B-17,true
C-100716,9770000716,2022-12-25,B-08,false
C-100717,9770000717,2025-12-07,B-04,true
C-100718,9770000718,2024-08-01,B-02,false
C-100719,9770000719,2023-07-23,B-17,true
C-100720,9770000720,2024-11-11,B-04,false
C-100721,9770000721,2024-05-01,B-04,true
C-100722,9770000722,2020-07-08,B-17,true
C-100723,9770000723,2020-03-20,B-01,true
C-100724,9770000724,2025-08-18,B-02,false
C-100725,9770000725,2025-08-19,B-09,false
C-100726,9770000726,2019-12-10,B-02,false
C-100727,9770000727,2024-09-24,B-02,false
C-100728,9770000728,2022-02-15,B-01,false
C-100729,9770000729,2023-12-19,B-08,false
C-100730,9770000730,2024-02-03,B-04,true
C-100731,9770000731,2021-10-31,B-09,true
C-100732,9770000732,2024-10-10,B-02,false
C-100733,9770000733,2019-08-03,B-08,false
C-100734,9770000734,2020-06-05,B-02,false
C-100735,9770000735,2026-03-01,B-01,false
C-100736,9770000736,2025-05-22,B-04,true
C-100737,9770000737,2020-01-11,B-04,false
C-100738,9770000738,2025-02-10,B-17,true
C-100739,9770000739,2022-02-26,B-09,false
C-100740,9770000740,2022-03-18,B-01,true
C-100741,9770000741,2020-01-12,B-17,true
C-100742,9770000742,2021-05-19,B-02,true
C-100743,9770000743,2023-05-26,B-01,false
C-100744,9770000744,2023-05-25,B-17,false
C-100745,9770000745,2025-10-12,B-02,false
C-100746,9770000746,2022-06-14,B-17,true
C-100747,9770000747,2023-06-19,B-02,true
C-100748,9770000748,2022-01-03,B-17,true
C-100749,9770000749,2024-12-31,B-01,true
C-100750,9770000750,2020-09-23,B-09,true
C-100751,9770000751,2025-03-16,B-04,false
C-100752,9770000752,2023-03-13,B-08,true
C-100753,9770000753,2024-02-09,B-02,false
C-100754,9770000754,2024-09-27,B-01,false
C-100755,9770000755,2021-07-26,B-17,true
C-100756,9770000756,2022-12-19,B-09,false
C-100757,9770000757,2024-04-07,B-02,true
C-100758,9770000758,2023-04-15,B-09,false
C-100759,9770000759,2020-12-11,B-02,false
C-100760,9770000760,2022-06-19,B-09,false
C-100761,9770000761,2026-02-23,B-04,true
C-100762,9770000762,2021-11-16,B-01,false
C-100763,9770000763,2023-01-25,B-02,false
C-100764,9770000764,2021-12-08,B-01,true
C-100765,9770000765,2024-02-05,B-04,true
C-100766,9770000766,2022-11-03,B-17,true
C-100767,9770000767,2026-02-26,B-01,false
C-100768,9770000768,2024-01-25,B-02,false
C-100769,9770000769,2021-04-16,B-04,false
C-100770,9770000770,2019-07-08,B-01,false
C-100771,9770000771,2025-09-05,B-04,true
C-100772,9770000772,2025-03-13,B-09,false
C-100773,9770000773,2024-12-20,B-02,false
C-100774,9770000774,2025-04-07,B-08,true
C-100775,9770000775,2021-12-18,B-04,false
C-100776,9770000776,2020-02-13,B-09,false
C-100777,9770000777,2023-12-18,B-17,false
C-100778,9770000778,2021-06-29,B-02,true
C-100779,9770000779,2022-01-31,B-01,false
C-100780,9770000780,2021-05-13,B-01,false
C-100781,9770000781,2019-06-01,B-09,false
C-100782,9770000782,2023-03-04,B-02,false
C-100783,9770000783,2025-11-07,B-04,true
C-100784,9770000784,2025-10-14,B-17,false
C-100785,9770000785,2025-11-05,B-09,true
C-100786,9770000786,2023-12-30,B-02,false
C-100787,9770000787,2025-05-31,B-08,true
C-100788,9770000788,2020-07-05,B-09,true
C-100789,9770000789,2024-10-12,B-08,true
C-100790,9770000790,2026-02-19,B-08,true
C-100791,9770000791,2022-01-22,B-01,false
C-100792,9770000792,2019-05-29,B-02,false
C-100793,9770000793,2026-01-31,B-04,false
C-100794,9770000794,2025-10-10,B-04,false
C-100795,9770000795,2021-05-17,B-01,false
C-100796,9770000796,2022-04-23,B-08,false
C-100797,9770000797,2023-10-06,B-04,true
C-100798,9770000798,2021-01-11,B-04,false
C-100799,9770000799,2019-06-29,B-08,true
C-100800,9770000800,2025-11-07,B-17,true
C-100801,9770000801,2022-04-03,B-01,false
C-100802,9770000802,2025-01-29,B-17,false
C-100803,9770000803,2023-05-03,B-09,false
C-100804,9770000804,2023-06-17,B-08,true
C-100805,9770000805,2025-07-14,B-17,false
C-100806,9770000806,2023-02-18,B-09,false
C-100807,9770000807,2022-07-25,B-08,false
C-100808,9770000808,2026-01-02,B-17,true
C-100809,9770000809,2023-06-27,B-02,false
C-100810,9770000810,2021-07-26,B-04,false
C-100811,9770000811,2022-08-13,B-09,false
C-100812,9770000812,2021-09-07,B-09,false
C-100813,9770000813,2023-07-28,B-08,false
C-100814,9770000814,2025-07-19,B-01,false
C-100815,9770000815,2020-08-12,B-08,true
C-100816,9770000816,2025-04-13,B-08,true
C-100817,9770000817,2019-06-04,B-08,true
C-100818,9770000818,2021-07-05,B-04,false
C-100819,9770000819,2019-06-11,B-08,true
C-100820,9770000820,2023-06-21,B-02,false
C-100821,9770000821,2025-11-26,B-09,false
C-100822,9770000822,2022-03-15,B-09,false
C-100823,9770000823,2022-07-28,B-04,false
C-100824,9770000824,2020-02-14,B-09,true
C-100825,9770000825,2024-02-15,B-09,true
C-100826,9770000826,2021-05-10,B-04,false
C-100827,9770000827,2024-05-18,B-04,false
C-100828,9770000828,2026-03-12,B-17,true
C-100829,9770000829,2019-08-14,B-08,false
C-100830,9770000830,2024-05-30,B-08,true
C-100831,9770000831,2025-07-07,B-08,true
C-100832,9770000832,2024-05-18,B-17,true
C-100833,9770000833,2024-06-03,B-09,true
C-100834,9770000834,2019-08-20,B-08,true
C-100835,9770000835,2026-03-29,B-02,true
C-100836,9770000836,2024-10-09,B-09,true
C-100837,9770000837,2019-11-27,B-01,true
C-100838,9770000838,2023-07-19,B-08,true
C-100839,9770000839,2022-09-15,B-01,true
C-100840,9770000840,2024-06-17,B-09,false
C-100841,9770000841,2020-03-08,B-17,false
C-100842,9770000842,2023-05-27,B-09,false
C-100843,9770000843,2020-10-10,B-08,false
C-100844,9770000844,2023-08-27,B-04,false
C-100845,9770000845,2021-07-05,B-09,true
C-100846,9770000846,2023-05-16,B-02,false
C-100847,9770000847,2025-07-23,B-09,true
C-100848,9770000848,2023-12-28,B-08,true
C-100849,9770000849,2024-12-18,B-09,true
C-100850,9770000850,2024-02-01,B-08,false
C-100851,9770000851,2025-01-17,B-08,true
C-100852,9770000852,2020-08-18,B-04,true
C-100853,9770000853,2022-09-20,B-17,true
C-100854,9770000854,2023-06-04,B-08,true
C-100855,9770000855,2019-12-23,B-04,true
C-100856,9770000856,2026-02-08,B-17,false
C-100857,9770000857,2023-04-22,B-17,false
C-100858,9770000858,2023-12-16,B-04,false
C-100859,9770000859,2020-03-02,B-02,false
C-100860,9770000860,2019-12-11,B-02,false
C-100861,9770000861,2024-11-22,B-02,false
C-100862,9770000862,2021-04-27,B-01,true
C-100863,9770000863,2023-05-26,B-02,false
C-100864,9770000864,2020-03-31,B-02,false
C-100865,9770000865,2021-11-22,B-04,false
C-100866,9770000866,2022-11-25,B-08,false
C-100867,9770000867,2021-04-12,B-09,true
C-100868,9770000868,2022-06-09,B-08,false
C-100869,9770000869,2020-05-04,B-02,false
C-100870,9770000870,2021-01-28,B-08,true
C-100871,9770000871,2026-03-28,B-08,false
C-100872,9770000872,2019-10-09,B-09,false
C-100873,9770000873,2023-02-01,B-01,true
C-100874,9770000874,2023-04-24,B-09,true
C-100875,9770000875,2025-12-31,B-02,true
C-100876,9770000876,2023-07-27,B-08,true
C-100877,9770000877,2019-11-04,B-17,true
C-100878,9770000878,2022-05-30,B-17,false
C-100879,9770000879,2022-03-24,B-17,false
C-100880,9770000880,2021-06-27,B-01,false
C-100881,9770000881,2021-07-27,B-09,false
C-100882,9770000882,2022-03-26,B-04,true
C-100883,9770000883,2023-05-07,B-17,true
C-100884,9770000884,2023-05-03,B-01,true
C-100885,9770000885,2023-02-01,B-01,true
C-100886,9770000886,2019-07-29,B-09,false
C-100887,9770000887,2024-06-14,B-02,true
C-100888,9770000888,2021-02-19,B-17,true
C-100889,9770000889,2025-03-11,B-09,false
C-100890,9770000890,2022-04-10,B-01,true
C-100891,9770000891,2023-04-22,B-08,true
C-100892,9770000892,2023-09-14,B-02,false
C-100893,9770000893,2024-09-27,B-01,true
C-100894,9770000894,2025-04-27,B-08,true
C-100895,9770000895,2023-12-05,B-08,false
C-100896,9770000896,2022-03-26,B-08,false
C-100897,9770000897,2022-07-07,B-02,true
C-100898,9770000898,2024-04-05,B-17,false
C-100899,9770000899,2026-03-11,B-09,false
C-100900,9770000900,2020-08-23,B-17,true
C-100901,9770000901,2024-06-13,B-01,false
C-100902,9770000902,2019-12-03,B-04,true
C-100903,9770000903,2020-01-22,B-08,false
C-100904,9770000904,2019-07-12,B-01,true
C-100905,9770000905,2021-03-07,B-01,false
C-100906,9770000906,2025-11-06,B-01,true
C-100907,9770000907,2022-10-09,B-04,true
C-100908,9770000908,2019-11-02,B-09,true
C-100909,9770000909,2021-06-28,B-17,true
C-100910,9770000910,2020-03-09,B-02,true
C-100911,9770000911,2019-06-14,B-04,false
C-100912,9770000912,2026-03-23,B-08,false
C-100913,9770000913,2023-11-17,B-04,false
C-100914,9770000914,2020-02-12,B-09,true
C-100915,9770000915,2023-01-05,B-04,false
C-100916,9770000916,2025-04-11,B-17,true
C-100917,9770000917,2023-05-08,B-17,true
C-100918,9770000918,2024-11-04,B-01,false
C-100919,9770000919,2023-04-09,B-17,true
C-100920,9770000920,2021-01-06,B-01,false
C-100921,9770000921,2021-01-19,B-08,true
C-100922,9770000922,2021-01-15,B-08,true
C-100923,9770000923,2019-12-21,B-02,false
C-100924,9770000924,2024-07-01,B-02,false
C-100925,9770000925,2021-01-11,B-01,true
C-100926,9770000926,2023-02-07,B-09,false
C-100927,9770000927,2024-07-01,B-17,false
C-100928,9770000928,2023-03-01,B-02,true
C-100929,9770000929,2022-08-02,B-08,true
C-100930,9770000930,2019-11-12,B-09,true
C-100931,9770000931,2019-08-22,B-04,false
C-100932,9770000932,2024-08-23,B-08,true
C-100933,9770000933,2024-06-03,B-09,false
C-100934,9770000934,2024-06-23,B-01,true
C-100935,9770000935,2024-03-30,B-08,false
C-100936,9770000936,2023-10-11,B-08,true
C-100937,9770000937,2023-04-16,B-01,true
C-100938,9770000938,2020-08-31,B-04,false
C-100939,9770000939,2022-03-05,B-08,false
C-100940,9770000940,2021-10-18,B-08,false
C-100941,9770000941,2020-04-18,B-01,false
C-100942,9770000942,2019-09-19,B-02,true
C-100943,9770000943,2025-02-16,B-09,true
C-100944,9770000944,2024-10-06,B-01,false
C-100945,9770000945,2020-02-26,B-09,false
C-100946,9770000946,2023-12-23,B-08,false
C-100947,9770000947,2019-10-11,B-08,false
C-100948,9770000948,2022-03-02,B-08,true
C-100949,9770000949,2023-11-13,B-09,true
C-100950,9770000950,2023-10-30,B-02,true
C-100951,9770000951,2024-04-09,B-17,true
C-100952,9770000952,2024-08-14,B-01,false
C-100953,9770000953,2024-09-07,B-08,false
C-100954,9770000954,2024-04-26,B-04,true
C-100955,9770000955,2023-09-23,B-02,false
C-100956,9770000956,2023-10-15,B-04,false
C-100957,9770000957,2020-06-15,B-04,false
C-100958,9770000958,2024-12-04,B-01,true
C-100959,9770000959,2022-10-24,B-09,true
C-100960,9770000960,2020-03-16,B-09,false
C-100961,9770000961,2022-01-07,B-01,false
C-100962,9770000962,2023-05-26,B-17,false
C-100963,9770000963,2023-12-21,B-04,true
C-100964,9770000964,2023-09-08,B-17,true
C-100965,9770000965,2021-01-26,B-02,false
C-100966,9770000966,2023-03-26,B-02,false
C-100967,9770000967,2023-02-23,B-08,false
C-100968,9770000968,2025-06-29,B-08,false
C-100969,9770000969,2023-04-21,B-09,true
C-100970,9770000970,2020-09-04,B-02,false
C-100971,9770000971,2020-10-16,B-17,true
C-100972,9770000972,2023-12-23,B-17,false
C-100973,9770000973,2023-02-12,B-08,false
C-100974,9770000974,2020-01-18,B-08,true
C-100975,9770000975,2025-08-04,B-17,true
C-100976,9770000976,2025-06-08,B-02,true
C-100977,9770000977,2024-10-16,B-08,false
C-100978,9770000978,2022-10-12,B-02,true
C-100979,9770000979,2020-09-04,B-09,false
C-100980,9770000980,2022-05-18,B-17,false
C-100981,9770000981,2026-01-02,B-02,false
C-100982,9770000982,2025-09-23,B-09,true
C-100983,9770000983,2020-03-20,B-08,true
C-100984,9770000984,2021-02-08,B-01,false
C-100985,9770000985,2025-09-21,B-01,false
C-100986,9770000986,2022-05-30,B-04,false
C-100987,9770000987,2020-10-19,B-04,false
C-100988,9770000988,2019-09-06,B-02,true
C-100989,9770000989,2024-07-07,B-08,true
C-100990,9770000990,2021-06-23,B-01,true
C-100991,9770000991,2020-04-08,B-08,true
C-100992,9770000992,2022-05-31,B-01,false
C-100993,9770000993,2021-04-25,B-01,false
C-100994,9770000994,2022-07-19,B-09,true
C-100995,9770000995,2020-08-25,B-04,false
C-100996,9770000996,2020-04-02,B-08,true
C-100997,9770000997,2024-06-01,B-09,false
C-100998,9770000998,2024-09-06,B-01,false
C-100999,9770000999,2020-11-24,B-08,false
C-101000,9770001000,2020-05-21,B-04,true
C-101001,9770001001,2022-06-21,B-04,true
C-101002,9770001002,2022-02-02,B-08,false
C-101003,9770001003,2025-09-14,B-04,false
C-101004,9770001004,2019-11-15,B-02,true
C-101005,9770001005,2020-10-26,B-17,true
C-101006,9770001006,2022-01-01,B-02,true
C-101007,9770001007,2024-07-22,B-09,true
C-101008,9770001008,2020-04-06,B-04,true
C-101009,9770001009,2020-09-02,B-09,false
C-101010,9770001010,2026-02-18,B-17,false
C-101011,9770001011,2020-12-28,B-02,true
C-101012,9770001012,2024-08-06,B-02,true
C-101013,9770001013,2023-09-05,B-08,false
C-101014,9770001014,2022-09-03,B-04,false
C-101015,9770001015,2022-04-11,B-17,false
C-101016,9770001016,2020-11-21,B-01,false
C-101017,9770001017,2023-02-23,B-17,false
C-101018,9770001018,2023-11-24,B-09,true
C-101019,9770001019,2023-03-09,B-17,true
C-101020,9770001020,2024-10-28,B-02,false
C-101021,9770001021,2023-10-29,B-09,false
C-101022,9770001022,2023-08-21,B-08,false
C-101023,9770001023,2019-09-16,B-08,true
C-101024,9770001024,2022-08-14,B-04,false
C-101025,9770001025,2025-03-16,B-04,false
C-101026,9770001026,2025-01-11,B-08,false
C-101027,9770001027,2025-11-13,B-04,false
C-101028,9770001028,2020-02-04,B-09,false
C-101029,9770001029,2023-08-04,B-08,true
C-101030,9770001030,2021-01-02,B-02,true
C-101031,9770001031,2021-02-09,B-01,true
C-101032,9770001032,2025-09-06,B-04,true
C-101033,9770001033,2021-12-24,B-09,false
C-101034,9770001034,2025-08-13,B-02,true
C-101035,9770001035,2020-03-14,B-09,false
C-101036,9770001036,2024-05-08,B-02,true
C-101037,9770001037,2022-11-28,B-01,false
C-101038,9770001038,2024-05-17,B-02,false
C-101039,9770001039,2024-04-13,B-09,true
C-101040,9770001040,2022-07-26,B-01,false
C-101041,9770001041,2024-02-19,B-02,true
C-101042,9770001042,2021-05-31,B-09,false
C-101043,9770001043,2021-04-06,B-02,false
C-101044,9770001044,2023-05-04,B-01,false
C-101045,9770001045,2024-01-29,B-01,false
C-101046,9770001046,2024-09-13,B-08,true
C-101047,9770001047,2021-08-03,B-17,false
C-101048,9770001048,2020-08-26,B-08,true
C-101049,9770001049,2025-10-28,B-17,true
C-101050,9770001050,2025-04-08,B-02,false
C-101051,9770001051,2025-03-06,B-17,true
C-101052,9770001052,2024-02-08,B-08,false
C-101053,9770001053,2025-06-10,B-04,false
C-101054,9770001054,2026-02-23,B-02,true
C-101055,9770001055,2021-02-05,B-02,true
C-101056,9770001056,2025-08-11,B-17,false
C-101057,9770001057,2020-01-16,B-17,false
C-101058,9770001058,2023-05-19,B-04,false
C-101059,9770001059,2025-11-11,B-09,true
C-101060,9770001060,2023-11-29,B-04,false
C-101061,9770001061,2022-02-04,B-02,true
C-101062,9770001062,2022-03-08,B-08,false
C-101063,9770001063,2021-02-04,B-17,true
C-101064,9770001064,2019-06-12,B-04,true
C-101065,9770001065,2021-01-13,B-04,true
C-101066,9770001066,2021-05-26,B-01,false
C-101067,9770001067,2020-01-03,B-08,false
C-101068,9770001068,2019-06-23,B-04,true
C-101069,9770001069,2023-07-27,B-17,false
C-101070,9770001070,2022-11-21,B-09,true
C-101071,9770001071,2021-01-25,B-17,true
C-101072,9770001072,2021-07-01,B-04,true
C-101073,9770001073,2022-10-16,B-02,false
C-101074,9770001074,2022-03-01,B-04,false
C-101075,9770001075,2019-11-17,B-08,true
C-101076,9770001076,2025-01-31,B-01,false
C-101077,9770001077,2023-04-30,B-04,false
C-101078,9770001078,2025-12-09,B-02,false
C-101079,9770001079,2021-06-09,B-17,true
C-101080,9770001080,2024-05-22,B-09,true
C-101081,9770001081,2023-01-03,B-17,false
C-101082,9770001082,2024-10-16,B-08,false
C-101083,9770001083,2023-08-03,B-01,false
C-101084,9770001084,2026-01-13,B-09,false
C-101085,9770001085,2020-08-19,B-02,false
C-101086,9770001086,2019-07-26,B-17,false
C-101087,9770001087,2021-08-13,B-02,false
C-101088,9770001088,2023-09-21,B-01,false
C-101089,9770001089,2025-06-30,B-09,false
C-101090,9770001090,2023-04-02,B-04,false
C-101091,9770001091,2026-03-25,B-04,true
C-101092,9770001092,2022-05-15,B-09,false
C-101093,9770001093,2025-01-12,B-09,false
C-101094,9770001094,2022-09-21,B-09,false
C-101095,9770001095,2025-06-16,B-02,true
C-101096,9770001096,2025-09-23,B-08,true
C-101097,9770001097,2022-05-11,B-04,false
C-101098,9770001098,2021-08-26,B-09,false
C-101099,9770001099,2025-11-26,B-04,false
C-101100,9770001100,2022-05-25,B-17,true
C-101101,9770001101,2020-12-01,B-08,true
C-101102,9770001102,2021-03-04,B-02,true
C-101103,9770001103,2020-03-19,B-02,false
C-101104,9770001104,2023-07-18,B-09,true
C-101105,9770001105,2024-11-02,B-04,false
C-101106,9770001106,2023-10-29,B-02,true
C-101107,9770001107,2020-09-25,B-09,false
C-101108,9770001108,2024-01-17,B-02,false
C-101109,9770001109,2024-12-18,B-02,false
C-101110,9770001110,2022-04-28,B-08,false
C-101111,9770001111,2023-09-28,B-04,true
C-101112,9770001112,2022-12-10,B-09,true
C-101113,9770001113,2020-03-05,B-01,false
C-101114,9770001114,2022-08-12,B-01,false
C-101115,9770001115,2021-07-28,B-08,false
C-101116,9770001116,2020-12-11,B-17,false
C-101117,9770001117,2024-01-21,B-01,false
C-101118,9770001118,2024-12-03,B-04,false
C-101119,9770001119,2021-10-23,B-04,true
C-101120,9770001120,2022-08-12,B-08,false
C-101121,9770001121,2021-12-11,B-01,true
C-101122,9770001122,2021-09-28,B-17,false
C-101123,9770001123,2022-12-22,B-02,true
C-101124,9770001124,2024-11-14,B-04,false
C-101125,9770001125,2024-07-26,B-17,false
C-101126,9770001126,2019-06-26,B-04,false
C-101127,9770001127,2020-02-02,B-01,false
C-101128,9770001128,2025-04-24,B-08,true
C-101129,9770001129,2023-03-29,B-01,false
C-101130,9770001130,2021-04-07,B-04,false
C-101131,9770001131,2020-06-16,B-09,false
C-101132,9770001132,2023-09-14,B-09,true
C-101133,9770001133,2024-01-16,B-02,false
C-101134,9770001134,2021-05-26,B-01,false
C-101135,9770001135,2019-10-02,B-08,false
C-101136,9770001136,2022-09-30,B-09,false
C-101137,9770001137,2024-06-28,B-08,false
C-101138,9770001138,2023-05-06,B-08,false
C-101139,9770001139,2021-11-06,B-17,false
C-101140,9770001140,2021-01-01,B-17,false
C-101141,9770001141,2020-04-16,B-17,false
C-101142,9770001142,2023-04-16,B-08,true
C-101143,9770001143,2020-06-06,B-17,false
C-101144,9770001144,2020-05-18,B-08,true
C-101145,9770001145,2020-08-06,B-02,false
C-101146,9770001146,2021-12-26,B-09,false
C-101147,9770001147,2021-03-04,B-08,false
C-101148,9770001148,2022-06-21,B-02,false
C-101149,9770001149,2025-11-18,B-09,false
C-101150,9770001150,2025-08-11,B-09,true
C-101151,9770001151,2022-01-21,B-08,false
C-101152,9770001152,2020-01-01,B-09,true
C-101153,9770001153,2022-08-09,B-04,false
C-101154,9770001154,2025-06-04,B-04,true
C-101155,9770001155,2019-08-13,B-09,true
C-101156,9770001156,2023-09-12,B-09,true
C-101157,9770001157,2019-09-24,B-02,false
C-101158,9770001158,2024-11-23,B-01,false
C-101159,9770001159,2024-07-10,B-09,true
C-101160,9770001160,2023-07-28,B-09,false
C-101161,9770001161,2023-02-02,B-01,true
C-101162,9770001162,2025-01-26,B-01,false
C-101163,9770001163,2022-11-07,B-08,true
C-101164,9770001164,2021-01-18,B-17,false
C-101165,9770001165,2020-12-28,B-09,false
C-101166,9770001166,2019-10-08,B-01,false
C-101167,9770001167,2022-11-26,B-17,false
C-101168,9770001168,2025-07-08,B-04,true
C-101169,9770001169,2023-04-16,B-08,false
C-101170,9770001170,2021-02-15,B-17,false
C-101171,9770001171,2022-02-20,B-08,true
C-101172,9770001172,2024-07-02,B-04,true
C-101173,9770001173,2023-05-20,B-02,false
C-101174,9770001174,2022-12-26,B-04,true
C-101175,9770001175,2021-10-10,B-02,true
C-101176,9770001176,2024-10-11,B-09,true
C-101177,9770001177,2021-05-17,B-02,true
C-101178,9770001178,2022-12-27,B-09,true
C-101179,9770001179,2021-01-02,B-08,true
C-101180,9770001180,2020-11-04,B-08,true
C-101181,9770001181,2025-01-05,B-08,false
C-101182,9770001182,2023-10-19,B-04,true
C-101183,9770001183,2023-06-25,B-04,false
C-101184,9770001184,2021-07-18,B-02,true
C-101185,9770001185,2024-11-20,B-01,false
C-101186,9770001186,2020-05-05,B-01,true
C-101187,9770001187,2023-01-22,B-08,false
C-101188,9770001188,2022-02-10,B-01,true
C-101189,9770001189,2021-06-18,B-01,false
C-101190,9770001190,2023-11-13,B-04,true
C-101191,9770001191,2023-01-18,B-08,true
C-101192,9770001192,2020-10-18,B-04,false
C-101193,9770001193,2020-09-27,B-01,true
C-101194,9770001194,2022-01-27,B-01,false
C-101195,9770001195,2021-10-06,B-08,true
C-101196,9770001196,2022-10-18,B-08,false
C-101197,9770001197,2021-08-11,B-01,true
C-101198,9770001198,2023-01-23,B-08,false
C-101199,9770001199,2023-09-28,B-02,true
C-101200,9770001200,2026-02-07,B-01,false
C-101201,9770001201,2022-03-23,B-08,true
C-101202,9770001202,2019-10-10,B-09,false
C-101203,9770001203,2023-02-10,B-08,true
C-101204,9770001204,2020-01-13,B-01,true
C-101205,9770001205,2025-06-10,B-01,false
C-101206,9770001206,2020-05-28,B-17,false
C-101207,9770001207,2025-06-09,B-02,false
C-101208,9770001208,2026-01-12,B-17,true
C-101209,9770001209,2024-06-08,B-01,false
C-101210,9770001210,2023-01-15,B-02,false
C-101211,9770001211,2020-04-16,B-04,true
C-101212,9770001212,2024-03-18,B-17,true
C-101213,9770001213,2022-05-11,B-08,true
C-101214,9770001214,2022-10-16,B-02,true
C-101215,9770001215,2025-09-28,B-09,false
C-101216,9770001216,2023-01-29,B-09,false
C-101217,9770001217,2023-06-23,B-17,false
C-101218,9770001218,2020-11-29,B-17,false
C-101219,9770001219,2024-10-14,B-01,false
C-101220,9770001220,2023-05-26,B-01,false
C-101221,9770001221,2024-10-28,B-04,true
C-101222,9770001222,2022-06-02,B-01,false
C-101223,9770001223,2020-09-25,B-01,false
C-101224,9770001224,2020-10-05,B-01,false
C-101225,9770001225,2019-06-11,B-04,true
C-101226,9770001226,2024-05-26,B-04,false
C-101227,9770001227,2025-09-29,B-17,true
C-101228,9770001228,2021-08-31,B-17,false
C-101229,9770001229,2023-07-13,B-02,false
C-101230,9770001230,2022-11-23,B-09,false
C-101231,9770001231,2019-07-23,B-04,true
C-101232,9770001232,2021-09-04,B-09,true
C-101233,9770001233,2020-06-21,B-09,false
C-101234,9770001234,2021-08-17,B-01,true
C-101235,9770001235,2023-10-28,B-04,true
C-101236,9770001236,2020-06-03,B-08,false
C-101237,9770001237,2019-08-08,B-09,true
C-101238,9770001238,2021-06-06,B-09,false
C-101239,9770001239,2019-08-26,B-17,false
C-101240,9770001240,2024-11-14,B-09,true
C-101241,9770001241,2022-05-16,B-04,false
C-101242,9770001242,2025-11-17,B-17,false
C-101243,9770001243,2024-11-25,B-17,true
C-101244,9770001244,2024-06-30,B-17,true
C-101245,9770001245,2021-12-27,B-17,false
C-101246,9770001246,2025-11-13,B-08,true
C-101247,9770001247,2019-06-07,B-08,false
C-101248,9770001248,2019-07-01,B-17,true
C-101249,9770001249,2019-11-13,B-09,true
C-101250,9770001250,2020-01-15,B-08,false
C-101251,9770001251,2020-04-07,B-02,false
C-101252,9770001252,2025-04-15,B-08,true
C-101253,9770001253,2022-12-10,B-02,true
C-101254,9770001254,2023-03-23,B-04,true
C-101255,9770001255,2021-09-29,B-01,false
C-101256,9770001256,2022-02-05,B-17,false
C-101257,9770001257,2025-05-29,B-17,true
C-101258,9770001258,2022-08-12,B-04,true
C-101259,9770001259,2024-07-23,B-04,true
C-101260,9770001260,2022-08-07,B-02,true
C-101261,9770001261,2020-11-28,B-09,true
C-101262,9770001262,2021-03-30,B-17,false
C-101263,9770001263,2019-05-31,B-02,true
C-101264,9770001264,2025-03-28,B-02,false
C-101265,9770001265,2022-12-28,B-04,true
C-101266,9770001266,2022-11-08,B-02,false
C-101267,9770001267,2021-01-26,B-08,true
C-101268,9770001268,2019-11-02,B-17,true
C-101269,9770001269,2023-05-23,B-02,true
C-101270,9770001270,2019-08-12,B-02,false
C-101271,9770001271,2019-06-19,B-04,false
C-101272,9770001272,2020-08-21,B-09,false
C-101273,9770001273,2024-10-20,B-04,true
C-101274,9770001274,2020-05-13,B-02,false
C-101275,9770001275,2025-12-26,B-04,false
C-101276,9770001276,2025-02-22,B-01,false
C-101277,9770001277,2020-04-26,B-17,false
C-101278,9770001278,2021-09-04,B-04,true
C-101279,9770001279,2024-09-15,B-08,false
C-101280,9770001280,2021-05-02,B-02,false
C-101281,9770001281,2025-07-23,B-02,true
C-101282,9770001282,2019-06-02,B-01,true
C-101283,9770001283,2023-12-09,B-17,true
C-101284,9770001284,2024-06-21,B-02,false
C-101285,9770001285,2022-11-03,B-01,false
C-101286,9770001286,2020-12-29,B-01,false
C-101287,9770001287,2025-09-17,B-09,true
C-101288,9770001288,2025-11-25,B-17,true
C-101289,9770001289,2025-01-27,B-01,false
C-101290,9770001290,2020-04-28,B-02,true
C-101291,9770001291,2025-05-09,B-04,false
C-101292,9770001292,2024-09-20,B-01,false
C-101293,9770001293,2022-04-27,B-02,true
C-101294,9770001294,2021-07-11,B-04,true
C-101295,9770001295,2021-08-25,B-01,true
C-101296,9770001296,2020-04-28,B-17,false
C-101297,9770001297,2020-04-29,B-01,true
C-101298,9770001298,2021-07-27,B-01,false
C-101299,9770001299,2021-07-18,B-01,false
C-101300,9770001300,2020-06-04,B-09,false
C-101301,9770001301,2024-07-12,B-02,false
C-101302,9770001302,2022-10-04,B-17,false
C-101303,9770001303,2022-08-14,B-04,true
C-101304,9770001304,2025-10-27,B-09,false
C-101305,9770001305,2020-03-21,B-04,true
C-101306,9770001306,2020-01-20,B-08,false
C-101307,9770001307,2023-03-18,B-01,false
C-101308,9770001308,2019-11-05,B-04,false
C-101309,9770001309,2025-02-03,B-04,false
C-101310,9770001310,2023-06-04,B-02,false
C-101311,9770001311,2019-10-07,B-09,false
C-101312,9770001312,2024-06-04,B-04,true
C-101313,9770001313,2021-01-16,B-02,true
C-101314,9770001314,2026-02-23,B-04,false
C-101315,9770001315,2020-07-21,B-17,false
C-101316,9770001316,2022-09-26,B-17,false
C-101317,9770001317,2022-06-19,B-09,false
C-101318,9770001318,2025-12-14,B-02,false
C-101319,9770001319,2022-08-06,B-08,false
C-101320,9770001320,2020-08-20,B-09,false
C-101321,9770001321,2026-03-10,B-01,true
C-101322,9770001322,2024-11-03,B-08,false
C-101323,9770001323,2022-08-26,B-09,true
C-101324,9770001324,2021-12-23,B-17,true
C-101325,9770001325,2020-10-24,B-01,false
C-101326,9770001326,2021-11-13,B-09,true
C-101327,9770001327,2020-05-04,B-09,false
C-101328,9770001328,2024-11-13,B-01,false
C-101329,9770001329,2024-08-29,B-02,true
C-101330,9770001330,2021-07-02,B-09,true
C-101331,9770001331,2022-09-16,B-04,false
C-101332,9770001332,2019-12-29,B-01,false
C-101333,9770001333,2025-12-04,B-09,false
C-101334,9770001334,2024-01-09,B-02,true
C-101335,9770001335,2019-12-25,B-08,true
C-101336,9770001336,2020-01-25,B-02,false
C-101337,9770001337,2023-11-11,B-09,false
C-101338,9770001338,2026-03-18,B-08,true
C-101339,9770001339,2025-10-21,B-09,false
C-101340,9770001340,2022-03-24,B-09,true
C-101341,9770001341,2024-02-14,B-04,false
C-101342,9770001342,2022-01-21,B-01,false
C-101343,9770001343,2021-08-22,B-04,true
C-101344,9770001344,2020-11-12,B-04,true
C-101345,9770001345,2023-05-31,B-09,false
C-101346,9770001346,2020-08-12,B-02,false
C-101347,9770001347,2023-07-20,B-02,true
C-101348,9770001348,2023-05-03,B-17,false
C-101349,9770001349,2024-04-02,B-17,false
C-101350,9770001350,2020-06-30,B-04,false
C-101351,9770001351,2023-12-01,B-08,false
C-101352,9770001352,2019-10-08,B-02,false
C-101353,9770001353,2024-02-09,B-09,false
C-101354,9770001354,2020-07-31,B-08,true
C-101355,9770001355,2021-05-08,B-01,true
C-101356,9770001356,2019-12-01,B-08,false
C-101357,9770001357,2021-05-25,B-01,true
C-101358,9770001358,2025-07-20,B-17,false
C-101359,9770001359,2023-07-01,B-01,true
C-101360,9770001360,2021-08-16,B-04,false
C-101361,9770001361,2023-08-24,B-08,false
C-101362,9770001362,2024-04-23,B-08,true
C-101363,9770001363,2024-07-22,B-09,false
C-101364,9770001364,2021-05-04,B-01,true
C-101365,9770001365,2021-12-28,B-02,false
C-101366,9770001366,2024-04-29,B-01,false
C-101367,9770001367,2019-11-09,B-04,false
C-101368,9770001368,2021-04-02,B-02,false
C-101369,9770001369,2021-06-27,B-04,false
C-101370,9770001370,2021-03-10,B-08,true
C-101371,9770001371,2021-08-21,B-08,true
C-101372,9770001372,2022-11-09,B-01,false
C-101373,9770001373,2021-12-29,B-01,false
C-101374,9770001374,2020-12-07,B-09,false
C-101375,9770001375,2019-10-14,B-01,true
C-101376,9770001376,2020-06-02,B-01,false
C-101377,9770001377,2020-03-17,B-17,false
C-101378,9770001378,2026-02-07,B-08,true
C-101379,9770001379,2022-07-28,B-09,true
C-101380,9770001380,2024-09-15,B-08,false
C-101381,9770001381,2023-04-01,B-04,true
C-101382,9770001382,2024-08-13,B-08,true
C-101383,9770001383,2021-12-06,B-08,false
C-101384,9770001384,2023-12-29,B-17,true
C-101385,9770001385,2019-12-02,B-09,true
C-101386,9770001386,2025-07-19,B-01,true
C-101387,9770001387,2020-12-31,B-02,false
C-101388,9770001388,2023-11-06,B-02,true
C-101389,9770001389,2023-07-03,B-17,false
C-101390,9770001390,2019-11-16,B-08,true
C-101391,9770001391,2020-04-23,B-01,false
C-101392,9770001392,2022-02-01,B-08,false
C-101393,9770001393,2022-06-27,B-17,false
C-101394,9770001394,2021-06-14,B-04,true
C-101395,9770001395,2019-10-19,B-04,false
C-101396,9770001396,2022-04-16,B-08,true
C-101397,9770001397,2022-12-31,B-09,false
C-101398,9770001398,2026-02-15,B-09,true
C-101399,9770001399,2021-10-25,B-04,false
C-101400,9770001400,2023-12-18,B-02,false
C-101401,9770001401,2024-05-30,B-01,false
C-101402,9770001402,2021-11-22,B-17,true
C-101403,9770001403,2020-04-12,B-01,false
C-101404,9770001404,2020-03-30,B-08,false
C-101405,9770001405,2025-12-02,B-01,true
C-101406,9770001406,2025-07-04,B-08,true
C-101407,9770001407,2023-06-29,B-04,true
C-101408,9770001408,2025-08-17,B-08,false
C-101409,9770001409,2021-03-31,B-02,false
C-101410,9770001410,2021-12-13,B-02,false
C-101411,9770001411,2022-02-24,B-01,false
C-101412,9770001412,2022-09-30,B-09,true
C-101413,9770001413,2020-06-03,B-01,true
C-101414,9770001414,2021-06-27,B-01,false
C-101415,9770001415,2020-07-23,B-02,true
C-101416,9770001416,2019-10-26,B-02,false
C-101417,9770001417,2021-12-01,B-01,false
C-101418,9770001418,2020-01-03,B-08,false
C-101419,9770001419,2022-07-22,B-08,false
C-101420,9770001420,2023-05-02,B-17,true
C-101421,9770001421,2021-04-28,B-01,true
C-101422,9770001422,2022-12-02,B-17,false
C-101423,9770001423,2023-01-31,B-02,false
C-101424,9770001424,2020-09-08,B-17,false
C-101425,9770001425,2020-06-28,B-04,false
C-101426,9770001426,2022-10-08,B-01,false
C-101427,9770001427,2024-04-23,B-08,true
C-101428,9770001428,2020-03-19,B-04,true
C-101429,9770001429,2020-01-03,B-08,false
C-101430,9770001430,2025-02-17,B-01,true
C-101431,9770001431,2024-08-22,B-17,true
C-101432,9770001432,2021-12-30,B-17,true
C-101433,9770001433,2025-12-13,B-09,true
C-101434,9770001434,2025-02-20,B-09,false
C-101435,9770001435,2021-12-27,B-17,false
C-101436,9770001436,2023-09-24,B-01,false
C-101437,9770001437,2022-04-08,B-04,true
C-101438,9770001438,2019-10-31,B-17,true
C-101439,9770001439,2020-12-20,B-01,true
C-101440,9770001440,2019-06-24,B-17,true
C-101441,9770001441,2024-05-30,B-01,true
C-101442,9770001442,2020-11-09,B-02,false
C-101443,9770001443,2024-03-12,B-09,false
C-101444,9770001444,2025-09-23,B-08,false
C-101445,9770001445,2021-02-16,B-08,false
C-101446,9770001446,2025-07-25,B-02,true
C-101447,9770001447,2023-11-21,B-17,true
C-101448,9770001448,2023-04-05,B-17,false
C-101449,9770001449,2022-11-23,B-08,false
C-101450,9770001450,2021-07-21,B-04,true
C-101451,9770001451,2021-03-18,B-02,false
C-101452,9770001452,2023-02-13,B-01,false
C-101453,9770001453,2022-10-30,B-02,true
C-101454,9770001454,2024-01-10,B-02,true
C-101455,9770001455,2025-05-17,B-08,false
C-101456,9770001456,2020-08-07,B-08,true
C-101457,9770001457,2025-05-31,B-08,true
C-101458,9770001458,2023-04-29,B-08,true
C-101459,9770001459,2019-06-25,B-17,false
C-101460,9770001460,2024-06-17,B-04,false
C-101461,9770001461,2024-03-02,B-09,true
C-101462,9770001462,2025-07-15,B-04,false
C-101463,9770001463,2023-01-14,B-01,false
C-101464,9770001464,2024-01-06,B-09,false
C-101465,9770001465,2023-10-15,B-08,false
C-101466,9770001466,2019-10-09,B-04,false
C-101467,9770001467,2023-02-17,B-17,true
C-101468,9770001468,2021-11-29,B-08,true
C-101469,9770001469,2025-08-22,B-08,false
C-101470,9770001470,2021-01-03,B-01,false
C-101471,9770001471,2025-11-22,B-02,false
C-101472,9770001472,2025-09-04,B-02,false
C-101473,9770001473,2019-06-08,B-09,true
C-101474,9770001474,2023-12-26,B-09,true
C-101475,9770001475,2021-03-08,B-08,false
C-101476,9770001476,2024-04-10,B-02,false
C-101477,9770001477,2026-03-25,B-04,false
C-101478,9770001478,2021-10-14,B-04,false
C-101479,9770001479,2025-08-13,B-08,true
C-101480,9770001480,2019-06-30,B-02,false
C-101481,9770001481,2022-11-25,B-09,true
C-101482,9770001482,2020-06-23,B-08,true
C-101483,9770001483,2024-11-08,B-02,false
C-101484,9770001484,2019-08-13,B-02,false
C-101485,9770001485,2021-07-06,B-08,false
C-101486,9770001486,2020-02-25,B-08,false
C-101487,9770001487,2023-07-26,B-01,true
C-101488,9770001488,2025-06-29,B-02,false
C-101489,9770001489,2023-12-11,B-01,false
C-101490,9770001490,2024-09-01,B-02,true
C-101491,9770001491,2022-11-26,B-04,true
C-101492,9770001492,2020-09-20,B-02,true
C-101493,9770001493,2023-02-15,B-09,false
C-101494,9770001494,2023-09-10,B-17,true
C-101495,9770001495,2020-11-18,B-04,true
C-101496,9770001496,2024-10-24,B-09,false
C-101497,9770001497,2021-11-22,B-17,true
C-101498,9770001498,2019-07-13,B-04,false
C-101499,9770001499,2019-10-28,B-08,false
C-101500,9770001500,2022-07-18,B-02,true
C-101501,9770001501,2024-01-09,B-17,false
C-101502,9770001502,2024-11-26,B-04,false
C-101503,9770001503,2026-02-12,B-17,true
C-101504,9770001504,2022-07-02,B-04,true
C-101505,9770001505,2025-10-15,B-17,true
C-101506,9770001506,2020-12-02,B-08,true
C-101507,9770001507,2022-05-20,B-09,false
C-101508,9770001508,2025-09-19,B-02,true
C-101509,9770001509,2020-11-07,B-08,false
C-101510,9770001510,2025-03-16,B-01,false
C-101511,9770001511,2025-09-05,B-01,true
C-101512,9770001512,2021-05-22,B-01,false
C-101513,9770001513,2020-02-21,B-17,false
C-101514,9770001514,2024-06-22,B-02,true
C-101515,9770001515,2024-05-29,B-02,false
C-101516,9770001516,2022-03-12,B-09,false
C-101517,9770001517,2022-03-09,B-02,true
C-101518,9770001518,2025-10-20,B-17,false
C-101519,9770001519,2020-02-20,B-08,true
C-101520,9770001520,2025-03-12,B-02,false
C-101521,9770001521,2021-09-21,B-02,true
C-101522,9770001522,2025-07-25,B-01,true
C-101523,9770001523,2019-09-10,B-04,true
C-101524,9770001524,2025-05-09,B-01,false
C-101525,9770001525,2024-04-30,B-17,false
C-101526,9770001526,2024-09-23,B-01,true
C-101527,9770001527,2024-12-26,B-02,false
C-101528,9770001528,2026-02-11,B-17,false
C-101529,9770001529,2024-02-08,B-04,true
C-101530,9770001530,2021-10-24,B-08,false
C-101531,9770001531,2022-05-13,B-04,true
C-101532,9770001532,2021-09-22,B-02,false
C-101533,9770001533,2025-08-22,B-17,true
C-101534,9770001534,2021-03-02,B-08,false
C-101535,9770001535,2023-02-15,B-17,true
C-101536,9770001536,2023-06-16,B-04,false
C-101537,9770001537,2022-10-03,B-01,false
C-101538,9770001538,2022-08-01,B-09,false
C-101539,9770001539,2022-06-01,B-09,true
C-101540,9770001540,2020-09-05,B-08,false
C-101541,9770001541,2019-07-28,B-02,true
C-101542,9770001542,2023-02-28,B-04,true
C-101543,9770001543,2020-08-14,B-17,true
C-101544,9770001544,2021-04-22,B-04,true
C-101545,9770001545,2022-09-01,B-02,true
C-101546,9770001546,2023-01-19,B-04,true
C-101547,9770001547,2020-06-05,B-02,true
C-101548,9770001548,2025-01-27,B-08,true
C-101549,9770001549,2024-06-20,B-02,true
C-101550,9770001550,2021-09-04,B-04,false
C-101551,9770001551,2020-08-25,B-04,false
C-101552,9770001552,2021-12-28,B-01,false
C-101553,9770001553,2021-09-22,B-17,true
C-101554,9770001554,2024-03-31,B-08,false
C-101555,9770001555,2024-08-16,B-09,true
C-101556,9770001556,2021-12-16,B-17,false
C-101557,9770001557,2020-11-19,B-02,false
C-101558,9770001558,2024-05-14,B-08,false
C-101559,9770001559,2022-07-21,B-02,false
C-101560,9770001560,2023-03-21,B-08,true
C-101561,9770001561,2025-01-10,B-08,false
C-101562,9770001562,2020-04-13,B-04,false
C-101563,9770001563,2021-10-02,B-01,false
C-101564,9770001564,2019-07-19,B-08,true
C-101565,9770001565,2025-06-18,B-04,false
C-101566,9770001566,2024-10-11,B-09,false
C-101567,9770001567,2025-01-28,B-04,true
C-101568,9770001568,2023-08-13,B-04,false
C-101569,9770001569,2021-10-08,B-02,true
C-101570,9770001570,2020-03-10,B-09,false
C-101571,9770001571,2020-03-14,B-09,true
C-101572,9770001572,2024-06-17,B-17,true
C-101573,9770001573,2021-06-25,B-17,true
C-101574,9770001574,2025-06-20,B-02,false
C-101575,9770001575,2024-08-23,B-04,true
C-101576,9770001576,2022-08-07,B-08,false
C-101577,9770001577,2019-10-10,B-04,true
C-101578,9770001578,2021-11-12,B-02,false
C-101579,9770001579,2023-09-05,B-04,false
C-101580,9770001580,2025-03-05,B-17,true
C-101581,9770001581,2021-12-07,B-02,false
C-101582,9770001582,2025-11-09,B-02,true
C-101583,9770001583,2023-08-18,B-17,false
C-101584,9770001584,2025-02-19,B-02,false
C-101585,9770001585,2020-11-22,B-17,true
C-101586,9770001586,2022-04-19,B-08,true
C-101587,9770001587,2023-11-06,B-01,true
C-101588,9770001588,2025-08-16,B-04,false
C-101589,9770001589,2020-01-29,B-17,false
C-101590,9770001590,2023-05-10,B-02,true
C-101591,9770001591,2021-10-02,B-02,false
C-101592,9770001592,2023-04-16,B-04,true
C-101593,9770001593,2020-03-19,B-01,false
C-101594,9770001594,2024-04-16,B-08,true
C-101595,9770001595,2024-02-01,B-09,false
C-101596,9770001596,2020-02-20,B-09,false
C-101597,9770001597,2020-01-23,B-09,false
C-101598,9770001598,2024-08-29,B-02,false
C-101599,9770001599,2023-01-31,B-04,false
C-101600,9770001600,2023-12-15,B-17,false
C-101601,9770001601,2023-05-23,B-17,true
C-101602,9770001602,2019-07-16,B-08,false
C-101603,9770001603,2019-07-21,B-04,false
C-101604,9770001604,2020-12-08,B-01,false
C-101605,9770001605,2023-10-14,B-08,true
C-101606,9770001606,2024-01-28,B-04,false
C-101607,9770001607,2026-02-08,B-09,false
C-101608,9770001608,2024-11-07,B-04,true
C-101609,9770001609,2022-06-04,B-04,true
C-101610,9770001610,2019-10-19,B-17,false
C-101611,9770001611,2020-06-18,B-09,true
C-101612,9770001612,2020-01-11,B-01,false
C-101613,9770001613,2025-06-16,B-04,false
C-101614,9770001614,2020-05-09,B-02,true
C-101615,9770001615,2022-05-01,B-09,false
C-101616,9770001616,2020-10-08,B-02,true
C-101617,9770001617,2022-05-03,B-08,false
C-101618,9770001618,2025-03-23,B-01,true
C-101619,9770001619,2020-09-03,B-08,false
C-101620,9770001620,2023-08-30,B-01,false
C-101621,9770001621,2024-03-06,B-09,false
C-101622,9770001622,2021-07-18,B-01,false
C-101623,9770001623,2022-12-08,B-08,false
C-101624,9770001624,2024-09-07,B-02,true
C-101625,9770001625,2021-01-13,B-01,true
C-101626,9770001626,2020-09-19,B-08,true
C-101627,9770001627,2026-02-25,B-09,false
C-101628,9770001628,2024-08-26,B-01,false
C-101629,9770001629,2023-05-22,B-09,true
C-101630,9770001630,2020-03-02,B-01,false
C-101631,9770001631,2022-10-11,B-17,true
C-101632,9770001632,2022-10-10,B-09,true
C-101633,9770001633,2024-04-09,B-02,false
C-101634,9770001634,2024-09-05,B-01,false
C-101635,9770001635,2023-03-13,B-02,false
C-101636,9770001636,2021-08-01,B-08,false
C-101637,9770001637,2025-06-02,B-09,false
C-101638,9770001638,2023-12-28,B-02,true
C-101639,9770001639,2022-01-17,B-02,false
C-101640,9770001640,2025-10-31,B-02,false
C-101641,9770001641,2023-01-06,B-04,false
C-101642,9770001642,2022-06-12,B-04,false
C-101643,9770001643,2021-11-14,B-02,false
C-101644,9770001644,2021-11-09,B-01,true
C-101645,9770001645,2021-01-28,B-09,false
C-101646,9770001646,2025-05-09,B-01,false
C-101647,9770001647,2025-06-17,B-04,false
C-101648,9770001648,2019-11-21,B-02,false
C-101649,9770001649,2020-08-28,B-08,true
C-101650,9770001650,2023-06-01,B-02,false
C-101651,9770001651,2023-10-17,B-04,true
C-101652,9770001652,2025-07-09,B-04,false
C-101653,9770001653,2021-04-02,B-02,false
C-101654,9770001654,2025-02-03,B-08,true
C-101655,9770001655,2025-07-11,B-17,true
C-101656,9770001656,2021-04-24,B-08,false
C-101657,9770001657,2020-05-23,B-09,false
C-101658,9770001658,2025-03-28,B-04,false
C-101659,9770001659,2020-12-11,B-04,false
C-101660,9770001660,2024-03-08,B-09,false
C-101661,9770001661,2024-12-23,B-09,false
C-101662,9770001662,2019-11-20,B-02,true
C-101663,9770001663,2024-10-17,B-01,false
C-101664,9770001664,2024-01-01,B-02,false
C-101665,9770001665,2020-01-10,B-02,false
C-101666,9770001666,2022-04-08,B-04,false
C-101667,9770001667,2021-01-15,B-09,true
C-101668,9770001668,2022-08-15,B-09,false
C-101669,9770001669,2022-12-27,B-09,false
C-101670,9770001670,2025-12-25,B-01,false
C-101671,9770001671,2021-11-14,B-08,true
C-101672,9770001672,2024-05-06,B-04,true
C-101673,9770001673,2022-06-25,B-02,false
C-101674,9770001674,2026-03-23,B-17,false
C-101675,9770001675,2024-02-19,B-02,false
C-101676,9770001676,2023-08-02,B-17,false
C-101677,9770001677,2022-10-23,B-01,true
C-101678,9770001678,2022-10-27,B-09,false
C-101679,9770001679,2022-04-05,B-08,true
C-101680,9770001680,2025-02-11,B-08,true
C-101681,9770001681,2019-09-15,B-09,true
C-101682,9770001682,2023-02-15,B-09,true
C-101683,9770001683,2022-05-16,B-02,true
C-101684,9770001684,2023-02-13,B-09,false
C-101685,9770001685,2020-08-09,B-09,false
C-101686,9770001686,2024-05-04,B-04,false
C-101687,9770001687,2019-10-28,B-02,false
C-101688,9770001688,2021-04-20,B-08,false
C-101689,9770001689,2020-03-05,B-09,true
C-101690,9770001690,2020-08-19,B-02,true
C-101691,9770001691,2024-12-24,B-01,false
C-101692,9770001692,2023-04-15,B-09,true
C-101693,9770001693,2020-11-09,B-04,true
C-101694,9770001694,2021-10-21,B-01,true
C-101695,9770001695,2023-11-23,B-17,false
C-101696,9770001696,2021-03-25,B-09,false
C-101697,9770001697,2022-03-28,B-09,false
C-101698,9770001698,2024-01-28,B-08,false
C-101699,9770001699,2021-05-21,B-02,true
C-101700,9770001700,2024-06-25,B-04,false
C-101701,9770001701,2025-02-18,B-02,true
C-101702,9770001702,2024-05-06,B-17,true
C-101703,9770001703,2019-06-02,B-09,false
C-101704,9770001704,2026-01-14,B-04,true
C-101705,9770001705,2025-10-02,B-02,false
C-101706,9770001706,2024-10-30,B-17,false
C-101707,9770001707,2022-06-04,B-08,false
C-101708,9770001708,2024-03-03,B-09,false
C-101709,9770001709,2022-04-03,B-17,false
C-101710,9770001710,2020-04-21,B-04,true
C-101711,9770001711,2021-04-16,B-08,false
C-101712,9770001712,2025-10-03,B-08,false
C-101713,9770001713,2024-02-09,B-02,false
C-101714,9770001714,2022-07-02,B-17,true
C-101715,9770001715,2020-07-26,B-02,true
C-101716,9770001716,2021-05-13,B-01,true
C-101717,9770001717,2024-05-15,B-02,false
C-101718,9770001718,2024-09-18,B-04,false
C-101719,9770001719,2021-01-13,B-01,false
C-101720,9770001720,2024-12-12,B-04,true
C-101721,9770001721,2019-10-03,B-02,false
C-101722,9770001722,2024-01-29,B-01,false
C-101723,9770001723,2021-04-02,B-01,true
C-101724,9770001724,2024-06-12,B-04,false
C-101725,9770001725,2022-09-03,B-04,true
C-101726,9770001726,2023-11-09,B-02,true
C-101727,9770001727,2021-04-16,B-09,true
C-101728,9770001728,2020-11-08,B-17,true
C-101729,9770001729,2022-10-22,B-08,false
C-101730,9770001730,2023-11-19,B-08,false
C-101731,9770001731,2023-10-01,B-01,false
C-101732,9770001732,2020-09-22,B-02,false
C-101733,9770001733,2021-02-28,B-09,false
C-101734,9770001734,2019-09-01,B-08,false
C-101735,9770001735,2024-02-10,B-09,false
C-101736,9770001736,2022-10-29,B-17,false
C-101737,9770001737,2026-01-08,B-04,false
C-101738,9770001738,2021-02-18,B-02,true
C-101739,9770001739,2020-06-30,B-08,false
C-101740,9770001740,2020-06-04,B-17,true
C-101741,9770001741,2025-11-17,B-17,false
C-101742,9770001742,2019-07-08,B-01,true
C-101743,9770001743,2020-12-03,B-01,false
C-101744,9770001744,2020-05-31,B-02,true
C-101745,9770001745,2021-11-15,B-02,true
C-101746,9770001746,2024-01-07,B-17,true
C-101747,9770001747,2020-01-11,B-04,true
C-101748,9770001748,2025-06-02,B-17,true
C-101749,9770001749,2019-11-01,B-01,true
C-101750,9770001750,2022-11-02,B-17,false
C-101751,9770001751,2020-07-20,B-09,false
C-101752,9770001752,2025-10-24,B-01,true
C-101753,9770001753,2025-01-05,B-08,true
C-101754,9770001754,2020-02-03,B-09,false
C-101755,9770001755,2020-03-30,B-01,false
C-101756,9770001756,2021-03-16,B-01,false
C-101757,9770001757,2020-04-22,B-08,false
C-101758,9770001758,2024-11-02,B-04,true
C-101759,9770001759,2022-09-26,B-17,false
C-101760,9770001760,2021-10-15,B-02,true
C-101761,9770001761,2019-12-30,B-01,true
C-101762,9770001762,2025-06-15,B-01,true
C-101763,9770001763,2023-06-24,B-09,true
C-101764,9770001764,2026-01-21,B-04,false
C-101765,9770001765,2023-06-27,B-08,true
C-101766,9770001766,2024-08-07,B-02,true
C-101767,9770001767,2025-05-31,B-17,false
C-101768,9770001768,2023-05-14,B-02,false
C-101769,9770001769,2022-01-20,B-17,false
C-101770,9770001770,2022-02-01,B-04,false
C-101771,9770001771,2019-08-29,B-09,false
C-101772,9770001772,2022-06-06,B-17,false
C-101773,9770001773,2022-01-07,B-02,false
C-101774,9770001774,2020-11-11,B-01,true
C-101775,9770001775,2023-05-25,B-04,false
C-101776,9770001776,2022-02-09,B-01,false
C-101777,9770001777,2020-06-10,B-17,true
C-101778,9770001778,2020-10-27,B-01,false
C-101779,9770001779,2023-09-23,B-08,false
C-101780,9770001780,2020-07-08,B-04,true
C-101781,9770001781,2024-04-11,B-09,false
C-101782,9770001782,2020-08-02,B-02,false
C-101783,9770001783,2022-06-04,B-09,false
C-101784,9770001784,2024-03-08,B-08,false
C-101785,9770001785,2024-09-09,B-09,false
C-101786,9770001786,2022-01-10,B-04,false
C-101787,9770001787,2019-10-04,B-01,true
C-101788,9770001788,2024-09-22,B-17,false
C-101789,9770001789,2022-06-19,B-04,false
C-101790,9770001790,2020-05-17,B-01,true
C-101791,9770001791,2020-03-22,B-04,false
C-101792,9770001792,2022-12-19,B-09,true
C-101793,9770001793,2021-01-28,B-17,false
C-101794,9770001794,2021-08-08,B-09,true
C-101795,9770001795,2025-01-14,B-01,true
C-101796,9770001796,2023-12-15,B-01,true
C-101797,9770001797,2024-04-19,B-02,false
C-101798,9770001798,2025-08-10,B-09,true
C-101799,9770001799,2024-11-03,B-17,true
C-101800,9770001800,2023-11-29,B-02,false
C-101801,9770001801,2024-11-15,B-17,true
C-101802,9770001802,2020-08-06,B-09,false
C-101803,9770001803,2019-11-13,B-09,true
C-101804,9770001804,2020-12-13,B-01,false
C-101805,9770001805,2022-02-17,B-01,true
C-101806,9770001806,2025-07-17,B-04,true
C-101807,9770001807,2021-10-08,B-17,true
C-101808,9770001808,2022-12-07,B-08,false
C-101809,9770001809,2023-12-17,B-17,false
C-101810,9770001810,2023-06-10,B-02,true
C-101811,9770001811,2020-10-03,B-17,true
C-101812,9770001812,2022-02-25,B-01,false
C-101813,9770001813,2021-10-30,B-17,true
C-101814,9770001814,2021-12-22,B-02,false
C-101815,9770001815,2023-12-09,B-09,true
C-101816,9770001816,2020-02-06,B-01,true
C-101817,9770001817,2020-06-25,B-08,true
C-101818,9770001818,2024-07-26,B-01,true
C-101819,9770001819,2024-06-23,B-09,false
C-101820,9770001820,2025-11-27,B-01,true
C-101821,9770001821,2022-07-31,B-17,false
C-101822,9770001822,2023-01-04,B-01,false
C-101823,9770001823,2025-10-08,B-08,false
C-101824,9770001824,2023-10-28,B-02,false
C-101825,9770001825,2024-09-21,B-04,false
C-101826,9770001826,2024-11-30,B-01,true
C-101827,9770001827,2019-09-02,B-09,false
C-101828,9770001828,2020-05-15,B-04,true
C-101829,9770001829,2020-05-26,B-01,false
C-101830,9770001830,2020-05-31,B-01,true
C-101831,9770001831,2024-09-11,B-08,true
C-101832,9770001832,2024-07-04,B-04,false
C-101833,9770001833,2020-03-17,B-17,true
C-101834,9770001834,2020-08-31,B-02,true
C-101835,9770001835,2021-05-01,B-02,false
C-101836,9770001836,2020-06-22,B-17,false
C-101837,9770001837,2022-10-17,B-09,false
C-101838,9770001838,2026-02-07,B-09,false
C-101839,9770001839,2022-12-08,B-04,true
C-101840,9770001840,2021-04-06,B-04,false
C-101841,9770001841,2022-06-27,B-04,false
C-101842,9770001842,2021-10-25,B-04,true
C-101843,9770001843,2021-12-17,B-08,false
C-101844,9770001844,2024-03-03,B-09,true
C-101845,9770001845,2026-03-21,B-04,true
C-101846,9770001846,2025-12-03,B-17,false
C-101847,9770001847,2023-05-27,B-08,true
C-101848,9770001848,2020-11-15,B-04,false
C-101849,9770001849,2023-07-06,B-04,true
C-101850,9770001850,2021-08-02,B-02,true
C-101851,9770001851,2022-07-04,B-17,true
C-101852,9770001852,2021-03-15,B-02,false
C-101853,9770001853,2023-05-05,B-09,false
C-101854,9770001854,2023-07-15,B-09,false
C-101855,9770001855,2022-08-20,B-01,true
C-101856,9770001856,2024-04-25,B-17,false
C-101857,9770001857,2019-10-09,B-04,false
C-101858,9770001858,2023-08-07,B-01,false
C-101859,9770001859,2019-11-16,B-02,true
C-101860,9770001860,2019-11-12,B-08,false
C-101861,9770001861,2024-12-09,B-09,true
C-101862,9770001862,2024-12-20,B-04,false
C-101863,9770001863,2020-06-24,B-04,true
C-101864,9770001864,2024-03-11,B-01,false
C-101865,9770001865,2021-11-06,B-04,true
C-101866,9770001866,2023-01-20,B-09,true
C-101867,9770001867,2023-05-26,B-17,true
C-101868,9770001868,2024-10-26,B-01,false
C-101869,9770001869,2019-12-02,B-09,true
C-101870,9770001870,2020-04-09,B-01,false
C-101871,9770001871,2020-04-02,B-09,false
C-101872,9770001872,2022-05-14,B-17,true
C-101873,9770001873,2024-08-18,B-01,true
C-101874,9770001874,2025-08-22,B-04,false
C-101875,9770001875,2023-06-25,B-09,true
C-101876,9770001876,2024-12-26,B-08,false
C-101877,9770001877,2020-02-27,B-02,true
C-101878,9770001878,2020-07-23,B-17,false
C-101879,9770001879,2023-04-18,B-01,true
C-101880,9770001880,2024-08-11,B-17,true
C-101881,9770001881,2022-10-19,B-08,true
C-101882,9770001882,2024-02-21,B-08,false
C-101883,9770001883,2024-10-08,B-01,false
C-101884,9770001884,2021-02-18,B-09,true
C-101885,9770001885,2021-08-01,B-04,true
C-101886,9770001886,2024-11-12,B-08,false
C-101887,9770001887,2022-05-13,B-02,false
C-101888,9770001888,2023-11-21,B-17,true
C-101889,9770001889,2020-01-11,B-09,true
C-101890,9770001890,2024-09-18,B-17,true
C-101891,9770001891,2022-10-30,B-08,false
C-101892,9770001892,2025-09-15,B-17,true
C-101893,9770001893,2021-03-24,B-04,true
C-101894,9770001894,2020-12-02,B-09,false
C-101895,9770001895,2024-01-16,B-17,true
C-101896,9770001896,2025-04-27,B-08,false
C-101897,9770001897,2022-11-22,B-09,true
C-101898,9770001898,2022-08-06,B-08,false
C-101899,9770001899,2022-03-04,B-17,false
C-101900,9770001900,2021-02-19,B-08,false
C-101901,9770001901,2025-05-22,B-08,false
C-101902,9770001902,2025-07-07,B-04,false
C-101903,9770001903,2022-09-07,B-01,true
C-101904,9770001904,2020-12-17,B-02,false
C-101905,9770001905,2025-02-21,B-01,true
C-101906,9770001906,2021-11-13,B-04,false
C-101907,9770001907,2022-07-11,B-09,false
C-101908,9770001908,2024-02-24,B-04,false
C-101909,9770001909,2024-04-29,B-17,true
C-101910,9770001910,2026-03-08,B-09,true
C-101911,9770001911,2023-07-26,B-01,true
C-101912,9770001912,2022-05-24,B-08,true
C-101913,9770001913,2025-02-16,B-17,true
C-101914,9770001914,2023-06-15,B-01,true
C-101915,9770001915,2021-07-24,B-01,true
C-101916,9770001916,2020-11-14,B-17,false
C-101917,9770001917,2022-11-25,B-02,false
C-101918,9770001918,2024-11-29,B-08,true
C-101919,9770001919,2023-07-28,B-09,false
C-101920,9770001920,2022-11-24,B-01,true
C-101921,9770001921,2023-06-18,B-02,true
C-101922,9770001922,2020-01-14,B-01,false
C-101923,9770001923,2020-10-30,B-01,false
C-101924,9770001924,2025-08-02,B-01,false
C-101925,9770001925,2023-10-19,B-09,false
C-101926,9770001926,2025-11-30,B-09,false
C-101927,9770001927,2024-12-24,B-09,false
C-101928,9770001928,2021-04-04,B-01,false
C-101929,9770001929,2025-12-15,B-17,false
C-101930,9770001930,2025-10-02,B-02,false
C-101931,9770001931,2023-07-11,B-02,true
C-101932,9770001932,2020-11-20,B-08,true
C-101933,9770001933,2020-02-14,B-08,false
C-101934,9770001934,2020-04-07,B-02,true
C-101935,9770001935,2021-04-17,B-09,true
C-101936,9770001936,2020-09-10,B-04,false
C-101937,9770001937,2021-09-27,B-17,true
C-101938,9770001938,2021-06-09,B-01,false
C-101939,9770001939,2019-08-08,B-08,false
C-101940,9770001940,2025-08-09,B-01,false
C-101941,9770001941,2022-08-26,B-01,true
C-101942,9770001942,2025-02-16,B-17,false
C-101943,9770001943,2023-10-31,B-17,true
C-101944,9770001944,2023-04-07,B-04,false
C-101945,9770001945,2023-01-06,B-17,false
C-101946,9770001946,2024-04-24,B-08,false
C-101947,9770001947,2020-08-16,B-04,true
C-101948,9770001948,2024-10-02,B-01,true
C-101949,9770001949,2021-08-24,B-09,false
C-101950,9770001950,2023-01-31,B-02,false
C-101951,9770001951,2022-04-06,B-09,false
C-101952,9770001952,2022-12-28,B-09,true
C-101953,9770001953,2022-02-27,B-02,false
C-101954,9770001954,2023-08-31,B-08,false
C-101955,9770001955,2022-06-04,B-04,true
C-101956,9770001956,2024-02-24,B-08,false
C-101957,9770001957,2025-11-17,B-17,false
C-101958,9770001958,2019-07-24,B-09,false
C-101959,9770001959,2020-11-06,B-04,true
C-101960,9770001960,2021-08-23,B-08,false
C-101961,9770001961,2019-11-22,B-02,false
C-101962,9770001962,2025-08-17,B-02,true
C-101963,9770001963,2020-07-27,B-17,false
C-101964,9770001964,2024-02-04,B-01,false
C-101965,9770001965,2020-02-25,B-02,false
C-101966,9770001966,2019-06-29,B-09,false
C-101967,9770001967,2022-01-10,B-08,false
C-101968,9770001968,2023-12-28,B-01,true
C-101969,9770001969,2024-07-20,B-01,false
C-101970,9770001970,2024-10-23,B-01,false
C-101971,9770001971,2019-09-26,B-01,true
C-101972,9770001972,2024-10-21,B-01,false
C-101973,9770001973,2021-08-30,B-02,true
C-101974,9770001974,2024-12-29,B-17,false
C-101975,9770001975,2023-03-20,B-09,false
C-101976,9770001976,2022-05-25,B-09,false
C-101977,9770001977,2022-02-21,B-04,false
C-101978,9770001978,2020-06-13,B-08,true
C-101979,9770001979,2024-07-31,B-17,true
C-101980,9770001980,2024-12-14,B-02,true
C-101981,9770001981,2022-04-08,B-09,false
C-101982,9770001982,2023-03-03,B-09,false
C-101983,9770001983,2024-04-27,B-08,false
C-101984,9770001984,2020-10-27,B-04,true
C-101985,9770001985,2020-02-17,B-08,false
C-101986,9770001986,2020-03-03,B-17,false
C-101987,9770001987,2019-10-30,B-08,false
C-101988,9770001988,2023-12-22,B-17,false
C-101989,9770001989,2024-04-01,B-09,true
C-101990,9770001990,2022-09-07,B-02,false
C-101991,9770001991,2025-12-17,B-09,true
C-101992,9770001992,2020-09-16,B-08,false
C-101993,9770001993,2024-10-09,B-04,false
C-101994,9770001994,2024-12-23,B-01,false
C-101995,9770001995,2022-10-31,B-02,true
C-101996,9770001996,2020-10-24,B-17,false
C-101997,9770001997,2023-01-11,B-17,false
C-101998,9770001998,2025-04-08,B-17,false
C-101999,9770001999,2020-06-05,B-08,false
C-102000,9770002000,2020-11-25,B-02,false
C-102001,9770002001,2023-03-18,B-08,false
C-102002,9770002002,2020-10-14,B-08,true
C-102003,9770002003,2024-08-22,B-04,false
C-102004,9770002004,2023-08-11,B-08,true
C-102005,9770002005,2023-02-23,B-04,false
C-102006,9770002006,2022-01-21,B-04,false
C-102007,9770002007,2023-02-22,B-17,false
C-102008,9770002008,2021-05-10,B-08,true
C-102009,9770002009,2023-02-11,B-04,true
C-102010,9770002010,2022-12-30,B-17,true
C-102011,9770002011,2025-09-10,B-08,false
C-102012,9770002012,2023-11-09,B-04,true
C-102013,9770002013,2019-12-17,B-04,true
C-102014,9770002014,2020-03-03,B-01,true
C-102015,9770002015,2025-09-09,B-04,false
C-102016,9770002016,2024-12-07,B-01,false
C-102017,9770002017,2023-04-26,B-17,true
C-102018,9770002018,2022-04-17,B-01,false
C-102019,9770002019,2025-04-13,B-04,false
C-102020,9770002020,2019-10-07,B-01,false
C-102021,9770002021,2024-11-25,B-17,true
C-102022,9770002022,2022-07-08,B-08,true
C-102023,9770002023,2025-10-10,B-01,true
C-102024,9770002024,2019-12-01,B-04,true
C-102025,9770002025,2019-12-18,B-08,true
C-102026,9770002026,2024-11-21,B-17,false
C-102027,9770002027,2025-11-11,B-01,false
C-102028,9770002028,2024-07-17,B-01,false
C-102029,9770002029,2019-08-23,B-02,false
C-102030,9770002030,2022-03-29,B-04,true
C-102031,9770002031,2023-10-09,B-17,false
C-102032,9770002032,2023-09-23,B-02,true
C-102033,9770002033,2022-05-28,B-04,true
C-102034,9770002034,2021-08-26,B-17,true
C-102035,9770002035,2025-06-19,B-01,true
C-102036,9770002036,2020-01-18,B-17,false
C-102037,9770002037,2022-12-15,B-17,true
C-102038,9770002038,2022-08-09,B-04,false
C-102039,9770002039,2024-11-09,B-08,false
C-102040,9770002040,2020-04-03,B-17,false
C-102041,9770002041,2025-07-08,B-08,false
C-102042,9770002042,2022-10-09,B-09,true
C-102043,9770002043,2024-02-18,B-08,false
C-102044,9770002044,2022-09-10,B-02,true
C-102045,9770002045,2019-08-02,B-09,false
C-102046,9770002046,2025-12-13,B-08,false
C-102047,9770002047,2021-12-27,B-09,true
C-102048,9770002048,2023-08-09,B-08,false
C-102049,9770002049,2019-09-30,B-04,false
C-102050,9770002050,2024-06-10,B-09,false
C-102051,9770002051,2024-10-15,B-17,false
C-102052,9770002052,2023-03-31,B-17,true
C-102053,9770002053,2019-05-31,B-09,true
C-102054,9770002054,2020-07-23,B-09,true
C-102055,9770002055,2023-06-30,B-09,false
C-102056,9770002056,2022-05-04,B-08,true
C-102057,9770002057,2020-06-23,B-04,false
C-102058,9770002058,2025-09-16,B-08,false
C-102059,9770002059,2020-03-27,B-08,false
C-102060,9770002060,2024-11-12,B-02,true
C-102061,9770002061,2019-10-10,B-09,false
C-102062,9770002062,2023-05-14,B-08,true
C-102063,9770002063,2021-02-04,B-17,true
C-102064,9770002064,2020-02-26,B-02,false
C-102065,9770002065,2025-09-10,B-01,true
C-102066,9770002066,2020-06-28,B-02,true
C-102067,9770002067,2025-02-10,B-17,true
C-102068,9770002068,2020-12-06,B-09,true
C-102069,9770002069,2025-08-14,B-08,true
C-102070,9770002070,2024-01-23,B-08,false
C-102071,9770002071,2022-01-30,B-08,false
C-102072,9770002072,2022-05-09,B-09,true
C-102073,9770002073,2020-07-20,B-09,true
C-102074,9770002074,2020-07-11,B-08,false
C-102075,9770002075,2020-07-01,B-02,true
C-102076,9770002076,2022-06-07,B-09,false
C-102077,9770002077,2023-05-02,B-08,true
C-102078,9770002078,2021-10-09,B-09,false
C-102079,9770002079,2020-12-28,B-02,false
C-102080,9770002080,2020-10-19,B-02,false
C-102081,9770002081,2021-09-27,B-02,true
C-102082,9770002082,2020-03-04,B-02,false
C-102083,9770002083,2023-05-17,B-17,true
C-102084,9770002084,2019-06-22,B-01,true
C-102085,9770002085,2023-09-26,B-09,false
C-102086,9770002086,2020-09-07,B-08,true
C-102087,9770002087,2020-02-26,B-17,true
C-102088,9770002088,2022-01-04,B-01,false
C-102089,9770002089,2021-09-10,B-08,true
C-102090,9770002090,2022-08-15,B-09,true
C-102091,9770002091,2022-09-18,B-02,true
C-102092,9770002092,2022-03-20,B-04,true
C-102093,9770002093,2019-05-30,B-17,false
C-102094,9770002094,2022-04-08,B-09,false
C-102095,9770002095,2022-10-22,B-02,false
C-102096,9770002096,2021-01-03,B-02,true
C-102097,9770002097,2019-09-15,B-04,true
C-102098,9770002098,2024-10-20,B-04,true
C-102099,9770002099,2023-06-03,B-04,false
C-102100,9770002100,2022-08-15,B-09,false
C-102101,9770002101,2021-04-28,B-01,true
C-102102,9770002102,2023-05-04,B-09,true
C-102103,9770002103,2019-06-19,B-02,true
C-102104,9770002104,2021-10-24,B-04,false
C-102105,9770002105,2025-11-06,B-01,true
C-102106,9770002106,2020-02-25,B-17,true
C-102107,9770002107,2023-06-21,B-02,true
C-102108,9770002108,2022-04-22,B-04,false
C-102109,9770002109,2026-01-09,B-04,true
C-102110,9770002110,2022-02-22,B-04,false
C-102111,9770002111,2024-10-29,B-08,true
C-102112,9770002112,2026-03-28,B-17,false
C-102113,9770002113,2021-10-03,B-08,true
C-102114,9770002114,2022-02-16,B-08,false
C-102115,9770002115,2019-11-15,B-04,true
C-102116,9770002116,2019-07-31,B-17,false
C-102117,9770002117,2025-07-27,B-17,true
C-102118,9770002118,2020-08-03,B-08,false
C-102119,9770002119,2023-02-27,B-09,false
C-102120,9770002120,2023-05-15,B-02,true
C-102121,9770002121,2021-01-08,B-09,true
C-102122,9770002122,2023-07-27,B-02,false
C-102123,9770002123,2021-11-02,B-08,false
C-102124,9770002124,2025-09-10,B-02,true
C-102125,9770002125,2020-07-01,B-08,false
C-102126,9770002126,2023-04-22,B-09,false
C-102127,9770002127,2025-06-15,B-09,false
C-102128,9770002128,2022-08-31,B-17,false
C-102129,9770002129,2020-09-25,B-17,true
C-102130,9770002130,2019-08-19,B-04,false
C-102131,9770002131,2021-08-02,B-02,false
C-102132,9770002132,2022-06-12,B-09,false
C-102133,9770002133,2021-01-02,B-04,false
C-102134,9770002134,2021-10-01,B-08,true
C-102135,9770002135,2024-03-26,B-02,false
C-102136,9770002136,2026-03-31,B-01,false
C-102137,9770002137,2020-12-02,B-17,true
C-102138,9770002138,2019-06-21,B-08,false
C-102139,9770002139,2023-10-19,B-01,true
C-102140,9770002140,2020-08-10,B-02,false
C-102141,9770002141,2021-01-03,B-02,true
C-102142,9770002142,2023-03-02,B-08,true
C-102143,9770002143,2023-01-20,B-09,true
C-102144,9770002144,2021-01-16,B-09,true
C-102145,9770002145,2020-01-30,B-17,true
C-102146,9770002146,2022-08-23,B-01,true
C-102147,9770002147,2024-02-22,B-04,false
C-102148,9770002148,2020-05-25,B-04,false
C-102149,9770002149,2026-02-11,B-01,true
C-102150,9770002150,2024-03-27,B-04,false
C-102151,9770002151,2019-09-14,B-17,false
C-102152,9770002152,2026-03-13,B-01,true
C-102153,9770002153,2025-10-17,B-04,false
C-102154,9770002154,2023-09-02,B-02,false
C-102155,9770002155,2024-07-08,B-04,false
C-102156,9770002156,2020-07-26,B-17,false
C-102157,9770002157,2023-08-22,B-02,true
C-102158,9770002158,2023-10-23,B-02,false
C-102159,9770002159,2022-03-14,B-09,false
C-102160,9770002160,2023-11-23,B-04,false
C-102161,9770002161,2021-08-02,B-02,false
C-102162,9770002162,2023-05-30,B-08,true
C-102163,9770002163,2022-09-30,B-01,true
C-102164,9770002164,2019-09-05,B-02,false
C-102165,9770002165,2021-03-14,B-01,true
C-102166,9770002166,2021-09-06,B-04,true
C-102167,9770002167,2025-04-07,B-09,false
C-102168,9770002168,2025-02-12,B-02,false
C-102169,9770002169,2022-08-11,B-02,true
C-102170,9770002170,2025-07-17,B-09,false
C-102171,9770002171,2024-05-24,B-01,false
C-102172,9770002172,2022-09-06,B-09,false
C-102173,9770002173,2020-03-17,B-04,true
C-102174,9770002174,2023-02-13,B-08,true
C-102175,9770002175,2022-09-07,B-09,true
C-102176,9770002176,2024-07-29,B-17,true
C-102177,9770002177,2026-03-05,B-17,true
C-102178,9770002178,2020-09-09,B-17,true
C-102179,9770002179,2023-07-15,B-04,false
C-102180,9770002180,2021-11-11,B-01,true
C-102181,9770002181,2021-10-30,B-09,true
C-102182,9770002182,2025-02-19,B-01,false
C-102183,9770002183,2024-08-02,B-01,false
C-102184,9770002184,2022-08-15,B-02,false
C-102185,9770002185,2023-04-20,B-08,false
C-102186,9770002186,2022-03-09,B-08,false
C-102187,9770002187,2024-11-08,B-09,true
C-102188,9770002188,2020-11-19,B-02,false
C-102189,9770002189,2022-05-23,B-17,false
C-102190,9770002190,2024-12-09,B-17,false
C-102191,9770002191,2019-11-18,B-09,true
C-102192,9770002192,2019-07-14,B-01,true
C-102193,9770002193,2020-08-26,B-01,false
C-102194,9770002194,2020-08-12,B-09,false
C-102195,9770002195,2021-08-16,B-17,false
C-102196,9770002196,2022-02-22,B-09,true
C-102197,9770002197,2024-11-23,B-02,false
C-102198,9770002198,2020-07-18,B-08,true
C-102199,9770002199,2023-11-25,B-04,true
C-102200,9770002200,2020-10-22,B-04,false
C-102201,9770002201,2020-08-04,B-09,true
C-102202,9770002202,2021-04-05,B-02,false
C-102203,9770002203,2020-03-17,B-04,false
C-102204,9770002204,2019-09-07,B-02,true
C-102205,9770002205,2022-11-15,B-04,false
C-102206,9770002206,2022-08-23,B-09,false
C-102207,9770002207,2021-06-15,B-17,true
C-102208,9770002208,2022-07-29,B-02,true
C-102209,9770002209,2025-09-27,B-08,true
C-102210,9770002210,2025-12-31,B-04,false
C-102211,9770002211,2022-12-30,B-08,true
C-102212,9770002212,2019-12-15,B-08,true
C-102213,9770002213,2025-05-22,B-09,false
C-102214,9770002214,2025-04-01,B-09,false
C-102215,9770002215,2024-02-21,B-04,true
C-102216,9770002216,2026-03-14,B-08,false
C-102217,9770002217,2019-11-10,B-04,false
C-102218,9770002218,2025-10-12,B-17,false
C-102219,9770002219,2020-08-02,B-04,true
C-102220,9770002220,2021-04-13,B-09,true
C-102221,9770002221,2023-02-26,B-02,true
C-102222,9770002222,2024-06-25,B-04,true
C-102223,9770002223,2026-02-04,B-01,true
C-102224,9770002224,2021-01-06,B-04,false
C-102225,9770002225,2023-05-13,B-01,true
C-102226,9770002226,2025-10-16,B-08,true
C-102227,9770002227,2023-02-26,B-02,true
C-102228,9770002228,2021-10-01,B-08,true
C-102229,9770002229,2021-06-29,B-08,false
C-102230,9770002230,2019-09-25,B-08,true
C-102231,9770002231,2022-08-21,B-01,true
C-102232,9770002232,2020-10-13,B-04,false
C-102233,9770002233,2024-12-17,B-17,false
C-102234,9770002234,2021-07-02,B-09,false
C-102235,9770002235,2022-06-28,B-04,false
C-102236,9770002236,2021-01-15,B-04,false
C-102237,9770002237,2024-04-11,B-09,true
C-102238,9770002238,2019-12-26,B-02,false
C-102239,9770002239,2019-09-15,B-08,false
C-102240,9770002240,2024-02-14,B-01,true
C-102241,9770002241,2025-09-04,B-02,true
C-102242,9770002242,2020-12-16,B-02,false
C-102243,9770002243,2024-05-02,B-02,false
C-102244,9770002244,2020-12-18,B-17,false
C-102245,9770002245,2020-04-24,B-01,false
C-102246,9770002246,2020-01-16,B-04,true
C-102247,9770002247,2019-10-22,B-17,true
C-102248,9770002248,2021-04-19,B-09,false
C-102249,9770002249,2021-10-30,B-08,false
C-102250,9770002250,2025-07-18,B-04,false
C-102251,9770002251,2022-07-13,B-17,false
C-102252,9770002252,2022-01-14,B-02,false
C-102253,9770002253,2025-04-07,B-17,true
C-102254,9770002254,2023-07-06,B-04,false
C-102255,9770002255,2020-03-25,B-17,true
C-102256,9770002256,2024-08-07,B-02,true
C-102257,9770002257,2023-04-23,B-01,false
C-102258,9770002258,2020-11-08,B-01,false
C-102259,9770002259,2021-07-07,B-09,true
C-102260,9770002260,2024-06-15,B-09,false
C-102261,9770002261,2020-07-07,B-08,false
C-102262,9770002262,2020-10-29,B-17,false
C-102263,9770002263,2025-07-11,B-08,true
C-102264,9770002264,2021-04-24,B-17,false
C-102265,9770002265,2022-10-06,B-02,false
C-102266,9770002266,2025-09-16,B-17,false
C-102267,9770002267,2020-03-30,B-02,false
C-102268,9770002268,2025-04-25,B-04,true
C-102269,9770002269,2022-08-29,B-02,false
C-102270,9770002270,2020-10-09,B-02,false
C-102271,9770002271,2019-06-04,B-04,false
C-102272,9770002272,2025-08-17,B-04,false
C-102273,9770002273,2019-12-02,B-04,true
C-102274,9770002274,2025-06-16,B-17,true
C-102275,9770002275,2024-06-23,B-04,false
C-102276,9770002276,2023-09-16,B-08,true
C-102277,9770002277,2025-02-22,B-17,true
C-102278,9770002278,2022-12-25,B-09,true
C-102279,9770002279,2021-08-26,B-08,true
C-102280,9770002280,2020-03-19,B-08,false
C-102281,9770002281,2022-06-12,B-17,true
C-102282,9770002282,2019-10-10,B-17,false
C-102283,9770002283,2020-01-11,B-17,false
C-102284,9770002284,2024-12-03,B-08,false
C-102285,9770002285,2025-02-26,B-09,false
C-102286,9770002286,2022-08-07,B-17,false
C-102287,9770002287,2019-12-25,B-09,false
C-102288,9770002288,2023-02-23,B-01,false
C-102289,9770002289,2020-05-05,B-02,false
C-102290,9770002290,2022-01-03,B-08,true
C-102291,9770002291,2024-12-18,B-02,true
C-102292,9770002292,2020-08-16,B-09,true
C-102293,9770002293,2020-03-10,B-17,false
C-102294,9770002294,2023-08-05,B-09,false
C-102295,9770002295,2022-08-27,B-02,true
C-102296,9770002296,2025-11-14,B-01,true
C-102297,9770002297,2022-08-21,B-04,false
C-102298,9770002298,2020-12-10,B-04,false
C-102299,9770002299,2025-11-19,B-17,false
C-102300,9770002300,2025-03-14,B-17,true
C-102301,9770002301,2024-01-29,B-09,false
C-102302,9770002302,2020-06-26,B-04,false
C-102303,9770002303,2020-03-22,B-02,false
C-102304,9770002304,2020-03-22,B-08,false
C-102305,9770002305,2025-06-03,B-02,false
C-102306,9770002306,2021-12-14,B-04,true
C-102307,9770002307,2024-03-05,B-08,false
C-102308,9770002308,2025-05-16,B-04,false
C-102309,9770002309,2023-01-19,B-09,true
C-102310,9770002310,2020-02-13,B-04,false
C-102311,9770002311,2020-07-09,B-01,true
C-102312,9770002312,2019-10-15,B-04,false
C-102313,9770002313,2025-12-18,B-01,false
C-102314,9770002314,2021-10-05,B-17,false
C-102315,9770002315,2020-11-30,B-08,true
C-102316,9770002316,2022-09-09,B-02,false
C-102317,9770002317,2020-10-16,B-01,false
C-102318,9770002318,2020-02-01,B-02,true
C-102319,9770002319,2024-06-12,B-02,true
C-102320,9770002320,2019-09-22,B-01,true
C-102321,9770002321,2021-08-29,B-08,true
C-102322,9770002322,2021-02-05,B-02,false
C-102323,9770002323,2022-01-27,B-17,true
C-102324,9770002324,2023-01-03,B-02,false
C-102325,9770002325,2023-04-22,B-02,false
C-102326,9770002326,2024-11-20,B-04,false
C-102327,9770002327,2023-01-03,B-02,false
C-102328,9770002328,2026-01-28,B-02,true
C-102329,9770002329,2021-07-03,B-02,false
C-102330,9770002330,2024-02-11,B-08,true
C-102331,9770002331,2019-11-11,B-08,true
C-102332,9770002332,2024-03-21,B-08,false
C-102333,9770002333,2024-10-23,B-02,true
C-102334,9770002334,2023-08-20,B-01,true
C-102335,9770002335,2022-03-30,B-04,true
C-102336,9770002336,2023-07-23,B-04,true
C-102337,9770002337,2024-07-15,B-08,false
C-102338,9770002338,2022-06-19,B-09,false
C-102339,9770002339,2024-12-19,B-17,false
C-102340,9770002340,2023-07-06,B-02,false
C-102341,9770002341,2023-04-14,B-17,false
C-102342,9770002342,2023-07-20,B-02,true
C-102343,9770002343,2021-12-06,B-02,true
C-102344,9770002344,2021-06-05,B-17,true
C-102345,9770002345,2024-08-04,B-04,false
C-102346,9770002346,2024-04-29,B-09,false
C-102347,9770002347,2023-11-11,B-01,false
C-102348,9770002348,2021-05-04,B-01,true
C-102349,9770002349,2022-04-20,B-02,false
C-102350,9770002350,2023-06-30,B-17,true
C-102351,9770002351,2024-01-28,B-08,false
C-102352,9770002352,2023-01-03,B-01,false
C-102353,9770002353,2020-01-15,B-09,false
C-102354,9770002354,2025-12-12,B-01,false
C-102355,9770002355,2021-09-05,B-08,true
C-102356,9770002356,2021-07-20,B-08,false
C-102357,9770002357,2021-09-08,B-17,false
C-102358,9770002358,2020-11-17,B-08,true
C-102359,9770002359,2022-01-23,B-02,false
C-102360,9770002360,2025-11-12,B-09,false
C-102361,9770002361,2025-11-21,B-08,true
C-102362,9770002362,2022-10-25,B-09,false
C-102363,9770002363,2025-06-09,B-17,false
C-102364,9770002364,2024-08-28,B-09,false
C-102365,9770002365,2021-12-22,B-17,false
C-102366,9770002366,2022-07-24,B-09,false
C-102367,9770002367,2020-12-21,B-01,true
C-102368,9770002368,2022-01-03,B-01,true
C-102369,9770002369,2023-11-03,B-09,true
C-102370,9770002370,2026-01-14,B-02,false
C-102371,9770002371,2022-02-02,B-08,true
C-102372,9770002372,2024-12-13,B-17,true
C-102373,9770002373,2025-10-05,B-09,false
C-102374,9770002374,2025-09-26,B-04,true
C-102375,9770002375,2024-04-02,B-04,false
C-102376,9770002376,2022-06-13,B-04,true
C-102377,9770002377,2024-05-21,B-09,false
C-102378,9770002378,2023-05-24,B-01,false
C-102379,9770002379,2021-07-26,B-09,false
C-102380,9770002380,2024-04-22,B-02,false
C-102381,9770002381,2023-07-26,B-01,false
C-102382,9770002382,2024-01-03,B-01,true
C-102383,9770002383,2020-05-04,B-08,true
C-102384,9770002384,2022-10-22,B-08,false
C-102385,9770002385,2024-09-10,B-09,true
C-102386,9770002386,2025-10-06,B-01,true
C-102387,9770002387,2025-08-02,B-01,true
C-102388,9770002388,2022-04-13,B-08,true
C-102389,9770002389,2022-10-21,B-17,true
C-102390,9770002390,2024-03-12,B-08,false
C-102391,9770002391,2020-04-30,B-08,false
C-102392,9770002392,2025-03-01,B-17,false
C-102393,9770002393,2024-03-22,B-02,true
C-102394,9770002394,2024-11-11,B-01,false
C-102395,9770002395,2019-08-12,B-17,true
C-102396,9770002396,2024-08-31,B-17,false
C-102397,9770002397,2025-02-13,B-01,true
C-102398,9770002398,2020-08-03,B-02,true
C-102399,9770002399,2022-11-19,B-17,false
C-102400,9770002400,2024-03-17,B-04,false
C-102401,9770002401,2023-04-05,B-08,false
C-102402,9770002402,2023-06-20,B-17,false
C-102403,9770002403,2019-12-11,B-01,true
C-102404,9770002404,2021-09-11,B-02,false
C-102405,9770002405,2024-06-28,B-01,false
C-102406,9770002406,2024-12-26,B-01,true
C-102407,9770002407,2026-01-21,B-09,false
C-102408,9770002408,2023-07-15,B-01,true
C-102409,9770002409,2021-09-25,B-08,true
C-102410,9770002410,2019-11-25,B-01,true
C-102411,9770002411,2025-05-30,B-09,false
C-102412,9770002412,2020-10-09,B-17,false
C-102413,9770002413,2020-04-12,B-09,false
C-102414,9770002414,2021-04-06,B-09,true
C-102415,9770002415,2024-01-25,B-01,false
C-102416,9770002416,2023-11-25,B-02,false
C-102417,9770002417,2023-11-02,B-01,true
C-102418,9770002418,2020-11-24,B-09,true
C-102419,9770002419,2025-09-04,B-02,false
C-102420,9770002420,2019-10-14,B-02,false
C-102421,9770002421,2025-10-09,B-17,false
C-102422,9770002422,2023-12-03,B-02,true
C-102423,9770002423,2024-12-30,B-01,false
C-102424,9770002424,2023-05-31,B-01,false
C-102425,9770002425,2020-07-05,B-04,false
C-102426,9770002426,2022-05-30,B-01,true
C-102427,9770002427,2019-07-08,B-04,false
C-102428,9770002428,2024-12-14,B-01,true
C-102429,9770002429,2023-11-11,B-08,false
C-102430,9770002430,2022-03-25,B-02,false
C-102431,9770002431,2022-10-20,B-09,true
C-102432,9770002432,2022-06-26,B-09,false
C-102433,9770002433,2019-08-11,B-17,true
C-102434,9770002434,2020-03-03,B-09,false
C-102435,9770002435,2019-12-29,B-08,false
C-102436,9770002436,2023-11-17,B-09,false
C-102437,9770002437,2026-02-21,B-08,true
C-102438,9770002438,2024-02-29,B-08,false
C-102439,9770002439,2024-03-14,B-01,false
C-102440,9770002440,2025-07-12,B-04,false
C-102441,9770002441,2025-10-07,B-09,false
C-102442,9770002442,2019-12-25,B-08,false
C-102443,9770002443,2025-07-03,B-02,false
C-102444,9770002444,2019-06-14,B-08,true
C-102445,9770002445,2021-08-12,B-08,false
C-102446,9770002446,2021-07-09,B-08,true
C-102447,9770002447,2025-05-14,B-08,false
C-102448,9770002448,2021-06-19,B-02,false
C-102449,9770002449,2019-06-27,B-08,false
C-102450,9770002450,2026-03-07,B-17,false
C-102451,9770002451,2021-03-25,B-02,false
C-102452,9770002452,2019-10-25,B-09,true
C-102453,9770002453,2024-03-03,B-04,false
C-102454,9770002454,2025-04-01,B-09,false
C-102455,9770002455,2019-07-23,B-08,false
C-102456,9770002456,2022-08-22,B-08,true
C-102457,9770002457,2021-03-27,B-02,true
C-102458,9770002458,2020-06-30,B-09,true
C-102459,9770002459,2025-01-03,B-04,false
C-102460,9770002460,2022-06-16,B-02,false
C-102461,9770002461,2020-09-17,B-04,true
C-102462,9770002462,2024-08-08,B-01,false
C-102463,9770002463,2023-07-30,B-02,false
C-102464,9770002464,2019-09-16,B-04,false
C-102465,9770002465,2021-11-02,B-01,false
C-102466,9770002466,2021-09-26,B-04,true
C-102467,9770002467,2022-05-17,B-09,true
C-102468,9770002468,2024-08-15,B-04,true
C-102469,9770002469,2025-12-15,B-02,false
C-102470,9770002470,2025-10-25,B-08,false
C-102471,9770002471,2020-03-05,B-02,false
C-102472,9770002472,2022-05-15,B-02,true
C-102473,9770002473,2020-02-29,B-08,true
C-102474,9770002474,2019-12-01,B-01,true
C-102475,9770002475,2019-08-13,B-04,true
C-102476,9770002476,2021-01-27,B-04,true
C-102477,9770002477,2022-02-12,B-02,false
C-102478,9770002478,2025-02-17,B-04,false
C-102479,9770002479,2023-04-21,B-17,true
C-102480,9770002480,2022-05-12,B-17,false
C-102481,9770002481,2021-10-09,B-17,true
C-102482,9770002482,2022-02-11,B-04,true
C-102483,9770002483,2023-07-11,B-04,true
C-102484,9770002484,2023-01-11,B-09,false
C-102485,9770002485,2019-09-06,B-08,true
C-102486,9770002486,2021-02-01,B-09,false
C-102487,9770002487,2020-04-15,B-01,true
C-102488,9770002488,2020-03-29,B-02,false
C-102489,9770002489,2024-05-12,B-09,false
C-102490,9770002490,2024-01-12,B-02,false
C-102491,9770002491,2025-04-09,B-08,false
C-102492,9770002492,2023-10-20,B-01,false
C-102493,9770002493,2019-07-21,B-09,false
C-102494,9770002494,2019-10-21,B-08,true
C-102495,9770002495,2022-10-28,B-17,false
C-102496,9770002496,2025-12-29,B-04,false
C-102497,9770002497,2024-01-24,B-08,false
C-102498,9770002498,2022-02-23,B-08,false
C-102499,9770002499,2020-12-10,B-09,false
C-102500,9770002500,2023-06-23,B-04,false
C-102501,9770002501,2022-07-25,B-17,false
C-102502,9770002502,2019-12-11,B-08,true
C-102503,9770002503,2023-10-23,B-02,true
C-102504,9770002504,2025-03-17,B-02,true
C-102505,9770002505,2024-05-26,B-17,false
C-102506,9770002506,2025-05-06,B-02,true
C-102507,9770002507,2020-12-14,B-04,true
C-102508,9770002508,2024-07-25,B-08,false
C-102509,9770002509,2023-06-02,B-04,true
C-102510,9770002510,2019-10-06,B-02,false
C-102511,9770002511,2019-09-15,B-04,false
C-102512,9770002512,2020-01-31,B-08,true
C-102513,9770002513,2025-09-18,B-08,true
C-102514,9770002514,2025-11-24,B-17,true
C-102515,9770002515,2020-04-07,B-04,false
C-102516,9770002516,2021-02-02,B-09,true
C-102517,9770002517,2022-03-26,B-02,false
C-102518,9770002518,2021-03-23,B-08,true
C-102519,9770002519,2025-07-07,B-04,false
C-102520,9770002520,2022-08-04,B-08,false
C-102521,9770002521,2022-09-12,B-08,false
C-102522,9770002522,2023-04-07,B-09,false
C-102523,9770002523,2020-12-28,B-01,false
C-102524,9770002524,2023-08-28,B-04,false
C-102525,9770002525,2021-11-04,B-01,true
C-102526,9770002526,2025-08-22,B-02,false
C-102527,9770002527,2023-07-15,B-17,false
C-102528,9770002528,2025-07-04,B-08,true
C-102529,9770002529,2023-03-22,B-04,false
C-102530,9770002530,2022-08-03,B-02,false
C-102531,9770002531,2019-08-17,B-17,true
C-102532,9770002532,2020-06-22,B-17,false
C-102533,9770002533,2025-08-27,B-02,false
C-102534,9770002534,2021-04-24,B-01,true
C-102535,9770002535,2022-07-21,B-09,false
C-102536,9770002536,2025-08-21,B-09,true
C-102537,9770002537,2020-02-08,B-02,false
C-102538,9770002538,2023-07-07,B-04,false
C-102539,9770002539,2022-01-02,B-01,false
C-102540,9770002540,2025-02-07,B-09,false
C-102541,9770002541,2025-02-23,B-02,false
C-102542,9770002542,2019-06-21,B-17,false
C-102543,9770002543,2025-12-05,B-17,true
C-102544,9770002544,2023-11-09,B-02,false
C-102545,9770002545,2022-10-12,B-01,false
C-102546,9770002546,2022-04-13,B-09,true
C-102547,9770002547,2021-04-27,B-04,false
C-102548,9770002548,2024-05-12,B-01,true
C-102549,9770002549,2020-02-28,B-17,false
C-102550,9770002550,2019-11-26,B-01,true
C-102551,9770002551,2025-02-23,B-04,false
C-102552,9770002552,2022-10-13,B-17,false
C-102553,9770002553,2023-02-07,B-17,true
C-102554,9770002554,2021-10-19,B-17,false
C-102555,9770002555,2020-01-22,B-04,false
C-102556,9770002556,2025-04-02,B-08,true
C-102557,9770002557,2022-10-16,B-09,true
C-102558,9770002558,2023-02-15,B-02,true
C-102559,9770002559,2023-07-16,B-09,false
C-102560,9770002560,2021-03-25,B-02,false
C-102561,9770002561,2020-11-27,B-08,false
C-102562,9770002562,2022-02-17,B-04,false
C-102563,9770002563,2023-05-01,B-01,false
C-102564,9770002564,2025-11-12,B-02,false
C-102565,9770002565,2023-03-05,B-17,true
C-102566,9770002566,2021-02-07,B-08,false
C-102567,9770002567,2023-09-22,B-02,true
C-102568,9770002568,2021-11-15,B-02,false
C-102569,9770002569,2022-10-03,B-09,false
C-102570,9770002570,2019-08-28,B-17,false
C-102571,9770002571,2023-03-04,B-01,true
C-102572,9770002572,2024-04-03,B-02,false
C-102573,9770002573,2022-11-11,B-09,true
C-102574,9770002574,2025-06-22,B-17,true
C-102575,9770002575,2023-08-05,B-09,false
C-102576,9770002576,2021-02-22,B-09,true
C-102577,9770002577,2019-11-12,B-08,true
C-102578,9770002578,2022-03-26,B-04,false
C-102579,9770002579,2022-08-28,B-04,false
C-102580,9770002580,2026-03-05,B-01,true
C-102581,9770002581,2022-01-11,B-09,false
C-102582,9770002582,2025-04-03,B-04,true
C-102583,9770002583,2025-12-19,B-09,false
C-102584,9770002584,2020-02-27,B-01,false
C-102585,9770002585,2022-08-03,B-04,false
C-102586,9770002586,2021-09-19,B-02,false
C-102587,9770002587,2021-09-21,B-04,false
C-102588,9770002588,2019-11-10,B-02,true
C-102589,9770002589,2019-08-12,B-01,false
C-102590,9770002590,2019-06-22,B-09,false
C-102591,9770002591,2022-01-02,B-17,true
C-102592,9770002592,2022-04-05,B-01,false
C-102593,9770002593,2020-10-11,B-02,true
C-102594,9770002594,2019-07-11,B-01,true
C-102595,9770002595,2020-09-13,B-01,true
C-102596,9770002596,2020-11-27,B-02,false
C-102597,9770002597,2023-08-23,B-02,false
C-102598,9770002598,2021-05-11,B-01,true
C-102599,9770002599,2020-09-18,B-02,true
C-102600,9770002600,2026-03-27,B-08,false
C-102601,9770002601,2025-07-06,B-09,false
C-102602,9770002602,2022-05-15,B-01,false
C-102603,9770002603,2022-04-03,B-08,true
C-102604,9770002604,2026-01-16,B-08,true
C-102605,9770002605,2021-03-24,B-04,false
C-102606,9770002606,2023-08-02,B-01,false
C-102607,9770002607,2023-04-08,B-01,true
C-102608,9770002608,2022-03-06,B-08,true
C-102609,9770002609,2019-09-11,B-08,false
C-102610,9770002610,2022-07-09,B-04,false
C-102611,9770002611,2019-09-03,B-09,false
C-102612,9770002612,2023-07-24,B-01,true
C-102613,9770002613,2026-03-28,B-09,false
C-102614,9770002614,2024-12-23,B-01,false
C-102615,9770002615,2021-08-01,B-08,false
C-102616,9770002616,2025-05-06,B-01,true
C-102617,9770002617,2020-12-04,B-04,false
C-102618,9770002618,2023-04-05,B-08,false
C-102619,9770002619,2025-04-07,B-04,false
C-102620,9770002620,2022-08-31,B-09,true
C-102621,9770002621,2025-05-13,B-08,true
C-102622,9770002622,2025-10-20,B-02,false
C-102623,9770002623,2021-09-02,B-17,true
C-102624,9770002624,2025-03-31,B-09,false
C-102625,9770002625,2024-05-03,B-04,false
C-102626,9770002626,2026-02-07,B-01,false
C-102627,9770002627,2020-06-27,B-08,true
C-102628,9770002628,2024-08-14,B-04,true
C-102629,9770002629,2022-11-27,B-02,false
C-102630,9770002630,2019-09-20,B-04,false
C-102631,9770002631,2025-05-05,B-01,false
C-102632,9770002632,2026-03-28,B-04,true
C-102633,9770002633,2024-06-07,B-09,false
C-102634,9770002634,2025-01-17,B-01,true
C-102635,9770002635,2020-12-21,B-09,false
C-102636,9770002636,2024-10-10,B-01,false
C-102637,9770002637,2021-03-22,B-08,true
C-102638,9770002638,2020-11-22,B-04,true
C-102639,9770002639,2021-01-22,B-08,false
C-102640,9770002640,2024-08-24,B-01,true
C-102641,9770002641,2025-03-03,B-01,true
C-102642,9770002642,2020-06-28,B-17,false
C-102643,9770002643,2022-11-09,B-02,true
C-102644,9770002644,2023-04-01,B-08,false
C-102645,9770002645,2025-01-09,B-04,true
C-102646,9770002646,2019-08-07,B-01,false
C-102647,9770002647,2020-10-24,B-17,true
C-102648,9770002648,2019-12-04,B-04,true
C-102649,9770002649,2025-11-26,B-04,true
C-102650,9770002650,2020-07-05,B-01,false
C-102651,9770002651,2022-02-21,B-17,true
C-102652,9770002652,2024-11-04,B-02,true
C-102653,9770002653,2024-05-15,B-09,true
C-102654,9770002654,2019-09-08,B-04,true
C-102655,9770002655,2023-09-29,B-01,false
C-102656,9770002656,2022-09-01,B-02,false
C-102657,9770002657,2025-05-03,B-17,false
C-102658,9770002658,2021-06-13,B-09,true
C-102659,9770002659,2021-06-21,B-01,true
C-102660,9770002660,2021-05-09,B-04,false
C-102661,9770002661,2020-08-17,B-09,false
C-102662,9770002662,2020-04-23,B-09,false
C-102663,9770002663,2024-03-18,B-04,false
C-102664,9770002664,2025-02-16,B-09,true
C-102665,9770002665,2022-09-21,B-01,false
C-102666,9770002666,2021-06-26,B-17,true
C-102667,9770002667,2019-10-27,B-02,true
C-102668,9770002668,2021-10-11,B-09,true
C-102669,9770002669,2020-11-15,B-17,false
C-102670,9770002670,2023-08-16,B-09,false
C-102671,9770002671,2024-05-19,B-02,true
C-102672,9770002672,2021-11-14,B-17,true
C-102673,9770002673,2024-11-04,B-08,false
C-102674,9770002674,2025-09-13,B-17,false
C-102675,9770002675,2024-12-30,B-01,true
C-102676,9770002676,2020-06-21,B-08,false
C-102677,9770002677,2021-08-27,B-09,false
C-102678,9770002678,2022-07-27,B-01,true
C-102679,9770002679,2024-01-23,B-01,true
C-102680,9770002680,2026-03-05,B-17,false
C-102681,9770002681,2021-09-08,B-04,true
C-102682,9770002682,2022-05-05,B-04,false
C-102683,9770002683,2024-01-04,B-04,false
C-102684,9770002684,2025-01-24,B-02,false
C-102685,9770002685,2020-07-01,B-17,true
C-102686,9770002686,2024-04-01,B-08,false
C-102687,9770002687,2020-03-09,B-08,false
C-102688,9770002688,2024-12-03,B-04,false
C-102689,9770002689,2020-11-04,B-17,true
C-102690,9770002690,2020-11-27,B-17,true
C-102691,9770002691,2025-06-30,B-09,true
C-102692,9770002692,2025-12-07,B-17,false
C-102693,9770002693,2026-01-21,B-02,false
C-102694,9770002694,2019-06-04,B-08,false
C-102695,9770002695,2020-03-06,B-02,false
C-102696,9770002696,2024-02-28,B-04,false
C-102697,9770002697,2020-01-18,B-17,false
C-102698,9770002698,2019-12-18,B-04,false
C-102699,9770002699,2022-11-02,B-17,true
C-102700,9770002700,2021-08-17,B-02,true
C-102701,9770002701,2019-09-24,B-08,true
C-102702,9770002702,2023-01-14,B-17,false
C-102703,9770002703,2020-06-18,B-02,true
C-102704,9770002704,2024-08-31,B-02,true
C-102705,9770002705,2022-03-12,B-08,false
C-102706,9770002706,2020-06-12,B-04,false
C-102707,9770002707,2020-09-24,B-08,true
C-102708,9770002708,2023-07-15,B-04,false
C-102709,9770002709,2020-05-04,B-04,true
C-102710,9770002710,2021-04-28,B-17,true
C-102711,9770002711,2022-09-16,B-09,false
C-102712,9770002712,2025-07-23,B-17,true
C-102713,9770002713,2020-02-11,B-02,false
C-102714,9770002714,2022-07-30,B-09,false
C-102715,9770002715,2019-08-14,B-04,false
C-102716,9770002716,2020-07-08,B-01,true
C-102717,9770002717,2020-03-24,B-08,false
C-102718,9770002718,2021-03-30,B-04,true
C-102719,9770002719,2020-04-14,B-08,false
C-102720,9770002720,2023-07-02,B-17,false
C-102721,9770002721,2022-03-17,B-17,false
C-102722,9770002722,2025-12-22,B-09,false
C-102723,9770002723,2021-05-06,B-01,true
C-102724,9770002724,2025-04-07,B-04,false
C-102725,9770002725,2024-05-19,B-08,true
C-102726,9770002726,2019-08-07,B-02,false
C-102727,9770002727,2024-03-21,B-09,true
C-102728,9770002728,2021-10-18,B-04,true
C-102729,9770002729,2024-09-22,B-04,false
C-102730,9770002730,2020-02-15,B-04,true
C-102731,9770002731,2024-07-18,B-01,false
C-102732,9770002732,2026-03-06,B-04,true
C-102733,9770002733,2021-05-20,B-01,false
C-102734,9770002734,2025-12-21,B-09,false
C-102735,9770002735,2023-07-19,B-09,true
C-102736,9770002736,2023-06-05,B-01,false
C-102737,9770002737,2024-01-01,B-01,true
C-102738,9770002738,2024-12-14,B-01,false
C-102739,9770002739,2026-02-08,B-09,false
C-102740,9770002740,2022-03-17,B-17,false
C-102741,9770002741,2022-03-01,B-04,false
C-102742,9770002742,2021-05-27,B-01,true
C-102743,9770002743,2024-04-27,B-09,true
C-102744,9770002744,2021-12-29,B-01,true
C-102745,9770002745,2022-05-19,B-02,false
C-102746,9770002746,2022-06-12,B-02,false
C-102747,9770002747,2020-09-23,B-08,true
C-102748,9770002748,2019-11-29,B-17,false
C-102749,9770002749,2026-03-02,B-02,false
C-102750,9770002750,2021-01-26,B-17,true
C-102751,9770002751,2022-06-15,B-09,false
C-102752,9770002752,2020-09-17,B-08,false
C-102753,9770002753,2022-06-07,B-09,true
C-102754,9770002754,2021-01-26,B-02,false
C-102755,9770002755,2021-11-21,B-08,false
C-102756,9770002756,2022-11-23,B-08,true
C-102757,9770002757,2022-12-18,B-04,false
C-102758,9770002758,2022-01-29,B-08,false
C-102759,9770002759,2019-08-17,B-08,true
C-102760,9770002760,2023-03-08,B-04,false
C-102761,9770002761,2021-04-12,B-09,false
C-102762,9770002762,2022-09-12,B-08,true
C-102763,9770002763,2021-09-03,B-09,true
C-102764,9770002764,2020-01-29,B-02,true
C-102765,9770002765,2025-03-31,B-09,true
C-102766,9770002766,2024-01-09,B-17,false
C-102767,9770002767,2020-07-01,B-04,false
C-102768,9770002768,2020-10-14,B-08,true
C-102769,9770002769,2021-07-28,B-01,true
C-102770,9770002770,2021-06-28,B-08,true
C-102771,9770002771,2021-11-10,B-08,false
C-102772,9770002772,2022-10-17,B-08,false
C-102773,9770002773,2022-07-15,B-02,false
C-102774,9770002774,2025-06-24,B-17,true
C-102775,9770002775,2023-10-08,B-08,false
C-102776,9770002776,2021-05-31,B-01,true
C-102777,9770002777,2019-12-26,B-02,false
C-102778,9770002778,2024-12-10,B-09,false
C-102779,9770002779,2021-05-04,B-01,true
C-102780,9770002780,2020-01-19,B-09,true
C-102781,9770002781,2020-08-07,B-02,false
C-102782,9770002782,2019-12-27,B-04,false
C-102783,9770002783,2021-05-09,B-17,true
C-102784,9770002784,2025-01-25,B-09,true
C-102785,9770002785,2020-05-02,B-17,false
C-102786,9770002786,2020-06-27,B-09,true
C-102787,9770002787,2021-01-17,B-04,true
C-102788,9770002788,2022-12-14,B-01,true
C-102789,9770002789,2024-07-26,B-17,true
C-102790,9770002790,2021-11-15,B-01,false
C-102791,9770002791,2024-07-12,B-02,false
C-102792,9770002792,2020-02-29,B-02,false
C-102793,9770002793,2024-10-13,B-17,true
C-102794,9770002794,2020-02-07,B-01,false
C-102795,9770002795,2022-01-08,B-17,true
C-102796,9770002796,2020-01-02,B-02,false
C-102797,9770002797,2024-09-23,B-02,false
C-102798,9770002798,2022-08-01,B-02,false
C-102799,9770002799,2023-03-30,B-02,true
C-102800,9770002800,2019-12-26,B-17,false
C-102801,9770002801,2024-10-07,B-04,false
C-102802,9770002802,2023-04-30,B-02,false
C-102803,9770002803,2021-03-12,B-09,true
C-102804,9770002804,2021-05-01,B-02,true
C-102805,9770002805,2021-10-17,B-08,false
C-102806,9770002806,2021-07-10,B-04,true
C-102807,9770002807,2023-01-29,B-08,false
C-102808,9770002808,2024-10-03,B-04,true
C-102809,9770002809,2022-03-08,B-09,true
C-102810,9770002810,2022-04-05,B-17,true
C-102811,9770002811,2020-09-21,B-01,false
C-102812,9770002812,2022-07-05,B-02,false
C-102813,9770002813,2025-08-26,B-04,false
C-102814,9770002814,2020-09-14,B-09,false
C-102815,9770002815,2021-06-16,B-17,false
C-102816,9770002816,2022-07-20,B-17,false
C-102817,9770002817,2024-09-26,B-04,true
C-102818,9770002818,2021-01-09,B-17,false
C-102819,9770002819,2021-04-06,B-02,false
C-102820,9770002820,2025-06-29,B-01,false
C-102821,9770002821,2019-09-22,B-04,true
C-102822,9770002822,2022-11-05,B-09,false
C-102823,9770002823,2021-07-28,B-01,true
C-102824,9770002824,2023-10-12,B-01,true
C-102825,9770002825,2024-08-25,B-04,true
C-102826,9770002826,2025-03-03,B-08,true
C-102827,9770002827,2023-07-13,B-17,false
C-102828,9770002828,2023-09-18,B-04,true
C-102829,9770002829,2024-05-25,B-08,false
C-102830,9770002830,2024-07-17,B-17,false
C-102831,9770002831,2020-08-17,B-08,true
C-102832,9770002832,2021-09-22,B-09,false
C-102833,9770002833,2025-04-15,B-17,true
C-102834,9770002834,2024-11-07,B-04,false
C-102835,9770002835,2019-08-01,B-01,true
C-102836,9770002836,2022-11-30,B-08,false
C-102837,9770002837,2023-06-29,B-01,true
C-102838,9770002838,2022-12-28,B-17,true
C-102839,9770002839,2021-07-31,B-17,false
C-102840,9770002840,2024-01-29,B-04,false
C-102841,9770002841,2020-08-16,B-01,false
C-102842,9770002842,2024-07-10,B-04,false
C-102843,9770002843,2025-12-11,B-09,true
C-102844,9770002844,2024-10-04,B-02,true
C-102845,9770002845,2022-09-21,B-02,true
C-102846,9770002846,2019-10-16,B-02,true
C-102847,9770002847,2021-05-19,B-04,false
C-102848,9770002848,2022-09-15,B-09,true
C-102849,9770002849,2021-01-26,B-02,false
C-102850,9770002850,2023-12-12,B-17,true
C-102851,9770002851,2023-03-19,B-01,true
C-102852,9770002852,2020-12-08,B-08,false
C-102853,9770002853,2021-03-29,B-08,true
C-102854,9770002854,2019-06-19,B-01,true
C-102855,9770002855,2022-04-09,B-08,false
C-102856,9770002856,2021-04-11,B-17,true
C-102857,9770002857,2020-01-31,B-01,false
C-102858,9770002858,2025-04-24,B-08,true
C-102859,9770002859,2021-05-23,B-02,false
C-102860,9770002860,2025-07-11,B-09,false
C-102861,9770002861,2024-01-20,B-09,false
C-102862,9770002862,2025-10-27,B-08,true
C-102863,9770002863,2024-01-31,B-04,true
C-102864,9770002864,2021-07-08,B-04,false
C-102865,9770002865,2022-10-01,B-17,true
C-102866,9770002866,2020-03-09,B-04,true
C-102867,9770002867,2021-12-19,B-02,false
C-102868,9770002868,2024-04-05,B-01,true
C-102869,9770002869,2021-08-19,B-08,false
C-102870,9770002870,2023-12-07,B-08,false
C-102871,9770002871,2024-02-01,B-09,false
C-102872,9770002872,2021-11-15,B-04,false
C-102873,9770002873,2023-08-05,B-01,false
C-102874,9770002874,2020-01-09,B-02,false
C-102875,9770002875,2024-05-07,B-17,false
C-102876,9770002876,2021-04-24,B-01,false
C-102877,9770002877,2021-10-27,B-17,false
C-102878,9770002878,2020-09-07,B-01,true
C-102879,9770002879,2023-02-04,B-17,false
C-102880,9770002880,2025-08-20,B-09,true
C-102881,9770002881,2023-10-03,B-02,true
C-102882,9770002882,2020-07-11,B-08,false
C-102883,9770002883,2021-01-25,B-02,false
C-102884,9770002884,2019-11-16,B-08,true
C-102885,9770002885,2025-08-22,B-04,true
C-102886,9770002886,2022-08-17,B-09,false
C-102887,9770002887,2025-10-26,B-01,true
C-102888,9770002888,2023-07-13,B-17,false
C-102889,9770002889,2025-08-30,B-17,false
C-102890,9770002890,2021-06-26,B-01,true
C-102891,9770002891,2024-12-10,B-17,false
C-102892,9770002892,2020-10-08,B-08,true
C-102893,9770002893,2021-07-08,B-04,false
C-102894,9770002894,2020-12-01,B-08,true
C-102895,9770002895,2020-10-24,B-08,true
C-102896,9770002896,2020-03-04,B-02,true
C-102897,9770002897,2021-04-22,B-17,false
C-102898,9770002898,2019-06-06,B-02,true
C-102899,9770002899,2025-09-27,B-17,true
C-102900,9770002900,2022-02-26,B-04,false
C-102901,9770002901,2024-12-21,B-04,false
C-102902,9770002902,2025-10-20,B-01,true
C-102903,9770002903,2022-06-16,B-01,false
C-102904,9770002904,2025-02-17,B-09,true
C-102905,9770002905,2021-05-13,B-02,true
C-102906,9770002906,2023-08-25,B-17,false
C-102907,9770002907,2024-09-04,B-17,false
C-102908,9770002908,2020-12-22,B-01,false
C-102909,9770002909,2025-01-07,B-04,true
C-102910,9770002910,2023-10-09,B-08,true
C-102911,9770002911,2023-01-18,B-09,false
C-102912,9770002912,2019-10-15,B-08,true
C-102913,9770002913,2023-04-23,B-04,true
C-102914,9770002914,2023-06-28,B-04,false
C-102915,9770002915,2021-09-10,B-04,true
C-102916,9770002916,2022-07-27,B-09,false
C-102917,9770002917,2020-09-29,B-17,false
C-102918,9770002918,2023-10-11,B-01,false
C-102919,9770002919,2021-09-14,B-09,false
C-102920,9770002920,2023-01-21,B-01,false
C-102921,9770002921,2023-09-28,B-08,false
C-102922,9770002922,2021-07-18,B-09,false
C-102923,9770002923,2021-01-10,B-02,true
C-102924,9770002924,2021-09-07,B-02,false
C-102925,9770002925,2024-04-24,B-17,false
C-102926,9770002926,2025-06-23,B-01,false
C-102927,9770002927,2022-05-23,B-09,true
C-102928,9770002928,2025-05-13,B-02,false
C-102929,9770002929,2025-01-28,B-02,false
C-102930,9770002930,2019-09-01,B-17,true
C-102931,9770002931,2020-05-22,B-04,false
C-102932,9770002932,2020-07-25,B-09,false
C-102933,9770002933,2025-09-01,B-01,true
C-102934,9770002934,2025-03-22,B-02,true
C-102935,9770002935,2020-10-11,B-02,true
C-102936,9770002936,2026-02-03,B-01,true
C-102937,9770002937,2025-07-18,B-09,false
C-102938,9770002938,2022-11-11,B-09,true
C-102939,9770002939,2019-06-02,B-01,false
C-102940,9770002940,2022-04-20,B-01,false
C-102941,9770002941,2026-02-11,B-17,false
C-102942,9770002942,2019-08-22,B-09,false
C-102943,9770002943,2025-05-14,B-08,false
C-102944,9770002944,2024-03-02,B-09,false
C-102945,9770002945,2021-02-06,B-08,false
C-102946,9770002946,2026-02-08,B-04,true
C-102947,9770002947,2019-11-24,B-08,false
C-102948,9770002948,2020-02-17,B-01,false
C-102949,9770002949,2025-09-30,B-17,false
C-102950,9770002950,2024-12-26,B-17,true
C-102951,9770002951,2020-10-31,B-17,false
C-102952,9770002952,2023-02-28,B-17,true
C-102953,9770002953,2022-05-09,B-08,false
C-102954,9770002954,2023-05-06,B-04,false
C-102955,9770002955,2025-06-29,B-04,false
C-102956,9770002956,2024-11-10,B-17,true
C-102957,9770002957,2023-08-16,B-01,false
C-102958,9770002958,2022-06-29,B-08,true
C-102959,9770002959,2020-05-07,B-17,false
C-102960,9770002960,2023-11-12,B-09,false
C-102961,9770002961,2019-07-29,B-04,true
C-102962,9770002962,2022-07-31,B-01,false
C-102963,9770002963,2025-02-02,B-04,false
C-102964,9770002964,2025-05-31,B-01,true
C-102965,9770002965,2019-11-20,B-04,false
C-102966,9770002966,2022-12-18,B-02,false
C-102967,9770002967,2024-02-07,B-02,true
C-102968,9770002968,2024-09-03,B-01,true
C-102969,9770002969,2026-03-15,B-02,false
C-102970,9770002970,2020-07-06,B-17,true
C-102971,9770002971,2020-07-06,B-01,false
C-102972,9770002972,2022-12-26,B-17,false
C-102973,9770002973,2023-10-05,B-01,false
C-102974,9770002974,2025-02-21,B-08,false
C-102975,9770002975,2020-09-04,B-02,true
C-102976,9770002976,2020-04-24,B-01,false
C-102977,9770002977,2023-07-07,B-08,true
C-102978,9770002978,2023-01-16,B-17,false
C-102979,9770002979,2023-04-20,B-17,false
C-102980,9770002980,2024-07-19,B-04,true
C-102981,9770002981,2024-06-29,B-09,true
C-102982,9770002982,2023-03-25,B-02,true
C-102983,9770002983,2022-01-23,B-01,false
C-102984,9770002984,2025-05-21,B-09,true
C-102985,9770002985,2021-03-13,B-04,false
C-102986,9770002986,2024-08-03,B-02,false
C-102987,9770002987,2020-06-17,B-02,false
C-102988,9770002988,2021-03-04,B-08,false
C-102989,9770002989,2024-04-27,B-17,false
C-102990,9770002990,2020-09-08,B-09,false
C-102991,9770002991,2023-10-25,B-02,false
C-102992,9770002992,2021-10-11,B-09,false
C-102993,9770002993,2021-12-01,B-01,false
C-102994,9770002994,2023-11-03,B-02,false
C-102995,9770002995,2019-11-03,B-17,false
C-102996,9770002996,2022-05-29,B-04,true
C-102997,9770002997,2023-08-31,B-04,false
C-102998,9770002998,2020-07-26,B-02,false
C-102999,9770002999,2022-12-16,B-17,false
C-103000,9770003000,2024-09-24,B-17,false
C-103001,9770003001,2022-04-30,B-02,true
C-103002,9770003002,2023-11-30,B-09,false
C-103003,9770003003,2025-09-21,B-17,true
C-103004,9770003004,2023-03-27,B-17,true
C-103005,9770003005,2019-12-15,B-02,true
C-103006,9770003006,2025-02-01,B-01,true
C-103007,9770003007,2024-09-20,B-09,true
C-103008,9770003008,2019-10-23,B-17,true
C-103009,9770003009,2025-06-27,B-09,false
C-103010,9770003010,2023-03-06,B-04,false
C-103011,9770003011,2022-07-28,B-17,false
C-103012,9770003012,2021-03-02,B-09,true
C-103013,9770003013,2019-12-31,B-02,false
C-103014,9770003014,2019-09-19,B-17,true
C-103015,9770003015,2025-01-09,B-08,false
C-103016,9770003016,2026-02-02,B-08,false
C-103017,9770003017,2022-12-12,B-09,true
C-103018,9770003018,2019-11-27,B-09,false
C-103019,9770003019,2023-09-01,B-04,false
C-103020,9770003020,2022-04-03,B-04,true
C-103021,9770003021,2021-07-22,B-08,false
C-103022,9770003022,2020-08-31,B-17,false
C-103023,9770003023,2022-03-19,B-01,false
C-103024,9770003024,2024-08-14,B-01,false
C-103025,9770003025,2021-07-16,B-08,false
C-103026,9770003026,2026-02-18,B-01,false
C-103027,9770003027,2025-05-18,B-01,true
C-103028,9770003028,2020-10-06,B-02,false
C-103029,9770003029,2025-09-30,B-17,false
C-103030,9770003030,2022-08-30,B-09,false
C-103031,9770003031,2020-10-31,B-01,true
C-103032,9770003032,2023-02-12,B-02,false
C-103033,9770003033,2022-07-04,B-09,true
C-103034,9770003034,2021-01-29,B-08,false
C-103035,9770003035,2023-09-04,B-09,false
C-103036,9770003036,2021-06-22,B-02,true
C-103037,9770003037,2022-10-12,B-01,false
C-103038,9770003038,2019-12-12,B-04,false
C-103039,9770003039,2020-05-09,B-02,true
C-103040,9770003040,2022-03-17,B-09,false
C-103041,9770003041,2022-10-04,B-04,true
C-103042,9770003042,2023-07-15,B-08,false
C-103043,9770003043,2023-08-13,B-17,false
C-103044,9770003044,2022-10-09,B-17,true
C-103045,9770003045,2020-09-12,B-02,false
C-103046,9770003046,2024-05-12,B-09,false
C-103047,9770003047,2025-03-29,B-04,true
C-103048,9770003048,2020-10-15,B-09,false
C-103049,9770003049,2020-01-23,B-09,false
C-103050,9770003050,2021-09-03,B-17,false
C-103051,9770003051,2025-07-20,B-17,false
C-103052,9770003052,2023-08-23,B-01,false
C-103053,9770003053,2024-03-11,B-01,true
C-103054,9770003054,2019-11-12,B-17,false
C-103055,9770003055,2025-09-06,B-09,false
C-103056,9770003056,2020-02-20,B-01,true
C-103057,9770003057,2021-06-06,B-17,true
C-103058,9770003058,2020-10-25,B-04,false
C-103059,9770003059,2023-12-31,B-08,false
C-103060,9770003060,2020-10-22,B-17,false
C-103061,9770003061,2025-03-17,B-17,false
C-103062,9770003062,2022-10-29,B-02,true
C-103063,9770003063,2024-07-24,B-08,false
C-103064,9770003064,2026-03-11,B-02,true
C-103065,9770003065,2024-02-19,B-01,false
C-103066,9770003066,2025-07-18,B-01,false
C-103067,9770003067,2020-06-13,B-09,false
C-103068,9770003068,2020-08-15,B-09,true
C-103069,9770003069,2019-08-10,B-02,false
C-103070,9770003070,2026-03-02,B-09,false
C-103071,9770003071,2021-01-17,B-01,false
C-103072,9770003072,2025-06-14,B-04,true
C-103073,9770003073,2020-05-15,B-08,true
C-103074,9770003074,2024-06-22,B-08,false
C-103075,9770003075,2020-02-22,B-02,true
C-103076,9770003076,2019-11-13,B-09,false
C-103077,9770003077,2022-12-02,B-08,true
C-103078,9770003078,2025-01-22,B-08,false
C-103079,9770003079,2022-11-17,B-08,false
C-103080,9770003080,2021-06-02,B-08,true
C-103081,9770003081,2022-01-30,B-09,true
C-103082,9770003082,2025-06-29,B-01,true
C-103083,9770003083,2021-02-25,B-02,true
C-103084,9770003084,2021-01-20,B-02,false
C-103085,9770003085,2022-12-19,B-17,true
C-103086,9770003086,2020-06-28,B-02,true
C-103087,9770003087,2020-06-14,B-02,false
C-103088,9770003088,2024-06-26,B-17,false
C-103089,9770003089,2025-11-26,B-01,false
C-103090,9770003090,2022-01-03,B-17,true
C-103091,9770003091,2025-07-30,B-08,false
C-103092,9770003092,2019-09-06,B-01,false
C-103093,9770003093,2025-06-02,B-09,true
C-103094,9770003094,2020-11-11,B-08,true
C-103095,9770003095,2020-04-01,B-08,true
C-103096,9770003096,2022-12-28,B-04,true
C-103097,9770003097,2025-09-14,B-09,false
C-103098,9770003098,2020-02-05,B-08,true
C-103099,9770003099,2024-04-04,B-04,true
C-103100,9770003100,2020-06-14,B-04,false
C-103101,9770003101,2025-09-06,B-17,true
C-103102,9770003102,2020-08-09,B-09,false
C-103103,9770003103,2021-09-30,B-02,false
C-103104,9770003104,2026-02-07,B-09,false
C-103105,9770003105,2024-11-13,B-09,false
C-103106,9770003106,2021-12-16,B-17,false
C-103107,9770003107,2025-06-21,B-02,true
C-103108,9770003108,2019-09-12,B-09,true
C-103109,9770003109,2022-09-18,B-08,true
C-103110,9770003110,2019-06-25,B-17,false
C-103111,9770003111,2024-04-07,B-02,true
C-103112,9770003112,2024-06-15,B-09,true
C-103113,9770003113,2024-05-15,B-09,true
C-103114,9770003114,2022-12-06,B-04,false
C-103115,9770003115,2020-09-17,B-01,false
C-103116,9770003116,2025-06-23,B-08,false
C-103117,9770003117,2020-04-13,B-09,true
C-103118,9770003118,2023-08-25,B-17,false
C-103119,9770003119,2023-02-05,B-02,true
C-103120,9770003120,2020-03-29,B-02,false
C-103121,9770003121,2021-07-30,B-01,true
C-103122,9770003122,2022-08-26,B-01,true
C-103123,9770003123,2020-02-12,B-08,false
C-103124,9770003124,2022-10-27,B-04,false
C-103125,9770003125,2021-05-23,B-01,false
C-103126,9770003126,2021-10-30,B-04,false
C-103127,9770003127,2026-02-26,B-08,false
C-103128,9770003128,2025-02-02,B-04,true
C-103129,9770003129,2024-03-13,B-08,true
C-103130,9770003130,2019-08-16,B-01,false
C-103131,9770003131,2024-05-21,B-17,false
C-103132,9770003132,2020-01-20,B-04,false
C-103133,9770003133,2026-03-19,B-08,false
C-103134,9770003134,2024-06-06,B-02,true
C-103135,9770003135,2023-01-01,B-08,true
C-103136,9770003136,2020-12-01,B-17,true
C-103137,9770003137,2022-04-23,B-01,true
C-103138,9770003138,2023-10-19,B-02,false
C-103139,9770003139,2020-02-20,B-09,true
C-103140,9770003140,2019-06-25,B-09,false
C-103141,9770003141,2025-10-13,B-17,true
C-103142,9770003142,2021-07-27,B-04,false
C-103143,9770003143,2021-03-23,B-01,false
C-103144,9770003144,2023-08-05,B-08,true
C-103145,9770003145,2020-02-01,B-08,false
C-103146,9770003146,2020-06-23,B-01,false
C-103147,9770003147,2019-12-10,B-09,true
C-103148,9770003148,2021-09-05,B-09,true
C-103149,9770003149,2019-09-22,B-02,true
C-103150,9770003150,2020-09-02,B-09,true
C-103151,9770003151,2020-09-24,B-17,true
C-103152,9770003152,2020-08-27,B-01,true
C-103153,9770003153,2026-03-27,B-01,true
C-103154,9770003154,2023-09-06,B-17,false
C-103155,9770003155,2025-09-08,B-08,false
C-103156,9770003156,2020-07-08,B-09,true
C-103157,9770003157,2023-08-19,B-04,false
C-103158,9770003158,2026-01-10,B-09,true
C-103159,9770003159,2020-12-31,B-01,false
C-103160,9770003160,2021-03-05,B-09,true
C-103161,9770003161,2025-09-01,B-01,true
C-103162,9770003162,2020-08-24,B-17,false
C-103163,9770003163,2026-01-18,B-08,true
C-103164,9770003164,2022-05-19,B-08,false
C-103165,9770003165,2019-08-06,B-17,false
C-103166,9770003166,2023-09-27,B-01,true
C-103167,9770003167,2023-03-17,B-04,false
C-103168,9770003168,2021-06-13,B-08,true
C-103169,9770003169,2021-01-08,B-04,true
C-103170,9770003170,2024-04-24,B-08,false
C-103171,9770003171,2024-08-16,B-08,true
C-103172,9770003172,2020-11-25,B-09,false
C-103173,9770003173,2022-11-02,B-01,false
C-103174,9770003174,2022-05-08,B-17,true
C-103175,9770003175,2023-05-16,B-02,false
C-103176,9770003176,2023-12-10,B-04,false
C-103177,9770003177,2020-12-07,B-08,false
C-103178,9770003178,2022-02-24,B-17,false
C-103179,9770003179,2021-08-27,B-08,false
C-103180,9770003180,2025-08-28,B-09,true
C-103181,9770003181,2024-11-15,B-01,true
C-103182,9770003182,2022-02-04,B-08,true
C-103183,9770003183,2024-01-11,B-09,false
C-103184,9770003184,2024-09-29,B-08,false
C-103185,9770003185,2020-04-04,B-09,false
C-103186,9770003186,2022-09-29,B-02,false
C-103187,9770003187,2022-12-20,B-09,true
C-103188,9770003188,2024-03-21,B-17,false
C-103189,9770003189,2025-11-20,B-09,true
C-103190,9770003190,2021-12-22,B-02,false
C-103191,9770003191,2023-09-11,B-01,true
C-103192,9770003192,2025-05-26,B-17,false
C-103193,9770003193,2021-04-14,B-09,false
C-103194,9770003194,2023-04-16,B-04,true
C-103195,9770003195,2021-12-05,B-08,false
C-103196,9770003196,2021-11-29,B-04,false
C-103197,9770003197,2025-03-21,B-02,false
C-103198,9770003198,2020-02-29,B-04,true
C-103199,9770003199,2019-09-16,B-02,false
C-103200,9770003200,2023-09-27,B-08,false
C-103201,9770003201,2022-09-28,B-17,true
C-103202,9770003202,2025-01-19,B-08,false
C-103203,9770003203,2022-12-25,B-09,false
C-103204,9770003204,2023-03-02,B-02,false
C-103205,9770003205,2024-09-07,B-04,false
C-103206,9770003206,2025-10-29,B-09,false
C-103207,9770003207,2024-12-23,B-02,false
C-103208,9770003208,2022-10-05,B-04,true
C-103209,9770003209,2022-02-07,B-17,true
C-103210,9770003210,2024-04-15,B-17,false
C-103211,9770003211,2022-12-21,B-02,false
C-103212,9770003212,2022-09-01,B-02,false
C-103213,9770003213,2020-03-14,B-04,true
C-103214,9770003214,2025-10-14,B-02,false
C-103215,9770003215,2022-12-26,B-17,false
C-103216,9770003216,2024-09-21,B-01,true
C-103217,9770003217,2019-12-18,B-04,false
C-103218,9770003218,2025-02-07,B-01,false
C-103219,9770003219,2019-11-24,B-01,true
C-103220,9770003220,2024-01-04,B-02,true
C-103221,9770003221,2026-03-11,B-01,false
C-103222,9770003222,2022-02-17,B-01,false
C-103223,9770003223,2019-11-05,B-08,true
C-103224,9770003224,2022-11-11,B-17,false
C-103225,9770003225,2025-05-24,B-02,false
C-103226,9770003226,2022-09-26,B-17,false
C-103227,9770003227,2023-10-08,B-02,true
C-103228,9770003228,2021-07-29,B-02,false
C-103229,9770003229,2024-09-16,B-02,false
C-103230,9770003230,2022-01-26,B-02,false
C-103231,9770003231,2025-01-31,B-02,false
C-103232,9770003232,2024-11-01,B-02,false
C-103233,9770003233,2026-03-21,B-04,false
C-103234,9770003234,2022-05-17,B-17,false
C-103235,9770003235,2024-02-12,B-17,false
C-103236,9770003236,2020-01-07,B-01,false
C-103237,9770003237,2019-11-07,B-02,true
C-103238,9770003238,2020-01-16,B-09,true
C-103239,9770003239,2023-04-29,B-17,false
C-103240,9770003240,2021-08-22,B-08,false
C-103241,9770003241,2020-09-02,B-01,true
C-103242,9770003242,2023-02-27,B-04,true
C-103243,9770003243,2026-01-29,B-09,false
C-103244,9770003244,2019-11-19,B-01,false
C-103245,9770003245,2021-11-14,B-04,false
C-103246,9770003246,2021-03-11,B-02,false
C-103247,9770003247,2025-08-04,B-04,false
C-103248,9770003248,2020-06-03,B-04,false
C-103249,9770003249,2022-12-22,B-17,false
C-103250,9770003250,2022-01-03,B-02,false
C-103251,9770003251,2020-03-29,B-08,false
C-103252,9770003252,2020-12-30,B-17,false
C-103253,9770003253,2025-10-23,B-04,true
C-103254,9770003254,2025-08-04,B-04,false
C-103255,9770003255,2025-02-28,B-02,false
C-103256,9770003256,2022-11-22,B-02,true
C-103257,9770003257,2020-03-01,B-01,true
C-103258,9770003258,2023-02-18,B-01,false
C-103259,9770003259,2022-04-03,B-02,false
C-103260,9770003260,2021-07-30,B-02,true
C-103261,9770003261,2019-09-05,B-02,true
C-103262,9770003262,2024-02-12,B-01,false
C-103263,9770003263,2021-12-27,B-04,true
C-103264,9770003264,2023-12-15,B-09,false
C-103265,9770003265,2019-12-07,B-04,false
C-103266,9770003266,2021-09-22,B-04,false
C-103267,9770003267,2025-09-04,B-09,true
C-103268,9770003268,2019-08-10,B-17,false
C-103269,9770003269,2022-01-02,B-17,true
C-103270,9770003270,2019-06-10,B-08,false
C-103271,9770003271,2020-07-25,B-01,true
C-103272,9770003272,2024-01-24,B-09,false
C-103273,9770003273,2020-10-09,B-08,false
C-103274,9770003274,2022-03-25,B-01,true
C-103275,9770003275,2020-03-26,B-08,true
C-103276,9770003276,2025-04-23,B-09,true
C-103277,9770003277,2026-02-26,B-04,true
C-103278,9770003278,2024-03-13,B-17,true
C-103279,9770003279,2021-09-28,B-01,false
C-103280,9770003280,2025-12-16,B-02,false
C-103281,9770003281,2022-01-28,B-02,true
C-103282,9770003282,2021-07-03,B-08,false
C-103283,9770003283,2025-11-05,B-08,false
C-103284,9770003284,2024-03-08,B-08,true
C-103285,9770003285,2020-01-31,B-09,false
C-103286,9770003286,2021-10-15,B-02,false
C-103287,9770003287,2022-01-26,B-09,false
C-103288,9770003288,2025-01-02,B-01,true
C-103289,9770003289,2021-11-15,B-17,true
C-103290,9770003290,2026-01-25,B-02,true
C-103291,9770003291,2021-02-17,B-08,false
C-103292,9770003292,2020-10-18,B-09,false
C-103293,9770003293,2020-10-25,B-17,false
C-103294,9770003294,2021-09-22,B-09,false
C-103295,9770003295,2025-06-22,B-01,true
C-103296,9770003296,2021-08-31,B-17,false
C-103297,9770003297,2022-09-08,B-09,false
C-103298,9770003298,2021-11-11,B-17,false
C-103299,9770003299,2025-05-26,B-17,false
C-103300,9770003300,2025-08-12,B-02,false
C-103301,9770003301,2020-07-10,B-17,false
C-103302,9770003302,2024-12-29,B-17,true
C-103303,9770003303,2019-12-08,B-02,false
C-103304,9770003304,2021-07-27,B-17,true
C-103305,9770003305,2020-09-06,B-02,true
C-103306,9770003306,2023-04-24,B-17,false
C-103307,9770003307,2025-09-15,B-01,true
C-103308,9770003308,2022-10-26,B-08,true
C-103309,9770003309,2021-03-11,B-01,false
C-103310,9770003310,2019-12-12,B-01,true
C-103311,9770003311,2023-04-30,B-02,true
C-103312,9770003312,2024-11-26,B-04,true
C-103313,9770003313,2020-03-29,B-09,true
C-103314,9770003314,2024-07-08,B-04,true
C-103315,9770003315,2021-04-21,B-01,true
C-103316,9770003316,2025-11-08,B-04,true
C-103317,9770003317,2025-04-08,B-09,false
C-103318,9770003318,2024-10-24,B-09,false
C-103319,9770003319,2022-01-29,B-17,true
C-103320,9770003320,2020-02-21,B-01,true
C-103321,9770003321,2025-07-17,B-01,false
C-103322,9770003322,2020-08-11,B-04,true
C-103323,9770003323,2025-09-27,B-01,true
C-103324,9770003324,2022-08-23,B-01,true
C-103325,9770003325,2022-02-28,B-01,false
C-103326,9770003326,2019-11-14,B-04,false
C-103327,9770003327,2023-01-05,B-17,true
C-103328,9770003328,2025-10-15,B-04,false
C-103329,9770003329,2024-09-18,B-09,true
C-103330,9770003330,2022-02-24,B-01,true
C-103331,9770003331,2024-11-15,B-02,false
C-103332,9770003332,2022-09-09,B-04,true
C-103333,9770003333,2020-09-08,B-01,true
C-103334,9770003334,2024-08-25,B-02,false
C-103335,9770003335,2020-01-31,B-04,false
C-103336,9770003336,2019-11-11,B-08,false
C-103337,9770003337,2024-05-27,B-17,false
C-103338,9770003338,2021-03-09,B-08,true
C-103339,9770003339,2020-09-24,B-02,false
C-103340,9770003340,2025-01-05,B-01,true
C-103341,9770003341,2023-09-06,B-02,false
C-103342,9770003342,2025-07-12,B-08,false
C-103343,9770003343,2020-05-27,B-17,false
C-103344,9770003344,2020-12-16,B-02,true
C-103345,9770003345,2026-02-04,B-02,true
C-103346,9770003346,2025-03-07,B-09,false
C-103347,9770003347,2020-01-04,B-01,false
C-103348,9770003348,2021-04-05,B-08,true
C-103349,9770003349,2022-01-15,B-08,false
C-103350,9770003350,2023-01-09,B-01,false
C-103351,9770003351,2024-07-11,B-17,true
C-103352,9770003352,2023-03-31,B-09,true
C-103353,9770003353,2021-01-24,B-17,false
C-103354,9770003354,2023-12-12,B-02,false
C-103355,9770003355,2022-06-23,B-02,false
C-103356,9770003356,2024-02-12,B-01,true
C-103357,9770003357,2024-10-08,B-08,false
C-103358,9770003358,2022-06-19,B-08,false
C-103359,9770003359,2019-07-27,B-17,false
C-103360,9770003360,2023-08-14,B-09,false
C-103361,9770003361,2022-08-31,B-04,true
C-103362,9770003362,2020-02-13,B-02,false
C-103363,9770003363,2024-07-31,B-09,false
C-103364,9770003364,2024-07-11,B-09,true
C-103365,9770003365,2019-11-24,B-17,false
C-103366,9770003366,2021-01-04,B-04,true
C-103367,9770003367,2023-09-17,B-02,false
C-103368,9770003368,2025-06-23,B-01,false
C-103369,9770003369,2023-02-28,B-01,false
C-103370,9770003370,2020-09-17,B-09,false
C-103371,9770003371,2026-02-17,B-09,false
C-103372,9770003372,2026-02-20,B-04,false
C-103373,9770003373,2022-10-10,B-08,false
C-103374,9770003374,2024-10-13,B-08,false
C-103375,9770003375,2024-10-03,B-09,true
C-103376,9770003376,2024-03-29,B-02,false
C-103377,9770003377,2021-11-24,B-02,false
C-103378,9770003378,2021-12-18,B-01,true
C-103379,9770003379,2021-08-22,B-01,true
C-103380,9770003380,2021-07-09,B-04,false
C-103381,9770003381,2022-11-26,B-09,false
C-103382,9770003382,2019-09-03,B-17,false
C-103383,9770003383,2020-07-06,B-09,false
C-103384,9770003384,2025-02-21,B-08,true
C-103385,9770003385,2020-02-16,B-04,false
C-103386,9770003386,2019-07-11,B-01,true
C-103387,9770003387,2023-06-13,B-04,true
C-103388,9770003388,2023-08-17,B-09,false
C-103389,9770003389,2022-04-29,B-04,false
C-103390,9770003390,2020-10-22,B-01,true
C-103391,9770003391,2019-10-30,B-08,false
C-103392,9770003392,2025-07-01,B-04,true
C-103393,9770003393,2022-09-01,B-17,false
C-103394,9770003394,2021-08-14,B-08,true
C-103395,9770003395,2025-12-07,B-08,false
C-103396,9770003396,2024-08-16,B-09,true
C-103397,9770003397,2022-06-03,B-09,true
C-103398,9770003398,2022-02-26,B-02,false
C-103399,9770003399,2019-06-22,B-17,false
C-103400,9770003400,2026-02-25,B-08,true
C-103401,9770003401,2025-12-27,B-04,false
C-103402,9770003402,2023-05-16,B-08,true
C-103403,9770003403,2020-06-28,B-02,false
C-103404,9770003404,2023-08-15,B-17,false
C-103405,9770003405,2022-01-10,B-04,false
C-103406,9770003406,2023-08-07,B-02,true
C-103407,9770003407,2020-07-07,B-09,false
C-103408,9770003408,2023-04-06,B-04,false
C-103409,9770003409,2025-12-19,B-01,true
C-103410,9770003410,2021-03-30,B-17,true
C-103411,9770003411,2021-05-21,B-02,false
C-103412,9770003412,2025-09-09,B-02,false
C-103413,9770003413,2023-07-16,B-01,true
C-103414,9770003414,2021-10-29,B-01,false
C-103415,9770003415,2024-04-11,B-01,true
C-103416,9770003416,2025-07-02,B-09,true
C-103417,9770003417,2023-10-31,B-08,true
C-103418,9770003418,2023-04-08,B-02,true
C-103419,9770003419,2021-08-02,B-02,false
C-103420,9770003420,2026-02-04,B-04,true
C-103421,9770003421,2026-02-15,B-01,false
C-103422,9770003422,2024-08-27,B-01,false
C-103423,9770003423,2023-01-11,B-09,false
C-103424,9770003424,2021-09-09,B-04,false
C-103425,9770003425,2024-05-25,B-17,false
C-103426,9770003426,2023-04-10,B-01,true
C-103427,9770003427,2025-11-04,B-04,true
C-103428,9770003428,2020-09-07,B-17,false
C-103429,9770003429,2021-12-18,B-17,false
C-103430,9770003430,2024-04-08,B-01,false
C-103431,9770003431,2021-09-22,B-04,false
C-103432,9770003432,2025-07-20,B-01,true
C-103433,9770003433,2023-05-19,B-08,true
C-103434,9770003434,2021-09-26,B-04,false
C-103435,9770003435,2019-07-20,B-09,true
C-103436,9770003436,2025-12-06,B-02,true
C-103437,9770003437,2025-10-08,B-08,false
C-103438,9770003438,2023-09-17,B-17,false
C-103439,9770003439,2024-07-04,B-02,true
C-103440,9770003440,2025-05-21,B-02,false
C-103441,9770003441,2025-05-29,B-04,true
C-103442,9770003442,2022-08-22,B-04,true
C-103443,9770003443,2021-10-08,B-01,false
C-103444,9770003444,2024-03-28,B-01,false
C-103445,9770003445,2022-11-13,B-08,false
C-103446,9770003446,2022-01-05,B-17,false
C-103447,9770003447,2024-05-12,B-04,true
C-103448,9770003448,2020-05-28,B-08,true
C-103449,9770003449,2024-05-22,B-08,true
C-103450,9770003450,2020-07-20,B-02,true
C-103451,9770003451,2020-08-24,B-02,false
C-103452,9770003452,2020-12-15,B-01,true
C-103453,9770003453,2024-10-03,B-17,true
C-103454,9770003454,2020-12-18,B-02,true
C-103455,9770003455,2020-01-27,B-01,false
C-103456,9770003456,2019-07-28,B-01,false
C-103457,9770003457,2026-02-21,B-17,true
C-103458,9770003458,2025-07-26,B-09,true
C-103459,9770003459,2024-04-12,B-17,true
C-103460,9770003460,2022-10-27,B-09,true
C-103461,9770003461,2024-06-05,B-02,false
C-103462,9770003462,2021-05-10,B-09,false
C-103463,9770003463,2022-07-02,B-02,false
C-103464,9770003464,2024-05-03,B-17,true
C-103465,9770003465,2024-05-15,B-01,true
C-103466,9770003466,2022-09-06,B-02,true
C-103467,9770003467,2024-08-14,B-01,false
C-103468,9770003468,2022-01-03,B-01,false
C-103469,9770003469,2020-04-03,B-01,true
C-103470,9770003470,2026-01-08,B-01,false
C-103471,9770003471,2021-03-25,B-08,true
C-103472,9770003472,2019-10-28,B-17,true
C-103473,9770003473,2023-08-17,B-02,false
C-103474,9770003474,2021-12-16,B-01,false
C-103475,9770003475,2020-05-15,B-09,false
C-103476,9770003476,2021-07-05,B-08,false
C-103477,9770003477,2025-07-13,B-09,true
C-103478,9770003478,2024-01-19,B-04,false
C-103479,9770003479,2023-11-14,B-09,true
C-103480,9770003480,2019-12-23,B-02,false
C-103481,9770003481,2019-07-28,B-01,false
C-103482,9770003482,2023-08-04,B-04,true
C-103483,9770003483,2021-05-11,B-08,true
C-103484,9770003484,2021-08-17,B-02,false
C-103485,9770003485,2026-03-06,B-17,false
C-103486,9770003486,2019-07-15,B-17,true
C-103487,9770003487,2024-06-24,B-02,false
C-103488,9770003488,2025-08-22,B-08,false
C-103489,9770003489,2019-07-02,B-09,true
C-103490,9770003490,2020-02-12,B-04,false
C-103491,9770003491,2024-09-21,B-08,false
C-103492,9770003492,2021-01-16,B-01,false
C-103493,9770003493,2019-08-30,B-17,false
C-103494,9770003494,2020-08-13,B-09,true
C-103495,9770003495,2019-07-15,B-09,false
C-103496,9770003496,2020-08-26,B-04,false
C-103497,9770003497,2022-12-24,B-08,false
C-103498,9770003498,2023-11-18,B-08,true
C-103499,9770003499,2025-06-12,B-08,true
C-103500,9770003500,2020-07-11,B-08,true
C-103501,9770003501,2021-04-09,B-08,false
C-103502,9770003502,2019-09-19,B-17,true
C-103503,9770003503,2020-06-29,B-02,true
C-103504,9770003504,2025-10-13,B-08,true
C-103505,9770003505,2023-12-24,B-01,false
C-103506,9770003506,2026-01-05,B-04,true
C-103507,9770003507,2023-09-11,B-04,false
C-103508,9770003508,2019-09-17,B-17,true
C-103509,9770003509,2024-07-30,B-01,true
C-103510,9770003510,2023-11-17,B-09,false
C-103511,9770003511,2020-08-31,B-09,true
C-103512,9770003512,2025-07-15,B-02,false
C-103513,9770003513,2024-11-13,B-01,false
C-103514,9770003514,2026-01-12,B-02,false
C-103515,9770003515,2019-08-12,B-02,false
C-103516,9770003516,2023-08-08,B-02,false
C-103517,9770003517,2024-11-20,B-08,true
C-103518,9770003518,2026-01-27,B-09,false
C-103519,9770003519,2020-01-18,B-01,false
C-103520,9770003520,2021-06-16,B-02,false
C-103521,9770003521,2023-12-19,B-17,false
C-103522,9770003522,2025-07-23,B-01,false
C-103523,9770003523,2024-11-08,B-08,true
C-103524,9770003524,2021-11-22,B-17,false
C-103525,9770003525,2024-05-06,B-02,false
C-103526,9770003526,2020-08-07,B-17,true
C-103527,9770003527,2025-07-17,B-17,true
C-103528,9770003528,2021-01-04,B-01,true
C-103529,9770003529,2019-10-25,B-08,true
C-103530,9770003530,2024-01-01,B-01,false
C-103531,9770003531,2022-11-11,B-04,false
C-103532,9770003532,2023-09-30,B-17,true
C-103533,9770003533,2025-05-14,B-08,false
C-103534,9770003534,2025-10-20,B-02,true
C-103535,9770003535,2020-02-25,B-02,false
C-103536,9770003536,2023-02-15,B-09,true
C-103537,9770003537,2026-01-10,B-17,true
C-103538,9770003538,2023-10-20,B-08,true
C-103539,9770003539,2024-10-19,B-04,false
C-103540,9770003540,2021-12-20,B-02,true
C-103541,9770003541,2024-10-02,B-08,true
C-103542,9770003542,2025-01-22,B-02,false
C-103543,9770003543,2022-07-28,B-08,true
C-103544,9770003544,2025-01-24,B-02,true
C-103545,9770003545,2026-02-10,B-09,false
C-103546,9770003546,2026-01-17,B-02,false
C-103547,9770003547,2025-08-27,B-04,true
C-103548,9770003548,2025-03-24,B-04,false
C-103549,9770003549,2020-10-07,B-17,false
C-103550,9770003550,2022-08-24,B-17,true
C-103551,9770003551,2025-05-19,B-08,false
C-103552,9770003552,2025-03-24,B-09,true
C-103553,9770003553,2022-12-23,B-09,true
C-103554,9770003554,2022-08-19,B-09,false
C-103555,9770003555,2023-01-14,B-02,true
C-103556,9770003556,2025-08-20,B-02,false
C-103557,9770003557,2022-09-17,B-04,true
C-103558,9770003558,2020-07-24,B-04,true
C-103559,9770003559,2021-03-30,B-17,true
C-103560,9770003560,2024-10-15,B-17,true
C-103561,9770003561,2025-06-05,B-17,false
C-103562,9770003562,2025-10-07,B-08,false
C-103563,9770003563,2025-01-19,B-04,false
C-103564,9770003564,2019-07-28,B-17,true
C-103565,9770003565,2022-03-31,B-17,true
C-103566,9770003566,2025-09-23,B-08,false
C-103567,9770003567,2024-05-17,B-04,false
C-103568,9770003568,2020-12-12,B-04,true
C-103569,9770003569,2019-12-02,B-04,false
C-103570,9770003570,2022-07-06,B-01,true
C-103571,9770003571,2025-09-27,B-04,true
C-103572,9770003572,2024-03-26,B-04,false
C-103573,9770003573,2022-11-16,B-08,true
C-103574,9770003574,2020-09-11,B-09,false
C-103575,9770003575,2024-02-23,B-08,false
C-103576,9770003576,2024-11-12,B-02,false
C-103577,9770003577,2021-07-04,B-04,false
C-103578,9770003578,2020-10-31,B-08,true
C-103579,9770003579,2023-05-20,B-09,true
C-103580,9770003580,2025-03-21,B-04,false
C-103581,9770003581,2021-05-09,B-08,true
C-103582,9770003582,2023-12-21,B-08,false
C-103583,9770003583,2024-01-19,B-09,false
C-103584,9770003584,2022-12-31,B-09,false
C-103585,9770003585,2022-09-02,B-17,false
C-103586,9770003586,2024-06-13,B-02,false
C-103587,9770003587,2025-10-11,B-02,false
C-103588,9770003588,2024-10-06,B-01,true
C-103589,9770003589,2024-08-20,B-04,false
C-103590,9770003590,2025-09-28,B-17,false
C-103591,9770003591,2021-11-02,B-01,true
C-103592,9770003592,2023-11-10,B-04,false
C-103593,9770003593,2022-08-03,B-17,true
C-103594,9770003594,2022-07-23,B-09,true
C-103595,9770003595,2025-08-31,B-01,false
C-103596,9770003596,2025-04-14,B-04,true
C-103597,9770003597,2021-12-13,B-04,true
C-103598,9770003598,2020-07-21,B-02,false
C-103599,9770003599,2022-04-02,B-02,false
C-103600,9770003600,2025-05-20,B-04,true
C-103601,9770003601,2020-01-15,B-08,true
C-103602,9770003602,2022-01-24,B-17,false
C-103603,9770003603,2025-08-04,B-02,true
C-103604,9770003604,2022-10-31,B-08,true
C-103605,9770003605,2020-10-27,B-09,true
C-103606,9770003606,2021-11-27,B-17,true
C-103607,9770003607,2024-05-26,B-08,true
C-103608,9770003608,2023-10-20,B-17,false
C-103609,9770003609,2026-01-21,B-09,false
C-103610,9770003610,2021-01-22,B-08,true
C-103611,9770003611,2020-02-26,B-09,true
C-103612,9770003612,2019-06-11,B-04,true
C-103613,9770003613,2023-04-05,B-01,false
C-103614,9770003614,2022-10-12,B-17,false
C-103615,9770003615,2024-06-03,B-02,false
C-103616,9770003616,2019-06-30,B-02,false
C-103617,9770003617,2026-03-18,B-01,false
C-103618,9770003618,2024-06-22,B-01,false
C-103619,9770003619,2024-10-20,B-01,false
C-103620,9770003620,2020-05-08,B-08,true
C-103621,9770003621,2023-04-20,B-02,true
C-103622,9770003622,2021-03-28,B-17,false
C-103623,9770003623,2023-07-09,B-17,false
C-103624,9770003624,2025-11-05,B-17,true
C-103625,9770003625,2020-01-06,B-17,false
C-103626,9770003626,2021-01-10,B-09,false
C-103627,9770003627,2025-12-21,B-04,false
C-103628,9770003628,2020-01-05,B-08,true
C-103629,9770003629,2025-09-01,B-04,true
C-103630,9770003630,2023-12-18,B-01,false
C-103631,9770003631,2019-05-29,B-04,true
C-103632,9770003632,2023-02-26,B-04,true
C-103633,9770003633,2024-04-24,B-17,true
C-103634,9770003634,2019-08-27,B-02,false
C-103635,9770003635,2020-09-30,B-17,false
C-103636,9770003636,2022-12-27,B-01,true
C-103637,9770003637,2025-05-10,B-02,false
C-103638,9770003638,2023-04-11,B-08,false
C-103639,9770003639,2021-03-31,B-09,true
C-103640,9770003640,2019-10-03,B-04,false
C-103641,9770003641,2023-07-25,B-01,true
C-103642,9770003642,2021-01-07,B-09,false
C-103643,9770003643,2022-08-07,B-09,true
C-103644,9770003644,2025-06-28,B-08,false
C-103645,9770003645,2022-12-17,B-17,true
C-103646,9770003646,2022-04-04,B-04,false
C-103647,9770003647,2025-10-17,B-08,true
C-103648,9770003648,2022-10-30,B-08,false
C-103649,9770003649,2020-10-13,B-08,false
C-103650,9770003650,2020-07-01,B-04,true
C-103651,9770003651,2024-07-28,B-09,true
C-103652,9770003652,2023-04-20,B-04,false
C-103653,9770003653,2019-11-09,B-08,false
C-103654,9770003654,2022-01-27,B-04,false
C-103655,9770003655,2022-05-30,B-08,true
C-103656,9770003656,2023-06-09,B-02,true
C-103657,9770003657,2022-04-19,B-08,false
C-103658,9770003658,2021-02-10,B-01,true
C-103659,9770003659,2024-10-11,B-04,true
C-103660,9770003660,2024-01-23,B-02,false
C-103661,9770003661,2021-04-25,B-04,false
C-103662,9770003662,2024-01-07,B-02,true
C-103663,9770003663,2025-12-01,B-09,true
C-103664,9770003664,2020-06-01,B-09,true
C-103665,9770003665,2025-05-28,B-09,false
C-103666,9770003666,2023-11-26,B-08,false
C-103667,9770003667,2023-03-08,B-08,true
C-103668,9770003668,2025-11-01,B-08,false
C-103669,9770003669,2023-05-22,B-09,true
C-103670,9770003670,2019-08-03,B-01,false
C-103671,9770003671,2024-10-22,B-04,false
C-103672,9770003672,2023-01-02,B-08,true
C-103673,9770003673,2022-08-19,B-04,false
C-103674,9770003674,2025-08-24,B-17,true
C-103675,9770003675,2023-09-04,B-01,true
C-103676,9770003676,2022-03-15,B-04,false
C-103677,9770003677,2020-07-04,B-17,true
C-103678,9770003678,2020-06-18,B-17,true
C-103679,9770003679,2024-02-09,B-01,false
C-103680,9770003680,2019-08-13,B-09,true
C-103681,9770003681,2021-04-22,B-09,true
C-103682,9770003682,2020-09-13,B-01,true
C-103683,9770003683,2024-06-18,B-02,true
C-103684,9770003684,2025-05-18,B-08,false
C-103685,9770003685,2021-03-16,B-01,true
C-103686,9770003686,2026-01-08,B-04,true
C-103687,9770003687,2026-01-25,B-17,false
C-103688,9770003688,2021-11-08,B-17,false
C-103689,9770003689,2020-03-09,B-01,true
C-103690,9770003690,2022-06-16,B-01,false
C-103691,9770003691,2023-08-25,B-17,false
C-103692,9770003692,2023-01-01,B-17,false
C-103693,9770003693,2024-02-19,B-02,true
C-103694,9770003694,2022-09-16,B-08,true
C-103695,9770003695,2021-08-31,B-04,false
C-103696,9770003696,2022-05-16,B-01,false
C-103697,9770003697,2020-07-29,B-04,false
C-103698,9770003698,2022-06-26,B-02,false
C-103699,9770003699,2019-06-06,B-17,false
C-103700,9770003700,2025-03-08,B-09,true
C-103701,9770003701,2022-03-09,B-09,true
C-103702,9770003702,2020-10-05,B-09,false
C-103703,9770003703,2019-06-21,B-08,true
C-103704,9770003704,2024-02-25,B-17,true
C-103705,9770003705,2021-03-28,B-02,false
C-103706,9770003706,2025-11-15,B-04,true
C-103707,9770003707,2021-01-13,B-17,false
C-103708,9770003708,2025-08-03,B-09,true
C-103709,9770003709,2019-11-05,B-09,true
C-103710,9770003710,2020-10-05,B-08,true
C-103711,9770003711,2022-05-13,B-17,true
C-103712,9770003712,2020-07-03,B-04,true
C-103713,9770003713,2021-10-14,B-09,true
C-103714,9770003714,2022-04-10,B-04,false
C-103715,9770003715,2024-11-11,B-04,false
C-103716,9770003716,2025-02-24,B-01,false
C-103717,9770003717,2025-10-15,B-09,true
C-103718,9770003718,2025-05-11,B-17,false
C-103719,9770003719,2021-10-15,B-01,false
C-103720,9770003720,2021-06-25,B-04,true
C-103721,9770003721,2024-09-01,B-01,true
C-103722,9770003722,2022-05-20,B-17,false
C-103723,9770003723,2020-10-04,B-02,false
C-103724,9770003724,2024-10-25,B-01,false
C-103725,9770003725,2021-10-04,B-08,false
C-103726,9770003726,2022-02-25,B-02,true
C-103727,9770003727,2019-11-05,B-02,false
C-103728,9770003728,2020-04-10,B-01,false
C-103729,9770003729,2024-06-13,B-08,false
C-103730,9770003730,2025-05-26,B-17,false
C-103731,9770003731,2025-12-17,B-04,false
C-103732,9770003732,2024-05-15,B-08,false
C-103733,9770003733,2023-11-10,B-08,false
C-103734,9770003734,2025-03-21,B-09,false
C-103735,9770003735,2019-08-22,B-17,false
C-103736,9770003736,2024-04-06,B-09,true
C-103737,9770003737,2025-01-29,B-02,false
C-103738,9770003738,2026-03-27,B-04,true
C-103739,9770003739,2025-11-17,B-08,false
C-103740,9770003740,2024-02-16,B-09,true
C-103741,9770003741,2023-06-11,B-04,true
C-103742,9770003742,2025-11-12,B-01,true
C-103743,9770003743,2021-07-29,B-17,false
C-103744,9770003744,2024-05-16,B-08,false
C-103745,9770003745,2026-03-16,B-08,false
C-103746,9770003746,2024-05-15,B-04,true
C-103747,9770003747,2024-03-08,B-08,false
C-103748,9770003748,2023-09-27,B-09,true
C-103749,9770003749,2023-01-05,B-08,true
C-103750,9770003750,2022-08-30,B-01,true
C-103751,9770003751,2024-04-26,B-04,false
C-103752,9770003752,2021-08-25,B-08,false
C-103753,9770003753,2024-05-10,B-08,false
C-103754,9770003754,2024-06-24,B-01,false
C-103755,9770003755,2021-01-18,B-02,true
C-103756,9770003756,2023-07-19,B-17,true
C-103757,9770003757,2022-09-22,B-01,true
C-103758,9770003758,2023-11-28,B-17,false
C-103759,9770003759,2022-08-03,B-01,false
C-103760,9770003760,2023-09-26,B-01,false
C-103761,9770003761,2019-11-16,B-01,true
C-103762,9770003762,2020-02-28,B-04,false
C-103763,9770003763,2021-07-17,B-04,false
C-103764,9770003764,2021-04-18,B-02,true
C-103765,9770003765,2023-12-25,B-17,false
C-103766,9770003766,2021-08-13,B-17,false
C-103767,9770003767,2023-05-29,B-01,false
C-103768,9770003768,2021-03-01,B-08,false
C-103769,9770003769,2020-07-02,B-09,false
C-103770,9770003770,2019-10-12,B-08,true
C-103771,9770003771,2024-04-11,B-08,false
C-103772,9770003772,2024-01-11,B-04,false
C-103773,9770003773,2020-03-02,B-08,false
C-103774,9770003774,2022-01-14,B-04,false
C-103775,9770003775,2019-09-24,B-01,true
C-103776,9770003776,2022-10-10,B-09,false
C-103777,9770003777,2021-03-02,B-08,true
C-103778,9770003778,2021-03-23,B-01,true
C-103779,9770003779,2022-06-01,B-01,false
C-103780,9770003780,2023-09-03,B-08,false
C-103781,9770003781,2025-01-23,B-17,false
C-103782,9770003782,2022-11-09,B-08,false
C-103783,9770003783,2025-07-31,B-02,false
C-103784,9770003784,2025-12-22,B-08,true
C-103785,9770003785,2024-06-05,B-01,false
C-103786,9770003786,2025-07-08,B-08,false
C-103787,9770003787,2025-05-05,B-02,true
C-103788,9770003788,2023-07-05,B-04,true
C-103789,9770003789,2023-02-03,B-02,false
C-103790,9770003790,2022-10-21,B-04,false
C-103791,9770003791,2021-02-13,B-04,true
C-103792,9770003792,2022-07-27,B-01,false
C-103793,9770003793,2021-09-02,B-01,true
C-103794,9770003794,2024-11-03,B-09,true
C-103795,9770003795,2019-07-08,B-08,false
C-103796,9770003796,2023-11-01,B-01,true
C-103797,9770003797,2021-04-20,B-01,false
C-103798,9770003798,2019-10-06,B-09,true
C-103799,9770003799,2022-08-15,B-02,true
C-103800,9770003800,2023-05-20,B-09,false
C-103801,9770003801,2025-01-16,B-09,true
C-103802,9770003802,2022-12-29,B-02,true
C-103803,9770003803,2022-05-22,B-02,false
C-103804,9770003804,2021-11-30,B-17,true
C-103805,9770003805,2021-11-22,B-09,true
C-103806,9770003806,2023-06-26,B-08,true
C-103807,9770003807,2021-11-17,B-17,false
C-103808,9770003808,2022-03-06,B-02,true
C-103809,9770003809,2025-06-29,B-09,false
C-103810,9770003810,2022-09-20,B-01,false
C-103811,9770003811,2020-01-25,B-17,true
C-103812,9770003812,2021-05-25,B-02,false
C-103813,9770003813,2024-11-29,B-02,false
C-103814,9770003814,2020-07-04,B-08,false
C-103815,9770003815,2025-09-22,B-17,false
C-103816,9770003816,2020-11-28,B-04,false
C-103817,9770003817,2021-08-18,B-09,false
C-103818,9770003818,2020-06-10,B-04,true
C-103819,9770003819,2022-05-14,B-04,true
C-103820,9770003820,2019-09-07,B-01,false
C-103821,9770003821,2021-06-29,B-08,true
C-103822,9770003822,2025-08-02,B-17,false
C-103823,9770003823,2023-02-10,B-04,true
C-103824,9770003824,2022-04-16,B-02,false
C-103825,9770003825,2021-06-21,B-08,true
C-103826,9770003826,2020-05-16,B-04,true
C-103827,9770003827,2026-03-04,B-04,false
C-103828,9770003828,2021-05-25,B-02,true
C-103829,9770003829,2024-11-15,B-17,false
C-103830,9770003830,2021-07-12,B-09,true
C-103831,9770003831,2023-05-23,B-17,false
C-103832,9770003832,2020-04-21,B-09,false
C-103833,9770003833,2023-06-25,B-17,true
C-103834,9770003834,2025-03-05,B-02,false
C-103835,9770003835,2020-02-19,B-02,false
C-103836,9770003836,2023-01-27,B-09,true
C-103837,9770003837,2021-06-01,B-09,false
C-103838,9770003838,2019-11-07,B-08,true
C-103839,9770003839,2019-12-26,B-02,false
C-103840,9770003840,2024-05-01,B-01,false
C-103841,9770003841,2022-07-30,B-04,true
C-103842,9770003842,2020-02-19,B-09,false
C-103843,9770003843,2022-01-05,B-09,false
C-103844,9770003844,2021-10-19,B-04,true
C-103845,9770003845,2021-07-18,B-02,true
C-103846,9770003846,2023-10-31,B-09,true
C-103847,9770003847,2020-07-13,B-09,true
C-103848,9770003848,2026-01-20,B-09,false
C-103849,9770003849,2022-01-09,B-04,true
C-103850,9770003850,2020-08-02,B-02,false
C-103851,9770003851,2025-03-06,B-09,false
C-103852,9770003852,2023-03-09,B-01,true
C-103853,9770003853,2020-08-21,B-02,true
C-103854,9770003854,2022-05-16,B-02,true
C-103855,9770003855,2023-12-11,B-02,false
C-103856,9770003856,2025-05-06,B-17,true
C-103857,9770003857,2021-01-06,B-04,false
C-103858,9770003858,2023-10-19,B-08,false
C-103859,9770003859,2021-11-17,B-17,true
C-103860,9770003860,2020-05-25,B-08,true
C-103861,9770003861,2022-11-12,B-17,false
C-103862,9770003862,2023-04-18,B-04,true
C-103863,9770003863,2019-08-24,B-01,false
C-103864,9770003864,2019-11-17,B-01,false
C-103865,9770003865,2024-12-30,B-08,false
C-103866,9770003866,2019-10-20,B-02,true
C-103867,9770003867,2019-09-27,B-01,true
C-103868,9770003868,2024-04-24,B-02,true
C-103869,9770003869,2025-11-21,B-17,true
C-103870,9770003870,2022-11-22,B-02,false
C-103871,9770003871,2020-03-09,B-04,true
C-103872,9770003872,2025-01-01,B-01,false
C-103873,9770003873,2023-07-16,B-04,false
C-103874,9770003874,2024-01-11,B-09,false
C-103875,9770003875,2022-08-28,B-04,false
C-103876,9770003876,2020-10-03,B-01,false
C-103877,9770003877,2021-10-13,B-08,true
C-103878,9770003878,2020-09-18,B-17,false
C-103879,9770003879,2023-04-26,B-02,false
C-103880,9770003880,2021-11-25,B-01,true
C-103881,9770003881,2020-12-04,B-01,false
C-103882,9770003882,2019-09-08,B-01,false
C-103883,9770003883,2019-12-04,B-17,true
C-103884,9770003884,2020-09-02,B-17,false
C-103885,9770003885,2020-11-19,B-04,false
C-103886,9770003886,2024-09-27,B-17,true
C-103887,9770003887,2023-01-02,B-02,false
C-103888,9770003888,2022-05-20,B-17,false
C-103889,9770003889,2019-11-26,B-17,false
C-103890,9770003890,2025-12-20,B-17,false
C-103891,9770003891,2025-01-11,B-17,false
C-103892,9770003892,2023-02-22,B-08,true
C-103893,9770003893,2020-09-05,B-08,true
C-103894,9770003894,2023-07-13,B-02,false
C-103895,9770003895,2025-07-25,B-08,true
C-103896,9770003896,2025-03-07,B-09,false
C-103897,9770003897,2025-01-12,B-08,false
C-103898,9770003898,2022-04-06,B-17,false
C-103899,9770003899,2019-12-18,B-04,true
C-103900,9770003900,2021-11-01,B-02,false
C-103901,9770003901,2024-02-28,B-08,false
C-103902,9770003902,2020-10-23,B-08,true
C-103903,9770003903,2025-06-30,B-17,true
C-103904,9770003904,2024-05-16,B-17,false
C-103905,9770003905,2024-12-19,B-04,false
C-103906,9770003906,2020-11-08,B-01,false
C-103907,9770003907,2025-12-24,B-08,true
C-103908,9770003908,2020-12-29,B-04,false
C-103909,9770003909,2021-01-30,B-09,true
C-103910,9770003910,2026-02-06,B-09,false
C-103911,9770003911,2025-02-05,B-01,false
C-103912,9770003912,2020-09-06,B-01,false
C-103913,9770003913,2025-10-28,B-08,true
C-103914,9770003914,2020-05-15,B-02,false
C-103915,9770003915,2025-10-28,B-04,false
C-103916,9770003916,2022-03-19,B-01,true
C-103917,9770003917,2024-11-21,B-01,true
C-103918,9770003918,2021-02-17,B-02,true
C-103919,9770003919,2023-11-10,B-08,true
C-103920,9770003920,2022-08-28,B-08,true
C-103921,9770003921,2022-11-19,B-01,true
C-103922,9770003922,2020-02-19,B-09,false
C-103923,9770003923,2025-09-26,B-04,true
C-103924,9770003924,2024-02-11,B-02,true
C-103925,9770003925,2021-11-19,B-01,true
C-103926,9770003926,2025-05-29,B-02,true
C-103927,9770003927,2023-02-27,B-04,true
C-103928,9770003928,2021-02-03,B-09,false
C-103929,9770003929,2022-11-17,B-02,true
C-103930,9770003930,2020-02-15,B-01,false
C-103931,9770003931,2020-09-09,B-04,true
C-103932,9770003932,2020-09-02,B-01,true
C-103933,9770003933,2021-08-07,B-09,true
C-103934,9770003934,2021-02-07,B-01,true
C-103935,9770003935,2025-07-07,B-01,false
C-103936,9770003936,2025-01-15,B-08,false
C-103937,9770003937,2025-05-27,B-09,true
C-103938,9770003938,2020-05-18,B-02,true
C-103939,9770003939,2023-03-22,B-01,true
C-103940,9770003940,2019-07-27,B-04,false
C-103941,9770003941,2026-01-15,B-04,true
C-103942,9770003942,2020-06-05,B-02,false
C-103943,9770003943,2023-06-18,B-09,false
C-103944,9770003944,2025-04-26,B-08,false
C-103945,9770003945,2019-07-01,B-04,true
C-103946,9770003946,2026-02-03,B-02,true
C-103947,9770003947,2025-01-20,B-01,false
C-103948,9770003948,2020-12-05,B-01,true
C-103949,9770003949,2023-10-18,B-17,false
C-103950,9770003950,2022-12-13,B-04,true
C-103951,9770003951,2019-07-11,B-09,false
C-103952,9770003952,2021-09-23,B-08,true
C-103953,9770003953,2025-11-21,B-01,true
C-103954,9770003954,2022-02-07,B-09,true
C-103955,9770003955,2025-07-19,B-17,true
C-103956,9770003956,2024-12-18,B-02,true
C-103957,9770003957,2025-01-15,B-17,true
C-103958,9770003958,2024-03-29,B-02,false
C-103959,9770003959,2021-08-21,B-01,false
C-103960,9770003960,2020-04-19,B-01,false
C-103961,9770003961,2023-05-28,B-08,false
C-103962,9770003962,2023-06-24,B-02,false
C-103963,9770003963,2023-07-03,B-02,false
C-103964,9770003964,2020-05-31,B-17,false
C-103965,9770003965,2019-06-23,B-09,false
C-103966,9770003966,2020-11-16,B-08,false
C-103967,9770003967,2025-02-05,B-02,false
C-103968,9770003968,2024-12-09,B-09,false
C-103969,9770003969,2021-03-25,B-01,false
C-103970,9770003970,2025-04-09,B-02,false
C-103971,9770003971,2019-07-16,B-17,true
C-103972,9770003972,2025-09-16,B-09,true
C-103973,9770003973,2020-08-18,B-02,true
C-103974,9770003974,2024-05-04,B-04,false
C-103975,9770003975,2024-02-24,B-17,false
C-103976,9770003976,2021-12-29,B-02,false
C-103977,9770003977,2026-02-22,B-17,false
C-103978,9770003978,2021-06-05,B-01,true
C-103979,9770003979,2020-12-16,B-02,false
C-103980,9770003980,2026-01-08,B-08,false
C-103981,9770003981,2025-11-03,B-09,true
C-103982,9770003982,2026-03-15,B-02,false
C-103983,9770003983,2023-11-24,B-04,false
C-103984,9770003984,2021-08-05,B-01,false
C-103985,9770003985,2020-09-23,B-04,false
C-103986,9770003986,2020-10-27,B-17,false
C-103987,9770003987,2020-11-26,B-04,true
C-103988,9770003988,2020-09-07,B-02,true
C-103989,9770003989,2024-12-19,B-04,false
C-103990,9770003990,2024-12-31,B-02,true
C-103991,9770003991,2024-10-11,B-01,false
C-103992,9770003992,2020-06-14,B-04,true
C-103993,9770003993,2021-10-24,B-01,false
C-103994,9770003994,2025-10-04,B-02,true
C-103995,9770003995,2024-08-16,B-04,false
C-103996,9770003996,2025-06-10,B-04,true
C-103997,9770003997,2025-06-23,B-09,false
C-103998,9770003998,2024-01-10,B-04,true
C-103999,9770003999,2019-06-08,B-02,true
C-104000,9770004000,2026-01-25,B-02,true
C-104001,9770004001,2022-12-14,B-09,false
C-104002,9770004002,2025-06-20,B-09,false
C-104003,9770004003,2020-01-07,B-04,false
C-104004,9770004004,2025-01-13,B-02,false
C-104005,9770004005,2021-11-07,B-04,true
C-104006,9770004006,2023-07-18,B-04,true
C-104007,9770004007,2022-10-02,B-04,true
C-104008,9770004008,2023-05-18,B-01,false
C-104009,9770004009,2020-06-17,B-17,false
C-104010,9770004010,2022-06-21,B-01,false
C-104011,9770004011,2022-07-28,B-09,true
C-104012,9770004012,2019-06-09,B-08,false
C-104013,9770004013,2019-09-10,B-09,true
C-104014,9770004014,2021-02-21,B-01,false
C-104015,9770004015,2020-09-30,B-08,true
C-104016,9770004016,2023-12-18,B-01,false
C-104017,9770004017,2022-07-28,B-02,false
C-104018,9770004018,2025-02-14,B-09,false
C-104019,9770004019,2022-11-13,B-01,false
C-104020,9770004020,2020-11-14,B-09,true
C-104021,9770004021,2020-03-07,B-08,false
C-104022,9770004022,2022-06-16,B-02,false
C-104023,9770004023,2025-04-10,B-08,false
C-104024,9770004024,2019-07-18,B-17,false
C-104025,9770004025,2024-02-16,B-17,false
C-104026,9770004026,2023-10-23,B-17,false
C-104027,9770004027,2022-06-04,B-04,true
C-104028,9770004028,2021-06-23,B-08,true
C-104029,9770004029,2022-09-10,B-09,true
C-104030,9770004030,2019-08-20,B-04,false
C-104031,9770004031,2026-03-13,B-02,true
C-104032,9770004032,2022-08-02,B-02,true
C-104033,9770004033,2019-07-25,B-04,false
C-104034,9770004034,2021-05-19,B-02,false
C-104035,9770004035,2024-03-10,B-04,false
C-104036,9770004036,2023-07-28,B-17,false
C-104037,9770004037,2022-03-30,B-01,false
C-104038,9770004038,2024-11-05,B-17,true
C-104039,9770004039,2020-02-21,B-09,false
C-104040,9770004040,2020-07-30,B-09,false
C-104041,9770004041,2025-08-14,B-04,false
C-104042,9770004042,2020-10-10,B-04,false
C-104043,9770004043,2024-04-25,B-09,false
C-104044,9770004044,2021-08-14,B-17,false
C-104045,9770004045,2024-07-04,B-08,false
C-104046,9770004046,2019-09-16,B-04,false
C-104047,9770004047,2026-01-02,B-04,false
C-104048,9770004048,2020-08-29,B-17,false
C-104049,9770004049,2019-11-27,B-04,true
C-104050,9770004050,2024-11-07,B-02,true
C-104051,9770004051,2023-05-25,B-04,false
C-104052,9770004052,2021-11-27,B-02,false
C-104053,9770004053,2025-01-27,B-17,false
C-104054,9770004054,2023-06-02,B-01,false
C-104055,9770004055,2022-01-01,B-01,false
C-104056,9770004056,2020-09-09,B-04,true
C-104057,9770004057,2020-03-13,B-02,false
C-104058,9770004058,2023-09-05,B-02,false
C-104059,9770004059,2019-08-08,B-09,false
C-104060,9770004060,2023-09-23,B-04,true
C-104061,9770004061,2021-07-06,B-04,true
C-104062,9770004062,2025-09-12,B-01,false
C-104063,9770004063,2022-10-22,B-01,true
C-104064,9770004064,2023-01-07,B-01,true
C-104065,9770004065,2020-01-31,B-01,false
C-104066,9770004066,2021-08-09,B-01,false
C-104067,9770004067,2020-01-01,B-08,true
C-104068,9770004068,2025-10-18,B-17,true
C-104069,9770004069,2020-02-06,B-02,false
C-104070,9770004070,2024-03-01,B-02,false
C-104071,9770004071,2025-09-24,B-02,true
C-104072,9770004072,2022-08-19,B-09,true
C-104073,9770004073,2024-07-28,B-01,true
C-104074,9770004074,2021-01-13,B-01,true
C-104075,9770004075,2021-08-30,B-17,false
C-104076,9770004076,2023-02-24,B-17,false
C-104077,9770004077,2025-05-20,B-08,false
C-104078,9770004078,2020-03-20,B-01,false
C-104079,9770004079,2025-10-26,B-09,true
C-104080,9770004080,2021-10-29,B-04,true
C-104081,9770004081,2025-08-14,B-09,false
C-104082,9770004082,2019-08-20,B-01,true
C-104083,9770004083,2026-03-13,B-04,false
C-104084,9770004084,2023-08-03,B-04,true
C-104085,9770004085,2020-02-07,B-08,true
C-104086,9770004086,2022-02-25,B-04,false
C-104087,9770004087,2023-11-18,B-01,true
C-104088,9770004088,2025-02-04,B-09,true
C-104089,9770004089,2020-07-31,B-08,false
C-104090,9770004090,2025-02-22,B-04,true
C-104091,9770004091,2020-04-08,B-04,false
C-104092,9770004092,2020-12-12,B-02,false
C-104093,9770004093,2022-05-31,B-08,false
C-104094,9770004094,2025-10-15,B-02,true
C-104095,9770004095,2024-07-01,B-09,true
C-104096,9770004096,2024-11-18,B-17,false
C-104097,9770004097,2023-03-08,B-17,true
C-104098,9770004098,2024-06-09,B-02,false
C-104099,9770004099,2024-09-30,B-17,true
C-104100,9770004100,2025-01-12,B-02,true
C-104101,9770004101,2021-11-21,B-04,true
C-104102,9770004102,2023-06-06,B-02,false
C-104103,9770004103,2024-09-21,B-08,false
C-104104,9770004104,2025-02-06,B-09,false
C-104105,9770004105,2023-08-06,B-09,true
C-104106,9770004106,2023-03-01,B-01,true
C-104107,9770004107,2021-09-09,B-17,false
C-104108,9770004108,2025-01-19,B-02,false
C-104109,9770004109,2021-07-04,B-08,false
C-104110,9770004110,2021-03-16,B-17,false
C-104111,9770004111,2024-10-22,B-02,true
C-104112,9770004112,2023-11-14,B-04,true
C-104113,9770004113,2023-10-23,B-09,false
C-104114,9770004114,2020-08-24,B-09,true
C-104115,9770004115,2025-07-27,B-02,true
C-104116,9770004116,2020-12-21,B-17,false
C-104117,9770004117,2023-07-10,B-08,true
C-104118,9770004118,2020-03-01,B-01,true
C-104119,9770004119,2024-11-12,B-02,false
C-104120,9770004120,2022-02-05,B-01,false
C-104121,9770004121,2025-10-07,B-02,true
C-104122,9770004122,2020-12-23,B-17,true
C-104123,9770004123,2022-04-25,B-04,false
C-104124,9770004124,2020-11-26,B-17,true
C-104125,9770004125,2020-06-07,B-09,false
C-104126,9770004126,2021-04-27,B-09,true
C-104127,9770004127,2025-04-17,B-04,true
C-104128,9770004128,2025-09-05,B-09,false
C-104129,9770004129,2024-02-29,B-02,false
C-104130,9770004130,2023-03-19,B-01,false
C-104131,9770004131,2019-12-11,B-08,true
C-104132,9770004132,2021-12-21,B-02,true
C-104133,9770004133,2021-05-06,B-04,true
C-104134,9770004134,2019-11-13,B-04,false
C-104135,9770004135,2020-02-20,B-09,true
C-104136,9770004136,2022-10-29,B-17,true
C-104137,9770004137,2025-05-17,B-02,false
C-104138,9770004138,2025-01-12,B-02,false
C-104139,9770004139,2020-06-23,B-04,false
C-104140,9770004140,2019-08-29,B-08,false
C-104141,9770004141,2022-12-10,B-04,false
C-104142,9770004142,2022-05-14,B-02,true
C-104143,9770004143,2021-11-01,B-09,false
C-104144,9770004144,2021-06-10,B-09,false
C-104145,9770004145,2021-09-11,B-04,false
C-104146,9770004146,2020-05-12,B-04,false
C-104147,9770004147,2023-03-01,B-09,true
C-104148,9770004148,2021-09-22,B-04,false
C-104149,9770004149,2025-06-16,B-17,true
C-104150,9770004150,2024-11-25,B-04,true
C-104151,9770004151,2019-11-23,B-02,false
C-104152,9770004152,2025-05-26,B-17,false
C-104153,9770004153,2024-01-05,B-02,false
C-104154,9770004154,2025-02-25,B-08,true
C-104155,9770004155,2024-12-25,B-04,true
C-104156,9770004156,2021-02-28,B-09,true
C-104157,9770004157,2023-10-08,B-09,false
C-104158,9770004158,2024-08-24,B-08,false
C-104159,9770004159,2023-03-14,B-02,false
C-104160,9770004160,2021-06-19,B-17,false
C-104161,9770004161,2021-01-11,B-17,false
C-104162,9770004162,2020-08-02,B-08,false
C-104163,9770004163,2021-07-16,B-02,true
C-104164,9770004164,2024-11-11,B-09,true
C-104165,9770004165,2025-08-18,B-01,false
C-104166,9770004166,2025-01-28,B-08,true
C-104167,9770004167,2020-12-26,B-04,false
C-104168,9770004168,2023-05-26,B-09,true
C-104169,9770004169,2026-02-25,B-08,false
C-104170,9770004170,2023-07-03,B-01,false
C-104171,9770004171,2019-11-18,B-09,false
C-104172,9770004172,2025-06-14,B-08,true
C-104173,9770004173,2024-07-13,B-04,false
C-104174,9770004174,2023-02-21,B-04,false
C-104175,9770004175,2022-08-25,B-01,false
C-104176,9770004176,2020-03-20,B-01,true
C-104177,9770004177,2024-05-08,B-09,false
C-104178,9770004178,2023-10-10,B-08,false
C-104179,9770004179,2025-12-29,B-09,false
C-104180,9770004180,2020-05-30,B-08,false
C-104181,9770004181,2023-09-01,B-01,true
C-104182,9770004182,2024-05-15,B-17,false
C-104183,9770004183,2024-04-27,B-04,false
C-104184,9770004184,2022-08-20,B-02,false
C-104185,9770004185,2024-12-07,B-02,false
C-104186,9770004186,2020-09-08,B-04,false
C-104187,9770004187,2020-03-20,B-17,true
C-104188,9770004188,2024-09-21,B-08,false
C-104189,9770004189,2025-02-27,B-02,false
C-104190,9770004190,2019-11-24,B-08,true
C-104191,9770004191,2023-09-05,B-04,false
C-104192,9770004192,2023-12-12,B-01,true
C-104193,9770004193,2023-02-08,B-02,true
C-104194,9770004194,2021-02-07,B-08,true
C-104195,9770004195,2020-01-03,B-17,true
C-104196,9770004196,2020-03-21,B-01,true
C-104197,9770004197,2022-09-20,B-09,true
C-104198,9770004198,2022-08-08,B-08,false
C-104199,9770004199,2021-03-22,B-02,true
C-104200,9770004200,2024-06-30,B-02,false
C-104201,9770004201,2023-03-16,B-08,false
C-104202,9770004202,2023-03-22,B-02,true
C-104203,9770004203,2022-06-29,B-17,false
C-104204,9770004204,2019-09-06,B-02,false
C-104205,9770004205,2022-01-10,B-08,false
C-104206,9770004206,2022-03-25,B-09,true
C-104207,9770004207,2020-09-20,B-02,true
C-104208,9770004208,2024-12-06,B-09,false
C-104209,9770004209,2024-04-22,B-08,true
C-104210,9770004210,2023-08-22,B-02,true
C-104211,9770004211,2019-12-15,B-02,false
C-104212,9770004212,2021-11-16,B-09,true
C-104213,9770004213,2020-07-07,B-08,false
C-104214,9770004214,2023-05-24,B-09,true
C-104215,9770004215,2024-10-11,B-01,true
C-104216,9770004216,2023-08-01,B-09,true
C-104217,9770004217,2024-01-17,B-04,false
C-104218,9770004218,2022-04-17,B-01,false
C-104219,9770004219,2020-10-07,B-08,false
C-104220,9770004220,2020-02-14,B-09,false
C-104221,9770004221,2022-03-08,B-09,true
C-104222,9770004222,2020-08-31,B-08,true
C-104223,9770004223,2023-08-02,B-08,true
C-104224,9770004224,2021-03-31,B-02,false
C-104225,9770004225,2023-07-02,B-01,false
C-104226,9770004226,2023-12-21,B-01,false
C-104227,9770004227,2025-08-23,B-01,true
C-104228,9770004228,2024-01-21,B-01,false
C-104229,9770004229,2023-12-08,B-09,true
C-104230,9770004230,2026-02-10,B-08,true
C-104231,9770004231,2025-03-08,B-17,false
C-104232,9770004232,2023-09-28,B-17,false
C-104233,9770004233,2023-04-10,B-04,false
C-104234,9770004234,2019-08-26,B-08,false
C-104235,9770004235,2020-07-02,B-09,false
C-104236,9770004236,2021-12-04,B-02,false
C-104237,9770004237,2026-02-01,B-08,false
C-104238,9770004238,2025-06-24,B-17,true
C-104239,9770004239,2020-09-14,B-17,true
C-104240,9770004240,2021-05-04,B-09,false
C-104241,9770004241,2024-03-31,B-04,true
C-104242,9770004242,2025-11-05,B-08,false
C-104243,9770004243,2019-06-01,B-17,false
C-104244,9770004244,2024-03-19,B-17,false
C-104245,9770004245,2023-12-29,B-01,false
C-104246,9770004246,2019-12-13,B-17,true
C-104247,9770004247,2024-06-19,B-08,false
C-104248,9770004248,2026-03-01,B-17,false
C-104249,9770004249,2019-10-13,B-04,false
C-104250,9770004250,2025-02-17,B-09,false
C-104251,9770004251,2019-09-04,B-02,true
C-104252,9770004252,2023-11-07,B-17,false
C-104253,9770004253,2023-12-19,B-17,false
C-104254,9770004254,2025-02-27,B-17,false
C-104255,9770004255,2024-01-16,B-17,false
C-104256,9770004256,2024-11-29,B-17,true
C-104257,9770004257,2025-05-06,B-01,false
C-104258,9770004258,2019-08-31,B-08,false
C-104259,9770004259,2021-10-04,B-01,true
C-104260,9770004260,2021-07-13,B-09,true
C-104261,9770004261,2021-05-19,B-17,true
C-104262,9770004262,2021-05-13,B-02,false
C-104263,9770004263,2023-10-14,B-02,false
C-104264,9770004264,2021-06-30,B-17,true
C-104265,9770004265,2022-10-04,B-04,true
C-104266,9770004266,2020-11-01,B-09,true
C-104267,9770004267,2022-11-08,B-17,false
C-104268,9770004268,2022-02-25,B-01,false
C-104269,9770004269,2023-06-10,B-01,true
C-104270,9770004270,2022-04-07,B-04,false
C-104271,9770004271,2019-11-02,B-09,true
C-104272,9770004272,2022-03-12,B-17,false
C-104273,9770004273,2021-08-21,B-01,false
C-104274,9770004274,2023-04-05,B-17,false
C-104275,9770004275,2025-03-02,B-01,false
C-104276,9770004276,2020-11-16,B-04,false
C-104277,9770004277,2022-09-05,B-02,true
C-104278,9770004278,2025-04-16,B-04,false
C-104279,9770004279,2025-08-18,B-02,true
C-104280,9770004280,2024-02-12,B-09,false
C-104281,9770004281,2025-08-31,B-02,false
C-104282,9770004282,2025-07-08,B-09,true
C-104283,9770004283,2021-12-21,B-08,false
C-104284,9770004284,2020-06-04,B-17,true
C-104285,9770004285,2022-04-28,B-02,false
C-104286,9770004286,2020-02-03,B-08,false
C-104287,9770004287,2022-04-22,B-09,false
C-104288,9770004288,2021-04-14,B-17,false
C-104289,9770004289,2022-04-11,B-17,true
C-104290,9770004290,2022-07-20,B-04,false
C-104291,9770004291,2019-12-17,B-02,true
C-104292,9770004292,2025-04-29,B-09,false
C-104293,9770004293,2024-10-30,B-01,false
C-104294,9770004294,2019-12-20,B-08,true
C-104295,9770004295,2024-04-18,B-09,false
C-104296,9770004296,2019-06-11,B-02,false
C-104297,9770004297,2025-12-25,B-01,true
C-104298,9770004298,2020-09-17,B-02,false
C-104299,9770004299,2024-07-25,B-01,true
C-104300,9770004300,2019-11-21,B-02,false
C-104301,9770004301,2022-09-25,B-01,false
C-104302,9770004302,2022-02-06,B-04,true
C-104303,9770004303,2020-02-22,B-08,false
C-104304,9770004304,2024-04-29,B-02,false
C-104305,9770004305,2021-04-10,B-02,true
C-104306,9770004306,2021-11-02,B-01,true
C-104307,9770004307,2022-10-27,B-02,true
C-104308,9770004308,2025-10-03,B-08,false
C-104309,9770004309,2019-11-29,B-09,true
C-104310,9770004310,2019-07-14,B-08,true
C-104311,9770004311,2024-02-20,B-08,true
C-104312,9770004312,2025-04-05,B-09,false
C-104313,9770004313,2023-09-16,B-09,false
C-104314,9770004314,2024-07-31,B-02,true
C-104315,9770004315,2023-11-18,B-02,true
C-104316,9770004316,2019-07-21,B-02,true
C-104317,9770004317,2025-12-22,B-17,false
C-104318,9770004318,2020-09-18,B-01,false
C-104319,9770004319,2025-10-24,B-04,false
C-104320,9770004320,2025-11-27,B-04,false
C-104321,9770004321,2021-07-16,B-04,false
C-104322,9770004322,2020-02-27,B-08,false
C-104323,9770004323,2020-12-01,B-17,false
C-104324,9770004324,2022-09-05,B-09,false
C-104325,9770004325,2020-11-23,B-17,false
C-104326,9770004326,2022-08-04,B-01,true
C-104327,9770004327,2025-12-04,B-08,true
C-104328,9770004328,2020-02-12,B-04,false
C-104329,9770004329,2022-09-06,B-17,false
C-104330,9770004330,2024-04-12,B-17,true
C-104331,9770004331,2019-08-11,B-08,false
C-104332,9770004332,2019-07-02,B-17,true
C-104333,9770004333,2019-08-30,B-17,true
C-104334,9770004334,2026-01-31,B-01,true
C-104335,9770004335,2019-09-03,B-02,false
C-104336,9770004336,2023-12-24,B-08,false
C-104337,9770004337,2020-01-01,B-08,false
C-104338,9770004338,2021-11-20,B-08,false
C-104339,9770004339,2019-08-05,B-01,false
C-104340,9770004340,2021-04-09,B-17,false
C-104341,9770004341,2022-12-13,B-09,false
C-104342,9770004342,2020-03-21,B-08,true
C-104343,9770004343,2026-01-14,B-02,false
C-104344,9770004344,2023-05-08,B-17,false
C-104345,9770004345,2025-04-10,B-02,true
C-104346,9770004346,2019-06-15,B-08,false
C-104347,9770004347,2025-08-18,B-02,false
C-104348,9770004348,2023-05-25,B-01,true
C-104349,9770004349,2023-04-03,B-08,false
C-104350,9770004350,2019-10-08,B-01,false
C-104351,9770004351,2022-06-13,B-17,true
C-104352,9770004352,2022-12-23,B-01,false
C-104353,9770004353,2024-01-09,B-17,true
C-104354,9770004354,2023-06-25,B-09,false
C-104355,9770004355,2020-06-19,B-08,false
C-104356,9770004356,2022-09-21,B-02,false
C-104357,9770004357,2025-10-25,B-08,false
C-104358,9770004358,2022-06-18,B-08,false
C-104359,9770004359,2025-09-26,B-09,false
C-104360,9770004360,2023-06-11,B-09,false
C-104361,9770004361,2019-12-28,B-09,false
C-104362,9770004362,2021-07-24,B-01,false
C-104363,9770004363,2020-06-16,B-02,false
C-104364,9770004364,2021-01-24,B-04,false
C-104365,9770004365,2021-11-19,B-01,false
C-104366,9770004366,2024-06-25,B-17,true
C-104367,9770004367,2021-06-07,B-01,false
C-104368,9770004368,2022-03-08,B-17,false
C-104369,9770004369,2022-12-08,B-17,false
C-104370,9770004370,2024-04-05,B-01,true
C-104371,9770004371,2020-08-10,B-01,true
C-104372,9770004372,2022-12-04,B-09,true
C-104373,9770004373,2024-12-09,B-08,true
C-104374,9770004374,2022-01-30,B-08,false
C-104375,9770004375,2021-09-29,B-04,false
C-104376,9770004376,2024-03-15,B-04,false
C-104377,9770004377,2022-06-23,B-01,false
C-104378,9770004378,2024-10-15,B-17,false
C-104379,9770004379,2026-01-24,B-17,false
C-104380,9770004380,2020-01-21,B-01,false
C-104381,9770004381,2020-08-17,B-08,false
C-104382,9770004382,2024-09-24,B-02,true
C-104383,9770004383,2019-07-05,B-08,true
C-104384,9770004384,2020-11-09,B-01,false
C-104385,9770004385,2022-01-30,B-02,false
C-104386,9770004386,2019-06-26,B-17,true
C-104387,9770004387,2024-04-15,B-17,true
C-104388,9770004388,2024-04-11,B-01,false
C-104389,9770004389,2019-09-07,B-17,true
C-104390,9770004390,2021-11-26,B-02,true
C-104391,9770004391,2023-04-16,B-04,true
C-104392,9770004392,2020-08-19,B-04,false
C-104393,9770004393,2020-12-14,B-17,false
C-104394,9770004394,2019-07-15,B-01,true
C-104395,9770004395,2024-11-10,B-08,false
C-104396,9770004396,2019-09-17,B-02,true
C-104397,9770004397,2022-03-29,B-04,true
C-104398,9770004398,2021-12-29,B-02,true
C-104399,9770004399,2020-11-03,B-01,true
C-104400,9770004400,2024-11-07,B-17,false
C-104401,9770004401,2024-10-23,B-01,false
C-104402,9770004402,2023-03-04,B-08,false
C-104403,9770004403,2025-05-30,B-08,false
C-104404,9770004404,2022-06-06,B-09,true
C-104405,9770004405,2024-11-23,B-08,false
C-104406,9770004406,2019-10-17,B-02,true
C-104407,9770004407,2023-07-05,B-01,true
C-104408,9770004408,2021-03-16,B-08,true
C-104409,9770004409,2024-12-13,B-02,false
C-104410,9770004410,2022-08-22,B-17,true
C-104411,9770004411,2023-03-04,B-17,false
C-104412,9770004412,2024-12-01,B-09,true
C-104413,9770004413,2024-12-20,B-17,false
C-104414,9770004414,2023-01-16,B-09,true
C-104415,9770004415,2019-07-28,B-02,false
C-104416,9770004416,2024-02-20,B-09,false
C-104417,9770004417,2020-07-05,B-01,true
C-104418,9770004418,2025-01-31,B-02,false
C-104419,9770004419,2021-04-04,B-08,false
C-104420,9770004420,2022-07-16,B-17,false
C-104421,9770004421,2023-10-09,B-08,true
C-104422,9770004422,2023-07-16,B-04,true
C-104423,9770004423,2021-08-14,B-09,false
C-104424,9770004424,2020-01-16,B-17,true
C-104425,9770004425,2023-06-18,B-08,false
C-104426,9770004426,2022-09-25,B-09,false
C-104427,9770004427,2020-06-14,B-01,false
C-104428,9770004428,2021-08-21,B-01,false
C-104429,9770004429,2021-10-05,B-09,false
C-104430,9770004430,2023-11-29,B-02,false
C-104431,9770004431,2022-07-08,B-02,false
C-104432,9770004432,2024-08-29,B-02,false
C-104433,9770004433,2023-09-28,B-02,false
C-104434,9770004434,2019-11-30,B-02,true
C-104435,9770004435,2025-07-25,B-09,false
C-104436,9770004436,2023-10-07,B-09,true
C-104437,9770004437,2022-02-01,B-09,false
C-104438,9770004438,2023-09-11,B-02,true
C-104439,9770004439,2023-02-25,B-02,true
C-104440,9770004440,2022-06-25,B-01,true
C-104441,9770004441,2024-04-12,B-02,false
C-104442,9770004442,2023-12-19,B-08,true
C-104443,9770004443,2023-07-14,B-17,false
C-104444,9770004444,2023-06-20,B-17,false
C-104445,9770004445,2022-07-06,B-09,true
C-104446,9770004446,2020-12-19,B-09,false
C-104447,9770004447,2022-01-11,B-17,false
C-104448,9770004448,2021-09-14,B-01,false
C-104449,9770004449,2019-10-14,B-09,true
C-104450,9770004450,2023-04-05,B-09,false
C-104451,9770004451,2024-07-02,B-01,false
C-104452,9770004452,2021-01-29,B-17,true
C-104453,9770004453,2023-01-08,B-01,true
C-104454,9770004454,2022-10-22,B-04,false
C-104455,9770004455,2021-06-20,B-08,true
C-104456,9770004456,2023-10-24,B-08,true
C-104457,9770004457,2026-01-16,B-02,false
C-104458,9770004458,2019-09-04,B-02,false
C-104459,9770004459,2025-06-09,B-01,true
C-104460,9770004460,2019-12-03,B-02,false
C-104461,9770004461,2023-03-02,B-17,false
C-104462,9770004462,2021-08-16,B-08,false
C-104463,9770004463,2020-05-20,B-17,false
C-104464,9770004464,2020-07-14,B-01,false
C-104465,9770004465,2023-02-07,B-02,false
C-104466,9770004466,2025-08-06,B-04,true
C-104467,9770004467,2025-04-06,B-04,true
C-104468,9770004468,2025-09-28,B-08,false
C-104469,9770004469,2019-10-06,B-17,true
C-104470,9770004470,2020-08-19,B-02,false
C-104471,9770004471,2024-11-29,B-08,false
C-104472,9770004472,2023-08-30,B-17,true
C-104473,9770004473,2022-11-27,B-02,true
C-104474,9770004474,2023-06-21,B-09,true
C-104475,9770004475,2025-02-19,B-09,false
C-104476,9770004476,2022-06-24,B-17,true
C-104477,9770004477,2020-01-27,B-01,false
C-104478,9770004478,2020-08-24,B-08,true
C-104479,9770004479,2021-08-02,B-02,false
C-104480,9770004480,2020-05-04,B-09,false
C-104481,9770004481,2022-11-15,B-02,true
C-104482,9770004482,2025-03-03,B-17,false
C-104483,9770004483,2022-10-04,B-02,true
C-104484,9770004484,2024-11-30,B-09,false
C-104485,9770004485,2024-08-06,B-02,true
C-104486,9770004486,2025-09-06,B-09,true
C-104487,9770004487,2022-02-01,B-01,true
C-104488,9770004488,2024-01-14,B-01,false
C-104489,9770004489,2023-12-11,B-08,false
C-104490,9770004490,2023-03-25,B-09,false
C-104491,9770004491,2025-12-18,B-08,true
C-104492,9770004492,2019-07-24,B-09,false
C-104493,9770004493,2023-03-09,B-17,false
C-104494,9770004494,2023-01-07,B-08,true
C-104495,9770004495,2025-10-13,B-01,false
C-104496,9770004496,2024-08-02,B-01,true
C-104497,9770004497,2025-10-20,B-09,false
C-104498,9770004498,2022-08-26,B-02,false
C-104499,9770004499,2021-04-05,B-02,false
C-104500,9770004500,2021-04-15,B-17,true
C-104501,9770004501,2022-03-12,B-02,true
C-104502,9770004502,2021-10-16,B-04,false
C-104503,9770004503,2025-04-05,B-04,false
C-104504,9770004504,2020-02-14,B-04,false
C-104505,9770004505,2025-05-23,B-04,true
C-104506,9770004506,2022-12-28,B-09,false
C-104507,9770004507,2024-02-12,B-08,true
C-104508,9770004508,2021-12-14,B-17,false
C-104509,9770004509,2025-07-14,B-04,true
C-104510,9770004510,2024-12-03,B-01,false
C-104511,9770004511,2020-08-07,B-01,true
C-104512,9770004512,2019-08-02,B-09,true
C-104513,9770004513,2024-01-02,B-17,true
C-104514,9770004514,2024-02-11,B-02,true
C-104515,9770004515,2020-01-12,B-02,false
C-104516,9770004516,2021-10-09,B-17,false
C-104517,9770004517,2025-03-26,B-17,false
C-104518,9770004518,2021-02-18,B-08,true
C-104519,9770004519,2024-05-18,B-02,true
C-104520,9770004520,2019-10-23,B-04,true
C-104521,9770004521,2022-02-26,B-04,false
C-104522,9770004522,2022-01-06,B-09,false
C-104523,9770004523,2025-12-26,B-02,false
C-104524,9770004524,2022-01-19,B-17,false
C-104525,9770004525,2022-01-16,B-02,false
C-104526,9770004526,2021-10-02,B-02,true
C-104527,9770004527,2020-08-13,B-02,true
C-104528,9770004528,2024-12-12,B-17,false
C-104529,9770004529,2022-05-13,B-17,false
C-104530,9770004530,2023-06-06,B-04,false
C-104531,9770004531,2025-08-05,B-04,false
C-104532,9770004532,2023-10-17,B-01,true
C-104533,9770004533,2023-12-25,B-04,true
C-104534,9770004534,2019-07-14,B-02,false
C-104535,9770004535,2025-11-02,B-08,true
C-104536,9770004536,2019-11-03,B-17,false
C-104537,9770004537,2024-11-30,B-08,true
C-104538,9770004538,2020-08-12,B-09,false
C-104539,9770004539,2021-03-09,B-17,true
C-104540,9770004540,2024-05-11,B-01,true
C-104541,9770004541,2020-12-11,B-01,false
C-104542,9770004542,2023-09-21,B-04,false
C-104543,9770004543,2024-10-23,B-17,false
C-104544,9770004544,2020-02-25,B-09,false
C-104545,9770004545,2022-08-31,B-04,false
C-104546,9770004546,2023-03-23,B-17,true
C-104547,9770004547,2024-12-03,B-04,true
C-104548,9770004548,2020-09-14,B-17,false
C-104549,9770004549,2021-12-06,B-08,false
C-104550,9770004550,2020-06-20,B-01,true
C-104551,9770004551,2020-01-16,B-09,true
C-104552,9770004552,2024-07-31,B-17,true
C-104553,9770004553,2023-05-11,B-08,true
C-104554,9770004554,2020-03-12,B-02,false
C-104555,9770004555,2020-01-17,B-04,true
C-104556,9770004556,2025-12-04,B-08,false
C-104557,9770004557,2020-03-06,B-04,false
C-104558,9770004558,2022-11-28,B-02,true
C-104559,9770004559,2022-12-22,B-09,true
C-104560,9770004560,2021-03-12,B-04,false
C-104561,9770004561,2019-06-02,B-01,true
C-104562,9770004562,2021-09-08,B-01,true
C-104563,9770004563,2022-10-01,B-08,true
C-104564,9770004564,2022-10-02,B-08,false
C-104565,9770004565,2022-05-19,B-08,true
C-104566,9770004566,2021-12-30,B-04,false
C-104567,9770004567,2024-04-03,B-04,false
C-104568,9770004568,2025-04-06,B-09,false
C-104569,9770004569,2020-05-07,B-02,false
C-104570,9770004570,2019-10-21,B-08,true
C-104571,9770004571,2025-06-11,B-02,true
C-104572,9770004572,2020-03-13,B-02,true
C-104573,9770004573,2022-03-11,B-01,false
C-104574,9770004574,2025-04-06,B-02,true
C-104575,9770004575,2023-08-19,B-09,false
C-104576,9770004576,2023-04-08,B-04,true
C-104577,9770004577,2023-05-31,B-17,false
C-104578,9770004578,2025-11-07,B-08,true
C-104579,9770004579,2020-01-29,B-08,false
C-104580,9770004580,2020-11-14,B-01,false
C-104581,9770004581,2021-05-25,B-09,true
C-104582,9770004582,2022-03-28,B-08,true
C-104583,9770004583,2019-08-18,B-04,true
C-104584,9770004584,2024-02-22,B-09,false
C-104585,9770004585,2021-03-15,B-09,false
C-104586,9770004586,2020-08-23,B-02,false
C-104587,9770004587,2022-01-09,B-09,false
C-104588,9770004588,2021-06-17,B-04,true
C-104589,9770004589,2020-09-27,B-02,false
C-104590,9770004590,2025-05-24,B-04,true
C-104591,9770004591,2021-04-16,B-17,true
C-104592,9770004592,2022-09-11,B-04,true
C-104593,9770004593,2020-08-03,B-01,false
C-104594,9770004594,2025-12-31,B-02,false
C-104595,9770004595,2022-06-05,B-02,false
C-104596,9770004596,2023-07-25,B-08,false
C-104597,9770004597,2025-01-16,B-08,true
C-104598,9770004598,2022-04-08,B-08,true
C-104599,9770004599,2023-02-04,B-17,true
C-104600,9770004600,2025-06-19,B-08,false
C-104601,9770004601,2020-06-14,B-01,true
C-104602,9770004602,2020-09-28,B-02,true
C-104603,9770004603,2023-05-31,B-02,true
C-104604,9770004604,2021-05-19,B-09,true
C-104605,9770004605,2022-03-27,B-04,false
C-104606,9770004606,2022-07-21,B-02,true
C-104607,9770004607,2023-09-02,B-01,false
C-104608,9770004608,2025-08-14,B-09,false
C-104609,9770004609,2025-06-05,B-08,true
C-104610,9770004610,2022-07-20,B-01,false
C-104611,9770004611,2023-04-24,B-04,true
C-104612,9770004612,2025-04-21,B-02,false
C-104613,9770004613,2021-10-19,B-17,false
C-104614,9770004614,2020-04-30,B-02,true
C-104615,9770004615,2026-01-31,B-08,false
C-104616,9770004616,2022-08-07,B-01,true
C-104617,9770004617,2020-02-11,B-02,false
C-104618,9770004618,2021-06-30,B-17,true
C-104619,9770004619,2023-11-04,B-01,true
C-104620,9770004620,2021-04-23,B-08,false
C-104621,9770004621,2019-12-06,B-04,false
C-104622,9770004622,2021-10-23,B-01,true
C-104623,9770004623,2023-11-05,B-04,true
C-104624,9770004624,2022-06-06,B-01,false
C-104625,9770004625,2022-02-09,B-04,false
C-104626,9770004626,2024-02-25,B-04,false
C-104627,9770004627,2022-02-02,B-17,false
C-104628,9770004628,2020-11-15,B-04,false
C-104629,9770004629,2024-08-29,B-02,false
C-104630,9770004630,2019-11-19,B-02,false
C-104631,9770004631,2023-09-12,B-02,false
C-104632,9770004632,2026-03-21,B-08,false
C-104633,9770004633,2025-09-04,B-02,false
C-104634,9770004634,2021-05-23,B-04,true
C-104635,9770004635,2022-04-20,B-04,false
C-104636,9770004636,2021-04-10,B-04,true
C-104637,9770004637,2022-10-13,B-09,false
C-104638,9770004638,2021-02-24,B-01,false
C-104639,9770004639,2023-07-20,B-17,false
C-104640,9770004640,2025-11-03,B-09,true
C-104641,9770004641,2025-03-19,B-09,false
C-104642,9770004642,2024-03-14,B-09,false
C-104643,9770004643,2019-10-22,B-08,false
C-104644,9770004644,2024-05-13,B-08,false
C-104645,9770004645,2022-09-06,B-02,true
C-104646,9770004646,2022-04-26,B-17,false
C-104647,9770004647,2021-05-05,B-04,false
C-104648,9770004648,2021-06-01,B-04,true
C-104649,9770004649,2021-02-10,B-02,true
C-104650,9770004650,2023-05-15,B-01,true
C-104651,9770004651,2024-07-28,B-08,true
C-104652,9770004652,2021-08-25,B-01,true
C-104653,9770004653,2019-07-05,B-17,true
C-104654,9770004654,2020-05-19,B-08,true
C-104655,9770004655,2024-09-01,B-09,false
C-104656,9770004656,2026-03-04,B-08,false
C-104657,9770004657,2023-03-24,B-09,false
C-104658,9770004658,2023-04-14,B-09,true
C-104659,9770004659,2025-03-21,B-08,true
C-104660,9770004660,2022-02-05,B-01,true
C-104661,9770004661,2021-03-01,B-02,false
C-104662,9770004662,2020-12-24,B-02,true
C-104663,9770004663,2021-10-22,B-02,true
C-104664,9770004664,2023-03-09,B-04,true
C-104665,9770004665,2024-04-01,B-02,false
C-104666,9770004666,2021-02-27,B-01,true
C-104667,9770004667,2026-01-14,B-04,true
C-104668,9770004668,2024-08-29,B-02,true
C-104669,9770004669,2025-07-05,B-01,false
C-104670,9770004670,2023-07-07,B-02,false
C-104671,9770004671,2019-12-23,B-17,false
C-104672,9770004672,2020-12-13,B-02,true
C-104673,9770004673,2023-08-27,B-01,true
C-104674,9770004674,2023-03-14,B-04,true
C-104675,9770004675,2021-06-06,B-01,false
C-104676,9770004676,2025-03-02,B-08,false
C-104677,9770004677,2022-02-24,B-08,false
C-104678,9770004678,2022-11-25,B-17,true
C-104679,9770004679,2019-08-12,B-04,false
C-104680,9770004680,2020-06-22,B-04,false
C-104681,9770004681,2024-02-04,B-17,false
C-104682,9770004682,2026-02-23,B-04,false
C-104683,9770004683,2023-06-08,B-09,true
C-104684,9770004684,2021-10-13,B-09,true
C-104685,9770004685,2022-09-19,B-17,false
C-104686,9770004686,2020-05-21,B-09,true
C-104687,9770004687,2024-07-13,B-08,false
C-104688,9770004688,2025-07-17,B-09,false
C-104689,9770004689,2025-03-09,B-04,true
C-104690,9770004690,2024-09-07,B-02,false
C-104691,9770004691,2025-10-11,B-04,true
C-104692,9770004692,2023-04-06,B-09,true
C-104693,9770004693,2025-11-01,B-08,true
C-104694,9770004694,2021-09-30,B-02,true
C-104695,9770004695,2023-07-28,B-09,true
C-104696,9770004696,2021-12-16,B-04,true
C-104697,9770004697,2021-07-24,B-04,true
C-104698,9770004698,2020-07-27,B-08,false
C-104699,9770004699,2022-06-08,B-01,false
C-104700,9770004700,2021-11-18,B-02,false
C-104701,9770004701,2025-10-20,B-08,false
C-104702,9770004702,2020-10-20,B-17,false
C-104703,9770004703,2025-04-26,B-02,false
C-104704,9770004704,2022-07-23,B-04,true
C-104705,9770004705,2024-10-05,B-08,false
C-104706,9770004706,2022-01-28,B-09,false
C-104707,9770004707,2023-03-19,B-04,false
C-104708,9770004708,2024-09-10,B-08,false
C-104709,9770004709,2020-04-04,B-08,false
C-104710,9770004710,2020-10-24,B-08,true
C-104711,9770004711,2021-10-05,B-17,false
C-104712,9770004712,2020-09-12,B-04,false
C-104713,9770004713,2024-12-08,B-04,false
C-104714,9770004714,2022-04-21,B-09,false
C-104715,9770004715,2022-11-20,B-04,true
C-104716,9770004716,2024-05-21,B-04,false
C-104717,9770004717,2025-03-05,B-08,false
C-104718,9770004718,2021-06-08,B-04,true
C-104719,9770004719,2022-02-03,B-01,false
C-104720,9770004720,2024-10-10,B-09,true
C-104721,9770004721,2021-06-23,B-08,false
C-104722,9770004722,2023-03-12,B-02,false
C-104723,9770004723,2023-06-24,B-04,false
C-104724,9770004724,2021-04-05,B-09,false
C-104725,9770004725,2023-04-19,B-09,true
C-104726,9770004726,2021-06-12,B-01,true
C-104727,9770004727,2021-12-09,B-01,false
C-104728,9770004728,2021-03-29,B-01,false
C-104729,9770004729,2026-03-20,B-02,true
C-104730,9770004730,2021-03-12,B-08,true
C-104731,9770004731,2019-07-08,B-02,true
C-104732,9770004732,2022-06-11,B-17,false
C-104733,9770004733,2021-08-06,B-08,false
C-104734,9770004734,2021-02-03,B-04,true
C-104735,9770004735,2025-04-19,B-01,false
C-104736,9770004736,2023-10-15,B-01,false
C-104737,9770004737,2026-02-15,B-17,false
C-104738,9770004738,2023-09-14,B-08,true
C-104739,9770004739,2025-07-10,B-04,false
C-104740,9770004740,2022-04-27,B-17,false
C-104741,9770004741,2024-11-07,B-17,false
C-104742,9770004742,2022-04-27,B-01,true
C-104743,9770004743,2024-03-29,B-04,true
C-104744,9770004744,2022-05-11,B-17,true
C-104745,9770004745,2025-09-23,B-04,true
C-104746,9770004746,2025-03-30,B-17,false
C-104747,9770004747,2023-06-07,B-08,true
C-104748,9770004748,2023-11-03,B-02,true
C-104749,9770004749,2021-08-15,B-02,false
C-104750,9770004750,2020-07-09,B-01,false
C-104751,9770004751,2021-05-11,B-09,true
C-104752,9770004752,2023-01-29,B-08,false
C-104753,9770004753,2020-02-07,B-17,false
C-104754,9770004754,2026-01-07,B-08,false
C-104755,9770004755,2026-01-31,B-08,true
C-104756,9770004756,2021-09-17,B-09,false
C-104757,9770004757,2021-02-20,B-02,false
C-104758,9770004758,2023-08-23,B-01,false
C-104759,9770004759,2023-09-22,B-04,false
C-104760,9770004760,2024-08-07,B-17,false
C-104761,9770004761,2026-02-09,B-09,true
C-104762,9770004762,2024-11-05,B-04,true
C-104763,9770004763,2021-09-20,B-08,false
C-104764,9770004764,2025-08-15,B-08,false
C-104765,9770004765,2022-11-18,B-17,false
C-104766,9770004766,2022-02-02,B-17,true
C-104767,9770004767,2020-07-18,B-09,true
C-104768,9770004768,2022-01-28,B-02,true
C-104769,9770004769,2024-06-30,B-02,false
C-104770,9770004770,2022-03-12,B-08,false
C-104771,9770004771,2021-07-28,B-09,false
C-104772,9770004772,2023-07-07,B-17,false
C-104773,9770004773,2026-01-14,B-09,false
C-104774,9770004774,2022-05-27,B-02,true
C-104775,9770004775,2022-04-01,B-02,false
C-104776,9770004776,2023-08-09,B-09,true
C-104777,9770004777,2025-05-16,B-08,false
C-104778,9770004778,2024-07-04,B-01,false
C-104779,9770004779,2023-11-07,B-09,true
C-104780,9770004780,2020-04-10,B-01,false
C-104781,9770004781,2024-05-02,B-17,true
C-104782,9770004782,2022-10-06,B-02,false
C-104783,9770004783,2026-03-27,B-02,false
C-104784,9770004784,2021-09-06,B-17,false
C-104785,9770004785,2019-12-10,B-17,true
C-104786,9770004786,2021-06-09,B-08,false
C-104787,9770004787,2023-11-30,B-09,true
C-104788,9770004788,2022-11-10,B-02,false
C-104789,9770004789,2025-04-23,B-02,false
C-104790,9770004790,2021-02-22,B-08,true
C-104791,9770004791,2020-11-29,B-01,true
C-104792,9770004792,2024-08-10,B-02,false
C-104793,9770004793,2024-09-12,B-17,false
C-104794,9770004794,2022-11-09,B-17,false
C-104795,9770004795,2022-12-27,B-09,false
C-104796,9770004796,2024-05-21,B-02,true
C-104797,9770004797,2025-02-10,B-01,false
C-104798,9770004798,2021-01-22,B-08,false
C-104799,9770004799,2023-11-06,B-02,true
C-104800,9770004800,2023-12-09,B-08,true
C-104801,9770004801,2025-03-13,B-17,false
C-104802,9770004802,2026-02-09,B-01,true
C-104803,9770004803,2025-06-27,B-04,true
C-104804,9770004804,2025-11-28,B-08,true
C-104805,9770004805,2024-01-24,B-04,false
C-104806,9770004806,2025-12-08,B-17,false
C-104807,9770004807,2022-05-03,B-01,false
C-104808,9770004808,2022-08-08,B-04,true
C-104809,9770004809,2022-08-16,B-09,false
C-104810,9770004810,2020-07-27,B-08,true
C-104811,9770004811,2020-12-19,B-08,false
C-104812,9770004812,2023-10-22,B-08,true
C-104813,9770004813,2019-06-06,B-17,false
C-104814,9770004814,2023-06-02,B-01,false
C-104815,9770004815,2022-09-18,B-09,false
C-104816,9770004816,2021-07-11,B-08,true
C-104817,9770004817,2025-06-05,B-02,false
C-104818,9770004818,2025-09-13,B-01,true
C-104819,9770004819,2022-05-08,B-04,false
C-104820,9770004820,2022-05-27,B-02,false
C-104821,9770004821,2023-05-08,B-04,false
C-104822,9770004822,2025-10-25,B-04,true
C-104823,9770004823,2025-11-19,B-09,false
C-104824,9770004824,2025-09-20,B-09,false
C-104825,9770004825,2025-01-03,B-04,false
C-104826,9770004826,2026-02-22,B-08,false
C-104827,9770004827,2025-09-15,B-04,false
C-104828,9770004828,2024-01-02,B-17,false
C-104829,9770004829,2024-09-18,B-02,false
C-104830,9770004830,2024-10-20,B-02,true
C-104831,9770004831,2022-10-03,B-02,false
C-104832,9770004832,2021-05-10,B-02,false
C-104833,9770004833,2024-10-26,B-02,false
C-104834,9770004834,2021-05-17,B-04,false
C-104835,9770004835,2024-01-30,B-02,true
C-104836,9770004836,2020-09-13,B-01,false
C-104837,9770004837,2021-03-27,B-08,false
C-104838,9770004838,2023-07-01,B-01,true
C-104839,9770004839,2024-10-05,B-08,true
C-104840,9770004840,2024-03-31,B-04,true
C-104841,9770004841,2021-02-17,B-01,true
C-104842,9770004842,2022-05-09,B-02,false
C-104843,9770004843,2021-11-11,B-01,false
C-104844,9770004844,2023-11-24,B-04,false
C-104845,9770004845,2025-03-29,B-17,true
C-104846,9770004846,2022-03-08,B-01,true
C-104847,9770004847,2019-06-26,B-08,false
C-104848,9770004848,2022-05-23,B-08,true
C-104849,9770004849,2025-11-04,B-04,false
C-104850,9770004850,2023-05-17,B-08,false
C-104851,9770004851,2021-09-05,B-08,false
C-104852,9770004852,2022-06-06,B-02,true
C-104853,9770004853,2021-05-09,B-02,false
C-104854,9770004854,2019-08-05,B-17,false
C-104855,9770004855,2025-03-16,B-04,true
C-104856,9770004856,2020-07-22,B-02,false
C-104857,9770004857,2026-01-16,B-17,false
C-104858,9770004858,2024-07-25,B-09,false
C-104859,9770004859,2019-06-10,B-04,true
C-104860,9770004860,2026-02-14,B-09,false
C-104861,9770004861,2024-10-15,B-09,false
C-104862,9770004862,2019-07-23,B-17,true
C-104863,9770004863,2026-02-24,B-04,false
C-104864,9770004864,2021-10-28,B-08,true
C-104865,9770004865,2025-07-25,B-17,false
C-104866,9770004866,2023-12-28,B-09,true
C-104867,9770004867,2019-07-18,B-02,false
C-104868,9770004868,2020-05-10,B-09,true
C-104869,9770004869,2021-10-02,B-09,true
C-104870,9770004870,2025-11-19,B-02,false
C-104871,9770004871,2024-06-04,B-17,false
C-104872,9770004872,2024-02-08,B-02,false
C-104873,9770004873,2021-10-26,B-08,true
C-104874,9770004874,2020-06-27,B-08,true
C-104875,9770004875,2024-03-26,B-04,true
C-104876,9770004876,2024-04-06,B-08,false
C-104877,9770004877,2026-02-08,B-01,true
C-104878,9770004878,2023-12-30,B-17,true
C-104879,9770004879,2025-01-21,B-08,true
C-104880,9770004880,2023-11-11,B-02,true
C-104881,9770004881,2023-08-19,B-01,false
C-104882,9770004882,2021-01-10,B-01,false
C-104883,9770004883,2023-08-27,B-17,false
C-104884,9770004884,2019-11-18,B-08,false
C-104885,9770004885,2023-07-06,B-17,true
C-104886,9770004886,2023-05-08,B-01,true
C-104887,9770004887,2024-04-09,B-09,false
C-104888,9770004888,2022-10-02,B-09,true
C-104889,9770004889,2023-07-15,B-04,false
C-104890,9770004890,2021-07-30,B-04,false
C-104891,9770004891,2025-01-25,B-01,false
C-104892,9770004892,2021-10-21,B-08,true
C-104893,9770004893,2022-07-15,B-04,true
C-104894,9770004894,2025-07-19,B-17,false
C-104895,9770004895,2024-01-12,B-04,true
C-104896,9770004896,2023-06-23,B-17,true
C-104897,9770004897,2024-10-19,B-01,false
C-104898,9770004898,2021-02-18,B-01,false
C-104899,9770004899,2021-05-28,B-17,false
C-104900,9770004900,2022-05-13,B-09,true
C-104901,9770004901,2020-03-01,B-04,true
C-104902,9770004902,2023-12-01,B-09,false
C-104903,9770004903,2022-12-31,B-01,false
C-104904,9770004904,2019-07-31,B-08,false
C-104905,9770004905,2020-03-24,B-17,true
C-104906,9770004906,2020-06-09,B-04,false
C-104907,9770004907,2026-02-05,B-08,true
C-104908,9770004908,2021-03-29,B-08,false
C-104909,9770004909,2023-06-25,B-08,true
C-104910,9770004910,2024-03-19,B-04,false
C-104911,9770004911,2021-12-15,B-09,false
C-104912,9770004912,2019-08-03,B-17,false
C-104913,9770004913,2022-07-28,B-02,false
C-104914,9770004914,2024-06-22,B-17,false
C-104915,9770004915,2024-03-03,B-09,false
C-104916,9770004916,2020-05-01,B-01,false
C-104917,9770004917,2021-05-08,B-04,false
C-104918,9770004918,2021-06-04,B-01,true
C-104919,9770004919,2024-08-18,B-09,false
C-104920,9770004920,2025-11-21,B-09,false
C-104921,9770004921,2020-07-14,B-17,false
C-104922,9770004922,2023-09-08,B-09,false
C-104923,9770004923,2021-08-11,B-01,true
C-104924,9770004924,2019-10-22,B-04,false
C-104925,9770004925,2020-02-05,B-04,true
C-104926,9770004926,2019-05-31,B-04,true
C-104927,9770004927,2025-06-26,B-04,false
C-104928,9770004928,2023-02-22,B-09,false
C-104929,9770004929,2022-06-22,B-17,false
C-104930,9770004930,2025-03-27,B-02,false
C-104931,9770004931,2022-01-29,B-04,false
C-104932,9770004932,2020-05-02,B-02,false
C-104933,9770004933,2023-02-15,B-08,true
C-104934,9770004934,2022-03-12,B-09,true
C-104935,9770004935,2020-06-17,B-04,true
C-104936,9770004936,2019-06-29,B-02,false
C-104937,9770004937,2021-10-24,B-09,true
C-104938,9770004938,2019-06-01,B-09,false
C-104939,9770004939,2021-12-26,B-09,true
C-104940,9770004940,2025-01-21,B-09,false
C-104941,9770004941,2022-01-19,B-01,false
C-104942,9770004942,2024-10-02,B-08,true
C-104943,9770004943,2023-08-02,B-01,true
C-104944,9770004944,2020-01-28,B-09,false
C-104945,9770004945,2024-12-31,B-08,true
C-104946,9770004946,2023-08-03,B-09,false
C-104947,9770004947,2024-12-11,B-08,true
C-104948,9770004948,2022-04-09,B-01,false
C-104949,9770004949,2023-07-17,B-04,false
C-104950,9770004950,2025-12-23,B-08,false
C-104951,9770004951,2020-06-22,B-09,false
C-104952,9770004952,2025-06-04,B-04,false
C-104953,9770004953,2024-05-05,B-01,false
C-104954,9770004954,2025-01-10,B-02,false
C-104955,9770004955,2023-05-24,B-01,false
C-104956,9770004956,2021-01-23,B-02,true
C-104957,9770004957,2021-09-03,B-17,false
C-104958,9770004958,2025-01-21,B-02,false
C-104959,9770004959,2024-10-03,B-08,false
C-104960,9770004960,2024-06-27,B-09,true
C-104961,9770004961,2023-01-04,B-17,true
C-104962,9770004962,2021-11-05,B-02,true
C-104963,9770004963,2023-09-29,B-01,true
C-104964,9770004964,2020-01-02,B-08,false
C-104965,9770004965,2023-06-21,B-09,false
C-104966,9770004966,2024-09-05,B-17,true
C-104967,9770004967,2020-09-08,B-09,false
C-104968,9770004968,2026-03-14,B-02,false
C-104969,9770004969,2022-06-19,B-02,false
C-104970,9770004970,2019-08-04,B-04,false
C-104971,9770004971,2022-06-04,B-08,true
C-104972,9770004972,2020-02-16,B-09,false
C-104973,9770004973,2021-01-13,B-04,false
C-104974,9770004974,2021-09-22,B-17,true
C-104975,9770004975,2025-10-06,B-02,false
C-104976,9770004976,2024-06-26,B-17,true
C-104977,9770004977,2022-12-22,B-01,false
C-104978,9770004978,2019-09-20,B-04,false
C-104979,9770004979,2021-01-30,B-17,false
C-104980,9770004980,2023-07-09,B-02,true
C-104981,9770004981,2025-12-28,B-01,false
C-104982,9770004982,2019-08-04,B-09,true
C-104983,9770004983,2020-06-10,B-01,false
C-104984,9770004984,2026-01-15,B-01,false
C-104985,9770004985,2023-09-20,B-08,false
C-104986,9770004986,2023-01-06,B-09,true
C-104987,9770004987,2025-05-05,B-02,true
C-104988,9770004988,2024-10-01,B-08,true
C-104989,9770004989,2019-10-01,B-01,true
C-104990,9770004990,2024-10-04,B-04,false
C-104991,9770004991,2020-10-16,B-04,false
C-104992,9770004992,2020-09-11,B-04,false
C-104993,9770004993,2024-09-22,B-09,true
C-104994,9770004994,2022-09-09,B-01,true
C-104995,9770004995,2020-04-13,B-08,false
C-104996,9770004996,2019-10-09,B-04,false
C-104997,9770004997,2022-02-05,B-08,false
C-104998,9770004998,2021-08-30,B-08,true
C-104999,9770004999,2025-11-17,B-01,false
C-105000,9770005000,2025-04-27,B-01,false
C-105001,9770005001,2020-01-11,B-02,true
C-105002,9770005002,2022-07-30,B-04,false
C-105003,9770005003,2023-01-13,B-02,true
C-105004,9770005004,2024-07-09,B-17,false
C-105005,9770005005,2020-10-25,B-01,true
C-105006,9770005006,2025-12-16,B-02,true
C-105007,9770005007,2025-01-27,B-17,true
C-105008,9770005008,2022-05-15,B-17,true
C-105009,9770005009,2025-02-01,B-04,false
C-105010,9770005010,2021-01-26,B-08,false
C-105011,9770005011,2020-08-03,B-09,false
C-105012,9770005012,2024-08-25,B-02,false
C-105013,9770005013,2023-09-23,B-02,false
C-105014,9770005014,2024-07-29,B-02,true
C-105015,9770005015,2025-04-14,B-09,false
C-105016,9770005016,2019-10-27,B-17,false
C-105017,9770005017,2026-03-02,B-02,true
C-105018,9770005018,2021-10-24,B-04,true
C-105019,9770005019,2025-10-02,B-09,true
C-105020,9770005020,2024-07-29,B-08,true
C-105021,9770005021,2025-07-16,B-01,false
C-105022,9770005022,2019-10-26,B-08,false
C-105023,9770005023,2021-07-13,B-08,false
C-105024,9770005024,2020-02-02,B-04,false
C-105025,9770005025,2020-03-05,B-02,true
C-105026,9770005026,2023-08-18,B-02,false
C-105027,9770005027,2021-09-23,B-01,false
C-105028,9770005028,2023-03-03,B-08,true
C-105029,9770005029,2025-08-31,B-04,false
C-105030,9770005030,2019-07-03,B-08,true
C-105031,9770005031,2023-11-06,B-01,true
C-105032,9770005032,2020-11-11,B-01,true
C-105033,9770005033,2025-12-30,B-01,false
C-105034,9770005034,2024-03-29,B-17,true
C-105035,9770005035,2019-11-05,B-09,false
C-105036,9770005036,2024-08-16,B-02,false
C-105037,9770005037,2022-05-01,B-02,true
C-105038,9770005038,2024-03-18,B-01,true
C-105039,9770005039,2025-03-31,B-09,true
C-105040,9770005040,2022-08-22,B-02,false
C-105041,9770005041,2025-10-15,B-09,false
C-105042,9770005042,2023-06-12,B-08,false
C-105043,9770005043,2022-02-17,B-02,false
C-105044,9770005044,2024-03-11,B-17,false
C-105045,9770005045,2020-02-27,B-08,true
C-105046,9770005046,2023-07-26,B-08,false
C-105047,9770005047,2022-09-20,B-04,true
C-105048,9770005048,2021-12-04,B-01,true
C-105049,9770005049,2022-06-21,B-02,true
C-105050,9770005050,2021-09-11,B-02,true
C-105051,9770005051,2023-04-25,B-01,true
C-105052,9770005052,2023-10-03,B-04,false
C-105053,9770005053,2024-09-28,B-17,true
C-105054,9770005054,2020-05-04,B-04,true
C-105055,9770005055,2022-11-28,B-09,true
C-105056,9770005056,2019-09-08,B-01,true
C-105057,9770005057,2025-10-04,B-04,true
C-105058,9770005058,2019-09-12,B-04,true
C-105059,9770005059,2021-01-10,B-04,false
C-105060,9770005060,2021-10-12,B-09,true
C-105061,9770005061,2020-05-08,B-01,false
C-105062,9770005062,2021-07-15,B-02,true
C-105063,9770005063,2025-10-25,B-08,false
C-105064,9770005064,2021-09-20,B-09,true
C-105065,9770005065,2022-01-27,B-17,true
C-105066,9770005066,2021-09-07,B-04,false
C-105067,9770005067,2020-06-29,B-01,false
C-105068,9770005068,2023-04-16,B-04,true
C-105069,9770005069,2022-04-23,B-01,true
C-105070,9770005070,2023-10-04,B-04,true
C-105071,9770005071,2020-02-29,B-04,false
C-105072,9770005072,2019-07-24,B-01,true
C-105073,9770005073,2020-07-16,B-04,false
C-105074,9770005074,2026-02-18,B-08,false
C-105075,9770005075,2023-02-06,B-09,false
C-105076,9770005076,2024-10-31,B-04,true
C-105077,9770005077,2025-05-13,B-02,true
C-105078,9770005078,2020-10-26,B-01,false
C-105079,9770005079,2022-12-19,B-17,false
C-105080,9770005080,2024-04-23,B-09,false
C-105081,9770005081,2021-01-01,B-08,true
C-105082,9770005082,2022-08-04,B-08,false
C-105083,9770005083,2024-08-01,B-01,false
C-105084,9770005084,2025-10-10,B-01,true
C-105085,9770005085,2024-04-07,B-04,false
C-105086,9770005086,2025-11-07,B-02,true
C-105087,9770005087,2024-08-18,B-17,false
C-105088,9770005088,2025-06-09,B-17,true
C-105089,9770005089,2025-09-17,B-01,false
C-105090,9770005090,2024-06-11,B-09,false
C-105091,9770005091,2019-10-03,B-08,true
C-105092,9770005092,2023-12-20,B-04,true
C-105093,9770005093,2021-12-09,B-02,false
C-105094,9770005094,2022-02-03,B-09,false
C-105095,9770005095,2022-03-16,B-09,false
C-105096,9770005096,2022-08-22,B-02,false
C-105097,9770005097,2023-07-24,B-04,false
C-105098,9770005098,2025-11-18,B-09,false
C-105099,9770005099,2023-01-31,B-02,true
C-105100,9770005100,2024-03-11,B-02,true
C-105101,9770005101,2024-05-22,B-01,false
C-105102,9770005102,2022-07-31,B-08,false
C-105103,9770005103,2022-02-01,B-01,false
C-105104,9770005104,2025-02-04,B-08,true
C-105105,9770005105,2020-07-19,B-01,true
C-105106,9770005106,2020-08-26,B-02,false
C-105107,9770005107,2025-10-28,B-02,false
C-105108,9770005108,2021-07-14,B-09,false
C-105109,9770005109,2020-01-26,B-02,false
C-105110,9770005110,2025-01-13,B-09,true
C-105111,9770005111,2025-07-18,B-17,true
C-105112,9770005112,2021-12-15,B-01,false
C-105113,9770005113,2024-01-07,B-04,true
C-105114,9770005114,2020-02-11,B-04,false
C-105115,9770005115,2024-08-06,B-17,false
C-105116,9770005116,2020-08-10,B-17,false
C-105117,9770005117,2025-09-24,B-08,false
C-105118,9770005118,2024-04-14,B-08,true
C-105119,9770005119,2023-06-17,B-17,true
C-105120,9770005120,2023-06-29,B-09,false
C-105121,9770005121,2020-11-14,B-04,false
C-105122,9770005122,2026-03-30,B-09,false
C-105123,9770005123,2020-11-21,B-04,false
C-105124,9770005124,2022-02-28,B-02,false
C-105125,9770005125,2021-05-19,B-08,true
C-105126,9770005126,2019-08-26,B-01,false
C-105127,9770005127,2022-02-03,B-01,false
C-105128,9770005128,2022-10-20,B-08,true
C-105129,9770005129,2022-01-13,B-08,true
C-105130,9770005130,2026-01-28,B-02,true
C-105131,9770005131,2021-05-15,B-04,false
C-105132,9770005132,2019-08-26,B-04,true
C-105133,9770005133,2025-06-26,B-08,false
C-105134,9770005134,2026-01-03,B-17,false
C-105135,9770005135,2021-10-06,B-02,false
C-105136,9770005136,2023-05-14,B-17,false
C-105137,9770005137,2024-07-07,B-09,true
C-105138,9770005138,2019-12-06,B-08,false
C-105139,9770005139,2023-08-22,B-02,false
C-105140,9770005140,2020-09-12,B-17,false
C-105141,9770005141,2021-04-29,B-02,true
C-105142,9770005142,2022-11-19,B-08,true
C-105143,9770005143,2022-09-15,B-01,false
C-105144,9770005144,2024-11-10,B-02,false
C-105145,9770005145,2023-07-21,B-01,false
C-105146,9770005146,2025-12-13,B-04,false
C-105147,9770005147,2023-04-11,B-08,false
C-105148,9770005148,2021-04-01,B-08,false
C-105149,9770005149,2021-08-30,B-08,true
C-105150,9770005150,2023-10-26,B-01,true
C-105151,9770005151,2021-03-21,B-01,false
C-105152,9770005152,2024-02-29,B-01,false
C-105153,9770005153,2024-05-01,B-08,true
C-105154,9770005154,2025-07-11,B-01,true
C-105155,9770005155,2026-03-26,B-01,false
C-105156,9770005156,2019-09-04,B-01,true
C-105157,9770005157,2024-07-04,B-01,false
C-105158,9770005158,2022-09-28,B-04,true
C-105159,9770005159,2021-04-15,B-01,true
C-105160,9770005160,2024-04-15,B-02,false
C-105161,9770005161,2023-08-19,B-17,false
C-105162,9770005162,2024-11-04,B-08,true
C-105163,9770005163,2020-11-02,B-01,false
C-105164,9770005164,2024-05-21,B-09,true
C-105165,9770005165,2023-04-23,B-01,true
C-105166,9770005166,2019-12-10,B-02,true
C-105167,9770005167,2024-01-21,B-09,false
C-105168,9770005168,2026-01-13,B-17,true
C-105169,9770005169,2021-01-06,B-08,true
C-105170,9770005170,2025-10-16,B-02,false
C-105171,9770005171,2025-12-12,B-04,false
C-105172,9770005172,2020-01-14,B-17,true
C-105173,9770005173,2023-02-05,B-01,false
C-105174,9770005174,2020-07-08,B-08,false
C-105175,9770005175,2022-05-08,B-01,false
C-105176,9770005176,2023-05-04,B-08,true
C-105177,9770005177,2022-06-26,B-09,true
C-105178,9770005178,2021-02-27,B-01,false
C-105179,9770005179,2021-01-30,B-08,false
C-105180,9770005180,2024-03-13,B-02,false
C-105181,9770005181,2023-09-06,B-01,true
C-105182,9770005182,2022-03-02,B-04,true
C-105183,9770005183,2022-04-01,B-09,true
C-105184,9770005184,2024-08-12,B-04,true
C-105185,9770005185,2023-07-22,B-17,false
C-105186,9770005186,2020-04-04,B-02,false
C-105187,9770005187,2025-10-16,B-02,true
C-105188,9770005188,2021-09-10,B-02,true
C-105189,9770005189,2025-11-11,B-04,false
C-105190,9770005190,2024-01-15,B-02,false
C-105191,9770005191,2021-08-13,B-17,false
C-105192,9770005192,2024-02-11,B-09,false
C-105193,9770005193,2024-07-06,B-04,true
C-105194,9770005194,2020-07-03,B-17,false
C-105195,9770005195,2022-08-29,B-17,false
C-105196,9770005196,2023-05-11,B-17,false
C-105197,9770005197,2021-02-25,B-01,false
C-105198,9770005198,2022-09-20,B-04,false
C-105199,9770005199,2022-06-16,B-08,false
C-105200,9770005200,2022-06-04,B-08,false
C-105201,9770005201,2019-06-03,B-02,true
C-105202,9770005202,2019-12-30,B-17,true
C-105203,9770005203,2020-05-14,B-01,true
C-105204,9770005204,2019-07-12,B-04,false
C-105205,9770005205,2025-06-17,B-17,true
C-105206,9770005206,2024-09-26,B-04,false
C-105207,9770005207,2019-07-02,B-02,true
C-105208,9770005208,2019-10-30,B-02,false
C-105209,9770005209,2019-11-02,B-17,false
C-105210,9770005210,2022-06-01,B-01,false
C-105211,9770005211,2021-06-28,B-02,false
C-105212,9770005212,2023-10-25,B-02,true
C-105213,9770005213,2025-11-14,B-04,false
C-105214,9770005214,2022-01-23,B-04,true
C-105215,9770005215,2022-07-09,B-17,false
C-105216,9770005216,2022-05-24,B-02,false
C-105217,9770005217,2021-03-29,B-17,false
C-105218,9770005218,2021-05-19,B-08,false
C-105219,9770005219,2022-01-07,B-09,false
C-105220,9770005220,2022-12-08,B-17,true
C-105221,9770005221,2025-09-07,B-02,false
C-105222,9770005222,2021-05-11,B-17,true
C-105223,9770005223,2024-08-15,B-08,false
C-105224,9770005224,2021-12-25,B-01,false
C-105225,9770005225,2024-08-20,B-09,true
C-105226,9770005226,2023-12-15,B-17,false
C-105227,9770005227,2021-11-24,B-01,true
C-105228,9770005228,2022-08-16,B-08,true
C-105229,9770005229,2025-06-20,B-04,true
C-105230,9770005230,2026-01-02,B-17,true
C-105231,9770005231,2022-02-09,B-09,false
C-105232,9770005232,2021-01-10,B-09,true
C-105233,9770005233,2022-06-13,B-08,false
C-105234,9770005234,2023-04-13,B-01,true
C-105235,9770005235,2020-12-24,B-17,true
C-105236,9770005236,2025-11-25,B-02,true
C-105237,9770005237,2021-07-06,B-17,true
C-105238,9770005238,2023-12-26,B-17,true
C-105239,9770005239,2024-07-10,B-04,true
C-105240,9770005240,2023-05-14,B-08,true
C-105241,9770005241,2021-06-20,B-02,false
C-105242,9770005242,2025-06-17,B-09,false
C-105243,9770005243,2025-03-05,B-04,true
C-105244,9770005244,2022-10-22,B-02,true
C-105245,9770005245,2019-07-23,B-09,false
C-105246,9770005246,2023-10-10,B-01,false
C-105247,9770005247,2026-02-26,B-08,true
C-105248,9770005248,2021-10-28,B-08,false
C-105249,9770005249,2022-09-16,B-09,true
C-105250,9770005250,2021-08-02,B-01,false
C-105251,9770005251,2019-08-16,B-02,true
C-105252,9770005252,2025-01-28,B-08,false
C-105253,9770005253,2021-11-19,B-01,false
C-105254,9770005254,2022-03-23,B-17,true
C-105255,9770005255,2023-04-19,B-08,false
C-105256,9770005256,2026-02-21,B-04,false
C-105257,9770005257,2021-10-08,B-17,false
C-105258,9770005258,2025-11-21,B-02,true
C-105259,9770005259,2025-10-30,B-17,true
C-105260,9770005260,2023-07-02,B-17,false
C-105261,9770005261,2022-11-22,B-02,false
C-105262,9770005262,2024-07-28,B-04,false
C-105263,9770005263,2024-05-22,B-02,false
C-105264,9770005264,2021-06-13,B-04,false
C-105265,9770005265,2020-04-07,B-04,true
C-105266,9770005266,2025-08-15,B-02,false
C-105267,9770005267,2025-08-03,B-17,false
C-105268,9770005268,2025-01-16,B-01,false
C-105269,9770005269,2025-08-16,B-08,true
C-105270,9770005270,2021-07-12,B-17,false
C-105271,9770005271,2020-01-13,B-17,false
C-105272,9770005272,2024-03-02,B-01,false
C-105273,9770005273,2021-12-24,B-17,false
C-105274,9770005274,2020-09-25,B-04,false
C-105275,9770005275,2019-12-28,B-01,false
C-105276,9770005276,2021-01-24,B-01,false
C-105277,9770005277,2025-06-05,B-17,false
C-105278,9770005278,2020-11-13,B-08,false
C-105279,9770005279,2024-12-13,B-17,false
C-105280,9770005280,2022-05-07,B-09,true
C-105281,9770005281,2019-12-18,B-01,false
C-105282,9770005282,2021-08-20,B-04,true
C-105283,9770005283,2019-09-29,B-17,true
C-105284,9770005284,2025-09-04,B-08,true
C-105285,9770005285,2019-11-11,B-04,false
C-105286,9770005286,2020-10-05,B-02,false
C-105287,9770005287,2025-09-03,B-17,false
C-105288,9770005288,2024-05-22,B-02,false
C-105289,9770005289,2019-11-11,B-04,false
C-105290,9770005290,2022-11-01,B-02,true
C-105291,9770005291,2022-12-18,B-17,false
C-105292,9770005292,2021-06-28,B-09,true
C-105293,9770005293,2025-09-10,B-01,false
C-105294,9770005294,2025-10-10,B-08,false
C-105295,9770005295,2020-05-03,B-02,true
C-105296,9770005296,2025-12-26,B-08,false
C-105297,9770005297,2020-01-30,B-04,false
C-105298,9770005298,2024-06-22,B-04,false
C-105299,9770005299,2025-04-01,B-08,false
C-105300,9770005300,2023-11-26,B-01,false
C-105301,9770005301,2021-08-30,B-01,false
C-105302,9770005302,2025-12-05,B-17,true
C-105303,9770005303,2020-03-05,B-01,true
C-105304,9770005304,2025-06-05,B-02,true
C-105305,9770005305,2023-08-23,B-02,false
C-105306,9770005306,2023-01-14,B-01,false
C-105307,9770005307,2024-04-10,B-17,false
C-105308,9770005308,2025-12-14,B-04,true
C-105309,9770005309,2023-04-10,B-04,true
C-105310,9770005310,2021-04-24,B-08,false
C-105311,9770005311,2023-02-25,B-01,false
C-105312,9770005312,2020-03-16,B-09,false
C-105313,9770005313,2025-11-25,B-08,true
C-105314,9770005314,2025-03-27,B-08,false
C-105315,9770005315,2023-12-20,B-17,false
C-105316,9770005316,2025-09-12,B-02,false
C-105317,9770005317,2023-04-16,B-02,false
C-105318,9770005318,2020-05-01,B-09,true
C-105319,9770005319,2025-04-29,B-04,false
C-105320,9770005320,2023-08-13,B-17,false
C-105321,9770005321,2021-10-05,B-08,false
C-105322,9770005322,2021-01-17,B-17,false
C-105323,9770005323,2024-11-28,B-17,false
C-105324,9770005324,2019-12-09,B-17,true
C-105325,9770005325,2022-08-23,B-02,true
C-105326,9770005326,2024-10-21,B-02,false
C-105327,9770005327,2020-12-21,B-01,false
C-105328,9770005328,2024-12-19,B-08,false
C-105329,9770005329,2023-01-12,B-01,true
C-105330,9770005330,2021-11-26,B-02,false
C-105331,9770005331,2023-12-24,B-01,true
C-105332,9770005332,2020-03-01,B-08,false
C-105333,9770005333,2023-07-24,B-17,false
C-105334,9770005334,2025-09-27,B-08,false
C-105335,9770005335,2022-09-30,B-04,false
C-105336,9770005336,2020-11-10,B-04,false
C-105337,9770005337,2025-08-14,B-08,false
C-105338,9770005338,2024-11-08,B-09,false
C-105339,9770005339,2022-03-12,B-17,false
C-105340,9770005340,2025-04-06,B-01,false
C-105341,9770005341,2026-03-17,B-17,false
C-105342,9770005342,2026-01-11,B-09,false
C-105343,9770005343,2024-02-28,B-02,true
C-105344,9770005344,2019-12-03,B-08,true
C-105345,9770005345,2023-01-21,B-09,false
C-105346,9770005346,2023-02-28,B-01,false
C-105347,9770005347,2026-01-10,B-01,true
C-105348,9770005348,2025-07-17,B-08,true
C-105349,9770005349,2023-02-22,B-09,false
C-105350,9770005350,2023-05-28,B-04,true
C-105351,9770005351,2023-07-16,B-04,true
C-105352,9770005352,2020-02-06,B-02,true
C-105353,9770005353,2021-07-11,B-01,true
C-105354,9770005354,2019-12-24,B-09,false
C-105355,9770005355,2021-11-14,B-01,true
C-105356,9770005356,2022-07-30,B-09,false
C-105357,9770005357,2024-12-07,B-01,true
C-105358,9770005358,2025-02-13,B-17,false
C-105359,9770005359,2023-08-09,B-17,true
C-105360,9770005360,2024-07-24,B-04,false
C-105361,9770005361,2023-04-22,B-04,false
C-105362,9770005362,2023-06-23,B-02,false
C-105363,9770005363,2019-07-01,B-01,true
C-105364,9770005364,2021-11-25,B-04,true
C-105365,9770005365,2020-01-21,B-17,false
C-105366,9770005366,2025-11-20,B-08,false
C-105367,9770005367,2021-07-29,B-01,true
C-105368,9770005368,2023-11-03,B-04,true
C-105369,9770005369,2022-05-06,B-04,false
C-105370,9770005370,2022-03-29,B-01,true
C-105371,9770005371,2021-12-24,B-09,true
C-105372,9770005372,2025-01-30,B-17,false
C-105373,9770005373,2021-03-26,B-01,true
C-105374,9770005374,2024-10-30,B-04,true
C-105375,9770005375,2026-03-30,B-09,false
C-105376,9770005376,2021-06-17,B-01,false
C-105377,9770005377,2025-10-11,B-17,true
C-105378,9770005378,2020-07-17,B-09,true
C-105379,9770005379,2020-09-28,B-17,true
C-105380,9770005380,2019-12-09,B-08,false
C-105381,9770005381,2022-05-04,B-08,false
C-105382,9770005382,2025-07-20,B-08,false
C-105383,9770005383,2024-02-16,B-09,false
C-105384,9770005384,2024-04-02,B-08,false
C-105385,9770005385,2021-03-23,B-08,true
C-105386,9770005386,2024-10-19,B-09,false
C-105387,9770005387,2025-11-08,B-08,false
C-105388,9770005388,2021-04-05,B-04,false
C-105389,9770005389,2022-08-26,B-02,false
C-105390,9770005390,2024-02-13,B-08,false
C-105391,9770005391,2024-07-10,B-02,false
C-105392,9770005392,2023-10-05,B-01,false
C-105393,9770005393,2019-06-17,B-02,false
C-105394,9770005394,2026-03-07,B-01,false
C-105395,9770005395,2025-04-27,B-08,false
C-105396,9770005396,2024-07-18,B-02,false
C-105397,9770005397,2022-12-11,B-04,false
C-105398,9770005398,2024-02-14,B-08,false
C-105399,9770005399,2019-08-06,B-17,false
C-105400,9770005400,2025-07-12,B-17,false
C-105401,9770005401,2021-06-03,B-04,false
C-105402,9770005402,2022-10-27,B-02,false
C-105403,9770005403,2024-10-28,B-09,false
C-105404,9770005404,2021-12-08,B-17,false
C-105405,9770005405,2020-05-12,B-01,true
C-105406,9770005406,2024-08-23,B-02,false
C-105407,9770005407,2020-05-02,B-17,true
C-105408,9770005408,2020-10-02,B-02,false
C-105409,9770005409,2020-11-07,B-17,false
C-105410,9770005410,2024-01-11,B-04,false
C-105411,9770005411,2020-10-25,B-08,true
C-105412,9770005412,2024-11-13,B-04,true
C-105413,9770005413,2024-07-22,B-04,true
C-105414,9770005414,2023-09-28,B-02,false
C-105415,9770005415,2024-06-17,B-01,false
C-105416,9770005416,2025-10-12,B-01,true
C-105417,9770005417,2020-06-02,B-09,false
C-105418,9770005418,2022-10-28,B-02,true
C-105419,9770005419,2022-09-03,B-04,false
C-105420,9770005420,2022-08-19,B-09,false
C-105421,9770005421,2025-07-04,B-08,true
C-105422,9770005422,2019-06-25,B-09,true
C-105423,9770005423,2023-03-13,B-09,true
C-105424,9770005424,2020-08-15,B-09,true
C-105425,9770005425,2023-09-28,B-17,false
C-105426,9770005426,2022-01-26,B-17,false
C-105427,9770005427,2026-01-11,B-04,false
C-105428,9770005428,2019-06-22,B-17,true
C-105429,9770005429,2021-06-15,B-01,false
C-105430,9770005430,2026-03-03,B-04,false
C-105431,9770005431,2024-09-05,B-01,true
C-105432,9770005432,2021-09-07,B-09,true
C-105433,9770005433,2022-01-07,B-04,true
C-105434,9770005434,2023-04-11,B-08,true
C-105435,9770005435,2025-08-30,B-02,true
C-105436,9770005436,2025-04-08,B-01,false
C-105437,9770005437,2025-02-03,B-09,false
C-105438,9770005438,2023-12-23,B-04,true
C-105439,9770005439,2021-12-23,B-01,false
C-105440,9770005440,2025-03-04,B-08,true
C-105441,9770005441,2023-03-11,B-01,false
C-105442,9770005442,2023-06-29,B-01,true
C-105443,9770005443,2025-06-16,B-17,false
C-105444,9770005444,2021-04-04,B-04,true
C-105445,9770005445,2023-12-01,B-17,false
C-105446,9770005446,2023-10-19,B-02,false
C-105447,9770005447,2022-07-28,B-01,true
C-105448,9770005448,2021-08-20,B-02,false
C-105449,9770005449,2025-09-03,B-09,false
C-105450,9770005450,2019-12-03,B-04,false
C-105451,9770005451,2020-12-11,B-08,true
C-105452,9770005452,2020-09-11,B-04,false
C-105453,9770005453,2022-08-11,B-08,true
C-105454,9770005454,2024-10-17,B-17,false
C-105455,9770005455,2024-06-13,B-04,true
C-105456,9770005456,2023-11-25,B-01,false
C-105457,9770005457,2025-01-10,B-04,false
C-105458,9770005458,2020-08-20,B-02,false
C-105459,9770005459,2023-01-03,B-08,false
C-105460,9770005460,2021-03-16,B-04,false
C-105461,9770005461,2023-03-03,B-09,true
C-105462,9770005462,2023-03-02,B-17,false
C-105463,9770005463,2020-06-30,B-08,false
C-105464,9770005464,2021-10-12,B-02,false
C-105465,9770005465,2021-05-07,B-17,false
C-105466,9770005466,2026-03-29,B-09,true
C-105467,9770005467,2024-08-13,B-02,true
C-105468,9770005468,2025-01-09,B-08,false
C-105469,9770005469,2023-08-17,B-08,true
C-105470,9770005470,2024-10-20,B-02,false
C-105471,9770005471,2020-08-30,B-01,true
C-105472,9770005472,2023-01-24,B-02,false
C-105473,9770005473,2025-12-21,B-17,false
C-105474,9770005474,2021-06-17,B-02,false
C-105475,9770005475,2024-12-06,B-08,false
C-105476,9770005476,2023-11-09,B-04,false
C-105477,9770005477,2021-04-01,B-02,false
C-105478,9770005478,2019-12-20,B-04,true
C-105479,9770005479,2020-09-04,B-08,true
C-105480,9770005480,2024-03-30,B-02,false
C-105481,9770005481,2025-05-26,B-01,false
C-105482,9770005482,2020-07-02,B-04,true
C-105483,9770005483,2023-08-16,B-08,true
C-105484,9770005484,2019-08-17,B-02,false
C-105485,9770005485,2025-01-23,B-08,true
C-105486,9770005486,2019-10-11,B-02,false
C-105487,9770005487,2023-07-23,B-08,false
C-105488,9770005488,2019-09-12,B-02,true
C-105489,9770005489,2021-07-09,B-09,false
C-105490,9770005490,2021-09-25,B-02,false
C-105491,9770005491,2023-10-31,B-01,true
C-105492,9770005492,2024-05-05,B-08,false
C-105493,9770005493,2025-12-28,B-01,false
C-105494,9770005494,2019-11-21,B-17,true
C-105495,9770005495,2022-05-03,B-02,true
C-105496,9770005496,2020-08-18,B-04,false
C-105497,9770005497,2024-12-14,B-01,false
C-105498,9770005498,2020-07-05,B-02,true
C-105499,9770005499,2019-07-30,B-02,false
C-105500,9770005500,2022-09-16,B-08,false
C-105501,9770005501,2025-06-09,B-09,true
C-105502,9770005502,2023-08-30,B-09,false
C-105503,9770005503,2022-10-06,B-04,false
C-105504,9770005504,2023-07-19,B-08,false
C-105505,9770005505,2023-02-23,B-17,false
C-105506,9770005506,2021-03-06,B-17,true
C-105507,9770005507,2024-04-10,B-09,false
C-105508,9770005508,2021-06-21,B-17,false
C-105509,9770005509,2021-10-11,B-08,false
C-105510,9770005510,2026-02-08,B-02,false
C-105511,9770005511,2022-07-18,B-17,false
C-105512,9770005512,2020-12-26,B-01,false
C-105513,9770005513,2019-10-01,B-04,false
C-105514,9770005514,2024-09-03,B-09,false
C-105515,9770005515,2024-10-20,B-01,false
C-105516,9770005516,2020-04-28,B-01,false
C-105517,9770005517,2023-09-14,B-01,true
C-105518,9770005518,2024-04-24,B-01,false
C-105519,9770005519,2024-07-12,B-08,true
C-105520,9770005520,2023-07-24,B-01,false
C-105521,9770005521,2026-01-20,B-02,false
C-105522,9770005522,2025-04-27,B-09,false
C-105523,9770005523,2020-01-09,B-17,false
C-105524,9770005524,2022-04-13,B-09,false
C-105525,9770005525,2021-09-15,B-01,true
C-105526,9770005526,2023-10-21,B-04,false
C-105527,9770005527,2022-06-13,B-04,false
C-105528,9770005528,2025-10-29,B-02,false
C-105529,9770005529,2022-04-22,B-08,false
C-105530,9770005530,2022-08-07,B-17,false
C-105531,9770005531,2022-12-14,B-04,false
C-105532,9770005532,2025-03-22,B-01,false
C-105533,9770005533,2023-08-22,B-08,true
C-105534,9770005534,2020-09-05,B-04,true
C-105535,9770005535,2022-01-19,B-09,true
C-105536,9770005536,2021-04-10,B-08,true
C-105537,9770005537,2024-03-07,B-02,false
C-105538,9770005538,2021-07-03,B-02,true
C-105539,9770005539,2025-04-15,B-08,true
C-105540,9770005540,2020-09-05,B-01,true
C-105541,9770005541,2023-12-17,B-01,true
C-105542,9770005542,2022-06-16,B-02,true
C-105543,9770005543,2026-01-26,B-17,false
C-105544,9770005544,2020-07-23,B-04,true
C-105545,9770005545,2024-11-20,B-01,false
C-105546,9770005546,2020-12-02,B-08,false
C-105547,9770005547,2022-06-17,B-17,false
C-105548,9770005548,2024-02-19,B-17,true
C-105549,9770005549,2025-06-08,B-01,true
C-105550,9770005550,2023-11-10,B-04,false
C-105551,9770005551,2025-10-01,B-04,false
C-105552,9770005552,2020-11-08,B-09,true
C-105553,9770005553,2023-10-29,B-17,true
C-105554,9770005554,2024-02-22,B-17,true
C-105555,9770005555,2019-12-18,B-02,false
C-105556,9770005556,2020-07-02,B-02,false
C-105557,9770005557,2020-02-04,B-04,false
C-105558,9770005558,2023-08-17,B-02,false
C-105559,9770005559,2024-06-30,B-08,false
C-105560,9770005560,2024-11-12,B-08,false
C-105561,9770005561,2024-02-15,B-09,false
C-105562,9770005562,2024-10-01,B-08,true
C-105563,9770005563,2025-07-29,B-04,true
C-105564,9770005564,2020-11-23,B-04,false
C-105565,9770005565,2022-02-05,B-17,false
C-105566,9770005566,2023-10-28,B-01,true
C-105567,9770005567,2020-09-01,B-08,true
C-105568,9770005568,2025-12-03,B-17,false
C-105569,9770005569,2021-10-14,B-01,false
C-105570,9770005570,2022-06-06,B-17,true
C-105571,9770005571,2026-01-09,B-04,false
C-105572,9770005572,2023-11-14,B-02,false
C-105573,9770005573,2024-02-01,B-08,true
C-105574,9770005574,2024-05-02,B-17,true
C-105575,9770005575,2019-06-14,B-04,true
C-105576,9770005576,2024-03-04,B-01,false
C-105577,9770005577,2026-03-18,B-17,true
C-105578,9770005578,2020-11-27,B-04,true
C-105579,9770005579,2019-09-01,B-02,false
C-105580,9770005580,2019-11-12,B-17,true
C-105581,9770005581,2019-11-11,B-09,true
C-105582,9770005582,2024-09-17,B-17,false
C-105583,9770005583,2019-12-04,B-17,false
C-105584,9770005584,2025-07-30,B-08,true
C-105585,9770005585,2025-04-28,B-04,true
C-105586,9770005586,2020-12-22,B-01,true
C-105587,9770005587,2022-01-02,B-17,false
C-105588,9770005588,2024-01-09,B-04,true
C-105589,9770005589,2025-07-18,B-01,true
C-105590,9770005590,2021-11-13,B-01,true
C-105591,9770005591,2024-09-04,B-08,false
C-105592,9770005592,2020-07-20,B-08,false
C-105593,9770005593,2020-11-25,B-01,true
C-105594,9770005594,2021-05-25,B-01,true
C-105595,9770005595,2021-06-09,B-04,true
C-105596,9770005596,2024-03-26,B-02,true
C-105597,9770005597,2021-09-19,B-09,false
C-105598,9770005598,2025-06-28,B-04,true
C-105599,9770005599,2026-02-07,B-01,true
C-105600,9770005600,2021-08-26,B-01,true
C-105601,9770005601,2023-08-19,B-09,false
C-105602,9770005602,2023-06-01,B-01,true
C-105603,9770005603,2020-10-06,B-17,true
C-105604,9770005604,2025-12-21,B-02,false
C-105605,9770005605,2022-09-29,B-04,true
C-105606,9770005606,2020-09-30,B-08,true
C-105607,9770005607,2021-05-09,B-04,true
C-105608,9770005608,2023-03-30,B-04,false
C-105609,9770005609,2022-08-17,B-08,false
C-105610,9770005610,2022-10-20,B-08,false
C-105611,9770005611,2023-05-17,B-09,false
C-105612,9770005612,2025-08-29,B-09,true
C-105613,9770005613,2025-02-13,B-09,false
C-105614,9770005614,2021-09-18,B-01,true
C-105615,9770005615,2022-05-15,B-04,false
C-105616,9770005616,2022-09-11,B-08,true
C-105617,9770005617,2021-03-08,B-04,true
C-105618,9770005618,2022-09-29,B-01,true
C-105619,9770005619,2023-09-15,B-04,false
C-105620,9770005620,2023-03-21,B-17,true
C-105621,9770005621,2025-12-12,B-09,false
C-105622,9770005622,2024-02-02,B-17,true
C-105623,9770005623,2024-03-25,B-09,false
C-105624,9770005624,2019-11-28,B-08,true
C-105625,9770005625,2022-04-09,B-17,false
C-105626,9770005626,2020-07-26,B-08,true
C-105627,9770005627,2020-05-15,B-09,true
C-105628,9770005628,2023-01-29,B-02,true
C-105629,9770005629,2021-10-25,B-02,false
C-105630,9770005630,2020-01-07,B-01,false
C-105631,9770005631,2020-11-24,B-01,false
C-105632,9770005632,2024-06-01,B-08,false
C-105633,9770005633,2025-04-20,B-02,true
C-105634,9770005634,2022-12-30,B-04,true
C-105635,9770005635,2023-12-25,B-17,true
C-105636,9770005636,2025-03-22,B-01,true
C-105637,9770005637,2022-04-20,B-09,false
C-105638,9770005638,2019-11-11,B-01,false
C-105639,9770005639,2019-12-12,B-08,true
C-105640,9770005640,2025-01-12,B-17,true
C-105641,9770005641,2024-05-27,B-17,false
C-105642,9770005642,2021-01-25,B-08,true
C-105643,9770005643,2020-01-26,B-02,true
C-105644,9770005644,2019-11-10,B-02,true
C-105645,9770005645,2023-05-17,B-08,false
C-105646,9770005646,2023-12-07,B-04,true
C-105647,9770005647,2020-10-04,B-04,true
C-105648,9770005648,2019-09-05,B-04,false
C-105649,9770005649,2023-07-08,B-02,false
C-105650,9770005650,2021-01-14,B-09,false
C-105651,9770005651,2023-08-01,B-01,true
C-105652,9770005652,2020-05-10,B-04,true
C-105653,9770005653,2019-11-08,B-09,false
C-105654,9770005654,2022-10-31,B-01,false
C-105655,9770005655,2025-12-13,B-02,false
C-105656,9770005656,2025-07-03,B-08,true
C-105657,9770005657,2021-09-19,B-01,true
C-105658,9770005658,2023-05-29,B-17,true
C-105659,9770005659,2020-01-10,B-17,true
C-105660,9770005660,2025-07-05,B-17,false
C-105661,9770005661,2020-02-11,B-01,false
C-105662,9770005662,2020-11-05,B-09,true
C-105663,9770005663,2024-08-03,B-08,false
C-105664,9770005664,2021-07-28,B-09,false
C-105665,9770005665,2021-06-26,B-04,true
C-105666,9770005666,2026-03-02,B-02,false
C-105667,9770005667,2024-07-14,B-02,true
C-105668,9770005668,2025-01-13,B-17,true
C-105669,9770005669,2023-12-04,B-08,true
C-105670,9770005670,2021-04-22,B-08,false
C-105671,9770005671,2026-02-15,B-08,true
C-105672,9770005672,2021-02-15,B-02,true
C-105673,9770005673,2023-10-20,B-09,true
C-105674,9770005674,2020-05-07,B-01,false
C-105675,9770005675,2024-12-13,B-08,true
C-105676,9770005676,2023-01-03,B-08,true
C-105677,9770005677,2019-10-10,B-08,true
C-105678,9770005678,2024-10-15,B-08,true
C-105679,9770005679,2020-05-01,B-02,false
C-105680,9770005680,2023-10-04,B-04,true
C-105681,9770005681,2023-12-13,B-04,true
C-105682,9770005682,2020-04-04,B-08,false
C-105683,9770005683,2023-02-22,B-04,true
C-105684,9770005684,2020-04-27,B-17,false
C-105685,9770005685,2025-08-29,B-09,false
C-105686,9770005686,2023-01-27,B-04,false
C-105687,9770005687,2025-03-02,B-09,false
C-105688,9770005688,2024-03-18,B-04,true
C-105689,9770005689,2023-07-03,B-08,false
C-105690,9770005690,2022-12-29,B-17,false
C-105691,9770005691,2025-05-09,B-04,false
C-105692,9770005692,2024-12-10,B-09,false
C-105693,9770005693,2025-06-03,B-17,true
C-105694,9770005694,2021-02-26,B-02,false
C-105695,9770005695,2023-07-07,B-04,true
C-105696,9770005696,2019-08-17,B-08,false
C-105697,9770005697,2020-04-09,B-09,true
C-105698,9770005698,2023-03-30,B-02,true
C-105699,9770005699,2023-10-17,B-17,false
C-105700,9770005700,2025-06-26,B-02,false
C-105701,9770005701,2024-09-07,B-01,false
C-105702,9770005702,2021-07-12,B-02,false
C-105703,9770005703,2020-12-24,B-08,true
C-105704,9770005704,2025-10-27,B-01,true
C-105705,9770005705,2024-06-19,B-09,false
C-105706,9770005706,2019-07-25,B-01,false
C-105707,9770005707,2024-11-27,B-04,true
C-105708,9770005708,2026-01-23,B-09,false
C-105709,9770005709,2026-01-14,B-17,true
C-105710,9770005710,2023-01-26,B-01,false
C-105711,9770005711,2025-05-25,B-17,false
C-105712,9770005712,2023-03-23,B-02,true
C-105713,9770005713,2020-07-27,B-01,true
C-105714,9770005714,2021-12-15,B-08,false
C-105715,9770005715,2023-12-19,B-02,false
C-105716,9770005716,2020-03-17,B-09,true
C-105717,9770005717,2020-10-14,B-04,true
C-105718,9770005718,2023-02-25,B-09,true
C-105719,9770005719,2023-06-12,B-09,false
C-105720,9770005720,2020-06-05,B-08,false
C-105721,9770005721,2022-11-10,B-17,false
C-105722,9770005722,2024-01-25,B-02,false
C-105723,9770005723,2020-02-13,B-01,false
C-105724,9770005724,2022-11-13,B-02,false
C-105725,9770005725,2025-11-26,B-01,false
C-105726,9770005726,2022-07-21,B-17,false
C-105727,9770005727,2022-11-27,B-17,false
C-105728,9770005728,2023-06-04,B-09,false
C-105729,9770005729,2024-02-29,B-04,false
C-105730,9770005730,2025-10-21,B-04,true
C-105731,9770005731,2023-02-23,B-08,false
C-105732,9770005732,2021-10-30,B-09,false
C-105733,9770005733,2021-05-16,B-17,false
C-105734,9770005734,2025-05-12,B-17,false
C-105735,9770005735,2026-02-17,B-08,false
C-105736,9770005736,2022-07-05,B-02,false
C-105737,9770005737,2023-07-22,B-01,true
C-105738,9770005738,2024-08-25,B-02,false
C-105739,9770005739,2024-11-13,B-01,false
C-105740,9770005740,2021-07-18,B-01,false
C-105741,9770005741,2023-04-19,B-04,false
C-105742,9770005742,2019-06-01,B-01,false
C-105743,9770005743,2022-01-24,B-09,false
C-105744,9770005744,2019-10-16,B-17,false
C-105745,9770005745,2022-05-16,B-17,false
C-105746,9770005746,2025-09-25,B-09,true
C-105747,9770005747,2022-10-25,B-08,false
C-105748,9770005748,2020-12-04,B-04,true
C-105749,9770005749,2020-03-01,B-09,false
C-105750,9770005750,2025-12-21,B-09,true
C-105751,9770005751,2021-10-24,B-09,true
C-105752,9770005752,2022-10-25,B-02,false
C-105753,9770005753,2025-10-30,B-09,true
C-105754,9770005754,2023-11-10,B-08,false
C-105755,9770005755,2020-11-09,B-04,true
C-105756,9770005756,2022-11-21,B-01,true
C-105757,9770005757,2024-11-06,B-02,false
C-105758,9770005758,2020-09-29,B-08,true
C-105759,9770005759,2024-04-16,B-08,true
C-105760,9770005760,2024-12-29,B-01,true
C-105761,9770005761,2020-01-07,B-17,false
C-105762,9770005762,2023-04-05,B-09,true
C-105763,9770005763,2024-08-18,B-08,false
C-105764,9770005764,2025-07-12,B-17,false
C-105765,9770005765,2024-01-26,B-02,false
C-105766,9770005766,2021-11-10,B-09,true
C-105767,9770005767,2020-12-05,B-02,false
C-105768,9770005768,2023-09-22,B-08,false
C-105769,9770005769,2024-09-10,B-04,true
C-105770,9770005770,2023-03-23,B-01,false
C-105771,9770005771,2020-08-06,B-02,false
C-105772,9770005772,2024-05-15,B-17,true
C-105773,9770005773,2021-02-02,B-17,true
C-105774,9770005774,2023-07-21,B-01,true
C-105775,9770005775,2021-03-29,B-08,true
C-105776,9770005776,2023-07-06,B-04,false
C-105777,9770005777,2021-10-30,B-02,false
C-105778,9770005778,2019-12-16,B-08,false
C-105779,9770005779,2020-08-22,B-02,false
C-105780,9770005780,2021-07-12,B-02,false
C-105781,9770005781,2021-09-22,B-04,false
C-105782,9770005782,2020-01-09,B-08,false
C-105783,9770005783,2019-12-09,B-09,true
C-105784,9770005784,2020-09-26,B-02,false
C-105785,9770005785,2023-06-02,B-04,false
C-105786,9770005786,2019-07-03,B-08,true
C-105787,9770005787,2021-07-11,B-01,false
C-105788,9770005788,2025-09-10,B-04,true
C-105789,9770005789,2021-10-06,B-08,false
C-105790,9770005790,2020-07-01,B-09,true
C-105791,9770005791,2025-09-28,B-01,true
C-105792,9770005792,2026-03-29,B-17,false
C-105793,9770005793,2020-09-17,B-04,true
C-105794,9770005794,2025-12-21,B-01,false
C-105795,9770005795,2021-03-10,B-04,true
C-105796,9770005796,2022-09-11,B-08,false
C-105797,9770005797,2021-08-29,B-17,true
C-105798,9770005798,2021-03-21,B-17,true
C-105799,9770005799,2019-05-29,B-04,false
C-105800,9770005800,2021-03-11,B-04,false
C-105801,9770005801,2022-10-14,B-02,false
C-105802,9770005802,2021-06-09,B-02,false
C-105803,9770005803,2021-03-13,B-04,true
C-105804,9770005804,2021-01-21,B-17,false
C-105805,9770005805,2025-11-27,B-09,true
C-105806,9770005806,2022-09-06,B-01,false
C-105807,9770005807,2024-09-05,B-01,false
C-105808,9770005808,2021-12-25,B-01,false
C-105809,9770005809,2025-10-02,B-04,true
C-105810,9770005810,2025-06-19,B-08,false
C-105811,9770005811,2020-08-19,B-17,true
C-105812,9770005812,2025-04-25,B-01,true
C-105813,9770005813,2021-12-04,B-02,false
C-105814,9770005814,2023-07-09,B-09,true
C-105815,9770005815,2023-05-18,B-17,false
C-105816,9770005816,2025-12-15,B-17,true
C-105817,9770005817,2023-04-27,B-04,false
C-105818,9770005818,2023-06-17,B-17,true
C-105819,9770005819,2022-12-20,B-01,true
C-105820,9770005820,2024-12-17,B-09,false
C-105821,9770005821,2021-11-27,B-17,false
C-105822,9770005822,2025-05-30,B-02,false
C-105823,9770005823,2024-07-22,B-09,false
C-105824,9770005824,2024-12-08,B-09,false
C-105825,9770005825,2020-02-25,B-04,true
C-105826,9770005826,2025-07-16,B-17,false
C-105827,9770005827,2025-05-27,B-08,false
C-105828,9770005828,2024-11-02,B-08,true
C-105829,9770005829,2020-12-11,B-08,true
C-105830,9770005830,2023-04-02,B-02,false
C-105831,9770005831,2022-09-02,B-09,false
C-105832,9770005832,2024-02-12,B-09,false
C-105833,9770005833,2023-02-03,B-09,true
C-105834,9770005834,2024-06-09,B-04,true
C-105835,9770005835,2025-10-19,B-17,true
C-105836,9770005836,2021-10-02,B-01,false
C-105837,9770005837,2022-06-03,B-02,true
C-105838,9770005838,2025-02-16,B-02,false
C-105839,9770005839,2025-10-13,B-04,false
C-105840,9770005840,2019-09-16,B-02,true
C-105841,9770005841,2025-10-19,B-01,false
C-105842,9770005842,2026-01-10,B-02,true
C-105843,9770005843,2024-11-26,B-01,false
C-105844,9770005844,2020-04-24,B-08,false
C-105845,9770005845,2019-11-22,B-17,false
C-105846,9770005846,2020-02-17,B-17,false
C-105847,9770005847,2025-07-09,B-17,false
C-105848,9770005848,2022-11-02,B-09,true
C-105849,9770005849,2021-01-01,B-02,true
C-105850,9770005850,2025-07-31,B-08,true
C-105851,9770005851,2022-10-28,B-08,true
C-105852,9770005852,2019-11-19,B-08,true
C-105853,9770005853,2025-01-27,B-09,false
C-105854,9770005854,2020-03-24,B-01,true
C-105855,9770005855,2021-04-07,B-02,false
C-105856,9770005856,2025-07-20,B-17,false
C-105857,9770005857,2025-10-17,B-02,true
C-105858,9770005858,2019-12-10,B-17,true
C-105859,9770005859,2024-04-14,B-04,false
C-105860,9770005860,2022-11-25,B-01,false
C-105861,9770005861,2019-12-24,B-09,false
C-105862,9770005862,2020-02-17,B-02,true
C-105863,9770005863,2019-09-23,B-04,true
C-105864,9770005864,2020-05-10,B-09,false
C-105865,9770005865,2023-02-18,B-04,true
C-105866,9770005866,2025-08-24,B-08,false
C-105867,9770005867,2025-03-17,B-08,true
C-105868,9770005868,2024-11-01,B-17,false
C-105869,9770005869,2019-11-11,B-17,false
C-105870,9770005870,2021-02-10,B-08,false
C-105871,9770005871,2022-11-26,B-08,false
C-105872,9770005872,2024-06-14,B-09,false
C-105873,9770005873,2019-09-22,B-17,false
C-105874,9770005874,2023-07-21,B-04,true
C-105875,9770005875,2022-06-01,B-08,false
C-105876,9770005876,2020-10-04,B-02,false
C-105877,9770005877,2025-11-09,B-04,true
C-105878,9770005878,2024-12-22,B-01,false
C-105879,9770005879,2020-10-27,B-09,true
C-105880,9770005880,2020-12-30,B-01,true
C-105881,9770005881,2022-04-14,B-02,true
C-105882,9770005882,2026-03-01,B-09,false
C-105883,9770005883,2019-10-15,B-08,false
C-105884,9770005884,2024-06-28,B-04,false
C-105885,9770005885,2022-04-28,B-04,false
C-105886,9770005886,2021-02-23,B-17,false
C-105887,9770005887,2023-07-14,B-09,true
C-105888,9770005888,2019-06-10,B-17,false
C-105889,9770005889,2026-01-20,B-04,false
C-105890,9770005890,2025-03-23,B-08,true
C-105891,9770005891,2024-05-23,B-01,false
C-105892,9770005892,2024-02-08,B-08,false
C-105893,9770005893,2022-02-16,B-04,false
C-105894,9770005894,2019-09-03,B-01,true
C-105895,9770005895,2025-05-05,B-04,true
C-105896,9770005896,2023-02-06,B-17,true
C-105897,9770005897,2023-10-08,B-09,true
C-105898,9770005898,2022-12-16,B-01,false
C-105899,9770005899,2023-03-29,B-08,true
C-105900,9770005900,2025-05-04,B-02,true
C-105901,9770005901,2023-03-14,B-09,false
C-105902,9770005902,2021-12-13,B-02,true
C-105903,9770005903,2020-09-14,B-08,false
C-105904,9770005904,2025-06-18,B-04,false
C-105905,9770005905,2021-07-08,B-17,false
C-105906,9770005906,2022-10-06,B-02,false
C-105907,9770005907,2023-01-04,B-09,true
C-105908,9770005908,2021-09-24,B-17,false
C-105909,9770005909,2025-02-26,B-08,false
C-105910,9770005910,2021-04-11,B-04,false
C-105911,9770005911,2024-09-13,B-02,true
C-105912,9770005912,2024-06-10,B-04,false
C-105913,9770005913,2020-09-05,B-02,false
C-105914,9770005914,2019-10-30,B-02,true
C-105915,9770005915,2025-05-22,B-09,true
C-105916,9770005916,2023-08-15,B-08,false
C-105917,9770005917,2026-03-02,B-17,false
C-105918,9770005918,2021-12-30,B-01,false
C-105919,9770005919,2022-03-22,B-09,true
C-105920,9770005920,2023-12-20,B-01,true
C-105921,9770005921,2025-01-06,B-17,true
C-105922,9770005922,2019-09-01,B-17,false
C-105923,9770005923,2023-02-26,B-01,false
C-105924,9770005924,2022-07-01,B-17,false
C-105925,9770005925,2022-04-18,B-09,true
C-105926,9770005926,2020-08-09,B-01,false
C-105927,9770005927,2025-01-14,B-09,false
C-105928,9770005928,2019-12-09,B-02,false
C-105929,9770005929,2021-10-22,B-02,false
C-105930,9770005930,2021-08-25,B-02,false
C-105931,9770005931,2019-09-26,B-08,false
C-105932,9770005932,2020-04-07,B-17,false
C-105933,9770005933,2023-03-25,B-01,false
C-105934,9770005934,2024-09-23,B-02,true
C-105935,9770005935,2023-11-17,B-09,false
C-105936,9770005936,2021-02-19,B-02,false
C-105937,9770005937,2023-12-01,B-01,true
C-105938,9770005938,2025-10-08,B-01,true
C-105939,9770005939,2025-05-29,B-02,true
C-105940,9770005940,2025-08-25,B-08,false
C-105941,9770005941,2025-04-11,B-04,false
C-105942,9770005942,2020-08-02,B-08,false
C-105943,9770005943,2026-01-24,B-04,false
C-105944,9770005944,2025-11-26,B-04,false
C-105945,9770005945,2025-02-12,B-04,true
C-105946,9770005946,2019-10-14,B-02,true
C-105947,9770005947,2024-05-27,B-17,true
C-105948,9770005948,2022-06-23,B-17,false
C-105949,9770005949,2025-08-27,B-01,false
C-105950,9770005950,2020-05-26,B-01,false
C-105951,9770005951,2019-06-19,B-01,false
C-105952,9770005952,2020-11-28,B-01,false
C-105953,9770005953,2024-05-30,B-04,false
C-105954,9770005954,2019-06-22,B-02,true
C-105955,9770005955,2022-10-03,B-08,true
C-105956,9770005956,2020-03-23,B-04,true
C-105957,9770005957,2019-11-02,B-01,false
C-105958,9770005958,2021-11-23,B-01,false
C-105959,9770005959,2024-11-20,B-01,false
C-105960,9770005960,2022-08-20,B-04,false
C-105961,9770005961,2023-12-20,B-01,true
C-105962,9770005962,2026-03-01,B-02,false
C-105963,9770005963,2024-04-06,B-02,true
C-105964,9770005964,2024-11-25,B-04,true
C-105965,9770005965,2025-05-24,B-04,false
C-105966,9770005966,2024-02-28,B-08,true
C-105967,9770005967,2020-12-05,B-17,false
C-105968,9770005968,2024-06-27,B-01,false
C-105969,9770005969,2024-10-09,B-08,false
C-105970,9770005970,2023-10-17,B-01,true
C-105971,9770005971,2022-08-19,B-17,false
C-105972,9770005972,2024-04-03,B-02,true
C-105973,9770005973,2025-11-11,B-01,false
C-105974,9770005974,2023-09-04,B-01,false
C-105975,9770005975,2021-11-19,B-17,true
C-105976,9770005976,2019-06-30,B-02,false
C-105977,9770005977,2022-07-25,B-08,false
C-105978,9770005978,2022-04-02,B-04,true
C-105979,9770005979,2025-02-19,B-04,true
C-105980,9770005980,2022-11-22,B-17,true
C-105981,9770005981,2019-10-12,B-17,false
C-105982,9770005982,2023-03-16,B-17,false
C-105983,9770005983,2024-10-22,B-08,false
C-105984,9770005984,2024-04-17,B-08,false
C-105985,9770005985,2021-09-12,B-08,true
C-105986,9770005986,2024-03-05,B-04,true
C-105987,9770005987,2022-02-18,B-17,true
C-105988,9770005988,2023-12-06,B-01,false
C-105989,9770005989,2020-11-24,B-08,false
C-105990,9770005990,2019-06-14,B-17,false
C-105991,9770005991,2020-07-06,B-09,true
C-105992,9770005992,2019-10-11,B-09,false
C-105993,9770005993,2023-04-09,B-02,false
C-105994,9770005994,2021-12-22,B-04,true
C-105995,9770005995,2024-05-18,B-04,true
C-105996,9770005996,2019-09-06,B-09,true
C-105997,9770005997,2021-02-14,B-09,false
C-105998,9770005998,2023-11-04,B-09,false
C-105999,9770005999,2020-12-19,B-01,true
C-106000,9770006000,2019-10-03,B-09,false
C-106001,9770006001,2025-11-24,B-01,true
C-106002,9770006002,2020-08-29,B-01,false
C-106003,9770006003,2019-09-13,B-09,false
C-106004,9770006004,2020-09-29,B-08,false
C-106005,9770006005,2020-11-25,B-04,false
C-106006,9770006006,2024-07-18,B-09,false
C-106007,9770006007,2019-09-18,B-17,true
C-106008,9770006008,2025-07-21,B-02,false
C-106009,9770006009,2021-08-17,B-02,false
C-106010,9770006010,2020-04-29,B-02,true
C-106011,9770006011,2019-06-07,B-09,false
C-106012,9770006012,2023-10-16,B-17,true
C-106013,9770006013,2021-07-02,B-02,false
C-106014,9770006014,2026-02-17,B-02,true
C-106015,9770006015,2021-03-04,B-17,true
C-106016,9770006016,2020-02-28,B-08,true
C-106017,9770006017,2025-04-06,B-01,false
C-106018,9770006018,2024-08-08,B-17,true
C-106019,9770006019,2024-08-24,B-09,false
C-106020,9770006020,2026-01-31,B-04,false
C-106021,9770006021,2025-11-16,B-17,false
C-106022,9770006022,2024-10-14,B-01,false
C-106023,9770006023,2019-12-18,B-17,false
C-106024,9770006024,2022-10-25,B-08,true
C-106025,9770006025,2025-01-03,B-01,false
C-106026,9770006026,2023-02-07,B-09,false
C-106027,9770006027,2023-04-27,B-02,true
C-106028,9770006028,2024-08-28,B-02,true
C-106029,9770006029,2021-08-23,B-02,true
C-106030,9770006030,2026-02-28,B-09,true
C-106031,9770006031,2026-03-16,B-09,false
C-106032,9770006032,2023-04-21,B-02,false
C-106033,9770006033,2022-01-01,B-01,false
C-106034,9770006034,2025-04-27,B-04,true
C-106035,9770006035,2025-09-15,B-01,false
C-106036,9770006036,2025-08-05,B-02,false
C-106037,9770006037,2019-12-20,B-08,false
C-106038,9770006038,2021-04-04,B-04,true
C-106039,9770006039,2025-07-29,B-02,true
C-106040,9770006040,2020-02-18,B-17,true
C-106041,9770006041,2022-02-28,B-09,true
C-106042,9770006042,2026-02-04,B-17,true
C-106043,9770006043,2025-05-08,B-17,true
C-106044,9770006044,2024-06-12,B-02,true
C-106045,9770006045,2023-04-29,B-02,false
C-106046,9770006046,2022-09-11,B-02,false
C-106047,9770006047,2024-05-27,B-09,true
C-106048,9770006048,2025-07-02,B-08,true
C-106049,9770006049,2025-11-26,B-02,true
C-106050,9770006050,2019-12-19,B-04,false
C-106051,9770006051,2021-10-23,B-09,false
C-106052,9770006052,2025-05-20,B-04,true
C-106053,9770006053,2025-12-22,B-02,true
C-106054,9770006054,2022-11-24,B-02,false
C-106055,9770006055,2023-09-17,B-17,true
C-106056,9770006056,2021-06-23,B-04,false
C-106057,9770006057,2024-01-03,B-01,true
C-106058,9770006058,2019-12-08,B-17,true
C-106059,9770006059,2025-04-10,B-01,true
C-106060,9770006060,2023-04-11,B-04,false
C-106061,9770006061,2026-01-05,B-17,true
C-106062,9770006062,2024-03-19,B-02,true
C-106063,9770006063,2019-07-23,B-01,false
C-106064,9770006064,2026-02-06,B-17,true
C-106065,9770006065,2023-04-13,B-17,false
C-106066,9770006066,2023-07-09,B-17,false
C-106067,9770006067,2022-02-24,B-01,true
C-106068,9770006068,2021-11-03,B-08,true
C-106069,9770006069,2024-08-30,B-04,true
C-106070,9770006070,2025-08-18,B-02,false
C-106071,9770006071,2022-01-08,B-17,true
C-106072,9770006072,2020-07-03,B-01,true
C-106073,9770006073,2021-09-01,B-08,false
C-106074,9770006074,2021-08-02,B-04,true
C-106075,9770006075,2020-07-28,B-09,false
C-106076,9770006076,2023-02-17,B-17,false
C-106077,9770006077,2025-09-07,B-17,false
C-106078,9770006078,2021-03-31,B-01,true
C-106079,9770006079,2023-11-25,B-09,true
C-106080,9770006080,2022-04-22,B-17,false
C-106081,9770006081,2023-08-20,B-09,false
C-106082,9770006082,2020-03-24,B-08,false
C-106083,9770006083,2022-06-02,B-08,true
C-106084,9770006084,2019-10-22,B-04,true
C-106085,9770006085,2025-06-21,B-08,false
C-106086,9770006086,2020-08-23,B-08,false
C-106087,9770006087,2025-12-09,B-04,true
C-106088,9770006088,2025-12-20,B-04,true
C-106089,9770006089,2019-05-30,B-09,false
C-106090,9770006090,2023-05-27,B-02,false
C-106091,9770006091,2024-06-30,B-04,false
C-106092,9770006092,2020-12-13,B-04,true
C-106093,9770006093,2022-08-08,B-17,true
C-106094,9770006094,2020-09-09,B-09,false
C-106095,9770006095,2023-09-25,B-02,false
C-106096,9770006096,2019-10-17,B-09,false
C-106097,9770006097,2025-12-20,B-17,false
C-106098,9770006098,2025-02-05,B-01,false
C-106099,9770006099,2022-07-03,B-04,false
C-106100,9770006100,2025-05-09,B-02,true
C-106101,9770006101,2021-08-11,B-01,false
C-106102,9770006102,2021-06-10,B-08,true
C-106103,9770006103,2024-01-08,B-17,true
C-106104,9770006104,2022-11-07,B-08,true
C-106105,9770006105,2023-09-14,B-04,false
C-106106,9770006106,2025-04-16,B-01,true
C-106107,9770006107,2026-03-03,B-01,false
C-106108,9770006108,2021-05-15,B-17,true
C-106109,9770006109,2022-03-08,B-09,true
C-106110,9770006110,2024-09-06,B-17,true
C-106111,9770006111,2024-05-05,B-08,true
C-106112,9770006112,2019-10-03,B-01,true
C-106113,9770006113,2023-10-15,B-09,false
C-106114,9770006114,2023-12-20,B-01,false
C-106115,9770006115,2024-03-29,B-01,false
C-106116,9770006116,2024-03-27,B-01,false
C-106117,9770006117,2022-09-01,B-08,false
C-106118,9770006118,2024-08-11,B-04,false
C-106119,9770006119,2024-06-29,B-08,true
C-106120,9770006120,2020-06-09,B-04,true
C-106121,9770006121,2020-10-01,B-02,false
C-106122,9770006122,2024-11-10,B-02,false
C-106123,9770006123,2024-02-13,B-08,false
C-106124,9770006124,2024-02-18,B-17,false
C-106125,9770006125,2024-09-05,B-02,false
C-106126,9770006126,2024-10-29,B-08,false
C-106127,9770006127,2020-07-14,B-04,true
C-106128,9770006128,2022-03-20,B-08,false
C-106129,9770006129,2025-06-22,B-02,true
C-106130,9770006130,2020-12-15,B-01,false
C-106131,9770006131,2021-05-07,B-09,true
C-106132,9770006132,2021-04-01,B-09,false
C-106133,9770006133,2022-05-08,B-01,false
C-106134,9770006134,2019-06-01,B-02,true
C-106135,9770006135,2023-10-18,B-17,false
C-106136,9770006136,2024-05-23,B-08,false
C-106137,9770006137,2024-12-11,B-01,false
C-106138,9770006138,2020-02-07,B-01,false
C-106139,9770006139,2021-10-28,B-02,false
C-106140,9770006140,2024-11-30,B-04,false
C-106141,9770006141,2020-08-15,B-08,true
C-106142,9770006142,2020-05-20,B-04,false
C-106143,9770006143,2019-12-01,B-02,true
C-106144,9770006144,2022-11-12,B-02,true
C-106145,9770006145,2025-11-04,B-09,false
C-106146,9770006146,2024-11-25,B-09,false
C-106147,9770006147,2025-05-10,B-01,true
C-106148,9770006148,2021-09-28,B-01,false
C-106149,9770006149,2023-07-07,B-01,false
C-106150,9770006150,2023-09-18,B-08,true
C-106151,9770006151,2019-08-31,B-09,true
C-106152,9770006152,2021-11-01,B-04,true
C-106153,9770006153,2022-07-27,B-04,true
C-106154,9770006154,2026-03-20,B-04,false
C-106155,9770006155,2024-02-29,B-02,true
C-106156,9770006156,2023-01-14,B-04,true
C-106157,9770006157,2021-02-28,B-02,false
C-106158,9770006158,2025-07-20,B-01,false
C-106159,9770006159,2021-07-08,B-09,false
C-106160,9770006160,2024-11-09,B-09,true
C-106161,9770006161,2024-12-07,B-08,true
C-106162,9770006162,2021-09-02,B-17,true
C-106163,9770006163,2021-02-01,B-08,false
C-106164,9770006164,2025-03-07,B-09,true
C-106165,9770006165,2024-02-02,B-09,false
C-106166,9770006166,2020-08-29,B-17,true
C-106167,9770006167,2024-02-08,B-04,false
C-106168,9770006168,2024-08-13,B-09,false
C-106169,9770006169,2026-01-09,B-04,false
C-106170,9770006170,2025-10-28,B-08,true
C-106171,9770006171,2019-09-18,B-09,false
C-106172,9770006172,2020-02-04,B-02,true
C-106173,9770006173,2020-10-25,B-09,true
C-106174,9770006174,2020-05-14,B-09,false
C-106175,9770006175,2021-06-21,B-09,false
C-106176,9770006176,2021-10-06,B-09,false
C-106177,9770006177,2024-12-09,B-02,false
C-106178,9770006178,2025-06-25,B-17,false
C-106179,9770006179,2022-09-29,B-08,true
C-106180,9770006180,2022-01-11,B-08,true
C-106181,9770006181,2023-09-19,B-17,true
C-106182,9770006182,2024-12-18,B-04,true
C-106183,9770006183,2025-03-06,B-01,false
C-106184,9770006184,2024-12-05,B-01,false
C-106185,9770006185,2019-08-19,B-17,false
C-106186,9770006186,2021-04-04,B-17,false
C-106187,9770006187,2019-12-20,B-08,false
C-106188,9770006188,2024-02-22,B-08,true
C-106189,9770006189,2022-01-21,B-04,true
C-106190,9770006190,2021-02-03,B-02,true
C-106191,9770006191,2024-12-15,B-08,true
C-106192,9770006192,2020-09-26,B-09,true
C-106193,9770006193,2024-10-13,B-04,true
C-106194,9770006194,2025-11-08,B-17,false
C-106195,9770006195,2020-12-13,B-17,false
C-106196,9770006196,2020-02-17,B-17,false
C-106197,9770006197,2020-07-22,B-01,false
C-106198,9770006198,2025-06-24,B-09,true
C-106199,9770006199,2021-07-16,B-09,false
C-106200,9770006200,2022-08-04,B-04,true
C-106201,9770006201,2021-06-26,B-02,false
C-106202,9770006202,2019-08-26,B-04,false
C-106203,9770006203,2026-01-16,B-08,false
C-106204,9770006204,2024-06-20,B-09,false
C-106205,9770006205,2023-12-27,B-01,true
C-106206,9770006206,2019-11-25,B-17,false
C-106207,9770006207,2021-06-07,B-08,false
C-106208,9770006208,2024-05-12,B-09,false
C-106209,9770006209,2023-07-08,B-09,false
C-106210,9770006210,2021-09-25,B-04,false
C-106211,9770006211,2023-05-01,B-04,true
C-106212,9770006212,2021-08-27,B-17,false
C-106213,9770006213,2021-04-10,B-02,false
C-106214,9770006214,2021-05-23,B-09,false
C-106215,9770006215,2024-10-02,B-01,false
C-106216,9770006216,2025-02-06,B-17,false
C-106217,9770006217,2023-01-26,B-04,true
C-106218,9770006218,2023-08-06,B-04,true
C-106219,9770006219,2021-02-14,B-04,false
C-106220,9770006220,2024-01-08,B-08,false
C-106221,9770006221,2019-12-19,B-17,false
C-106222,9770006222,2025-04-22,B-01,false
C-106223,9770006223,2025-07-03,B-02,false
C-106224,9770006224,2019-12-11,B-17,false
C-106225,9770006225,2021-06-20,B-02,true
C-106226,9770006226,2022-01-20,B-17,true
C-106227,9770006227,2023-08-27,B-17,false
C-106228,9770006228,2020-07-03,B-09,false
C-106229,9770006229,2025-03-18,B-09,true
C-106230,9770006230,2021-02-02,B-02,false
C-106231,9770006231,2022-11-03,B-08,true
C-106232,9770006232,2025-09-21,B-04,true
C-106233,9770006233,2022-07-15,B-02,false
C-106234,9770006234,2026-03-24,B-08,false
C-106235,9770006235,2021-06-24,B-02,false
C-106236,9770006236,2024-04-07,B-09,false
C-106237,9770006237,2023-07-30,B-09,true
C-106238,9770006238,2024-08-26,B-08,false
C-106239,9770006239,2021-08-01,B-02,false
C-106240,9770006240,2023-02-14,B-01,false
C-106241,9770006241,2020-10-12,B-09,true
C-106242,9770006242,2023-06-14,B-02,false
C-106243,9770006243,2021-03-19,B-08,false
C-106244,9770006244,2020-12-16,B-17,true
C-106245,9770006245,2025-09-23,B-09,true
C-106246,9770006246,2024-08-11,B-02,false
C-106247,9770006247,2023-12-13,B-17,true
C-106248,9770006248,2025-03-27,B-09,true
C-106249,9770006249,2019-12-14,B-01,false
C-106250,9770006250,2023-11-13,B-17,false
C-106251,9770006251,2024-06-11,B-09,false
C-106252,9770006252,2024-12-28,B-04,false
C-106253,9770006253,2020-11-10,B-17,false
C-106254,9770006254,2023-12-15,B-08,false
C-106255,9770006255,2026-03-12,B-01,true
C-106256,9770006256,2025-06-25,B-09,true
C-106257,9770006257,2025-10-28,B-17,false
C-106258,9770006258,2026-01-26,B-02,true
C-106259,9770006259,2023-12-15,B-17,true
C-106260,9770006260,2022-08-10,B-02,false
C-106261,9770006261,2019-12-12,B-01,false
C-106262,9770006262,2025-02-20,B-04,false
C-106263,9770006263,2023-05-31,B-02,true
C-106264,9770006264,2019-07-23,B-02,true
C-106265,9770006265,2020-12-15,B-04,true
C-106266,9770006266,2021-07-07,B-01,true
C-106267,9770006267,2020-12-25,B-01,false
C-106268,9770006268,2021-01-12,B-04,false
C-106269,9770006269,2021-09-22,B-09,false
C-106270,9770006270,2019-08-29,B-17,false
C-106271,9770006271,2021-11-24,B-01,true
C-106272,9770006272,2022-01-28,B-01,false
C-106273,9770006273,2020-10-28,B-04,false
C-106274,9770006274,2025-11-04,B-01,true
C-106275,9770006275,2022-10-21,B-04,false
C-106276,9770006276,2023-08-03,B-09,false
C-106277,9770006277,2024-11-10,B-09,false
C-106278,9770006278,2021-01-02,B-01,false
C-106279,9770006279,2019-05-31,B-08,true
C-106280,9770006280,2021-09-19,B-02,false
C-106281,9770006281,2024-06-04,B-04,true
C-106282,9770006282,2020-12-23,B-08,false
C-106283,9770006283,2023-09-05,B-08,false
C-106284,9770006284,2026-02-14,B-08,false
C-106285,9770006285,2019-08-03,B-17,false
C-106286,9770006286,2022-03-04,B-08,true
C-106287,9770006287,2026-03-06,B-02,true
C-106288,9770006288,2024-06-18,B-09,true
C-106289,9770006289,2023-09-13,B-02,true
C-106290,9770006290,2022-01-19,B-09,false
C-106291,9770006291,2024-10-06,B-09,false
C-106292,9770006292,2025-10-27,B-02,false
C-106293,9770006293,2025-11-18,B-09,false
C-106294,9770006294,2025-04-08,B-09,true
C-106295,9770006295,2023-07-03,B-02,false
C-106296,9770006296,2024-07-25,B-01,false
C-106297,9770006297,2021-12-07,B-04,false
C-106298,9770006298,2022-06-23,B-02,false
C-106299,9770006299,2025-11-06,B-04,false
C-106300,9770006300,2022-01-08,B-08,false
C-106301,9770006301,2026-03-18,B-09,false
C-106302,9770006302,2022-03-06,B-08,true
C-106303,9770006303,2023-04-30,B-08,false
C-106304,9770006304,2019-08-31,B-09,false
C-106305,9770006305,2021-02-08,B-17,false
C-106306,9770006306,2021-07-24,B-09,false
C-106307,9770006307,2020-10-11,B-08,false
C-106308,9770006308,2025-06-21,B-08,true
C-106309,9770006309,2020-09-06,B-01,false
C-106310,9770006310,2023-06-29,B-01,true
C-106311,9770006311,2021-03-30,B-04,false
C-106312,9770006312,2022-08-24,B-02,false
C-106313,9770006313,2025-09-03,B-17,false
C-106314,9770006314,2024-05-05,B-04,false
C-106315,9770006315,2020-04-26,B-01,true
C-106316,9770006316,2024-10-21,B-02,false
C-106317,9770006317,2019-09-11,B-02,true
C-106318,9770006318,2023-05-22,B-04,true
C-106319,9770006319,2022-01-30,B-02,false
C-106320,9770006320,2025-02-23,B-08,true
C-106321,9770006321,2020-01-29,B-02,true
C-106322,9770006322,2025-02-14,B-04,true
C-106323,9770006323,2021-08-21,B-08,true
C-106324,9770006324,2022-07-18,B-08,true
C-106325,9770006325,2022-12-13,B-01,true
C-106326,9770006326,2020-07-06,B-09,true
C-106327,9770006327,2022-07-06,B-01,false
C-106328,9770006328,2024-02-12,B-09,true
C-106329,9770006329,2022-05-06,B-01,true
C-106330,9770006330,2020-03-18,B-17,false
C-106331,9770006331,2023-05-07,B-02,false
C-106332,9770006332,2021-10-22,B-01,false
C-106333,9770006333,2024-05-28,B-04,true
C-106334,9770006334,2022-07-15,B-04,true
C-106335,9770006335,2021-12-28,B-17,true
C-106336,9770006336,2024-11-23,B-09,false
C-106337,9770006337,2023-05-08,B-02,true
C-106338,9770006338,2025-01-04,B-02,true
C-106339,9770006339,2024-03-12,B-09,true
C-106340,9770006340,2021-10-01,B-01,false
C-106341,9770006341,2025-12-09,B-08,false
C-106342,9770006342,2020-08-01,B-02,true
C-106343,9770006343,2024-03-02,B-01,false
C-106344,9770006344,2023-03-21,B-08,false
C-106345,9770006345,2021-03-24,B-01,true
C-106346,9770006346,2022-12-24,B-02,false
C-106347,9770006347,2019-08-10,B-09,false
C-106348,9770006348,2022-02-10,B-17,false
C-106349,9770006349,2025-06-21,B-02,false
C-106350,9770006350,2025-03-11,B-02,true
C-106351,9770006351,2021-12-04,B-08,false
C-106352,9770006352,2025-08-07,B-04,false
C-106353,9770006353,2023-08-06,B-09,false
C-106354,9770006354,2023-04-13,B-17,false
C-106355,9770006355,2024-12-13,B-17,true
C-106356,9770006356,2020-05-23,B-04,false
C-106357,9770006357,2020-10-15,B-04,false
C-106358,9770006358,2024-05-18,B-02,false
C-106359,9770006359,2020-09-16,B-04,false
C-106360,9770006360,2021-09-03,B-04,true
C-106361,9770006361,2024-12-06,B-09,false
C-106362,9770006362,2025-11-18,B-08,true
C-106363,9770006363,2019-11-29,B-17,false
C-106364,9770006364,2023-04-09,B-08,false
C-106365,9770006365,2020-07-27,B-02,true
C-106366,9770006366,2024-12-29,B-04,false
C-106367,9770006367,2023-03-28,B-17,false
C-106368,9770006368,2025-04-07,B-09,true
C-106369,9770006369,2022-10-11,B-01,false
C-106370,9770006370,2026-01-23,B-02,true
C-106371,9770006371,2023-08-11,B-01,true
C-106372,9770006372,2020-05-03,B-04,true
C-106373,9770006373,2026-03-18,B-09,true
C-106374,9770006374,2025-06-18,B-09,true
C-106375,9770006375,2020-11-15,B-01,false
C-106376,9770006376,2024-01-05,B-01,true
C-106377,9770006377,2021-08-19,B-17,true
C-106378,9770006378,2023-03-05,B-09,true
C-106379,9770006379,2023-02-28,B-02,false
C-106380,9770006380,2020-01-05,B-08,true
C-106381,9770006381,2019-06-30,B-08,true
C-106382,9770006382,2025-06-24,B-04,true
C-106383,9770006383,2022-09-10,B-09,false
C-106384,9770006384,2022-09-30,B-02,false
C-106385,9770006385,2021-05-21,B-01,false
C-106386,9770006386,2025-06-09,B-01,false
C-106387,9770006387,2024-04-05,B-17,false
C-106388,9770006388,2020-03-27,B-01,false
C-106389,9770006389,2024-09-01,B-04,true
C-106390,9770006390,2020-09-16,B-17,true
C-106391,9770006391,2024-02-18,B-04,true
C-106392,9770006392,2026-01-25,B-04,true
C-106393,9770006393,2021-08-25,B-09,false
C-106394,9770006394,2023-07-20,B-08,false
C-106395,9770006395,2021-04-13,B-09,false
C-106396,9770006396,2024-02-25,B-08,false
C-106397,9770006397,2025-12-09,B-04,true
C-106398,9770006398,2025-06-27,B-04,false
C-106399,9770006399,2019-06-26,B-02,true
C-106400,9770006400,2024-05-19,B-08,false
C-106401,9770006401,2024-01-02,B-09,true
C-106402,9770006402,2019-08-21,B-17,true
C-106403,9770006403,2019-12-10,B-17,false
C-106404,9770006404,2022-07-29,B-01,false
C-106405,9770006405,2022-10-08,B-01,false
C-106406,9770006406,2019-09-10,B-04,true
C-106407,9770006407,2023-09-12,B-17,false
C-106408,9770006408,2022-05-10,B-08,false
C-106409,9770006409,2025-06-30,B-04,false
C-106410,9770006410,2022-06-17,B-04,false
C-106411,9770006411,2020-11-17,B-08,false
C-106412,9770006412,2019-10-15,B-02,false
C-106413,9770006413,2024-01-02,B-17,false
C-106414,9770006414,2024-11-27,B-04,false
C-106415,9770006415,2024-01-29,B-02,true
C-106416,9770006416,2019-12-01,B-02,false
C-106417,9770006417,2023-08-26,B-01,true
C-106418,9770006418,2021-11-23,B-17,false
C-106419,9770006419,2024-06-12,B-01,true
C-106420,9770006420,2021-06-03,B-17,false
C-106421,9770006421,2025-02-09,B-09,false
C-106422,9770006422,2024-03-17,B-02,false
C-106423,9770006423,2020-01-04,B-01,true
C-106424,9770006424,2025-08-22,B-08,true
C-106425,9770006425,2021-12-16,B-17,true
C-106426,9770006426,2025-06-23,B-08,false
C-106427,9770006427,2020-05-25,B-08,false
C-106428,9770006428,2025-11-01,B-09,false
C-106429,9770006429,2022-09-17,B-02,false
C-106430,9770006430,2023-11-01,B-08,false
C-106431,9770006431,2023-11-29,B-04,true
C-106432,9770006432,2023-09-04,B-09,true
C-106433,9770006433,2020-08-24,B-09,false
C-106434,9770006434,2025-09-15,B-01,true
C-106435,9770006435,2025-05-12,B-08,true
C-106436,9770006436,2021-09-19,B-01,true
C-106437,9770006437,2023-04-22,B-04,false
C-106438,9770006438,2026-02-09,B-02,false
C-106439,9770006439,2022-06-29,B-17,false
C-106440,9770006440,2021-12-11,B-08,false
C-106441,9770006441,2021-11-23,B-09,false
C-106442,9770006442,2023-07-23,B-02,false
C-106443,9770006443,2024-09-25,B-09,false
C-106444,9770006444,2025-07-27,B-02,false
C-106445,9770006445,2025-02-19,B-17,true
C-106446,9770006446,2021-08-21,B-08,false
C-106447,9770006447,2021-11-02,B-08,false
C-106448,9770006448,2019-10-05,B-09,true
C-106449,9770006449,2022-08-07,B-04,true
C-106450,9770006450,2020-06-19,B-04,false
C-106451,9770006451,2021-01-17,B-09,true
C-106452,9770006452,2019-11-07,B-08,true
C-106453,9770006453,2020-03-26,B-09,false
C-106454,9770006454,2021-05-20,B-09,true
C-106455,9770006455,2019-09-16,B-01,false
C-106456,9770006456,2020-10-05,B-17,false
C-106457,9770006457,2021-12-13,B-17,true
C-106458,9770006458,2024-04-05,B-02,true
C-106459,9770006459,2022-06-14,B-04,true
C-106460,9770006460,2024-10-12,B-04,false
C-106461,9770006461,2024-11-18,B-02,true
C-106462,9770006462,2024-02-09,B-09,false
C-106463,9770006463,2023-11-29,B-01,false
C-106464,9770006464,2025-02-16,B-09,false
C-106465,9770006465,2020-03-07,B-08,false
C-106466,9770006466,2019-07-24,B-01,false
C-106467,9770006467,2023-05-23,B-09,false
C-106468,9770006468,2023-05-21,B-17,false
C-106469,9770006469,2019-08-06,B-08,false
C-106470,9770006470,2022-12-23,B-04,true
C-106471,9770006471,2024-11-24,B-04,false
C-106472,9770006472,2022-01-11,B-01,true
C-106473,9770006473,2025-06-25,B-08,false
C-106474,9770006474,2026-01-29,B-01,true
C-106475,9770006475,2019-08-18,B-02,true
C-106476,9770006476,2020-09-24,B-17,true
C-106477,9770006477,2019-07-30,B-01,false
C-106478,9770006478,2025-01-22,B-04,true
C-106479,9770006479,2022-06-30,B-17,false
C-106480,9770006480,2023-07-26,B-08,true
C-106481,9770006481,2025-03-17,B-01,true
C-106482,9770006482,2022-04-23,B-17,true
C-106483,9770006483,2019-09-28,B-02,true
C-106484,9770006484,2025-11-08,B-04,false
C-106485,9770006485,2022-09-09,B-08,true
C-106486,9770006486,2021-09-02,B-01,true
C-106487,9770006487,2021-01-24,B-04,false
C-106488,9770006488,2022-06-20,B-08,true
C-106489,9770006489,2020-11-02,B-02,false
C-106490,9770006490,2025-04-15,B-02,false
C-106491,9770006491,2026-02-05,B-08,true
C-106492,9770006492,2022-04-13,B-17,false
C-106493,9770006493,2023-07-14,B-17,false
C-106494,9770006494,2023-05-08,B-08,false
C-106495,9770006495,2024-10-15,B-17,false
C-106496,9770006496,2020-08-13,B-04,true
C-106497,9770006497,2020-10-18,B-08,false
C-106498,9770006498,2020-08-13,B-04,false
C-106499,9770006499,2023-09-10,B-09,false
C-106500,9770006500,2022-08-22,B-08,true
C-106501,9770006501,2021-11-04,B-17,false
C-106502,9770006502,2021-04-12,B-09,true
C-106503,9770006503,2019-11-28,B-08,false
C-106504,9770006504,2020-11-18,B-09,true
C-106505,9770006505,2024-06-17,B-09,false
C-106506,9770006506,2019-09-28,B-08,true
C-106507,9770006507,2025-10-04,B-08,false
C-106508,9770006508,2020-05-22,B-04,false
C-106509,9770006509,2024-02-28,B-09,true
C-106510,9770006510,2022-07-19,B-02,false
C-106511,9770006511,2022-10-20,B-08,false
C-106512,9770006512,2024-12-15,B-09,false
C-106513,9770006513,2022-10-16,B-08,true
C-106514,9770006514,2020-05-10,B-01,false
C-106515,9770006515,2025-01-10,B-08,false
C-106516,9770006516,2020-03-08,B-01,false
C-106517,9770006517,2020-04-09,B-01,true
C-106518,9770006518,2023-06-25,B-09,false
C-106519,9770006519,2025-04-23,B-01,true
C-106520,9770006520,2020-10-16,B-17,false
C-106521,9770006521,2024-07-14,B-08,true
C-106522,9770006522,2025-06-30,B-09,false
C-106523,9770006523,2025-12-04,B-02,false
C-106524,9770006524,2020-12-08,B-04,true
C-106525,9770006525,2020-02-20,B-09,true
C-106526,9770006526,2023-11-18,B-04,false
C-106527,9770006527,2022-04-29,B-02,false
C-106528,9770006528,2024-05-25,B-08,true
C-106529,9770006529,2020-11-04,B-09,true
C-106530,9770006530,2020-12-07,B-02,true
C-106531,9770006531,2024-08-09,B-04,true
C-106532,9770006532,2025-08-03,B-09,false
C-106533,9770006533,2025-01-21,B-02,false
C-106534,9770006534,2023-01-20,B-01,true
C-106535,9770006535,2025-07-17,B-04,false
C-106536,9770006536,2019-07-25,B-09,false
C-106537,9770006537,2019-08-12,B-01,true
C-106538,9770006538,2023-07-02,B-02,true
C-106539,9770006539,2023-07-31,B-17,true
C-106540,9770006540,2025-12-10,B-09,false
C-106541,9770006541,2022-12-19,B-17,true
C-106542,9770006542,2021-09-11,B-17,false
C-106543,9770006543,2020-07-17,B-01,false
C-106544,9770006544,2025-12-05,B-01,false
C-106545,9770006545,2020-02-04,B-09,false
C-106546,9770006546,2025-10-11,B-17,false
C-106547,9770006547,2025-11-17,B-08,false
C-106548,9770006548,2025-09-24,B-17,false
C-106549,9770006549,2024-02-09,B-02,false
C-106550,9770006550,2022-08-12,B-01,true
C-106551,9770006551,2021-09-17,B-01,true
C-106552,9770006552,2023-09-15,B-09,false
C-106553,9770006553,2024-12-22,B-04,true
C-106554,9770006554,2020-07-19,B-09,true
C-106555,9770006555,2024-07-15,B-04,false
C-106556,9770006556,2024-11-10,B-02,false
C-106557,9770006557,2025-11-11,B-01,false
C-106558,9770006558,2020-10-15,B-09,false
C-106559,9770006559,2020-11-11,B-02,true
C-106560,9770006560,2022-09-19,B-02,false
C-106561,9770006561,2021-06-09,B-17,false
C-106562,9770006562,2022-10-22,B-17,true
C-106563,9770006563,2022-01-11,B-08,true
C-106564,9770006564,2022-10-05,B-04,true
C-106565,9770006565,2023-06-01,B-08,false
C-106566,9770006566,2023-12-21,B-01,false
C-106567,9770006567,2023-07-20,B-02,false
C-106568,9770006568,2024-08-09,B-08,false
C-106569,9770006569,2020-11-01,B-08,true
C-106570,9770006570,2021-07-27,B-04,false
C-106571,9770006571,2022-07-09,B-02,true
C-106572,9770006572,2019-10-07,B-02,true
C-106573,9770006573,2019-08-08,B-01,true
C-106574,9770006574,2019-11-01,B-08,false
C-106575,9770006575,2025-03-27,B-17,false
C-106576,9770006576,2021-05-17,B-01,false
C-106577,9770006577,2022-10-24,B-08,false
C-106578,9770006578,2020-02-27,B-09,false
C-106579,9770006579,2022-03-25,B-01,false
C-106580,9770006580,2024-08-25,B-17,false
C-106581,9770006581,2022-01-12,B-09,false
C-106582,9770006582,2022-11-19,B-17,false
C-106583,9770006583,2026-02-26,B-09,false
C-106584,9770006584,2021-06-15,B-04,false
C-106585,9770006585,2023-07-03,B-08,true
C-106586,9770006586,2025-02-26,B-09,false
C-106587,9770006587,2021-12-06,B-08,true
C-106588,9770006588,2019-11-10,B-17,true
C-106589,9770006589,2023-09-22,B-01,false
C-106590,9770006590,2022-01-31,B-01,true
C-106591,9770006591,2022-01-12,B-09,false
C-106592,9770006592,2022-12-04,B-01,true
C-106593,9770006593,2025-02-15,B-04,true
C-106594,9770006594,2025-04-19,B-09,false
C-106595,9770006595,2020-01-29,B-08,false
C-106596,9770006596,2020-10-22,B-04,false
C-106597,9770006597,2023-10-25,B-04,true
C-106598,9770006598,2026-03-10,B-09,true
C-106599,9770006599,2021-07-11,B-01,false
C-106600,9770006600,2025-09-18,B-02,false
C-106601,9770006601,2020-10-27,B-17,true
C-106602,9770006602,2022-04-10,B-09,false
C-106603,9770006603,2025-01-30,B-17,true
C-106604,9770006604,2024-12-22,B-17,false
C-106605,9770006605,2021-03-11,B-17,true
C-106606,9770006606,2020-02-26,B-04,false
C-106607,9770006607,2022-04-11,B-04,true
C-106608,9770006608,2026-02-10,B-01,false
C-106609,9770006609,2023-12-29,B-09,true
C-106610,9770006610,2021-11-15,B-01,true
C-106611,9770006611,2019-09-23,B-09,true
C-106612,9770006612,2025-04-04,B-01,false
C-106613,9770006613,2021-12-18,B-01,false
C-106614,9770006614,2024-04-11,B-09,false
C-106615,9770006615,2020-09-16,B-02,true
C-106616,9770006616,2025-05-03,B-01,false
C-106617,9770006617,2025-03-05,B-01,false
C-106618,9770006618,2019-11-02,B-09,true
C-106619,9770006619,2023-01-01,B-08,true
C-106620,9770006620,2020-07-10,B-01,false
C-106621,9770006621,2022-05-16,B-04,true
C-106622,9770006622,2022-07-19,B-17,false
C-106623,9770006623,2020-04-16,B-02,false
C-106624,9770006624,2020-01-24,B-04,false
C-106625,9770006625,2023-08-29,B-09,false
C-106626,9770006626,2026-01-10,B-09,true
C-106627,9770006627,2021-11-15,B-08,false
C-106628,9770006628,2020-05-01,B-01,true
C-106629,9770006629,2020-11-13,B-02,false
C-106630,9770006630,2022-02-05,B-04,true
C-106631,9770006631,2022-09-01,B-02,false
C-106632,9770006632,2020-11-20,B-04,true
C-106633,9770006633,2024-10-02,B-08,false
C-106634,9770006634,2019-12-28,B-02,false
C-106635,9770006635,2025-10-12,B-02,true
C-106636,9770006636,2021-05-03,B-02,false
C-106637,9770006637,2025-05-24,B-02,false
C-106638,9770006638,2024-06-23,B-08,true
C-106639,9770006639,2024-12-10,B-09,false
C-106640,9770006640,2019-12-05,B-09,true
C-106641,9770006641,2025-08-16,B-04,true
C-106642,9770006642,2026-03-07,B-04,true
C-106643,9770006643,2026-01-13,B-02,false
C-106644,9770006644,2020-03-31,B-17,false
C-106645,9770006645,2021-03-21,B-08,true
C-106646,9770006646,2026-03-07,B-09,false
C-106647,9770006647,2021-01-01,B-09,true
C-106648,9770006648,2025-09-18,B-01,true
C-106649,9770006649,2022-09-17,B-04,false
C-106650,9770006650,2019-08-22,B-09,false
C-106651,9770006651,2020-03-01,B-08,false
C-106652,9770006652,2020-10-28,B-01,false
C-106653,9770006653,2022-03-01,B-08,false
C-106654,9770006654,2019-12-18,B-08,false
C-106655,9770006655,2022-11-03,B-08,false
C-106656,9770006656,2025-09-26,B-02,false
C-106657,9770006657,2021-03-31,B-09,true
C-106658,9770006658,2020-02-07,B-02,true
C-106659,9770006659,2019-08-13,B-08,false
C-106660,9770006660,2025-08-13,B-17,false
C-106661,9770006661,2021-05-28,B-08,true
C-106662,9770006662,2022-11-09,B-09,false
C-106663,9770006663,2023-06-09,B-02,true
C-106664,9770006664,2025-11-07,B-08,false
C-106665,9770006665,2025-12-31,B-09,true
C-106666,9770006666,2021-01-28,B-09,false
C-106667,9770006667,2023-09-21,B-01,true
C-106668,9770006668,2021-08-17,B-08,false
C-106669,9770006669,2024-01-26,B-04,false
C-106670,9770006670,2025-11-29,B-04,true
C-106671,9770006671,2020-08-12,B-09,false
C-106672,9770006672,2025-11-12,B-04,false
C-106673,9770006673,2020-09-03,B-17,true
C-106674,9770006674,2021-02-27,B-02,true
C-106675,9770006675,2021-11-08,B-17,true
C-106676,9770006676,2022-09-23,B-04,false
C-106677,9770006677,2024-09-19,B-08,true
C-106678,9770006678,2022-03-10,B-01,false
C-106679,9770006679,2020-10-16,B-04,false
C-106680,9770006680,2024-08-17,B-17,false
C-106681,9770006681,2024-06-09,B-08,false
C-106682,9770006682,2024-05-31,B-02,false
C-106683,9770006683,2022-12-01,B-17,false
C-106684,9770006684,2020-05-23,B-17,true
C-106685,9770006685,2019-11-24,B-17,true
C-106686,9770006686,2024-10-11,B-01,false
C-106687,9770006687,2025-11-17,B-01,true
C-106688,9770006688,2022-08-21,B-04,false
C-106689,9770006689,2025-06-21,B-09,true
C-106690,9770006690,2022-01-21,B-04,true
C-106691,9770006691,2023-05-25,B-01,false
C-106692,9770006692,2023-02-19,B-01,true
C-106693,9770006693,2024-12-27,B-04,true
C-106694,9770006694,2024-04-30,B-17,false
C-106695,9770006695,2024-05-05,B-04,true
C-106696,9770006696,2025-11-27,B-01,true
C-106697,9770006697,2024-08-02,B-04,true
C-106698,9770006698,2020-04-04,B-17,false
C-106699,9770006699,2020-08-25,B-04,false
C-106700,9770006700,2021-01-13,B-08,false
C-106701,9770006701,2023-05-10,B-08,false
C-106702,9770006702,2024-08-01,B-02,true
C-106703,9770006703,2025-10-29,B-01,false
C-106704,9770006704,2023-09-17,B-01,false
C-106705,9770006705,2022-04-20,B-08,true
C-106706,9770006706,2021-05-28,B-01,false
C-106707,9770006707,2021-10-16,B-08,false
C-106708,9770006708,2023-06-24,B-17,false
C-106709,9770006709,2021-10-21,B-17,false
C-106710,9770006710,2020-03-03,B-08,true
C-106711,9770006711,2019-09-20,B-17,true
C-106712,9770006712,2024-07-25,B-08,true
C-106713,9770006713,2022-08-19,B-17,false
C-106714,9770006714,2020-09-06,B-01,false
C-106715,9770006715,2021-06-26,B-17,true
C-106716,9770006716,2019-11-09,B-08,false
C-106717,9770006717,2021-07-29,B-04,false
C-106718,9770006718,2023-03-08,B-17,false
C-106719,9770006719,2023-07-02,B-02,false
C-106720,9770006720,2021-09-19,B-01,false
C-106721,9770006721,2022-12-22,B-09,false
C-106722,9770006722,2022-11-05,B-04,false
C-106723,9770006723,2022-12-02,B-08,false
C-106724,9770006724,2025-09-03,B-17,false
C-106725,9770006725,2021-08-24,B-09,false
C-106726,9770006726,2019-06-25,B-08,false
C-106727,9770006727,2021-03-27,B-09,true
C-106728,9770006728,2019-07-27,B-01,false
C-106729,9770006729,2020-11-26,B-02,true
C-106730,9770006730,2020-08-17,B-17,false
C-106731,9770006731,2026-02-23,B-17,false
C-106732,9770006732,2022-03-16,B-02,false
C-106733,9770006733,2024-03-06,B-01,true
C-106734,9770006734,2024-06-09,B-09,true
C-106735,9770006735,2024-01-12,B-17,true
C-106736,9770006736,2024-04-02,B-02,false
C-106737,9770006737,2023-05-25,B-01,false
C-106738,9770006738,2019-08-31,B-04,true
C-106739,9770006739,2024-01-09,B-02,false
C-106740,9770006740,2020-02-07,B-17,false
C-106741,9770006741,2021-10-28,B-08,false
C-106742,9770006742,2020-01-10,B-04,true
C-106743,9770006743,2026-01-27,B-02,true
C-106744,9770006744,2025-03-19,B-02,false
C-106745,9770006745,2021-07-31,B-01,false
C-106746,9770006746,2019-08-11,B-04,false
C-106747,9770006747,2020-08-11,B-17,false
C-106748,9770006748,2021-12-17,B-17,true
C-106749,9770006749,2021-10-05,B-02,false
C-106750,9770006750,2023-09-19,B-17,true
C-106751,9770006751,2022-09-17,B-09,false
C-106752,9770006752,2021-09-13,B-02,true
C-106753,9770006753,2019-09-30,B-09,false
C-106754,9770006754,2019-08-22,B-04,false
C-106755,9770006755,2024-12-23,B-09,false
C-106756,9770006756,2020-06-24,B-17,true
C-106757,9770006757,2019-08-12,B-09,true
C-106758,9770006758,2026-03-26,B-08,false
C-106759,9770006759,2025-04-03,B-01,false
C-106760,9770006760,2025-08-30,B-17,false
C-106761,9770006761,2021-05-27,B-04,true
C-106762,9770006762,2021-08-14,B-09,false
C-106763,9770006763,2020-06-10,B-02,true
C-106764,9770006764,2023-03-04,B-09,true
C-106765,9770006765,2023-06-10,B-17,false
C-106766,9770006766,2025-06-11,B-04,true
C-106767,9770006767,2024-05-22,B-09,false
C-106768,9770006768,2024-07-13,B-17,true
C-106769,9770006769,2022-07-29,B-04,true
C-106770,9770006770,2022-01-09,B-04,true
C-106771,9770006771,2023-02-17,B-01,false
C-106772,9770006772,2020-07-16,B-09,true
C-106773,9770006773,2025-10-15,B-01,false
C-106774,9770006774,2025-11-25,B-09,true
C-106775,9770006775,2025-01-20,B-04,true
C-106776,9770006776,2020-08-26,B-09,false
C-106777,9770006777,2019-10-13,B-08,true
C-106778,9770006778,2025-07-11,B-09,false
C-106779,9770006779,2024-10-17,B-08,true
C-106780,9770006780,2025-10-25,B-02,true
C-106781,9770006781,2021-09-23,B-17,false
C-106782,9770006782,2022-09-04,B-09,true
C-106783,9770006783,2023-08-24,B-01,false
C-106784,9770006784,2025-04-29,B-17,true
C-106785,9770006785,2024-11-24,B-08,true
C-106786,9770006786,2024-04-28,B-01,true
C-106787,9770006787,2019-08-14,B-09,false
C-106788,9770006788,2020-08-13,B-09,false
C-106789,9770006789,2022-07-20,B-02,true
C-106790,9770006790,2019-12-30,B-04,false
C-106791,9770006791,2021-10-31,B-04,true
C-106792,9770006792,2020-04-10,B-01,false
C-106793,9770006793,2024-10-12,B-01,false
C-106794,9770006794,2021-08-17,B-01,false
C-106795,9770006795,2019-06-06,B-09,false
C-106796,9770006796,2021-08-07,B-08,false
C-106797,9770006797,2023-03-01,B-09,false
C-106798,9770006798,2021-07-19,B-02,false
C-106799,9770006799,2024-01-31,B-01,true
C-106800,9770006800,2026-03-15,B-17,false
C-106801,9770006801,2023-01-13,B-09,true
C-106802,9770006802,2019-12-17,B-04,false
C-106803,9770006803,2019-07-29,B-08,true
C-106804,9770006804,2021-04-08,B-04,false
C-106805,9770006805,2020-05-03,B-02,true
C-106806,9770006806,2021-11-28,B-09,false
C-106807,9770006807,2022-08-07,B-17,true
C-106808,9770006808,2021-12-11,B-08,true
C-106809,9770006809,2024-01-23,B-01,false
C-106810,9770006810,2025-08-31,B-04,false
C-106811,9770006811,2022-04-29,B-04,true
C-106812,9770006812,2024-03-30,B-17,false
C-106813,9770006813,2023-02-12,B-04,true
C-106814,9770006814,2019-07-19,B-17,false
C-106815,9770006815,2021-12-09,B-17,true
C-106816,9770006816,2023-01-11,B-17,false
C-106817,9770006817,2021-04-28,B-02,true
C-106818,9770006818,2025-09-12,B-17,false
C-106819,9770006819,2025-01-04,B-17,false
C-106820,9770006820,2021-02-28,B-09,false
C-106821,9770006821,2023-10-08,B-02,false
C-106822,9770006822,2024-06-02,B-02,false
C-106823,9770006823,2020-05-05,B-08,false
C-106824,9770006824,2023-06-11,B-02,false
C-106825,9770006825,2021-09-26,B-08,false
C-106826,9770006826,2020-08-23,B-02,false
C-106827,9770006827,2019-09-29,B-17,false
C-106828,9770006828,2023-02-06,B-08,true
C-106829,9770006829,2024-03-06,B-08,false
C-106830,9770006830,2023-09-13,B-08,false
C-106831,9770006831,2020-02-27,B-17,false
C-106832,9770006832,2022-06-09,B-01,false
C-106833,9770006833,2025-08-23,B-09,true
C-106834,9770006834,2023-11-15,B-09,true
C-106835,9770006835,2022-04-16,B-09,true
C-106836,9770006836,2025-01-09,B-02,false
C-106837,9770006837,2020-02-09,B-08,true
C-106838,9770006838,2019-10-03,B-04,true
C-106839,9770006839,2023-03-14,B-09,false
C-106840,9770006840,2023-08-01,B-02,false
C-106841,9770006841,2025-04-29,B-02,true
C-106842,9770006842,2020-09-24,B-01,true
C-106843,9770006843,2021-06-06,B-04,false
C-106844,9770006844,2025-10-14,B-08,true
C-106845,9770006845,2019-07-30,B-01,true
C-106846,9770006846,2020-07-24,B-04,false
C-106847,9770006847,2024-10-31,B-17,false
C-106848,9770006848,2025-07-27,B-17,true
C-106849,9770006849,2023-08-28,B-04,true
C-106850,9770006850,2024-04-20,B-17,false
C-106851,9770006851,2025-03-08,B-09,false
C-106852,9770006852,2024-08-06,B-09,true
C-106853,9770006853,2021-05-12,B-01,true
C-106854,9770006854,2023-04-02,B-01,true
C-106855,9770006855,2019-12-12,B-02,false
C-106856,9770006856,2022-09-28,B-08,true
C-106857,9770006857,2019-11-08,B-17,false
C-106858,9770006858,2025-08-17,B-04,true
C-106859,9770006859,2020-05-03,B-08,false
C-106860,9770006860,2022-04-21,B-04,false
C-106861,9770006861,2019-07-27,B-09,false
C-106862,9770006862,2026-02-18,B-09,false
C-106863,9770006863,2024-08-14,B-04,true
C-106864,9770006864,2025-02-03,B-02,false
C-106865,9770006865,2022-08-11,B-09,false
C-106866,9770006866,2023-07-10,B-08,false
C-106867,9770006867,2023-05-23,B-01,false
C-106868,9770006868,2020-06-21,B-09,false
C-106869,9770006869,2020-08-19,B-01,true
C-106870,9770006870,2023-08-22,B-04,false
C-106871,9770006871,2021-04-09,B-01,true
C-106872,9770006872,2019-10-01,B-04,false
C-106873,9770006873,2020-06-18,B-09,true
C-106874,9770006874,2019-10-09,B-09,true
C-106875,9770006875,2021-12-13,B-04,true
C-106876,9770006876,2024-04-15,B-04,false
C-106877,9770006877,2022-09-13,B-09,true
C-106878,9770006878,2022-06-21,B-02,false
C-106879,9770006879,2024-03-08,B-09,true
C-106880,9770006880,2022-01-30,B-01,false
C-106881,9770006881,2023-02-14,B-08,true
C-106882,9770006882,2022-04-07,B-17,false
C-106883,9770006883,2019-11-02,B-02,false
C-106884,9770006884,2024-05-04,B-01,false
C-106885,9770006885,2022-11-15,B-01,true
C-106886,9770006886,2022-04-28,B-01,true
C-106887,9770006887,2019-07-04,B-04,false
C-106888,9770006888,2025-12-30,B-08,true
C-106889,9770006889,2019-09-18,B-01,false
C-106890,9770006890,2025-09-01,B-01,true
C-106891,9770006891,2021-08-23,B-17,false
C-106892,9770006892,2020-09-01,B-09,true
C-106893,9770006893,2022-02-02,B-01,false
C-106894,9770006894,2023-04-24,B-08,true
C-106895,9770006895,2019-09-20,B-04,false
C-106896,9770006896,2025-02-01,B-02,false
C-106897,9770006897,2025-01-31,B-01,false
C-106898,9770006898,2023-01-11,B-01,false
C-106899,9770006899,2021-06-04,B-01,false
C-106900,9770006900,2026-02-27,B-08,false
C-106901,9770006901,2021-08-01,B-09,false
C-106902,9770006902,2022-08-25,B-02,false
C-106903,9770006903,2022-04-03,B-09,false
C-106904,9770006904,2019-06-10,B-17,false
C-106905,9770006905,2021-11-14,B-01,true
C-106906,9770006906,2023-04-25,B-08,true
C-106907,9770006907,2020-06-13,B-04,false
C-106908,9770006908,2022-04-14,B-01,false
C-106909,9770006909,2020-06-19,B-08,true
C-106910,9770006910,2024-12-13,B-01,false
C-106911,9770006911,2020-12-24,B-09,false
C-106912,9770006912,2019-07-21,B-04,false
C-106913,9770006913,2020-07-04,B-08,false
C-106914,9770006914,2021-01-22,B-04,false
C-106915,9770006915,2026-01-29,B-08,false
C-106916,9770006916,2020-10-04,B-08,true
C-106917,9770006917,2021-02-10,B-09,false
C-106918,9770006918,2022-07-06,B-09,false
C-106919,9770006919,2021-05-30,B-04,false
C-106920,9770006920,2025-05-01,B-09,true
C-106921,9770006921,2024-10-24,B-17,true
C-106922,9770006922,2026-02-17,B-01,true
C-106923,9770006923,2023-10-18,B-02,true
C-106924,9770006924,2025-08-18,B-08,true
C-106925,9770006925,2020-03-26,B-17,true
C-106926,9770006926,2021-05-30,B-08,false
C-106927,9770006927,2021-04-09,B-17,false
C-106928,9770006928,2019-08-09,B-09,true
C-106929,9770006929,2021-04-17,B-08,true
C-106930,9770006930,2024-11-28,B-17,false
C-106931,9770006931,2022-01-31,B-17,true
C-106932,9770006932,2023-12-15,B-09,false
C-106933,9770006933,2022-05-28,B-02,false
C-106934,9770006934,2024-05-20,B-17,false
C-106935,9770006935,2020-06-13,B-09,true
C-106936,9770006936,2023-10-13,B-17,false
C-106937,9770006937,2021-02-05,B-08,false
C-106938,9770006938,2025-08-29,B-08,false
C-106939,9770006939,2020-01-21,B-08,true
C-106940,9770006940,2022-12-01,B-17,false
C-106941,9770006941,2021-03-04,B-02,true
C-106942,9770006942,2022-04-17,B-09,true
C-106943,9770006943,2020-01-05,B-01,false
C-106944,9770006944,2022-10-17,B-01,true
C-106945,9770006945,2020-01-29,B-02,false
C-106946,9770006946,2025-11-12,B-09,true
C-106947,9770006947,2022-07-04,B-08,true
C-106948,9770006948,2024-01-09,B-17,true
C-106949,9770006949,2025-09-16,B-08,false
C-106950,9770006950,2020-05-28,B-17,true
C-106951,9770006951,2021-11-03,B-17,true
C-106952,9770006952,2020-01-06,B-01,false
C-106953,9770006953,2019-10-13,B-08,true
C-106954,9770006954,2025-11-14,B-02,false
C-106955,9770006955,2025-12-28,B-02,false
C-106956,9770006956,2020-08-09,B-17,true
C-106957,9770006957,2020-04-18,B-02,false
C-106958,9770006958,2022-12-05,B-01,false
C-106959,9770006959,2020-03-06,B-01,false
C-106960,9770006960,2019-08-23,B-08,false
C-106961,9770006961,2023-10-28,B-17,false
C-106962,9770006962,2020-02-09,B-08,false
C-106963,9770006963,2023-11-10,B-04,false
C-106964,9770006964,2020-05-16,B-09,false
C-106965,9770006965,2022-03-07,B-08,true
C-106966,9770006966,2022-12-20,B-01,true
C-106967,9770006967,2024-01-29,B-04,true
C-106968,9770006968,2021-06-07,B-08,false
C-106969,9770006969,2025-08-07,B-01,true
C-106970,9770006970,2022-12-14,B-09,false
C-106971,9770006971,2025-06-27,B-01,true
C-106972,9770006972,2023-09-06,B-04,false
C-106973,9770006973,2022-08-18,B-01,false
C-106974,9770006974,2021-06-03,B-08,true
C-106975,9770006975,2024-05-02,B-02,true
C-106976,9770006976,2020-09-28,B-01,true
C-106977,9770006977,2022-08-15,B-17,true
C-106978,9770006978,2024-03-23,B-01,true
C-106979,9770006979,2023-07-02,B-02,false
C-106980,9770006980,2021-07-26,B-04,false
C-106981,9770006981,2021-01-12,B-08,false
C-106982,9770006982,2025-11-13,B-17,false
C-106983,9770006983,2023-04-11,B-01,true
C-106984,9770006984,2025-11-21,B-17,false
C-106985,9770006985,2023-05-04,B-02,false
C-106986,9770006986,2020-09-06,B-08,false
C-106987,9770006987,2025-10-27,B-09,false
C-106988,9770006988,2025-12-15,B-08,true
C-106989,9770006989,2025-03-14,B-04,false
C-106990,9770006990,2023-09-06,B-02,true
C-106991,9770006991,2025-09-25,B-17,true
C-106992,9770006992,2021-07-07,B-01,true
C-106993,9770006993,2024-04-18,B-02,true
C-106994,9770006994,2022-02-21,B-02,true
C-106995,9770006995,2025-10-09,B-17,false
C-106996,9770006996,2023-06-07,B-02,true
C-106997,9770006997,2022-04-15,B-17,true
C-106998,9770006998,2023-11-03,B-09,false
C-106999,9770006999,2025-07-16,B-08,false
C-107000,9770007000,2021-08-27,B-02,true
C-107001,9770007001,2025-11-08,B-02,true
C-107002,9770007002,2026-03-11,B-08,true
C-107003,9770007003,2020-04-30,B-09,false
C-107004,9770007004,2019-06-17,B-09,false
C-107005,9770007005,2025-03-20,B-08,false
C-107006,9770007006,2024-02-23,B-04,false
C-107007,9770007007,2020-08-28,B-17,false
C-107008,9770007008,2024-06-19,B-02,false
C-107009,9770007009,2024-02-24,B-02,false
C-107010,9770007010,2022-01-29,B-04,true
C-107011,9770007011,2021-06-20,B-17,false
C-107012,9770007012,2025-08-29,B-01,false
C-107013,9770007013,2025-01-21,B-08,true
C-107014,9770007014,2021-03-13,B-09,false
C-107015,9770007015,2025-03-26,B-04,false
C-107016,9770007016,2020-02-20,B-17,false
C-107017,9770007017,2020-07-06,B-04,false
C-107018,9770007018,2023-04-17,B-17,false
C-107019,9770007019,2022-03-12,B-04,false
C-107020,9770007020,2022-10-31,B-17,false
C-107021,9770007021,2023-06-03,B-17,false
C-107022,9770007022,2020-02-29,B-08,false
C-107023,9770007023,2024-07-13,B-08,true
C-107024,9770007024,2022-10-14,B-01,true
C-107025,9770007025,2021-12-25,B-04,true
C-107026,9770007026,2022-10-09,B-09,false
C-107027,9770007027,2020-10-22,B-04,false
C-107028,9770007028,2024-04-01,B-01,true
C-107029,9770007029,2025-04-14,B-01,true
C-107030,9770007030,2020-12-27,B-02,false
C-107031,9770007031,2025-07-23,B-01,true
C-107032,9770007032,2025-09-16,B-17,true
C-107033,9770007033,2021-12-03,B-04,false
C-107034,9770007034,2024-08-15,B-08,false
C-107035,9770007035,2020-03-09,B-02,true
C-107036,9770007036,2021-06-01,B-02,true
C-107037,9770007037,2020-02-16,B-08,false
C-107038,9770007038,2020-06-21,B-04,true
C-107039,9770007039,2019-10-15,B-02,false
C-107040,9770007040,2019-05-30,B-02,false
C-107041,9770007041,2022-05-23,B-09,false
C-107042,9770007042,2019-07-31,B-02,false
C-107043,9770007043,2023-05-20,B-01,false
C-107044,9770007044,2020-10-27,B-04,true
C-107045,9770007045,2020-07-06,B-04,false
C-107046,9770007046,2020-03-18,B-17,false
C-107047,9770007047,2022-01-31,B-02,true
C-107048,9770007048,2020-12-31,B-01,false
C-107049,9770007049,2025-02-15,B-09,false
C-107050,9770007050,2023-08-20,B-09,false
C-107051,9770007051,2026-03-24,B-04,true
C-107052,9770007052,2025-09-24,B-17,false
C-107053,9770007053,2023-02-21,B-04,true
C-107054,9770007054,2021-09-25,B-17,true
C-107055,9770007055,2023-07-14,B-02,true
C-107056,9770007056,2025-02-25,B-08,true
C-107057,9770007057,2024-02-18,B-08,false
C-107058,9770007058,2024-06-12,B-17,false
C-107059,9770007059,2024-10-13,B-17,false
C-107060,9770007060,2025-07-26,B-17,true
C-107061,9770007061,2025-02-21,B-17,true
C-107062,9770007062,2023-09-03,B-04,false
C-107063,9770007063,2020-03-30,B-17,false
C-107064,9770007064,2023-12-12,B-02,true
C-107065,9770007065,2019-11-17,B-08,true
C-107066,9770007066,2021-03-31,B-04,true
C-107067,9770007067,2023-09-27,B-02,true
C-107068,9770007068,2021-05-20,B-09,true
C-107069,9770007069,2023-06-07,B-17,true
C-107070,9770007070,2020-03-02,B-04,false
C-107071,9770007071,2022-01-27,B-04,true
C-107072,9770007072,2026-03-19,B-04,true
C-107073,9770007073,2023-03-18,B-17,true
C-107074,9770007074,2024-09-18,B-02,true
C-107075,9770007075,2020-08-22,B-17,true
C-107076,9770007076,2021-01-30,B-04,true
C-107077,9770007077,2019-07-30,B-04,true
C-107078,9770007078,2026-03-20,B-04,true
C-107079,9770007079,2026-02-04,B-02,false
C-107080,9770007080,2019-07-18,B-02,false
C-107081,9770007081,2020-04-09,B-08,false
C-107082,9770007082,2019-08-18,B-17,false
C-107083,9770007083,2022-02-22,B-08,false
C-107084,9770007084,2019-10-26,B-04,false
C-107085,9770007085,2025-07-07,B-09,true
C-107086,9770007086,2025-09-13,B-08,false
C-107087,9770007087,2020-10-09,B-08,false
C-107088,9770007088,2024-02-05,B-09,true
C-107089,9770007089,2024-07-18,B-01,true
C-107090,9770007090,2021-07-12,B-04,false
C-107091,9770007091,2020-10-17,B-01,false
C-107092,9770007092,2024-03-04,B-09,true
C-107093,9770007093,2020-12-27,B-09,false
C-107094,9770007094,2023-01-20,B-01,true
C-107095,9770007095,2025-06-19,B-17,false
C-107096,9770007096,2025-04-22,B-09,false
C-107097,9770007097,2022-01-25,B-04,false
C-107098,9770007098,2025-12-26,B-01,false
C-107099,9770007099,2025-02-23,B-04,true
C-107100,9770007100,2023-11-30,B-02,true
C-107101,9770007101,2020-07-19,B-08,false
C-107102,9770007102,2020-10-15,B-04,true
C-107103,9770007103,2023-06-24,B-17,false
C-107104,9770007104,2025-05-30,B-09,true
C-107105,9770007105,2025-06-19,B-08,true
C-107106,9770007106,2019-11-24,B-04,true
C-107107,9770007107,2021-12-02,B-08,true
C-107108,9770007108,2025-01-14,B-04,true
C-107109,9770007109,2019-09-17,B-01,true
C-107110,9770007110,2019-12-31,B-08,true
C-107111,9770007111,2025-07-12,B-04,true
C-107112,9770007112,2024-08-02,B-04,false
C-107113,9770007113,2019-10-17,B-01,true
C-107114,9770007114,2020-10-21,B-01,true
C-107115,9770007115,2026-01-11,B-08,false
C-107116,9770007116,2024-02-04,B-04,false
C-107117,9770007117,2025-06-03,B-04,false
C-107118,9770007118,2022-11-27,B-08,false
C-107119,9770007119,2023-01-11,B-01,false
C-107120,9770007120,2022-07-25,B-09,true
C-107121,9770007121,2023-09-19,B-04,true
C-107122,9770007122,2022-02-01,B-08,true
C-107123,9770007123,2025-07-02,B-17,true
C-107124,9770007124,2021-04-17,B-02,true
C-107125,9770007125,2025-02-27,B-17,false
C-107126,9770007126,2023-01-13,B-02,false
C-107127,9770007127,2023-01-26,B-02,false
C-107128,9770007128,2022-07-06,B-04,false
C-107129,9770007129,2023-03-03,B-01,true
C-107130,9770007130,2023-08-22,B-17,false
C-107131,9770007131,2024-06-06,B-08,true
C-107132,9770007132,2025-04-24,B-08,false
C-107133,9770007133,2023-10-03,B-01,true
C-107134,9770007134,2020-06-15,B-17,true
C-107135,9770007135,2019-10-22,B-08,true
C-107136,9770007136,2023-06-22,B-02,true
C-107137,9770007137,2022-01-03,B-02,false
C-107138,9770007138,2023-07-31,B-17,true
C-107139,9770007139,2019-10-24,B-01,false
C-107140,9770007140,2024-10-21,B-01,false
C-107141,9770007141,2019-06-14,B-04,true
C-107142,9770007142,2021-01-26,B-04,false
C-107143,9770007143,2026-03-09,B-02,false
C-107144,9770007144,2020-05-11,B-04,false
C-107145,9770007145,2024-10-17,B-04,false
C-107146,9770007146,2019-06-15,B-17,false
C-107147,9770007147,2023-08-19,B-09,true
C-107148,9770007148,2020-02-10,B-04,true
C-107149,9770007149,2021-02-12,B-02,true
C-107150,9770007150,2023-06-23,B-17,true
C-107151,9770007151,2023-11-02,B-04,false
C-107152,9770007152,2024-03-21,B-17,false
C-107153,9770007153,2019-06-09,B-09,false
C-107154,9770007154,2019-08-15,B-04,true
C-107155,9770007155,2021-06-09,B-08,false
C-107156,9770007156,2025-11-18,B-08,false
C-107157,9770007157,2022-11-02,B-04,true
C-107158,9770007158,2022-11-25,B-17,true
C-107159,9770007159,2020-12-27,B-04,false
C-107160,9770007160,2023-01-02,B-09,false
C-107161,9770007161,2022-07-25,B-01,true
C-107162,9770007162,2021-08-23,B-08,false
C-107163,9770007163,2025-06-11,B-09,false
C-107164,9770007164,2019-07-10,B-09,true
C-107165,9770007165,2020-03-21,B-09,true
C-107166,9770007166,2021-04-23,B-17,false
C-107167,9770007167,2022-01-02,B-09,true
C-107168,9770007168,2019-12-30,B-08,true
C-107169,9770007169,2023-07-24,B-17,true
C-107170,9770007170,2023-02-10,B-08,false
C-107171,9770007171,2019-12-31,B-02,false
C-107172,9770007172,2022-04-03,B-04,false
C-107173,9770007173,2026-01-14,B-09,true
C-107174,9770007174,2023-07-01,B-01,false
C-107175,9770007175,2022-08-06,B-04,true
C-107176,9770007176,2022-02-27,B-09,false
C-107177,9770007177,2022-11-10,B-17,false
C-107178,9770007178,2019-11-16,B-09,false
C-107179,9770007179,2024-09-09,B-17,false
C-107180,9770007180,2024-02-06,B-09,false
C-107181,9770007181,2020-10-19,B-09,true
C-107182,9770007182,2024-04-27,B-17,true
C-107183,9770007183,2022-07-23,B-17,false
C-107184,9770007184,2019-09-20,B-01,true
C-107185,9770007185,2020-03-14,B-01,true
C-107186,9770007186,2022-12-21,B-01,true
C-107187,9770007187,2022-03-14,B-04,false
C-107188,9770007188,2021-01-22,B-09,false
C-107189,9770007189,2025-05-30,B-17,true
C-107190,9770007190,2020-09-15,B-02,false
C-107191,9770007191,2022-02-19,B-09,true
C-107192,9770007192,2023-02-18,B-04,false
C-107193,9770007193,2020-03-22,B-08,false
C-107194,9770007194,2023-08-30,B-02,false
C-107195,9770007195,2020-08-05,B-08,false
C-107196,9770007196,2025-12-25,B-02,true
C-107197,9770007197,2020-12-15,B-17,false
C-107198,9770007198,2020-12-13,B-09,true
C-107199,9770007199,2022-05-19,B-01,false
C-107200,9770007200,2025-01-24,B-17,false
C-107201,9770007201,2023-06-17,B-09,false
C-107202,9770007202,2021-12-07,B-17,false
C-107203,9770007203,2020-07-29,B-02,false
C-107204,9770007204,2022-05-26,B-09,true
C-107205,9770007205,2022-09-23,B-02,false
C-107206,9770007206,2024-02-16,B-02,false
C-107207,9770007207,2026-02-22,B-04,true
C-107208,9770007208,2019-09-16,B-08,true
C-107209,9770007209,2019-11-07,B-02,true
C-107210,9770007210,2024-07-01,B-04,false
C-107211,9770007211,2020-11-29,B-17,false
C-107212,9770007212,2020-06-19,B-02,true
C-107213,9770007213,2020-09-28,B-17,false
C-107214,9770007214,2021-12-20,B-04,false
C-107215,9770007215,2023-12-25,B-09,true
C-107216,9770007216,2019-11-20,B-17,true
C-107217,9770007217,2020-07-10,B-08,false
C-107218,9770007218,2021-11-01,B-08,false
C-107219,9770007219,2022-10-26,B-02,false
C-107220,9770007220,2025-01-15,B-02,false
C-107221,9770007221,2024-03-02,B-08,false
C-107222,9770007222,2022-11-07,B-09,true
C-107223,9770007223,2024-09-22,B-17,true
C-107224,9770007224,2023-08-07,B-09,false
C-107225,9770007225,2022-02-01,B-17,false
C-107226,9770007226,2019-07-29,B-17,false
C-107227,9770007227,2020-12-29,B-09,false
C-107228,9770007228,2019-11-07,B-04,false
C-107229,9770007229,2022-04-09,B-09,false
C-107230,9770007230,2020-04-11,B-04,true
C-107231,9770007231,2022-10-14,B-02,false
C-107232,9770007232,2020-01-30,B-02,false
C-107233,9770007233,2024-10-05,B-01,false
C-107234,9770007234,2025-07-21,B-17,true
C-107235,9770007235,2023-07-14,B-01,true
C-107236,9770007236,2024-05-13,B-02,true
C-107237,9770007237,2024-06-29,B-08,false
C-107238,9770007238,2025-01-14,B-02,false
C-107239,9770007239,2019-09-15,B-04,true
C-107240,9770007240,2025-12-02,B-17,true
C-107241,9770007241,2024-04-16,B-04,false
C-107242,9770007242,2022-10-12,B-09,false
C-107243,9770007243,2020-09-30,B-01,false
C-107244,9770007244,2025-03-17,B-01,true
C-107245,9770007245,2022-08-02,B-04,false
C-107246,9770007246,2023-05-01,B-09,false
C-107247,9770007247,2022-03-26,B-02,false
C-107248,9770007248,2022-08-24,B-17,false
C-107249,9770007249,2024-04-19,B-09,true
C-107250,9770007250,2021-09-17,B-08,false
C-107251,9770007251,2023-05-16,B-08,false
C-107252,9770007252,2020-07-05,B-17,true
C-107253,9770007253,2020-02-07,B-04,false
C-107254,9770007254,2020-11-02,B-02,false
C-107255,9770007255,2022-01-30,B-08,false
C-107256,9770007256,2022-03-25,B-08,false
C-107257,9770007257,2023-11-16,B-17,true
C-107258,9770007258,2019-12-07,B-01,true
C-107259,9770007259,2022-09-04,B-08,false
C-107260,9770007260,2024-02-04,B-04,true
C-107261,9770007261,2024-01-09,B-08,true
C-107262,9770007262,2023-07-06,B-17,true
C-107263,9770007263,2022-04-20,B-04,false
C-107264,9770007264,2020-06-17,B-17,false
C-107265,9770007265,2022-08-26,B-01,false
C-107266,9770007266,2021-09-19,B-08,true
C-107267,9770007267,2019-07-22,B-08,true
C-107268,9770007268,2020-05-12,B-01,true
C-107269,9770007269,2021-03-29,B-08,false
C-107270,9770007270,2020-10-05,B-04,true
C-107271,9770007271,2023-10-05,B-08,false
C-107272,9770007272,2021-10-02,B-01,false
C-107273,9770007273,2020-08-11,B-08,true
C-107274,9770007274,2024-03-01,B-09,true
C-107275,9770007275,2021-02-09,B-02,true
C-107276,9770007276,2023-08-06,B-01,false
C-107277,9770007277,2023-07-01,B-09,true
C-107278,9770007278,2023-06-23,B-02,false
C-107279,9770007279,2025-03-31,B-09,false
C-107280,9770007280,2025-01-21,B-17,false
C-107281,9770007281,2022-10-12,B-17,false
C-107282,9770007282,2023-02-10,B-09,false
C-107283,9770007283,2020-03-19,B-17,false
C-107284,9770007284,2025-10-26,B-08,true
C-107285,9770007285,2022-03-01,B-17,false
C-107286,9770007286,2022-04-22,B-01,true
C-107287,9770007287,2022-01-16,B-08,true
C-107288,9770007288,2024-10-01,B-09,true
C-107289,9770007289,2025-07-18,B-01,false
C-107290,9770007290,2020-11-24,B-02,true
C-107291,9770007291,2020-09-07,B-09,true
C-107292,9770007292,2023-09-13,B-02,false
C-107293,9770007293,2020-01-16,B-04,true
C-107294,9770007294,2025-03-21,B-17,false
C-107295,9770007295,2023-10-31,B-17,true
C-107296,9770007296,2022-11-26,B-02,true
C-107297,9770007297,2022-10-15,B-02,false
C-107298,9770007298,2025-06-18,B-04,false
C-107299,9770007299,2026-03-30,B-09,false
C-107300,9770007300,2023-05-24,B-09,false
C-107301,9770007301,2025-06-09,B-08,false
C-107302,9770007302,2023-09-16,B-09,false
C-107303,9770007303,2024-07-06,B-17,false
C-107304,9770007304,2025-09-02,B-08,false
C-107305,9770007305,2022-02-14,B-08,false
C-107306,9770007306,2025-06-16,B-09,true
C-107307,9770007307,2024-06-02,B-08,true
C-107308,9770007308,2025-09-18,B-01,false
C-107309,9770007309,2020-06-22,B-17,false
C-107310,9770007310,2021-04-15,B-09,true
C-107311,9770007311,2025-12-06,B-08,true
C-107312,9770007312,2023-02-15,B-17,false
C-107313,9770007313,2022-01-16,B-02,false
C-107314,9770007314,2020-06-27,B-02,false
C-107315,9770007315,2024-06-22,B-04,true
C-107316,9770007316,2024-09-30,B-09,false
C-107317,9770007317,2021-10-28,B-04,true
C-107318,9770007318,2023-10-18,B-02,true
C-107319,9770007319,2024-04-01,B-02,false
C-107320,9770007320,2023-09-25,B-08,true
C-107321,9770007321,2020-01-15,B-02,false
C-107322,9770007322,2024-09-07,B-01,true
C-107323,9770007323,2024-07-06,B-02,true
C-107324,9770007324,2024-01-03,B-04,false
C-107325,9770007325,2020-01-10,B-08,false
C-107326,9770007326,2024-08-24,B-04,false
C-107327,9770007327,2019-10-30,B-08,false
C-107328,9770007328,2020-05-08,B-01,false
C-107329,9770007329,2025-04-04,B-01,false
C-107330,9770007330,2021-06-14,B-01,false
C-107331,9770007331,2024-11-17,B-02,false
C-107332,9770007332,2020-12-07,B-01,true
C-107333,9770007333,2021-05-20,B-01,false
C-107334,9770007334,2022-05-04,B-09,true
C-107335,9770007335,2024-08-06,B-08,false
C-107336,9770007336,2024-12-25,B-08,false
C-107337,9770007337,2022-04-25,B-09,false
C-107338,9770007338,2024-11-12,B-08,true
C-107339,9770007339,2022-08-01,B-02,false
C-107340,9770007340,2024-12-21,B-04,false
C-107341,9770007341,2023-12-21,B-17,true
C-107342,9770007342,2025-08-02,B-09,false
C-107343,9770007343,2020-04-03,B-04,true
C-107344,9770007344,2024-07-05,B-09,false
C-107345,9770007345,2025-11-23,B-04,true
C-107346,9770007346,2021-03-08,B-17,false
C-107347,9770007347,2025-04-26,B-08,false
C-107348,9770007348,2023-01-05,B-01,true
C-107349,9770007349,2023-02-09,B-17,false
C-107350,9770007350,2021-11-09,B-02,false
C-107351,9770007351,2022-07-27,B-08,true
C-107352,9770007352,2024-06-20,B-01,false
C-107353,9770007353,2023-09-22,B-17,false
C-107354,9770007354,2022-04-22,B-17,false
C-107355,9770007355,2021-10-15,B-01,true
C-107356,9770007356,2020-10-08,B-04,true
C-107357,9770007357,2024-01-01,B-17,false
C-107358,9770007358,2023-10-30,B-08,false
C-107359,9770007359,2026-03-03,B-09,false
C-107360,9770007360,2021-08-02,B-01,false
C-107361,9770007361,2024-12-13,B-08,true
C-107362,9770007362,2021-05-20,B-08,false
C-107363,9770007363,2019-10-16,B-04,false
C-107364,9770007364,2023-02-01,B-17,false
C-107365,9770007365,2019-11-03,B-17,false
C-107366,9770007366,2021-12-09,B-02,false
C-107367,9770007367,2024-11-17,B-08,false
C-107368,9770007368,2019-12-23,B-01,false
C-107369,9770007369,2026-02-18,B-01,true
C-107370,9770007370,2025-12-26,B-01,false
C-107371,9770007371,2020-04-26,B-04,true
C-107372,9770007372,2026-03-31,B-09,true
C-107373,9770007373,2020-01-02,B-04,true
C-107374,9770007374,2019-12-04,B-01,true
C-107375,9770007375,2019-08-12,B-17,false
C-107376,9770007376,2024-04-21,B-02,false
C-107377,9770007377,2025-12-28,B-04,false
C-107378,9770007378,2025-06-03,B-01,false
C-107379,9770007379,2024-08-05,B-01,true
C-107380,9770007380,2022-10-25,B-01,true
C-107381,9770007381,2022-09-12,B-02,true
C-107382,9770007382,2024-03-21,B-17,false
C-107383,9770007383,2025-08-07,B-02,false
C-107384,9770007384,2021-10-08,B-04,false
C-107385,9770007385,2020-06-17,B-01,false
C-107386,9770007386,2025-10-10,B-01,false
C-107387,9770007387,2025-07-01,B-09,true
C-107388,9770007388,2020-11-10,B-09,false
C-107389,9770007389,2021-07-17,B-08,false
C-107390,9770007390,2019-11-25,B-08,false
C-107391,9770007391,2023-03-29,B-04,true
C-107392,9770007392,2020-05-14,B-02,true
C-107393,9770007393,2021-01-15,B-09,true
C-107394,9770007394,2021-12-24,B-04,false
C-107395,9770007395,2025-10-24,B-02,false
C-107396,9770007396,2023-06-01,B-09,false
C-107397,9770007397,2022-05-09,B-09,true
C-107398,9770007398,2024-07-26,B-08,false
C-107399,9770007399,2020-10-22,B-08,false
C-107400,9770007400,2020-03-19,B-17,false
C-107401,9770007401,2020-02-17,B-02,false
C-107402,9770007402,2026-01-04,B-01,true
C-107403,9770007403,2019-12-26,B-17,true
C-107404,9770007404,2026-01-11,B-04,false
C-107405,9770007405,2023-08-01,B-17,true
C-107406,9770007406,2025-01-17,B-09,false
C-107407,9770007407,2019-09-20,B-08,true
C-107408,9770007408,2019-06-02,B-01,false
C-107409,9770007409,2020-03-14,B-02,true
C-107410,9770007410,2023-02-13,B-17,true
C-107411,9770007411,2023-06-13,B-08,false
C-107412,9770007412,2023-11-18,B-04,false
C-107413,9770007413,2025-06-15,B-09,false
C-107414,9770007414,2023-05-28,B-09,true
C-107415,9770007415,2021-09-30,B-02,false
C-107416,9770007416,2023-11-24,B-08,false
C-107417,9770007417,2023-08-04,B-09,true
C-107418,9770007418,2025-06-19,B-02,true
C-107419,9770007419,2022-10-30,B-01,true
C-107420,9770007420,2020-08-11,B-17,false
C-107421,9770007421,2024-05-04,B-09,true
C-107422,9770007422,2023-08-01,B-04,true
C-107423,9770007423,2022-09-01,B-01,true
C-107424,9770007424,2022-09-23,B-08,false
C-107425,9770007425,2020-06-09,B-08,false
C-107426,9770007426,2023-05-26,B-09,false
C-107427,9770007427,2024-09-25,B-17,false
C-107428,9770007428,2020-03-20,B-17,true
C-107429,9770007429,2020-09-10,B-17,true
C-107430,9770007430,2025-09-05,B-01,true
C-107431,9770007431,2020-11-25,B-01,true
C-107432,9770007432,2022-09-09,B-09,false
C-107433,9770007433,2024-01-02,B-17,false
C-107434,9770007434,2025-01-27,B-01,true
C-107435,9770007435,2024-03-12,B-09,true
C-107436,9770007436,2025-09-12,B-02,true
C-107437,9770007437,2023-02-04,B-08,false
C-107438,9770007438,2023-10-26,B-02,false
C-107439,9770007439,2023-11-25,B-09,true
C-107440,9770007440,2020-11-06,B-09,false
C-107441,9770007441,2022-09-11,B-01,true
C-107442,9770007442,2024-07-05,B-02,false
C-107443,9770007443,2025-11-22,B-02,false
C-107444,9770007444,2025-09-23,B-04,false
C-107445,9770007445,2021-02-08,B-17,true
C-107446,9770007446,2021-02-13,B-01,true
C-107447,9770007447,2024-09-30,B-08,false
C-107448,9770007448,2023-02-02,B-02,true
C-107449,9770007449,2023-01-12,B-04,true
C-107450,9770007450,2023-01-14,B-02,false
C-107451,9770007451,2025-01-16,B-09,false
C-107452,9770007452,2019-10-10,B-04,false
C-107453,9770007453,2021-06-07,B-02,false
C-107454,9770007454,2020-12-06,B-09,false
C-107455,9770007455,2025-03-28,B-09,true
C-107456,9770007456,2026-03-27,B-17,false
C-107457,9770007457,2025-11-21,B-02,true
C-107458,9770007458,2024-03-23,B-01,false
C-107459,9770007459,2023-01-26,B-01,false
C-107460,9770007460,2022-10-16,B-08,true
C-107461,9770007461,2025-08-13,B-01,false
C-107462,9770007462,2023-06-30,B-04,false
C-107463,9770007463,2024-03-10,B-09,false
C-107464,9770007464,2020-06-15,B-09,false
C-107465,9770007465,2021-08-31,B-09,false
C-107466,9770007466,2023-08-26,B-09,false
C-107467,9770007467,2020-10-15,B-04,true
C-107468,9770007468,2024-07-06,B-08,true
C-107469,9770007469,2021-08-14,B-08,false
C-107470,9770007470,2023-02-08,B-17,false
C-107471,9770007471,2021-03-12,B-04,true
C-107472,9770007472,2020-10-04,B-02,false
C-107473,9770007473,2022-10-08,B-02,true
C-107474,9770007474,2022-09-10,B-09,true
C-107475,9770007475,2022-12-20,B-08,false
C-107476,9770007476,2019-11-20,B-04,true
C-107477,9770007477,2023-11-17,B-08,true
C-107478,9770007478,2019-07-15,B-02,true
C-107479,9770007479,2025-07-01,B-17,true
C-107480,9770007480,2022-06-18,B-08,true
C-107481,9770007481,2023-01-13,B-17,false
C-107482,9770007482,2019-12-31,B-08,false
C-107483,9770007483,2025-12-26,B-17,false
C-107484,9770007484,2023-07-06,B-08,false
C-107485,9770007485,2025-02-12,B-09,true
C-107486,9770007486,2023-06-05,B-02,true
C-107487,9770007487,2024-04-06,B-01,false
C-107488,9770007488,2020-11-22,B-01,true
C-107489,9770007489,2020-06-13,B-01,true
C-107490,9770007490,2020-04-07,B-04,false
C-107491,9770007491,2022-06-12,B-09,false
C-107492,9770007492,2022-09-17,B-08,true
C-107493,9770007493,2020-11-02,B-01,true
C-107494,9770007494,2022-11-15,B-17,false
C-107495,9770007495,2021-07-23,B-02,true
C-107496,9770007496,2019-07-15,B-08,false
C-107497,9770007497,2026-02-18,B-02,true
C-107498,9770007498,2021-01-30,B-02,false
C-107499,9770007499,2025-04-17,B-09,false
C-107500,9770007500,2021-01-30,B-04,false
C-107501,9770007501,2020-07-22,B-17,false
C-107502,9770007502,2019-07-15,B-17,true
C-107503,9770007503,2024-01-08,B-02,false
C-107504,9770007504,2025-01-19,B-09,true
C-107505,9770007505,2025-04-17,B-09,false
C-107506,9770007506,2022-08-13,B-09,true
C-107507,9770007507,2023-10-19,B-17,false
C-107508,9770007508,2023-07-13,B-04,true
C-107509,9770007509,2020-09-06,B-17,false
C-107510,9770007510,2025-08-27,B-02,false
C-107511,9770007511,2023-09-19,B-04,false
C-107512,9770007512,2019-12-08,B-09,true
C-107513,9770007513,2023-06-03,B-17,true
C-107514,9770007514,2022-06-03,B-17,false
C-107515,9770007515,2024-09-26,B-09,true
C-107516,9770007516,2024-03-24,B-02,false
C-107517,9770007517,2020-12-02,B-02,false
C-107518,9770007518,2023-02-26,B-02,false
C-107519,9770007519,2023-07-28,B-08,true
C-107520,9770007520,2025-12-12,B-01,false
C-107521,9770007521,2024-07-25,B-08,false
C-107522,9770007522,2022-01-01,B-01,false
C-107523,9770007523,2020-06-30,B-17,true
C-107524,9770007524,2023-02-11,B-04,false
C-107525,9770007525,2019-12-23,B-08,false
C-107526,9770007526,2022-11-27,B-04,false
C-107527,9770007527,2022-05-06,B-01,true
C-107528,9770007528,2019-10-08,B-04,false
C-107529,9770007529,2019-06-19,B-04,true
C-107530,9770007530,2026-01-06,B-09,false
C-107531,9770007531,2020-12-11,B-01,false
C-107532,9770007532,2021-03-04,B-01,false
C-107533,9770007533,2025-08-12,B-17,true
C-107534,9770007534,2022-01-21,B-09,false
C-107535,9770007535,2022-06-09,B-17,false
C-107536,9770007536,2021-12-18,B-09,true
C-107537,9770007537,2024-08-31,B-17,false
C-107538,9770007538,2025-06-19,B-08,true
C-107539,9770007539,2020-09-06,B-17,true
C-107540,9770007540,2020-07-01,B-01,false
C-107541,9770007541,2025-12-28,B-01,false
C-107542,9770007542,2025-04-23,B-17,true
C-107543,9770007543,2025-03-17,B-09,true
C-107544,9770007544,2026-01-03,B-17,false
C-107545,9770007545,2024-04-08,B-09,false
C-107546,9770007546,2021-04-27,B-17,true
C-107547,9770007547,2024-03-31,B-04,false
C-107548,9770007548,2019-06-29,B-09,false
C-107549,9770007549,2024-01-07,B-04,true
C-107550,9770007550,2020-12-05,B-04,false
C-107551,9770007551,2021-10-28,B-17,true
C-107552,9770007552,2023-11-21,B-02,true
C-107553,9770007553,2019-07-25,B-04,true
C-107554,9770007554,2020-06-05,B-08,false
C-107555,9770007555,2022-03-12,B-02,true
C-107556,9770007556,2020-04-18,B-08,false
C-107557,9770007557,2022-05-15,B-04,false
C-107558,9770007558,2022-11-16,B-08,true
C-107559,9770007559,2022-04-29,B-04,false
C-107560,9770007560,2020-10-03,B-01,true
C-107561,9770007561,2023-01-28,B-01,true
C-107562,9770007562,2021-08-02,B-17,false
C-107563,9770007563,2025-02-26,B-17,false
C-107564,9770007564,2023-08-17,B-02,true
C-107565,9770007565,2024-11-25,B-09,false
C-107566,9770007566,2025-07-16,B-09,false
C-107567,9770007567,2021-03-31,B-01,false
C-107568,9770007568,2020-11-02,B-08,true
C-107569,9770007569,2023-08-21,B-09,false
C-107570,9770007570,2023-01-30,B-08,false
C-107571,9770007571,2023-03-19,B-08,true
C-107572,9770007572,2020-12-15,B-02,false
C-107573,9770007573,2021-11-18,B-04,false
C-107574,9770007574,2025-08-25,B-02,true
C-107575,9770007575,2025-12-08,B-04,false
C-107576,9770007576,2026-03-21,B-01,true
C-107577,9770007577,2021-11-21,B-02,false
C-107578,9770007578,2021-08-04,B-09,false
C-107579,9770007579,2022-01-04,B-02,true
C-107580,9770007580,2023-05-18,B-08,false
C-107581,9770007581,2022-11-23,B-02,true
C-107582,9770007582,2025-02-28,B-09,false
C-107583,9770007583,2021-11-11,B-04,true
C-107584,9770007584,2025-06-10,B-08,true
C-107585,9770007585,2024-01-16,B-02,true
C-107586,9770007586,2020-09-23,B-04,false
C-107587,9770007587,2023-12-05,B-04,true
C-107588,9770007588,2020-06-09,B-04,true
C-107589,9770007589,2024-06-22,B-01,true
C-107590,9770007590,2022-03-12,B-01,true
C-107591,9770007591,2023-01-26,B-09,false
C-107592,9770007592,2025-08-21,B-08,false
C-107593,9770007593,2025-03-08,B-08,false
C-107594,9770007594,2019-06-21,B-01,false
C-107595,9770007595,2023-09-08,B-17,true
C-107596,9770007596,2019-08-12,B-09,false
C-107597,9770007597,2021-04-05,B-09,false
C-107598,9770007598,2025-06-29,B-02,false
C-107599,9770007599,2025-10-31,B-08,false
C-107600,9770007600,2025-07-11,B-04,false
C-107601,9770007601,2023-08-27,B-01,false
C-107602,9770007602,2021-03-13,B-09,true
C-107603,9770007603,2024-04-26,B-01,true
C-107604,9770007604,2020-10-26,B-01,false
C-107605,9770007605,2020-12-04,B-09,false
C-107606,9770007606,2021-10-14,B-08,false
C-107607,9770007607,2022-11-12,B-17,true
C-107608,9770007608,2022-08-09,B-17,false
C-107609,9770007609,2024-04-23,B-01,true
C-107610,9770007610,2024-04-27,B-04,true
C-107611,9770007611,2024-02-10,B-09,true
C-107612,9770007612,2020-09-01,B-09,true
C-107613,9770007613,2021-04-18,B-01,false
C-107614,9770007614,2023-05-05,B-09,false
C-107615,9770007615,2023-03-15,B-04,false
C-107616,9770007616,2021-05-26,B-08,true
C-107617,9770007617,2025-01-30,B-04,true
C-107618,9770007618,2023-02-23,B-04,true
C-107619,9770007619,2023-05-03,B-08,false
C-107620,9770007620,2023-04-06,B-17,true
C-107621,9770007621,2021-11-19,B-01,true
C-107622,9770007622,2020-02-21,B-04,false
C-107623,9770007623,2023-03-14,B-02,true
C-107624,9770007624,2020-02-02,B-17,true
C-107625,9770007625,2023-03-20,B-09,true
C-107626,9770007626,2021-08-31,B-09,true
C-107627,9770007627,2025-05-23,B-09,true
C-107628,9770007628,2021-12-22,B-17,false
C-107629,9770007629,2019-11-14,B-08,true
C-107630,9770007630,2023-05-03,B-08,true
C-107631,9770007631,2022-05-10,B-17,true
C-107632,9770007632,2024-11-26,B-17,true
C-107633,9770007633,2023-09-23,B-01,false
C-107634,9770007634,2025-01-26,B-08,false
C-107635,9770007635,2021-04-15,B-01,true
C-107636,9770007636,2023-11-23,B-04,false
C-107637,9770007637,2020-06-27,B-09,false
C-107638,9770007638,2024-10-15,B-02,true
C-107639,9770007639,2022-11-27,B-01,false
C-107640,9770007640,2020-07-21,B-02,false
C-107641,9770007641,2024-08-06,B-08,false
C-107642,9770007642,2025-07-21,B-17,true
C-107643,9770007643,2024-08-05,B-09,false
C-107644,9770007644,2024-07-31,B-08,true
C-107645,9770007645,2025-01-24,B-04,true
C-107646,9770007646,2024-05-27,B-17,true
C-107647,9770007647,2019-11-23,B-09,false
C-107648,9770007648,2025-03-11,B-08,false
C-107649,9770007649,2019-11-19,B-08,true
C-107650,9770007650,2019-09-17,B-02,true
C-107651,9770007651,2022-01-04,B-08,true
C-107652,9770007652,2025-01-17,B-17,false
C-107653,9770007653,2024-10-31,B-08,true
C-107654,9770007654,2019-08-04,B-02,true
C-107655,9770007655,2019-08-11,B-02,true
C-107656,9770007656,2019-08-21,B-01,false
C-107657,9770007657,2024-10-12,B-01,false
C-107658,9770007658,2020-03-05,B-09,false
C-107659,9770007659,2019-06-27,B-08,false
C-107660,9770007660,2022-08-09,B-01,false
C-107661,9770007661,2023-09-14,B-17,false
C-107662,9770007662,2021-08-01,B-01,false
C-107663,9770007663,2023-07-22,B-01,false
C-107664,9770007664,2020-04-23,B-09,false
C-107665,9770007665,2025-08-29,B-17,false
C-107666,9770007666,2025-07-30,B-17,true
C-107667,9770007667,2021-11-13,B-17,false
C-107668,9770007668,2020-09-10,B-17,true
C-107669,9770007669,2020-11-21,B-09,false
C-107670,9770007670,2020-12-13,B-04,false
C-107671,9770007671,2019-12-10,B-01,true
C-107672,9770007672,2025-09-28,B-09,true
C-107673,9770007673,2023-12-15,B-09,true
C-107674,9770007674,2025-07-12,B-17,true
C-107675,9770007675,2022-06-23,B-04,false
C-107676,9770007676,2021-09-22,B-17,false
C-107677,9770007677,2021-12-11,B-04,false
C-107678,9770007678,2022-09-28,B-09,true
C-107679,9770007679,2022-02-17,B-04,false
C-107680,9770007680,2022-06-29,B-08,true
C-107681,9770007681,2021-04-14,B-04,false
C-107682,9770007682,2025-03-14,B-17,false
C-107683,9770007683,2025-03-11,B-17,false
C-107684,9770007684,2021-05-07,B-08,true
C-107685,9770007685,2026-02-19,B-08,false
C-107686,9770007686,2019-08-04,B-02,false
C-107687,9770007687,2019-11-30,B-08,true
C-107688,9770007688,2025-04-11,B-01,true
C-107689,9770007689,2020-02-12,B-08,false
C-107690,9770007690,2021-05-24,B-09,false
C-107691,9770007691,2024-02-16,B-01,true
C-107692,9770007692,2023-02-07,B-02,true
C-107693,9770007693,2026-02-07,B-08,false
C-107694,9770007694,2024-02-06,B-04,true
C-107695,9770007695,2022-01-04,B-08,false
C-107696,9770007696,2020-10-01,B-04,false
C-107697,9770007697,2024-02-18,B-04,false
C-107698,9770007698,2023-07-23,B-09,true
C-107699,9770007699,2022-12-31,B-09,false
C-107700,9770007700,2021-03-04,B-01,true
C-107701,9770007701,2020-09-12,B-01,false
C-107702,9770007702,2023-11-16,B-17,true
C-107703,9770007703,2026-01-12,B-08,false
C-107704,9770007704,2022-03-31,B-04,true
C-107705,9770007705,2023-12-01,B-08,true
C-107706,9770007706,2021-05-28,B-09,true
C-107707,9770007707,2021-11-24,B-09,false
C-107708,9770007708,2021-05-11,B-09,false
C-107709,9770007709,2021-09-13,B-17,true
C-107710,9770007710,2021-12-17,B-01,true
C-107711,9770007711,2026-02-16,B-09,false
C-107712,9770007712,2026-02-10,B-08,false
C-107713,9770007713,2020-07-26,B-17,false
C-107714,9770007714,2020-12-21,B-08,false
C-107715,9770007715,2019-07-27,B-01,true
C-107716,9770007716,2023-02-01,B-17,false
C-107717,9770007717,2020-07-25,B-08,false
C-107718,9770007718,2026-03-26,B-01,false
C-107719,9770007719,2025-07-22,B-17,true
C-107720,9770007720,2022-02-26,B-08,true
C-107721,9770007721,2025-05-19,B-08,false
C-107722,9770007722,2022-07-20,B-17,false
C-107723,9770007723,2022-11-23,B-01,false
C-107724,9770007724,2021-10-07,B-04,false
C-107725,9770007725,2022-12-11,B-17,true
C-107726,9770007726,2021-02-10,B-09,false
C-107727,9770007727,2021-02-19,B-02,true
C-107728,9770007728,2025-12-22,B-04,false
C-107729,9770007729,2025-11-14,B-02,true
C-107730,9770007730,2023-06-20,B-08,true
C-107731,9770007731,2022-06-20,B-17,true
C-107732,9770007732,2020-08-08,B-09,false
C-107733,9770007733,2025-06-28,B-08,true
C-107734,9770007734,2026-02-01,B-09,true
C-107735,9770007735,2021-02-03,B-09,true
C-107736,9770007736,2020-07-14,B-02,true
C-107737,9770007737,2019-08-10,B-08,true
C-107738,9770007738,2022-05-30,B-09,true
C-107739,9770007739,2021-02-15,B-02,false
C-107740,9770007740,2022-08-20,B-01,false
C-107741,9770007741,2022-04-01,B-02,false
C-107742,9770007742,2019-07-16,B-02,false
C-107743,9770007743,2025-10-20,B-08,false
C-107744,9770007744,2023-01-11,B-08,false
C-107745,9770007745,2023-12-30,B-04,true
C-107746,9770007746,2021-03-31,B-04,false
C-107747,9770007747,2024-05-31,B-01,false
C-107748,9770007748,2021-07-28,B-17,true
C-107749,9770007749,2024-09-13,B-04,false
C-107750,9770007750,2023-08-07,B-09,true
C-107751,9770007751,2024-07-29,B-17,true
C-107752,9770007752,2021-09-28,B-01,true
C-107753,9770007753,2021-12-24,B-02,false
C-107754,9770007754,2025-07-30,B-17,false
C-107755,9770007755,2023-04-14,B-01,true
C-107756,9770007756,2021-10-22,B-04,true
C-107757,9770007757,2021-01-16,B-17,false
C-107758,9770007758,2022-09-30,B-17,false
C-107759,9770007759,2023-02-02,B-02,true
C-107760,9770007760,2023-07-29,B-17,true
C-107761,9770007761,2025-06-21,B-17,false
C-107762,9770007762,2021-05-16,B-02,true
C-107763,9770007763,2021-06-27,B-02,false
C-107764,9770007764,2022-08-02,B-08,true
C-107765,9770007765,2023-11-15,B-17,false
C-107766,9770007766,2021-09-22,B-08,false
C-107767,9770007767,2020-02-16,B-08,true
C-107768,9770007768,2024-12-09,B-09,true
C-107769,9770007769,2023-09-30,B-04,true
C-107770,9770007770,2023-01-19,B-08,true
C-107771,9770007771,2023-04-18,B-01,true
C-107772,9770007772,2024-08-21,B-02,true
C-107773,9770007773,2019-10-05,B-17,true
C-107774,9770007774,2024-04-07,B-04,false
C-107775,9770007775,2020-08-18,B-08,true
C-107776,9770007776,2025-09-06,B-04,true
C-107777,9770007777,2019-11-19,B-01,false
C-107778,9770007778,2024-07-19,B-02,false
C-107779,9770007779,2026-03-05,B-08,false
C-107780,9770007780,2023-11-01,B-09,true
C-107781,9770007781,2020-02-21,B-08,false
C-107782,9770007782,2022-01-07,B-09,true
C-107783,9770007783,2022-02-25,B-02,false
C-107784,9770007784,2024-01-29,B-08,false
C-107785,9770007785,2022-08-03,B-04,true
C-107786,9770007786,2025-07-15,B-01,true
C-107787,9770007787,2025-11-20,B-17,true
C-107788,9770007788,2021-02-16,B-17,true
C-107789,9770007789,2020-12-26,B-08,true
C-107790,9770007790,2025-08-28,B-17,false
C-107791,9770007791,2020-01-15,B-09,false
C-107792,9770007792,2025-11-05,B-04,false
C-107793,9770007793,2022-08-07,B-01,true
C-107794,9770007794,2021-08-29,B-02,true
C-107795,9770007795,2025-09-06,B-17,true
C-107796,9770007796,2025-02-15,B-01,true
C-107797,9770007797,2019-08-02,B-04,false
C-107798,9770007798,2019-06-19,B-01,false
C-107799,9770007799,2020-06-22,B-01,false
C-107800,9770007800,2022-02-23,B-04,false
C-107801,9770007801,2020-05-25,B-09,false
C-107802,9770007802,2025-11-06,B-08,false
C-107803,9770007803,2023-04-12,B-17,false
C-107804,9770007804,2024-03-25,B-08,false
C-107805,9770007805,2023-02-15,B-17,false
C-107806,9770007806,2023-12-10,B-08,true
C-107807,9770007807,2025-07-24,B-04,false
C-107808,9770007808,2026-01-11,B-04,false
C-107809,9770007809,2021-10-06,B-08,false
C-107810,9770007810,2022-09-07,B-09,false
C-107811,9770007811,2023-10-28,B-02,true
C-107812,9770007812,2023-12-17,B-08,true
C-107813,9770007813,2024-05-29,B-08,false
C-107814,9770007814,2021-03-21,B-08,false
C-107815,9770007815,2023-10-23,B-17,false
C-107816,9770007816,2021-08-19,B-17,false
C-107817,9770007817,2019-06-01,B-09,false
C-107818,9770007818,2025-03-29,B-17,false
C-107819,9770007819,2021-09-06,B-02,false
C-107820,9770007820,2023-08-09,B-04,false
C-107821,9770007821,2022-08-06,B-17,true
C-107822,9770007822,2020-07-24,B-02,true
C-107823,9770007823,2020-03-08,B-08,false
C-107824,9770007824,2022-09-05,B-01,true
C-107825,9770007825,2024-04-26,B-08,false
C-107826,9770007826,2026-01-10,B-04,true
C-107827,9770007827,2020-07-06,B-02,true
C-107828,9770007828,2023-02-10,B-08,true
C-107829,9770007829,2024-10-08,B-09,true
C-107830,9770007830,2022-07-21,B-17,true
C-107831,9770007831,2024-03-22,B-08,false
C-107832,9770007832,2022-07-06,B-17,false
C-107833,9770007833,2021-07-11,B-09,false
C-107834,9770007834,2025-12-17,B-17,false
C-107835,9770007835,2019-09-12,B-17,false
C-107836,9770007836,2019-10-03,B-09,false
C-107837,9770007837,2022-11-04,B-08,false
C-107838,9770007838,2024-12-14,B-02,false
C-107839,9770007839,2020-01-24,B-04,false
C-107840,9770007840,2024-09-20,B-02,true
C-107841,9770007841,2020-03-09,B-02,false
C-107842,9770007842,2025-01-05,B-02,true
C-107843,9770007843,2020-03-04,B-17,false
C-107844,9770007844,2025-05-13,B-08,true
C-107845,9770007845,2022-05-25,B-01,true
C-107846,9770007846,2020-03-18,B-02,true
C-107847,9770007847,2026-03-21,B-01,false
C-107848,9770007848,2024-09-26,B-08,false
C-107849,9770007849,2025-09-07,B-02,false
C-107850,9770007850,2022-09-07,B-01,true
C-107851,9770007851,2025-11-22,B-09,true
C-107852,9770007852,2022-11-01,B-02,false
C-107853,9770007853,2020-05-10,B-17,true
C-107854,9770007854,2023-08-18,B-04,true
C-107855,9770007855,2020-03-11,B-01,false
C-107856,9770007856,2023-12-25,B-04,false
C-107857,9770007857,2023-09-01,B-04,false
C-107858,9770007858,2020-02-01,B-09,false
C-107859,9770007859,2023-08-30,B-04,false
C-107860,9770007860,2021-12-22,B-02,false
C-107861,9770007861,2023-06-15,B-04,true
C-107862,9770007862,2021-03-14,B-02,true
C-107863,9770007863,2024-09-24,B-01,true
C-107864,9770007864,2024-09-10,B-17,false
C-107865,9770007865,2024-02-24,B-01,false
C-107866,9770007866,2021-08-05,B-08,false
C-107867,9770007867,2025-03-13,B-09,true
C-107868,9770007868,2025-06-21,B-09,true
C-107869,9770007869,2021-02-15,B-17,true
C-107870,9770007870,2023-02-03,B-08,false
C-107871,9770007871,2024-01-30,B-04,true
C-107872,9770007872,2023-02-22,B-08,false
C-107873,9770007873,2023-10-30,B-01,false
C-107874,9770007874,2019-09-18,B-04,true
C-107875,9770007875,2021-04-15,B-17,false
C-107876,9770007876,2025-10-01,B-04,false
C-107877,9770007877,2024-10-03,B-01,false
C-107878,9770007878,2021-08-28,B-04,false
C-107879,9770007879,2021-04-22,B-09,false
C-107880,9770007880,2025-11-12,B-02,true
C-107881,9770007881,2023-03-28,B-04,true
C-107882,9770007882,2024-11-13,B-04,false
C-107883,9770007883,2023-02-03,B-04,false
C-107884,9770007884,2026-01-28,B-08,true
C-107885,9770007885,2024-06-20,B-02,true
C-107886,9770007886,2024-09-23,B-09,true
C-107887,9770007887,2024-03-06,B-01,false
C-107888,9770007888,2022-08-21,B-09,false
C-107889,9770007889,2021-08-27,B-17,true
C-107890,9770007890,2023-09-06,B-02,true
C-107891,9770007891,2020-06-12,B-04,false
C-107892,9770007892,2024-08-17,B-01,false
C-107893,9770007893,2024-05-17,B-17,false
C-107894,9770007894,2024-11-22,B-08,true
C-107895,9770007895,2021-02-19,B-08,true
C-107896,9770007896,2023-09-11,B-01,false
C-107897,9770007897,2025-10-28,B-02,false
C-107898,9770007898,2021-09-28,B-17,true
C-107899,9770007899,2026-02-21,B-17,true
C-107900,9770007900,2020-04-14,B-01,true
C-107901,9770007901,2025-02-14,B-17,false
C-107902,9770007902,2023-12-10,B-17,false
C-107903,9770007903,2021-06-01,B-01,true
C-107904,9770007904,2022-04-17,B-02,false
C-107905,9770007905,2021-01-10,B-08,false
C-107906,9770007906,2025-05-06,B-04,true
C-107907,9770007907,2024-07-07,B-08,true
C-107908,9770007908,2023-08-07,B-17,false
C-107909,9770007909,2021-12-25,B-09,false
C-107910,9770007910,2025-12-25,B-04,true
C-107911,9770007911,2025-10-16,B-09,true
C-107912,9770007912,2021-12-04,B-17,true
C-107913,9770007913,2020-04-08,B-09,false
C-107914,9770007914,2021-02-04,B-01,false
C-107915,9770007915,2023-05-13,B-01,true
C-107916,9770007916,2023-02-03,B-08,true
C-107917,9770007917,2022-11-19,B-04,false
C-107918,9770007918,2021-06-19,B-17,false
C-107919,9770007919,2021-11-30,B-09,false
C-107920,9770007920,2022-08-24,B-09,true
C-107921,9770007921,2026-03-15,B-02,true
C-107922,9770007922,2022-12-30,B-17,false
C-107923,9770007923,2020-10-31,B-04,true
C-107924,9770007924,2019-09-02,B-02,false
C-107925,9770007925,2024-03-04,B-17,true
C-107926,9770007926,2019-08-21,B-04,true
C-107927,9770007927,2022-09-08,B-04,false
C-107928,9770007928,2022-05-14,B-01,true
C-107929,9770007929,2021-03-29,B-08,false
C-107930,9770007930,2021-05-11,B-01,false
C-107931,9770007931,2025-12-06,B-01,true
C-107932,9770007932,2024-07-18,B-09,true
C-107933,9770007933,2019-08-01,B-17,true
C-107934,9770007934,2021-02-14,B-08,false
C-107935,9770007935,2019-07-21,B-01,false
C-107936,9770007936,2024-04-15,B-17,false
C-107937,9770007937,2021-08-18,B-17,true
C-107938,9770007938,2022-03-06,B-02,true
C-107939,9770007939,2022-08-20,B-17,true
C-107940,9770007940,2025-04-14,B-09,true
C-107941,9770007941,2019-12-04,B-01,true
C-107942,9770007942,2021-10-05,B-08,false
C-107943,9770007943,2021-07-02,B-09,false
C-107944,9770007944,2020-12-28,B-08,false
C-107945,9770007945,2025-11-16,B-17,false
C-107946,9770007946,2025-06-04,B-17,false
C-107947,9770007947,2023-10-21,B-17,true
C-107948,9770007948,2021-04-16,B-01,false
C-107949,9770007949,2021-02-07,B-09,false
C-107950,9770007950,2022-07-12,B-04,true
C-107951,9770007951,2021-12-28,B-09,false
C-107952,9770007952,2023-10-07,B-08,true
C-107953,9770007953,2022-05-26,B-09,false
C-107954,9770007954,2019-08-09,B-01,true
C-107955,9770007955,2021-01-07,B-17,false
C-107956,9770007956,2022-10-19,B-01,false
C-107957,9770007957,2019-10-07,B-02,false
C-107958,9770007958,2021-03-17,B-08,false
C-107959,9770007959,2025-02-19,B-04,false
C-107960,9770007960,2025-01-14,B-01,false
C-107961,9770007961,2024-08-11,B-02,true
C-107962,9770007962,2020-08-23,B-09,true
C-107963,9770007963,2023-09-12,B-01,false
C-107964,9770007964,2020-03-24,B-04,false
C-107965,9770007965,2022-05-13,B-04,false
C-107966,9770007966,2025-03-25,B-04,true
C-107967,9770007967,2024-04-26,B-08,false
C-107968,9770007968,2021-10-18,B-01,false
C-107969,9770007969,2022-08-07,B-09,false
C-107970,9770007970,2022-05-27,B-02,true
C-107971,9770007971,2025-10-17,B-09,false
C-107972,9770007972,2022-12-23,B-02,true
C-107973,9770007973,2024-12-15,B-09,false
C-107974,9770007974,2019-10-30,B-04,false
C-107975,9770007975,2023-06-09,B-08,true
C-107976,9770007976,2019-07-09,B-09,false
C-107977,9770007977,2023-05-01,B-02,true
C-107978,9770007978,2022-03-24,B-09,false
C-107979,9770007979,2020-12-29,B-17,true
C-107980,9770007980,2020-10-18,B-08,true
C-107981,9770007981,2024-04-30,B-01,false
C-107982,9770007982,2025-04-15,B-01,true
C-107983,9770007983,2025-04-20,B-04,false
C-107984,9770007984,2025-06-05,B-17,true
C-107985,9770007985,2024-10-21,B-02,false
C-107986,9770007986,2025-09-05,B-09,true
C-107987,9770007987,2022-07-09,B-04,false
C-107988,9770007988,2021-06-05,B-01,true
C-107989,9770007989,2022-02-28,B-08,true
C-107990,9770007990,2025-02-28,B-01,true
C-107991,9770007991,2021-03-27,B-17,false
C-107992,9770007992,2020-12-15,B-01,true
C-107993,9770007993,2023-11-10,B-02,false
C-107994,9770007994,2020-06-14,B-02,false
C-107995,9770007995,2020-12-31,B-09,true
C-107996,9770007996,2023-02-09,B-17,false
C-107997,9770007997,2025-12-13,B-08,true
C-107998,9770007998,2022-12-16,B-04,true
C-107999,9770007999,2024-05-21,B-02,false
C-108000,9770008000,2021-07-17,B-09,true
C-108001,9770008001,2021-03-31,B-04,true
C-108002,9770008002,2021-02-11,B-17,false
C-108003,9770008003,2024-09-03,B-02,true
C-108004,9770008004,2022-08-26,B-08,false
C-108005,9770008005,2020-08-10,B-09,false
C-108006,9770008006,2026-03-27,B-08,false
C-108007,9770008007,2020-08-11,B-17,false
C-108008,9770008008,2022-11-13,B-17,false
C-108009,9770008009,2026-01-27,B-02,false
C-108010,9770008010,2019-08-28,B-17,false
C-108011,9770008011,2019-12-31,B-09,true
C-108012,9770008012,2023-07-29,B-08,true
C-108013,9770008013,2019-10-08,B-04,true
C-108014,9770008014,2023-11-04,B-17,false
C-108015,9770008015,2019-07-21,B-17,false
C-108016,9770008016,2019-11-25,B-17,false
C-108017,9770008017,2022-11-19,B-04,false
C-108018,9770008018,2021-11-05,B-09,false
C-108019,9770008019,2023-08-14,B-04,false
C-108020,9770008020,2024-06-25,B-01,true
C-108021,9770008021,2021-09-05,B-17,false
C-108022,9770008022,2021-02-20,B-08,true
C-108023,9770008023,2025-01-01,B-02,false
C-108024,9770008024,2024-05-21,B-08,false
C-108025,9770008025,2021-02-25,B-09,false
C-108026,9770008026,2023-09-29,B-02,true
C-108027,9770008027,2020-09-17,B-08,true
C-108028,9770008028,2025-06-29,B-04,false
C-108029,9770008029,2025-02-18,B-17,true
C-108030,9770008030,2021-01-01,B-08,true
C-108031,9770008031,2019-11-07,B-02,false
C-108032,9770008032,2021-04-03,B-08,true
C-108033,9770008033,2020-04-19,B-08,false
C-108034,9770008034,2020-03-07,B-04,false
C-108035,9770008035,2023-02-27,B-04,false
C-108036,9770008036,2021-02-16,B-09,false
C-108037,9770008037,2022-03-24,B-08,false
C-108038,9770008038,2019-09-23,B-01,false
C-108039,9770008039,2020-11-11,B-09,false
C-108040,9770008040,2021-05-09,B-01,true
C-108041,9770008041,2025-11-21,B-09,false
C-108042,9770008042,2023-04-27,B-09,true
C-108043,9770008043,2019-07-03,B-17,false
C-108044,9770008044,2025-06-11,B-17,false
C-108045,9770008045,2019-11-22,B-02,false
C-108046,9770008046,2019-07-13,B-01,true
C-108047,9770008047,2026-01-27,B-17,false
C-108048,9770008048,2022-05-16,B-17,false
C-108049,9770008049,2020-05-05,B-04,false
C-108050,9770008050,2025-02-10,B-02,false
C-108051,9770008051,2022-02-08,B-02,true
C-108052,9770008052,2020-07-04,B-01,false
C-108053,9770008053,2020-12-15,B-09,true
C-108054,9770008054,2020-06-26,B-08,true
C-108055,9770008055,2021-10-29,B-04,false
C-108056,9770008056,2024-07-30,B-09,false
C-108057,9770008057,2021-04-15,B-01,true
C-108058,9770008058,2024-07-26,B-09,true
C-108059,9770008059,2020-02-03,B-08,true
C-108060,9770008060,2022-07-19,B-02,true
C-108061,9770008061,2025-06-28,B-04,true
C-108062,9770008062,2022-08-01,B-04,false
C-108063,9770008063,2022-06-04,B-04,true
C-108064,9770008064,2024-06-24,B-04,false
C-108065,9770008065,2019-11-28,B-02,false
C-108066,9770008066,2020-03-01,B-04,false
C-108067,9770008067,2026-01-21,B-17,false
C-108068,9770008068,2020-07-10,B-01,true
C-108069,9770008069,2022-01-19,B-04,true
C-108070,9770008070,2020-06-21,B-01,false
C-108071,9770008071,2022-07-07,B-17,true
C-108072,9770008072,2022-02-24,B-08,true
C-108073,9770008073,2024-10-23,B-08,true
C-108074,9770008074,2026-03-11,B-08,true
C-108075,9770008075,2026-02-22,B-02,true
C-108076,9770008076,2021-11-24,B-01,false
C-108077,9770008077,2021-07-25,B-09,false
C-108078,9770008078,2020-05-06,B-02,true
C-108079,9770008079,2021-04-28,B-08,true
C-108080,9770008080,2020-03-04,B-09,false
C-108081,9770008081,2024-12-22,B-04,false
C-108082,9770008082,2019-11-28,B-08,true
C-108083,9770008083,2022-12-06,B-09,false
C-108084,9770008084,2024-02-15,B-09,false
C-108085,9770008085,2021-12-21,B-17,false
C-108086,9770008086,2026-01-11,B-08,true
C-108087,9770008087,2020-04-01,B-17,true
C-108088,9770008088,2022-09-23,B-08,false
C-108089,9770008089,2024-08-14,B-17,true
C-108090,9770008090,2022-07-16,B-08,false
C-108091,9770008091,2020-10-20,B-17,true
C-108092,9770008092,2025-09-04,B-17,true
C-108093,9770008093,2022-05-10,B-01,true
C-108094,9770008094,2024-01-25,B-09,false
C-108095,9770008095,2024-04-08,B-17,true
C-108096,9770008096,2020-12-07,B-04,false
C-108097,9770008097,2021-02-13,B-02,true
C-108098,9770008098,2019-09-27,B-17,false
C-108099,9770008099,2023-05-26,B-02,true
C-108100,9770008100,2021-04-08,B-04,true
C-108101,9770008101,2020-10-17,B-04,true
C-108102,9770008102,2021-09-14,B-09,false
C-108103,9770008103,2021-02-03,B-04,true
C-108104,9770008104,2023-09-11,B-01,true
C-108105,9770008105,2021-03-10,B-02,false
C-108106,9770008106,2021-08-05,B-17,false
C-108107,9770008107,2019-11-15,B-01,false
C-108108,9770008108,2022-07-01,B-09,true
C-108109,9770008109,2020-12-05,B-04,false
C-108110,9770008110,2023-06-29,B-09,true
C-108111,9770008111,2026-02-05,B-04,false
C-108112,9770008112,2022-12-04,B-17,false
C-108113,9770008113,2026-03-19,B-04,true
C-108114,9770008114,2021-07-29,B-04,true
C-108115,9770008115,2022-04-15,B-17,false
C-108116,9770008116,2023-04-10,B-01,false
C-108117,9770008117,2019-06-24,B-02,true
C-108118,9770008118,2021-02-04,B-04,true
C-108119,9770008119,2019-08-15,B-08,true
C-108120,9770008120,2026-01-07,B-09,true
C-108121,9770008121,2019-08-12,B-09,false
C-108122,9770008122,2019-09-05,B-08,true
C-108123,9770008123,2019-09-01,B-01,true
C-108124,9770008124,2022-01-09,B-09,true
C-108125,9770008125,2022-12-17,B-09,true
C-108126,9770008126,2020-10-22,B-17,true
C-108127,9770008127,2022-07-08,B-09,false
C-108128,9770008128,2021-08-30,B-17,false
C-108129,9770008129,2023-05-08,B-01,false
C-108130,9770008130,2022-08-29,B-04,true
C-108131,9770008131,2024-05-24,B-02,true
C-108132,9770008132,2023-05-05,B-01,true
C-108133,9770008133,2019-08-02,B-01,false
C-108134,9770008134,2022-09-14,B-09,false
C-108135,9770008135,2024-04-15,B-02,false
C-108136,9770008136,2022-10-04,B-09,true
C-108137,9770008137,2025-12-13,B-01,true
C-108138,9770008138,2022-03-10,B-09,false
C-108139,9770008139,2022-03-15,B-09,false
C-108140,9770008140,2024-08-11,B-02,false
C-108141,9770008141,2020-10-17,B-17,true
C-108142,9770008142,2020-05-10,B-02,false
C-108143,9770008143,2023-02-01,B-02,true
C-108144,9770008144,2021-11-25,B-17,false
C-108145,9770008145,2020-09-07,B-08,true
C-108146,9770008146,2020-10-09,B-02,false
C-108147,9770008147,2024-06-02,B-04,false
C-108148,9770008148,2024-06-09,B-08,false
C-108149,9770008149,2025-12-23,B-17,true
C-108150,9770008150,2025-09-18,B-09,false
C-108151,9770008151,2022-07-30,B-01,false
C-108152,9770008152,2025-02-26,B-01,false
C-108153,9770008153,2021-10-12,B-04,false
C-108154,9770008154,2019-08-29,B-02,false
C-108155,9770008155,2021-04-02,B-17,true
C-108156,9770008156,2026-03-25,B-17,true
C-108157,9770008157,2020-10-07,B-01,true
C-108158,9770008158,2020-05-03,B-02,true
C-108159,9770008159,2025-03-13,B-04,false
C-108160,9770008160,2020-03-23,B-09,false
C-108161,9770008161,2023-10-26,B-02,false
C-108162,9770008162,2020-10-11,B-09,true
C-108163,9770008163,2020-02-25,B-09,true
C-108164,9770008164,2024-11-07,B-02,false
C-108165,9770008165,2023-03-20,B-04,false
C-108166,9770008166,2023-07-29,B-08,true
C-108167,9770008167,2021-01-26,B-04,false
C-108168,9770008168,2023-11-24,B-08,false
C-108169,9770008169,2026-02-11,B-02,false
C-108170,9770008170,2025-11-24,B-17,false
C-108171,9770008171,2021-07-26,B-08,false
C-108172,9770008172,2021-12-03,B-01,true
C-108173,9770008173,2022-09-26,B-08,false
C-108174,9770008174,2022-05-21,B-09,false
C-108175,9770008175,2024-11-15,B-04,true
C-108176,9770008176,2024-02-11,B-01,true
C-108177,9770008177,2021-08-26,B-04,true
C-108178,9770008178,2022-11-24,B-17,true
C-108179,9770008179,2021-05-09,B-17,true
C-108180,9770008180,2022-03-28,B-02,true
C-108181,9770008181,2020-01-26,B-08,false
C-108182,9770008182,2026-01-25,B-01,false
C-108183,9770008183,2025-06-12,B-17,true
C-108184,9770008184,2025-02-11,B-17,false
C-108185,9770008185,2019-06-11,B-04,false
C-108186,9770008186,2024-08-27,B-08,false
C-108187,9770008187,2019-10-21,B-04,false
C-108188,9770008188,2025-12-18,B-02,false
C-108189,9770008189,2024-11-24,B-02,false
C-108190,9770008190,2025-12-06,B-01,false
C-108191,9770008191,2025-07-08,B-17,true
C-108192,9770008192,2022-04-27,B-01,true
C-108193,9770008193,2024-10-24,B-17,false
C-108194,9770008194,2023-03-30,B-01,false
C-108195,9770008195,2023-11-22,B-17,true
C-108196,9770008196,2023-02-11,B-04,false
C-108197,9770008197,2024-01-10,B-17,true
C-108198,9770008198,2021-06-18,B-08,false
C-108199,9770008199,2024-01-10,B-04,false
C-108200,9770008200,2022-12-18,B-09,false
C-108201,9770008201,2019-07-14,B-09,true
C-108202,9770008202,2020-03-11,B-17,true
C-108203,9770008203,2023-07-29,B-02,true
C-108204,9770008204,2020-02-22,B-04,false
C-108205,9770008205,2022-03-16,B-09,false
C-108206,9770008206,2024-12-09,B-04,true
C-108207,9770008207,2024-05-19,B-08,false
C-108208,9770008208,2023-04-07,B-01,false
C-108209,9770008209,2025-01-22,B-09,false
C-108210,9770008210,2020-07-03,B-02,false
C-108211,9770008211,2020-08-05,B-01,true
C-108212,9770008212,2023-04-03,B-09,true
C-108213,9770008213,2022-06-16,B-17,false
C-108214,9770008214,2023-01-24,B-08,false
C-108215,9770008215,2024-06-11,B-17,false
C-108216,9770008216,2019-12-25,B-01,true
C-108217,9770008217,2020-06-18,B-09,false
C-108218,9770008218,2025-03-25,B-17,false
C-108219,9770008219,2024-10-20,B-17,false
C-108220,9770008220,2022-02-17,B-09,true
C-108221,9770008221,2023-03-09,B-08,true
C-108222,9770008222,2023-11-23,B-08,true
C-108223,9770008223,2021-06-06,B-02,true
C-108224,9770008224,2020-04-19,B-02,false
C-108225,9770008225,2024-09-04,B-02,true
C-108226,9770008226,2024-06-17,B-02,true
C-108227,9770008227,2024-12-06,B-02,false
C-108228,9770008228,2022-08-14,B-08,false
C-108229,9770008229,2026-01-06,B-02,true
C-108230,9770008230,2022-02-10,B-02,false
C-108231,9770008231,2024-05-01,B-08,true
C-108232,9770008232,2023-12-20,B-01,false
C-108233,9770008233,2025-02-19,B-09,false
C-108234,9770008234,2021-04-10,B-04,true
C-108235,9770008235,2022-01-28,B-09,false
C-108236,9770008236,2022-09-23,B-08,true
C-108237,9770008237,2025-08-03,B-01,false
C-108238,9770008238,2021-03-26,B-02,false
C-108239,9770008239,2021-11-29,B-04,true
C-108240,9770008240,2025-12-18,B-02,true
C-108241,9770008241,2025-12-17,B-17,false
C-108242,9770008242,2023-04-16,B-09,false
C-108243,9770008243,2023-01-21,B-09,false
C-108244,9770008244,2021-10-30,B-02,true
C-108245,9770008245,2020-07-05,B-17,true
C-108246,9770008246,2020-06-07,B-17,false
C-108247,9770008247,2026-01-09,B-04,true
C-108248,9770008248,2020-04-06,B-01,true
C-108249,9770008249,2022-08-09,B-09,true
C-108250,9770008250,2022-10-11,B-02,false
C-108251,9770008251,2020-03-13,B-01,false
C-108252,9770008252,2025-07-12,B-17,false
C-108253,9770008253,2025-05-02,B-17,true
C-108254,9770008254,2020-05-26,B-09,false
C-108255,9770008255,2019-09-24,B-02,false
C-108256,9770008256,2024-05-03,B-01,false
C-108257,9770008257,2023-11-08,B-17,false
C-108258,9770008258,2020-08-19,B-09,false
C-108259,9770008259,2019-06-06,B-02,false
C-108260,9770008260,2023-11-02,B-04,true
C-108261,9770008261,2024-02-16,B-17,true
C-108262,9770008262,2020-01-11,B-08,false
C-108263,9770008263,2025-02-14,B-01,true
C-108264,9770008264,2019-06-04,B-04,true
C-108265,9770008265,2022-07-08,B-04,true
C-108266,9770008266,2025-03-19,B-02,false
C-108267,9770008267,2022-09-17,B-17,true
C-108268,9770008268,2021-01-11,B-17,false
C-108269,9770008269,2020-11-19,B-08,true
C-108270,9770008270,2022-04-09,B-02,false
C-108271,9770008271,2022-09-11,B-01,false
C-108272,9770008272,2026-03-26,B-17,false
C-108273,9770008273,2024-08-14,B-04,false
C-108274,9770008274,2023-06-13,B-01,true
C-108275,9770008275,2019-10-13,B-09,false
C-108276,9770008276,2019-10-06,B-02,false
C-108277,9770008277,2025-10-01,B-17,false
C-108278,9770008278,2021-10-04,B-17,false
C-108279,9770008279,2020-02-20,B-08,true
C-108280,9770008280,2021-10-24,B-09,false
C-108281,9770008281,2024-10-30,B-09,false
C-108282,9770008282,2019-12-03,B-01,false
C-108283,9770008283,2021-09-19,B-01,true
C-108284,9770008284,2023-07-15,B-02,false
C-108285,9770008285,2021-05-07,B-09,false
C-108286,9770008286,2020-01-13,B-02,true
C-108287,9770008287,2021-12-29,B-01,false
C-108288,9770008288,2021-12-06,B-09,true
C-108289,9770008289,2023-05-16,B-08,true
C-108290,9770008290,2025-04-17,B-01,true
C-108291,9770008291,2022-01-17,B-02,true
C-108292,9770008292,2019-11-25,B-17,false
C-108293,9770008293,2024-04-30,B-08,false
C-108294,9770008294,2025-05-22,B-08,true
C-108295,9770008295,2019-11-07,B-02,false
C-108296,9770008296,2023-09-30,B-17,true
C-108297,9770008297,2020-11-19,B-09,true
C-108298,9770008298,2023-11-14,B-02,false
C-108299,9770008299,2020-11-03,B-02,false
C-108300,9770008300,2022-10-29,B-09,false
C-108301,9770008301,2020-04-20,B-04,true
C-108302,9770008302,2025-06-06,B-04,false
C-108303,9770008303,2025-05-05,B-09,true
C-108304,9770008304,2024-03-30,B-01,false
C-108305,9770008305,2025-02-16,B-08,false
C-108306,9770008306,2023-05-29,B-17,true
C-108307,9770008307,2021-06-11,B-08,true
C-108308,9770008308,2021-10-28,B-02,true
C-108309,9770008309,2022-04-28,B-04,true
C-108310,9770008310,2020-04-23,B-08,false
C-108311,9770008311,2026-01-03,B-04,false
C-108312,9770008312,2020-09-17,B-08,false
C-108313,9770008313,2023-06-23,B-04,false
C-108314,9770008314,2022-06-08,B-04,true
C-108315,9770008315,2023-09-09,B-01,false
C-108316,9770008316,2025-10-15,B-09,true
C-108317,9770008317,2020-08-30,B-04,false
C-108318,9770008318,2022-11-14,B-02,true
C-108319,9770008319,2024-12-04,B-04,false
C-108320,9770008320,2025-03-14,B-08,false
C-108321,9770008321,2025-09-06,B-08,false
C-108322,9770008322,2025-07-11,B-09,false
C-108323,9770008323,2020-03-03,B-08,true
C-108324,9770008324,2023-07-14,B-02,true
C-108325,9770008325,2023-04-27,B-01,false
C-108326,9770008326,2025-08-26,B-02,true
C-108327,9770008327,2026-02-06,B-04,false
C-108328,9770008328,2023-09-04,B-08,false
C-108329,9770008329,2022-11-23,B-02,true
C-108330,9770008330,2022-12-21,B-08,true
C-108331,9770008331,2021-08-23,B-08,true
C-108332,9770008332,2021-01-25,B-02,true
C-108333,9770008333,2025-04-13,B-01,true
C-108334,9770008334,2023-02-12,B-08,true
C-108335,9770008335,2024-09-02,B-01,true
C-108336,9770008336,2020-12-24,B-17,true
C-108337,9770008337,2023-04-30,B-01,true
C-108338,9770008338,2020-03-20,B-04,false
C-108339,9770008339,2023-04-29,B-04,false
C-108340,9770008340,2021-10-05,B-02,false
C-108341,9770008341,2020-04-30,B-09,false
C-108342,9770008342,2020-07-20,B-04,true
C-108343,9770008343,2023-10-05,B-01,false
C-108344,9770008344,2024-04-17,B-02,false
C-108345,9770008345,2022-12-10,B-09,false
C-108346,9770008346,2020-07-26,B-09,false
C-108347,9770008347,2022-06-10,B-02,true
C-108348,9770008348,2019-12-05,B-04,true
C-108349,9770008349,2025-09-26,B-08,false
C-108350,9770008350,2024-02-09,B-01,true
C-108351,9770008351,2025-10-30,B-09,true
C-108352,9770008352,2019-07-22,B-02,true
C-108353,9770008353,2022-04-12,B-08,true
C-108354,9770008354,2025-05-15,B-01,true
C-108355,9770008355,2024-02-05,B-01,false
C-108356,9770008356,2023-06-10,B-17,true
C-108357,9770008357,2020-05-09,B-02,false
C-108358,9770008358,2020-12-05,B-02,false
C-108359,9770008359,2022-08-22,B-02,true
C-108360,9770008360,2022-07-28,B-02,false
C-108361,9770008361,2021-03-11,B-04,false
C-108362,9770008362,2023-04-16,B-17,false
C-108363,9770008363,2021-07-05,B-02,false
C-108364,9770008364,2024-08-14,B-08,false
C-108365,9770008365,2021-03-18,B-08,false
C-108366,9770008366,2023-10-08,B-02,true
C-108367,9770008367,2022-05-04,B-09,false
C-108368,9770008368,2020-12-08,B-09,false
C-108369,9770008369,2020-01-02,B-08,false
C-108370,9770008370,2024-08-08,B-04,false
C-108371,9770008371,2024-05-03,B-01,true
C-108372,9770008372,2022-04-06,B-04,true
C-108373,9770008373,2020-10-04,B-08,false
C-108374,9770008374,2021-03-09,B-17,false
C-108375,9770008375,2026-01-12,B-02,true
C-108376,9770008376,2020-06-25,B-02,true
C-108377,9770008377,2023-01-07,B-08,true
C-108378,9770008378,2020-10-26,B-04,false
C-108379,9770008379,2020-01-01,B-09,false
C-108380,9770008380,2021-09-12,B-08,false
C-108381,9770008381,2022-03-30,B-04,false
C-108382,9770008382,2023-12-23,B-08,false
C-108383,9770008383,2026-03-10,B-08,false
C-108384,9770008384,2021-07-19,B-01,true
C-108385,9770008385,2021-06-03,B-08,false
C-108386,9770008386,2023-01-18,B-09,false
C-108387,9770008387,2019-12-26,B-08,true
C-108388,9770008388,2021-12-27,B-17,false
C-108389,9770008389,2022-08-05,B-09,false
C-108390,9770008390,2020-07-29,B-08,true
C-108391,9770008391,2024-12-02,B-02,false
C-108392,9770008392,2025-07-28,B-17,true
C-108393,9770008393,2020-10-30,B-02,false
C-108394,9770008394,2024-04-08,B-09,true
C-108395,9770008395,2020-05-13,B-09,false
C-108396,9770008396,2022-02-23,B-04,true
C-108397,9770008397,2025-12-01,B-17,true
C-108398,9770008398,2024-11-02,B-02,false
C-108399,9770008399,2020-02-02,B-04,false
C-108400,9770008400,2024-09-05,B-08,false
C-108401,9770008401,2025-01-08,B-08,false
C-108402,9770008402,2023-12-17,B-17,true
C-108403,9770008403,2025-07-23,B-17,true
C-108404,9770008404,2020-10-19,B-04,false
C-108405,9770008405,2022-03-20,B-02,false
C-108406,9770008406,2019-07-23,B-02,true
C-108407,9770008407,2023-05-16,B-04,true
C-108408,9770008408,2021-01-07,B-02,false
C-108409,9770008409,2022-05-21,B-02,false
C-108410,9770008410,2022-11-25,B-08,true
C-108411,9770008411,2024-09-22,B-09,true
C-108412,9770008412,2025-09-19,B-02,false
C-108413,9770008413,2022-08-17,B-04,true
C-108414,9770008414,2020-06-24,B-01,false
C-108415,9770008415,2026-03-12,B-02,false
C-108416,9770008416,2019-10-07,B-02,true
C-108417,9770008417,2022-06-17,B-02,false
C-108418,9770008418,2022-07-22,B-09,false
C-108419,9770008419,2022-03-06,B-02,false
C-108420,9770008420,2023-07-18,B-04,false
C-108421,9770008421,2023-07-02,B-09,false
C-108422,9770008422,2026-03-27,B-01,false
C-108423,9770008423,2020-09-07,B-17,true
C-108424,9770008424,2022-02-12,B-02,true
C-108425,9770008425,2025-05-05,B-09,true
C-108426,9770008426,2023-04-12,B-04,true
C-108427,9770008427,2022-03-28,B-01,true
C-108428,9770008428,2024-01-09,B-09,false
C-108429,9770008429,2021-09-23,B-01,true
C-108430,9770008430,2025-08-15,B-09,true
C-108431,9770008431,2024-01-27,B-04,false
C-108432,9770008432,2024-10-10,B-09,true
C-108433,9770008433,2020-03-14,B-09,false
C-108434,9770008434,2022-09-19,B-01,true
C-108435,9770008435,2020-05-24,B-04,false
C-108436,9770008436,2020-12-07,B-02,true
C-108437,9770008437,2021-01-23,B-08,true
C-108438,9770008438,2023-11-21,B-08,false
C-108439,9770008439,2021-03-12,B-02,false
C-108440,9770008440,2021-08-22,B-04,true
C-108441,9770008441,2023-04-08,B-02,true
C-108442,9770008442,2024-07-10,B-17,false
C-108443,9770008443,2020-08-31,B-09,true
C-108444,9770008444,2019-06-26,B-02,false
C-108445,9770008445,2023-12-13,B-02,false
C-108446,9770008446,2022-11-23,B-04,true
C-108447,9770008447,2020-09-12,B-09,false
C-108448,9770008448,2025-09-24,B-17,false
C-108449,9770008449,2025-11-22,B-17,false
C-108450,9770008450,2021-11-19,B-01,true
C-108451,9770008451,2023-12-06,B-17,false
C-108452,9770008452,2021-01-28,B-01,false
C-108453,9770008453,2020-02-24,B-09,false
C-108454,9770008454,2019-06-24,B-04,false
C-108455,9770008455,2020-07-29,B-08,true
C-108456,9770008456,2020-02-03,B-01,false
C-108457,9770008457,2021-06-24,B-09,true
C-108458,9770008458,2021-07-05,B-02,true
C-108459,9770008459,2021-03-14,B-08,false
C-108460,9770008460,2019-10-27,B-01,false
C-108461,9770008461,2025-06-16,B-04,true
C-108462,9770008462,2024-05-05,B-04,false
C-108463,9770008463,2023-09-08,B-04,false
C-108464,9770008464,2023-12-22,B-09,false
C-108465,9770008465,2025-07-12,B-01,false
C-108466,9770008466,2019-08-31,B-08,true
C-108467,9770008467,2025-09-04,B-17,false
C-108468,9770008468,2023-10-16,B-01,false
C-108469,9770008469,2024-04-01,B-17,false
C-108470,9770008470,2025-05-23,B-08,false
C-108471,9770008471,2023-12-31,B-01,true
C-108472,9770008472,2024-09-13,B-17,true
C-108473,9770008473,2023-08-10,B-04,false
C-108474,9770008474,2025-11-21,B-02,true
C-108475,9770008475,2022-11-09,B-04,false
C-108476,9770008476,2024-06-10,B-17,true
C-108477,9770008477,2024-10-21,B-04,false
C-108478,9770008478,2020-10-24,B-17,true
C-108479,9770008479,2025-03-08,B-08,true
C-108480,9770008480,2022-01-19,B-04,false
C-108481,9770008481,2025-08-13,B-04,false
C-108482,9770008482,2020-01-03,B-01,true
C-108483,9770008483,2021-03-03,B-08,true
C-108484,9770008484,2021-03-23,B-02,false
C-108485,9770008485,2023-05-17,B-02,false
C-108486,9770008486,2023-02-19,B-08,false
C-108487,9770008487,2019-07-09,B-02,false
C-108488,9770008488,2022-08-15,B-08,false
C-108489,9770008489,2021-01-22,B-04,false
C-108490,9770008490,2025-03-16,B-02,true
C-108491,9770008491,2022-05-28,B-17,true
C-108492,9770008492,2021-01-22,B-02,true
C-108493,9770008493,2022-03-07,B-09,true
C-108494,9770008494,2020-06-05,B-01,true
C-108495,9770008495,2022-05-15,B-08,false
C-108496,9770008496,2024-02-02,B-08,true
C-108497,9770008497,2023-01-19,B-02,false
C-108498,9770008498,2025-07-24,B-08,false
C-108499,9770008499,2019-10-04,B-17,false
C-108500,9770008500,2019-10-13,B-08,false
C-108501,9770008501,2025-07-30,B-01,false
C-108502,9770008502,2021-01-21,B-02,true
C-108503,9770008503,2020-07-22,B-08,false
C-108504,9770008504,2024-01-01,B-17,true
C-108505,9770008505,2019-12-29,B-17,true
C-108506,9770008506,2025-08-11,B-01,true
C-108507,9770008507,2020-08-03,B-04,false
C-108508,9770008508,2025-11-12,B-01,false
C-108509,9770008509,2026-02-26,B-02,true
C-108510,9770008510,2023-03-29,B-17,true
C-108511,9770008511,2022-05-14,B-02,true
C-108512,9770008512,2020-12-10,B-04,true
C-108513,9770008513,2021-08-10,B-04,false
C-108514,9770008514,2020-04-21,B-17,true
C-108515,9770008515,2021-01-09,B-02,false
C-108516,9770008516,2021-01-16,B-02,false
C-108517,9770008517,2022-11-19,B-02,false
C-108518,9770008518,2025-06-19,B-01,false
C-108519,9770008519,2025-03-12,B-17,false
C-108520,9770008520,2026-03-15,B-17,false
C-108521,9770008521,2025-07-25,B-09,false
C-108522,9770008522,2025-01-28,B-04,false
C-108523,9770008523,2025-10-21,B-02,true
C-108524,9770008524,2026-01-17,B-02,true
C-108525,9770008525,2020-01-13,B-08,true
C-108526,9770008526,2019-06-11,B-04,true
C-108527,9770008527,2025-01-05,B-04,true
C-108528,9770008528,2020-03-11,B-08,true
C-108529,9770008529,2019-10-31,B-01,false
C-108530,9770008530,2023-05-11,B-09,false
C-108531,9770008531,2022-10-03,B-17,false
C-108532,9770008532,2022-02-05,B-08,false
C-108533,9770008533,2024-09-25,B-08,true
C-108534,9770008534,2021-10-05,B-01,true
C-108535,9770008535,2025-11-11,B-17,false
C-108536,9770008536,2020-04-25,B-17,false
C-108537,9770008537,2021-07-09,B-08,false
C-108538,9770008538,2024-07-23,B-17,false
C-108539,9770008539,2023-08-31,B-02,false
C-108540,9770008540,2024-01-01,B-09,false
C-108541,9770008541,2020-09-16,B-04,true
C-108542,9770008542,2024-06-30,B-17,true
C-108543,9770008543,2022-10-28,B-09,true
C-108544,9770008544,2020-05-27,B-09,true
C-108545,9770008545,2020-11-22,B-08,true
C-108546,9770008546,2025-08-24,B-17,true
C-108547,9770008547,2022-04-01,B-08,true
C-108548,9770008548,2019-12-06,B-02,true
C-108549,9770008549,2019-10-15,B-01,false
C-108550,9770008550,2025-08-12,B-17,false
C-108551,9770008551,2025-09-06,B-09,false
C-108552,9770008552,2025-02-04,B-17,true
C-108553,9770008553,2024-07-07,B-08,true
C-108554,9770008554,2024-02-07,B-17,false
C-108555,9770008555,2019-06-14,B-04,true
C-108556,9770008556,2022-05-03,B-04,false
C-108557,9770008557,2021-02-07,B-01,true
C-108558,9770008558,2021-06-25,B-08,true
C-108559,9770008559,2026-01-17,B-02,true
C-108560,9770008560,2024-08-17,B-01,false
C-108561,9770008561,2022-05-28,B-08,false
C-108562,9770008562,2020-06-25,B-02,true
C-108563,9770008563,2020-04-16,B-02,false
C-108564,9770008564,2022-12-05,B-02,false
C-108565,9770008565,2022-02-05,B-09,false
C-108566,9770008566,2023-09-19,B-08,true
C-108567,9770008567,2025-07-18,B-17,false
C-108568,9770008568,2019-06-11,B-17,false
C-108569,9770008569,2026-03-10,B-17,true
C-108570,9770008570,2019-06-14,B-04,true
C-108571,9770008571,2020-12-27,B-09,true
C-108572,9770008572,2025-10-22,B-01,false
C-108573,9770008573,2021-11-24,B-01,true
C-108574,9770008574,2024-05-30,B-01,false
C-108575,9770008575,2019-12-20,B-02,false
C-108576,9770008576,2022-07-21,B-09,false
C-108577,9770008577,2020-04-15,B-17,true
C-108578,9770008578,2021-07-23,B-08,false
C-108579,9770008579,2024-05-11,B-09,true
C-108580,9770008580,2024-10-13,B-01,true
C-108581,9770008581,2025-03-21,B-02,true
C-108582,9770008582,2020-07-23,B-09,false
C-108583,9770008583,2026-03-24,B-04,true
C-108584,9770008584,2022-12-18,B-09,false
C-108585,9770008585,2023-12-31,B-08,true
C-108586,9770008586,2024-05-03,B-02,true
C-108587,9770008587,2024-02-16,B-04,false
C-108588,9770008588,2019-06-16,B-01,true
C-108589,9770008589,2024-02-16,B-09,false
C-108590,9770008590,2025-11-02,B-17,false
C-108591,9770008591,2023-07-11,B-17,false
C-108592,9770008592,2020-07-24,B-17,false
C-108593,9770008593,2022-03-15,B-04,true
C-108594,9770008594,2022-01-24,B-08,false
C-108595,9770008595,2025-02-12,B-04,true
C-108596,9770008596,2023-01-31,B-09,true
C-108597,9770008597,2024-04-23,B-01,false
C-108598,9770008598,2022-03-15,B-02,false
C-108599,9770008599,2019-12-27,B-04,false
C-108600,9770008600,2022-11-25,B-04,false
C-108601,9770008601,2022-08-17,B-04,false
C-108602,9770008602,2022-08-17,B-17,false
C-108603,9770008603,2025-01-26,B-17,false
C-108604,9770008604,2023-08-16,B-04,false
C-108605,9770008605,2023-06-28,B-08,false
C-108606,9770008606,2024-10-01,B-09,false
C-108607,9770008607,2022-02-24,B-02,true
C-108608,9770008608,2023-04-10,B-17,false
C-108609,9770008609,2021-08-02,B-17,true
C-108610,9770008610,2023-03-17,B-02,true
C-108611,9770008611,2024-04-26,B-17,false
C-108612,9770008612,2024-11-23,B-17,true
C-108613,9770008613,2020-05-16,B-04,true
C-108614,9770008614,2022-03-21,B-04,true
C-108615,9770008615,2020-09-19,B-08,true
C-108616,9770008616,2021-03-30,B-01,true
C-108617,9770008617,2023-05-30,B-17,false
C-108618,9770008618,2021-05-07,B-17,true
C-108619,9770008619,2020-10-16,B-09,true
C-108620,9770008620,2021-01-06,B-02,true
C-108621,9770008621,2019-12-28,B-08,true
C-108622,9770008622,2019-08-08,B-04,false
C-108623,9770008623,2022-04-04,B-09,false
C-108624,9770008624,2023-02-18,B-02,false
C-108625,9770008625,2024-02-29,B-01,true
C-108626,9770008626,2025-07-30,B-02,true
C-108627,9770008627,2023-01-10,B-01,true
C-108628,9770008628,2026-03-17,B-04,true
C-108629,9770008629,2019-11-26,B-08,false
C-108630,9770008630,2023-06-20,B-04,true
C-108631,9770008631,2025-05-25,B-08,false
C-108632,9770008632,2023-06-27,B-04,false
C-108633,9770008633,2020-08-19,B-09,true
C-108634,9770008634,2023-06-01,B-01,false
C-108635,9770008635,2020-10-13,B-09,false
C-108636,9770008636,2021-08-28,B-04,false
C-108637,9770008637,2024-05-23,B-02,true
C-108638,9770008638,2020-05-26,B-04,false
C-108639,9770008639,2024-10-12,B-02,false
C-108640,9770008640,2021-01-29,B-09,false
C-108641,9770008641,2020-04-10,B-02,false
C-108642,9770008642,2022-06-14,B-01,false
C-108643,9770008643,2024-10-20,B-01,true
C-108644,9770008644,2022-03-09,B-08,false
C-108645,9770008645,2025-08-10,B-17,true
C-108646,9770008646,2024-08-03,B-02,true
C-108647,9770008647,2019-11-27,B-09,false
C-108648,9770008648,2024-02-26,B-01,false
C-108649,9770008649,2021-11-21,B-02,false
C-108650,9770008650,2024-10-06,B-02,false
C-108651,9770008651,2025-07-31,B-17,false
C-108652,9770008652,2025-02-13,B-01,true
C-108653,9770008653,2022-03-12,B-01,false
C-108654,9770008654,2023-09-10,B-17,false
C-108655,9770008655,2022-12-02,B-08,false
C-108656,9770008656,2026-03-30,B-01,false
C-108657,9770008657,2023-10-09,B-04,true
C-108658,9770008658,2019-06-13,B-04,false
C-108659,9770008659,2019-10-23,B-09,true
C-108660,9770008660,2023-05-26,B-08,false
C-108661,9770008661,2021-09-09,B-09,false
C-108662,9770008662,2023-04-06,B-04,true
C-108663,9770008663,2023-04-03,B-09,false
C-108664,9770008664,2020-03-26,B-04,false
C-108665,9770008665,2021-10-16,B-09,false
C-108666,9770008666,2021-04-02,B-08,false
C-108667,9770008667,2019-08-20,B-17,true
C-108668,9770008668,2022-04-17,B-17,false
C-108669,9770008669,2023-06-12,B-09,true
C-108670,9770008670,2024-04-12,B-08,false
C-108671,9770008671,2021-03-25,B-02,true
C-108672,9770008672,2021-10-28,B-17,true
C-108673,9770008673,2023-01-25,B-04,false
C-108674,9770008674,2020-10-12,B-01,false
C-108675,9770008675,2021-09-26,B-01,false
C-108676,9770008676,2020-10-25,B-04,true
C-108677,9770008677,2021-06-11,B-04,false
C-108678,9770008678,2021-04-16,B-09,false
C-108679,9770008679,2026-02-23,B-01,false
C-108680,9770008680,2020-03-21,B-17,false
C-108681,9770008681,2025-07-22,B-01,false
C-108682,9770008682,2021-02-27,B-08,true
C-108683,9770008683,2026-03-08,B-17,true
C-108684,9770008684,2021-11-23,B-01,false
C-108685,9770008685,2021-01-01,B-02,true
C-108686,9770008686,2020-06-02,B-09,false
C-108687,9770008687,2022-05-09,B-04,true
C-108688,9770008688,2021-04-30,B-02,false
C-108689,9770008689,2021-10-26,B-17,true
C-108690,9770008690,2019-10-02,B-04,false
C-108691,9770008691,2019-12-26,B-17,false
C-108692,9770008692,2019-12-12,B-09,false
C-108693,9770008693,2019-12-28,B-09,false
C-108694,9770008694,2023-11-07,B-17,false
C-108695,9770008695,2020-05-18,B-17,false
C-108696,9770008696,2024-02-13,B-09,false
C-108697,9770008697,2020-01-14,B-09,false
C-108698,9770008698,2024-02-26,B-01,false
C-108699,9770008699,2023-06-01,B-01,true
C-108700,9770008700,2020-04-01,B-08,false
C-108701,9770008701,2023-03-02,B-02,true
C-108702,9770008702,2023-09-19,B-08,false
C-108703,9770008703,2022-04-15,B-02,false
C-108704,9770008704,2024-07-02,B-02,true
C-108705,9770008705,2020-09-10,B-08,true
C-108706,9770008706,2021-10-16,B-08,false
C-108707,9770008707,2019-11-29,B-02,true
C-108708,9770008708,2020-05-06,B-01,false
C-108709,9770008709,2025-05-10,B-09,false
C-108710,9770008710,2019-09-16,B-08,false
C-108711,9770008711,2020-03-09,B-08,false
C-108712,9770008712,2022-08-11,B-04,true
C-108713,9770008713,2021-04-15,B-01,false
C-108714,9770008714,2022-02-13,B-09,false
C-108715,9770008715,2025-03-28,B-17,true
C-108716,9770008716,2024-02-03,B-09,true
C-108717,9770008717,2022-06-05,B-08,true
C-108718,9770008718,2020-12-21,B-09,false
C-108719,9770008719,2020-07-05,B-08,false
C-108720,9770008720,2019-07-27,B-02,false
C-108721,9770008721,2020-09-24,B-02,false
C-108722,9770008722,2022-10-25,B-01,false
C-108723,9770008723,2021-12-28,B-01,false
C-108724,9770008724,2023-03-11,B-09,false
C-108725,9770008725,2024-07-13,B-09,false
C-108726,9770008726,2022-05-04,B-04,false
C-108727,9770008727,2024-03-22,B-09,true
C-108728,9770008728,2025-03-14,B-08,false
C-108729,9770008729,2020-04-27,B-09,false
C-108730,9770008730,2024-05-03,B-17,true
C-108731,9770008731,2024-11-30,B-09,false
C-108732,9770008732,2021-01-26,B-17,false
C-108733,9770008733,2020-09-19,B-04,true
C-108734,9770008734,2024-10-22,B-04,true
C-108735,9770008735,2024-01-11,B-17,false
C-108736,9770008736,2024-09-21,B-01,true
C-108737,9770008737,2023-04-14,B-04,true
C-108738,9770008738,2023-04-22,B-09,true
C-108739,9770008739,2022-01-22,B-04,true
C-108740,9770008740,2021-11-15,B-09,true
C-108741,9770008741,2021-11-14,B-17,false
C-108742,9770008742,2022-02-25,B-04,true
C-108743,9770008743,2022-03-30,B-02,false
C-108744,9770008744,2022-08-11,B-02,true
C-108745,9770008745,2024-11-21,B-09,false
C-108746,9770008746,2020-10-26,B-02,false
C-108747,9770008747,2025-01-29,B-08,false
C-108748,9770008748,2019-10-09,B-09,false
C-108749,9770008749,2024-03-22,B-17,true
C-108750,9770008750,2023-03-08,B-08,false
C-108751,9770008751,2020-12-09,B-17,false
C-108752,9770008752,2022-01-05,B-01,false
C-108753,9770008753,2022-01-09,B-17,false
C-108754,9770008754,2024-01-29,B-01,false
C-108755,9770008755,2021-07-29,B-02,true
C-108756,9770008756,2022-10-31,B-08,false
C-108757,9770008757,2021-07-27,B-02,false
C-108758,9770008758,2024-09-30,B-01,false
C-108759,9770008759,2025-02-24,B-17,false
C-108760,9770008760,2022-02-05,B-02,true
C-108761,9770008761,2019-09-19,B-09,true
C-108762,9770008762,2020-11-14,B-17,false
C-108763,9770008763,2020-07-31,B-08,true
C-108764,9770008764,2025-10-15,B-01,false
C-108765,9770008765,2025-10-23,B-08,true
C-108766,9770008766,2021-07-02,B-02,true
C-108767,9770008767,2020-07-12,B-01,false
C-108768,9770008768,2021-03-13,B-04,true
C-108769,9770008769,2023-04-06,B-04,false
C-108770,9770008770,2022-02-28,B-17,false
C-108771,9770008771,2020-09-25,B-02,true
C-108772,9770008772,2019-09-09,B-01,true
C-108773,9770008773,2023-06-13,B-08,false
C-108774,9770008774,2020-11-06,B-08,false
C-108775,9770008775,2023-04-03,B-08,false
C-108776,9770008776,2022-10-08,B-17,false
C-108777,9770008777,2025-02-22,B-08,false
C-108778,9770008778,2025-11-13,B-01,false
C-108779,9770008779,2022-04-13,B-09,true
C-108780,9770008780,2021-01-17,B-01,false
C-108781,9770008781,2019-09-07,B-17,true
C-108782,9770008782,2022-05-20,B-09,true
C-108783,9770008783,2023-12-09,B-01,false
C-108784,9770008784,2024-10-13,B-17,false
C-108785,9770008785,2022-04-01,B-01,true
C-108786,9770008786,2025-01-21,B-02,false
C-108787,9770008787,2023-01-11,B-01,true
C-108788,9770008788,2019-11-23,B-01,true
C-108789,9770008789,2020-11-09,B-08,false
C-108790,9770008790,2025-09-12,B-01,false
C-108791,9770008791,2025-10-25,B-17,true
C-108792,9770008792,2020-11-18,B-04,false
C-108793,9770008793,2022-09-17,B-09,true
C-108794,9770008794,2020-09-05,B-09,false
C-108795,9770008795,2024-09-24,B-01,false
C-108796,9770008796,2020-12-02,B-08,true
C-108797,9770008797,2024-10-17,B-09,true
C-108798,9770008798,2022-01-31,B-04,true
C-108799,9770008799,2020-05-13,B-01,true
C-108800,9770008800,2024-10-22,B-01,false
C-108801,9770008801,2024-05-28,B-09,false
C-108802,9770008802,2022-01-13,B-04,false
C-108803,9770008803,2026-02-23,B-17,false
C-108804,9770008804,2024-07-06,B-09,true
C-108805,9770008805,2025-03-23,B-04,false
C-108806,9770008806,2023-10-10,B-02,true
C-108807,9770008807,2019-11-05,B-09,false
C-108808,9770008808,2025-04-07,B-17,true
C-108809,9770008809,2019-08-14,B-01,false
C-108810,9770008810,2019-05-30,B-08,true
C-108811,9770008811,2020-08-04,B-04,true
C-108812,9770008812,2022-12-03,B-17,false
C-108813,9770008813,2020-06-17,B-02,true
C-108814,9770008814,2020-03-08,B-09,false
C-108815,9770008815,2023-09-18,B-17,true
C-108816,9770008816,2021-01-28,B-01,false
C-108817,9770008817,2020-06-29,B-01,false
C-108818,9770008818,2025-04-20,B-08,true
C-108819,9770008819,2020-08-12,B-01,true
C-108820,9770008820,2024-02-05,B-04,false
C-108821,9770008821,2020-04-24,B-09,false
C-108822,9770008822,2026-01-27,B-04,false
C-108823,9770008823,2025-09-28,B-08,false
C-108824,9770008824,2025-09-24,B-08,false
C-108825,9770008825,2019-08-24,B-17,false
C-108826,9770008826,2019-07-19,B-02,false
C-108827,9770008827,2025-11-21,B-08,true
C-108828,9770008828,2023-03-19,B-04,false
C-108829,9770008829,2021-03-27,B-02,true
C-108830,9770008830,2025-12-13,B-09,true
C-108831,9770008831,2020-04-30,B-02,true
C-108832,9770008832,2019-12-05,B-02,true
C-108833,9770008833,2025-06-09,B-09,false
C-108834,9770008834,2024-07-13,B-08,false
C-108835,9770008835,2022-12-14,B-01,true
C-108836,9770008836,2020-08-01,B-02,true
C-108837,9770008837,2026-01-24,B-01,false
C-108838,9770008838,2025-06-25,B-01,false
C-108839,9770008839,2022-10-19,B-02,true
C-108840,9770008840,2021-06-12,B-17,true
C-108841,9770008841,2023-01-26,B-04,true
C-108842,9770008842,2019-06-29,B-17,true
C-108843,9770008843,2021-01-16,B-17,true
C-108844,9770008844,2020-04-11,B-08,false
C-108845,9770008845,2024-08-17,B-17,true
C-108846,9770008846,2025-10-06,B-01,false
C-108847,9770008847,2019-09-23,B-08,false
C-108848,9770008848,2023-07-08,B-09,false
C-108849,9770008849,2023-04-16,B-04,false
C-108850,9770008850,2023-03-27,B-02,false
C-108851,9770008851,2022-03-02,B-02,false
C-108852,9770008852,2026-01-27,B-08,false
C-108853,9770008853,2019-09-14,B-04,false
C-108854,9770008854,2024-03-12,B-01,false
C-108855,9770008855,2024-11-06,B-02,false
C-108856,9770008856,2021-07-05,B-04,false
C-108857,9770008857,2019-06-21,B-08,true
C-108858,9770008858,2020-08-26,B-08,false
C-108859,9770008859,2023-06-25,B-04,true
C-108860,9770008860,2019-08-19,B-04,false
C-108861,9770008861,2022-04-25,B-01,true
C-108862,9770008862,2023-01-14,B-17,false
C-108863,9770008863,2022-02-11,B-17,true
C-108864,9770008864,2023-03-03,B-09,true
C-108865,9770008865,2024-09-01,B-09,true
C-108866,9770008866,2025-03-31,B-09,true
C-108867,9770008867,2025-12-17,B-02,true
C-108868,9770008868,2024-09-14,B-01,false
C-108869,9770008869,2022-10-07,B-01,false
C-108870,9770008870,2020-03-29,B-01,true
C-108871,9770008871,2024-04-20,B-17,false
C-108872,9770008872,2022-11-16,B-17,false
C-108873,9770008873,2024-04-29,B-08,true
C-108874,9770008874,2023-08-31,B-09,true
C-108875,9770008875,2023-11-23,B-01,true
C-108876,9770008876,2020-12-13,B-01,true
C-108877,9770008877,2022-08-18,B-01,false
C-108878,9770008878,2022-12-24,B-09,false
C-108879,9770008879,2023-11-14,B-08,true
C-108880,9770008880,2025-01-18,B-02,false
C-108881,9770008881,2022-08-22,B-04,false
C-108882,9770008882,2022-10-10,B-02,true
C-108883,9770008883,2023-02-05,B-02,true
C-108884,9770008884,2023-02-04,B-17,false
C-108885,9770008885,2021-01-08,B-02,true
C-108886,9770008886,2023-12-08,B-01,false
C-108887,9770008887,2022-02-22,B-04,false
C-108888,9770008888,2023-09-25,B-09,true
C-108889,9770008889,2024-12-09,B-17,false
C-108890,9770008890,2025-01-15,B-01,true
C-108891,9770008891,2023-05-08,B-01,true
C-108892,9770008892,2024-08-20,B-02,false
C-108893,9770008893,2024-10-02,B-09,true
C-108894,9770008894,2019-10-29,B-02,true
C-108895,9770008895,2020-02-14,B-09,true
C-108896,9770008896,2021-12-31,B-04,false
C-108897,9770008897,2023-05-04,B-17,true
C-108898,9770008898,2019-12-29,B-17,false
C-108899,9770008899,2024-12-02,B-01,false
C-108900,9770008900,2024-07-14,B-02,true
C-108901,9770008901,2024-07-02,B-08,true
C-108902,9770008902,2021-10-30,B-08,true
C-108903,9770008903,2024-03-21,B-08,true
C-108904,9770008904,2020-09-06,B-17,false
C-108905,9770008905,2021-07-01,B-02,true
C-108906,9770008906,2023-09-10,B-01,false
C-108907,9770008907,2023-10-17,B-17,false
C-108908,9770008908,2023-12-03,B-09,false
C-108909,9770008909,2025-07-09,B-01,true
C-108910,9770008910,2024-03-23,B-17,true
C-108911,9770008911,2024-08-20,B-09,false
C-108912,9770008912,2022-02-24,B-01,true
C-108913,9770008913,2026-02-07,B-17,true
C-108914,9770008914,2024-11-16,B-01,true
C-108915,9770008915,2020-05-05,B-08,true
C-108916,9770008916,2024-10-01,B-17,false
C-108917,9770008917,2020-01-09,B-09,false
C-108918,9770008918,2023-11-12,B-01,false
C-108919,9770008919,2024-08-22,B-09,true
C-108920,9770008920,2023-04-20,B-04,false
C-108921,9770008921,2023-09-15,B-17,false
C-108922,9770008922,2024-11-27,B-02,true
C-108923,9770008923,2023-01-27,B-04,false
C-108924,9770008924,2022-11-04,B-08,true
C-108925,9770008925,2024-02-18,B-08,true
C-108926,9770008926,2020-06-05,B-08,false
C-108927,9770008927,2023-03-16,B-17,false
C-108928,9770008928,2019-07-24,B-02,true
C-108929,9770008929,2019-11-19,B-01,true
C-108930,9770008930,2021-06-16,B-09,false
C-108931,9770008931,2023-12-21,B-17,false
C-108932,9770008932,2023-01-21,B-02,true
C-108933,9770008933,2022-08-29,B-04,true
C-108934,9770008934,2026-03-29,B-01,false
C-108935,9770008935,2020-01-05,B-01,false
C-108936,9770008936,2022-03-01,B-01,false
C-108937,9770008937,2025-02-14,B-09,true
C-108938,9770008938,2020-08-10,B-02,false
C-108939,9770008939,2019-12-15,B-17,true
C-108940,9770008940,2021-11-26,B-04,true
C-108941,9770008941,2022-08-19,B-01,true
C-108942,9770008942,2022-11-10,B-01,true
C-108943,9770008943,2021-10-18,B-08,false
C-108944,9770008944,2024-12-19,B-08,true
C-108945,9770008945,2022-06-27,B-17,false
C-108946,9770008946,2022-09-05,B-09,false
C-108947,9770008947,2023-04-16,B-17,false
C-108948,9770008948,2022-01-15,B-08,true
C-108949,9770008949,2024-01-18,B-09,true
C-108950,9770008950,2019-07-08,B-08,false
C-108951,9770008951,2022-12-23,B-17,false
C-108952,9770008952,2025-03-29,B-08,false
C-108953,9770008953,2020-02-22,B-01,true
C-108954,9770008954,2022-07-26,B-09,true
C-108955,9770008955,2021-05-29,B-09,false
C-108956,9770008956,2022-01-28,B-01,true
C-108957,9770008957,2023-01-25,B-04,true
C-108958,9770008958,2023-11-28,B-04,false
C-108959,9770008959,2019-06-12,B-04,false
C-108960,9770008960,2025-11-24,B-02,false
C-108961,9770008961,2021-06-09,B-02,false
C-108962,9770008962,2021-11-18,B-04,true
C-108963,9770008963,2025-07-21,B-08,false
C-108964,9770008964,2019-06-03,B-01,true
C-108965,9770008965,2022-04-26,B-08,false
C-108966,9770008966,2025-02-22,B-08,true
C-108967,9770008967,2020-05-04,B-08,false
C-108968,9770008968,2022-05-25,B-01,true
C-108969,9770008969,2021-08-25,B-02,false
C-108970,9770008970,2021-03-15,B-01,false
C-108971,9770008971,2023-10-19,B-04,false
C-108972,9770008972,2025-01-20,B-02,false
C-108973,9770008973,2025-09-08,B-02,true
C-108974,9770008974,2021-08-28,B-01,false
C-108975,9770008975,2021-08-16,B-04,false
C-108976,9770008976,2019-10-04,B-02,true
C-108977,9770008977,2023-10-16,B-09,false
C-108978,9770008978,2022-03-08,B-17,false
C-108979,9770008979,2023-03-31,B-17,false
C-108980,9770008980,2025-11-01,B-08,true
C-108981,9770008981,2025-03-18,B-04,false
C-108982,9770008982,2024-07-30,B-09,true
C-108983,9770008983,2019-09-18,B-02,false
C-108984,9770008984,2025-04-03,B-17,true
C-108985,9770008985,2019-08-18,B-04,false
C-108986,9770008986,2019-11-19,B-04,true
C-108987,9770008987,2021-06-12,B-04,false
C-108988,9770008988,2026-03-03,B-04,false
C-108989,9770008989,2025-07-10,B-17,true
C-108990,9770008990,2021-06-11,B-17,true
C-108991,9770008991,2023-08-22,B-17,true
C-108992,9770008992,2023-12-03,B-04,false
C-108993,9770008993,2020-07-05,B-17,false
C-108994,9770008994,2019-12-31,B-17,true
C-108995,9770008995,2026-02-16,B-09,true
C-108996,9770008996,2023-04-19,B-01,true
C-108997,9770008997,2021-09-03,B-02,false
C-108998,9770008998,2024-03-06,B-17,true
C-108999,9770008999,2019-07-30,B-01,true
C-109000,9770009000,2023-08-21,B-01,false
C-109001,9770009001,2026-01-02,B-01,false
C-109002,9770009002,2020-10-23,B-08,true
C-109003,9770009003,2026-01-08,B-08,true
C-109004,9770009004,2025-05-19,B-17,true
C-109005,9770009005,2024-03-06,B-02,false
C-109006,9770009006,2025-07-23,B-02,true
C-109007,9770009007,2022-03-13,B-04,false
C-109008,9770009008,2019-11-24,B-09,false
C-109009,9770009009,2019-08-21,B-01,true
C-109010,9770009010,2024-05-02,B-01,false
C-109011,9770009011,2019-06-05,B-17,true
C-109012,9770009012,2020-10-08,B-08,false
C-109013,9770009013,2024-07-14,B-01,false
C-109014,9770009014,2019-09-30,B-09,false
C-109015,9770009015,2019-07-07,B-02,false
C-109016,9770009016,2024-07-07,B-17,false
C-109017,9770009017,2022-11-03,B-04,true
C-109018,9770009018,2026-01-10,B-02,false
C-109019,9770009019,2024-12-05,B-04,true
C-109020,9770009020,2026-03-09,B-09,false
C-109021,9770009021,2025-06-30,B-08,true
C-109022,9770009022,2025-12-25,B-01,true
C-109023,9770009023,2021-03-08,B-04,false
C-109024,9770009024,2025-08-20,B-08,false
C-109025,9770009025,2024-06-24,B-09,false
C-109026,9770009026,2022-04-29,B-09,false
C-109027,9770009027,2019-10-19,B-08,true
C-109028,9770009028,2020-01-13,B-01,false
C-109029,9770009029,2022-12-24,B-02,false
C-109030,9770009030,2026-03-16,B-04,false
C-109031,9770009031,2024-02-20,B-09,false
C-109032,9770009032,2020-05-01,B-02,false
C-109033,9770009033,2019-10-28,B-08,false
C-109034,9770009034,2023-05-18,B-01,false
C-109035,9770009035,2023-11-26,B-04,true
C-109036,9770009036,2021-08-22,B-09,false
C-109037,9770009037,2023-12-02,B-08,true
C-109038,9770009038,2025-11-18,B-01,false
C-109039,9770009039,2025-06-29,B-08,true
C-109040,9770009040,2025-06-05,B-09,true
C-109041,9770009041,2020-05-12,B-09,false
C-109042,9770009042,2025-12-26,B-17,false
C-109043,9770009043,2023-05-20,B-04,true
C-109044,9770009044,2023-01-13,B-04,true
C-109045,9770009045,2021-12-08,B-17,false
C-109046,9770009046,2025-03-15,B-01,true
C-109047,9770009047,2020-12-07,B-09,false
C-109048,9770009048,2023-10-06,B-17,false
C-109049,9770009049,2024-08-26,B-01,false
C-109050,9770009050,2024-09-14,B-17,true
C-109051,9770009051,2023-08-29,B-04,false
C-109052,9770009052,2020-03-16,B-01,true
C-109053,9770009053,2025-02-23,B-08,true
C-109054,9770009054,2020-11-22,B-04,true
C-109055,9770009055,2020-10-16,B-09,false
C-109056,9770009056,2021-03-11,B-04,false
C-109057,9770009057,2024-04-20,B-01,true
C-109058,9770009058,2020-08-01,B-02,true
C-109059,9770009059,2019-08-10,B-09,false
C-109060,9770009060,2024-05-12,B-17,true
C-109061,9770009061,2023-03-08,B-17,false
C-109062,9770009062,2019-07-18,B-17,false
C-109063,9770009063,2023-12-27,B-08,false
C-109064,9770009064,2020-08-02,B-01,true
C-109065,9770009065,2020-12-08,B-09,false
C-109066,9770009066,2025-03-14,B-04,false
C-109067,9770009067,2022-08-26,B-02,false
C-109068,9770009068,2025-02-02,B-08,false
C-109069,9770009069,2022-02-19,B-04,false
C-109070,9770009070,2024-12-28,B-04,true
C-109071,9770009071,2026-01-18,B-02,true
C-109072,9770009072,2023-05-23,B-08,false
C-109073,9770009073,2021-03-07,B-17,false
C-109074,9770009074,2020-04-13,B-09,true
C-109075,9770009075,2026-01-15,B-01,false
C-109076,9770009076,2022-06-17,B-09,false
C-109077,9770009077,2021-06-14,B-09,false
C-109078,9770009078,2020-01-11,B-17,false
C-109079,9770009079,2022-02-13,B-02,false
C-109080,9770009080,2019-06-02,B-09,false
C-109081,9770009081,2021-07-18,B-02,false
C-109082,9770009082,2023-01-18,B-04,false
C-109083,9770009083,2021-04-09,B-17,true
C-109084,9770009084,2025-05-01,B-02,false
C-109085,9770009085,2021-06-25,B-09,false
C-109086,9770009086,2020-10-02,B-01,true
C-109087,9770009087,2022-11-06,B-04,true
C-109088,9770009088,2023-03-27,B-01,false
C-109089,9770009089,2021-06-01,B-08,false
C-109090,9770009090,2022-08-12,B-09,true
C-109091,9770009091,2025-02-09,B-01,true
C-109092,9770009092,2024-03-18,B-17,true
C-109093,9770009093,2021-02-17,B-02,false
C-109094,9770009094,2022-05-01,B-17,true
C-109095,9770009095,2025-01-22,B-17,true
C-109096,9770009096,2019-06-10,B-09,false
C-109097,9770009097,2019-11-04,B-08,false
C-109098,9770009098,2020-09-12,B-04,false
C-109099,9770009099,2022-11-24,B-04,false
C-109100,9770009100,2022-01-12,B-02,true
C-109101,9770009101,2021-09-30,B-01,true
C-109102,9770009102,2020-03-23,B-08,false
C-109103,9770009103,2022-05-04,B-08,true
C-109104,9770009104,2021-12-14,B-17,false
C-109105,9770009105,2021-07-21,B-08,false
C-109106,9770009106,2023-07-25,B-04,false
C-109107,9770009107,2019-12-24,B-02,false
C-109108,9770009108,2020-03-14,B-08,false
C-109109,9770009109,2025-12-05,B-17,false
C-109110,9770009110,2024-03-22,B-09,true
C-109111,9770009111,2020-05-30,B-01,true
C-109112,9770009112,2025-04-30,B-09,false
C-109113,9770009113,2022-03-19,B-02,false
C-109114,9770009114,2021-07-11,B-17,true
C-109115,9770009115,2023-09-28,B-17,true
C-109116,9770009116,2025-08-02,B-02,true
C-109117,9770009117,2022-02-13,B-02,false
C-109118,9770009118,2019-07-12,B-09,true
C-109119,9770009119,2023-06-27,B-02,false
C-109120,9770009120,2021-11-05,B-01,true
C-109121,9770009121,2025-01-26,B-02,true
C-109122,9770009122,2020-01-01,B-09,false
C-109123,9770009123,2023-03-25,B-17,true
C-109124,9770009124,2025-06-30,B-01,true
C-109125,9770009125,2020-10-02,B-04,false
C-109126,9770009126,2019-07-25,B-08,false
C-109127,9770009127,2021-12-26,B-04,true
C-109128,9770009128,2022-12-01,B-02,true
C-109129,9770009129,2022-06-06,B-04,true
C-109130,9770009130,2020-11-21,B-08,false
C-109131,9770009131,2025-06-14,B-17,false
C-109132,9770009132,2024-12-26,B-01,true
C-109133,9770009133,2022-03-25,B-08,true
C-109134,9770009134,2019-08-18,B-02,true
C-109135,9770009135,2021-08-09,B-04,true
C-109136,9770009136,2020-09-27,B-02,true
C-109137,9770009137,2022-01-25,B-09,true
C-109138,9770009138,2023-07-03,B-08,false
C-109139,9770009139,2022-03-01,B-09,false
C-109140,9770009140,2025-08-09,B-09,true
C-109141,9770009141,2022-02-10,B-09,true
C-109142,9770009142,2020-07-07,B-01,false
C-109143,9770009143,2022-03-25,B-09,false
C-109144,9770009144,2022-10-09,B-01,true
C-109145,9770009145,2022-04-12,B-04,true
C-109146,9770009146,2022-05-04,B-09,true
C-109147,9770009147,2025-04-28,B-09,true
C-109148,9770009148,2025-03-14,B-08,false
C-109149,9770009149,2023-10-09,B-17,false
C-109150,9770009150,2026-03-05,B-02,false
C-109151,9770009151,2024-11-07,B-09,false
C-109152,9770009152,2026-01-07,B-04,true
C-109153,9770009153,2020-07-08,B-08,true
C-109154,9770009154,2023-11-14,B-08,true
C-109155,9770009155,2021-03-08,B-09,false
C-109156,9770009156,2020-07-25,B-02,false
C-109157,9770009157,2024-03-10,B-01,false
C-109158,9770009158,2021-07-22,B-09,false
C-109159,9770009159,2024-07-25,B-17,true
C-109160,9770009160,2023-09-10,B-08,false
C-109161,9770009161,2024-05-09,B-04,false
C-109162,9770009162,2025-08-30,B-09,true
C-109163,9770009163,2022-02-25,B-09,true
C-109164,9770009164,2025-03-10,B-02,true
C-109165,9770009165,2022-04-16,B-02,true
C-109166,9770009166,2024-10-21,B-04,true
C-109167,9770009167,2025-02-10,B-17,true
C-109168,9770009168,2025-09-15,B-17,false
C-109169,9770009169,2025-04-23,B-08,true
C-109170,9770009170,2025-07-09,B-02,false
C-109171,9770009171,2020-01-14,B-01,true
C-109172,9770009172,2022-03-15,B-01,false
C-109173,9770009173,2021-04-14,B-09,false
C-109174,9770009174,2024-02-07,B-01,true
C-109175,9770009175,2024-04-20,B-02,false
C-109176,9770009176,2020-07-27,B-04,false
C-109177,9770009177,2021-11-02,B-17,false
C-109178,9770009178,2023-05-28,B-09,true
C-109179,9770009179,2026-03-21,B-04,false
C-109180,9770009180,2022-08-05,B-02,false
C-109181,9770009181,2025-12-08,B-01,true
C-109182,9770009182,2026-02-18,B-04,true
C-109183,9770009183,2026-03-03,B-09,false
C-109184,9770009184,2025-10-01,B-09,false
C-109185,9770009185,2024-09-03,B-01,false
C-109186,9770009186,2020-09-01,B-09,false
C-109187,9770009187,2024-12-24,B-02,false
C-109188,9770009188,2023-08-20,B-01,false
C-109189,9770009189,2021-05-18,B-01,false
C-109190,9770009190,2021-07-21,B-09,true
C-109191,9770009191,2025-03-08,B-04,true
C-109192,9770009192,2025-01-07,B-17,false
C-109193,9770009193,2023-06-10,B-17,true
C-109194,9770009194,2025-03-04,B-17,false
C-109195,9770009195,2020-04-09,B-09,true
C-109196,9770009196,2023-09-20,B-09,false
C-109197,9770009197,2019-07-19,B-09,false
C-109198,9770009198,2024-01-03,B-08,true
C-109199,9770009199,2021-04-21,B-17,false
C-109200,9770009200,2022-09-07,B-02,false
C-109201,9770009201,2022-10-30,B-02,false
C-109202,9770009202,2023-02-24,B-09,false
C-109203,9770009203,2023-10-01,B-17,false
C-109204,9770009204,2019-07-01,B-04,false
C-109205,9770009205,2024-06-21,B-17,false
C-109206,9770009206,2021-08-18,B-02,true
C-109207,9770009207,2021-03-16,B-09,false
C-109208,9770009208,2024-09-23,B-04,true
C-109209,9770009209,2020-07-01,B-09,true
C-109210,9770009210,2020-01-16,B-01,false
C-109211,9770009211,2021-05-31,B-09,false
C-109212,9770009212,2026-01-04,B-08,true
C-109213,9770009213,2025-05-23,B-17,false
C-109214,9770009214,2024-05-13,B-02,true
C-109215,9770009215,2023-03-28,B-01,true
C-109216,9770009216,2021-04-08,B-17,true
C-109217,9770009217,2022-09-07,B-09,false
C-109218,9770009218,2020-04-01,B-04,false
C-109219,9770009219,2023-09-30,B-02,false
C-109220,9770009220,2024-02-28,B-08,false
C-109221,9770009221,2024-07-28,B-09,true
C-109222,9770009222,2023-07-31,B-08,false
C-109223,9770009223,2023-08-31,B-09,true
C-109224,9770009224,2023-05-03,B-08,false
C-109225,9770009225,2023-09-28,B-09,false
C-109226,9770009226,2023-10-15,B-02,false
C-109227,9770009227,2022-05-16,B-08,false
C-109228,9770009228,2021-01-03,B-04,false
C-109229,9770009229,2020-02-27,B-08,false
C-109230,9770009230,2023-08-24,B-04,true
C-109231,9770009231,2020-10-21,B-01,true
C-109232,9770009232,2021-08-14,B-17,true
C-109233,9770009233,2019-08-31,B-01,false
C-109234,9770009234,2020-08-06,B-09,true
C-109235,9770009235,2020-02-18,B-01,false
C-109236,9770009236,2019-12-21,B-08,false
C-109237,9770009237,2020-12-13,B-02,true
C-109238,9770009238,2026-02-11,B-01,true
C-109239,9770009239,2024-11-20,B-01,false
C-109240,9770009240,2025-07-09,B-01,true
C-109241,9770009241,2022-03-27,B-09,false
C-109242,9770009242,2019-10-05,B-17,true
C-109243,9770009243,2025-12-27,B-01,true
C-109244,9770009244,2025-01-12,B-09,true
C-109245,9770009245,2022-06-05,B-09,false
C-109246,9770009246,2020-12-04,B-04,false
C-109247,9770009247,2024-10-29,B-04,false
C-109248,9770009248,2025-05-25,B-04,true
C-109249,9770009249,2024-06-06,B-04,true
C-109250,9770009250,2024-12-08,B-09,false
C-109251,9770009251,2025-04-12,B-02,false
C-109252,9770009252,2022-10-20,B-02,false
C-109253,9770009253,2023-03-07,B-02,true
C-109254,9770009254,2022-12-28,B-01,true
C-109255,9770009255,2023-02-11,B-04,true
C-109256,9770009256,2023-03-25,B-04,false
C-109257,9770009257,2019-06-07,B-09,false
C-109258,9770009258,2024-11-21,B-08,false
C-109259,9770009259,2025-06-01,B-17,false
C-109260,9770009260,2021-07-26,B-17,true
C-109261,9770009261,2021-11-22,B-09,true
C-109262,9770009262,2023-06-10,B-17,true
C-109263,9770009263,2025-02-06,B-08,true
C-109264,9770009264,2025-12-12,B-04,false
C-109265,9770009265,2025-07-22,B-09,false
C-109266,9770009266,2021-10-18,B-09,true
C-109267,9770009267,2025-09-11,B-17,false
C-109268,9770009268,2020-11-19,B-01,false
C-109269,9770009269,2021-02-17,B-08,true
C-109270,9770009270,2023-08-04,B-09,true
C-109271,9770009271,2023-10-22,B-09,false
C-109272,9770009272,2020-07-18,B-04,false
C-109273,9770009273,2025-09-24,B-08,true
C-109274,9770009274,2022-06-19,B-08,false
C-109275,9770009275,2025-03-22,B-09,false
C-109276,9770009276,2024-05-12,B-01,false
C-109277,9770009277,2024-01-15,B-02,false
C-109278,9770009278,2021-07-16,B-17,false
C-109279,9770009279,2021-09-02,B-04,true
C-109280,9770009280,2020-09-24,B-01,true
C-109281,9770009281,2020-02-12,B-02,false
C-109282,9770009282,2024-03-11,B-17,true
C-109283,9770009283,2024-07-17,B-09,true
C-109284,9770009284,2021-12-01,B-01,true
C-109285,9770009285,2020-04-16,B-17,true
C-109286,9770009286,2022-08-13,B-04,true
C-109287,9770009287,2024-09-11,B-09,true
C-109288,9770009288,2019-12-31,B-01,false
C-109289,9770009289,2023-09-17,B-01,false
C-109290,9770009290,2022-12-27,B-09,true
C-109291,9770009291,2020-03-04,B-02,false
C-109292,9770009292,2020-06-08,B-08,false
C-109293,9770009293,2019-12-20,B-02,false
C-109294,9770009294,2025-05-13,B-08,false
C-109295,9770009295,2021-10-30,B-09,false
C-109296,9770009296,2023-03-17,B-02,false
C-109297,9770009297,2019-06-10,B-08,false
C-109298,9770009298,2021-07-31,B-04,false
C-109299,9770009299,2025-01-05,B-01,false
C-109300,9770009300,2024-10-30,B-02,false
C-109301,9770009301,2024-10-15,B-17,true
C-109302,9770009302,2024-07-24,B-01,false
C-109303,9770009303,2021-03-21,B-17,false
C-109304,9770009304,2020-08-16,B-04,false
C-109305,9770009305,2025-04-12,B-08,false
C-109306,9770009306,2024-01-30,B-04,false
C-109307,9770009307,2025-09-07,B-09,true
C-109308,9770009308,2025-09-24,B-09,true
C-109309,9770009309,2019-05-29,B-17,false
C-109310,9770009310,2023-12-22,B-04,false
C-109311,9770009311,2025-11-14,B-02,false
C-109312,9770009312,2024-03-04,B-08,true
C-109313,9770009313,2023-08-21,B-09,false
C-109314,9770009314,2019-09-29,B-09,false
C-109315,9770009315,2023-10-19,B-17,false
C-109316,9770009316,2019-09-11,B-02,true
C-109317,9770009317,2019-06-17,B-08,true
C-109318,9770009318,2020-01-10,B-09,true
C-109319,9770009319,2023-08-14,B-04,true
C-109320,9770009320,2020-10-04,B-01,true
C-109321,9770009321,2023-12-05,B-08,false
C-109322,9770009322,2025-03-06,B-01,false
C-109323,9770009323,2023-04-12,B-09,true
C-109324,9770009324,2022-07-20,B-17,false
C-109325,9770009325,2019-08-08,B-17,false
C-109326,9770009326,2023-07-02,B-02,false
C-109327,9770009327,2019-08-11,B-02,false
C-109328,9770009328,2024-11-14,B-04,false
C-109329,9770009329,2025-10-30,B-02,false
C-109330,9770009330,2024-10-13,B-02,false
C-109331,9770009331,2020-08-11,B-17,false
C-109332,9770009332,2021-11-04,B-09,false
C-109333,9770009333,2020-08-12,B-17,true
C-109334,9770009334,2022-03-28,B-08,false
C-109335,9770009335,2022-11-05,B-01,false
C-109336,9770009336,2025-01-02,B-02,true
C-109337,9770009337,2024-04-28,B-09,true
C-109338,9770009338,2021-04-08,B-09,true
C-109339,9770009339,2022-09-07,B-17,false
C-109340,9770009340,2023-09-17,B-08,true
C-109341,9770009341,2021-07-28,B-02,false
C-109342,9770009342,2019-08-10,B-17,false
C-109343,9770009343,2019-07-18,B-17,false
C-109344,9770009344,2021-05-30,B-02,false
C-109345,9770009345,2025-09-04,B-02,false
C-109346,9770009346,2023-12-09,B-01,false
C-109347,9770009347,2024-02-17,B-02,false
C-109348,9770009348,2021-04-22,B-17,false
C-109349,9770009349,2021-12-31,B-04,false
C-109350,9770009350,2024-09-24,B-08,false
C-109351,9770009351,2021-05-22,B-09,false
C-109352,9770009352,2019-11-21,B-09,false
C-109353,9770009353,2022-10-19,B-02,true
C-109354,9770009354,2025-11-28,B-02,true
C-109355,9770009355,2023-07-05,B-04,false
C-109356,9770009356,2023-04-05,B-01,false
C-109357,9770009357,2020-03-24,B-09,false
C-109358,9770009358,2023-01-11,B-04,false
C-109359,9770009359,2025-06-02,B-02,true
C-109360,9770009360,2019-11-03,B-17,false
C-109361,9770009361,2023-07-23,B-02,false
C-109362,9770009362,2024-05-14,B-02,false
C-109363,9770009363,2020-08-12,B-08,true
C-109364,9770009364,2022-01-30,B-09,true
C-109365,9770009365,2021-09-30,B-17,false
C-109366,9770009366,2022-04-17,B-01,false
C-109367,9770009367,2025-10-28,B-02,true
C-109368,9770009368,2022-03-26,B-01,false
C-109369,9770009369,2020-11-30,B-09,false
C-109370,9770009370,2026-01-23,B-02,true
C-109371,9770009371,2024-08-24,B-08,false
C-109372,9770009372,2019-12-10,B-08,false
C-109373,9770009373,2025-12-31,B-02,true
C-109374,9770009374,2021-06-15,B-09,false
C-109375,9770009375,2021-11-21,B-04,true
C-109376,9770009376,2022-12-03,B-08,true
C-109377,9770009377,2024-10-08,B-02,false
C-109378,9770009378,2025-06-26,B-08,false
C-109379,9770009379,2025-03-02,B-09,false
C-109380,9770009380,2026-02-28,B-04,false
C-109381,9770009381,2021-06-02,B-04,false
C-109382,9770009382,2020-01-13,B-09,true
C-109383,9770009383,2025-04-18,B-02,false
C-109384,9770009384,2023-11-13,B-04,false
C-109385,9770009385,2021-01-27,B-01,true
C-109386,9770009386,2020-09-27,B-04,true
C-109387,9770009387,2024-10-18,B-08,true
C-109388,9770009388,2023-03-12,B-08,false
C-109389,9770009389,2023-11-04,B-04,true
C-109390,9770009390,2022-08-17,B-17,false
C-109391,9770009391,2019-08-11,B-01,true
C-109392,9770009392,2020-02-09,B-17,false
C-109393,9770009393,2022-02-20,B-01,false
C-109394,9770009394,2019-06-06,B-08,false
C-109395,9770009395,2020-03-03,B-17,false
C-109396,9770009396,2023-04-07,B-01,false
C-109397,9770009397,2022-06-08,B-01,true
C-109398,9770009398,2023-04-01,B-01,true
C-109399,9770009399,2022-02-18,B-02,false
C-109400,9770009400,2025-05-06,B-09,true
C-109401,9770009401,2023-08-17,B-08,true
C-109402,9770009402,2019-06-02,B-09,false
C-109403,9770009403,2022-12-27,B-17,false
C-109404,9770009404,2020-12-14,B-04,false
C-109405,9770009405,2025-11-21,B-08,true
C-109406,9770009406,2019-06-29,B-09,true
C-109407,9770009407,2021-07-08,B-01,true
C-109408,9770009408,2024-03-15,B-09,false
C-109409,9770009409,2022-04-06,B-08,true
C-109410,9770009410,2021-10-08,B-01,false
C-109411,9770009411,2021-12-28,B-09,false
C-109412,9770009412,2024-12-27,B-04,false
C-109413,9770009413,2021-09-26,B-17,false
C-109414,9770009414,2020-01-11,B-04,false
C-109415,9770009415,2023-08-20,B-02,false
C-109416,9770009416,2024-03-19,B-17,false
C-109417,9770009417,2020-07-02,B-02,false
C-109418,9770009418,2020-08-10,B-04,false
C-109419,9770009419,2019-12-16,B-01,false
C-109420,9770009420,2025-01-10,B-17,false
C-109421,9770009421,2026-01-03,B-08,false
C-109422,9770009422,2022-04-21,B-08,false
C-109423,9770009423,2025-08-17,B-08,true
C-109424,9770009424,2022-04-26,B-17,false
C-109425,9770009425,2024-01-18,B-01,false
C-109426,9770009426,2026-02-09,B-02,false
C-109427,9770009427,2025-11-14,B-04,false
C-109428,9770009428,2023-11-08,B-17,true
C-109429,9770009429,2019-10-31,B-08,false
C-109430,9770009430,2023-01-22,B-08,true
C-109431,9770009431,2024-04-01,B-17,false
C-109432,9770009432,2025-01-31,B-02,true
C-109433,9770009433,2021-06-07,B-08,false
C-109434,9770009434,2024-10-12,B-02,false
C-109435,9770009435,2025-12-29,B-08,false
C-109436,9770009436,2024-09-23,B-17,false
C-109437,9770009437,2023-07-04,B-17,true
C-109438,9770009438,2022-01-13,B-01,false
C-109439,9770009439,2023-01-26,B-17,true
C-109440,9770009440,2024-09-07,B-04,true
C-109441,9770009441,2021-11-23,B-02,false
C-109442,9770009442,2024-01-29,B-04,false
C-109443,9770009443,2022-11-24,B-08,false
C-109444,9770009444,2023-01-04,B-17,false
C-109445,9770009445,2020-07-18,B-04,true
C-109446,9770009446,2019-12-31,B-09,false
C-109447,9770009447,2022-09-06,B-08,false
C-109448,9770009448,2024-11-02,B-02,false
C-109449,9770009449,2023-07-08,B-04,true
C-109450,9770009450,2021-01-14,B-01,false
C-109451,9770009451,2024-08-16,B-09,true
C-109452,9770009452,2023-01-20,B-01,true
C-109453,9770009453,2025-01-02,B-09,true
C-109454,9770009454,2021-04-02,B-01,false
C-109455,9770009455,2024-08-19,B-02,true
C-109456,9770009456,2021-07-05,B-02,false
C-109457,9770009457,2022-01-18,B-04,false
C-109458,9770009458,2022-09-27,B-02,false
C-109459,9770009459,2021-06-14,B-17,true
C-109460,9770009460,2024-07-02,B-08,true
C-109461,9770009461,2022-02-03,B-08,false
C-109462,9770009462,2023-02-14,B-02,true
C-109463,9770009463,2022-01-04,B-01,true
C-109464,9770009464,2026-03-22,B-01,true
C-109465,9770009465,2026-02-21,B-01,true
C-109466,9770009466,2023-10-26,B-17,true
C-109467,9770009467,2022-04-28,B-02,true
C-109468,9770009468,2025-12-29,B-17,false
C-109469,9770009469,2020-07-28,B-09,true
C-109470,9770009470,2025-07-09,B-01,false
C-109471,9770009471,2024-07-05,B-09,false
C-109472,9770009472,2021-08-04,B-17,true
C-109473,9770009473,2025-03-31,B-17,false
C-109474,9770009474,2021-10-07,B-09,false
C-109475,9770009475,2024-06-19,B-09,true
C-109476,9770009476,2024-07-04,B-02,false
C-109477,9770009477,2022-03-06,B-09,true
C-109478,9770009478,2025-03-31,B-01,true
C-109479,9770009479,2021-06-04,B-08,false
C-109480,9770009480,2023-03-21,B-01,false
C-109481,9770009481,2019-11-06,B-17,true
C-109482,9770009482,2021-06-10,B-04,false
C-109483,9770009483,2019-11-17,B-09,false
C-109484,9770009484,2021-04-11,B-17,true
C-109485,9770009485,2021-01-28,B-04,false
C-109486,9770009486,2020-08-16,B-09,false
C-109487,9770009487,2021-11-06,B-17,false
C-109488,9770009488,2024-02-02,B-04,false
C-109489,9770009489,2020-12-01,B-17,false
C-109490,9770009490,2020-10-16,B-09,true
C-109491,9770009491,2021-05-04,B-09,false
C-109492,9770009492,2023-01-29,B-01,false
C-109493,9770009493,2023-08-02,B-02,true
C-109494,9770009494,2023-01-23,B-08,true
C-109495,9770009495,2021-06-23,B-09,false
C-109496,9770009496,2022-05-23,B-01,false
C-109497,9770009497,2024-04-30,B-17,true
C-109498,9770009498,2022-12-10,B-17,true
C-109499,9770009499,2019-08-19,B-08,true
C-109500,9770009500,2021-07-22,B-02,false
C-109501,9770009501,2020-10-02,B-04,false
C-109502,9770009502,2024-01-30,B-08,false
C-109503,9770009503,2025-06-11,B-02,false
C-109504,9770009504,2024-01-24,B-17,false
C-109505,9770009505,2021-07-12,B-02,true
C-109506,9770009506,2025-08-20,B-01,false
C-109507,9770009507,2021-07-12,B-08,true
C-109508,9770009508,2020-09-04,B-04,false
C-109509,9770009509,2023-09-29,B-08,true
C-109510,9770009510,2022-02-10,B-08,false
C-109511,9770009511,2024-06-25,B-08,false
C-109512,9770009512,2026-02-13,B-09,true
C-109513,9770009513,2020-12-13,B-17,false
C-109514,9770009514,2019-08-03,B-02,false
C-109515,9770009515,2020-02-22,B-17,false
C-109516,9770009516,2019-09-24,B-04,false
C-109517,9770009517,2019-12-08,B-09,true
C-109518,9770009518,2025-03-21,B-09,true
C-109519,9770009519,2024-12-27,B-09,false
C-109520,9770009520,2020-02-14,B-04,true
C-109521,9770009521,2022-01-03,B-08,false
C-109522,9770009522,2025-06-07,B-02,false
C-109523,9770009523,2025-04-14,B-09,false
C-109524,9770009524,2020-11-11,B-17,false
C-109525,9770009525,2025-08-24,B-09,false
C-109526,9770009526,2021-06-19,B-02,true
C-109527,9770009527,2023-05-01,B-02,false
C-109528,9770009528,2022-11-02,B-04,true
C-109529,9770009529,2019-12-28,B-17,false
C-109530,9770009530,2020-12-08,B-08,false
C-109531,9770009531,2024-06-28,B-17,true
C-109532,9770009532,2025-06-15,B-09,false
C-109533,9770009533,2020-09-25,B-17,true
C-109534,9770009534,2024-04-15,B-08,true
C-109535,9770009535,2022-12-22,B-17,false
C-109536,9770009536,2023-04-25,B-02,false
C-109537,9770009537,2019-10-29,B-02,true
C-109538,9770009538,2021-08-02,B-02,false
C-109539,9770009539,2020-07-21,B-04,true
C-109540,9770009540,2020-01-19,B-02,true
C-109541,9770009541,2024-10-02,B-02,true
C-109542,9770009542,2025-09-11,B-08,false
C-109543,9770009543,2023-09-19,B-08,true
C-109544,9770009544,2021-01-21,B-09,false
C-109545,9770009545,2023-11-06,B-08,false
C-109546,9770009546,2025-07-11,B-01,true
C-109547,9770009547,2025-07-30,B-09,false
C-109548,9770009548,2023-02-18,B-08,false
C-109549,9770009549,2025-02-17,B-01,false
C-109550,9770009550,2021-02-11,B-04,true
C-109551,9770009551,2023-06-19,B-01,false
C-109552,9770009552,2025-02-15,B-17,false
C-109553,9770009553,2025-05-21,B-17,false
C-109554,9770009554,2023-11-19,B-17,false
C-109555,9770009555,2020-12-31,B-09,false
C-109556,9770009556,2023-05-12,B-09,true
C-109557,9770009557,2020-06-26,B-08,true
C-109558,9770009558,2025-05-14,B-09,false
C-109559,9770009559,2021-10-09,B-02,true
C-109560,9770009560,2019-10-17,B-17,true
C-109561,9770009561,2023-08-25,B-08,false
C-109562,9770009562,2026-03-05,B-01,false
C-109563,9770009563,2025-05-21,B-04,false
C-109564,9770009564,2023-02-28,B-08,true
C-109565,9770009565,2025-03-30,B-04,false
C-109566,9770009566,2020-01-14,B-04,false
C-109567,9770009567,2021-12-16,B-01,false
C-109568,9770009568,2023-03-28,B-17,true
C-109569,9770009569,2021-10-14,B-09,false
C-109570,9770009570,2024-10-22,B-01,true
C-109571,9770009571,2022-01-23,B-02,false
C-109572,9770009572,2024-02-13,B-02,false
C-109573,9770009573,2019-08-23,B-04,true
C-109574,9770009574,2021-01-03,B-04,false
C-109575,9770009575,2020-01-06,B-09,true
C-109576,9770009576,2025-12-14,B-09,false
C-109577,9770009577,2019-11-26,B-04,false
C-109578,9770009578,2025-03-20,B-01,true
C-109579,9770009579,2021-06-23,B-02,true
C-109580,9770009580,2022-01-19,B-09,true
C-109581,9770009581,2023-04-12,B-04,false
C-109582,9770009582,2025-01-05,B-04,false
C-109583,9770009583,2024-11-18,B-09,true
C-109584,9770009584,2025-06-18,B-01,false
C-109585,9770009585,2023-07-19,B-02,false
C-109586,9770009586,2021-12-01,B-01,false
C-109587,9770009587,2026-03-28,B-09,false
C-109588,9770009588,2024-03-04,B-09,false
C-109589,9770009589,2023-02-15,B-04,true
C-109590,9770009590,2026-02-10,B-17,true
C-109591,9770009591,2022-10-27,B-08,false
C-109592,9770009592,2024-07-17,B-08,true
C-109593,9770009593,2024-10-02,B-09,true
C-109594,9770009594,2020-08-15,B-02,false
C-109595,9770009595,2022-10-27,B-02,false
C-109596,9770009596,2023-09-16,B-09,false
C-109597,9770009597,2025-02-15,B-04,false
C-109598,9770009598,2021-10-09,B-04,true
C-109599,9770009599,2024-02-01,B-09,true
C-109600,9770009600,2021-11-04,B-01,false
C-109601,9770009601,2019-06-06,B-02,true
C-109602,9770009602,2023-11-15,B-04,true
C-109603,9770009603,2021-01-28,B-08,false
C-109604,9770009604,2024-01-03,B-01,false
C-109605,9770009605,2020-02-10,B-09,true
C-109606,9770009606,2020-09-01,B-04,false
C-109607,9770009607,2019-07-24,B-17,true
C-109608,9770009608,2025-02-24,B-08,false
C-109609,9770009609,2020-03-03,B-02,false
C-109610,9770009610,2022-07-18,B-09,true
C-109611,9770009611,2020-09-26,B-09,false
C-109612,9770009612,2019-08-16,B-04,false
C-109613,9770009613,2024-01-12,B-04,true
C-109614,9770009614,2022-08-22,B-04,false
C-109615,9770009615,2023-03-06,B-04,true
C-109616,9770009616,2021-06-07,B-08,false
C-109617,9770009617,2024-01-21,B-04,false
C-109618,9770009618,2024-09-17,B-02,false
C-109619,9770009619,2021-03-06,B-08,true
C-109620,9770009620,2025-10-16,B-08,true
C-109621,9770009621,2026-02-01,B-04,true
C-109622,9770009622,2020-10-17,B-17,true
C-109623,9770009623,2025-08-21,B-02,false
C-109624,9770009624,2025-10-07,B-04,true
C-109625,9770009625,2025-11-09,B-01,false
C-109626,9770009626,2023-07-26,B-01,true
C-109627,9770009627,2019-06-02,B-02,true
C-109628,9770009628,2022-11-28,B-17,true
C-109629,9770009629,2023-06-17,B-02,false
C-109630,9770009630,2021-01-29,B-17,true
C-109631,9770009631,2021-06-16,B-01,true
C-109632,9770009632,2019-06-19,B-04,false
C-109633,9770009633,2025-04-27,B-08,true
C-109634,9770009634,2021-06-29,B-04,true
C-109635,9770009635,2020-07-21,B-02,true
C-109636,9770009636,2024-09-22,B-08,false
C-109637,9770009637,2023-07-19,B-02,true
C-109638,9770009638,2022-07-15,B-09,false
C-109639,9770009639,2021-07-25,B-08,false
C-109640,9770009640,2023-06-13,B-04,false
C-109641,9770009641,2025-11-05,B-17,false
C-109642,9770009642,2025-11-17,B-09,false
C-109643,9770009643,2024-06-19,B-04,false
C-109644,9770009644,2024-02-18,B-04,true
C-109645,9770009645,2019-07-15,B-08,false
C-109646,9770009646,2021-02-06,B-04,true
C-109647,9770009647,2019-12-20,B-04,true
C-109648,9770009648,2022-12-02,B-09,true
C-109649,9770009649,2021-09-06,B-02,false
C-109650,9770009650,2024-04-29,B-09,true
C-109651,9770009651,2020-04-20,B-04,true
C-109652,9770009652,2023-04-21,B-02,false
C-109653,9770009653,2023-04-21,B-09,true
C-109654,9770009654,2019-10-19,B-17,false
C-109655,9770009655,2022-10-14,B-09,false
C-109656,9770009656,2023-12-20,B-08,false
C-109657,9770009657,2021-05-05,B-04,true
C-109658,9770009658,2019-11-08,B-04,true
C-109659,9770009659,2023-03-24,B-08,true
C-109660,9770009660,2021-09-07,B-02,true
C-109661,9770009661,2024-03-17,B-01,false
C-109662,9770009662,2025-05-26,B-09,true
C-109663,9770009663,2024-05-08,B-08,true
C-109664,9770009664,2023-12-30,B-09,false
C-109665,9770009665,2020-04-28,B-17,false
C-109666,9770009666,2023-12-30,B-08,false
C-109667,9770009667,2025-02-17,B-02,true
C-109668,9770009668,2024-12-12,B-04,true
C-109669,9770009669,2025-11-02,B-08,false
C-109670,9770009670,2022-04-14,B-08,false
C-109671,9770009671,2022-11-30,B-17,false
C-109672,9770009672,2025-02-26,B-01,false
C-109673,9770009673,2020-04-03,B-02,false
C-109674,9770009674,2019-11-15,B-17,false
C-109675,9770009675,2024-10-27,B-09,false
C-109676,9770009676,2024-12-25,B-08,false
C-109677,9770009677,2021-02-17,B-09,false
C-109678,9770009678,2024-04-29,B-09,true
C-109679,9770009679,2022-11-02,B-01,false
C-109680,9770009680,2019-07-23,B-08,true
C-109681,9770009681,2024-10-14,B-01,true
C-109682,9770009682,2025-07-14,B-02,false
C-109683,9770009683,2024-01-28,B-04,true
C-109684,9770009684,2021-11-22,B-01,true
C-109685,9770009685,2019-06-18,B-09,true
C-109686,9770009686,2025-01-31,B-17,false
C-109687,9770009687,2022-01-22,B-02,false
C-109688,9770009688,2024-03-19,B-09,false
C-109689,9770009689,2022-10-24,B-02,false
C-109690,9770009690,2020-10-12,B-09,true
C-109691,9770009691,2021-03-17,B-02,false
C-109692,9770009692,2021-03-28,B-08,true
C-109693,9770009693,2024-01-21,B-08,true
C-109694,9770009694,2024-07-04,B-09,true
C-109695,9770009695,2024-03-09,B-04,true
C-109696,9770009696,2019-12-31,B-17,false
C-109697,9770009697,2024-07-28,B-01,true
C-109698,9770009698,2021-07-18,B-02,false
C-109699,9770009699,2019-10-09,B-08,false
C-109700,9770009700,2023-10-30,B-17,false
C-109701,9770009701,2023-12-14,B-01,false
C-109702,9770009702,2021-11-21,B-08,true
C-109703,9770009703,2024-10-14,B-08,false
C-109704,9770009704,2021-10-13,B-09,false
C-109705,9770009705,2023-11-01,B-01,false
C-109706,9770009706,2025-07-25,B-02,true
C-109707,9770009707,2024-12-12,B-08,false
C-109708,9770009708,2024-06-10,B-04,false
C-109709,9770009709,2024-04-05,B-02,false
C-109710,9770009710,2022-07-01,B-08,true
C-109711,9770009711,2025-08-29,B-17,false
C-109712,9770009712,2020-06-08,B-01,false
C-109713,9770009713,2025-02-26,B-02,false
C-109714,9770009714,2024-06-22,B-09,true
C-109715,9770009715,2021-11-20,B-04,false
C-109716,9770009716,2021-05-12,B-09,false
C-109717,9770009717,2025-01-02,B-01,false
C-109718,9770009718,2021-06-01,B-04,false
C-109719,9770009719,2021-01-23,B-01,true
C-109720,9770009720,2021-07-30,B-04,true
C-109721,9770009721,2020-08-05,B-17,false
C-109722,9770009722,2022-09-01,B-08,false
C-109723,9770009723,2022-04-14,B-01,false
C-109724,9770009724,2023-10-26,B-04,false
C-109725,9770009725,2023-06-14,B-01,false
C-109726,9770009726,2020-08-19,B-02,true
C-109727,9770009727,2021-12-19,B-17,false
C-109728,9770009728,2021-03-12,B-04,false
C-109729,9770009729,2019-07-13,B-02,false
C-109730,9770009730,2023-05-04,B-08,true
C-109731,9770009731,2024-05-06,B-17,false
C-109732,9770009732,2024-07-15,B-17,false
C-109733,9770009733,2019-10-22,B-01,false
C-109734,9770009734,2025-06-10,B-17,true
C-109735,9770009735,2024-02-15,B-08,false
C-109736,9770009736,2022-02-22,B-09,true
C-109737,9770009737,2025-03-15,B-01,true
C-109738,9770009738,2021-03-16,B-09,false
C-109739,9770009739,2022-03-20,B-08,true
C-109740,9770009740,2025-01-15,B-01,false
C-109741,9770009741,2021-05-25,B-04,true
C-109742,9770009742,2025-03-18,B-02,true
C-109743,9770009743,2023-07-17,B-04,true
C-109744,9770009744,2020-06-03,B-02,false
C-109745,9770009745,2024-08-28,B-17,false
C-109746,9770009746,2025-02-05,B-08,true
C-109747,9770009747,2025-04-26,B-08,false
C-109748,9770009748,2021-08-20,B-17,false
C-109749,9770009749,2023-03-29,B-08,false
C-109750,9770009750,2024-07-13,B-08,true
C-109751,9770009751,2021-03-16,B-09,false
C-109752,9770009752,2023-09-16,B-04,false
C-109753,9770009753,2023-04-25,B-04,true
C-109754,9770009754,2021-04-25,B-17,true
C-109755,9770009755,2022-06-07,B-17,false
C-109756,9770009756,2026-01-03,B-04,false
C-109757,9770009757,2019-12-17,B-17,false
C-109758,9770009758,2026-03-02,B-08,false
C-109759,9770009759,2021-03-21,B-04,false
C-109760,9770009760,2020-04-17,B-17,true
C-109761,9770009761,2021-03-24,B-04,true
C-109762,9770009762,2021-03-08,B-09,false
C-109763,9770009763,2021-12-18,B-01,true
C-109764,9770009764,2024-12-02,B-02,false
C-109765,9770009765,2020-01-26,B-17,true
C-109766,9770009766,2022-05-12,B-09,false
C-109767,9770009767,2025-11-08,B-08,false
C-109768,9770009768,2024-09-21,B-04,true
C-109769,9770009769,2020-02-03,B-08,true
C-109770,9770009770,2021-08-23,B-09,false
C-109771,9770009771,2026-02-21,B-08,false
C-109772,9770009772,2019-12-12,B-09,false
C-109773,9770009773,2022-12-15,B-02,false
C-109774,9770009774,2023-04-15,B-01,false
C-109775,9770009775,2021-09-26,B-02,false
C-109776,9770009776,2021-11-06,B-08,true
C-109777,9770009777,2024-07-03,B-02,true
C-109778,9770009778,2021-04-16,B-08,true
C-109779,9770009779,2020-01-12,B-08,false
C-109780,9770009780,2024-02-26,B-17,true
C-109781,9770009781,2020-08-04,B-01,false
C-109782,9770009782,2021-12-22,B-04,true
C-109783,9770009783,2023-01-13,B-01,false
C-109784,9770009784,2020-03-03,B-01,false
C-109785,9770009785,2019-12-08,B-08,false
C-109786,9770009786,2020-10-09,B-02,false
C-109787,9770009787,2023-02-23,B-09,true
C-109788,9770009788,2020-06-09,B-04,false
C-109789,9770009789,2021-05-19,B-01,false
C-109790,9770009790,2022-07-20,B-17,true
C-109791,9770009791,2024-09-04,B-01,true
C-109792,9770009792,2022-12-27,B-02,false
C-109793,9770009793,2021-04-25,B-04,false
C-109794,9770009794,2020-04-14,B-09,true
C-109795,9770009795,2021-07-02,B-17,true
C-109796,9770009796,2020-10-28,B-01,true
C-109797,9770009797,2020-03-03,B-09,true
C-109798,9770009798,2019-07-13,B-02,true
C-109799,9770009799,2019-06-21,B-08,true
C-109800,9770009800,2021-02-04,B-17,true
C-109801,9770009801,2025-02-17,B-09,true
C-109802,9770009802,2024-05-04,B-04,true
C-109803,9770009803,2022-09-08,B-04,false
C-109804,9770009804,2020-09-03,B-09,false
C-109805,9770009805,2024-05-04,B-04,false
C-109806,9770009806,2026-03-03,B-17,false
C-109807,9770009807,2025-09-17,B-17,true
C-109808,9770009808,2023-10-03,B-09,false
C-109809,9770009809,2024-08-29,B-09,false
C-109810,9770009810,2020-06-23,B-04,true
C-109811,9770009811,2024-03-18,B-01,false
C-109812,9770009812,2020-06-05,B-02,true
C-109813,9770009813,2023-05-15,B-04,false
C-109814,9770009814,2020-02-05,B-08,true
C-109815,9770009815,2023-01-28,B-01,true
C-109816,9770009816,2025-01-20,B-01,true
C-109817,9770009817,2021-06-10,B-01,true
C-109818,9770009818,2024-01-14,B-01,true
C-109819,9770009819,2021-10-18,B-01,false
C-109820,9770009820,2020-05-27,B-17,true
C-109821,9770009821,2020-01-15,B-02,false
C-109822,9770009822,2022-04-28,B-17,true
C-109823,9770009823,2023-08-04,B-04,true
C-109824,9770009824,2021-09-22,B-02,false
C-109825,9770009825,2021-10-01,B-02,true
C-109826,9770009826,2021-11-26,B-17,false
C-109827,9770009827,2026-01-16,B-01,false
C-109828,9770009828,2024-05-03,B-17,true
C-109829,9770009829,2022-07-18,B-04,true
C-109830,9770009830,2025-04-18,B-09,false
C-109831,9770009831,2020-02-01,B-01,true
C-109832,9770009832,2020-03-10,B-01,false
C-109833,9770009833,2022-12-06,B-09,true
C-109834,9770009834,2023-09-13,B-09,false
C-109835,9770009835,2026-03-24,B-08,false
C-109836,9770009836,2020-04-24,B-04,false
C-109837,9770009837,2024-10-10,B-02,false
C-109838,9770009838,2021-03-19,B-17,true
C-109839,9770009839,2024-01-17,B-01,false
C-109840,9770009840,2019-06-26,B-02,false
C-109841,9770009841,2024-09-14,B-08,false
C-109842,9770009842,2022-01-24,B-09,false
C-109843,9770009843,2020-08-20,B-08,true
C-109844,9770009844,2021-01-10,B-02,true
C-109845,9770009845,2022-10-14,B-09,false
C-109846,9770009846,2021-09-20,B-04,true
C-109847,9770009847,2024-07-11,B-04,false
C-109848,9770009848,2024-03-12,B-17,false
C-109849,9770009849,2025-08-05,B-08,false
C-109850,9770009850,2021-01-21,B-01,false
C-109851,9770009851,2020-05-08,B-01,true
C-109852,9770009852,2021-10-26,B-02,true
C-109853,9770009853,2022-02-16,B-01,true
C-109854,9770009854,2022-09-13,B-01,true
C-109855,9770009855,2024-02-24,B-02,false
C-109856,9770009856,2020-10-04,B-09,true
C-109857,9770009857,2024-05-30,B-01,false
C-109858,9770009858,2021-11-23,B-04,true
C-109859,9770009859,2020-08-15,B-04,false
C-109860,9770009860,2024-12-21,B-09,false
C-109861,9770009861,2022-09-04,B-02,false
C-109862,9770009862,2025-12-19,B-04,false
C-109863,9770009863,2023-09-10,B-17,true
C-109864,9770009864,2019-09-21,B-01,true
C-109865,9770009865,2019-12-12,B-09,false
C-109866,9770009866,2024-03-21,B-01,false
C-109867,9770009867,2025-05-02,B-17,false
C-109868,9770009868,2020-01-19,B-04,false
C-109869,9770009869,2022-08-22,B-09,false
C-109870,9770009870,2024-03-14,B-09,false
C-109871,9770009871,2020-07-06,B-01,false
C-109872,9770009872,2020-03-22,B-17,false
C-109873,9770009873,2025-06-04,B-08,true
C-109874,9770009874,2020-09-19,B-17,false
C-109875,9770009875,2021-11-15,B-17,false
C-109876,9770009876,2023-09-17,B-01,false
C-109877,9770009877,2022-07-30,B-08,true
C-109878,9770009878,2022-05-31,B-08,true
C-109879,9770009879,2023-05-08,B-08,false
C-109880,9770009880,2026-02-14,B-01,false
C-109881,9770009881,2022-03-28,B-08,false
C-109882,9770009882,2021-12-10,B-02,false
C-109883,9770009883,2023-01-03,B-17,false
C-109884,9770009884,2020-12-03,B-09,false
C-109885,9770009885,2023-05-25,B-17,false
C-109886,9770009886,2023-02-05,B-02,false
C-109887,9770009887,2022-09-26,B-01,false
C-109888,9770009888,2025-07-08,B-17,true
C-109889,9770009889,2024-07-15,B-17,false
C-109890,9770009890,2024-05-19,B-01,false
C-109891,9770009891,2023-06-27,B-09,true
C-109892,9770009892,2025-08-07,B-01,true
C-109893,9770009893,2020-02-06,B-04,false
C-109894,9770009894,2022-09-06,B-09,false
C-109895,9770009895,2019-11-04,B-02,true
C-109896,9770009896,2021-02-01,B-08,false
C-109897,9770009897,2020-04-21,B-04,true
C-109898,9770009898,2023-07-07,B-17,false
C-109899,9770009899,2023-01-21,B-09,true
C-109900,9770009900,2023-08-15,B-09,true
C-109901,9770009901,2025-03-08,B-01,false
C-109902,9770009902,2024-05-25,B-02,false
C-109903,9770009903,2025-04-26,B-04,false
C-109904,9770009904,2020-09-09,B-08,true
C-109905,9770009905,2023-02-11,B-17,false
C-109906,9770009906,2025-11-27,B-02,false
C-109907,9770009907,2021-05-09,B-04,false
C-109908,9770009908,2021-07-21,B-09,false
C-109909,9770009909,2024-07-07,B-09,false
C-109910,9770009910,2025-06-20,B-08,false
C-109911,9770009911,2019-10-02,B-02,true
C-109912,9770009912,2023-08-07,B-01,false
C-109913,9770009913,2020-04-11,B-08,true
C-109914,9770009914,2025-06-27,B-02,false
C-109915,9770009915,2020-02-24,B-01,true
C-109916,9770009916,2022-04-23,B-17,false
C-109917,9770009917,2024-03-08,B-08,true
C-109918,9770009918,2020-10-12,B-02,false
C-109919,9770009919,2020-04-12,B-08,false
C-109920,9770009920,2021-07-03,B-04,true
C-109921,9770009921,2024-06-26,B-04,false
C-109922,9770009922,2022-07-29,B-17,false
C-109923,9770009923,2026-01-28,B-02,false
C-109924,9770009924,2019-10-22,B-09,true
C-109925,9770009925,2024-03-18,B-09,false
C-109926,9770009926,2024-07-07,B-17,false
C-109927,9770009927,2026-01-07,B-02,false
C-109928,9770009928,2025-07-18,B-04,false
C-109929,9770009929,2021-03-31,B-04,false
C-109930,9770009930,2020-10-04,B-08,true
C-109931,9770009931,2023-12-15,B-17,true
C-109932,9770009932,2024-08-31,B-04,false
C-109933,9770009933,2023-02-22,B-09,true
C-109934,9770009934,2020-02-04,B-01,true
C-109935,9770009935,2024-07-03,B-17,false
C-109936,9770009936,2025-02-20,B-08,true
C-109937,9770009937,2021-12-25,B-02,false
C-109938,9770009938,2025-08-30,B-04,false
C-109939,9770009939,2022-07-14,B-04,true
C-109940,9770009940,2020-10-27,B-09,false
C-109941,9770009941,2025-10-11,B-01,false
C-109942,9770009942,2020-07-21,B-17,true
C-109943,9770009943,2023-11-02,B-09,false
C-109944,9770009944,2024-01-23,B-08,false
C-109945,9770009945,2019-07-01,B-04,false
C-109946,9770009946,2022-05-04,B-09,false
C-109947,9770009947,2023-10-06,B-02,false
C-109948,9770009948,2020-12-17,B-08,false
C-109949,9770009949,2024-11-22,B-08,true
C-109950,9770009950,2024-06-16,B-08,true
C-109951,9770009951,2020-05-25,B-09,true
C-109952,9770009952,2022-06-05,B-17,true
C-109953,9770009953,2022-02-08,B-08,false
C-109954,9770009954,2022-09-11,B-04,true
C-109955,9770009955,2022-12-06,B-04,true
C-109956,9770009956,2022-11-23,B-09,false
C-109957,9770009957,2021-02-07,B-17,false
C-109958,9770009958,2020-07-05,B-17,false
C-109959,9770009959,2022-07-13,B-08,false
C-109960,9770009960,2019-07-16,B-01,false
C-109961,9770009961,2024-01-24,B-01,true
C-109962,9770009962,2026-02-04,B-17,false
C-109963,9770009963,2024-08-14,B-17,false
C-109964,9770009964,2020-06-23,B-09,true
C-109965,9770009965,2021-11-17,B-02,false
C-109966,9770009966,2024-06-18,B-09,false
C-109967,9770009967,2024-07-24,B-02,false
C-109968,9770009968,2025-06-01,B-04,true
C-109969,9770009969,2023-08-01,B-17,true
C-109970,9770009970,2025-04-16,B-17,false
C-109971,9770009971,2020-01-13,B-02,false
C-109972,9770009972,2024-03-27,B-09,false
C-109973,9770009973,2019-06-11,B-17,true
C-109974,9770009974,2020-05-18,B-09,true
C-109975,9770009975,2025-03-02,B-01,true
C-109976,9770009976,2023-11-02,B-17,true
C-109977,9770009977,2023-06-01,B-01,false
C-109978,9770009978,2025-09-16,B-17,false
C-109979,9770009979,2023-06-20,B-01,true
C-109980,9770009980,2021-08-29,B-17,false
C-109981,9770009981,2020-06-14,B-08,true
C-109982,9770009982,2024-03-02,B-09,false
C-109983,9770009983,2024-10-13,B-02,false
C-109984,9770009984,2021-05-16,B-04,false
C-109985,9770009985,2020-09-09,B-01,true
C-109986,9770009986,2020-04-18,B-17,false
C-109987,9770009987,2025-11-16,B-09,false
C-109988,9770009988,2022-09-04,B-17,true
C-109989,9770009989,2024-11-12,B-17,false
C-109990,9770009990,2023-11-18,B-02,true
C-109991,9770009991,2022-05-01,B-17,true
C-109992,9770009992,2023-07-13,B-01,false
C-109993,9770009993,2024-06-04,B-04,false
C-109994,9770009994,2021-01-03,B-09,false
C-109995,9770009995,2026-03-06,B-17,false
C-109996,9770009996,2021-12-22,B-17,true
C-109997,9770009997,2023-07-25,B-04,false
C-109998,9770009998,2023-03-07,B-02,false
C-109999,9770009999,2019-06-17,B-08,true
C-110000,9770010000,2023-11-22,B-09,false
C-110001,9770010001,2022-04-06,B-04,false
C-110002,9770010002,2021-08-10,B-01,false
C-110003,9770010003,2022-07-07,B-02,true
C-110004,9770010004,2020-05-05,B-09,true
C-110005,9770010005,2023-06-26,B-17,false
C-110006,9770010006,2021-03-14,B-02,true
C-110007,9770010007,2026-01-04,B-02,true
C-110008,9770010008,2021-02-13,B-17,true
C-110009,9770010009,2024-08-24,B-02,true
C-110010,9770010010,2020-10-12,B-04,false
C-110011,9770010011,2019-12-19,B-17,false
C-110012,9770010012,2021-11-07,B-01,true
C-110013,9770010013,2021-07-19,B-09,true
C-110014,9770010014,2020-01-27,B-09,false
C-110015,9770010015,2023-02-13,B-08,true
C-110016,9770010016,2021-12-20,B-08,true
C-110017,9770010017,2024-06-03,B-01,false
C-110018,9770010018,2020-02-18,B-09,true
C-110019,9770010019,2021-12-18,B-01,false
C-110020,9770010020,2025-04-09,B-02,false
C-110021,9770010021,2022-05-31,B-02,true
C-110022,9770010022,2023-06-05,B-08,true
C-110023,9770010023,2022-01-21,B-02,true
C-110024,9770010024,2022-07-14,B-08,false
C-110025,9770010025,2020-04-08,B-17,false
C-110026,9770010026,2024-07-27,B-08,true
C-110027,9770010027,2019-09-18,B-04,false
C-110028,9770010028,2020-11-29,B-08,false
C-110029,9770010029,2023-04-30,B-01,true
C-110030,9770010030,2023-01-11,B-02,true
C-110031,9770010031,2022-08-23,B-01,true
C-110032,9770010032,2022-03-16,B-09,false
C-110033,9770010033,2024-10-14,B-02,false
C-110034,9770010034,2024-01-06,B-01,false
C-110035,9770010035,2020-04-01,B-09,false
C-110036,9770010036,2026-03-28,B-01,true
C-110037,9770010037,2021-11-21,B-04,false
C-110038,9770010038,2022-01-15,B-17,true
C-110039,9770010039,2026-02-27,B-08,false
C-110040,9770010040,2023-07-20,B-17,false
C-110041,9770010041,2023-09-12,B-17,false
C-110042,9770010042,2020-07-15,B-01,true
C-110043,9770010043,2021-01-01,B-01,false
C-110044,9770010044,2024-07-28,B-02,false
C-110045,9770010045,2020-06-09,B-01,false
C-110046,9770010046,2023-10-31,B-04,false
C-110047,9770010047,2025-12-05,B-09,true
C-110048,9770010048,2024-04-26,B-04,false
C-110049,9770010049,2022-12-24,B-17,false
C-110050,9770010050,2026-01-30,B-09,false
C-110051,9770010051,2024-08-09,B-09,false
C-110052,9770010052,2021-11-06,B-17,true
C-110053,9770010053,2024-03-31,B-08,false
C-110054,9770010054,2019-12-12,B-08,false
C-110055,9770010055,2019-12-30,B-17,false
C-110056,9770010056,2020-11-09,B-17,false
C-110057,9770010057,2025-03-04,B-02,true
C-110058,9770010058,2022-07-16,B-01,false
C-110059,9770010059,2025-03-22,B-02,false
C-110060,9770010060,2021-01-01,B-01,false
C-110061,9770010061,2024-05-23,B-09,true
C-110062,9770010062,2022-07-29,B-17,true
C-110063,9770010063,2025-12-15,B-08,true
C-110064,9770010064,2024-07-27,B-08,false
C-110065,9770010065,2020-10-28,B-01,true
C-110066,9770010066,2025-11-11,B-08,false
C-110067,9770010067,2022-04-06,B-09,true
C-110068,9770010068,2022-07-07,B-09,true
C-110069,9770010069,2025-12-29,B-09,false
C-110070,9770010070,2021-09-19,B-17,false
C-110071,9770010071,2020-05-13,B-04,false
C-110072,9770010072,2023-10-10,B-01,true
C-110073,9770010073,2025-08-27,B-04,true
C-110074,9770010074,2025-08-07,B-01,true
C-110075,9770010075,2023-06-28,B-17,false
C-110076,9770010076,2022-01-03,B-09,false
C-110077,9770010077,2022-10-23,B-04,false
C-110078,9770010078,2022-04-10,B-08,true
C-110079,9770010079,2023-12-21,B-08,true
C-110080,9770010080,2022-06-06,B-09,false
C-110081,9770010081,2021-07-13,B-08,false
C-110082,9770010082,2019-11-29,B-01,true
C-110083,9770010083,2020-12-17,B-17,true
C-110084,9770010084,2021-10-07,B-17,true
C-110085,9770010085,2022-06-09,B-01,false
C-110086,9770010086,2020-07-14,B-09,false
C-110087,9770010087,2025-04-12,B-17,false
C-110088,9770010088,2024-04-14,B-17,true
C-110089,9770010089,2022-09-06,B-08,true
C-110090,9770010090,2024-12-22,B-01,true
C-110091,9770010091,2021-10-21,B-04,true
C-110092,9770010092,2025-08-31,B-04,false
C-110093,9770010093,2020-10-04,B-08,false
C-110094,9770010094,2023-08-14,B-01,false
C-110095,9770010095,2022-12-17,B-09,false
C-110096,9770010096,2024-06-15,B-04,false
C-110097,9770010097,2021-06-08,B-08,false
C-110098,9770010098,2025-03-02,B-17,true
C-110099,9770010099,2019-06-08,B-02,false
C-110100,9770010100,2026-02-08,B-02,false
C-110101,9770010101,2020-06-26,B-02,true
C-110102,9770010102,2020-12-31,B-17,true
C-110103,9770010103,2023-03-03,B-01,true
C-110104,9770010104,2024-02-10,B-09,false
C-110105,9770010105,2021-07-15,B-01,true
C-110106,9770010106,2023-04-29,B-09,true
C-110107,9770010107,2021-09-07,B-01,true
C-110108,9770010108,2024-04-01,B-02,true
C-110109,9770010109,2021-07-22,B-17,false
C-110110,9770010110,2022-01-29,B-04,false
C-110111,9770010111,2021-11-15,B-17,true
C-110112,9770010112,2024-02-18,B-17,true
C-110113,9770010113,2021-06-18,B-02,false
C-110114,9770010114,2025-07-17,B-09,false
C-110115,9770010115,2025-05-29,B-09,true
C-110116,9770010116,2025-08-07,B-17,true
C-110117,9770010117,2022-07-15,B-01,true
C-110118,9770010118,2022-07-17,B-09,true
C-110119,9770010119,2024-07-27,B-02,false
C-110120,9770010120,2019-06-16,B-08,true
C-110121,9770010121,2024-02-06,B-08,false
C-110122,9770010122,2024-06-10,B-08,false
C-110123,9770010123,2019-11-17,B-09,false
C-110124,9770010124,2022-01-16,B-17,false
C-110125,9770010125,2026-01-19,B-01,false
C-110126,9770010126,2025-09-10,B-04,false
C-110127,9770010127,2019-06-10,B-02,false
C-110128,9770010128,2022-06-19,B-01,false
C-110129,9770010129,2023-12-17,B-04,false
C-110130,9770010130,2019-06-01,B-04,true
C-110131,9770010131,2021-11-25,B-04,true
C-110132,9770010132,2025-04-07,B-01,false
C-110133,9770010133,2023-08-31,B-04,false
C-110134,9770010134,2020-02-25,B-04,false
C-110135,9770010135,2021-02-15,B-02,true
C-110136,9770010136,2025-05-08,B-17,false
C-110137,9770010137,2022-03-09,B-17,true
C-110138,9770010138,2022-06-19,B-02,false
C-110139,9770010139,2023-02-17,B-04,true
C-110140,9770010140,2022-08-16,B-09,false
C-110141,9770010141,2021-08-05,B-04,true
C-110142,9770010142,2024-02-06,B-09,false
C-110143,9770010143,2020-07-07,B-08,false
C-110144,9770010144,2023-08-10,B-17,false
C-110145,9770010145,2022-11-23,B-02,false
C-110146,9770010146,2021-08-09,B-17,false
C-110147,9770010147,2024-08-17,B-17,false
C-110148,9770010148,2025-12-17,B-02,false
C-110149,9770010149,2022-10-03,B-01,false
C-110150,9770010150,2020-06-30,B-01,true
C-110151,9770010151,2020-06-09,B-02,false
C-110152,9770010152,2026-01-10,B-08,true
C-110153,9770010153,2023-11-09,B-09,false
C-110154,9770010154,2022-07-08,B-09,false
C-110155,9770010155,2025-06-22,B-09,false
C-110156,9770010156,2021-04-05,B-17,false
C-110157,9770010157,2025-03-07,B-02,true
C-110158,9770010158,2020-08-21,B-17,false
C-110159,9770010159,2025-07-12,B-01,true
C-110160,9770010160,2025-05-24,B-01,true
C-110161,9770010161,2025-04-27,B-17,true
C-110162,9770010162,2025-04-07,B-08,true
C-110163,9770010163,2020-04-11,B-02,true
C-110164,9770010164,2022-10-07,B-04,true
C-110165,9770010165,2024-09-24,B-02,false
C-110166,9770010166,2025-05-16,B-08,false
C-110167,9770010167,2023-11-29,B-02,false
C-110168,9770010168,2024-11-21,B-02,false
C-110169,9770010169,2025-09-23,B-04,false
C-110170,9770010170,2025-06-07,B-04,false
C-110171,9770010171,2022-08-27,B-09,true
C-110172,9770010172,2019-07-03,B-08,false
C-110173,9770010173,2019-08-13,B-09,false
C-110174,9770010174,2022-08-01,B-01,false
C-110175,9770010175,2020-02-05,B-02,true
C-110176,9770010176,2023-09-19,B-09,false
C-110177,9770010177,2025-07-12,B-08,false
C-110178,9770010178,2019-12-01,B-09,true
C-110179,9770010179,2023-04-12,B-04,false
C-110180,9770010180,2020-12-07,B-04,false
C-110181,9770010181,2019-08-04,B-02,true
C-110182,9770010182,2025-04-14,B-02,false
C-110183,9770010183,2023-06-10,B-02,true
C-110184,9770010184,2023-05-07,B-01,true
C-110185,9770010185,2019-06-28,B-09,false
C-110186,9770010186,2021-09-18,B-08,true
C-110187,9770010187,2020-02-19,B-09,false
C-110188,9770010188,2019-07-14,B-04,false
C-110189,9770010189,2022-12-07,B-02,false
C-110190,9770010190,2024-04-06,B-04,false
C-110191,9770010191,2022-03-02,B-09,true
C-110192,9770010192,2025-02-05,B-04,false
C-110193,9770010193,2025-10-26,B-09,true
C-110194,9770010194,2020-05-19,B-09,true
C-110195,9770010195,2023-08-07,B-09,false
C-110196,9770010196,2022-11-01,B-08,true
C-110197,9770010197,2021-09-12,B-01,true
C-110198,9770010198,2026-02-10,B-04,false
C-110199,9770010199,2019-12-16,B-08,false
C-110200,9770010200,2021-06-13,B-04,true
C-110201,9770010201,2021-02-23,B-08,false
C-110202,9770010202,2019-09-25,B-08,false
C-110203,9770010203,2019-10-22,B-17,false
C-110204,9770010204,2026-02-08,B-09,true
C-110205,9770010205,2023-05-20,B-04,true
C-110206,9770010206,2022-11-24,B-01,false
C-110207,9770010207,2025-09-16,B-08,true
C-110208,9770010208,2021-06-24,B-08,false
C-110209,9770010209,2025-01-30,B-17,false
C-110210,9770010210,2025-07-30,B-09,true
C-110211,9770010211,2024-05-28,B-09,false
C-110212,9770010212,2025-06-23,B-04,true
C-110213,9770010213,2024-06-17,B-02,false
C-110214,9770010214,2023-05-01,B-17,false
C-110215,9770010215,2026-01-22,B-17,true
C-110216,9770010216,2020-08-29,B-04,true
C-110217,9770010217,2021-08-23,B-01,false
C-110218,9770010218,2021-01-03,B-01,true
C-110219,9770010219,2021-06-23,B-09,true
C-110220,9770010220,2025-05-07,B-01,true
C-110221,9770010221,2024-08-14,B-02,true
C-110222,9770010222,2023-04-15,B-02,false
C-110223,9770010223,2025-04-04,B-08,true
C-110224,9770010224,2020-02-19,B-08,true
C-110225,9770010225,2023-03-21,B-17,true
C-110226,9770010226,2021-12-05,B-04,true
C-110227,9770010227,2025-11-13,B-09,false
C-110228,9770010228,2022-05-25,B-09,true
C-110229,9770010229,2025-04-01,B-09,true
C-110230,9770010230,2019-08-22,B-17,false
C-110231,9770010231,2021-06-23,B-09,true
C-110232,9770010232,2021-03-10,B-08,true
C-110233,9770010233,2022-08-09,B-04,true
C-110234,9770010234,2019-10-20,B-04,false
C-110235,9770010235,2020-06-18,B-17,false
C-110236,9770010236,2025-12-23,B-02,false
C-110237,9770010237,2026-03-23,B-04,false
C-110238,9770010238,2019-11-08,B-17,true
C-110239,9770010239,2023-05-30,B-09,false
C-110240,9770010240,2023-10-17,B-01,false
C-110241,9770010241,2022-09-16,B-08,false
C-110242,9770010242,2026-01-02,B-01,false
C-110243,9770010243,2021-03-20,B-01,false
C-110244,9770010244,2023-06-07,B-08,true
C-110245,9770010245,2025-09-27,B-01,true
C-110246,9770010246,2021-03-19,B-17,false
C-110247,9770010247,2020-06-04,B-04,false
C-110248,9770010248,2020-04-06,B-04,true
C-110249,9770010249,2019-11-12,B-08,false
C-110250,9770010250,2025-07-27,B-01,true
C-110251,9770010251,2025-06-17,B-08,false
C-110252,9770010252,2023-10-11,B-09,true
C-110253,9770010253,2025-03-14,B-01,false
C-110254,9770010254,2021-04-14,B-09,true
C-110255,9770010255,2023-08-22,B-09,true
C-110256,9770010256,2020-06-01,B-02,false
C-110257,9770010257,2019-06-06,B-04,false
C-110258,9770010258,2025-09-21,B-17,false
C-110259,9770010259,2020-02-21,B-02,true
C-110260,9770010260,2023-07-29,B-02,false
C-110261,9770010261,2019-05-31,B-08,false
C-110262,9770010262,2022-04-19,B-08,false
C-110263,9770010263,2021-06-17,B-09,true
C-110264,9770010264,2020-07-25,B-17,false
C-110265,9770010265,2021-10-02,B-09,false
C-110266,9770010266,2021-10-02,B-01,false
C-110267,9770010267,2022-03-04,B-17,true
C-110268,9770010268,2020-12-04,B-17,false
C-110269,9770010269,2022-04-18,B-09,true
C-110270,9770010270,2023-08-31,B-02,false
C-110271,9770010271,2025-04-11,B-08,true
C-110272,9770010272,2022-11-04,B-01,false
C-110273,9770010273,2023-11-18,B-17,true
C-110274,9770010274,2025-08-01,B-01,true
C-110275,9770010275,2020-04-16,B-09,false
C-110276,9770010276,2024-05-29,B-09,false
C-110277,9770010277,2019-10-22,B-02,false
C-110278,9770010278,2020-02-28,B-09,false
C-110279,9770010279,2023-09-19,B-01,false
C-110280,9770010280,2020-12-25,B-17,false
C-110281,9770010281,2026-01-21,B-17,false
C-110282,9770010282,2022-10-18,B-17,true
C-110283,9770010283,2024-07-05,B-04,true
C-110284,9770010284,2020-02-16,B-08,false
C-110285,9770010285,2019-07-06,B-09,true
C-110286,9770010286,2024-03-27,B-04,true
C-110287,9770010287,2023-12-12,B-08,false
C-110288,9770010288,2020-02-09,B-17,false
C-110289,9770010289,2019-11-09,B-01,false
C-110290,9770010290,2019-08-25,B-08,true
C-110291,9770010291,2023-10-13,B-08,false
C-110292,9770010292,2024-02-28,B-09,false
C-110293,9770010293,2024-09-22,B-04,false
C-110294,9770010294,2020-02-28,B-04,true
C-110295,9770010295,2023-01-19,B-09,false
C-110296,9770010296,2024-09-28,B-01,false
C-110297,9770010297,2020-04-13,B-02,false
C-110298,9770010298,2021-05-04,B-09,true
C-110299,9770010299,2025-03-22,B-08,false
C-110300,9770010300,2023-02-26,B-01,false
C-110301,9770010301,2024-01-12,B-04,true
C-110302,9770010302,2021-07-30,B-02,true
C-110303,9770010303,2021-04-19,B-08,true
C-110304,9770010304,2025-02-12,B-09,false
C-110305,9770010305,2021-09-24,B-02,false
C-110306,9770010306,2021-11-10,B-02,true
C-110307,9770010307,2023-12-07,B-02,true
C-110308,9770010308,2020-03-03,B-09,true
C-110309,9770010309,2025-08-01,B-09,true
C-110310,9770010310,2021-10-23,B-02,false
C-110311,9770010311,2022-12-28,B-01,false
C-110312,9770010312,2022-01-04,B-17,false
C-110313,9770010313,2022-06-16,B-17,false
C-110314,9770010314,2024-05-12,B-02,true
C-110315,9770010315,2022-01-08,B-04,false
C-110316,9770010316,2023-05-29,B-02,false
C-110317,9770010317,2025-07-21,B-04,false
C-110318,9770010318,2025-07-05,B-02,false
C-110319,9770010319,2022-03-06,B-09,true
C-110320,9770010320,2019-12-25,B-01,false
C-110321,9770010321,2021-12-08,B-17,false
C-110322,9770010322,2024-08-10,B-01,false
C-110323,9770010323,2026-03-26,B-04,false
C-110324,9770010324,2019-07-07,B-08,true
C-110325,9770010325,2023-11-23,B-01,false
C-110326,9770010326,2024-02-09,B-02,false
C-110327,9770010327,2024-11-18,B-02,false
C-110328,9770010328,2025-06-03,B-04,true
C-110329,9770010329,2022-07-15,B-02,false
C-110330,9770010330,2020-08-09,B-01,true
C-110331,9770010331,2022-10-19,B-01,true
C-110332,9770010332,2024-11-18,B-08,false
C-110333,9770010333,2021-12-30,B-08,false
C-110334,9770010334,2020-10-31,B-04,false
C-110335,9770010335,2022-03-25,B-17,false
C-110336,9770010336,2020-02-15,B-04,false
C-110337,9770010337,2023-09-08,B-04,false
C-110338,9770010338,2021-10-11,B-09,true
C-110339,9770010339,2024-01-04,B-17,false
C-110340,9770010340,2020-02-22,B-01,true
C-110341,9770010341,2023-03-08,B-08,false
C-110342,9770010342,2022-07-12,B-08,true
C-110343,9770010343,2023-07-10,B-17,false
C-110344,9770010344,2023-06-05,B-08,false
C-110345,9770010345,2024-09-16,B-09,true
C-110346,9770010346,2021-07-01,B-08,false
C-110347,9770010347,2022-08-25,B-09,true
C-110348,9770010348,2025-04-02,B-17,true
C-110349,9770010349,2021-12-12,B-09,true
C-110350,9770010350,2024-10-30,B-17,false
C-110351,9770010351,2021-04-10,B-09,false
C-110352,9770010352,2025-03-28,B-17,true
C-110353,9770010353,2024-02-04,B-02,false
C-110354,9770010354,2021-09-12,B-08,false
C-110355,9770010355,2025-10-11,B-01,false
C-110356,9770010356,2024-07-30,B-02,false
C-110357,9770010357,2019-11-18,B-04,false
C-110358,9770010358,2020-09-25,B-02,true
C-110359,9770010359,2023-08-13,B-09,false
C-110360,9770010360,2023-10-01,B-04,false
C-110361,9770010361,2023-03-18,B-01,false
C-110362,9770010362,2025-01-05,B-08,false
C-110363,9770010363,2025-06-30,B-08,false
C-110364,9770010364,2020-03-09,B-17,false
C-110365,9770010365,2019-05-30,B-08,false
C-110366,9770010366,2021-09-02,B-02,true
C-110367,9770010367,2023-01-28,B-17,true
C-110368,9770010368,2019-07-27,B-17,false
C-110369,9770010369,2024-05-09,B-01,true
C-110370,9770010370,2021-05-17,B-17,false
C-110371,9770010371,2020-09-08,B-02,true
C-110372,9770010372,2024-09-14,B-17,false
C-110373,9770010373,2025-08-12,B-08,true
C-110374,9770010374,2020-07-29,B-17,true
C-110375,9770010375,2024-11-08,B-04,true
C-110376,9770010376,2026-02-02,B-01,true
C-110377,9770010377,2022-11-03,B-17,true
C-110378,9770010378,2026-01-14,B-09,false
C-110379,9770010379,2019-09-21,B-02,false
C-110380,9770010380,2024-05-17,B-17,false
C-110381,9770010381,2020-03-14,B-17,false
C-110382,9770010382,2021-10-21,B-09,true
C-110383,9770010383,2021-01-18,B-08,false
C-110384,9770010384,2023-09-16,B-08,false
C-110385,9770010385,2022-02-10,B-17,true
C-110386,9770010386,2019-10-11,B-17,true
C-110387,9770010387,2023-01-06,B-04,false
C-110388,9770010388,2023-03-12,B-01,true
C-110389,9770010389,2023-06-09,B-08,false
C-110390,9770010390,2020-03-03,B-17,false
C-110391,9770010391,2024-02-28,B-04,true
C-110392,9770010392,2025-04-12,B-09,true
C-110393,9770010393,2021-07-19,B-02,false
C-110394,9770010394,2022-07-19,B-01,false
C-110395,9770010395,2023-04-01,B-02,false
C-110396,9770010396,2020-05-05,B-04,true
C-110397,9770010397,2025-04-17,B-08,false
C-110398,9770010398,2021-09-03,B-02,true
C-110399,9770010399,2024-05-17,B-04,false
C-110400,9770010400,2023-11-09,B-02,false
C-110401,9770010401,2020-09-30,B-01,false
C-110402,9770010402,2020-10-14,B-08,true
C-110403,9770010403,2019-07-06,B-17,true
C-110404,9770010404,2023-03-24,B-17,true
C-110405,9770010405,2024-05-31,B-01,true
C-110406,9770010406,2023-12-04,B-04,true
C-110407,9770010407,2023-04-10,B-17,false
C-110408,9770010408,2023-05-14,B-01,false
C-110409,9770010409,2020-02-09,B-01,false
C-110410,9770010410,2020-02-21,B-17,false
C-110411,9770010411,2022-04-09,B-08,false
C-110412,9770010412,2023-09-28,B-08,false
C-110413,9770010413,2021-07-30,B-02,true
C-110414,9770010414,2020-05-25,B-17,true
C-110415,9770010415,2019-09-14,B-08,true
C-110416,9770010416,2024-01-18,B-04,false
C-110417,9770010417,2019-11-24,B-08,false
C-110418,9770010418,2025-03-22,B-17,true
C-110419,9770010419,2023-10-06,B-17,false
C-110420,9770010420,2022-11-19,B-04,false
C-110421,9770010421,2023-10-31,B-04,false
C-110422,9770010422,2020-11-27,B-02,false
C-110423,9770010423,2025-06-27,B-02,true
C-110424,9770010424,2020-06-22,B-04,false
C-110425,9770010425,2025-05-21,B-17,false
C-110426,9770010426,2022-01-20,B-08,false
C-110427,9770010427,2022-11-15,B-01,false
C-110428,9770010428,2024-10-09,B-17,true
C-110429,9770010429,2022-11-18,B-04,false
C-110430,9770010430,2023-01-31,B-09,false
C-110431,9770010431,2022-03-14,B-02,true
C-110432,9770010432,2021-06-18,B-01,false
C-110433,9770010433,2020-10-24,B-08,true
C-110434,9770010434,2022-04-20,B-02,true
C-110435,9770010435,2025-03-20,B-04,true
C-110436,9770010436,2025-10-12,B-02,false
C-110437,9770010437,2019-12-06,B-09,true
C-110438,9770010438,2026-02-03,B-08,false
C-110439,9770010439,2022-03-08,B-04,false
C-110440,9770010440,2019-06-13,B-02,false
C-110441,9770010441,2023-11-12,B-02,false
C-110442,9770010442,2020-03-04,B-02,true
C-110443,9770010443,2020-07-24,B-04,true
C-110444,9770010444,2025-03-16,B-02,false
C-110445,9770010445,2023-03-09,B-02,false
C-110446,9770010446,2024-10-11,B-17,false
C-110447,9770010447,2023-01-03,B-09,false
C-110448,9770010448,2020-04-09,B-09,true
C-110449,9770010449,2021-12-21,B-04,false
C-110450,9770010450,2023-10-30,B-01,false
C-110451,9770010451,2024-07-16,B-01,true
C-110452,9770010452,2021-08-02,B-08,false
C-110453,9770010453,2024-05-17,B-02,true
C-110454,9770010454,2023-09-03,B-09,false
C-110455,9770010455,2019-09-01,B-01,true
C-110456,9770010456,2023-04-09,B-09,true
C-110457,9770010457,2024-10-09,B-17,true
C-110458,9770010458,2020-06-06,B-01,false
C-110459,9770010459,2021-02-01,B-04,true
C-110460,9770010460,2020-04-27,B-17,false
C-110461,9770010461,2021-08-31,B-08,false
C-110462,9770010462,2021-10-02,B-04,false
C-110463,9770010463,2021-09-09,B-04,true
C-110464,9770010464,2021-10-13,B-09,false
C-110465,9770010465,2024-12-12,B-02,false
C-110466,9770010466,2024-03-12,B-09,false
C-110467,9770010467,2021-02-11,B-04,true
C-110468,9770010468,2021-03-27,B-09,false
C-110469,9770010469,2023-09-15,B-09,true
C-110470,9770010470,2019-12-09,B-09,false
C-110471,9770010471,2025-10-31,B-02,true
C-110472,9770010472,2022-12-17,B-04,false
C-110473,9770010473,2021-02-22,B-01,true
C-110474,9770010474,2020-11-24,B-01,false
C-110475,9770010475,2025-07-08,B-04,false
C-110476,9770010476,2025-08-27,B-02,false
C-110477,9770010477,2020-06-07,B-08,false
C-110478,9770010478,2022-04-21,B-01,false
C-110479,9770010479,2020-08-03,B-02,false
C-110480,9770010480,2023-02-19,B-01,true
C-110481,9770010481,2021-11-04,B-04,false
C-110482,9770010482,2021-08-06,B-04,false
C-110483,9770010483,2025-02-04,B-02,false
C-110484,9770010484,2021-09-18,B-04,true
C-110485,9770010485,2019-10-12,B-01,false
C-110486,9770010486,2020-10-09,B-08,true
C-110487,9770010487,2022-07-08,B-09,false
C-110488,9770010488,2020-12-28,B-08,false
C-110489,9770010489,2026-01-24,B-08,true
C-110490,9770010490,2022-10-07,B-02,false
C-110491,9770010491,2022-10-14,B-17,false
C-110492,9770010492,2025-12-14,B-02,false
C-110493,9770010493,2023-06-27,B-08,true
C-110494,9770010494,2023-02-20,B-09,true
C-110495,9770010495,2024-07-03,B-02,false
C-110496,9770010496,2021-05-11,B-04,false
C-110497,9770010497,2025-05-13,B-08,false
C-110498,9770010498,2023-10-10,B-08,true
C-110499,9770010499,2023-08-01,B-04,false
C-110500,9770010500,2021-11-12,B-08,false
C-110501,9770010501,2025-02-03,B-01,false
C-110502,9770010502,2023-06-23,B-09,true
C-110503,9770010503,2021-01-07,B-01,true
C-110504,9770010504,2019-08-28,B-02,false
C-110505,9770010505,2025-08-13,B-09,false
C-110506,9770010506,2020-03-02,B-09,false
C-110507,9770010507,2024-10-13,B-01,false
C-110508,9770010508,2024-02-23,B-08,false
C-110509,9770010509,2024-09-25,B-01,true
C-110510,9770010510,2025-11-14,B-01,false
C-110511,9770010511,2021-12-26,B-08,false
C-110512,9770010512,2024-04-26,B-02,false
C-110513,9770010513,2019-10-08,B-01,false
C-110514,9770010514,2024-02-04,B-09,true
C-110515,9770010515,2024-09-04,B-09,false
C-110516,9770010516,2024-06-29,B-09,true
C-110517,9770010517,2022-06-29,B-09,true
C-110518,9770010518,2025-08-23,B-08,false
C-110519,9770010519,2020-12-13,B-09,false
C-110520,9770010520,2021-02-04,B-01,false
C-110521,9770010521,2021-10-31,B-08,false
C-110522,9770010522,2022-09-17,B-17,false
C-110523,9770010523,2023-05-20,B-04,false
C-110524,9770010524,2023-10-31,B-08,true
C-110525,9770010525,2025-04-26,B-04,false
C-110526,9770010526,2020-02-14,B-17,true
C-110527,9770010527,2023-01-01,B-01,true
C-110528,9770010528,2024-04-29,B-09,false
C-110529,9770010529,2024-02-04,B-01,false
C-110530,9770010530,2022-08-06,B-09,false
C-110531,9770010531,2019-12-01,B-02,false
C-110532,9770010532,2022-06-01,B-01,false
C-110533,9770010533,2023-12-16,B-17,true
C-110534,9770010534,2021-11-01,B-04,true
C-110535,9770010535,2021-01-25,B-04,false
C-110536,9770010536,2026-02-27,B-09,true
C-110537,9770010537,2022-02-08,B-02,true
C-110538,9770010538,2022-10-28,B-02,false
C-110539,9770010539,2023-02-27,B-04,true
C-110540,9770010540,2022-08-15,B-02,false
C-110541,9770010541,2023-06-11,B-04,false
C-110542,9770010542,2023-09-25,B-17,true
C-110543,9770010543,2022-08-08,B-04,false
C-110544,9770010544,2020-02-15,B-17,false
C-110545,9770010545,2026-02-06,B-17,false
C-110546,9770010546,2025-08-12,B-04,true
C-110547,9770010547,2024-10-31,B-01,true
C-110548,9770010548,2024-08-02,B-17,false
C-110549,9770010549,2024-10-25,B-08,true
C-110550,9770010550,2022-03-14,B-02,true
C-110551,9770010551,2022-05-04,B-08,true
C-110552,9770010552,2019-06-09,B-08,true
C-110553,9770010553,2025-12-05,B-08,true
C-110554,9770010554,2026-03-09,B-02,true
C-110555,9770010555,2023-11-30,B-08,true
C-110556,9770010556,2020-03-04,B-02,true
C-110557,9770010557,2025-11-26,B-01,true
C-110558,9770010558,2024-10-19,B-09,true
C-110559,9770010559,2024-06-02,B-04,false
C-110560,9770010560,2020-03-04,B-04,true
C-110561,9770010561,2025-01-26,B-04,false
C-110562,9770010562,2024-08-13,B-02,true
C-110563,9770010563,2023-01-25,B-09,false
C-110564,9770010564,2024-04-12,B-02,true
C-110565,9770010565,2021-05-28,B-08,true
C-110566,9770010566,2020-05-12,B-01,false
C-110567,9770010567,2021-02-11,B-17,false
C-110568,9770010568,2022-03-08,B-09,true
C-110569,9770010569,2025-02-24,B-02,false
C-110570,9770010570,2021-03-07,B-09,true
C-110571,9770010571,2022-05-31,B-17,false
C-110572,9770010572,2021-06-08,B-08,true
C-110573,9770010573,2021-11-01,B-08,false
C-110574,9770010574,2024-04-24,B-09,true
C-110575,9770010575,2019-10-14,B-04,true
C-110576,9770010576,2023-09-01,B-01,true
C-110577,9770010577,2022-05-19,B-04,false
C-110578,9770010578,2019-12-19,B-02,false
C-110579,9770010579,2020-01-23,B-04,false
C-110580,9770010580,2020-02-02,B-17,true
C-110581,9770010581,2022-05-16,B-04,true
C-110582,9770010582,2025-06-23,B-08,true
C-110583,9770010583,2024-04-11,B-02,false
C-110584,9770010584,2024-10-04,B-08,true
C-110585,9770010585,2024-02-06,B-09,false
C-110586,9770010586,2020-06-13,B-17,false
C-110587,9770010587,2024-09-21,B-02,true
C-110588,9770010588,2020-03-13,B-17,true
C-110589,9770010589,2020-03-16,B-17,false
C-110590,9770010590,2025-05-15,B-17,false
C-110591,9770010591,2024-06-21,B-04,false
C-110592,9770010592,2023-11-07,B-01,true
C-110593,9770010593,2025-01-09,B-02,false
C-110594,9770010594,2026-03-14,B-01,false
C-110595,9770010595,2021-01-30,B-02,false
C-110596,9770010596,2021-07-18,B-09,false
C-110597,9770010597,2021-12-18,B-02,false
C-110598,9770010598,2021-11-01,B-01,true
C-110599,9770010599,2020-04-27,B-01,false
C-110600,9770010600,2019-06-15,B-09,false
C-110601,9770010601,2026-02-15,B-01,false
C-110602,9770010602,2025-06-20,B-01,false
C-110603,9770010603,2024-08-04,B-02,false
C-110604,9770010604,2023-02-25,B-01,true
C-110605,9770010605,2023-08-20,B-09,false
C-110606,9770010606,2025-08-31,B-02,true
C-110607,9770010607,2023-11-12,B-08,false
C-110608,9770010608,2024-06-01,B-04,true
C-110609,9770010609,2020-01-13,B-04,true
C-110610,9770010610,2022-05-06,B-01,false
C-110611,9770010611,2024-11-27,B-04,false
C-110612,9770010612,2021-03-13,B-04,false
C-110613,9770010613,2022-05-28,B-08,false
C-110614,9770010614,2026-02-17,B-04,true
C-110615,9770010615,2024-03-08,B-17,true
C-110616,9770010616,2020-07-24,B-17,false
C-110617,9770010617,2019-08-23,B-09,false
C-110618,9770010618,2025-12-06,B-09,false
C-110619,9770010619,2021-11-10,B-08,false
C-110620,9770010620,2024-10-04,B-08,true
C-110621,9770010621,2023-09-12,B-09,false
C-110622,9770010622,2024-11-26,B-04,true
C-110623,9770010623,2023-02-26,B-17,true
C-110624,9770010624,2023-07-29,B-02,true
C-110625,9770010625,2025-08-19,B-04,true
C-110626,9770010626,2023-09-20,B-09,false
C-110627,9770010627,2023-06-19,B-02,false
C-110628,9770010628,2020-12-03,B-08,true
C-110629,9770010629,2022-12-14,B-04,true
C-110630,9770010630,2025-12-20,B-04,true
C-110631,9770010631,2024-05-06,B-02,false
C-110632,9770010632,2022-11-15,B-08,false
C-110633,9770010633,2021-04-30,B-04,false
C-110634,9770010634,2026-01-24,B-09,true
C-110635,9770010635,2025-08-01,B-09,false
C-110636,9770010636,2024-12-07,B-08,false
C-110637,9770010637,2023-01-21,B-01,true
C-110638,9770010638,2025-10-08,B-17,true
C-110639,9770010639,2023-05-18,B-04,false
C-110640,9770010640,2024-05-30,B-01,false
C-110641,9770010641,2023-07-02,B-04,false
C-110642,9770010642,2023-01-22,B-09,false
C-110643,9770010643,2023-09-21,B-01,true
C-110644,9770010644,2019-10-19,B-01,false
C-110645,9770010645,2020-10-15,B-04,false
C-110646,9770010646,2020-12-25,B-17,true
C-110647,9770010647,2023-08-13,B-04,true
C-110648,9770010648,2024-01-03,B-02,true
C-110649,9770010649,2019-07-15,B-17,true
C-110650,9770010650,2019-12-24,B-08,false
C-110651,9770010651,2025-10-18,B-08,true
C-110652,9770010652,2026-01-09,B-04,false
C-110653,9770010653,2020-06-21,B-17,false
C-110654,9770010654,2022-12-28,B-01,false
C-110655,9770010655,2021-01-22,B-01,false
C-110656,9770010656,2021-03-29,B-09,true
C-110657,9770010657,2021-03-25,B-08,true
C-110658,9770010658,2022-05-08,B-02,false
C-110659,9770010659,2020-08-02,B-04,true
C-110660,9770010660,2020-06-18,B-08,true
C-110661,9770010661,2020-03-19,B-04,false
C-110662,9770010662,2019-11-16,B-01,false
C-110663,9770010663,2019-11-03,B-01,true
C-110664,9770010664,2020-12-30,B-17,true
C-110665,9770010665,2022-08-07,B-17,false
C-110666,9770010666,2019-06-02,B-09,true
C-110667,9770010667,2019-12-31,B-09,true
C-110668,9770010668,2025-03-09,B-17,true
C-110669,9770010669,2023-09-12,B-17,true
C-110670,9770010670,2025-01-11,B-08,true
C-110671,9770010671,2020-02-08,B-04,false
C-110672,9770010672,2025-11-04,B-17,false
C-110673,9770010673,2019-07-28,B-01,true
C-110674,9770010674,2024-03-06,B-01,false
C-110675,9770010675,2020-09-18,B-01,false
C-110676,9770010676,2025-04-06,B-17,true
C-110677,9770010677,2023-05-20,B-02,false
C-110678,9770010678,2023-10-07,B-01,true
C-110679,9770010679,2023-12-25,B-01,true
C-110680,9770010680,2025-10-07,B-08,true
C-110681,9770010681,2022-03-03,B-04,false
C-110682,9770010682,2024-07-21,B-08,false
C-110683,9770010683,2022-12-13,B-02,true
C-110684,9770010684,2023-05-26,B-01,true
C-110685,9770010685,2021-01-24,B-17,false
C-110686,9770010686,2019-09-20,B-08,true
C-110687,9770010687,2020-02-17,B-02,true
C-110688,9770010688,2022-05-29,B-17,true
C-110689,9770010689,2021-05-20,B-01,false
C-110690,9770010690,2022-06-18,B-17,true
C-110691,9770010691,2025-07-15,B-09,false
C-110692,9770010692,2023-10-16,B-02,true
C-110693,9770010693,2019-06-09,B-08,true
C-110694,9770010694,2021-09-28,B-09,false
C-110695,9770010695,2020-09-30,B-09,true
C-110696,9770010696,2020-11-11,B-04,false
C-110697,9770010697,2024-09-14,B-17,false
C-110698,9770010698,2025-08-29,B-01,false
C-110699,9770010699,2024-12-13,B-02,true
C-110700,9770010700,2023-12-05,B-09,false
C-110701,9770010701,2024-05-29,B-09,false
C-110702,9770010702,2023-11-18,B-02,false
C-110703,9770010703,2020-04-09,B-08,false
C-110704,9770010704,2021-06-04,B-08,false
C-110705,9770010705,2020-01-13,B-01,false
C-110706,9770010706,2021-08-02,B-08,false
C-110707,9770010707,2023-06-29,B-08,true
C-110708,9770010708,2024-01-27,B-08,true
C-110709,9770010709,2026-03-22,B-09,false
C-110710,9770010710,2020-03-12,B-02,false
C-110711,9770010711,2021-04-14,B-02,false
C-110712,9770010712,2020-04-02,B-04,false
C-110713,9770010713,2020-04-08,B-09,true
C-110714,9770010714,2025-01-23,B-09,true
C-110715,9770010715,2024-08-11,B-09,false
C-110716,9770010716,2024-03-31,B-02,true
C-110717,9770010717,2019-07-19,B-02,true
C-110718,9770010718,2023-07-07,B-04,true
C-110719,9770010719,2024-05-20,B-08,true
C-110720,9770010720,2020-02-08,B-09,false
C-110721,9770010721,2024-04-01,B-08,true
C-110722,9770010722,2019-08-17,B-01,true
C-110723,9770010723,2025-05-13,B-04,false
C-110724,9770010724,2025-02-20,B-02,false
C-110725,9770010725,2024-03-19,B-04,false
C-110726,9770010726,2019-12-18,B-01,false
C-110727,9770010727,2025-09-06,B-09,false
C-110728,9770010728,2020-08-02,B-02,true
C-110729,9770010729,2021-10-21,B-01,false
C-110730,9770010730,2019-09-15,B-08,true
C-110731,9770010731,2022-10-16,B-02,true
C-110732,9770010732,2021-04-09,B-09,true
C-110733,9770010733,2020-11-13,B-02,true
C-110734,9770010734,2024-09-15,B-17,false
C-110735,9770010735,2024-03-16,B-09,true
C-110736,9770010736,2021-05-01,B-04,false
C-110737,9770010737,2025-06-25,B-01,false
C-110738,9770010738,2020-09-30,B-02,false
C-110739,9770010739,2019-12-29,B-04,false
C-110740,9770010740,2025-10-16,B-02,true
C-110741,9770010741,2019-05-29,B-04,false
C-110742,9770010742,2021-02-13,B-17,false
C-110743,9770010743,2022-06-19,B-04,true
C-110744,9770010744,2021-05-26,B-09,false
C-110745,9770010745,2020-07-25,B-09,false
C-110746,9770010746,2020-01-05,B-04,true
C-110747,9770010747,2024-08-01,B-04,false
C-110748,9770010748,2025-04-09,B-09,false
C-110749,9770010749,2022-03-20,B-17,true
C-110750,9770010750,2025-05-11,B-17,true
C-110751,9770010751,2023-07-27,B-08,false
C-110752,9770010752,2020-05-22,B-01,false
C-110753,9770010753,2024-01-18,B-01,false
C-110754,9770010754,2024-03-29,B-04,true
C-110755,9770010755,2022-10-10,B-02,true
C-110756,9770010756,2023-05-28,B-04,false
C-110757,9770010757,2024-11-17,B-09,false
C-110758,9770010758,2021-09-01,B-02,true
C-110759,9770010759,2025-03-27,B-02,true
C-110760,9770010760,2021-06-26,B-08,false
C-110761,9770010761,2022-01-20,B-01,false
C-110762,9770010762,2022-08-05,B-01,true
C-110763,9770010763,2019-06-17,B-08,true
C-110764,9770010764,2025-06-26,B-17,false
C-110765,9770010765,2021-11-12,B-02,false
C-110766,9770010766,2024-10-30,B-02,true
C-110767,9770010767,2021-05-15,B-08,false
C-110768,9770010768,2026-02-02,B-09,false
C-110769,9770010769,2026-01-11,B-01,false
C-110770,9770010770,2021-12-12,B-01,false
C-110771,9770010771,2021-08-25,B-04,true
C-110772,9770010772,2025-06-07,B-04,true
C-110773,9770010773,2021-09-25,B-01,false
C-110774,9770010774,2023-05-16,B-08,true
C-110775,9770010775,2023-08-19,B-04,true
C-110776,9770010776,2020-03-12,B-02,false
C-110777,9770010777,2023-02-11,B-04,false
C-110778,9770010778,2019-07-07,B-02,false
C-110779,9770010779,2019-12-11,B-04,false
C-110780,9770010780,2020-12-27,B-04,true
C-110781,9770010781,2024-02-04,B-02,true
C-110782,9770010782,2019-09-26,B-04,true
C-110783,9770010783,2024-08-08,B-17,false
C-110784,9770010784,2021-07-12,B-04,false
C-110785,9770010785,2020-02-29,B-17,true
C-110786,9770010786,2022-05-15,B-01,false
C-110787,9770010787,2021-10-26,B-17,false
C-110788,9770010788,2022-10-03,B-09,false
C-110789,9770010789,2023-11-22,B-02,true
C-110790,9770010790,2021-01-30,B-01,false
C-110791,9770010791,2019-09-14,B-09,false
C-110792,9770010792,2024-08-13,B-02,true
C-110793,9770010793,2026-02-06,B-02,false
C-110794,9770010794,2019-10-19,B-01,false
C-110795,9770010795,2025-07-04,B-04,true
C-110796,9770010796,2020-07-31,B-02,false
C-110797,9770010797,2022-03-21,B-04,true
C-110798,9770010798,2024-05-21,B-01,false
C-110799,9770010799,2024-09-24,B-09,true
C-110800,9770010800,2021-09-07,B-01,false
C-110801,9770010801,2020-11-22,B-04,true
C-110802,9770010802,2022-06-06,B-04,false
C-110803,9770010803,2020-02-26,B-01,true
C-110804,9770010804,2023-11-07,B-01,false
C-110805,9770010805,2023-12-24,B-01,false
C-110806,9770010806,2022-10-18,B-02,true
C-110807,9770010807,2023-08-12,B-01,false
C-110808,9770010808,2022-06-19,B-02,true
C-110809,9770010809,2023-02-13,B-04,false
C-110810,9770010810,2021-10-22,B-04,false
C-110811,9770010811,2021-07-17,B-01,true
C-110812,9770010812,2020-09-05,B-01,true
C-110813,9770010813,2024-08-09,B-17,true
C-110814,9770010814,2021-06-24,B-17,false
C-110815,9770010815,2023-04-17,B-04,true
C-110816,9770010816,2020-07-07,B-09,false
C-110817,9770010817,2019-08-07,B-01,true
C-110818,9770010818,2023-05-25,B-02,true
C-110819,9770010819,2020-03-29,B-09,false
C-110820,9770010820,2023-04-01,B-04,true
C-110821,9770010821,2025-12-16,B-17,true
C-110822,9770010822,2020-07-06,B-08,false
C-110823,9770010823,2025-07-05,B-17,false
C-110824,9770010824,2026-03-15,B-17,false
C-110825,9770010825,2026-02-20,B-08,false
C-110826,9770010826,2022-09-21,B-04,false
C-110827,9770010827,2022-02-22,B-04,true
C-110828,9770010828,2022-11-25,B-17,true
C-110829,9770010829,2022-04-11,B-09,true
C-110830,9770010830,2025-07-28,B-04,false
C-110831,9770010831,2025-03-14,B-08,false
C-110832,9770010832,2021-04-14,B-17,false
C-110833,9770010833,2020-10-12,B-02,false
C-110834,9770010834,2025-09-29,B-17,false
C-110835,9770010835,2022-03-09,B-01,false
C-110836,9770010836,2024-07-17,B-01,false
C-110837,9770010837,2023-12-11,B-01,false
C-110838,9770010838,2022-11-15,B-17,true
C-110839,9770010839,2020-09-15,B-17,false
C-110840,9770010840,2023-07-22,B-02,true
C-110841,9770010841,2024-02-23,B-17,false
C-110842,9770010842,2023-04-16,B-09,false
C-110843,9770010843,2024-05-10,B-02,false
C-110844,9770010844,2019-09-08,B-02,false
C-110845,9770010845,2023-05-31,B-09,false
C-110846,9770010846,2025-02-26,B-02,false
C-110847,9770010847,2024-11-18,B-01,true
C-110848,9770010848,2025-02-24,B-17,false
C-110849,9770010849,2020-09-23,B-09,false
C-110850,9770010850,2020-04-07,B-04,false
C-110851,9770010851,2024-06-28,B-02,false
C-110852,9770010852,2021-01-20,B-02,true
C-110853,9770010853,2026-03-15,B-01,true
C-110854,9770010854,2022-02-03,B-04,false
C-110855,9770010855,2022-08-09,B-09,true
C-110856,9770010856,2024-07-13,B-01,false
C-110857,9770010857,2020-04-27,B-09,false
C-110858,9770010858,2022-06-13,B-08,false
C-110859,9770010859,2025-02-19,B-09,false
C-110860,9770010860,2019-10-23,B-04,false
C-110861,9770010861,2020-11-14,B-01,true
C-110862,9770010862,2025-08-17,B-17,true
C-110863,9770010863,2019-07-23,B-04,true
C-110864,9770010864,2022-06-27,B-01,false
C-110865,9770010865,2021-10-21,B-01,true
C-110866,9770010866,2019-12-22,B-08,false
C-110867,9770010867,2024-05-05,B-08,true
C-110868,9770010868,2022-04-04,B-04,true
C-110869,9770010869,2022-10-27,B-02,true
C-110870,9770010870,2026-01-31,B-08,false
C-110871,9770010871,2020-05-24,B-04,false
C-110872,9770010872,2022-04-12,B-04,true
C-110873,9770010873,2021-05-08,B-08,false
C-110874,9770010874,2022-08-03,B-08,false
C-110875,9770010875,2021-02-06,B-17,true
C-110876,9770010876,2019-07-25,B-02,false
C-110877,9770010877,2025-05-20,B-08,false
C-110878,9770010878,2024-06-09,B-08,false
C-110879,9770010879,2019-12-21,B-01,false
C-110880,9770010880,2020-09-02,B-17,true
C-110881,9770010881,2021-04-13,B-04,true
C-110882,9770010882,2024-11-08,B-08,true
C-110883,9770010883,2025-07-18,B-17,false
C-110884,9770010884,2024-01-19,B-17,false
C-110885,9770010885,2022-03-09,B-09,false
C-110886,9770010886,2026-03-24,B-01,false
C-110887,9770010887,2022-07-05,B-04,false
C-110888,9770010888,2021-11-20,B-09,false
C-110889,9770010889,2026-03-26,B-04,true
C-110890,9770010890,2020-10-08,B-08,true
C-110891,9770010891,2020-02-04,B-08,false
C-110892,9770010892,2024-09-06,B-17,true
C-110893,9770010893,2025-01-26,B-04,true
C-110894,9770010894,2026-01-29,B-04,true
C-110895,9770010895,2023-02-04,B-01,true
C-110896,9770010896,2019-11-26,B-02,true
C-110897,9770010897,2019-10-22,B-04,false
C-110898,9770010898,2020-07-09,B-01,true
C-110899,9770010899,2023-01-17,B-01,true
C-110900,9770010900,2024-06-02,B-02,true
C-110901,9770010901,2025-07-13,B-01,false
C-110902,9770010902,2021-11-26,B-08,false
C-110903,9770010903,2021-03-08,B-02,true
C-110904,9770010904,2021-10-06,B-08,false
C-110905,9770010905,2023-08-15,B-01,true
C-110906,9770010906,2020-09-25,B-09,true
C-110907,9770010907,2021-08-22,B-08,false
C-110908,9770010908,2024-12-07,B-02,false
C-110909,9770010909,2024-10-10,B-08,true
C-110910,9770010910,2024-08-13,B-17,true
C-110911,9770010911,2020-04-20,B-08,true
C-110912,9770010912,2025-07-12,B-01,false
C-110913,9770010913,2023-02-16,B-01,false
C-110914,9770010914,2020-03-21,B-08,false
C-110915,9770010915,2025-05-27,B-17,false
C-110916,9770010916,2025-08-20,B-17,true
C-110917,9770010917,2022-12-21,B-02,true
C-110918,9770010918,2025-07-27,B-04,false
C-110919,9770010919,2019-10-19,B-08,false
C-110920,9770010920,2025-02-15,B-01,true
C-110921,9770010921,2021-11-09,B-09,false
C-110922,9770010922,2020-03-26,B-17,false
C-110923,9770010923,2024-05-31,B-09,true
C-110924,9770010924,2025-07-09,B-09,true
C-110925,9770010925,2022-09-21,B-09,true
C-110926,9770010926,2023-05-23,B-09,false
C-110927,9770010927,2020-02-28,B-09,false
C-110928,9770010928,2019-10-04,B-02,true
C-110929,9770010929,2021-11-14,B-01,true
C-110930,9770010930,2022-12-12,B-09,false
C-110931,9770010931,2022-05-07,B-01,true
C-110932,9770010932,2023-01-24,B-01,false
C-110933,9770010933,2020-09-09,B-04,false
C-110934,9770010934,2022-01-17,B-01,false
C-110935,9770010935,2019-06-30,B-17,false
C-110936,9770010936,2024-07-14,B-04,true
C-110937,9770010937,2021-12-31,B-08,false
C-110938,9770010938,2022-12-22,B-17,true
C-110939,9770010939,2024-12-26,B-17,true
C-110940,9770010940,2022-12-14,B-09,true
C-110941,9770010941,2019-07-01,B-17,false
C-110942,9770010942,2019-08-31,B-17,false
C-110943,9770010943,2025-09-17,B-09,true
C-110944,9770010944,2024-09-14,B-08,false
C-110945,9770010945,2021-11-06,B-04,false
C-110946,9770010946,2021-12-23,B-01,true
C-110947,9770010947,2023-02-10,B-02,false
C-110948,9770010948,2021-05-28,B-01,false
C-110949,9770010949,2021-09-07,B-01,false
C-110950,9770010950,2019-10-24,B-04,true
C-110951,9770010951,2020-09-02,B-04,false
C-110952,9770010952,2025-03-01,B-09,false
C-110953,9770010953,2025-04-17,B-08,true
C-110954,9770010954,2022-05-27,B-01,true
C-110955,9770010955,2019-09-23,B-02,true
C-110956,9770010956,2019-09-23,B-01,false
C-110957,9770010957,2025-04-17,B-02,false
C-110958,9770010958,2026-01-28,B-09,false
C-110959,9770010959,2026-02-20,B-08,false
C-110960,9770010960,2025-03-31,B-02,false
C-110961,9770010961,2019-07-07,B-08,false
C-110962,9770010962,2022-10-25,B-08,false
C-110963,9770010963,2024-10-25,B-02,true
C-110964,9770010964,2020-12-10,B-02,false
C-110965,9770010965,2023-07-08,B-09,true
C-110966,9770010966,2023-04-18,B-08,true
C-110967,9770010967,2025-04-02,B-02,false
C-110968,9770010968,2021-07-05,B-02,false
C-110969,9770010969,2024-05-31,B-08,false
C-110970,9770010970,2024-03-03,B-02,true
C-110971,9770010971,2022-05-19,B-01,true
C-110972,9770010972,2025-01-12,B-09,true
C-110973,9770010973,2024-01-26,B-02,true
C-110974,9770010974,2019-07-16,B-09,false
C-110975,9770010975,2021-05-18,B-17,false
C-110976,9770010976,2025-07-11,B-01,true
C-110977,9770010977,2020-06-23,B-08,false
C-110978,9770010978,2022-05-31,B-04,false
C-110979,9770010979,2023-07-30,B-08,false
C-110980,9770010980,2021-06-18,B-09,false
C-110981,9770010981,2019-07-14,B-09,true
C-110982,9770010982,2020-09-06,B-17,false
C-110983,9770010983,2025-04-16,B-04,false
C-110984,9770010984,2021-12-09,B-01,true
C-110985,9770010985,2022-10-16,B-09,false
C-110986,9770010986,2021-11-16,B-02,true
C-110987,9770010987,2024-07-21,B-04,false
C-110988,9770010988,2021-04-18,B-02,true
C-110989,9770010989,2025-05-05,B-01,true
C-110990,9770010990,2019-09-25,B-17,false
C-110991,9770010991,2020-03-28,B-01,true
C-110992,9770010992,2024-08-04,B-01,true
C-110993,9770010993,2019-06-28,B-02,false
C-110994,9770010994,2021-08-04,B-17,false
C-110995,9770010995,2023-12-07,B-04,true
C-110996,9770010996,2024-07-07,B-01,true
C-110997,9770010997,2023-12-05,B-09,true
C-110998,9770010998,2025-09-18,B-02,false
C-110999,9770010999,2026-03-14,B-02,true
C-111000,9770011000,2022-10-01,B-08,true
C-111001,9770011001,2022-11-06,B-04,true
C-111002,9770011002,2026-01-29,B-01,false
C-111003,9770011003,2020-05-01,B-09,false
C-111004,9770011004,2021-08-29,B-17,false
C-111005,9770011005,2021-07-04,B-02,true
C-111006,9770011006,2025-09-14,B-17,true
C-111007,9770011007,2025-07-15,B-04,false
C-111008,9770011008,2022-01-25,B-08,false
C-111009,9770011009,2021-01-13,B-01,true
C-111010,9770011010,2025-06-01,B-01,true
C-111011,9770011011,2024-06-20,B-04,false
C-111012,9770011012,2024-07-23,B-08,false
C-111013,9770011013,2020-03-25,B-08,false
C-111014,9770011014,2024-01-29,B-02,true
C-111015,9770011015,2024-11-30,B-01,true
C-111016,9770011016,2022-04-10,B-08,false
C-111017,9770011017,2024-07-01,B-17,false
C-111018,9770011018,2022-09-04,B-09,true
C-111019,9770011019,2022-01-31,B-02,true
C-111020,9770011020,2025-09-08,B-08,true
C-111021,9770011021,2021-02-23,B-04,false
C-111022,9770011022,2025-03-22,B-09,false
C-111023,9770011023,2023-02-19,B-01,true
C-111024,9770011024,2023-08-04,B-17,false
C-111025,9770011025,2020-10-09,B-08,false
C-111026,9770011026,2020-03-19,B-08,false
C-111027,9770011027,2022-02-13,B-17,true
C-111028,9770011028,2021-09-26,B-08,false
C-111029,9770011029,2022-06-13,B-01,true
C-111030,9770011030,2021-10-25,B-17,true
C-111031,9770011031,2022-10-20,B-02,false
C-111032,9770011032,2025-04-01,B-02,false
C-111033,9770011033,2020-06-09,B-09,true
C-111034,9770011034,2023-01-04,B-04,false
C-111035,9770011035,2019-06-28,B-01,false
C-111036,9770011036,2020-08-01,B-02,false
C-111037,9770011037,2020-11-18,B-01,false
C-111038,9770011038,2024-06-20,B-01,true
C-111039,9770011039,2024-09-01,B-04,true
C-111040,9770011040,2025-09-16,B-09,true
C-111041,9770011041,2019-11-16,B-09,false
C-111042,9770011042,2023-08-26,B-04,true
C-111043,9770011043,2025-05-18,B-09,false
C-111044,9770011044,2022-08-20,B-09,false
C-111045,9770011045,2022-06-23,B-08,false
C-111046,9770011046,2020-04-22,B-08,false
C-111047,9770011047,2024-08-06,B-17,true
C-111048,9770011048,2021-10-08,B-01,false
C-111049,9770011049,2026-01-16,B-02,false
C-111050,9770011050,2022-07-16,B-17,true
C-111051,9770011051,2023-06-09,B-01,false
C-111052,9770011052,2024-07-13,B-08,true
C-111053,9770011053,2024-02-19,B-09,true
C-111054,9770011054,2022-09-19,B-17,true
C-111055,9770011055,2020-02-06,B-04,false
C-111056,9770011056,2020-11-06,B-02,false
C-111057,9770011057,2019-12-23,B-04,false
C-111058,9770011058,2023-10-29,B-02,false
C-111059,9770011059,2025-05-21,B-09,false
C-111060,9770011060,2022-05-16,B-01,false
C-111061,9770011061,2020-02-12,B-08,false
C-111062,9770011062,2023-05-03,B-09,false
C-111063,9770011063,2025-03-16,B-04,false
C-111064,9770011064,2025-08-27,B-09,false
C-111065,9770011065,2024-12-31,B-08,true
C-111066,9770011066,2020-12-31,B-17,true
C-111067,9770011067,2024-08-16,B-01,true
C-111068,9770011068,2024-02-21,B-01,false
C-111069,9770011069,2024-01-15,B-17,false
C-111070,9770011070,2022-11-05,B-08,true
C-111071,9770011071,2024-11-20,B-04,false
C-111072,9770011072,2019-11-16,B-17,true
C-111073,9770011073,2022-12-27,B-09,false
C-111074,9770011074,2019-07-29,B-08,false
C-111075,9770011075,2024-07-26,B-08,false
C-111076,9770011076,2023-03-14,B-01,false
C-111077,9770011077,2022-06-22,B-01,false
C-111078,9770011078,2023-02-18,B-17,true
C-111079,9770011079,2025-05-22,B-08,false
C-111080,9770011080,2024-05-16,B-04,true
C-111081,9770011081,2024-08-04,B-17,false
C-111082,9770011082,2024-04-07,B-17,true
C-111083,9770011083,2022-06-05,B-02,true
C-111084,9770011084,2020-12-12,B-17,false
C-111085,9770011085,2024-08-30,B-17,true
C-111086,9770011086,2024-11-13,B-08,true
C-111087,9770011087,2024-03-16,B-04,false
C-111088,9770011088,2021-05-12,B-09,false
C-111089,9770011089,2025-12-06,B-04,false
C-111090,9770011090,2023-12-03,B-02,false
C-111091,9770011091,2024-11-04,B-01,true
C-111092,9770011092,2020-03-25,B-09,false
C-111093,9770011093,2024-11-16,B-04,true
C-111094,9770011094,2022-06-07,B-08,true
C-111095,9770011095,2021-07-04,B-17,true
C-111096,9770011096,2024-07-10,B-09,false
C-111097,9770011097,2023-08-29,B-02,false
C-111098,9770011098,2020-04-19,B-17,true
C-111099,9770011099,2020-08-17,B-08,false
C-111100,9770011100,2019-10-10,B-08,true
C-111101,9770011101,2020-04-13,B-09,false
C-111102,9770011102,2024-08-05,B-09,false
C-111103,9770011103,2020-10-18,B-09,true
C-111104,9770011104,2021-12-01,B-04,false
C-111105,9770011105,2020-04-16,B-09,false
C-111106,9770011106,2022-10-19,B-09,true
C-111107,9770011107,2021-03-13,B-04,true
C-111108,9770011108,2022-11-22,B-02,true
C-111109,9770011109,2025-06-05,B-04,true
C-111110,9770011110,2023-10-30,B-17,false
C-111111,9770011111,2023-03-26,B-17,false
C-111112,9770011112,2021-04-29,B-01,false
C-111113,9770011113,2025-02-13,B-01,false
C-111114,9770011114,2022-06-18,B-09,false
C-111115,9770011115,2025-04-06,B-08,true
C-111116,9770011116,2023-04-08,B-09,false
C-111117,9770011117,2023-07-28,B-09,true
C-111118,9770011118,2020-06-27,B-01,false
C-111119,9770011119,2021-10-31,B-01,false
C-111120,9770011120,2021-10-30,B-04,true
C-111121,9770011121,2025-12-18,B-01,true
C-111122,9770011122,2025-08-25,B-09,true
C-111123,9770011123,2021-10-13,B-01,true
C-111124,9770011124,2023-12-01,B-01,false
C-111125,9770011125,2023-04-21,B-09,true
C-111126,9770011126,2019-12-21,B-04,true
C-111127,9770011127,2020-09-05,B-08,true
C-111128,9770011128,2022-12-27,B-08,false
C-111129,9770011129,2020-02-23,B-02,false
C-111130,9770011130,2022-06-16,B-09,true
C-111131,9770011131,2025-01-13,B-08,false
C-111132,9770011132,2025-03-05,B-17,false
C-111133,9770011133,2025-08-24,B-02,true
C-111134,9770011134,2019-07-16,B-17,true
C-111135,9770011135,2020-03-04,B-17,true
C-111136,9770011136,2025-05-08,B-02,true
C-111137,9770011137,2020-11-01,B-08,true
C-111138,9770011138,2024-04-15,B-08,false
C-111139,9770011139,2021-07-24,B-02,true
C-111140,9770011140,2025-03-12,B-17,true
C-111141,9770011141,2020-09-06,B-09,false
C-111142,9770011142,2025-07-22,B-09,false
C-111143,9770011143,2022-08-14,B-01,false
C-111144,9770011144,2022-09-10,B-01,false
C-111145,9770011145,2021-02-01,B-17,false
C-111146,9770011146,2020-04-24,B-02,false
C-111147,9770011147,2023-04-01,B-02,false
C-111148,9770011148,2022-09-15,B-04,false
C-111149,9770011149,2025-02-24,B-02,false
C-111150,9770011150,2022-08-22,B-17,false
C-111151,9770011151,2023-06-27,B-08,true
C-111152,9770011152,2021-01-01,B-02,false
C-111153,9770011153,2025-06-28,B-02,false
C-111154,9770011154,2022-03-21,B-04,false
C-111155,9770011155,2021-03-17,B-08,false
C-111156,9770011156,2024-12-15,B-08,false
C-111157,9770011157,2020-02-19,B-17,false
C-111158,9770011158,2026-03-15,B-01,false
C-111159,9770011159,2024-06-24,B-09,false
C-111160,9770011160,2021-08-04,B-17,false
C-111161,9770011161,2024-10-15,B-09,true
C-111162,9770011162,2026-01-03,B-01,false
C-111163,9770011163,2022-08-21,B-09,true
C-111164,9770011164,2021-12-19,B-08,false
C-111165,9770011165,2023-10-29,B-02,false
C-111166,9770011166,2021-10-11,B-09,false
C-111167,9770011167,2025-05-01,B-02,true
C-111168,9770011168,2020-09-29,B-01,false
C-111169,9770011169,2021-02-02,B-09,false
C-111170,9770011170,2023-07-14,B-02,true
C-111171,9770011171,2025-03-23,B-09,false
C-111172,9770011172,2024-03-05,B-02,false
C-111173,9770011173,2024-07-21,B-02,true
C-111174,9770011174,2022-12-01,B-02,false
C-111175,9770011175,2023-01-08,B-17,false
C-111176,9770011176,2025-01-19,B-01,false
C-111177,9770011177,2026-01-20,B-04,false
C-111178,9770011178,2025-06-27,B-17,true
C-111179,9770011179,2023-08-28,B-01,false
C-111180,9770011180,2025-12-10,B-04,false
C-111181,9770011181,2023-03-12,B-02,false
C-111182,9770011182,2023-09-22,B-17,true
C-111183,9770011183,2020-05-06,B-04,true
C-111184,9770011184,2020-01-01,B-08,false
C-111185,9770011185,2024-02-17,B-09,false
C-111186,9770011186,2022-08-12,B-02,true
C-111187,9770011187,2019-12-06,B-09,true
C-111188,9770011188,2022-07-08,B-17,false
C-111189,9770011189,2022-10-30,B-17,false
C-111190,9770011190,2022-12-12,B-09,false
C-111191,9770011191,2022-01-07,B-09,true
C-111192,9770011192,2024-07-13,B-17,true
C-111193,9770011193,2021-04-15,B-02,false
C-111194,9770011194,2025-11-10,B-09,false
C-111195,9770011195,2021-01-08,B-17,false
C-111196,9770011196,2021-08-10,B-17,false
C-111197,9770011197,2022-03-15,B-09,true
C-111198,9770011198,2025-12-26,B-01,true
C-111199,9770011199,2022-08-19,B-08,true
C-111200,9770011200,2025-09-11,B-09,false
C-111201,9770011201,2019-06-10,B-01,true
C-111202,9770011202,2019-07-09,B-17,false
C-111203,9770011203,2022-11-21,B-04,false
C-111204,9770011204,2020-04-14,B-09,true
C-111205,9770011205,2019-09-19,B-02,true
C-111206,9770011206,2022-11-13,B-01,true
C-111207,9770011207,2025-08-19,B-02,false
C-111208,9770011208,2022-08-13,B-17,false
C-111209,9770011209,2024-02-08,B-02,false
C-111210,9770011210,2024-01-25,B-01,false
C-111211,9770011211,2020-02-17,B-09,false
C-111212,9770011212,2022-06-26,B-01,false
C-111213,9770011213,2020-01-13,B-08,true
C-111214,9770011214,2019-11-06,B-04,true
C-111215,9770011215,2021-11-15,B-17,false
C-111216,9770011216,2022-03-24,B-04,true
C-111217,9770011217,2023-09-10,B-02,true
C-111218,9770011218,2023-04-03,B-08,false
C-111219,9770011219,2021-05-05,B-04,false
C-111220,9770011220,2020-04-18,B-09,true
C-111221,9770011221,2021-01-15,B-02,false
C-111222,9770011222,2025-11-19,B-17,true
C-111223,9770011223,2020-10-06,B-04,false
C-111224,9770011224,2020-06-22,B-01,false
C-111225,9770011225,2020-09-14,B-04,false
C-111226,9770011226,2021-11-02,B-09,true
C-111227,9770011227,2021-11-09,B-02,false
C-111228,9770011228,2021-09-19,B-01,false
C-111229,9770011229,2020-12-17,B-17,false
C-111230,9770011230,2022-09-27,B-01,false
C-111231,9770011231,2020-05-07,B-17,true
C-111232,9770011232,2020-05-22,B-09,true
C-111233,9770011233,2024-12-31,B-09,false
C-111234,9770011234,2025-12-18,B-17,false
C-111235,9770011235,2021-03-07,B-09,true
C-111236,9770011236,2024-04-27,B-02,false
C-111237,9770011237,2021-08-15,B-09,false
C-111238,9770011238,2021-05-20,B-17,false
C-111239,9770011239,2022-04-29,B-17,false
C-111240,9770011240,2023-05-26,B-02,false
C-111241,9770011241,2021-09-21,B-17,false
C-111242,9770011242,2022-06-15,B-08,false
C-111243,9770011243,2021-05-13,B-17,false
C-111244,9770011244,2024-02-21,B-09,false
C-111245,9770011245,2024-05-19,B-04,true
C-111246,9770011246,2023-12-21,B-01,false
C-111247,9770011247,2024-01-04,B-17,false
C-111248,9770011248,2020-10-25,B-09,false
C-111249,9770011249,2021-04-19,B-09,true
C-111250,9770011250,2020-11-06,B-17,true
C-111251,9770011251,2026-01-17,B-09,true
C-111252,9770011252,2024-02-28,B-17,true
C-111253,9770011253,2024-12-09,B-09,false
C-111254,9770011254,2024-03-24,B-09,false
C-111255,9770011255,2023-01-27,B-08,false
C-111256,9770011256,2021-11-08,B-08,true
C-111257,9770011257,2024-04-20,B-01,true
C-111258,9770011258,2025-10-29,B-02,true
C-111259,9770011259,2020-09-14,B-09,false
C-111260,9770011260,2023-09-05,B-01,false
C-111261,9770011261,2023-09-14,B-04,false
C-111262,9770011262,2021-07-10,B-01,false
C-111263,9770011263,2023-07-16,B-02,false
C-111264,9770011264,2020-08-11,B-08,false
C-111265,9770011265,2025-11-10,B-09,false
C-111266,9770011266,2024-01-25,B-04,true
C-111267,9770011267,2022-02-17,B-08,true
C-111268,9770011268,2020-07-09,B-01,false
C-111269,9770011269,2025-01-10,B-02,false
C-111270,9770011270,2020-07-29,B-02,false
C-111271,9770011271,2024-11-10,B-17,false
C-111272,9770011272,2024-08-02,B-09,true
C-111273,9770011273,2025-11-10,B-04,false
C-111274,9770011274,2024-07-05,B-01,true
C-111275,9770011275,2024-10-06,B-04,true
C-111276,9770011276,2023-10-28,B-09,false
C-111277,9770011277,2024-05-17,B-08,true
C-111278,9770011278,2021-07-11,B-02,false
C-111279,9770011279,2026-01-05,B-09,true
C-111280,9770011280,2021-06-10,B-04,false
C-111281,9770011281,2024-05-13,B-02,false
C-111282,9770011282,2024-10-28,B-08,true
C-111283,9770011283,2020-09-26,B-02,false
C-111284,9770011284,2022-10-03,B-17,false
C-111285,9770011285,2023-06-25,B-01,true
C-111286,9770011286,2023-11-15,B-04,true
C-111287,9770011287,2023-09-28,B-09,true
C-111288,9770011288,2024-06-30,B-08,false
C-111289,9770011289,2023-08-14,B-08,true
C-111290,9770011290,2022-07-24,B-01,true
C-111291,9770011291,2024-04-20,B-09,false
C-111292,9770011292,2022-05-26,B-08,true
C-111293,9770011293,2020-01-15,B-01,true
C-111294,9770011294,2025-06-21,B-04,true
C-111295,9770011295,2022-10-09,B-17,false
C-111296,9770011296,2022-11-29,B-17,true
C-111297,9770011297,2020-06-16,B-08,true
C-111298,9770011298,2025-07-25,B-09,false
C-111299,9770011299,2026-01-03,B-08,false
C-111300,9770011300,2025-05-17,B-02,false
C-111301,9770011301,2020-01-11,B-17,false
C-111302,9770011302,2024-07-31,B-17,true
C-111303,9770011303,2025-02-08,B-09,true
C-111304,9770011304,2026-03-01,B-02,false
C-111305,9770011305,2021-01-27,B-17,false
C-111306,9770011306,2024-06-12,B-08,false
C-111307,9770011307,2021-07-05,B-08,true
C-111308,9770011308,2020-04-01,B-04,false
C-111309,9770011309,2020-10-21,B-17,true
C-111310,9770011310,2025-02-10,B-17,false
C-111311,9770011311,2021-03-10,B-17,false
C-111312,9770011312,2022-02-06,B-01,true
C-111313,9770011313,2023-04-06,B-17,true
C-111314,9770011314,2023-01-30,B-01,false
C-111315,9770011315,2021-12-28,B-17,true
C-111316,9770011316,2023-01-07,B-04,false
C-111317,9770011317,2022-09-05,B-17,true
C-111318,9770011318,2025-08-22,B-01,false
C-111319,9770011319,2026-01-14,B-01,true
C-111320,9770011320,2025-07-13,B-04,true
C-111321,9770011321,2022-04-20,B-04,false
C-111322,9770011322,2022-12-29,B-17,false
C-111323,9770011323,2021-05-16,B-17,false
C-111324,9770011324,2021-01-15,B-04,true
C-111325,9770011325,2025-05-06,B-17,false
C-111326,9770011326,2025-05-05,B-09,false
C-111327,9770011327,2021-08-15,B-08,true
C-111328,9770011328,2024-03-31,B-01,true
C-111329,9770011329,2025-07-08,B-01,false
C-111330,9770011330,2021-12-28,B-01,true
C-111331,9770011331,2022-02-21,B-04,false
C-111332,9770011332,2021-03-19,B-02,false
C-111333,9770011333,2025-03-01,B-04,true
C-111334,9770011334,2021-02-20,B-01,true
C-111335,9770011335,2026-03-15,B-02,true
C-111336,9770011336,2025-04-05,B-17,false
C-111337,9770011337,2025-05-10,B-02,false
C-111338,9770011338,2022-01-02,B-02,true
C-111339,9770011339,2021-01-09,B-17,false
C-111340,9770011340,2022-06-18,B-01,true
C-111341,9770011341,2020-10-12,B-01,false
C-111342,9770011342,2023-01-28,B-04,false
C-111343,9770011343,2022-06-28,B-01,true
C-111344,9770011344,2025-04-26,B-17,true
C-111345,9770011345,2019-11-21,B-01,false
C-111346,9770011346,2020-07-08,B-09,true
C-111347,9770011347,2019-06-09,B-17,false
C-111348,9770011348,2024-08-28,B-02,false
C-111349,9770011349,2021-11-15,B-08,true
C-111350,9770011350,2025-09-16,B-01,false
C-111351,9770011351,2021-09-19,B-02,false
C-111352,9770011352,2023-09-28,B-04,false
C-111353,9770011353,2019-10-09,B-04,false
C-111354,9770011354,2024-02-20,B-17,false
C-111355,9770011355,2024-05-03,B-01,true
C-111356,9770011356,2019-06-23,B-17,false
C-111357,9770011357,2023-08-13,B-01,false
C-111358,9770011358,2024-07-09,B-02,false
C-111359,9770011359,2023-08-11,B-01,false
C-111360,9770011360,2023-10-14,B-01,false
C-111361,9770011361,2019-09-23,B-04,false
C-111362,9770011362,2021-06-27,B-08,false
C-111363,9770011363,2020-10-29,B-04,true
C-111364,9770011364,2024-03-13,B-04,true
C-111365,9770011365,2021-01-29,B-02,false
C-111366,9770011366,2019-10-27,B-04,true
C-111367,9770011367,2023-04-27,B-08,false
C-111368,9770011368,2019-12-03,B-02,false
C-111369,9770011369,2026-01-05,B-08,true
C-111370,9770011370,2020-06-06,B-09,true
C-111371,9770011371,2025-10-07,B-08,false
C-111372,9770011372,2020-07-14,B-02,false
C-111373,9770011373,2022-12-19,B-08,false
C-111374,9770011374,2025-12-29,B-04,true
C-111375,9770011375,2026-02-19,B-17,false
C-111376,9770011376,2024-05-29,B-01,false
C-111377,9770011377,2023-08-24,B-02,false
C-111378,9770011378,2020-09-10,B-08,false
C-111379,9770011379,2025-07-23,B-02,false
C-111380,9770011380,2024-07-10,B-01,false
C-111381,9770011381,2026-02-28,B-01,true
C-111382,9770011382,2023-07-12,B-04,true
C-111383,9770011383,2022-05-27,B-17,false
C-111384,9770011384,2023-09-23,B-01,false
C-111385,9770011385,2024-02-11,B-09,false
C-111386,9770011386,2020-09-10,B-01,true
C-111387,9770011387,2021-09-18,B-09,false
C-111388,9770011388,2022-11-13,B-09,false
C-111389,9770011389,2025-07-09,B-17,false
C-111390,9770011390,2023-07-23,B-08,false
C-111391,9770011391,2026-03-08,B-09,false
C-111392,9770011392,2022-08-04,B-09,false
C-111393,9770011393,2024-05-02,B-08,true
C-111394,9770011394,2020-04-09,B-02,false
C-111395,9770011395,2021-11-10,B-17,false
C-111396,9770011396,2023-07-23,B-02,true
C-111397,9770011397,2020-02-19,B-17,false
C-111398,9770011398,2020-11-12,B-01,false
C-111399,9770011399,2021-02-20,B-17,false
C-111400,9770011400,2022-06-22,B-04,false
C-111401,9770011401,2024-03-16,B-09,false
C-111402,9770011402,2025-04-19,B-04,false
C-111403,9770011403,2024-02-04,B-02,true
C-111404,9770011404,2020-12-07,B-08,true
C-111405,9770011405,2025-11-01,B-02,false
C-111406,9770011406,2025-09-04,B-01,true
C-111407,9770011407,2022-04-03,B-09,false
C-111408,9770011408,2022-04-07,B-08,false
C-111409,9770011409,2019-12-02,B-09,false
C-111410,9770011410,2024-09-02,B-09,false
C-111411,9770011411,2020-10-30,B-04,true
C-111412,9770011412,2019-09-01,B-08,true
C-111413,9770011413,2021-12-20,B-02,true
C-111414,9770011414,2023-05-02,B-08,false
C-111415,9770011415,2024-05-03,B-17,true
C-111416,9770011416,2022-05-25,B-17,true
C-111417,9770011417,2021-01-21,B-08,false
C-111418,9770011418,2021-09-05,B-04,true
C-111419,9770011419,2024-08-01,B-01,true
C-111420,9770011420,2020-09-05,B-09,false
C-111421,9770011421,2025-08-01,B-04,false
C-111422,9770011422,2024-07-27,B-04,true
C-111423,9770011423,2024-12-06,B-04,true
C-111424,9770011424,2022-02-06,B-09,false
C-111425,9770011425,2019-12-17,B-01,false
C-111426,9770011426,2021-04-12,B-17,false
C-111427,9770011427,2020-07-01,B-17,true
C-111428,9770011428,2023-02-07,B-17,false
C-111429,9770011429,2020-01-29,B-17,false
C-111430,9770011430,2023-03-31,B-04,false
C-111431,9770011431,2024-04-23,B-04,true
C-111432,9770011432,2024-09-02,B-02,true
C-111433,9770011433,2023-11-12,B-02,false
C-111434,9770011434,2025-04-12,B-02,true
C-111435,9770011435,2019-10-03,B-09,false
C-111436,9770011436,2020-10-23,B-09,true
C-111437,9770011437,2024-06-23,B-02,false
C-111438,9770011438,2019-08-13,B-02,true
C-111439,9770011439,2025-08-15,B-17,true
C-111440,9770011440,2024-12-21,B-17,true
C-111441,9770011441,2023-09-11,B-08,true
C-111442,9770011442,2024-12-19,B-02,false
C-111443,9770011443,2020-07-05,B-04,false
C-111444,9770011444,2019-08-09,B-02,false
C-111445,9770011445,2019-06-16,B-02,true
C-111446,9770011446,2025-10-30,B-01,false
C-111447,9770011447,2020-12-11,B-17,false
C-111448,9770011448,2025-11-10,B-04,false
C-111449,9770011449,2023-05-02,B-17,false
C-111450,9770011450,2019-09-18,B-04,true
C-111451,9770011451,2021-01-08,B-04,false
C-111452,9770011452,2024-10-08,B-17,false
C-111453,9770011453,2025-11-28,B-09,false
C-111454,9770011454,2025-08-16,B-04,false
C-111455,9770011455,2024-03-29,B-04,true
C-111456,9770011456,2025-01-06,B-17,true
C-111457,9770011457,2023-12-31,B-09,true
C-111458,9770011458,2021-11-28,B-04,false
C-111459,9770011459,2024-08-13,B-04,false
C-111460,9770011460,2020-06-15,B-02,true
C-111461,9770011461,2022-10-12,B-09,false
C-111462,9770011462,2019-09-18,B-08,true
C-111463,9770011463,2024-03-20,B-01,true
C-111464,9770011464,2023-01-17,B-04,false
C-111465,9770011465,2025-07-21,B-17,false
C-111466,9770011466,2021-08-21,B-02,true
C-111467,9770011467,2021-05-04,B-01,true
C-111468,9770011468,2026-03-07,B-01,true
C-111469,9770011469,2022-06-27,B-09,false
C-111470,9770011470,2023-08-29,B-04,false
C-111471,9770011471,2024-12-01,B-09,false
C-111472,9770011472,2021-06-07,B-17,false
C-111473,9770011473,2019-06-16,B-08,false
C-111474,9770011474,2021-05-23,B-09,true
C-111475,9770011475,2025-01-01,B-02,true
C-111476,9770011476,2023-12-07,B-09,false
C-111477,9770011477,2024-07-08,B-08,true
C-111478,9770011478,2019-11-17,B-01,true
C-111479,9770011479,2022-08-06,B-01,false
C-111480,9770011480,2024-07-12,B-01,false
C-111481,9770011481,2022-04-02,B-02,true
C-111482,9770011482,2021-03-18,B-08,true
C-111483,9770011483,2023-07-05,B-04,true
C-111484,9770011484,2026-01-27,B-08,true
C-111485,9770011485,2025-05-07,B-17,false
C-111486,9770011486,2022-05-30,B-01,true
C-111487,9770011487,2020-12-25,B-02,true
C-111488,9770011488,2022-07-21,B-04,false
C-111489,9770011489,2023-10-24,B-08,false
C-111490,9770011490,2024-02-27,B-01,true
C-111491,9770011491,2020-05-24,B-17,true
C-111492,9770011492,2025-02-16,B-01,false
C-111493,9770011493,2021-02-24,B-09,false
C-111494,9770011494,2024-12-23,B-02,false
C-111495,9770011495,2022-09-14,B-02,false
C-111496,9770011496,2024-06-16,B-09,true
C-111497,9770011497,2020-03-08,B-01,false
C-111498,9770011498,2023-09-08,B-17,false
C-111499,9770011499,2024-03-07,B-17,false
C-111500,9770011500,2023-04-01,B-04,true
C-111501,9770011501,2019-10-12,B-04,true
C-111502,9770011502,2022-06-18,B-04,false
C-111503,9770011503,2024-04-20,B-01,true
C-111504,9770011504,2022-04-02,B-04,true
C-111505,9770011505,2023-01-10,B-08,false
C-111506,9770011506,2022-06-14,B-17,true
C-111507,9770011507,2020-12-20,B-04,false
C-111508,9770011508,2022-11-02,B-09,false
C-111509,9770011509,2022-04-24,B-04,false
C-111510,9770011510,2019-12-02,B-01,true
C-111511,9770011511,2022-10-20,B-02,false
C-111512,9770011512,2024-07-24,B-09,false
C-111513,9770011513,2020-11-24,B-01,false
C-111514,9770011514,2019-12-27,B-09,false
C-111515,9770011515,2025-06-07,B-01,false
C-111516,9770011516,2020-07-06,B-04,false
C-111517,9770011517,2019-08-19,B-01,false
C-111518,9770011518,2019-07-17,B-04,true
C-111519,9770011519,2024-05-15,B-02,true
C-111520,9770011520,2022-01-20,B-09,false
C-111521,9770011521,2025-09-22,B-04,true
C-111522,9770011522,2023-08-23,B-04,false
C-111523,9770011523,2023-10-12,B-17,false
C-111524,9770011524,2023-10-16,B-01,false
C-111525,9770011525,2023-08-10,B-09,false
C-111526,9770011526,2019-09-12,B-04,false
C-111527,9770011527,2021-09-25,B-02,false
C-111528,9770011528,2021-09-24,B-02,false
C-111529,9770011529,2020-02-09,B-01,false
C-111530,9770011530,2020-04-16,B-02,true
C-111531,9770011531,2021-03-13,B-01,false
C-111532,9770011532,2023-02-27,B-17,false
C-111533,9770011533,2022-11-18,B-17,false
C-111534,9770011534,2024-02-22,B-02,false
C-111535,9770011535,2023-09-29,B-01,true
C-111536,9770011536,2023-06-28,B-08,false
C-111537,9770011537,2025-06-17,B-09,true
C-111538,9770011538,2023-03-06,B-17,false
C-111539,9770011539,2024-02-11,B-01,false
C-111540,9770011540,2025-09-26,B-17,false
C-111541,9770011541,2021-08-24,B-17,true
C-111542,9770011542,2023-02-28,B-17,false
C-111543,9770011543,2019-07-26,B-09,false
C-111544,9770011544,2019-06-27,B-01,false
C-111545,9770011545,2021-09-30,B-02,false
C-111546,9770011546,2020-11-30,B-04,false
C-111547,9770011547,2023-09-04,B-01,false
C-111548,9770011548,2025-08-14,B-04,false
C-111549,9770011549,2023-04-12,B-01,false
C-111550,9770011550,2022-12-17,B-09,false
C-111551,9770011551,2021-10-09,B-09,true
C-111552,9770011552,2021-06-13,B-01,true
C-111553,9770011553,2020-03-22,B-09,false
C-111554,9770011554,2025-07-31,B-08,true
C-111555,9770011555,2022-06-18,B-17,false
C-111556,9770011556,2026-01-16,B-08,false
C-111557,9770011557,2022-09-12,B-08,false
C-111558,9770011558,2020-05-28,B-02,false
C-111559,9770011559,2023-06-19,B-01,false
C-111560,9770011560,2021-08-28,B-08,false
C-111561,9770011561,2021-08-23,B-09,true
C-111562,9770011562,2022-05-21,B-04,false
C-111563,9770011563,2023-08-08,B-04,false
C-111564,9770011564,2023-10-28,B-08,false
C-111565,9770011565,2020-12-30,B-17,false
C-111566,9770011566,2022-05-25,B-02,false
C-111567,9770011567,2024-02-29,B-08,false
C-111568,9770011568,2021-08-10,B-08,false
C-111569,9770011569,2023-06-25,B-01,false
C-111570,9770011570,2022-03-27,B-09,true
C-111571,9770011571,2020-06-27,B-08,false
C-111572,9770011572,2021-09-19,B-02,false
C-111573,9770011573,2026-01-12,B-02,false
C-111574,9770011574,2022-10-30,B-17,true
C-111575,9770011575,2020-03-23,B-04,false
C-111576,9770011576,2022-01-28,B-01,false
C-111577,9770011577,2020-01-29,B-01,true
C-111578,9770011578,2020-01-28,B-08,false
C-111579,9770011579,2025-06-16,B-02,false
C-111580,9770011580,2024-12-17,B-17,true
C-111581,9770011581,2024-10-02,B-08,false
C-111582,9770011582,2020-10-16,B-04,false
C-111583,9770011583,2023-10-13,B-04,true
C-111584,9770011584,2019-10-21,B-01,false
C-111585,9770011585,2025-05-09,B-04,false
C-111586,9770011586,2024-09-24,B-08,true
C-111587,9770011587,2022-11-08,B-17,false
C-111588,9770011588,2021-05-19,B-02,true
C-111589,9770011589,2024-04-01,B-01,true
C-111590,9770011590,2022-02-28,B-01,false
C-111591,9770011591,2022-12-10,B-08,false
C-111592,9770011592,2023-05-02,B-01,false
C-111593,9770011593,2019-10-15,B-09,false
C-111594,9770011594,2021-01-23,B-01,true
C-111595,9770011595,2021-09-21,B-02,false
C-111596,9770011596,2023-05-24,B-01,true
C-111597,9770011597,2020-08-22,B-04,false
C-111598,9770011598,2021-03-28,B-09,false
C-111599,9770011599,2026-03-14,B-01,false
C-111600,9770011600,2025-07-02,B-02,false
C-111601,9770011601,2021-04-22,B-04,true
C-111602,9770011602,2023-11-04,B-01,false
C-111603,9770011603,2025-11-10,B-01,true
C-111604,9770011604,2023-08-02,B-08,false
C-111605,9770011605,2023-11-27,B-02,false
C-111606,9770011606,2023-12-30,B-01,false
C-111607,9770011607,2024-09-24,B-02,true
C-111608,9770011608,2019-08-12,B-04,true
C-111609,9770011609,2023-04-14,B-08,false
C-111610,9770011610,2024-07-06,B-17,false
C-111611,9770011611,2021-04-20,B-02,true
C-111612,9770011612,2019-12-08,B-04,false
C-111613,9770011613,2025-02-21,B-02,false
C-111614,9770011614,2020-11-18,B-08,false
C-111615,9770011615,2020-02-10,B-09,true
C-111616,9770011616,2021-08-17,B-09,false
C-111617,9770011617,2025-12-17,B-09,false
C-111618,9770011618,2025-04-07,B-08,false
C-111619,9770011619,2019-11-28,B-08,true
C-111620,9770011620,2024-09-04,B-04,false
C-111621,9770011621,2024-02-22,B-01,true
C-111622,9770011622,2025-07-22,B-09,false
C-111623,9770011623,2025-04-02,B-09,true
C-111624,9770011624,2025-10-04,B-02,false
C-111625,9770011625,2023-09-12,B-09,false
C-111626,9770011626,2024-09-13,B-17,true
C-111627,9770011627,2024-01-17,B-09,false
C-111628,9770011628,2022-08-25,B-02,true
C-111629,9770011629,2022-04-29,B-04,true
C-111630,9770011630,2020-05-09,B-17,true
C-111631,9770011631,2023-01-08,B-02,false
C-111632,9770011632,2020-04-04,B-09,true
C-111633,9770011633,2024-12-04,B-04,false
C-111634,9770011634,2021-07-30,B-08,true
C-111635,9770011635,2020-07-06,B-02,true
C-111636,9770011636,2022-12-27,B-01,false
C-111637,9770011637,2025-11-11,B-01,true
C-111638,9770011638,2024-03-17,B-04,true
C-111639,9770011639,2022-12-31,B-04,true
C-111640,9770011640,2025-06-25,B-02,true
C-111641,9770011641,2024-11-24,B-08,false
C-111642,9770011642,2021-01-12,B-08,false
C-111643,9770011643,2019-09-17,B-04,true
C-111644,9770011644,2024-05-09,B-02,true
C-111645,9770011645,2024-05-04,B-01,false
C-111646,9770011646,2024-07-26,B-17,false
C-111647,9770011647,2022-09-11,B-01,true
C-111648,9770011648,2022-03-15,B-17,false
C-111649,9770011649,2023-08-18,B-08,false
C-111650,9770011650,2021-09-12,B-08,false
C-111651,9770011651,2023-03-13,B-02,false
C-111652,9770011652,2025-09-25,B-04,true
C-111653,9770011653,2025-06-12,B-01,false
C-111654,9770011654,2021-06-23,B-08,true
C-111655,9770011655,2024-10-15,B-17,false
C-111656,9770011656,2024-07-27,B-04,false
C-111657,9770011657,2023-08-16,B-01,true
C-111658,9770011658,2025-09-17,B-04,false
C-111659,9770011659,2024-03-10,B-01,false
C-111660,9770011660,2021-05-22,B-09,false
C-111661,9770011661,2022-06-28,B-08,false
C-111662,9770011662,2020-10-31,B-08,false
C-111663,9770011663,2026-01-28,B-17,true
C-111664,9770011664,2025-01-12,B-09,false
C-111665,9770011665,2024-06-29,B-17,false
C-111666,9770011666,2022-04-07,B-08,false
C-111667,9770011667,2023-03-11,B-09,false
C-111668,9770011668,2023-07-28,B-01,false
C-111669,9770011669,2025-03-22,B-08,false
C-111670,9770011670,2019-07-03,B-02,true
C-111671,9770011671,2025-07-08,B-01,false
C-111672,9770011672,2024-01-05,B-02,true
C-111673,9770011673,2020-01-07,B-09,false
C-111674,9770011674,2026-02-06,B-08,true
C-111675,9770011675,2021-08-14,B-08,true
C-111676,9770011676,2019-10-21,B-17,false
C-111677,9770011677,2021-11-19,B-02,true
C-111678,9770011678,2023-03-23,B-17,true
C-111679,9770011679,2023-11-25,B-04,true
C-111680,9770011680,2023-08-17,B-17,true
C-111681,9770011681,2022-08-01,B-09,true
C-111682,9770011682,2025-10-03,B-08,false
C-111683,9770011683,2020-02-10,B-01,true
C-111684,9770011684,2025-04-17,B-02,false
C-111685,9770011685,2025-10-14,B-17,true
C-111686,9770011686,2021-03-03,B-01,true
C-111687,9770011687,2020-05-08,B-08,true
C-111688,9770011688,2026-01-24,B-02,false
C-111689,9770011689,2025-02-21,B-04,false
C-111690,9770011690,2020-01-05,B-09,false
C-111691,9770011691,2022-11-06,B-01,true
C-111692,9770011692,2020-10-17,B-01,true
C-111693,9770011693,2023-09-09,B-04,true
C-111694,9770011694,2021-05-24,B-04,false
C-111695,9770011695,2024-07-12,B-08,true
C-111696,9770011696,2022-07-31,B-04,true
C-111697,9770011697,2024-03-16,B-09,true
C-111698,9770011698,2020-08-23,B-04,false
C-111699,9770011699,2023-11-09,B-09,false
C-111700,9770011700,2021-05-31,B-01,false
C-111701,9770011701,2022-09-10,B-17,false
C-111702,9770011702,2023-08-08,B-08,true
C-111703,9770011703,2021-07-24,B-09,false
C-111704,9770011704,2024-05-20,B-02,false
C-111705,9770011705,2025-03-06,B-01,false
C-111706,9770011706,2022-10-24,B-01,false
C-111707,9770011707,2021-04-06,B-09,false
C-111708,9770011708,2023-09-16,B-17,true
C-111709,9770011709,2023-11-24,B-08,false
C-111710,9770011710,2021-06-13,B-02,false
C-111711,9770011711,2024-02-06,B-04,true
C-111712,9770011712,2023-11-09,B-09,false
C-111713,9770011713,2023-04-29,B-09,false
C-111714,9770011714,2023-12-21,B-17,false
C-111715,9770011715,2023-11-07,B-01,false
C-111716,9770011716,2025-08-29,B-08,true
C-111717,9770011717,2025-02-15,B-04,false
C-111718,9770011718,2020-02-28,B-09,true
C-111719,9770011719,2024-03-28,B-04,true
C-111720,9770011720,2026-01-26,B-08,false
C-111721,9770011721,2020-11-02,B-09,false
C-111722,9770011722,2024-06-20,B-09,true
C-111723,9770011723,2021-02-24,B-09,true
C-111724,9770011724,2023-08-13,B-17,false
C-111725,9770011725,2022-03-28,B-17,true
C-111726,9770011726,2025-08-29,B-09,true
C-111727,9770011727,2020-12-02,B-04,true
C-111728,9770011728,2020-12-09,B-08,false
C-111729,9770011729,2022-05-13,B-08,true
C-111730,9770011730,2020-01-21,B-01,true
C-111731,9770011731,2022-11-11,B-04,true
C-111732,9770011732,2023-03-31,B-08,true
C-111733,9770011733,2020-05-08,B-09,false
C-111734,9770011734,2021-04-26,B-08,false
C-111735,9770011735,2020-05-13,B-08,false
C-111736,9770011736,2021-09-19,B-04,true
C-111737,9770011737,2022-08-03,B-02,false
C-111738,9770011738,2022-09-04,B-17,true
C-111739,9770011739,2020-04-01,B-04,true
C-111740,9770011740,2022-12-05,B-02,false
C-111741,9770011741,2021-04-23,B-04,false
C-111742,9770011742,2025-01-13,B-09,true
C-111743,9770011743,2020-03-21,B-17,false
C-111744,9770011744,2026-02-06,B-17,false
C-111745,9770011745,2019-10-09,B-09,false
C-111746,9770011746,2024-10-18,B-01,true
C-111747,9770011747,2021-03-07,B-02,false
C-111748,9770011748,2022-03-20,B-08,false
C-111749,9770011749,2024-12-26,B-08,false
C-111750,9770011750,2025-09-10,B-02,false
C-111751,9770011751,2025-12-17,B-02,false
C-111752,9770011752,2019-06-18,B-08,true
C-111753,9770011753,2023-03-27,B-02,true
C-111754,9770011754,2025-03-29,B-02,true
C-111755,9770011755,2023-04-03,B-02,true
C-111756,9770011756,2020-06-15,B-09,true
C-111757,9770011757,2023-12-02,B-17,true
C-111758,9770011758,2023-04-29,B-02,true
C-111759,9770011759,2025-07-25,B-01,false
C-111760,9770011760,2019-09-20,B-01,false
C-111761,9770011761,2021-09-22,B-01,false
C-111762,9770011762,2025-11-21,B-01,false
C-111763,9770011763,2024-02-13,B-02,true
C-111764,9770011764,2021-08-23,B-01,true
C-111765,9770011765,2020-03-08,B-08,true
C-111766,9770011766,2022-06-12,B-08,false
C-111767,9770011767,2020-06-07,B-08,false
C-111768,9770011768,2022-11-22,B-17,false
C-111769,9770011769,2021-05-08,B-02,true
C-111770,9770011770,2023-05-30,B-01,true
C-111771,9770011771,2022-01-05,B-17,true
C-111772,9770011772,2024-12-20,B-09,true
C-111773,9770011773,2025-12-10,B-08,true
C-111774,9770011774,2020-10-30,B-09,false
C-111775,9770011775,2020-06-24,B-02,true
C-111776,9770011776,2023-07-24,B-09,true
C-111777,9770011777,2023-01-31,B-01,false
C-111778,9770011778,2021-11-27,B-02,true
C-111779,9770011779,2020-06-12,B-02,true
C-111780,9770011780,2020-04-08,B-17,true
C-111781,9770011781,2021-10-23,B-02,false
C-111782,9770011782,2025-10-17,B-02,true
C-111783,9770011783,2022-06-18,B-17,true
C-111784,9770011784,2025-07-16,B-08,false
C-111785,9770011785,2023-02-25,B-09,false
C-111786,9770011786,2020-07-06,B-17,true
C-111787,9770011787,2024-06-24,B-01,false
C-111788,9770011788,2019-11-20,B-17,false
C-111789,9770011789,2024-04-29,B-04,false
C-111790,9770011790,2024-07-15,B-09,true
C-111791,9770011791,2024-03-14,B-08,false
C-111792,9770011792,2023-06-13,B-04,false
C-111793,9770011793,2025-04-19,B-17,true
C-111794,9770011794,2025-09-08,B-08,false
C-111795,9770011795,2020-12-02,B-04,false
C-111796,9770011796,2023-01-07,B-17,true
C-111797,9770011797,2021-02-01,B-01,false
C-111798,9770011798,2020-05-20,B-02,true
C-111799,9770011799,2024-09-23,B-09,false
C-111800,9770011800,2023-01-03,B-08,false
C-111801,9770011801,2020-10-15,B-09,false
C-111802,9770011802,2023-01-03,B-02,true
C-111803,9770011803,2020-02-06,B-04,false
C-111804,9770011804,2022-05-07,B-08,true
C-111805,9770011805,2025-06-16,B-04,false
C-111806,9770011806,2023-06-27,B-09,true
C-111807,9770011807,2024-08-21,B-01,false
C-111808,9770011808,2023-09-19,B-04,false
C-111809,9770011809,2020-01-06,B-01,true
C-111810,9770011810,2023-04-20,B-01,true
C-111811,9770011811,2020-07-27,B-08,true
C-111812,9770011812,2025-01-19,B-04,true
C-111813,9770011813,2022-02-07,B-08,true
C-111814,9770011814,2023-01-14,B-04,true
C-111815,9770011815,2021-01-13,B-01,true
C-111816,9770011816,2023-09-22,B-04,false
C-111817,9770011817,2025-01-25,B-08,false
C-111818,9770011818,2023-07-17,B-02,false
C-111819,9770011819,2023-11-04,B-09,true
C-111820,9770011820,2021-04-01,B-09,true
C-111821,9770011821,2025-11-05,B-02,true
C-111822,9770011822,2019-07-12,B-08,true
C-111823,9770011823,2025-01-12,B-04,false
C-111824,9770011824,2021-06-29,B-09,false
C-111825,9770011825,2019-09-11,B-08,false
C-111826,9770011826,2022-12-07,B-17,false
C-111827,9770011827,2024-10-31,B-02,false
C-111828,9770011828,2025-05-08,B-02,false
C-111829,9770011829,2023-12-20,B-04,false
C-111830,9770011830,2023-08-05,B-09,true
C-111831,9770011831,2019-08-28,B-17,false
C-111832,9770011832,2021-04-06,B-02,false
C-111833,9770011833,2022-06-22,B-04,true
C-111834,9770011834,2020-09-20,B-08,true
C-111835,9770011835,2022-08-20,B-02,true
C-111836,9770011836,2025-02-22,B-08,true
C-111837,9770011837,2020-03-04,B-17,false
C-111838,9770011838,2020-03-03,B-17,true
C-111839,9770011839,2023-05-19,B-01,true
C-111840,9770011840,2020-03-22,B-08,true
C-111841,9770011841,2021-05-09,B-01,true
C-111842,9770011842,2023-12-19,B-04,false
C-111843,9770011843,2022-02-01,B-17,false
C-111844,9770011844,2022-10-17,B-09,false
C-111845,9770011845,2026-03-20,B-08,true
C-111846,9770011846,2026-03-21,B-04,true
C-111847,9770011847,2022-04-17,B-09,true
C-111848,9770011848,2023-01-11,B-08,true
C-111849,9770011849,2020-11-06,B-08,false
C-111850,9770011850,2022-01-06,B-08,false
C-111851,9770011851,2021-12-28,B-09,false
C-111852,9770011852,2021-05-27,B-01,false
C-111853,9770011853,2023-07-04,B-04,true
C-111854,9770011854,2023-10-31,B-09,true
C-111855,9770011855,2026-01-16,B-09,true
C-111856,9770011856,2023-10-12,B-04,false
C-111857,9770011857,2024-10-14,B-08,true
C-111858,9770011858,2025-07-10,B-02,true
C-111859,9770011859,2025-04-26,B-01,false
C-111860,9770011860,2019-08-27,B-17,true
C-111861,9770011861,2023-10-11,B-09,true
C-111862,9770011862,2019-07-04,B-02,false
C-111863,9770011863,2020-02-22,B-02,true
C-111864,9770011864,2022-01-04,B-01,false
C-111865,9770011865,2020-01-07,B-01,true
C-111866,9770011866,2020-08-24,B-01,true
C-111867,9770011867,2025-11-14,B-04,true
C-111868,9770011868,2022-01-28,B-09,true
C-111869,9770011869,2024-08-21,B-17,true
C-111870,9770011870,2025-01-27,B-09,true
C-111871,9770011871,2023-12-11,B-02,false
C-111872,9770011872,2025-10-30,B-04,true
C-111873,9770011873,2025-06-26,B-01,false
C-111874,9770011874,2021-08-13,B-02,false
C-111875,9770011875,2019-07-07,B-09,false
C-111876,9770011876,2025-06-28,B-01,false
C-111877,9770011877,2025-01-24,B-04,false
C-111878,9770011878,2025-01-07,B-17,false
C-111879,9770011879,2019-10-23,B-09,true
C-111880,9770011880,2021-09-15,B-01,false
C-111881,9770011881,2019-08-01,B-09,false
C-111882,9770011882,2020-06-05,B-08,false
C-111883,9770011883,2024-12-11,B-17,false
C-111884,9770011884,2025-03-24,B-02,true
C-111885,9770011885,2023-11-16,B-01,false
C-111886,9770011886,2020-04-24,B-09,true
C-111887,9770011887,2023-03-08,B-02,false
C-111888,9770011888,2025-06-22,B-09,false
C-111889,9770011889,2021-04-27,B-04,false
C-111890,9770011890,2024-08-06,B-04,true
C-111891,9770011891,2021-09-27,B-01,false
C-111892,9770011892,2020-04-01,B-04,false
C-111893,9770011893,2021-08-07,B-01,true
C-111894,9770011894,2025-06-10,B-17,true
C-111895,9770011895,2022-08-04,B-02,true
C-111896,9770011896,2022-06-12,B-09,false
C-111897,9770011897,2020-08-08,B-02,true
C-111898,9770011898,2020-01-31,B-17,false
C-111899,9770011899,2021-10-10,B-08,true
C-111900,9770011900,2023-01-22,B-08,false
C-111901,9770011901,2026-01-03,B-01,true
C-111902,9770011902,2021-09-24,B-08,false
C-111903,9770011903,2020-09-14,B-04,true
C-111904,9770011904,2021-01-19,B-02,false
C-111905,9770011905,2022-12-01,B-08,false
C-111906,9770011906,2023-11-11,B-04,true
C-111907,9770011907,2023-11-26,B-08,true
C-111908,9770011908,2022-08-05,B-01,false
C-111909,9770011909,2023-05-29,B-17,false
C-111910,9770011910,2023-12-24,B-01,true
C-111911,9770011911,2022-08-28,B-04,false
C-111912,9770011912,2024-03-27,B-17,true
C-111913,9770011913,2021-04-30,B-09,true
C-111914,9770011914,2022-07-04,B-02,true
C-111915,9770011915,2026-01-01,B-01,false
C-111916,9770011916,2022-12-22,B-04,false
C-111917,9770011917,2024-12-03,B-02,false
C-111918,9770011918,2022-12-25,B-01,false
C-111919,9770011919,2019-06-09,B-09,true
C-111920,9770011920,2021-09-02,B-17,false
C-111921,9770011921,2025-08-30,B-17,false
C-111922,9770011922,2021-04-04,B-09,false
C-111923,9770011923,2020-03-08,B-17,true
C-111924,9770011924,2021-06-03,B-04,true
C-111925,9770011925,2022-04-30,B-08,true
C-111926,9770011926,2023-11-18,B-17,false
C-111927,9770011927,2024-06-20,B-08,false
C-111928,9770011928,2020-04-03,B-04,false
C-111929,9770011929,2023-10-14,B-09,false
C-111930,9770011930,2019-10-01,B-01,false
C-111931,9770011931,2022-07-14,B-02,false
C-111932,9770011932,2020-07-28,B-09,false
C-111933,9770011933,2025-05-24,B-09,true
C-111934,9770011934,2024-05-18,B-02,false
C-111935,9770011935,2022-01-05,B-17,false
C-111936,9770011936,2026-01-14,B-08,true
C-111937,9770011937,2023-09-17,B-08,true
C-111938,9770011938,2021-01-17,B-09,true
C-111939,9770011939,2023-02-18,B-01,false
C-111940,9770011940,2023-01-01,B-08,true
C-111941,9770011941,2019-06-16,B-17,false
C-111942,9770011942,2022-10-20,B-01,false
C-111943,9770011943,2022-06-04,B-01,true
C-111944,9770011944,2021-08-20,B-01,false
C-111945,9770011945,2021-12-25,B-08,false
C-111946,9770011946,2025-08-02,B-09,false
C-111947,9770011947,2024-02-22,B-08,false
C-111948,9770011948,2022-04-04,B-01,false
C-111949,9770011949,2023-02-22,B-01,false
C-111950,9770011950,2025-12-31,B-09,true
C-111951,9770011951,2020-09-27,B-08,false
C-111952,9770011952,2021-08-03,B-02,true
C-111953,9770011953,2020-07-15,B-08,false
C-111954,9770011954,2025-02-04,B-02,false
C-111955,9770011955,2021-02-27,B-08,false
C-111956,9770011956,2020-07-24,B-02,false
C-111957,9770011957,2024-08-27,B-04,false
C-111958,9770011958,2024-09-02,B-01,false
C-111959,9770011959,2023-02-24,B-17,false
C-111960,9770011960,2020-01-11,B-02,true
C-111961,9770011961,2019-09-16,B-02,true
C-111962,9770011962,2023-10-08,B-17,false
C-111963,9770011963,2024-02-25,B-02,false
C-111964,9770011964,2026-02-17,B-04,false
C-111965,9770011965,2022-12-21,B-17,false
C-111966,9770011966,2022-10-28,B-01,false
C-111967,9770011967,2022-08-06,B-09,true
C-111968,9770011968,2023-10-14,B-08,false
C-111969,9770011969,2022-07-26,B-17,false
C-111970,9770011970,2019-06-10,B-04,true
C-111971,9770011971,2024-04-29,B-04,true
C-111972,9770011972,2024-09-15,B-08,false
C-111973,9770011973,2025-01-12,B-04,true
C-111974,9770011974,2023-07-17,B-01,true
C-111975,9770011975,2020-11-15,B-08,false
C-111976,9770011976,2025-12-30,B-17,false
C-111977,9770011977,2024-06-23,B-17,false
C-111978,9770011978,2026-01-31,B-04,true
C-111979,9770011979,2020-09-12,B-02,true
C-111980,9770011980,2022-12-16,B-09,false
C-111981,9770011981,2022-09-10,B-01,false
C-111982,9770011982,2024-07-24,B-04,false
C-111983,9770011983,2020-07-04,B-02,true
C-111984,9770011984,2020-04-29,B-08,false
C-111985,9770011985,2021-03-30,B-04,false
C-111986,9770011986,2023-08-09,B-09,true
C-111987,9770011987,2022-12-29,B-09,true
C-111988,9770011988,2025-10-23,B-17,false
C-111989,9770011989,2022-11-04,B-04,false
C-111990,9770011990,2021-01-08,B-17,false
C-111991,9770011991,2019-11-19,B-17,false
C-111992,9770011992,2025-05-11,B-04,true
C-111993,9770011993,2023-06-03,B-02,false
C-111994,9770011994,2020-02-07,B-02,true
C-111995,9770011995,2025-12-26,B-02,false
C-111996,9770011996,2026-02-23,B-08,false
C-111997,9770011997,2025-02-24,B-08,false
C-111998,9770011998,2021-08-29,B-17,false
C-111999,9770011999,2025-08-27,B-04,false
C-112000,9770012000,2024-03-31,B-02,false
C-112001,9770012001,2025-12-15,B-09,false
C-112002,9770012002,2022-04-12,B-09,false
C-112003,9770012003,2023-05-06,B-04,false
C-112004,9770012004,2021-10-07,B-08,false
C-112005,9770012005,2025-01-15,B-09,false
C-112006,9770012006,2024-02-01,B-08,false
C-112007,9770012007,2025-06-13,B-08,false
C-112008,9770012008,2021-06-04,B-08,true
C-112009,9770012009,2019-11-28,B-08,false
C-112010,9770012010,2022-10-04,B-01,false
C-112011,9770012011,2024-07-30,B-17,false
C-112012,9770012012,2025-09-21,B-17,false
C-112013,9770012013,2022-08-23,B-04,true
C-112014,9770012014,2022-08-27,B-02,false
C-112015,9770012015,2022-07-13,B-17,false
C-112016,9770012016,2024-07-17,B-04,false
C-112017,9770012017,2019-06-24,B-01,false
C-112018,9770012018,2022-08-19,B-17,false
C-112019,9770012019,2022-10-24,B-08,false
C-112020,9770012020,2019-08-23,B-04,false
C-112021,9770012021,2019-07-07,B-02,false
C-112022,9770012022,2026-03-12,B-02,false
C-112023,9770012023,2020-08-07,B-01,false
C-112024,9770012024,2021-10-01,B-17,false
C-112025,9770012025,2021-02-08,B-02,false
C-112026,9770012026,2020-11-04,B-04,false
C-112027,9770012027,2019-09-21,B-09,false
C-112028,9770012028,2024-09-01,B-01,true
C-112029,9770012029,2024-11-20,B-01,false
C-112030,9770012030,2022-07-03,B-09,false
C-112031,9770012031,2021-05-03,B-01,true
C-112032,9770012032,2020-04-26,B-02,false
C-112033,9770012033,2019-10-19,B-02,false
C-112034,9770012034,2023-06-19,B-01,true
C-112035,9770012035,2020-01-03,B-01,false
C-112036,9770012036,2020-03-26,B-04,true
C-112037,9770012037,2023-07-21,B-17,true
C-112038,9770012038,2021-01-07,B-09,false
C-112039,9770012039,2024-12-11,B-17,false
C-112040,9770012040,2021-11-19,B-01,true
C-112041,9770012041,2020-03-01,B-02,true
C-112042,9770012042,2020-05-03,B-04,true
C-112043,9770012043,2024-01-16,B-01,true
C-112044,9770012044,2025-10-09,B-01,false
C-112045,9770012045,2019-07-25,B-01,false
C-112046,9770012046,2023-01-07,B-08,true
C-112047,9770012047,2026-01-06,B-08,false
C-112048,9770012048,2020-01-13,B-04,false
C-112049,9770012049,2026-02-18,B-08,true
C-112050,9770012050,2024-09-04,B-08,false
C-112051,9770012051,2025-09-26,B-04,true
C-112052,9770012052,2022-12-31,B-09,false
C-112053,9770012053,2025-03-25,B-01,true
C-112054,9770012054,2023-07-29,B-02,false
C-112055,9770012055,2024-10-05,B-09,true
C-112056,9770012056,2025-02-08,B-01,true
C-112057,9770012057,2020-04-30,B-08,true
C-112058,9770012058,2025-05-16,B-04,true
C-112059,9770012059,2019-12-17,B-09,true
C-112060,9770012060,2026-03-02,B-01,false
C-112061,9770012061,2020-08-02,B-17,true
C-112062,9770012062,2022-06-07,B-09,true
C-112063,9770012063,2025-11-19,B-08,false
C-112064,9770012064,2024-12-01,B-01,true
C-112065,9770012065,2019-12-11,B-01,false
C-112066,9770012066,2023-11-25,B-04,true
C-112067,9770012067,2020-02-22,B-01,false
C-112068,9770012068,2023-08-10,B-02,true
C-112069,9770012069,2019-06-18,B-02,true
C-112070,9770012070,2022-02-04,B-02,true
C-112071,9770012071,2023-10-29,B-17,false
C-112072,9770012072,2020-06-25,B-02,false
C-112073,9770012073,2024-03-27,B-02,false
C-112074,9770012074,2025-04-20,B-02,false
C-112075,9770012075,2026-01-11,B-17,false
C-112076,9770012076,2022-06-13,B-01,false
C-112077,9770012077,2023-07-08,B-17,false
C-112078,9770012078,2021-07-24,B-17,false
C-112079,9770012079,2019-09-19,B-04,false
C-112080,9770012080,2023-06-02,B-01,true
C-112081,9770012081,2025-10-05,B-04,false
C-112082,9770012082,2025-07-23,B-17,true
C-112083,9770012083,2023-08-09,B-09,false
C-112084,9770012084,2020-01-08,B-04,true
C-112085,9770012085,2019-08-26,B-01,false
C-112086,9770012086,2020-03-02,B-02,false
C-112087,9770012087,2022-06-05,B-08,false
C-112088,9770012088,2022-03-24,B-04,false
C-112089,9770012089,2025-08-11,B-04,false
C-112090,9770012090,2020-12-06,B-08,true
C-112091,9770012091,2022-11-25,B-02,true
C-112092,9770012092,2019-07-05,B-02,false
C-112093,9770012093,2026-01-23,B-17,false
C-112094,9770012094,2026-02-10,B-17,true
C-112095,9770012095,2021-05-10,B-04,false
C-112096,9770012096,2022-11-09,B-09,true
C-112097,9770012097,2020-02-06,B-04,true
C-112098,9770012098,2023-08-09,B-04,false
C-112099,9770012099,2024-03-11,B-17,false
C-112100,9770012100,2024-07-28,B-09,false
C-112101,9770012101,2022-12-28,B-09,false
C-112102,9770012102,2021-11-29,B-01,false
C-112103,9770012103,2022-06-22,B-01,true
C-112104,9770012104,2023-11-02,B-09,true
C-112105,9770012105,2023-07-23,B-01,true
C-112106,9770012106,2020-08-12,B-17,false
C-112107,9770012107,2022-05-17,B-04,false
C-112108,9770012108,2021-04-24,B-08,false
C-112109,9770012109,2020-06-20,B-01,true
C-112110,9770012110,2020-12-30,B-09,true
C-112111,9770012111,2021-08-12,B-17,false
C-112112,9770012112,2024-08-30,B-17,false
C-112113,9770012113,2022-06-01,B-08,false
C-112114,9770012114,2023-03-06,B-08,false
C-112115,9770012115,2021-02-14,B-02,false
C-112116,9770012116,2020-04-20,B-02,true
C-112117,9770012117,2025-04-26,B-09,false
C-112118,9770012118,2024-03-28,B-02,false
C-112119,9770012119,2025-03-25,B-01,true
C-112120,9770012120,2022-12-01,B-09,true
C-112121,9770012121,2025-06-18,B-01,false
C-112122,9770012122,2023-07-16,B-04,true
C-112123,9770012123,2022-11-02,B-17,true
C-112124,9770012124,2020-02-18,B-01,false
C-112125,9770012125,2020-01-20,B-08,false
C-112126,9770012126,2025-11-21,B-02,false
C-112127,9770012127,2020-02-10,B-02,true
C-112128,9770012128,2020-07-11,B-09,false
C-112129,9770012129,2025-05-14,B-17,false
C-112130,9770012130,2020-04-20,B-09,false
C-112131,9770012131,2024-12-08,B-04,false
C-112132,9770012132,2024-05-16,B-02,true
C-112133,9770012133,2020-10-11,B-01,true
C-112134,9770012134,2020-03-21,B-01,false
C-112135,9770012135,2020-01-21,B-01,false
C-112136,9770012136,2026-03-23,B-08,true
C-112137,9770012137,2020-03-13,B-09,true
C-112138,9770012138,2024-09-11,B-02,false
C-112139,9770012139,2023-10-11,B-04,false
C-112140,9770012140,2025-03-04,B-01,false
C-112141,9770012141,2025-11-01,B-02,false
C-112142,9770012142,2024-03-21,B-09,false
C-112143,9770012143,2019-07-01,B-17,false
C-112144,9770012144,2025-08-23,B-09,false
C-112145,9770012145,2023-07-04,B-01,false
C-112146,9770012146,2025-07-10,B-02,true
C-112147,9770012147,2026-01-03,B-08,false
C-112148,9770012148,2023-09-25,B-09,true
C-112149,9770012149,2021-04-28,B-02,true
C-112150,9770012150,2024-08-25,B-04,true
C-112151,9770012151,2020-02-18,B-01,true
C-112152,9770012152,2021-12-31,B-09,false
C-112153,9770012153,2024-05-21,B-09,false
C-112154,9770012154,2023-05-08,B-02,false
C-112155,9770012155,2025-01-30,B-01,false
C-112156,9770012156,2020-02-23,B-04,true
C-112157,9770012157,2023-10-06,B-02,true
C-112158,9770012158,2022-05-01,B-04,false
C-112159,9770012159,2025-11-21,B-09,true
C-112160,9770012160,2020-01-28,B-01,true
C-112161,9770012161,2024-07-17,B-01,true
C-112162,9770012162,2024-07-27,B-02,true
C-112163,9770012163,2026-03-20,B-17,false
C-112164,9770012164,2021-03-09,B-01,true
C-112165,9770012165,2024-05-16,B-02,false
C-112166,9770012166,2023-02-17,B-08,false
C-112167,9770012167,2020-04-04,B-04,false
C-112168,9770012168,2022-02-10,B-04,false
C-112169,9770012169,2020-09-01,B-09,false
C-112170,9770012170,2023-04-27,B-02,true
C-112171,9770012171,2024-05-08,B-01,false
C-112172,9770012172,2024-09-18,B-04,false
C-112173,9770012173,2025-01-08,B-04,false
C-112174,9770012174,2023-05-01,B-17,false
C-112175,9770012175,2022-04-06,B-02,false
C-112176,9770012176,2020-11-01,B-01,true
C-112177,9770012177,2025-05-29,B-09,false
C-112178,9770012178,2022-03-02,B-01,false
C-112179,9770012179,2020-09-19,B-08,true
C-112180,9770012180,2025-04-10,B-04,true
C-112181,9770012181,2025-08-05,B-01,false
C-112182,9770012182,2022-10-31,B-17,true
C-112183,9770012183,2022-10-17,B-08,false
C-112184,9770012184,2025-11-01,B-04,true
C-112185,9770012185,2022-09-02,B-17,false
C-112186,9770012186,2023-11-20,B-17,false
C-112187,9770012187,2022-12-25,B-09,true
C-112188,9770012188,2022-01-15,B-02,true
C-112189,9770012189,2021-02-18,B-08,false
C-112190,9770012190,2024-02-21,B-04,false
C-112191,9770012191,2019-11-18,B-01,true
C-112192,9770012192,2021-04-19,B-04,false
C-112193,9770012193,2020-05-01,B-04,true
C-112194,9770012194,2025-03-16,B-01,false
C-112195,9770012195,2025-12-29,B-08,false
C-112196,9770012196,2024-02-25,B-04,true
C-112197,9770012197,2023-03-06,B-01,true
C-112198,9770012198,2023-03-30,B-04,false
C-112199,9770012199,2024-12-14,B-17,false
C-112200,9770012200,2024-05-13,B-01,false
C-112201,9770012201,2025-12-14,B-09,false
C-112202,9770012202,2023-04-17,B-09,true
C-112203,9770012203,2026-01-01,B-02,false
C-112204,9770012204,2022-03-21,B-08,true
C-112205,9770012205,2024-12-11,B-02,false
C-112206,9770012206,2025-08-30,B-09,false
C-112207,9770012207,2021-12-16,B-02,true
C-112208,9770012208,2020-03-26,B-04,true
C-112209,9770012209,2021-01-11,B-17,true
C-112210,9770012210,2020-05-05,B-02,false
C-112211,9770012211,2023-11-08,B-02,true
C-112212,9770012212,2024-09-01,B-09,false
C-112213,9770012213,2024-05-07,B-09,false
C-112214,9770012214,2019-07-08,B-09,false
C-112215,9770012215,2021-10-10,B-04,false
C-112216,9770012216,2021-12-30,B-01,true
C-112217,9770012217,2020-08-12,B-17,false
C-112218,9770012218,2024-10-17,B-08,true
C-112219,9770012219,2021-06-20,B-17,false
C-112220,9770012220,2021-05-05,B-17,true
C-112221,9770012221,2026-02-14,B-08,false
C-112222,9770012222,2023-05-15,B-01,true
C-112223,9770012223,2021-07-25,B-17,false
C-112224,9770012224,2023-04-04,B-08,true
C-112225,9770012225,2023-03-30,B-02,false
C-112226,9770012226,2023-03-20,B-08,false
C-112227,9770012227,2024-11-28,B-04,false
C-112228,9770012228,2020-03-09,B-01,false
C-112229,9770012229,2022-04-24,B-04,false
C-112230,9770012230,2021-08-22,B-02,false
C-112231,9770012231,2019-07-11,B-02,true
C-112232,9770012232,2019-10-05,B-09,false
C-112233,9770012233,2025-06-08,B-17,false
C-112234,9770012234,2021-09-20,B-04,true
C-112235,9770012235,2023-05-30,B-09,true
C-112236,9770012236,2024-06-13,B-17,true
C-112237,9770012237,2020-08-02,B-09,false
C-112238,9770012238,2022-11-23,B-17,false
C-112239,9770012239,2020-12-25,B-01,false
C-112240,9770012240,2019-08-16,B-17,true
C-112241,9770012241,2019-11-29,B-02,false
C-112242,9770012242,2024-02-28,B-04,false
C-112243,9770012243,2023-04-29,B-01,false
C-112244,9770012244,2022-10-04,B-02,false
C-112245,9770012245,2024-01-05,B-02,true
C-112246,9770012246,2022-06-03,B-04,false
C-112247,9770012247,2024-03-30,B-01,false
C-112248,9770012248,2024-08-12,B-09,true
C-112249,9770012249,2019-06-05,B-02,true
C-112250,9770012250,2021-08-18,B-09,true
C-112251,9770012251,2025-07-28,B-09,false
C-112252,9770012252,2021-10-23,B-09,false
C-112253,9770012253,2022-11-09,B-01,true
C-112254,9770012254,2023-05-02,B-01,false
C-112255,9770012255,2020-12-27,B-09,false
C-112256,9770012256,2023-07-04,B-09,true
C-112257,9770012257,2022-04-07,B-09,true
C-112258,9770012258,2024-12-16,B-09,false
C-112259,9770012259,2020-10-18,B-02,false
C-112260,9770012260,2021-06-25,B-04,false
C-112261,9770012261,2020-03-14,B-02,true
C-112262,9770012262,2021-09-27,B-04,false
C-112263,9770012263,2021-04-12,B-17,false
C-112264,9770012264,2022-04-03,B-08,true
C-112265,9770012265,2022-07-11,B-17,true
C-112266,9770012266,2019-07-10,B-02,true
C-112267,9770012267,2019-09-24,B-09,true
C-112268,9770012268,2024-10-28,B-04,false
C-112269,9770012269,2024-03-08,B-02,true
C-112270,9770012270,2024-11-01,B-09,true
C-112271,9770012271,2020-03-05,B-09,true
C-112272,9770012272,2022-05-26,B-02,true
C-112273,9770012273,2025-08-14,B-01,true
C-112274,9770012274,2025-04-02,B-08,false
C-112275,9770012275,2025-09-21,B-02,false
C-112276,9770012276,2023-12-31,B-08,false
C-112277,9770012277,2025-05-07,B-09,true
C-112278,9770012278,2023-05-02,B-01,true
C-112279,9770012279,2021-02-28,B-09,false
C-112280,9770012280,2024-07-20,B-08,false
C-112281,9770012281,2026-02-09,B-02,true
C-112282,9770012282,2020-08-13,B-04,false
C-112283,9770012283,2023-05-25,B-01,false
C-112284,9770012284,2022-12-03,B-17,false
C-112285,9770012285,2020-07-12,B-09,false
C-112286,9770012286,2026-02-27,B-17,false
C-112287,9770012287,2021-06-16,B-17,true
C-112288,9770012288,2026-02-18,B-01,true
C-112289,9770012289,2024-04-02,B-17,false
C-112290,9770012290,2020-08-07,B-01,true
C-112291,9770012291,2024-02-25,B-08,true
C-112292,9770012292,2024-04-16,B-17,false
C-112293,9770012293,2025-09-18,B-17,true
C-112294,9770012294,2025-12-14,B-17,true
C-112295,9770012295,2022-09-01,B-01,true
C-112296,9770012296,2025-11-15,B-17,false
C-112297,9770012297,2021-04-14,B-02,false
C-112298,9770012298,2024-08-26,B-01,false
C-112299,9770012299,2021-06-04,B-01,false
C-112300,9770012300,2024-07-24,B-01,false
C-112301,9770012301,2023-10-18,B-09,false
C-112302,9770012302,2021-11-13,B-01,false
C-112303,9770012303,2023-02-24,B-04,false
C-112304,9770012304,2025-07-25,B-08,true
C-112305,9770012305,2019-12-27,B-04,true
C-112306,9770012306,2021-01-05,B-02,false
C-112307,9770012307,2021-09-16,B-04,false
C-112308,9770012308,2024-01-27,B-02,false
C-112309,9770012309,2022-02-09,B-04,false
C-112310,9770012310,2023-05-24,B-08,false
C-112311,9770012311,2023-02-01,B-04,false
C-112312,9770012312,2023-05-22,B-08,false
C-112313,9770012313,2023-01-03,B-09,true
C-112314,9770012314,2019-10-28,B-01,true
C-112315,9770012315,2024-07-31,B-04,true
C-112316,9770012316,2023-08-01,B-04,false
C-112317,9770012317,2022-01-29,B-08,false
C-112318,9770012318,2024-12-24,B-02,false
C-112319,9770012319,2023-09-22,B-01,false
C-112320,9770012320,2025-05-05,B-02,true
C-112321,9770012321,2025-06-13,B-04,false
C-112322,9770012322,2025-12-11,B-09,false
C-112323,9770012323,2026-03-21,B-02,true
C-112324,9770012324,2022-04-30,B-02,true
C-112325,9770012325,2022-01-02,B-02,true
C-112326,9770012326,2023-06-13,B-01,true
C-112327,9770012327,2025-03-09,B-09,true
C-112328,9770012328,2020-12-01,B-04,true
C-112329,9770012329,2019-08-01,B-08,true
C-112330,9770012330,2021-04-14,B-08,false
C-112331,9770012331,2026-01-10,B-08,false
C-112332,9770012332,2022-09-14,B-01,false
C-112333,9770012333,2024-01-13,B-01,true
C-112334,9770012334,2020-12-01,B-09,false
C-112335,9770012335,2019-08-05,B-17,true
C-112336,9770012336,2022-02-05,B-01,true
C-112337,9770012337,2020-08-05,B-17,false
C-112338,9770012338,2020-03-03,B-17,true
C-112339,9770012339,2021-08-19,B-09,true
C-112340,9770012340,2020-11-15,B-02,false
C-112341,9770012341,2019-08-31,B-17,false
C-112342,9770012342,2019-12-08,B-01,false
C-112343,9770012343,2021-03-11,B-08,false
C-112344,9770012344,2021-08-04,B-01,true
C-112345,9770012345,2025-12-03,B-17,false
C-112346,9770012346,2025-03-08,B-01,false
C-112347,9770012347,2021-01-30,B-09,true
C-112348,9770012348,2023-09-06,B-01,true
C-112349,9770012349,2020-11-27,B-02,false
C-112350,9770012350,2025-04-22,B-08,false
C-112351,9770012351,2023-06-29,B-08,false
C-112352,9770012352,2020-09-24,B-17,true
C-112353,9770012353,2019-06-04,B-08,false
C-112354,9770012354,2023-06-10,B-17,false
C-112355,9770012355,2022-09-20,B-01,false
C-112356,9770012356,2024-09-11,B-02,true
C-112357,9770012357,2022-09-02,B-01,false
C-112358,9770012358,2021-11-13,B-04,false
C-112359,9770012359,2026-01-13,B-02,true
C-112360,9770012360,2020-01-09,B-04,false
C-112361,9770012361,2019-10-30,B-04,false
C-112362,9770012362,2022-01-19,B-08,false
C-112363,9770012363,2022-07-13,B-09,true
C-112364,9770012364,2025-03-02,B-02,true
C-112365,9770012365,2022-12-06,B-09,true
C-112366,9770012366,2024-01-19,B-04,false
C-112367,9770012367,2021-03-09,B-04,false
C-112368,9770012368,2024-04-05,B-02,false
C-112369,9770012369,2020-06-03,B-17,true
C-112370,9770012370,2025-03-03,B-01,false
C-112371,9770012371,2019-10-22,B-01,true
C-112372,9770012372,2021-08-15,B-01,false
C-112373,9770012373,2025-12-08,B-02,false
C-112374,9770012374,2025-01-24,B-02,true
C-112375,9770012375,2023-11-23,B-17,false
C-112376,9770012376,2026-03-13,B-17,true
C-112377,9770012377,2021-10-10,B-02,false
C-112378,9770012378,2026-03-17,B-09,false
C-112379,9770012379,2025-02-11,B-02,true
C-112380,9770012380,2024-11-28,B-04,false
C-112381,9770012381,2024-03-22,B-08,true
C-112382,9770012382,2022-09-26,B-02,false
C-112383,9770012383,2024-09-19,B-08,false
C-112384,9770012384,2019-11-16,B-09,false
C-112385,9770012385,2024-01-22,B-09,true
C-112386,9770012386,2024-02-02,B-01,true
C-112387,9770012387,2026-02-03,B-02,false
C-112388,9770012388,2022-12-24,B-01,true
C-112389,9770012389,2025-04-29,B-08,true
C-112390,9770012390,2019-11-24,B-01,true
C-112391,9770012391,2020-10-26,B-02,false
C-112392,9770012392,2022-11-28,B-17,true
C-112393,9770012393,2023-02-27,B-09,false
C-112394,9770012394,2021-10-26,B-08,true
C-112395,9770012395,2025-04-18,B-01,false
C-112396,9770012396,2023-12-29,B-09,true
C-112397,9770012397,2023-01-04,B-08,false
C-112398,9770012398,2019-11-15,B-02,true
C-112399,9770012399,2024-05-05,B-09,false
C-112400,9770012400,2023-08-10,B-01,false
C-112401,9770012401,2020-03-03,B-01,true
C-112402,9770012402,2023-10-29,B-09,true
C-112403,9770012403,2023-01-18,B-08,true
C-112404,9770012404,2023-02-28,B-01,false
C-112405,9770012405,2023-01-19,B-08,false
C-112406,9770012406,2023-08-09,B-04,true
C-112407,9770012407,2023-04-03,B-17,true
C-112408,9770012408,2020-06-27,B-09,true
C-112409,9770012409,2022-02-19,B-02,false
C-112410,9770012410,2019-10-29,B-02,true
C-112411,9770012411,2024-02-08,B-08,false
C-112412,9770012412,2025-04-09,B-02,true
C-112413,9770012413,2025-06-30,B-17,false
C-112414,9770012414,2021-11-03,B-09,false
C-112415,9770012415,2020-02-23,B-08,true
C-112416,9770012416,2023-12-24,B-02,true
C-112417,9770012417,2023-11-24,B-17,true
C-112418,9770012418,2025-11-26,B-01,true
C-112419,9770012419,2022-02-02,B-01,false
C-112420,9770012420,2024-02-28,B-08,false
C-112421,9770012421,2022-12-03,B-17,false
C-112422,9770012422,2021-12-27,B-09,true
C-112423,9770012423,2025-03-14,B-08,true
C-112424,9770012424,2022-12-23,B-04,false
C-112425,9770012425,2021-10-16,B-01,true
C-112426,9770012426,2023-11-01,B-17,true
C-112427,9770012427,2022-09-26,B-17,true
C-112428,9770012428,2019-11-07,B-04,true
C-112429,9770012429,2023-07-03,B-04,false
C-112430,9770012430,2026-02-22,B-17,false
C-112431,9770012431,2019-07-04,B-08,false
C-112432,9770012432,2023-12-06,B-08,true
C-112433,9770012433,2023-02-13,B-04,true
C-112434,9770012434,2024-04-16,B-04,false
C-112435,9770012435,2020-10-13,B-09,false
C-112436,9770012436,2022-02-23,B-09,true
C-112437,9770012437,2023-09-04,B-09,false
C-112438,9770012438,2019-10-29,B-01,false
C-112439,9770012439,2023-09-28,B-04,false
C-112440,9770012440,2021-07-16,B-01,true
C-112441,9770012441,2024-05-02,B-02,false
C-112442,9770012442,2025-09-14,B-08,true
C-112443,9770012443,2024-09-05,B-17,false
C-112444,9770012444,2020-11-20,B-02,false
C-112445,9770012445,2019-09-08,B-17,true
C-112446,9770012446,2022-08-27,B-02,true
C-112447,9770012447,2025-01-09,B-17,false
C-112448,9770012448,2022-11-28,B-09,false
C-112449,9770012449,2021-06-03,B-04,false
C-112450,9770012450,2023-02-17,B-01,true
C-112451,9770012451,2026-03-08,B-02,false
C-112452,9770012452,2025-04-14,B-01,true
C-112453,9770012453,2021-11-10,B-08,true
C-112454,9770012454,2023-12-17,B-08,true
C-112455,9770012455,2020-08-02,B-01,false
C-112456,9770012456,2025-08-04,B-04,false
C-112457,9770012457,2023-10-21,B-17,true
C-112458,9770012458,2025-11-29,B-08,false
C-112459,9770012459,2025-11-08,B-09,true
C-112460,9770012460,2021-09-17,B-08,false
C-112461,9770012461,2021-08-07,B-01,false
C-112462,9770012462,2020-10-25,B-01,true
C-112463,9770012463,2020-06-11,B-02,false
C-112464,9770012464,2021-06-08,B-08,false
C-112465,9770012465,2022-01-27,B-04,false
C-112466,9770012466,2025-02-12,B-01,true
C-112467,9770012467,2019-06-11,B-04,true
C-112468,9770012468,2021-10-13,B-17,true
C-112469,9770012469,2023-09-21,B-17,true
C-112470,9770012470,2023-04-26,B-08,false
C-112471,9770012471,2021-07-24,B-01,true
C-112472,9770012472,2022-02-02,B-01,true
C-112473,9770012473,2021-09-05,B-17,false
C-112474,9770012474,2025-10-15,B-02,true
C-112475,9770012475,2024-02-27,B-17,true
C-112476,9770012476,2023-12-02,B-17,false
C-112477,9770012477,2023-11-17,B-08,true
C-112478,9770012478,2020-06-17,B-08,false
C-112479,9770012479,2022-01-13,B-02,false
C-112480,9770012480,2019-08-10,B-17,false
C-112481,9770012481,2022-04-22,B-09,false
C-112482,9770012482,2024-11-20,B-01,false
C-112483,9770012483,2019-09-30,B-02,true
C-112484,9770012484,2024-01-06,B-17,false
C-112485,9770012485,2025-11-15,B-02,false
C-112486,9770012486,2022-01-08,B-01,true
C-112487,9770012487,2023-10-19,B-09,true
C-112488,9770012488,2022-06-07,B-17,false
C-112489,9770012489,2019-11-27,B-01,true
C-112490,9770012490,2020-12-08,B-04,false
C-112491,9770012491,2025-08-22,B-09,true
C-112492,9770012492,2019-12-05,B-08,false
C-112493,9770012493,2025-06-25,B-04,false
C-112494,9770012494,2023-08-23,B-02,true
C-112495,9770012495,2020-08-04,B-09,false
C-112496,9770012496,2024-04-19,B-17,false
C-112497,9770012497,2022-02-25,B-17,false
C-112498,9770012498,2022-08-16,B-04,false
C-112499,9770012499,2025-06-18,B-09,false
C-112500,9770012500,2022-12-15,B-08,false
C-112501,9770012501,2021-06-05,B-01,true
C-112502,9770012502,2023-02-16,B-02,false
C-112503,9770012503,2021-10-22,B-04,false
C-112504,9770012504,2024-08-16,B-09,false
C-112505,9770012505,2024-10-26,B-17,false
C-112506,9770012506,2025-06-09,B-08,true
C-112507,9770012507,2026-01-02,B-04,true
C-112508,9770012508,2020-12-05,B-04,true
C-112509,9770012509,2022-08-21,B-04,true
C-112510,9770012510,2019-06-01,B-01,false
C-112511,9770012511,2024-04-08,B-02,true
C-112512,9770012512,2024-07-12,B-02,true
C-112513,9770012513,2024-09-01,B-08,false
C-112514,9770012514,2019-07-03,B-17,true
C-112515,9770012515,2020-07-08,B-04,false
C-112516,9770012516,2020-05-21,B-17,false
C-112517,9770012517,2019-08-21,B-17,false
C-112518,9770012518,2023-10-22,B-02,true
C-112519,9770012519,2022-11-03,B-17,false
C-112520,9770012520,2023-06-16,B-01,true
C-112521,9770012521,2024-04-14,B-01,false
C-112522,9770012522,2023-07-10,B-02,true
C-112523,9770012523,2021-11-30,B-01,true
C-112524,9770012524,2023-07-30,B-02,false
C-112525,9770012525,2023-04-02,B-01,false
C-112526,9770012526,2023-08-13,B-09,false
C-112527,9770012527,2022-09-23,B-17,true
C-112528,9770012528,2022-10-02,B-09,false
C-112529,9770012529,2020-04-30,B-17,false
C-112530,9770012530,2025-11-07,B-02,false
C-112531,9770012531,2019-09-28,B-17,false
C-112532,9770012532,2020-06-30,B-02,true
C-112533,9770012533,2020-11-01,B-17,false
C-112534,9770012534,2025-03-27,B-17,true
C-112535,9770012535,2021-06-27,B-04,false
C-112536,9770012536,2022-05-11,B-01,false
C-112537,9770012537,2025-02-15,B-02,false
C-112538,9770012538,2024-06-05,B-04,true
C-112539,9770012539,2023-01-15,B-04,false
C-112540,9770012540,2025-10-05,B-04,true
C-112541,9770012541,2023-09-10,B-17,false
C-112542,9770012542,2020-06-27,B-09,true
C-112543,9770012543,2019-09-22,B-04,false
C-112544,9770012544,2019-06-15,B-01,false
C-112545,9770012545,2021-07-23,B-17,true
C-112546,9770012546,2022-08-05,B-02,false
C-112547,9770012547,2023-12-07,B-04,false
C-112548,9770012548,2019-11-27,B-09,false
C-112549,9770012549,2024-02-06,B-02,false
C-112550,9770012550,2019-11-13,B-04,false
C-112551,9770012551,2021-09-14,B-17,false
C-112552,9770012552,2023-12-20,B-09,false
C-112553,9770012553,2024-11-29,B-02,true
C-112554,9770012554,2024-08-18,B-01,false
C-112555,9770012555,2024-04-29,B-17,false
C-112556,9770012556,2025-07-15,B-09,true
C-112557,9770012557,2020-04-26,B-02,false
C-112558,9770012558,2025-09-05,B-04,false
C-112559,9770012559,2021-01-10,B-08,false
C-112560,9770012560,2022-02-12,B-17,false
C-112561,9770012561,2024-07-21,B-09,true
C-112562,9770012562,2023-10-06,B-08,false
C-112563,9770012563,2021-06-27,B-01,true
C-112564,9770012564,2020-04-18,B-01,true
C-112565,9770012565,2023-05-17,B-08,true
C-112566,9770012566,2025-04-02,B-02,false
C-112567,9770012567,2022-04-03,B-08,true
C-112568,9770012568,2021-05-22,B-08,false
C-112569,9770012569,2023-01-29,B-04,true
C-112570,9770012570,2025-06-13,B-04,false
C-112571,9770012571,2019-10-11,B-09,true
C-112572,9770012572,2024-05-15,B-17,false
C-112573,9770012573,2025-07-01,B-09,true
C-112574,9770012574,2023-01-23,B-08,false
C-112575,9770012575,2020-12-28,B-08,false
C-112576,9770012576,2024-07-31,B-08,true
C-112577,9770012577,2019-10-03,B-04,false
C-112578,9770012578,2020-05-25,B-08,true
C-112579,9770012579,2024-05-17,B-02,false
C-112580,9770012580,2025-08-22,B-09,false
C-112581,9770012581,2023-06-20,B-09,true
C-112582,9770012582,2020-11-29,B-01,false
C-112583,9770012583,2019-08-03,B-01,false
C-112584,9770012584,2019-12-23,B-09,false
C-112585,9770012585,2025-06-04,B-09,false
C-112586,9770012586,2026-02-05,B-01,false
C-112587,9770012587,2023-08-16,B-02,true
C-112588,9770012588,2024-02-10,B-17,true
C-112589,9770012589,2025-01-16,B-08,false
C-112590,9770012590,2020-04-14,B-02,false
C-112591,9770012591,2025-01-22,B-02,true
C-112592,9770012592,2021-12-18,B-04,false
C-112593,9770012593,2021-07-15,B-17,true
C-112594,9770012594,2022-12-14,B-17,true
C-112595,9770012595,2024-10-18,B-09,false
C-112596,9770012596,2024-06-22,B-02,false
C-112597,9770012597,2023-06-19,B-04,false
C-112598,9770012598,2019-10-12,B-01,false
C-112599,9770012599,2019-09-09,B-04,true
C-112600,9770012600,2021-10-18,B-02,false
C-112601,9770012601,2020-10-09,B-17,false
C-112602,9770012602,2021-08-19,B-08,false
C-112603,9770012603,2025-12-09,B-04,false
C-112604,9770012604,2020-04-10,B-09,true
C-112605,9770012605,2025-11-08,B-04,false
C-112606,9770012606,2021-07-20,B-09,false
C-112607,9770012607,2022-10-11,B-01,true
C-112608,9770012608,2024-06-26,B-09,true
C-112609,9770012609,2024-11-24,B-08,true
C-112610,9770012610,2025-09-07,B-01,true
C-112611,9770012611,2020-11-11,B-17,false
C-112612,9770012612,2020-10-31,B-04,false
C-112613,9770012613,2024-04-25,B-02,true
C-112614,9770012614,2021-09-09,B-04,false
C-112615,9770012615,2021-07-02,B-04,false
C-112616,9770012616,2020-08-21,B-04,true
C-112617,9770012617,2021-01-19,B-09,true
C-112618,9770012618,2023-10-02,B-01,false
C-112619,9770012619,2020-04-20,B-17,true
C-112620,9770012620,2025-09-30,B-02,true
C-112621,9770012621,2021-01-13,B-04,false
C-112622,9770012622,2021-07-29,B-01,false
C-112623,9770012623,2025-08-27,B-01,false
C-112624,9770012624,2023-05-09,B-04,true
C-112625,9770012625,2020-01-24,B-09,true
C-112626,9770012626,2021-01-24,B-08,true
C-112627,9770012627,2023-05-09,B-02,true
C-112628,9770012628,2025-01-19,B-01,false
C-112629,9770012629,2025-10-02,B-01,false
C-112630,9770012630,2024-03-12,B-02,false
C-112631,9770012631,2025-08-07,B-02,false
C-112632,9770012632,2024-08-14,B-04,true
C-112633,9770012633,2022-05-25,B-09,false
C-112634,9770012634,2025-01-01,B-01,false
C-112635,9770012635,2020-12-23,B-17,false
C-112636,9770012636,2020-04-28,B-01,true
C-112637,9770012637,2023-02-16,B-09,false
C-112638,9770012638,2020-04-05,B-08,false
C-112639,9770012639,2023-06-24,B-08,false
C-112640,9770012640,2021-09-11,B-17,true
C-112641,9770012641,2019-06-09,B-04,true
C-112642,9770012642,2024-08-17,B-09,false
C-112643,9770012643,2026-03-18,B-09,true
C-112644,9770012644,2023-04-08,B-17,false
C-112645,9770012645,2021-06-22,B-08,true
C-112646,9770012646,2025-02-19,B-02,true
C-112647,9770012647,2021-07-12,B-09,false
C-112648,9770012648,2021-04-14,B-08,true
C-112649,9770012649,2021-10-07,B-01,true
C-112650,9770012650,2020-07-17,B-02,false
C-112651,9770012651,2024-01-29,B-02,false
C-112652,9770012652,2024-05-26,B-17,false
C-112653,9770012653,2025-09-14,B-04,false
C-112654,9770012654,2021-10-20,B-04,true
C-112655,9770012655,2023-01-07,B-02,false
C-112656,9770012656,2020-04-26,B-08,false
C-112657,9770012657,2021-11-04,B-17,true
C-112658,9770012658,2019-09-20,B-04,false
C-112659,9770012659,2025-03-24,B-09,true
C-112660,9770012660,2021-07-12,B-04,true
C-112661,9770012661,2021-08-23,B-02,false
C-112662,9770012662,2023-08-27,B-01,false
C-112663,9770012663,2026-01-16,B-09,true
C-112664,9770012664,2021-10-09,B-08,true
C-112665,9770012665,2022-11-16,B-01,false
C-112666,9770012666,2026-03-14,B-08,false
C-112667,9770012667,2023-10-18,B-02,true
C-112668,9770012668,2023-11-08,B-09,false
C-112669,9770012669,2026-02-18,B-02,true
C-112670,9770012670,2024-09-27,B-08,false
C-112671,9770012671,2021-04-07,B-04,true
C-112672,9770012672,2023-06-27,B-17,true
C-112673,9770012673,2023-07-14,B-01,false
C-112674,9770012674,2020-10-30,B-17,true
C-112675,9770012675,2022-05-04,B-09,false
C-112676,9770012676,2021-01-27,B-01,true
C-112677,9770012677,2023-06-13,B-09,false
C-112678,9770012678,2022-11-04,B-01,true
C-112679,9770012679,2020-05-23,B-02,false
C-112680,9770012680,2025-07-08,B-01,true
C-112681,9770012681,2022-02-25,B-17,false
C-112682,9770012682,2020-11-11,B-01,true
C-112683,9770012683,2024-08-24,B-01,true
C-112684,9770012684,2025-03-12,B-01,false
C-112685,9770012685,2022-07-24,B-01,false
C-112686,9770012686,2025-09-23,B-01,false
C-112687,9770012687,2023-08-06,B-01,false
C-112688,9770012688,2021-11-20,B-04,false
C-112689,9770012689,2023-12-18,B-01,true
C-112690,9770012690,2023-08-02,B-02,false
C-112691,9770012691,2021-11-18,B-17,false
C-112692,9770012692,2022-12-02,B-08,false
C-112693,9770012693,2024-04-07,B-08,true
C-112694,9770012694,2022-03-07,B-04,false
C-112695,9770012695,2024-01-04,B-04,false
C-112696,9770012696,2019-12-03,B-09,true
C-112697,9770012697,2021-12-03,B-01,true
C-112698,9770012698,2023-01-04,B-02,true
C-112699,9770012699,2021-11-04,B-01,false
C-112700,9770012700,2025-07-06,B-17,false
C-112701,9770012701,2025-10-19,B-08,false
C-112702,9770012702,2024-11-26,B-01,true
C-112703,9770012703,2019-09-23,B-02,true
C-112704,9770012704,2023-04-20,B-01,true
C-112705,9770012705,2026-02-18,B-17,true
C-112706,9770012706,2024-05-24,B-09,false
C-112707,9770012707,2026-02-25,B-17,false
C-112708,9770012708,2023-10-10,B-17,true
C-112709,9770012709,2020-08-23,B-08,true
C-112710,9770012710,2020-04-15,B-17,true
C-112711,9770012711,2024-05-17,B-08,false
C-112712,9770012712,2022-07-29,B-09,false
C-112713,9770012713,2020-10-06,B-08,false
C-112714,9770012714,2020-04-15,B-01,true
C-112715,9770012715,2020-12-04,B-17,false
C-112716,9770012716,2021-11-29,B-04,true
C-112717,9770012717,2024-10-13,B-08,false
C-112718,9770012718,2022-01-14,B-08,true
C-112719,9770012719,2026-01-27,B-02,false
C-112720,9770012720,2019-09-20,B-04,false
C-112721,9770012721,2023-01-28,B-08,false
C-112722,9770012722,2023-05-14,B-17,true
C-112723,9770012723,2023-06-05,B-02,false
C-112724,9770012724,2023-07-20,B-08,true
C-112725,9770012725,2022-11-21,B-04,true
C-112726,9770012726,2020-03-01,B-09,false
C-112727,9770012727,2022-09-15,B-01,true
C-112728,9770012728,2019-09-25,B-08,false
C-112729,9770012729,2024-12-11,B-04,true
C-112730,9770012730,2019-06-27,B-17,true
C-112731,9770012731,2020-04-11,B-09,false
C-112732,9770012732,2021-01-09,B-09,true
C-112733,9770012733,2026-01-03,B-08,false
C-112734,9770012734,2024-05-07,B-01,false
C-112735,9770012735,2021-11-14,B-17,false
C-112736,9770012736,2023-01-20,B-09,true
C-112737,9770012737,2025-03-23,B-04,true
C-112738,9770012738,2019-11-20,B-04,true
C-112739,9770012739,2023-01-19,B-17,false
C-112740,9770012740,2022-08-09,B-09,true
C-112741,9770012741,2024-11-08,B-08,false
C-112742,9770012742,2021-07-22,B-02,true
C-112743,9770012743,2023-11-20,B-02,true
C-112744,9770012744,2024-05-08,B-17,true
C-112745,9770012745,2022-12-24,B-17,true
C-112746,9770012746,2021-12-16,B-04,true
C-112747,9770012747,2022-02-13,B-01,false
C-112748,9770012748,2020-09-21,B-04,true
C-112749,9770012749,2024-05-15,B-04,true
C-112750,9770012750,2021-02-16,B-09,false
C-112751,9770012751,2025-07-06,B-09,true
C-112752,9770012752,2022-07-04,B-01,true
C-112753,9770012753,2025-11-23,B-02,false
C-112754,9770012754,2025-08-20,B-02,true
C-112755,9770012755,2019-12-23,B-17,false
C-112756,9770012756,2023-01-30,B-09,false
C-112757,9770012757,2026-01-06,B-04,false
C-112758,9770012758,2023-07-13,B-01,false
C-112759,9770012759,2024-03-28,B-08,false
C-112760,9770012760,2025-07-15,B-08,true
C-112761,9770012761,2024-07-05,B-02,false
C-112762,9770012762,2023-05-18,B-09,false
C-112763,9770012763,2024-02-12,B-01,true
C-112764,9770012764,2026-01-24,B-02,false
C-112765,9770012765,2025-06-30,B-01,true
C-112766,9770012766,2019-10-27,B-08,true
C-112767,9770012767,2019-12-27,B-04,true
C-112768,9770012768,2020-01-29,B-02,false
C-112769,9770012769,2025-11-30,B-09,false
C-112770,9770012770,2022-01-06,B-17,false
C-112771,9770012771,2021-01-22,B-17,true
C-112772,9770012772,2022-07-21,B-02,false
C-112773,9770012773,2026-03-05,B-04,true
C-112774,9770012774,2024-07-12,B-02,false
C-112775,9770012775,2025-05-12,B-01,false
C-112776,9770012776,2025-09-04,B-02,false
C-112777,9770012777,2021-09-02,B-17,false
C-112778,9770012778,2026-03-26,B-02,true
C-112779,9770012779,2025-10-22,B-17,true
C-112780,9770012780,2024-02-20,B-02,false
C-112781,9770012781,2023-08-27,B-17,false
C-112782,9770012782,2023-05-08,B-01,true
C-112783,9770012783,2024-06-03,B-08,false
C-112784,9770012784,2023-04-13,B-08,true
C-112785,9770012785,2020-01-20,B-02,false
C-112786,9770012786,2023-09-20,B-09,false
C-112787,9770012787,2024-12-23,B-17,false
C-112788,9770012788,2026-01-31,B-17,false
C-112789,9770012789,2020-04-22,B-04,false
C-112790,9770012790,2025-06-03,B-09,false
C-112791,9770012791,2021-01-27,B-09,false
C-112792,9770012792,2025-09-08,B-08,false
C-112793,9770012793,2024-04-20,B-02,false
C-112794,9770012794,2023-01-14,B-17,false
C-112795,9770012795,2025-11-12,B-08,false
C-112796,9770012796,2022-04-18,B-08,false
C-112797,9770012797,2020-02-13,B-08,true
C-112798,9770012798,2025-09-01,B-04,false
C-112799,9770012799,2026-01-08,B-17,true
C-112800,9770012800,2024-12-10,B-01,true
C-112801,9770012801,2022-04-03,B-02,true
C-112802,9770012802,2022-07-19,B-01,true
C-112803,9770012803,2023-02-09,B-09,false
C-112804,9770012804,2022-10-24,B-02,true
C-112805,9770012805,2022-06-08,B-08,false
C-112806,9770012806,2025-04-16,B-17,false
C-112807,9770012807,2019-11-11,B-02,false
C-112808,9770012808,2024-09-12,B-08,false
C-112809,9770012809,2025-09-17,B-08,false
C-112810,9770012810,2019-08-15,B-02,true
C-112811,9770012811,2023-06-17,B-02,false
C-112812,9770012812,2025-04-30,B-17,false
C-112813,9770012813,2021-05-06,B-02,true
C-112814,9770012814,2021-12-12,B-08,false
C-112815,9770012815,2021-09-30,B-01,true
C-112816,9770012816,2023-12-05,B-08,false
C-112817,9770012817,2023-09-14,B-08,true
C-112818,9770012818,2024-11-29,B-04,false
C-112819,9770012819,2025-05-10,B-04,false
C-112820,9770012820,2022-06-08,B-02,false
C-112821,9770012821,2025-04-16,B-02,true
C-112822,9770012822,2022-10-29,B-01,false
C-112823,9770012823,2020-11-07,B-01,true
C-112824,9770012824,2021-12-03,B-04,true
C-112825,9770012825,2024-02-07,B-01,false
C-112826,9770012826,2019-11-22,B-01,true
C-112827,9770012827,2021-04-20,B-01,false
C-112828,9770012828,2019-05-29,B-02,false
C-112829,9770012829,2020-09-27,B-02,true
C-112830,9770012830,2021-01-22,B-08,false
C-112831,9770012831,2022-09-16,B-02,true
C-112832,9770012832,2024-07-01,B-01,false
C-112833,9770012833,2021-10-24,B-02,false
C-112834,9770012834,2020-06-02,B-01,false
C-112835,9770012835,2023-09-14,B-08,false
C-112836,9770012836,2025-09-02,B-01,false
C-112837,9770012837,2020-03-19,B-08,false
C-112838,9770012838,2023-09-28,B-08,true
C-112839,9770012839,2021-09-22,B-09,false
C-112840,9770012840,2022-09-14,B-17,false
C-112841,9770012841,2023-04-09,B-17,true
C-112842,9770012842,2021-07-01,B-17,false
C-112843,9770012843,2025-11-15,B-02,true
C-112844,9770012844,2020-09-06,B-09,false
C-112845,9770012845,2022-03-07,B-01,true
C-112846,9770012846,2019-07-09,B-04,false
C-112847,9770012847,2024-01-21,B-17,false
C-112848,9770012848,2019-12-26,B-08,false
C-112849,9770012849,2021-08-18,B-17,false
C-112850,9770012850,2025-03-27,B-02,false
C-112851,9770012851,2019-11-23,B-08,false
C-112852,9770012852,2021-01-06,B-08,true
C-112853,9770012853,2024-12-22,B-17,false
C-112854,9770012854,2020-06-21,B-09,false
C-112855,9770012855,2019-07-13,B-02,true
C-112856,9770012856,2023-06-19,B-02,true
C-112857,9770012857,2022-06-20,B-09,true
C-112858,9770012858,2022-07-24,B-17,false
C-112859,9770012859,2025-02-01,B-02,false
C-112860,9770012860,2023-08-10,B-08,true
C-112861,9770012861,2020-04-06,B-01,true
C-112862,9770012862,2021-07-01,B-09,true
C-112863,9770012863,2025-09-24,B-04,false
C-112864,9770012864,2022-01-02,B-17,false
C-112865,9770012865,2024-04-29,B-04,false
C-112866,9770012866,2024-03-21,B-08,true
C-112867,9770012867,2022-08-23,B-09,false
C-112868,9770012868,2020-03-18,B-08,true
C-112869,9770012869,2025-07-05,B-02,false
C-112870,9770012870,2024-04-28,B-01,true
C-112871,9770012871,2023-09-02,B-04,true
C-112872,9770012872,2021-04-08,B-08,true
C-112873,9770012873,2021-09-13,B-09,false
C-112874,9770012874,2025-08-01,B-02,true
C-112875,9770012875,2025-03-05,B-08,false
C-112876,9770012876,2026-02-14,B-08,false
C-112877,9770012877,2021-12-05,B-09,true
C-112878,9770012878,2025-11-01,B-02,true
C-112879,9770012879,2023-08-02,B-17,true
C-112880,9770012880,2024-01-11,B-08,true
C-112881,9770012881,2024-03-31,B-04,false
C-112882,9770012882,2022-04-21,B-17,true
C-112883,9770012883,2020-10-24,B-09,false
C-112884,9770012884,2025-07-05,B-17,true
C-112885,9770012885,2023-03-14,B-09,true
C-112886,9770012886,2020-10-17,B-02,false
C-112887,9770012887,2023-02-27,B-01,false
C-112888,9770012888,2022-12-26,B-01,false
C-112889,9770012889,2023-04-10,B-01,true
C-112890,9770012890,2022-08-10,B-04,true
C-112891,9770012891,2019-06-25,B-09,false
C-112892,9770012892,2022-12-12,B-09,true
C-112893,9770012893,2023-02-06,B-08,true
C-112894,9770012894,2025-08-08,B-01,false
C-112895,9770012895,2021-05-29,B-04,true
C-112896,9770012896,2021-02-16,B-02,false
C-112897,9770012897,2020-10-10,B-01,true
C-112898,9770012898,2025-01-16,B-04,true
C-112899,9770012899,2020-12-07,B-09,false
C-112900,9770012900,2026-02-06,B-09,false
C-112901,9770012901,2023-04-05,B-17,false
C-112902,9770012902,2022-05-13,B-02,true
C-112903,9770012903,2026-03-15,B-17,true
C-112904,9770012904,2023-11-05,B-17,false
C-112905,9770012905,2025-02-15,B-17,true
C-112906,9770012906,2020-03-18,B-01,true
C-112907,9770012907,2024-10-24,B-01,true
C-112908,9770012908,2022-12-05,B-09,true
C-112909,9770012909,2022-08-25,B-09,true
C-112910,9770012910,2023-05-29,B-09,false
C-112911,9770012911,2026-01-28,B-08,false
C-112912,9770012912,2023-06-07,B-04,false
C-112913,9770012913,2021-09-21,B-04,false
C-112914,9770012914,2021-09-25,B-17,true
C-112915,9770012915,2026-02-10,B-17,false
C-112916,9770012916,2024-12-11,B-08,true
C-112917,9770012917,2022-08-17,B-08,false
C-112918,9770012918,2021-09-03,B-02,false
C-112919,9770012919,2020-08-04,B-09,true
C-112920,9770012920,2021-10-13,B-17,false
C-112921,9770012921,2021-10-10,B-02,true
C-112922,9770012922,2025-03-25,B-04,false
C-112923,9770012923,2019-11-03,B-09,false
C-112924,9770012924,2021-11-26,B-01,true
C-112925,9770012925,2020-01-21,B-08,false
C-112926,9770012926,2024-05-15,B-08,false
C-112927,9770012927,2021-06-10,B-04,true
C-112928,9770012928,2024-04-25,B-17,false
C-112929,9770012929,2019-06-11,B-02,true
C-112930,9770012930,2019-08-01,B-17,false
C-112931,9770012931,2020-10-05,B-01,false
C-112932,9770012932,2020-12-27,B-02,false
C-112933,9770012933,2024-05-01,B-02,false
C-112934,9770012934,2025-10-01,B-04,true
C-112935,9770012935,2025-03-16,B-08,false
C-112936,9770012936,2022-06-04,B-04,false
C-112937,9770012937,2022-06-02,B-01,false
C-112938,9770012938,2025-04-24,B-04,false
C-112939,9770012939,2023-07-04,B-08,false
C-112940,9770012940,2020-07-17,B-01,false
C-112941,9770012941,2024-04-25,B-09,true
C-112942,9770012942,2020-01-11,B-04,true
C-112943,9770012943,2024-05-08,B-09,false
C-112944,9770012944,2024-03-21,B-04,true
C-112945,9770012945,2024-01-12,B-17,true
C-112946,9770012946,2020-04-26,B-17,true
C-112947,9770012947,2025-07-10,B-02,true
C-112948,9770012948,2023-03-16,B-09,false
C-112949,9770012949,2021-07-02,B-17,false
C-112950,9770012950,2021-04-15,B-01,false
C-112951,9770012951,2024-01-21,B-01,true
C-112952,9770012952,2024-07-25,B-09,false
C-112953,9770012953,2020-01-09,B-01,false
C-112954,9770012954,2025-12-28,B-04,true
C-112955,9770012955,2024-05-24,B-01,false
C-112956,9770012956,2019-07-18,B-17,false
C-112957,9770012957,2021-06-18,B-08,false
C-112958,9770012958,2021-01-27,B-09,false
C-112959,9770012959,2026-03-31,B-17,false
C-112960,9770012960,2021-10-14,B-02,false
C-112961,9770012961,2020-12-29,B-17,true
C-112962,9770012962,2025-04-22,B-04,true
C-112963,9770012963,2021-06-20,B-09,false
C-112964,9770012964,2022-11-27,B-17,false
C-112965,9770012965,2021-05-04,B-02,false
C-112966,9770012966,2024-09-28,B-17,false
C-112967,9770012967,2025-12-01,B-17,true
C-112968,9770012968,2021-07-11,B-01,false
C-112969,9770012969,2025-02-22,B-02,false
C-112970,9770012970,2022-03-14,B-09,true
C-112971,9770012971,2022-10-25,B-09,false
C-112972,9770012972,2021-02-28,B-17,false
C-112973,9770012973,2022-04-01,B-09,true
C-112974,9770012974,2023-03-01,B-01,false
C-112975,9770012975,2019-07-31,B-02,false
C-112976,9770012976,2025-11-30,B-17,false
C-112977,9770012977,2024-12-02,B-04,true
C-112978,9770012978,2022-03-10,B-04,true
C-112979,9770012979,2021-06-29,B-09,false
C-112980,9770012980,2022-01-25,B-02,false
C-112981,9770012981,2022-06-10,B-01,false
C-112982,9770012982,2022-11-01,B-09,false
C-112983,9770012983,2020-01-10,B-08,false
C-112984,9770012984,2023-10-27,B-02,false
C-112985,9770012985,2026-01-29,B-17,false
C-112986,9770012986,2023-12-29,B-08,false
C-112987,9770012987,2020-04-06,B-01,false
C-112988,9770012988,2021-11-10,B-01,true
C-112989,9770012989,2024-01-21,B-01,true
C-112990,9770012990,2020-02-01,B-08,true
C-112991,9770012991,2026-01-07,B-09,false
C-112992,9770012992,2024-02-17,B-02,false
C-112993,9770012993,2025-11-14,B-09,true
C-112994,9770012994,2025-07-01,B-02,false
C-112995,9770012995,2020-07-31,B-01,true
C-112996,9770012996,2020-05-25,B-02,false
C-112997,9770012997,2022-07-28,B-01,true
C-112998,9770012998,2024-06-27,B-02,false
C-112999,9770012999,2025-05-12,B-02,false
C-113000,9770013000,2023-01-27,B-04,true
C-113001,9770013001,2021-03-18,B-08,false
C-113002,9770013002,2019-11-03,B-08,false
C-113003,9770013003,2019-10-28,B-04,false
C-113004,9770013004,2025-01-11,B-09,false
C-113005,9770013005,2023-11-09,B-17,false
C-113006,9770013006,2023-08-02,B-02,false
C-113007,9770013007,2022-10-27,B-04,false
C-113008,9770013008,2025-02-07,B-02,true
C-113009,9770013009,2023-03-12,B-01,true
C-113010,9770013010,2021-02-23,B-09,false
C-113011,9770013011,2020-01-22,B-02,true
C-113012,9770013012,2019-10-10,B-02,false
C-113013,9770013013,2021-06-16,B-01,false
C-113014,9770013014,2019-09-21,B-01,false
C-113015,9770013015,2022-11-25,B-09,false
C-113016,9770013016,2023-03-21,B-01,false
C-113017,9770013017,2026-02-16,B-17,true
C-113018,9770013018,2024-02-01,B-08,false
C-113019,9770013019,2019-08-03,B-17,true
C-113020,9770013020,2025-03-14,B-09,false
C-113021,9770013021,2023-01-10,B-17,false
C-113022,9770013022,2024-04-06,B-01,true
C-113023,9770013023,2025-01-21,B-04,true
C-113024,9770013024,2026-03-05,B-04,false
C-113025,9770013025,2021-03-10,B-02,false
C-113026,9770013026,2021-10-18,B-04,true
C-113027,9770013027,2025-02-07,B-09,false
C-113028,9770013028,2020-01-15,B-02,true
C-113029,9770013029,2025-05-12,B-09,true
C-113030,9770013030,2025-12-25,B-08,false
C-113031,9770013031,2021-08-30,B-09,false
C-113032,9770013032,2025-06-14,B-02,true
C-113033,9770013033,2024-05-10,B-08,true
C-113034,9770013034,2022-11-27,B-08,false
C-113035,9770013035,2021-10-01,B-02,true
C-113036,9770013036,2021-09-21,B-02,false
C-113037,9770013037,2021-07-05,B-08,true
C-113038,9770013038,2021-04-25,B-01,true
C-113039,9770013039,2020-09-10,B-02,true
C-113040,9770013040,2023-09-03,B-09,false
C-113041,9770013041,2023-12-15,B-17,true
C-113042,9770013042,2020-05-07,B-08,true
C-113043,9770013043,2020-01-29,B-02,false
C-113044,9770013044,2025-09-05,B-09,false
C-113045,9770013045,2024-01-19,B-04,false
C-113046,9770013046,2025-04-28,B-17,false
C-113047,9770013047,2025-01-11,B-09,false
C-113048,9770013048,2020-08-21,B-08,false
C-113049,9770013049,2020-06-22,B-17,false
C-113050,9770013050,2025-05-17,B-09,true
C-113051,9770013051,2021-10-07,B-09,false
C-113052,9770013052,2020-11-20,B-04,true
C-113053,9770013053,2024-12-05,B-09,false
C-113054,9770013054,2020-05-13,B-02,false
C-113055,9770013055,2023-05-24,B-04,false
C-113056,9770013056,2024-01-09,B-01,true
C-113057,9770013057,2023-04-06,B-17,false
C-113058,9770013058,2021-11-18,B-09,false
C-113059,9770013059,2024-08-28,B-04,false
C-113060,9770013060,2019-09-14,B-08,false
C-113061,9770013061,2020-03-05,B-09,false
C-113062,9770013062,2024-01-08,B-01,true
C-113063,9770013063,2025-09-24,B-01,true
C-113064,9770013064,2020-08-07,B-01,true
C-113065,9770013065,2025-01-31,B-02,false
C-113066,9770013066,2024-08-18,B-04,false
C-113067,9770013067,2025-12-25,B-08,false
C-113068,9770013068,2023-07-16,B-17,true
C-113069,9770013069,2020-02-10,B-17,false
C-113070,9770013070,2021-01-06,B-09,false
C-113071,9770013071,2025-04-21,B-01,true
C-113072,9770013072,2020-03-07,B-04,false
C-113073,9770013073,2025-11-29,B-01,true
C-113074,9770013074,2019-10-12,B-08,false
C-113075,9770013075,2024-11-24,B-08,false
C-113076,9770013076,2023-09-05,B-08,false
C-113077,9770013077,2020-01-24,B-01,false
C-113078,9770013078,2024-07-14,B-02,true
C-113079,9770013079,2020-08-04,B-02,false
C-113080,9770013080,2023-07-14,B-09,true
C-113081,9770013081,2024-11-16,B-08,false
C-113082,9770013082,2020-05-16,B-09,false
C-113083,9770013083,2020-08-28,B-17,true
C-113084,9770013084,2022-05-17,B-01,false
C-113085,9770013085,2024-12-15,B-01,true
C-113086,9770013086,2022-06-15,B-01,true
C-113087,9770013087,2019-07-17,B-17,true
C-113088,9770013088,2022-01-03,B-09,false
C-113089,9770013089,2023-08-02,B-17,true
C-113090,9770013090,2024-10-13,B-08,true
C-113091,9770013091,2021-08-30,B-04,false
C-113092,9770013092,2019-12-13,B-02,true
C-113093,9770013093,2020-04-21,B-01,true
C-113094,9770013094,2024-11-21,B-17,false
C-113095,9770013095,2022-04-03,B-04,false
C-113096,9770013096,2019-09-16,B-01,false
C-113097,9770013097,2025-09-03,B-08,true
C-113098,9770013098,2025-11-22,B-17,true
C-113099,9770013099,2023-11-30,B-08,true
C-113100,9770013100,2023-07-01,B-04,true
C-113101,9770013101,2022-10-24,B-02,false
C-113102,9770013102,2025-06-03,B-08,true
C-113103,9770013103,2025-08-07,B-08,false
C-113104,9770013104,2020-08-23,B-04,false
C-113105,9770013105,2019-09-12,B-04,false
C-113106,9770013106,2020-07-13,B-02,true
C-113107,9770013107,2025-03-27,B-04,true
C-113108,9770013108,2020-05-13,B-08,false
C-113109,9770013109,2021-02-04,B-08,false
C-113110,9770013110,2019-07-23,B-08,true
C-113111,9770013111,2023-01-14,B-17,false
C-113112,9770013112,2019-11-12,B-08,false
C-113113,9770013113,2024-08-09,B-04,true
C-113114,9770013114,2023-12-05,B-04,true
C-113115,9770013115,2022-09-06,B-01,false
C-113116,9770013116,2024-04-11,B-04,false
C-113117,9770013117,2023-01-27,B-01,false
C-113118,9770013118,2024-07-26,B-17,false
C-113119,9770013119,2025-12-24,B-08,true
C-113120,9770013120,2022-03-30,B-02,false
C-113121,9770013121,2022-04-13,B-04,false
C-113122,9770013122,2025-01-27,B-02,true
C-113123,9770013123,2021-12-20,B-04,false
C-113124,9770013124,2024-12-13,B-04,false
C-113125,9770013125,2022-02-26,B-04,false
C-113126,9770013126,2023-02-10,B-08,true
C-113127,9770013127,2024-10-21,B-02,false
C-113128,9770013128,2020-02-26,B-08,false
C-113129,9770013129,2022-02-21,B-09,true
C-113130,9770013130,2024-02-01,B-09,false
C-113131,9770013131,2022-09-14,B-17,true
C-113132,9770013132,2026-03-21,B-08,true
C-113133,9770013133,2021-11-15,B-17,false
C-113134,9770013134,2021-07-03,B-09,true
C-113135,9770013135,2020-06-28,B-09,false
C-113136,9770013136,2023-08-19,B-04,true
C-113137,9770013137,2025-08-11,B-09,false
C-113138,9770013138,2019-07-18,B-02,false
C-113139,9770013139,2023-02-14,B-02,true
C-113140,9770013140,2023-09-16,B-02,false
C-113141,9770013141,2024-11-17,B-02,false
C-113142,9770013142,2022-01-30,B-08,true
C-113143,9770013143,2023-08-05,B-08,false
C-113144,9770013144,2024-05-27,B-02,true
C-113145,9770013145,2023-03-01,B-17,true
C-113146,9770013146,2020-07-31,B-17,true
C-113147,9770013147,2022-02-20,B-02,false
C-113148,9770013148,2025-10-11,B-09,false
C-113149,9770013149,2023-08-04,B-17,true
C-113150,9770013150,2021-01-01,B-17,true
C-113151,9770013151,2021-02-03,B-02,true
C-113152,9770013152,2024-02-09,B-17,true
C-113153,9770013153,2023-05-18,B-02,false
C-113154,9770013154,2021-09-19,B-09,false
C-113155,9770013155,2024-07-30,B-09,false
C-113156,9770013156,2026-02-17,B-08,false
C-113157,9770013157,2022-04-15,B-01,false
C-113158,9770013158,2023-08-27,B-01,false
C-113159,9770013159,2022-04-28,B-17,false
C-113160,9770013160,2023-11-25,B-01,false
C-113161,9770013161,2020-11-22,B-01,true
C-113162,9770013162,2023-07-17,B-02,false
C-113163,9770013163,2022-06-26,B-01,true
C-113164,9770013164,2021-05-31,B-04,false
C-113165,9770013165,2023-10-03,B-09,false
C-113166,9770013166,2023-06-04,B-04,false
C-113167,9770013167,2024-05-18,B-17,false
C-113168,9770013168,2021-11-09,B-17,true
C-113169,9770013169,2019-08-06,B-01,false
C-113170,9770013170,2022-05-07,B-02,true
C-113171,9770013171,2024-07-07,B-08,true
C-113172,9770013172,2023-09-28,B-01,true
C-113173,9770013173,2020-03-23,B-09,false
C-113174,9770013174,2021-10-03,B-09,true
C-113175,9770013175,2025-05-19,B-09,true
C-113176,9770013176,2023-04-12,B-08,false
C-113177,9770013177,2020-06-28,B-08,false
C-113178,9770013178,2023-05-26,B-09,false
C-113179,9770013179,2022-08-02,B-08,false
C-113180,9770013180,2022-01-27,B-09,true
C-113181,9770013181,2023-10-24,B-09,true
C-113182,9770013182,2026-01-31,B-02,false
C-113183,9770013183,2020-08-25,B-04,true
C-113184,9770013184,2020-11-09,B-08,true
C-113185,9770013185,2023-04-19,B-09,false
C-113186,9770013186,2024-02-02,B-02,true
C-113187,9770013187,2019-06-02,B-01,true
C-113188,9770013188,2022-08-15,B-01,true
C-113189,9770013189,2025-01-12,B-17,true
C-113190,9770013190,2024-12-23,B-08,true
C-113191,9770013191,2022-06-16,B-09,true
C-113192,9770013192,2022-09-21,B-17,false
C-113193,9770013193,2025-10-20,B-04,false
C-113194,9770013194,2025-05-09,B-02,false
C-113195,9770013195,2023-05-04,B-04,false
C-113196,9770013196,2025-12-03,B-04,false
C-113197,9770013197,2020-11-05,B-04,true
C-113198,9770013198,2024-04-24,B-04,false
C-113199,9770013199,2022-03-05,B-09,false
C-113200,9770013200,2021-09-24,B-02,true
C-113201,9770013201,2023-04-16,B-02,false
C-113202,9770013202,2020-12-18,B-04,true
C-113203,9770013203,2020-06-06,B-04,true
C-113204,9770013204,2024-07-30,B-04,false
C-113205,9770013205,2021-01-18,B-17,true
C-113206,9770013206,2023-02-27,B-17,true
C-113207,9770013207,2024-05-13,B-17,false
C-113208,9770013208,2022-07-11,B-08,true
C-113209,9770013209,2023-10-06,B-02,true
C-113210,9770013210,2022-09-26,B-01,false
C-113211,9770013211,2024-12-25,B-08,true
C-113212,9770013212,2021-11-22,B-17,false
C-113213,9770013213,2023-01-17,B-08,true
C-113214,9770013214,2020-09-25,B-01,true
C-113215,9770013215,2025-10-23,B-08,true
C-113216,9770013216,2023-05-17,B-02,false
C-113217,9770013217,2019-05-30,B-01,true
C-113218,9770013218,2024-04-13,B-17,false
C-113219,9770013219,2024-11-24,B-02,false
C-113220,9770013220,2025-08-11,B-08,true
C-113221,9770013221,2025-12-21,B-09,false
C-113222,9770013222,2021-01-11,B-04,false
C-113223,9770013223,2025-09-05,B-08,false
C-113224,9770013224,2023-11-13,B-08,true
C-113225,9770013225,2021-10-18,B-08,false
C-113226,9770013226,2021-08-23,B-02,false
C-113227,9770013227,2022-10-10,B-01,false
C-113228,9770013228,2022-02-18,B-04,false
C-113229,9770013229,2021-07-06,B-01,false
C-113230,9770013230,2025-10-31,B-17,false
C-113231,9770013231,2023-06-28,B-09,false
C-113232,9770013232,2025-05-22,B-01,true
C-113233,9770013233,2021-12-02,B-02,false
C-113234,9770013234,2022-07-17,B-17,true
C-113235,9770013235,2019-12-28,B-08,false
C-113236,9770013236,2023-08-09,B-17,false
C-113237,9770013237,2020-05-05,B-01,false
C-113238,9770013238,2023-07-16,B-02,false
C-113239,9770013239,2021-12-26,B-04,true
C-113240,9770013240,2025-10-15,B-08,true
C-113241,9770013241,2021-05-19,B-17,true
C-113242,9770013242,2025-08-23,B-17,false
C-113243,9770013243,2025-07-14,B-02,false
C-113244,9770013244,2024-11-30,B-02,false
C-113245,9770013245,2023-09-13,B-17,true
C-113246,9770013246,2022-02-06,B-17,false
C-113247,9770013247,2024-08-02,B-04,false
C-113248,9770013248,2022-09-23,B-08,false
C-113249,9770013249,2021-10-24,B-02,false
C-113250,9770013250,2020-10-13,B-09,false
C-113251,9770013251,2023-10-01,B-17,false
C-113252,9770013252,2020-06-30,B-01,true
C-113253,9770013253,2023-03-21,B-02,false
C-113254,9770013254,2024-07-28,B-04,false
C-113255,9770013255,2022-03-13,B-08,true
C-113256,9770013256,2025-03-24,B-17,false
C-113257,9770013257,2023-04-25,B-02,false
C-113258,9770013258,2022-11-28,B-08,false
C-113259,9770013259,2024-10-06,B-01,true
C-113260,9770013260,2021-06-10,B-02,true
C-113261,9770013261,2020-01-22,B-17,false
C-113262,9770013262,2021-10-05,B-09,true
C-113263,9770013263,2023-08-12,B-08,true
C-113264,9770013264,2020-12-07,B-02,true
C-113265,9770013265,2024-03-18,B-01,true
C-113266,9770013266,2025-05-09,B-01,true
C-113267,9770013267,2022-04-07,B-09,false
C-113268,9770013268,2023-10-06,B-01,false
C-113269,9770013269,2020-09-18,B-02,false
C-113270,9770013270,2020-09-11,B-08,false
C-113271,9770013271,2020-04-01,B-08,false
C-113272,9770013272,2025-10-26,B-09,false
C-113273,9770013273,2022-08-05,B-02,true
C-113274,9770013274,2021-04-18,B-01,false
C-113275,9770013275,2025-07-11,B-04,true
C-113276,9770013276,2022-07-07,B-01,false
C-113277,9770013277,2020-07-01,B-04,true
C-113278,9770013278,2025-09-12,B-01,false
C-113279,9770013279,2025-01-12,B-17,true
C-113280,9770013280,2025-10-17,B-02,false
C-113281,9770013281,2021-05-02,B-02,false
C-113282,9770013282,2022-05-01,B-17,false
C-113283,9770013283,2025-12-22,B-04,true
C-113284,9770013284,2021-05-01,B-04,true
C-113285,9770013285,2022-09-10,B-02,false
C-113286,9770013286,2019-06-01,B-17,false
C-113287,9770013287,2020-02-22,B-02,false
C-113288,9770013288,2024-03-07,B-08,true
C-113289,9770013289,2026-01-25,B-02,false
C-113290,9770013290,2022-01-10,B-02,true
C-113291,9770013291,2023-04-03,B-04,false
C-113292,9770013292,2026-01-12,B-09,true
C-113293,9770013293,2019-09-08,B-02,false
C-113294,9770013294,2022-05-15,B-17,true
C-113295,9770013295,2024-04-07,B-04,true
C-113296,9770013296,2022-05-31,B-09,true
C-113297,9770013297,2024-11-23,B-09,false
C-113298,9770013298,2024-02-13,B-02,false
C-113299,9770013299,2024-08-31,B-09,true
C-113300,9770013300,2022-04-25,B-09,false
C-113301,9770013301,2022-03-09,B-08,true
C-113302,9770013302,2021-10-01,B-08,false
C-113303,9770013303,2023-02-18,B-04,false
C-113304,9770013304,2022-07-02,B-09,true
C-113305,9770013305,2019-06-17,B-17,false
C-113306,9770013306,2020-11-28,B-04,false
C-113307,9770013307,2022-01-24,B-04,true
C-113308,9770013308,2019-11-27,B-04,true
C-113309,9770013309,2023-04-09,B-17,true
C-113310,9770013310,2022-07-25,B-08,true
C-113311,9770013311,2025-12-20,B-09,true
C-113312,9770013312,2023-01-02,B-17,false
C-113313,9770013313,2021-10-05,B-08,false
C-113314,9770013314,2022-11-27,B-08,false
C-113315,9770013315,2026-02-03,B-09,true
C-113316,9770013316,2021-02-21,B-04,true
C-113317,9770013317,2025-06-16,B-01,false
C-113318,9770013318,2024-07-31,B-17,true
C-113319,9770013319,2020-09-02,B-17,false
C-113320,9770013320,2025-05-02,B-08,false
C-113321,9770013321,2024-05-22,B-04,true
C-113322,9770013322,2023-03-31,B-17,false
C-113323,9770013323,2025-02-28,B-08,true
C-113324,9770013324,2019-10-21,B-02,true
C-113325,9770013325,2021-11-15,B-09,false
C-113326,9770013326,2021-07-14,B-01,false
C-113327,9770013327,2023-06-16,B-01,true
C-113328,9770013328,2026-02-16,B-09,true
C-113329,9770013329,2024-03-23,B-02,false
C-113330,9770013330,2025-10-04,B-04,false
C-113331,9770013331,2021-05-11,B-08,true
C-113332,9770013332,2024-07-01,B-08,false
C-113333,9770013333,2022-09-10,B-08,true
C-113334,9770013334,2024-08-05,B-04,false
C-113335,9770013335,2021-08-10,B-08,true
C-113336,9770013336,2020-08-07,B-02,true
C-113337,9770013337,2025-05-03,B-01,false
C-113338,9770013338,2023-12-25,B-04,false
C-113339,9770013339,2020-05-27,B-04,true
C-113340,9770013340,2020-10-14,B-04,false
C-113341,9770013341,2024-02-24,B-17,true
C-113342,9770013342,2020-12-09,B-09,true
C-113343,9770013343,2022-11-13,B-02,true
C-113344,9770013344,2021-09-20,B-08,true
C-113345,9770013345,2020-02-26,B-08,true
C-113346,9770013346,2023-12-13,B-02,true
C-113347,9770013347,2024-05-28,B-17,false
C-113348,9770013348,2019-09-23,B-08,true
C-113349,9770013349,2021-07-02,B-01,true
C-113350,9770013350,2019-08-16,B-09,false
C-113351,9770013351,2019-11-15,B-02,false
C-113352,9770013352,2022-01-04,B-08,false
C-113353,9770013353,2026-03-07,B-01,true
C-113354,9770013354,2024-08-13,B-08,false
C-113355,9770013355,2026-01-27,B-01,false
C-113356,9770013356,2024-05-01,B-17,false
C-113357,9770013357,2023-07-18,B-02,false
C-113358,9770013358,2023-09-05,B-09,false
C-113359,9770013359,2020-02-16,B-17,false
C-113360,9770013360,2023-01-23,B-08,true
C-113361,9770013361,2024-11-06,B-08,true
C-113362,9770013362,2022-05-05,B-02,true
C-113363,9770013363,2023-09-27,B-08,true
C-113364,9770013364,2020-01-28,B-09,true
C-113365,9770013365,2025-03-16,B-02,true
C-113366,9770013366,2021-11-27,B-02,false
C-113367,9770013367,2021-02-14,B-01,false
C-113368,9770013368,2025-11-20,B-17,false
C-113369,9770013369,2024-12-15,B-02,false
C-113370,9770013370,2022-05-08,B-17,false
C-113371,9770013371,2024-02-12,B-02,false
C-113372,9770013372,2021-08-11,B-08,false
C-113373,9770013373,2020-05-12,B-09,false
C-113374,9770013374,2020-06-11,B-02,true
C-113375,9770013375,2024-03-02,B-04,false
C-113376,9770013376,2021-02-16,B-08,false
C-113377,9770013377,2020-02-20,B-08,false
C-113378,9770013378,2019-11-08,B-04,false
C-113379,9770013379,2023-11-02,B-02,false
C-113380,9770013380,2025-05-28,B-17,true
C-113381,9770013381,2026-02-26,B-04,false
C-113382,9770013382,2021-05-14,B-02,false
C-113383,9770013383,2019-09-24,B-08,true
C-113384,9770013384,2020-09-28,B-08,false
C-113385,9770013385,2019-06-07,B-04,false
C-113386,9770013386,2021-10-22,B-02,false
C-113387,9770013387,2022-01-20,B-08,true
C-113388,9770013388,2024-02-05,B-17,true
C-113389,9770013389,2019-06-14,B-17,true
C-113390,9770013390,2024-10-29,B-04,false
C-113391,9770013391,2023-02-11,B-17,true
C-113392,9770013392,2020-08-13,B-17,true
C-113393,9770013393,2020-11-09,B-01,true
C-113394,9770013394,2021-12-15,B-08,false
C-113395,9770013395,2020-09-11,B-17,false
C-113396,9770013396,2026-01-08,B-08,true
C-113397,9770013397,2021-01-18,B-04,false
C-113398,9770013398,2023-03-27,B-02,false
C-113399,9770013399,2024-02-07,B-04,false
C-113400,9770013400,2019-09-06,B-01,true
C-113401,9770013401,2019-08-14,B-01,false
C-113402,9770013402,2023-07-27,B-09,false
C-113403,9770013403,2021-03-11,B-01,true
C-113404,9770013404,2024-05-17,B-17,true
C-113405,9770013405,2026-01-22,B-17,true
C-113406,9770013406,2022-12-31,B-08,false
C-113407,9770013407,2019-07-07,B-09,false
C-113408,9770013408,2025-04-08,B-01,true
C-113409,9770013409,2019-10-03,B-01,true
C-113410,9770013410,2023-06-21,B-02,false
C-113411,9770013411,2020-06-17,B-09,true
C-113412,9770013412,2020-06-13,B-08,false
C-113413,9770013413,2023-03-24,B-01,true
C-113414,9770013414,2021-04-30,B-02,false
C-113415,9770013415,2022-05-03,B-08,false
C-113416,9770013416,2021-01-23,B-09,true
C-113417,9770013417,2024-12-07,B-08,true
C-113418,9770013418,2022-12-06,B-01,false
C-113419,9770013419,2021-05-06,B-17,true
C-113420,9770013420,2020-04-06,B-09,false
C-113421,9770013421,2025-01-17,B-02,false
C-113422,9770013422,2024-07-28,B-09,false
C-113423,9770013423,2021-11-17,B-02,false
C-113424,9770013424,2023-04-02,B-02,false
C-113425,9770013425,2025-04-27,B-17,true
C-113426,9770013426,2025-05-06,B-04,false
C-113427,9770013427,2020-06-10,B-04,true
C-113428,9770013428,2019-06-07,B-09,true
C-113429,9770013429,2025-12-07,B-02,false
C-113430,9770013430,2019-06-26,B-08,false
C-113431,9770013431,2023-09-13,B-02,false
C-113432,9770013432,2021-10-02,B-09,true
C-113433,9770013433,2021-02-02,B-08,false
C-113434,9770013434,2025-01-07,B-09,true
C-113435,9770013435,2020-06-12,B-08,true
C-113436,9770013436,2020-08-22,B-17,false
C-113437,9770013437,2020-09-01,B-08,false
C-113438,9770013438,2021-03-17,B-04,true
C-113439,9770013439,2021-04-03,B-04,false
C-113440,9770013440,2023-10-25,B-01,false
C-113441,9770013441,2020-10-11,B-04,true
C-113442,9770013442,2021-06-21,B-09,true
C-113443,9770013443,2021-02-03,B-09,true
C-113444,9770013444,2020-03-04,B-01,false
C-113445,9770013445,2021-08-16,B-04,true
C-113446,9770013446,2019-05-30,B-08,false
C-113447,9770013447,2023-04-01,B-04,false
C-113448,9770013448,2019-12-28,B-02,true
C-113449,9770013449,2020-11-20,B-08,false
C-113450,9770013450,2024-07-10,B-09,false
C-113451,9770013451,2023-07-29,B-17,false
C-113452,9770013452,2021-02-27,B-02,true
C-113453,9770013453,2025-05-18,B-09,false
C-113454,9770013454,2023-09-30,B-09,false
C-113455,9770013455,2021-12-08,B-02,true
C-113456,9770013456,2022-01-29,B-04,false
C-113457,9770013457,2021-08-26,B-09,false
C-113458,9770013458,2021-03-18,B-01,true
C-113459,9770013459,2020-11-18,B-08,true
C-113460,9770013460,2022-09-08,B-09,false
C-113461,9770013461,2023-03-18,B-17,true
C-113462,9770013462,2021-03-17,B-02,true
C-113463,9770013463,2020-06-29,B-09,true
C-113464,9770013464,2020-11-16,B-02,true
C-113465,9770013465,2025-03-07,B-09,false
C-113466,9770013466,2020-09-28,B-08,false
C-113467,9770013467,2024-08-26,B-01,false
C-113468,9770013468,2020-10-30,B-17,false
C-113469,9770013469,2019-11-08,B-08,false
C-113470,9770013470,2022-06-11,B-01,true
C-113471,9770013471,2025-07-03,B-09,true
C-113472,9770013472,2019-10-22,B-09,true
C-113473,9770013473,2023-05-12,B-01,false
C-113474,9770013474,2023-08-28,B-17,false
C-113475,9770013475,2020-08-27,B-08,false
C-113476,9770013476,2025-05-21,B-17,false
C-113477,9770013477,2024-11-23,B-01,true
C-113478,9770013478,2021-10-06,B-17,true
C-113479,9770013479,2024-08-21,B-09,false
C-113480,9770013480,2023-06-12,B-17,true
C-113481,9770013481,2020-02-08,B-08,false
C-113482,9770013482,2022-03-22,B-08,false
C-113483,9770013483,2020-10-08,B-01,true
C-113484,9770013484,2026-03-05,B-02,true
C-113485,9770013485,2025-02-06,B-04,false
C-113486,9770013486,2026-03-04,B-08,true
C-113487,9770013487,2019-06-13,B-02,false
C-113488,9770013488,2020-05-17,B-01,true
C-113489,9770013489,2023-12-20,B-17,false
C-113490,9770013490,2024-04-23,B-09,false
C-113491,9770013491,2023-01-04,B-17,false
C-113492,9770013492,2024-02-14,B-02,false
C-113493,9770013493,2022-01-29,B-08,true
C-113494,9770013494,2026-01-09,B-08,true
C-113495,9770013495,2023-01-12,B-04,true
C-113496,9770013496,2021-06-08,B-17,false
C-113497,9770013497,2019-10-13,B-17,false
C-113498,9770013498,2025-03-13,B-08,false
C-113499,9770013499,2024-06-19,B-04,false
C-113500,9770013500,2024-06-03,B-02,false
C-113501,9770013501,2019-05-30,B-04,false
C-113502,9770013502,2023-12-07,B-01,true
C-113503,9770013503,2019-05-30,B-01,true
C-113504,9770013504,2024-10-15,B-17,true
C-113505,9770013505,2025-05-04,B-04,false
C-113506,9770013506,2020-10-21,B-02,false
C-113507,9770013507,2020-05-31,B-17,false
C-113508,9770013508,2019-09-30,B-09,false
C-113509,9770013509,2023-03-10,B-04,false
C-113510,9770013510,2024-05-28,B-09,false
C-113511,9770013511,2022-05-20,B-17,true
C-113512,9770013512,2025-11-25,B-08,false
C-113513,9770013513,2021-10-27,B-04,true
C-113514,9770013514,2020-08-01,B-09,false
C-113515,9770013515,2020-07-15,B-09,false
C-113516,9770013516,2022-02-16,B-02,true
C-113517,9770013517,2024-12-10,B-08,true
C-113518,9770013518,2025-10-29,B-17,true
C-113519,9770013519,2023-03-12,B-02,true
C-113520,9770013520,2024-01-26,B-02,true
C-113521,9770013521,2025-11-18,B-08,false
C-113522,9770013522,2024-09-03,B-08,true
C-113523,9770013523,2021-10-10,B-08,true
C-113524,9770013524,2021-03-05,B-02,false
C-113525,9770013525,2020-03-08,B-01,false
C-113526,9770013526,2021-03-06,B-17,false
C-113527,9770013527,2025-08-10,B-02,true
C-113528,9770013528,2022-11-07,B-04,false
C-113529,9770013529,2025-11-11,B-17,true
C-113530,9770013530,2024-04-05,B-17,true
C-113531,9770013531,2026-03-04,B-01,true
C-113532,9770013532,2025-12-13,B-01,true
C-113533,9770013533,2024-09-25,B-02,false
C-113534,9770013534,2021-04-04,B-08,false
C-113535,9770013535,2020-07-02,B-02,true
C-113536,9770013536,2023-03-19,B-02,true
C-113537,9770013537,2021-07-15,B-01,true
C-113538,9770013538,2024-02-17,B-04,true
C-113539,9770013539,2020-09-17,B-17,true
C-113540,9770013540,2025-11-19,B-08,true
C-113541,9770013541,2021-12-18,B-08,false
C-113542,9770013542,2019-10-21,B-04,false
C-113543,9770013543,2022-05-01,B-09,false
C-113544,9770013544,2024-05-25,B-04,false
C-113545,9770013545,2021-11-04,B-04,false
C-113546,9770013546,2022-10-13,B-04,false
C-113547,9770013547,2023-06-09,B-04,false
C-113548,9770013548,2023-03-01,B-01,false
C-113549,9770013549,2020-11-20,B-01,false
C-113550,9770013550,2025-01-14,B-09,false
C-113551,9770013551,2019-07-24,B-04,false
C-113552,9770013552,2020-11-28,B-09,true
C-113553,9770013553,2024-03-06,B-01,false
C-113554,9770013554,2022-12-05,B-02,true
C-113555,9770013555,2020-12-29,B-04,false
C-113556,9770013556,2021-09-01,B-02,false
C-113557,9770013557,2023-10-13,B-04,false
C-113558,9770013558,2019-11-26,B-08,false
C-113559,9770013559,2024-02-16,B-08,false
C-113560,9770013560,2024-10-23,B-08,false
C-113561,9770013561,2022-02-25,B-17,true
C-113562,9770013562,2020-02-29,B-08,true
C-113563,9770013563,2022-05-11,B-04,true
C-113564,9770013564,2021-09-03,B-17,false
C-113565,9770013565,2021-11-07,B-08,true
C-113566,9770013566,2021-02-19,B-08,true
C-113567,9770013567,2025-06-12,B-09,false
C-113568,9770013568,2022-11-27,B-04,false
C-113569,9770013569,2026-01-30,B-09,true
C-113570,9770013570,2023-07-09,B-02,false
C-113571,9770013571,2023-08-11,B-09,false
C-113572,9770013572,2025-04-18,B-17,true
C-113573,9770013573,2026-03-16,B-09,true
C-113574,9770013574,2019-11-10,B-01,true
C-113575,9770013575,2026-01-29,B-04,false
C-113576,9770013576,2020-02-19,B-02,true
C-113577,9770013577,2020-01-01,B-09,false
C-113578,9770013578,2025-12-09,B-04,false
C-113579,9770013579,2025-04-25,B-04,true
C-113580,9770013580,2021-02-16,B-09,false
C-113581,9770013581,2023-09-18,B-01,true
C-113582,9770013582,2024-09-08,B-01,false
C-113583,9770013583,2024-05-03,B-04,true
C-113584,9770013584,2023-03-18,B-04,false
C-113585,9770013585,2025-02-05,B-04,false
C-113586,9770013586,2021-12-08,B-17,false
C-113587,9770013587,2022-08-20,B-17,false
C-113588,9770013588,2024-11-13,B-01,true
C-113589,9770013589,2023-02-08,B-08,false
C-113590,9770013590,2022-11-22,B-09,false
C-113591,9770013591,2021-12-14,B-04,false
C-113592,9770013592,2024-05-15,B-01,false
C-113593,9770013593,2025-03-25,B-04,false
C-113594,9770013594,2025-09-12,B-01,true
C-113595,9770013595,2021-06-23,B-09,false
C-113596,9770013596,2026-03-29,B-01,true
C-113597,9770013597,2026-01-20,B-04,false
C-113598,9770013598,2024-03-05,B-02,true
C-113599,9770013599,2026-02-09,B-09,false
C-113600,9770013600,2022-10-03,B-01,true
C-113601,9770013601,2024-10-13,B-01,false
C-113602,9770013602,2019-08-28,B-09,true
C-113603,9770013603,2023-12-22,B-04,true
C-113604,9770013604,2019-07-09,B-01,false
C-113605,9770013605,2026-03-23,B-17,true
C-113606,9770013606,2026-02-11,B-04,false
C-113607,9770013607,2021-09-05,B-09,true
C-113608,9770013608,2024-12-06,B-01,true
C-113609,9770013609,2025-05-24,B-02,true
C-113610,9770013610,2021-09-25,B-02,false
C-113611,9770013611,2022-09-25,B-04,false
C-113612,9770013612,2020-11-14,B-08,false
C-113613,9770013613,2019-12-06,B-08,false
C-113614,9770013614,2024-09-16,B-17,false
C-113615,9770013615,2022-08-21,B-08,false
C-113616,9770013616,2020-10-07,B-02,false
C-113617,9770013617,2024-09-22,B-17,false
C-113618,9770013618,2020-03-10,B-01,true
C-113619,9770013619,2024-07-04,B-17,false
C-113620,9770013620,2025-06-05,B-17,false
C-113621,9770013621,2024-06-24,B-01,false
C-113622,9770013622,2022-01-30,B-01,true
C-113623,9770013623,2022-01-19,B-08,true
C-113624,9770013624,2023-05-05,B-09,true
C-113625,9770013625,2023-05-17,B-04,false
C-113626,9770013626,2021-12-01,B-09,false
C-113627,9770013627,2022-11-16,B-02,true
C-113628,9770013628,2020-04-04,B-09,true
C-113629,9770013629,2025-07-10,B-09,false
C-113630,9770013630,2024-01-07,B-08,true
C-113631,9770013631,2022-01-01,B-17,false
C-113632,9770013632,2025-12-15,B-17,false
C-113633,9770013633,2023-05-24,B-01,true
C-113634,9770013634,2019-11-28,B-04,false
C-113635,9770013635,2020-08-20,B-09,true
C-113636,9770013636,2020-03-04,B-08,false
C-113637,9770013637,2025-05-26,B-09,false
C-113638,9770013638,2019-07-13,B-01,true
C-113639,9770013639,2025-03-03,B-08,false
C-113640,9770013640,2020-07-31,B-01,true
C-113641,9770013641,2022-09-02,B-08,false
C-113642,9770013642,2022-01-01,B-09,false
C-113643,9770013643,2023-08-24,B-08,true
C-113644,9770013644,2024-01-17,B-01,false
C-113645,9770013645,2025-03-07,B-04,true
C-113646,9770013646,2024-06-30,B-17,false
C-113647,9770013647,2024-01-12,B-17,false
C-113648,9770013648,2020-09-11,B-01,true
C-113649,9770013649,2025-10-26,B-08,false
C-113650,9770013650,2023-11-25,B-01,false
C-113651,9770013651,2020-01-06,B-04,false
C-113652,9770013652,2025-11-15,B-17,false
C-113653,9770013653,2023-08-17,B-17,true
C-113654,9770013654,2021-01-01,B-04,false
C-113655,9770013655,2022-11-24,B-08,true
C-113656,9770013656,2022-10-10,B-04,true
C-113657,9770013657,2022-08-11,B-01,false
C-113658,9770013658,2020-06-23,B-17,false
C-113659,9770013659,2022-06-09,B-04,false
C-113660,9770013660,2021-01-11,B-08,false
C-113661,9770013661,2025-01-19,B-08,false
C-113662,9770013662,2020-07-07,B-04,false
C-113663,9770013663,2025-08-17,B-02,false
C-113664,9770013664,2020-08-18,B-17,true
C-113665,9770013665,2024-03-04,B-04,false
C-113666,9770013666,2020-06-19,B-17,false
C-113667,9770013667,2025-11-25,B-17,false
C-113668,9770013668,2024-11-15,B-08,true
C-113669,9770013669,2020-10-02,B-04,false
C-113670,9770013670,2023-05-04,B-17,false
C-113671,9770013671,2021-01-08,B-08,false
C-113672,9770013672,2024-02-03,B-01,false
C-113673,9770013673,2022-07-13,B-04,false
C-113674,9770013674,2019-10-23,B-08,true
C-113675,9770013675,2023-01-25,B-01,false
C-113676,9770013676,2022-07-08,B-01,false
C-113677,9770013677,2021-09-29,B-01,false
C-113678,9770013678,2021-10-17,B-04,false
C-113679,9770013679,2023-11-20,B-04,false
C-113680,9770013680,2019-07-23,B-17,true
C-113681,9770013681,2023-01-01,B-02,false
C-113682,9770013682,2020-10-10,B-17,true
C-113683,9770013683,2023-12-03,B-08,true
C-113684,9770013684,2021-02-13,B-01,false
C-113685,9770013685,2021-09-26,B-02,false
C-113686,9770013686,2024-09-27,B-01,false
C-113687,9770013687,2021-08-01,B-09,true
C-113688,9770013688,2025-12-07,B-08,false
C-113689,9770013689,2022-12-24,B-02,false
C-113690,9770013690,2025-05-22,B-01,true
C-113691,9770013691,2024-03-28,B-09,true
C-113692,9770013692,2023-05-26,B-09,false
C-113693,9770013693,2021-09-21,B-02,false
C-113694,9770013694,2024-09-05,B-17,false
C-113695,9770013695,2021-05-31,B-09,true
C-113696,9770013696,2025-04-23,B-09,true
C-113697,9770013697,2021-07-23,B-02,true
C-113698,9770013698,2023-01-06,B-02,false
C-113699,9770013699,2025-02-22,B-17,false
C-113700,9770013700,2025-11-26,B-17,false
C-113701,9770013701,2022-06-16,B-08,true
C-113702,9770013702,2024-01-16,B-09,true
C-113703,9770013703,2023-05-30,B-08,true
C-113704,9770013704,2025-07-26,B-04,false
C-113705,9770013705,2023-08-22,B-01,true
C-113706,9770013706,2025-08-12,B-17,false
C-113707,9770013707,2023-05-25,B-17,false
C-113708,9770013708,2024-03-24,B-01,false
C-113709,9770013709,2021-02-27,B-17,false
C-113710,9770013710,2019-09-30,B-08,false
C-113711,9770013711,2021-08-19,B-08,false
C-113712,9770013712,2025-02-21,B-09,false
C-113713,9770013713,2024-06-18,B-09,true
C-113714,9770013714,2026-01-25,B-02,true
C-113715,9770013715,2021-02-09,B-01,false
C-113716,9770013716,2024-04-17,B-08,false
C-113717,9770013717,2019-08-08,B-02,false
C-113718,9770013718,2025-12-14,B-17,false
C-113719,9770013719,2025-02-15,B-08,true
C-113720,9770013720,2024-01-17,B-08,true
C-113721,9770013721,2025-07-13,B-08,true
C-113722,9770013722,2025-06-26,B-01,true
C-113723,9770013723,2025-05-13,B-17,true
C-113724,9770013724,2020-05-24,B-08,true
C-113725,9770013725,2023-05-26,B-02,false
C-113726,9770013726,2021-12-19,B-08,false
C-113727,9770013727,2022-02-05,B-02,false
C-113728,9770013728,2020-03-28,B-04,false
C-113729,9770013729,2024-09-20,B-01,false
C-113730,9770013730,2022-08-16,B-09,false
C-113731,9770013731,2023-08-07,B-09,false
C-113732,9770013732,2022-03-02,B-01,false
C-113733,9770013733,2021-07-03,B-17,false
C-113734,9770013734,2023-08-24,B-02,true
C-113735,9770013735,2019-11-04,B-04,false
C-113736,9770013736,2022-02-06,B-01,true
C-113737,9770013737,2025-04-09,B-02,false
C-113738,9770013738,2023-10-19,B-04,true
C-113739,9770013739,2024-01-28,B-08,false
C-113740,9770013740,2022-02-19,B-08,true
C-113741,9770013741,2025-02-11,B-01,false
C-113742,9770013742,2020-08-07,B-02,false
C-113743,9770013743,2022-10-07,B-08,true
C-113744,9770013744,2026-01-14,B-08,true
C-113745,9770013745,2024-02-01,B-17,false
C-113746,9770013746,2023-02-22,B-09,false
C-113747,9770013747,2023-04-22,B-02,false
C-113748,9770013748,2025-05-15,B-02,false
C-113749,9770013749,2019-12-24,B-02,false
C-113750,9770013750,2020-04-27,B-17,false
C-113751,9770013751,2025-01-03,B-08,false
C-113752,9770013752,2020-02-12,B-01,true
C-113753,9770013753,2025-02-12,B-08,false
C-113754,9770013754,2020-07-02,B-02,true
C-113755,9770013755,2022-09-09,B-09,true
C-113756,9770013756,2024-07-06,B-08,false
C-113757,9770013757,2024-03-08,B-17,true
C-113758,9770013758,2025-03-06,B-02,true
C-113759,9770013759,2020-09-26,B-02,true
C-113760,9770013760,2020-02-07,B-08,false
C-113761,9770013761,2025-05-03,B-01,false
C-113762,9770013762,2020-12-05,B-17,false
C-113763,9770013763,2025-08-23,B-08,false
C-113764,9770013764,2023-03-05,B-09,true
C-113765,9770013765,2022-01-14,B-17,false
C-113766,9770013766,2024-11-23,B-09,false
C-113767,9770013767,2023-05-20,B-04,false
C-113768,9770013768,2021-10-24,B-17,false
C-113769,9770013769,2019-11-18,B-09,true
C-113770,9770013770,2024-02-19,B-01,true
C-113771,9770013771,2020-06-17,B-08,false
C-113772,9770013772,2020-08-11,B-04,false
C-113773,9770013773,2026-03-25,B-02,true
C-113774,9770013774,2023-12-13,B-04,false
C-113775,9770013775,2025-12-18,B-17,false
C-113776,9770013776,2020-03-01,B-08,true
C-113777,9770013777,2020-07-24,B-08,false
C-113778,9770013778,2020-12-21,B-09,false
C-113779,9770013779,2023-05-06,B-17,false
C-113780,9770013780,2023-07-19,B-17,false
C-113781,9770013781,2020-05-03,B-08,false
C-113782,9770013782,2024-05-29,B-02,true
C-113783,9770013783,2021-09-07,B-17,false
C-113784,9770013784,2022-08-13,B-04,false
C-113785,9770013785,2025-04-13,B-08,false
C-113786,9770013786,2021-02-22,B-04,true
C-113787,9770013787,2025-04-22,B-09,true
C-113788,9770013788,2020-09-26,B-04,true
C-113789,9770013789,2019-06-14,B-04,true
C-113790,9770013790,2022-05-20,B-17,true
C-113791,9770013791,2022-07-15,B-01,false
C-113792,9770013792,2024-05-22,B-04,false
C-113793,9770013793,2025-03-26,B-17,true
C-113794,9770013794,2024-07-14,B-04,true
C-113795,9770013795,2022-12-03,B-02,false
C-113796,9770013796,2021-04-24,B-08,false
C-113797,9770013797,2021-04-12,B-08,false
C-113798,9770013798,2022-11-19,B-01,false
C-113799,9770013799,2022-05-06,B-04,false
C-113800,9770013800,2021-09-11,B-08,true
C-113801,9770013801,2021-07-05,B-01,true
C-113802,9770013802,2023-09-03,B-02,false
C-113803,9770013803,2022-10-31,B-08,false
C-113804,9770013804,2022-02-01,B-08,false
C-113805,9770013805,2020-01-12,B-01,true
C-113806,9770013806,2024-01-24,B-04,false
C-113807,9770013807,2022-05-05,B-02,true
C-113808,9770013808,2025-11-06,B-02,false
C-113809,9770013809,2024-03-31,B-04,false
C-113810,9770013810,2025-09-30,B-08,false
C-113811,9770013811,2025-03-16,B-04,false
C-113812,9770013812,2021-05-27,B-04,true
C-113813,9770013813,2021-06-20,B-17,false
C-113814,9770013814,2020-06-04,B-01,false
C-113815,9770013815,2023-02-15,B-17,true
C-113816,9770013816,2019-12-12,B-17,false
C-113817,9770013817,2022-06-04,B-17,false
C-113818,9770013818,2024-06-22,B-17,true
C-113819,9770013819,2021-09-13,B-01,false
C-113820,9770013820,2024-03-28,B-08,false
C-113821,9770013821,2024-07-17,B-09,true
C-113822,9770013822,2025-11-30,B-02,false
C-113823,9770013823,2019-08-15,B-01,false
C-113824,9770013824,2020-01-25,B-17,false
C-113825,9770013825,2020-05-29,B-04,true
C-113826,9770013826,2021-08-11,B-01,false
C-113827,9770013827,2022-03-29,B-01,false
C-113828,9770013828,2019-08-14,B-04,false
C-113829,9770013829,2020-03-05,B-01,false
C-113830,9770013830,2026-02-14,B-08,false
C-113831,9770013831,2021-11-24,B-04,false
C-113832,9770013832,2021-07-23,B-09,false
C-113833,9770013833,2023-09-17,B-09,false
C-113834,9770013834,2019-11-11,B-08,false
C-113835,9770013835,2021-05-12,B-09,false
C-113836,9770013836,2023-01-24,B-04,false
C-113837,9770013837,2023-10-27,B-17,false
C-113838,9770013838,2021-12-24,B-17,true
C-113839,9770013839,2025-04-13,B-04,true
C-113840,9770013840,2020-07-25,B-09,true
C-113841,9770013841,2020-08-14,B-08,true
C-113842,9770013842,2024-04-19,B-04,true
C-113843,9770013843,2026-03-31,B-01,false
C-113844,9770013844,2020-11-14,B-09,false
C-113845,9770013845,2024-07-04,B-02,true
C-113846,9770013846,2024-01-22,B-08,false
C-113847,9770013847,2022-01-08,B-02,false
C-113848,9770013848,2025-10-04,B-04,true
C-113849,9770013849,2025-12-23,B-08,false
C-113850,9770013850,2020-10-04,B-09,true
C-113851,9770013851,2021-08-08,B-01,false
C-113852,9770013852,2020-04-05,B-08,true
C-113853,9770013853,2025-07-28,B-09,false
C-113854,9770013854,2021-11-22,B-17,false
C-113855,9770013855,2020-04-18,B-02,true
C-113856,9770013856,2025-04-04,B-01,false
C-113857,9770013857,2024-09-23,B-04,false
C-113858,9770013858,2024-10-21,B-04,true
C-113859,9770013859,2022-02-06,B-01,true
C-113860,9770013860,2025-09-25,B-01,true
C-113861,9770013861,2025-02-18,B-02,true
C-113862,9770013862,2023-03-03,B-17,false
C-113863,9770013863,2020-10-20,B-04,false
C-113864,9770013864,2025-11-17,B-02,true
C-113865,9770013865,2022-09-11,B-17,false
C-113866,9770013866,2025-10-27,B-02,false
C-113867,9770013867,2025-04-30,B-01,true
C-113868,9770013868,2023-09-09,B-02,true
C-113869,9770013869,2019-10-22,B-01,false
C-113870,9770013870,2020-02-04,B-08,false
C-113871,9770013871,2024-04-28,B-02,false
C-113872,9770013872,2025-07-11,B-08,false
C-113873,9770013873,2022-06-29,B-09,false
C-113874,9770013874,2024-10-13,B-02,false
C-113875,9770013875,2026-02-06,B-01,true
C-113876,9770013876,2025-05-13,B-02,false
C-113877,9770013877,2022-12-17,B-01,false
C-113878,9770013878,2020-10-27,B-01,false
C-113879,9770013879,2022-12-10,B-17,true
C-113880,9770013880,2021-08-10,B-17,true
C-113881,9770013881,2022-04-26,B-09,true
C-113882,9770013882,2023-07-07,B-17,false
C-113883,9770013883,2019-12-02,B-09,true
C-113884,9770013884,2021-12-31,B-09,false
C-113885,9770013885,2024-05-24,B-08,true
C-113886,9770013886,2024-07-24,B-02,true
C-113887,9770013887,2020-09-07,B-01,false
C-113888,9770013888,2021-11-12,B-04,false
C-113889,9770013889,2024-03-23,B-04,false
C-113890,9770013890,2020-07-02,B-01,false
C-113891,9770013891,2023-05-26,B-17,true
C-113892,9770013892,2023-10-18,B-04,true
C-113893,9770013893,2025-10-11,B-04,false
C-113894,9770013894,2025-03-25,B-08,false
C-113895,9770013895,2020-04-05,B-02,false
C-113896,9770013896,2020-12-01,B-09,false
C-113897,9770013897,2019-12-17,B-04,false
C-113898,9770013898,2022-02-19,B-04,true
C-113899,9770013899,2022-03-11,B-17,true
C-113900,9770013900,2021-08-18,B-08,false
C-113901,9770013901,2025-03-03,B-01,true
C-113902,9770013902,2022-08-11,B-09,false
C-113903,9770013903,2025-12-28,B-02,false
C-113904,9770013904,2019-10-27,B-17,false
C-113905,9770013905,2021-12-17,B-17,true
C-113906,9770013906,2021-07-09,B-04,false
C-113907,9770013907,2020-01-22,B-08,true
C-113908,9770013908,2024-10-27,B-04,false
C-113909,9770013909,2022-07-28,B-08,true
C-113910,9770013910,2022-11-01,B-04,false
C-113911,9770013911,2020-12-26,B-01,false
C-113912,9770013912,2025-09-24,B-01,true
C-113913,9770013913,2020-11-05,B-01,false
C-113914,9770013914,2021-06-27,B-09,false
C-113915,9770013915,2020-07-10,B-01,false
C-113916,9770013916,2020-01-17,B-02,true
C-113917,9770013917,2020-07-21,B-01,true
C-113918,9770013918,2019-10-21,B-09,false
C-113919,9770013919,2022-08-22,B-08,true
C-113920,9770013920,2021-09-07,B-17,false
C-113921,9770013921,2021-11-11,B-17,false
C-113922,9770013922,2025-12-09,B-17,false
C-113923,9770013923,2025-03-13,B-08,true
C-113924,9770013924,2025-11-13,B-01,false
C-113925,9770013925,2024-12-15,B-01,false
C-113926,9770013926,2025-07-27,B-01,false
C-113927,9770013927,2021-08-15,B-01,false
C-113928,9770013928,2023-09-07,B-01,false
C-113929,9770013929,2025-04-17,B-17,false
C-113930,9770013930,2022-02-14,B-04,false
C-113931,9770013931,2023-04-11,B-17,false
C-113932,9770013932,2019-08-03,B-09,false
C-113933,9770013933,2021-10-06,B-02,true
C-113934,9770013934,2020-04-02,B-04,true
C-113935,9770013935,2024-02-02,B-04,true
C-113936,9770013936,2021-06-23,B-09,true
C-113937,9770013937,2020-02-17,B-02,false
C-113938,9770013938,2023-05-11,B-02,false
C-113939,9770013939,2023-04-23,B-04,false
C-113940,9770013940,2024-02-20,B-09,false
C-113941,9770013941,2025-02-05,B-09,true
C-113942,9770013942,2023-09-17,B-02,false
C-113943,9770013943,2021-12-10,B-01,true
C-113944,9770013944,2021-09-08,B-09,true
C-113945,9770013945,2022-10-10,B-08,false
C-113946,9770013946,2021-10-19,B-08,false
C-113947,9770013947,2021-08-06,B-02,false
C-113948,9770013948,2020-02-01,B-17,false
C-113949,9770013949,2021-10-30,B-08,false
C-113950,9770013950,2024-02-13,B-09,false
C-113951,9770013951,2025-07-28,B-01,true
C-113952,9770013952,2022-08-29,B-09,true
C-113953,9770013953,2021-06-30,B-09,true
C-113954,9770013954,2022-03-05,B-08,true
C-113955,9770013955,2022-04-12,B-02,true
C-113956,9770013956,2025-06-06,B-02,true
C-113957,9770013957,2019-10-02,B-02,false
C-113958,9770013958,2021-04-10,B-09,false
C-113959,9770013959,2023-03-16,B-09,false
C-113960,9770013960,2022-07-09,B-08,false
C-113961,9770013961,2023-07-24,B-09,true
C-113962,9770013962,2019-12-26,B-01,true
C-113963,9770013963,2021-02-01,B-02,true
C-113964,9770013964,2020-04-18,B-09,false
C-113965,9770013965,2024-05-05,B-01,false
C-113966,9770013966,2023-01-07,B-08,false
C-113967,9770013967,2024-03-07,B-17,true
C-113968,9770013968,2019-10-02,B-04,true
C-113969,9770013969,2025-08-12,B-04,true
C-113970,9770013970,2021-09-27,B-09,false
C-113971,9770013971,2025-08-05,B-08,true
C-113972,9770013972,2024-02-28,B-17,false
C-113973,9770013973,2023-09-21,B-17,false
C-113974,9770013974,2025-07-24,B-02,false
C-113975,9770013975,2020-07-07,B-17,false
C-113976,9770013976,2023-03-03,B-09,false
C-113977,9770013977,2024-04-12,B-02,true
C-113978,9770013978,2019-10-17,B-01,true
C-113979,9770013979,2024-01-19,B-01,true
C-113980,9770013980,2021-11-09,B-01,false
C-113981,9770013981,2024-02-16,B-02,false
C-113982,9770013982,2023-02-19,B-04,true
C-113983,9770013983,2025-11-06,B-02,true
C-113984,9770013984,2026-01-26,B-08,true
C-113985,9770013985,2020-03-31,B-08,false
C-113986,9770013986,2022-11-25,B-01,false
C-113987,9770013987,2022-03-09,B-09,false
C-113988,9770013988,2020-04-27,B-09,false
C-113989,9770013989,2021-02-22,B-01,true
C-113990,9770013990,2023-04-09,B-04,false
C-113991,9770013991,2025-06-14,B-01,false
C-113992,9770013992,2025-07-23,B-09,false
C-113993,9770013993,2024-11-07,B-17,true
C-113994,9770013994,2021-11-17,B-04,false
C-113995,9770013995,2022-10-03,B-04,true
C-113996,9770013996,2022-01-22,B-09,false
C-113997,9770013997,2023-09-18,B-09,false
C-113998,9770013998,2020-11-05,B-17,false
C-113999,9770013999,2023-11-12,B-09,true
C-114000,9770014000,2021-03-26,B-01,true
C-114001,9770014001,2019-08-18,B-04,false
C-114002,9770014002,2019-09-01,B-09,true
C-114003,9770014003,2023-01-23,B-04,false
C-114004,9770014004,2024-06-09,B-01,false
C-114005,9770014005,2023-01-24,B-02,true
C-114006,9770014006,2024-08-25,B-01,false
C-114007,9770014007,2023-01-09,B-08,false
C-114008,9770014008,2025-12-05,B-02,false
C-114009,9770014009,2021-11-12,B-02,false
C-114010,9770014010,2022-10-17,B-17,false
C-114011,9770014011,2025-02-22,B-02,true
C-114012,9770014012,2021-06-17,B-01,false
C-114013,9770014013,2025-11-18,B-01,true
C-114014,9770014014,2020-07-12,B-09,false
C-114015,9770014015,2020-12-16,B-01,false
C-114016,9770014016,2020-08-20,B-08,false
C-114017,9770014017,2022-11-01,B-17,false
C-114018,9770014018,2024-05-31,B-08,true
C-114019,9770014019,2022-11-22,B-09,true
C-114020,9770014020,2024-11-01,B-09,false
C-114021,9770014021,2021-09-09,B-04,false
C-114022,9770014022,2025-08-13,B-09,false
C-114023,9770014023,2024-12-14,B-02,false
C-114024,9770014024,2024-05-01,B-08,true
C-114025,9770014025,2022-03-23,B-08,false
C-114026,9770014026,2024-06-07,B-02,true
C-114027,9770014027,2022-06-01,B-17,false
C-114028,9770014028,2025-09-09,B-09,true
C-114029,9770014029,2020-11-10,B-17,false
C-114030,9770014030,2024-11-07,B-08,false
C-114031,9770014031,2021-03-20,B-02,false
C-114032,9770014032,2024-09-18,B-09,false
C-114033,9770014033,2024-11-29,B-02,true
C-114034,9770014034,2024-10-12,B-08,false
C-114035,9770014035,2023-12-02,B-04,false
C-114036,9770014036,2022-03-12,B-08,false
C-114037,9770014037,2021-01-15,B-04,false
C-114038,9770014038,2022-10-02,B-04,true
C-114039,9770014039,2021-03-04,B-04,false
C-114040,9770014040,2020-10-30,B-17,false
C-114041,9770014041,2024-02-04,B-04,true
C-114042,9770014042,2020-07-27,B-04,false
C-114043,9770014043,2023-11-07,B-04,false
C-114044,9770014044,2021-11-17,B-08,false
C-114045,9770014045,2022-08-12,B-01,true
C-114046,9770014046,2024-10-12,B-04,false
C-114047,9770014047,2020-09-23,B-02,false
C-114048,9770014048,2022-08-26,B-08,false
C-114049,9770014049,2021-06-08,B-01,true
C-114050,9770014050,2021-08-07,B-09,false
C-114051,9770014051,2023-11-24,B-08,true
C-114052,9770014052,2022-10-11,B-09,false
C-114053,9770014053,2023-12-11,B-08,false
C-114054,9770014054,2024-11-27,B-17,true
C-114055,9770014055,2025-09-25,B-08,false
C-114056,9770014056,2024-05-15,B-01,false
C-114057,9770014057,2021-08-27,B-17,true
C-114058,9770014058,2021-06-15,B-09,false
C-114059,9770014059,2023-05-26,B-04,true
C-114060,9770014060,2024-02-04,B-02,true
C-114061,9770014061,2025-08-02,B-04,true
C-114062,9770014062,2022-10-25,B-08,false
C-114063,9770014063,2021-02-04,B-02,false
C-114064,9770014064,2021-06-22,B-17,false
C-114065,9770014065,2022-12-13,B-08,true
C-114066,9770014066,2019-11-15,B-09,false
C-114067,9770014067,2023-06-14,B-08,false
C-114068,9770014068,2021-10-23,B-04,true
C-114069,9770014069,2024-09-10,B-17,true
C-114070,9770014070,2022-11-11,B-08,false
C-114071,9770014071,2023-05-06,B-01,true
C-114072,9770014072,2023-03-02,B-01,false
C-114073,9770014073,2025-11-23,B-17,false
C-114074,9770014074,2021-06-08,B-01,true
C-114075,9770014075,2024-08-28,B-09,false
C-114076,9770014076,2024-09-08,B-09,true
C-114077,9770014077,2025-01-28,B-08,true
C-114078,9770014078,2022-09-21,B-08,false
C-114079,9770014079,2021-08-25,B-04,false
C-114080,9770014080,2025-01-08,B-04,false
C-114081,9770014081,2024-04-11,B-02,false
C-114082,9770014082,2022-08-24,B-08,true
C-114083,9770014083,2021-07-14,B-01,false
C-114084,9770014084,2019-12-06,B-04,false
C-114085,9770014085,2023-10-28,B-04,true
C-114086,9770014086,2022-06-16,B-02,true
C-114087,9770014087,2024-01-20,B-17,false
C-114088,9770014088,2023-03-03,B-01,false
C-114089,9770014089,2023-01-16,B-04,true
C-114090,9770014090,2022-02-21,B-04,false
C-114091,9770014091,2023-08-01,B-17,true
C-114092,9770014092,2022-07-26,B-04,false
C-114093,9770014093,2020-06-08,B-17,false
C-114094,9770014094,2024-09-16,B-09,false
C-114095,9770014095,2026-01-20,B-09,true
C-114096,9770014096,2026-01-06,B-01,true
C-114097,9770014097,2025-11-12,B-04,false
C-114098,9770014098,2019-06-05,B-04,false
C-114099,9770014099,2021-09-04,B-04,true
C-114100,9770014100,2020-01-05,B-17,false
C-114101,9770014101,2021-08-14,B-09,true
C-114102,9770014102,2021-07-02,B-02,false
C-114103,9770014103,2019-08-20,B-17,false
C-114104,9770014104,2023-01-25,B-01,false
C-114105,9770014105,2020-03-01,B-08,true
C-114106,9770014106,2024-03-06,B-09,false
C-114107,9770014107,2021-06-03,B-02,false
C-114108,9770014108,2022-09-10,B-01,true
C-114109,9770014109,2024-03-14,B-01,false
C-114110,9770014110,2024-11-05,B-04,false
C-114111,9770014111,2021-04-28,B-04,false
C-114112,9770014112,2025-12-02,B-02,true
C-114113,9770014113,2021-11-22,B-08,true
C-114114,9770014114,2019-06-27,B-01,false
C-114115,9770014115,2023-02-08,B-08,true
C-114116,9770014116,2023-06-06,B-02,true
C-114117,9770014117,2019-08-11,B-08,true
C-114118,9770014118,2025-04-12,B-04,false
C-114119,9770014119,2022-05-02,B-04,false
C-114120,9770014120,2020-06-19,B-17,false
C-114121,9770014121,2020-04-12,B-17,false
C-114122,9770014122,2024-01-07,B-01,false
C-114123,9770014123,2025-12-27,B-17,false
C-114124,9770014124,2021-02-09,B-02,false
C-114125,9770014125,2023-10-16,B-17,false
C-114126,9770014126,2023-05-26,B-17,true
C-114127,9770014127,2024-07-18,B-02,false
C-114128,9770014128,2021-01-08,B-02,true
C-114129,9770014129,2022-10-08,B-08,true
C-114130,9770014130,2020-01-27,B-17,true
C-114131,9770014131,2026-01-26,B-09,false
C-114132,9770014132,2020-08-16,B-01,true
C-114133,9770014133,2024-07-27,B-02,false
C-114134,9770014134,2021-12-06,B-04,true
C-114135,9770014135,2020-10-16,B-01,false
C-114136,9770014136,2020-03-16,B-09,false
C-114137,9770014137,2021-01-31,B-04,true
C-114138,9770014138,2022-12-09,B-08,false
C-114139,9770014139,2020-07-04,B-01,false
C-114140,9770014140,2021-02-08,B-09,true
C-114141,9770014141,2025-06-08,B-01,false
C-114142,9770014142,2022-06-06,B-01,true
C-114143,9770014143,2022-08-16,B-01,false
C-114144,9770014144,2025-03-17,B-01,true
C-114145,9770014145,2021-08-09,B-02,false
C-114146,9770014146,2022-04-16,B-04,false
C-114147,9770014147,2025-07-22,B-02,true
C-114148,9770014148,2021-09-03,B-17,true
C-114149,9770014149,2026-01-03,B-02,false
C-114150,9770014150,2022-11-22,B-04,true
C-114151,9770014151,2020-04-02,B-01,true
C-114152,9770014152,2026-02-18,B-08,true
C-114153,9770014153,2020-07-24,B-17,false
C-114154,9770014154,2020-01-17,B-08,false
C-114155,9770014155,2020-05-07,B-17,false
C-114156,9770014156,2019-06-08,B-09,false
C-114157,9770014157,2023-07-21,B-02,false
C-114158,9770014158,2023-12-22,B-01,false
C-114159,9770014159,2023-07-18,B-04,false
C-114160,9770014160,2026-01-11,B-04,false
C-114161,9770014161,2024-05-29,B-09,true
C-114162,9770014162,2023-01-08,B-01,true
C-114163,9770014163,2025-02-15,B-01,false
C-114164,9770014164,2025-11-12,B-08,false
C-114165,9770014165,2025-01-01,B-09,true
C-114166,9770014166,2025-10-30,B-04,true
C-114167,9770014167,2022-10-09,B-04,false
C-114168,9770014168,2023-12-01,B-01,false
C-114169,9770014169,2023-01-05,B-08,true
C-114170,9770014170,2020-12-18,B-01,true
C-114171,9770014171,2022-07-12,B-02,true
C-114172,9770014172,2020-05-05,B-01,true
C-114173,9770014173,2023-12-30,B-04,true
C-114174,9770014174,2021-09-26,B-17,false
C-114175,9770014175,2021-01-21,B-17,false
C-114176,9770014176,2020-03-17,B-08,false
C-114177,9770014177,2023-07-05,B-04,true
C-114178,9770014178,2021-12-08,B-17,true
C-114179,9770014179,2025-08-31,B-17,false
C-114180,9770014180,2022-02-25,B-09,true
C-114181,9770014181,2024-08-29,B-04,false
C-114182,9770014182,2024-11-23,B-02,false
C-114183,9770014183,2025-10-30,B-01,true
C-114184,9770014184,2025-12-19,B-04,true
C-114185,9770014185,2022-11-22,B-01,true
C-114186,9770014186,2020-10-21,B-08,true
C-114187,9770014187,2020-07-13,B-17,false
C-114188,9770014188,2022-04-20,B-01,false
C-114189,9770014189,2026-03-26,B-04,false
C-114190,9770014190,2023-01-04,B-08,true
C-114191,9770014191,2020-03-22,B-02,false
C-114192,9770014192,2023-07-19,B-08,true
C-114193,9770014193,2020-06-28,B-04,false
C-114194,9770014194,2022-08-16,B-01,false
C-114195,9770014195,2020-12-19,B-09,true
C-114196,9770014196,2019-10-08,B-08,false
C-114197,9770014197,2020-02-26,B-09,false
C-114198,9770014198,2025-02-19,B-02,false
C-114199,9770014199,2025-03-18,B-17,true
C-114200,9770014200,2023-02-22,B-04,true
C-114201,9770014201,2020-05-28,B-01,false
C-114202,9770014202,2024-10-16,B-01,false
C-114203,9770014203,2022-07-19,B-08,true
C-114204,9770014204,2025-04-28,B-08,true
C-114205,9770014205,2021-01-16,B-01,true
C-114206,9770014206,2019-11-07,B-08,false
C-114207,9770014207,2021-05-11,B-01,true
C-114208,9770014208,2023-12-21,B-08,true
C-114209,9770014209,2025-01-02,B-01,true
C-114210,9770014210,2023-10-05,B-08,false
C-114211,9770014211,2023-08-05,B-17,false
C-114212,9770014212,2023-08-01,B-02,false
C-114213,9770014213,2021-06-02,B-04,false
C-114214,9770014214,2022-01-10,B-01,true
C-114215,9770014215,2025-01-18,B-17,true
C-114216,9770014216,2020-07-29,B-17,true
C-114217,9770014217,2023-12-15,B-01,false
C-114218,9770014218,2025-02-04,B-04,true
C-114219,9770014219,2020-02-10,B-02,false
C-114220,9770014220,2021-03-31,B-02,true
C-114221,9770014221,2021-06-09,B-01,true
C-114222,9770014222,2024-09-02,B-01,true
C-114223,9770014223,2024-10-04,B-08,false
C-114224,9770014224,2025-07-28,B-01,true
C-114225,9770014225,2024-06-15,B-01,false
C-114226,9770014226,2025-07-26,B-17,false
C-114227,9770014227,2020-10-26,B-09,false
C-114228,9770014228,2022-04-01,B-09,false
C-114229,9770014229,2022-01-11,B-02,true
C-114230,9770014230,2023-12-04,B-02,true
C-114231,9770014231,2021-06-01,B-04,true
C-114232,9770014232,2025-08-18,B-17,false
C-114233,9770014233,2022-09-20,B-04,false
C-114234,9770014234,2023-03-24,B-17,false
C-114235,9770014235,2025-12-24,B-01,true
C-114236,9770014236,2020-12-16,B-09,false
C-114237,9770014237,2020-08-23,B-08,false
C-114238,9770014238,2022-09-29,B-08,true
C-114239,9770014239,2019-12-21,B-04,false
C-114240,9770014240,2020-05-24,B-04,true
C-114241,9770014241,2019-11-03,B-01,false
C-114242,9770014242,2023-06-19,B-09,false
C-114243,9770014243,2023-06-02,B-01,true
C-114244,9770014244,2023-02-25,B-01,false
C-114245,9770014245,2025-07-26,B-17,false
C-114246,9770014246,2021-03-14,B-04,false
C-114247,9770014247,2024-09-28,B-02,false
C-114248,9770014248,2024-04-19,B-01,false
C-114249,9770014249,2026-03-07,B-01,false
C-114250,9770014250,2026-01-23,B-02,false
C-114251,9770014251,2024-01-16,B-08,false
C-114252,9770014252,2024-07-15,B-01,false
C-114253,9770014253,2025-05-06,B-02,true
C-114254,9770014254,2021-08-03,B-17,false
C-114255,9770014255,2023-07-26,B-09,true
C-114256,9770014256,2020-07-31,B-01,false
C-114257,9770014257,2020-09-06,B-01,true
C-114258,9770014258,2020-10-29,B-09,false
C-114259,9770014259,2026-02-11,B-09,false
C-114260,9770014260,2022-04-03,B-02,false
C-114261,9770014261,2024-03-24,B-17,true
C-114262,9770014262,2023-04-14,B-08,true
C-114263,9770014263,2019-09-06,B-04,true
C-114264,9770014264,2021-04-20,B-17,true
C-114265,9770014265,2022-08-10,B-08,true
C-114266,9770014266,2023-01-02,B-04,false
C-114267,9770014267,2024-07-13,B-04,false
C-114268,9770014268,2026-01-05,B-08,false
C-114269,9770014269,2025-07-19,B-04,true
C-114270,9770014270,2021-04-10,B-17,true
C-114271,9770014271,2021-03-19,B-04,false
C-114272,9770014272,2022-04-11,B-01,true
C-114273,9770014273,2023-05-17,B-02,true
C-114274,9770014274,2022-08-01,B-01,true
C-114275,9770014275,2019-09-02,B-01,false
C-114276,9770014276,2024-04-25,B-01,false
C-114277,9770014277,2025-10-15,B-09,false
C-114278,9770014278,2020-03-21,B-09,true
C-114279,9770014279,2020-12-29,B-02,true
C-114280,9770014280,2021-01-10,B-17,false
C-114281,9770014281,2020-04-23,B-04,false
C-114282,9770014282,2021-07-04,B-01,true
C-114283,9770014283,2021-12-17,B-02,false
C-114284,9770014284,2025-02-14,B-01,false
C-114285,9770014285,2022-12-05,B-08,true
C-114286,9770014286,2019-09-06,B-02,false
C-114287,9770014287,2020-04-30,B-17,false
C-114288,9770014288,2020-04-24,B-08,false
C-114289,9770014289,2019-10-08,B-17,false
C-114290,9770014290,2026-02-20,B-09,false
C-114291,9770014291,2024-05-20,B-17,false
C-114292,9770014292,2023-03-17,B-08,false
C-114293,9770014293,2021-10-12,B-02,false
C-114294,9770014294,2022-01-11,B-04,true
C-114295,9770014295,2022-01-28,B-08,true
C-114296,9770014296,2022-07-01,B-09,false
C-114297,9770014297,2021-04-24,B-09,false
C-114298,9770014298,2021-10-25,B-09,false
C-114299,9770014299,2020-12-06,B-08,false
C-114300,9770014300,2020-12-04,B-08,false
C-114301,9770014301,2024-06-30,B-01,false
C-114302,9770014302,2020-08-22,B-08,false
C-114303,9770014303,2023-01-15,B-09,false
C-114304,9770014304,2024-10-01,B-02,false
C-114305,9770014305,2022-11-19,B-01,true
C-114306,9770014306,2021-03-09,B-08,false
C-114307,9770014307,2022-09-16,B-04,true
C-114308,9770014308,2019-11-19,B-01,false
C-114309,9770014309,2020-01-01,B-01,false
C-114310,9770014310,2024-11-05,B-01,false
C-114311,9770014311,2020-06-05,B-08,false
C-114312,9770014312,2025-05-26,B-02,false
C-114313,9770014313,2022-12-26,B-04,false
C-114314,9770014314,2025-09-05,B-04,true
C-114315,9770014315,2021-06-02,B-01,false
C-114316,9770014316,2022-03-03,B-02,false
C-114317,9770014317,2023-11-29,B-01,true
C-114318,9770014318,2021-04-12,B-02,false
C-114319,9770014319,2025-04-03,B-04,false
C-114320,9770014320,2022-01-13,B-04,false
C-114321,9770014321,2024-12-17,B-02,false
C-114322,9770014322,2022-03-29,B-04,false
C-114323,9770014323,2021-10-17,B-01,true
C-114324,9770014324,2020-05-22,B-08,true
C-114325,9770014325,2020-03-15,B-08,true
C-114326,9770014326,2024-12-07,B-09,true
C-114327,9770014327,2022-06-04,B-04,false
C-114328,9770014328,2020-08-22,B-08,false
C-114329,9770014329,2024-01-04,B-08,false
C-114330,9770014330,2022-07-11,B-17,true
C-114331,9770014331,2020-01-02,B-01,false
C-114332,9770014332,2023-07-04,B-09,false
C-114333,9770014333,2026-03-01,B-04,true
C-114334,9770014334,2026-01-10,B-09,true
C-114335,9770014335,2025-06-15,B-01,false
C-114336,9770014336,2020-07-28,B-17,false
C-114337,9770014337,2021-10-01,B-08,false
C-114338,9770014338,2020-06-26,B-04,true
C-114339,9770014339,2020-02-24,B-09,true
C-114340,9770014340,2025-02-14,B-09,false
C-114341,9770014341,2026-03-31,B-08,false
C-114342,9770014342,2020-05-03,B-04,false
C-114343,9770014343,2024-08-01,B-02,false
C-114344,9770014344,2024-11-14,B-09,false
C-114345,9770014345,2025-02-12,B-04,false
C-114346,9770014346,2024-02-19,B-09,false
C-114347,9770014347,2024-01-16,B-09,false
C-114348,9770014348,2023-03-17,B-02,true
C-114349,9770014349,2020-10-06,B-09,true
C-114350,9770014350,2026-03-01,B-02,true
C-114351,9770014351,2023-01-03,B-04,true
C-114352,9770014352,2021-04-30,B-04,false
C-114353,9770014353,2019-07-06,B-04,false
C-114354,9770014354,2021-07-21,B-17,true
C-114355,9770014355,2025-02-02,B-09,false
C-114356,9770014356,2023-04-03,B-08,true
C-114357,9770014357,2022-09-28,B-02,false
C-114358,9770014358,2021-09-27,B-04,false
C-114359,9770014359,2024-04-17,B-17,false
C-114360,9770014360,2023-11-27,B-08,true
C-114361,9770014361,2019-11-15,B-04,true
C-114362,9770014362,2022-11-10,B-01,false
C-114363,9770014363,2020-06-02,B-08,true
C-114364,9770014364,2019-10-27,B-09,true
C-114365,9770014365,2025-12-23,B-08,true
C-114366,9770014366,2020-06-16,B-04,false
C-114367,9770014367,2021-05-30,B-17,false
C-114368,9770014368,2021-08-01,B-08,true
C-114369,9770014369,2022-06-24,B-01,false
C-114370,9770014370,2019-09-10,B-08,false
C-114371,9770014371,2023-07-28,B-09,true
C-114372,9770014372,2026-03-28,B-01,true
C-114373,9770014373,2021-11-28,B-09,false
C-114374,9770014374,2025-05-15,B-01,true
C-114375,9770014375,2021-07-05,B-02,true
C-114376,9770014376,2021-12-04,B-01,false
C-114377,9770014377,2023-11-24,B-17,false
C-114378,9770014378,2023-04-22,B-09,false
C-114379,9770014379,2022-08-28,B-09,true
C-114380,9770014380,2025-01-24,B-08,true
C-114381,9770014381,2023-04-07,B-02,true
C-114382,9770014382,2023-03-28,B-17,true
C-114383,9770014383,2025-03-01,B-08,true
C-114384,9770014384,2025-06-21,B-17,false
C-114385,9770014385,2021-06-20,B-09,false
C-114386,9770014386,2022-09-28,B-08,false
C-114387,9770014387,2022-01-20,B-09,true
C-114388,9770014388,2023-07-02,B-04,true
C-114389,9770014389,2019-07-18,B-04,false
C-114390,9770014390,2024-02-27,B-09,true
C-114391,9770014391,2025-12-25,B-02,false
C-114392,9770014392,2023-10-27,B-04,true
C-114393,9770014393,2023-05-09,B-17,false
C-114394,9770014394,2019-07-21,B-02,true
C-114395,9770014395,2020-10-14,B-04,false
C-114396,9770014396,2024-01-12,B-09,false
C-114397,9770014397,2024-06-25,B-01,true
C-114398,9770014398,2025-02-21,B-02,false
C-114399,9770014399,2019-06-23,B-17,false
C-114400,9770014400,2023-01-26,B-02,false
C-114401,9770014401,2019-12-14,B-02,false
C-114402,9770014402,2021-10-19,B-04,true
C-114403,9770014403,2025-10-21,B-17,false
C-114404,9770014404,2023-10-30,B-08,false
C-114405,9770014405,2022-04-27,B-17,true
C-114406,9770014406,2023-04-07,B-08,false
C-114407,9770014407,2020-05-07,B-02,false
C-114408,9770014408,2021-03-22,B-17,false
C-114409,9770014409,2022-04-07,B-09,false
C-114410,9770014410,2022-12-18,B-17,true
C-114411,9770014411,2019-12-11,B-08,false
C-114412,9770014412,2025-10-17,B-02,true
C-114413,9770014413,2022-04-11,B-02,false
C-114414,9770014414,2024-01-19,B-09,true
C-114415,9770014415,2023-11-05,B-08,false
C-114416,9770014416,2022-07-11,B-04,false
C-114417,9770014417,2026-01-20,B-04,true
C-114418,9770014418,2024-12-07,B-08,false
C-114419,9770014419,2025-06-27,B-09,true
C-114420,9770014420,2023-06-16,B-02,true
C-114421,9770014421,2019-09-18,B-09,false
C-114422,9770014422,2021-07-03,B-09,false
C-114423,9770014423,2025-01-15,B-02,true
C-114424,9770014424,2021-05-11,B-17,false
C-114425,9770014425,2025-02-07,B-08,false
C-114426,9770014426,2021-04-30,B-04,true
C-114427,9770014427,2022-06-23,B-04,true
C-114428,9770014428,2025-02-14,B-09,false
C-114429,9770014429,2020-02-18,B-08,true
C-114430,9770014430,2023-11-11,B-09,true
C-114431,9770014431,2020-08-22,B-02,false
C-114432,9770014432,2025-11-30,B-02,false
C-114433,9770014433,2020-12-12,B-09,true
C-114434,9770014434,2022-09-15,B-02,false
C-114435,9770014435,2019-08-15,B-04,true
C-114436,9770014436,2022-10-11,B-17,false
C-114437,9770014437,2023-07-03,B-09,false
C-114438,9770014438,2021-08-29,B-08,true
C-114439,9770014439,2022-07-23,B-02,true
C-114440,9770014440,2022-05-22,B-01,false
C-114441,9770014441,2023-06-28,B-04,false
C-114442,9770014442,2026-02-03,B-02,false
C-114443,9770014443,2021-07-19,B-08,true
C-114444,9770014444,2022-08-10,B-01,true
C-114445,9770014445,2025-11-23,B-01,false
C-114446,9770014446,2024-09-16,B-09,false
C-114447,9770014447,2022-10-08,B-08,false
C-114448,9770014448,2022-01-29,B-09,false
C-114449,9770014449,2023-06-27,B-04,false
C-114450,9770014450,2022-12-12,B-01,false
C-114451,9770014451,2023-04-20,B-01,false
C-114452,9770014452,2025-03-07,B-01,false
C-114453,9770014453,2025-12-15,B-01,true
C-114454,9770014454,2023-05-14,B-09,false
C-114455,9770014455,2025-03-08,B-01,false
C-114456,9770014456,2022-05-22,B-09,true
C-114457,9770014457,2025-11-23,B-09,false
C-114458,9770014458,2024-12-10,B-08,false
C-114459,9770014459,2022-05-03,B-01,false
C-114460,9770014460,2025-04-06,B-01,true
C-114461,9770014461,2021-12-28,B-08,false
C-114462,9770014462,2020-03-16,B-02,true
C-114463,9770014463,2020-10-20,B-17,false
C-114464,9770014464,2022-11-28,B-02,false
C-114465,9770014465,2021-03-20,B-09,false
C-114466,9770014466,2025-07-02,B-02,true
C-114467,9770014467,2022-05-09,B-08,false
C-114468,9770014468,2021-02-05,B-02,true
C-114469,9770014469,2022-08-06,B-04,true
C-114470,9770014470,2022-12-16,B-17,true
C-114471,9770014471,2023-10-26,B-02,true
C-114472,9770014472,2023-06-30,B-08,true
C-114473,9770014473,2026-02-16,B-02,true
C-114474,9770014474,2022-08-19,B-09,true
C-114475,9770014475,2023-09-20,B-04,true
C-114476,9770014476,2025-02-11,B-17,true
C-114477,9770014477,2020-10-27,B-02,true
C-114478,9770014478,2022-04-04,B-17,false
C-114479,9770014479,2023-06-03,B-02,false
C-114480,9770014480,2024-07-17,B-08,true
C-114481,9770014481,2026-01-31,B-02,false
C-114482,9770014482,2019-06-04,B-04,true
C-114483,9770014483,2025-05-26,B-02,false
C-114484,9770014484,2024-05-13,B-17,true
C-114485,9770014485,2023-08-29,B-09,false
C-114486,9770014486,2021-06-30,B-02,false
C-114487,9770014487,2024-01-15,B-01,false
C-114488,9770014488,2019-10-07,B-09,false
C-114489,9770014489,2020-07-12,B-08,false
C-114490,9770014490,2025-10-03,B-08,true
C-114491,9770014491,2025-02-07,B-04,true
C-114492,9770014492,2023-07-09,B-08,false
C-114493,9770014493,2024-09-16,B-08,true
C-114494,9770014494,2024-02-29,B-17,false
C-114495,9770014495,2022-12-28,B-04,true
C-114496,9770014496,2023-06-26,B-02,true
C-114497,9770014497,2021-11-09,B-04,true
C-114498,9770014498,2025-09-27,B-09,false
C-114499,9770014499,2024-07-17,B-04,false
C-114500,9770014500,2019-08-18,B-08,false
C-114501,9770014501,2020-11-07,B-08,true
C-114502,9770014502,2020-12-18,B-01,true
C-114503,9770014503,2023-05-03,B-08,true
C-114504,9770014504,2023-10-05,B-04,true
C-114505,9770014505,2019-07-03,B-02,false
C-114506,9770014506,2022-05-13,B-02,false
C-114507,9770014507,2020-02-10,B-02,false
C-114508,9770014508,2019-06-03,B-02,false
C-114509,9770014509,2026-02-10,B-09,true
C-114510,9770014510,2021-08-31,B-02,true
C-114511,9770014511,2025-09-15,B-08,false
C-114512,9770014512,2023-07-24,B-01,true
C-114513,9770014513,2020-10-15,B-17,false
C-114514,9770014514,2025-08-26,B-08,false
C-114515,9770014515,2024-11-11,B-17,true
C-114516,9770014516,2023-02-05,B-01,false
C-114517,9770014517,2022-06-25,B-02,false
C-114518,9770014518,2024-03-27,B-09,false
C-114519,9770014519,2021-12-04,B-02,false
C-114520,9770014520,2023-09-06,B-01,false
C-114521,9770014521,2023-03-24,B-17,true
C-114522,9770014522,2024-05-28,B-08,false
C-114523,9770014523,2025-06-08,B-02,false
C-114524,9770014524,2020-09-01,B-04,true
C-114525,9770014525,2022-02-02,B-17,false
C-114526,9770014526,2019-08-27,B-02,false
C-114527,9770014527,2024-08-04,B-09,false
C-114528,9770014528,2026-02-02,B-04,false
C-114529,9770014529,2024-10-23,B-01,false
C-114530,9770014530,2023-03-05,B-09,false
C-114531,9770014531,2019-09-13,B-02,true
C-114532,9770014532,2020-10-12,B-17,false
C-114533,9770014533,2021-12-07,B-09,false
C-114534,9770014534,2023-05-18,B-09,false
C-114535,9770014535,2020-08-04,B-09,true
C-114536,9770014536,2020-04-26,B-08,false
C-114537,9770014537,2020-10-07,B-09,false
C-114538,9770014538,2023-01-11,B-08,false
C-114539,9770014539,2021-02-18,B-17,false
C-114540,9770014540,2021-03-06,B-02,true
C-114541,9770014541,2022-12-14,B-09,false
C-114542,9770014542,2025-10-22,B-08,true
C-114543,9770014543,2019-10-16,B-17,false
C-114544,9770014544,2020-04-24,B-01,false
C-114545,9770014545,2022-05-31,B-04,false
C-114546,9770014546,2025-05-10,B-01,true
C-114547,9770014547,2025-03-16,B-02,true
C-114548,9770014548,2025-11-20,B-08,false
C-114549,9770014549,2022-11-26,B-02,false
C-114550,9770014550,2024-07-28,B-08,true
C-114551,9770014551,2025-05-26,B-17,false
C-114552,9770014552,2021-12-29,B-01,false
C-114553,9770014553,2022-09-02,B-08,false
C-114554,9770014554,2020-01-21,B-02,true
C-114555,9770014555,2024-09-01,B-17,false
C-114556,9770014556,2021-12-21,B-17,false
C-114557,9770014557,2021-02-14,B-09,false
C-114558,9770014558,2021-01-28,B-08,false
C-114559,9770014559,2020-09-29,B-04,false
C-114560,9770014560,2022-03-26,B-02,false
C-114561,9770014561,2024-03-24,B-09,false
C-114562,9770014562,2025-10-10,B-09,true
C-114563,9770014563,2022-01-28,B-17,false
C-114564,9770014564,2020-12-16,B-17,false
C-114565,9770014565,2024-07-23,B-02,false
C-114566,9770014566,2020-02-05,B-08,false
C-114567,9770014567,2020-09-28,B-02,true
C-114568,9770014568,2022-01-26,B-04,false
C-114569,9770014569,2024-11-25,B-01,true
C-114570,9770014570,2023-03-31,B-02,true
C-114571,9770014571,2025-05-11,B-09,false
C-114572,9770014572,2024-01-07,B-08,false
C-114573,9770014573,2023-02-27,B-02,false
C-114574,9770014574,2024-09-19,B-17,false
C-114575,9770014575,2025-01-13,B-09,false
C-114576,9770014576,2023-07-04,B-01,false
C-114577,9770014577,2020-04-14,B-17,false
C-114578,9770014578,2022-12-15,B-04,true
C-114579,9770014579,2020-04-12,B-09,true
C-114580,9770014580,2025-05-13,B-02,true
C-114581,9770014581,2020-12-04,B-09,true
C-114582,9770014582,2022-02-13,B-09,false
C-114583,9770014583,2020-05-10,B-01,true
C-114584,9770014584,2023-04-22,B-01,true
C-114585,9770014585,2021-06-13,B-09,false
C-114586,9770014586,2026-02-06,B-09,false
C-114587,9770014587,2022-03-03,B-09,false
C-114588,9770014588,2019-06-20,B-08,false
C-114589,9770014589,2025-02-15,B-02,true
C-114590,9770014590,2022-06-19,B-01,true
C-114591,9770014591,2024-08-18,B-17,false
C-114592,9770014592,2022-01-10,B-04,false
C-114593,9770014593,2024-01-09,B-01,false
C-114594,9770014594,2023-12-20,B-04,false
C-114595,9770014595,2019-10-26,B-17,true
C-114596,9770014596,2023-06-17,B-01,false
C-114597,9770014597,2024-08-15,B-09,false
C-114598,9770014598,2023-01-20,B-02,false
C-114599,9770014599,2019-10-18,B-17,true
C-114600,9770014600,2025-08-27,B-01,true
C-114601,9770014601,2022-03-30,B-02,false
C-114602,9770014602,2023-08-12,B-08,true
C-114603,9770014603,2024-07-24,B-02,false
C-114604,9770014604,2025-03-03,B-09,true
C-114605,9770014605,2023-11-18,B-04,false
C-114606,9770014606,2020-10-20,B-17,true
C-114607,9770014607,2024-08-29,B-17,false
C-114608,9770014608,2019-10-31,B-02,true
C-114609,9770014609,2023-02-15,B-09,false
C-114610,9770014610,2024-03-23,B-04,true
C-114611,9770014611,2024-12-22,B-08,true
C-114612,9770014612,2024-07-22,B-02,false
C-114613,9770014613,2021-12-11,B-04,true
C-114614,9770014614,2019-09-11,B-04,false
C-114615,9770014615,2022-08-11,B-09,false
C-114616,9770014616,2020-02-08,B-09,false
C-114617,9770014617,2026-02-22,B-09,true
C-114618,9770014618,2026-03-20,B-17,false
C-114619,9770014619,2024-06-24,B-01,false
C-114620,9770014620,2022-12-17,B-08,true
C-114621,9770014621,2024-12-23,B-04,false
C-114622,9770014622,2026-03-26,B-08,false
C-114623,9770014623,2023-02-25,B-17,false
C-114624,9770014624,2020-06-02,B-08,false
C-114625,9770014625,2022-07-08,B-02,false
C-114626,9770014626,2019-07-29,B-09,true
C-114627,9770014627,2021-12-12,B-01,false
C-114628,9770014628,2024-06-09,B-17,false
C-114629,9770014629,2021-12-25,B-09,true
C-114630,9770014630,2019-08-30,B-09,true
C-114631,9770014631,2024-09-20,B-09,false
C-114632,9770014632,2022-02-19,B-08,false
C-114633,9770014633,2025-09-26,B-01,false
C-114634,9770014634,2025-07-09,B-01,false
C-114635,9770014635,2022-03-17,B-01,false
C-114636,9770014636,2020-03-31,B-02,false
C-114637,9770014637,2021-08-13,B-02,false
C-114638,9770014638,2020-08-21,B-17,false
C-114639,9770014639,2025-08-07,B-04,false
C-114640,9770014640,2024-02-04,B-02,true
C-114641,9770014641,2019-10-28,B-17,false
C-114642,9770014642,2025-08-31,B-01,false
C-114643,9770014643,2022-06-14,B-08,true
C-114644,9770014644,2023-02-06,B-08,false
C-114645,9770014645,2022-01-28,B-02,false
C-114646,9770014646,2020-01-19,B-08,true
C-114647,9770014647,2024-08-03,B-17,false
C-114648,9770014648,2022-05-25,B-17,false
C-114649,9770014649,2023-09-01,B-01,true
C-114650,9770014650,2025-01-22,B-04,false
C-114651,9770014651,2024-12-11,B-17,false
C-114652,9770014652,2024-05-04,B-02,true
C-114653,9770014653,2019-06-03,B-17,true
C-114654,9770014654,2026-03-06,B-17,false
C-114655,9770014655,2021-06-18,B-08,false
C-114656,9770014656,2021-05-03,B-09,true
C-114657,9770014657,2023-11-23,B-17,false
C-114658,9770014658,2026-02-07,B-08,false
C-114659,9770014659,2021-10-23,B-17,false
C-114660,9770014660,2023-04-10,B-08,false
C-114661,9770014661,2024-07-12,B-09,true
C-114662,9770014662,2024-06-27,B-04,true
C-114663,9770014663,2025-06-16,B-02,true
C-114664,9770014664,2024-02-15,B-17,true
C-114665,9770014665,2019-10-08,B-04,false
C-114666,9770014666,2020-12-25,B-08,true
C-114667,9770014667,2021-09-16,B-02,false
C-114668,9770014668,2024-08-24,B-02,false
C-114669,9770014669,2021-11-21,B-17,false
C-114670,9770014670,2025-10-24,B-08,false
C-114671,9770014671,2021-01-07,B-02,true
C-114672,9770014672,2023-02-12,B-01,false
C-114673,9770014673,2023-02-01,B-08,true
C-114674,9770014674,2019-09-25,B-02,false
C-114675,9770014675,2022-08-21,B-17,true
C-114676,9770014676,2023-02-14,B-17,false
C-114677,9770014677,2024-12-24,B-08,true
C-114678,9770014678,2021-10-05,B-02,true
C-114679,9770014679,2023-05-28,B-02,false
C-114680,9770014680,2025-08-21,B-04,false
C-114681,9770014681,2020-07-23,B-01,true
C-114682,9770014682,2025-01-29,B-02,false
C-114683,9770014683,2022-08-01,B-08,false
C-114684,9770014684,2025-04-20,B-02,false
C-114685,9770014685,2023-12-05,B-09,false
C-114686,9770014686,2023-07-07,B-01,false
C-114687,9770014687,2021-06-13,B-17,false
C-114688,9770014688,2025-11-27,B-02,true
C-114689,9770014689,2024-04-13,B-17,true
C-114690,9770014690,2019-11-22,B-01,false
C-114691,9770014691,2021-09-01,B-01,true
C-114692,9770014692,2025-12-29,B-02,false
C-114693,9770014693,2024-01-05,B-17,false
C-114694,9770014694,2022-11-08,B-17,true
C-114695,9770014695,2021-06-01,B-09,false
C-114696,9770014696,2026-02-19,B-04,true
C-114697,9770014697,2023-03-23,B-08,false
C-114698,9770014698,2023-03-20,B-08,true
C-114699,9770014699,2022-06-30,B-09,false
C-114700,9770014700,2024-08-27,B-17,true
C-114701,9770014701,2020-11-29,B-17,false
C-114702,9770014702,2022-03-15,B-09,true
C-114703,9770014703,2026-01-22,B-08,false
C-114704,9770014704,2021-04-04,B-02,false
C-114705,9770014705,2022-06-27,B-09,false
C-114706,9770014706,2023-10-13,B-17,true
C-114707,9770014707,2025-01-12,B-04,false
C-114708,9770014708,2022-01-01,B-08,false
C-114709,9770014709,2024-03-09,B-17,false
C-114710,9770014710,2024-08-29,B-09,true
C-114711,9770014711,2024-04-17,B-17,false
C-114712,9770014712,2021-05-08,B-08,true
C-114713,9770014713,2025-12-05,B-02,false
C-114714,9770014714,2024-03-15,B-09,true
C-114715,9770014715,2021-03-11,B-02,true
C-114716,9770014716,2023-01-02,B-01,false
C-114717,9770014717,2019-11-10,B-08,true
C-114718,9770014718,2024-03-20,B-04,false
C-114719,9770014719,2021-03-12,B-02,true
C-114720,9770014720,2023-10-18,B-04,true
C-114721,9770014721,2025-10-08,B-01,false
C-114722,9770014722,2021-01-16,B-01,true
C-114723,9770014723,2024-12-02,B-17,false
C-114724,9770014724,2026-02-16,B-17,false
C-114725,9770014725,2022-11-05,B-17,false
C-114726,9770014726,2022-11-14,B-02,true
C-114727,9770014727,2024-04-08,B-17,false
C-114728,9770014728,2019-10-24,B-17,true
C-114729,9770014729,2019-06-03,B-08,false
C-114730,9770014730,2023-12-24,B-08,false
C-114731,9770014731,2020-11-14,B-08,false
C-114732,9770014732,2023-11-30,B-01,false
C-114733,9770014733,2021-06-11,B-08,false
C-114734,9770014734,2023-05-27,B-17,true
C-114735,9770014735,2021-08-03,B-09,false
C-114736,9770014736,2022-06-09,B-08,false
C-114737,9770014737,2021-01-21,B-01,true
C-114738,9770014738,2023-04-14,B-08,false
C-114739,9770014739,2022-05-24,B-02,true
C-114740,9770014740,2019-11-05,B-04,true
C-114741,9770014741,2022-09-16,B-01,false
C-114742,9770014742,2024-03-13,B-09,false
C-114743,9770014743,2025-01-17,B-02,false
C-114744,9770014744,2022-01-03,B-04,false
C-114745,9770014745,2024-03-22,B-17,true
C-114746,9770014746,2020-07-19,B-04,true
C-114747,9770014747,2024-08-29,B-02,true
C-114748,9770014748,2020-10-10,B-09,false
C-114749,9770014749,2020-07-21,B-09,true
C-114750,9770014750,2020-12-26,B-08,false
C-114751,9770014751,2023-01-21,B-02,false
C-114752,9770014752,2023-01-15,B-17,false
C-114753,9770014753,2025-07-29,B-02,false
C-114754,9770014754,2024-06-15,B-08,false
C-114755,9770014755,2024-11-20,B-04,false
C-114756,9770014756,2021-05-05,B-04,false
C-114757,9770014757,2021-07-12,B-04,true
C-114758,9770014758,2021-03-15,B-17,false
C-114759,9770014759,2024-03-22,B-17,false
C-114760,9770014760,2020-06-24,B-02,false
C-114761,9770014761,2020-08-11,B-17,false
C-114762,9770014762,2024-08-15,B-01,true
C-114763,9770014763,2025-06-10,B-04,false
C-114764,9770014764,2019-11-05,B-08,false
C-114765,9770014765,2020-07-20,B-17,true
C-114766,9770014766,2019-11-15,B-17,false
C-114767,9770014767,2023-09-14,B-02,false
C-114768,9770014768,2025-10-07,B-17,false
C-114769,9770014769,2021-02-15,B-17,true
C-114770,9770014770,2020-11-27,B-17,true
C-114771,9770014771,2021-06-04,B-04,false
C-114772,9770014772,2026-02-21,B-09,false
C-114773,9770014773,2023-10-13,B-01,true
C-114774,9770014774,2020-03-16,B-01,false
C-114775,9770014775,2023-05-05,B-09,false
C-114776,9770014776,2019-09-27,B-09,true
C-114777,9770014777,2025-06-08,B-01,false
C-114778,9770014778,2023-04-18,B-17,false
C-114779,9770014779,2019-08-25,B-02,true
C-114780,9770014780,2024-09-27,B-17,true
C-114781,9770014781,2024-12-23,B-01,false
C-114782,9770014782,2025-06-04,B-04,false
C-114783,9770014783,2023-11-26,B-17,false
C-114784,9770014784,2023-10-13,B-01,false
C-114785,9770014785,2025-03-24,B-17,true
C-114786,9770014786,2020-09-28,B-09,false
C-114787,9770014787,2023-04-07,B-17,true
C-114788,9770014788,2020-10-23,B-17,false
C-114789,9770014789,2023-06-29,B-08,true
C-114790,9770014790,2025-03-22,B-09,false
C-114791,9770014791,2025-12-31,B-04,false
C-114792,9770014792,2020-02-10,B-17,false
C-114793,9770014793,2023-08-08,B-04,true
C-114794,9770014794,2022-07-05,B-17,false
C-114795,9770014795,2020-04-04,B-04,false
C-114796,9770014796,2021-08-12,B-09,false
C-114797,9770014797,2021-04-18,B-02,true
C-114798,9770014798,2023-06-17,B-01,true
C-114799,9770014799,2025-06-25,B-09,false
C-114800,9770014800,2021-01-27,B-08,true
C-114801,9770014801,2023-01-07,B-02,false
C-114802,9770014802,2021-01-20,B-17,true
C-114803,9770014803,2022-03-17,B-04,true
C-114804,9770014804,2025-03-01,B-01,false
C-114805,9770014805,2019-12-22,B-02,true
C-114806,9770014806,2020-08-12,B-09,false
C-114807,9770014807,2020-09-24,B-08,false
C-114808,9770014808,2022-10-22,B-01,false
C-114809,9770014809,2023-06-05,B-02,false
C-114810,9770014810,2023-01-30,B-02,false
C-114811,9770014811,2021-07-07,B-17,false
C-114812,9770014812,2023-01-23,B-04,true
C-114813,9770014813,2024-11-08,B-04,true
C-114814,9770014814,2021-11-04,B-09,true
C-114815,9770014815,2022-01-01,B-08,true
C-114816,9770014816,2019-11-01,B-08,false
C-114817,9770014817,2025-09-10,B-08,false
C-114818,9770014818,2024-09-02,B-01,true
C-114819,9770014819,2023-02-12,B-08,false
C-114820,9770014820,2019-08-08,B-01,false
C-114821,9770014821,2022-06-14,B-01,false
C-114822,9770014822,2024-07-27,B-08,true
C-114823,9770014823,2022-12-18,B-01,false
C-114824,9770014824,2023-01-23,B-17,true
C-114825,9770014825,2021-05-17,B-09,true
C-114826,9770014826,2023-05-18,B-09,false
C-114827,9770014827,2024-05-13,B-17,false
C-114828,9770014828,2023-02-16,B-17,true
C-114829,9770014829,2020-08-07,B-08,false
C-114830,9770014830,2024-06-15,B-09,false
C-114831,9770014831,2025-04-21,B-17,true
C-114832,9770014832,2021-04-08,B-17,false
C-114833,9770014833,2025-09-30,B-01,false
C-114834,9770014834,2022-04-11,B-02,true
C-114835,9770014835,2020-05-31,B-04,true
C-114836,9770014836,2025-08-05,B-01,false
C-114837,9770014837,2025-05-16,B-02,false
C-114838,9770014838,2020-05-19,B-04,true
C-114839,9770014839,2021-02-07,B-02,false
C-114840,9770014840,2025-08-08,B-04,true
C-114841,9770014841,2025-07-31,B-01,true
C-114842,9770014842,2024-06-04,B-01,true
C-114843,9770014843,2022-09-19,B-08,false
C-114844,9770014844,2022-02-19,B-09,true
C-114845,9770014845,2021-11-06,B-01,false
C-114846,9770014846,2023-06-06,B-09,false
C-114847,9770014847,2024-12-23,B-02,false
C-114848,9770014848,2020-07-14,B-09,false
C-114849,9770014849,2024-02-08,B-02,true
C-114850,9770014850,2019-09-13,B-09,true
C-114851,9770014851,2022-10-19,B-09,false
C-114852,9770014852,2024-01-15,B-02,true
C-114853,9770014853,2022-07-04,B-17,true
C-114854,9770014854,2022-04-02,B-02,false
C-114855,9770014855,2022-01-22,B-08,false
C-114856,9770014856,2023-02-06,B-01,false
C-114857,9770014857,2024-11-02,B-01,false
C-114858,9770014858,2021-08-19,B-09,false
C-114859,9770014859,2025-02-28,B-02,false
C-114860,9770014860,2022-02-22,B-08,true
C-114861,9770014861,2022-04-28,B-01,false
C-114862,9770014862,2025-06-18,B-17,true
C-114863,9770014863,2020-08-17,B-08,true
C-114864,9770014864,2021-02-05,B-08,false
C-114865,9770014865,2020-01-17,B-17,true
C-114866,9770014866,2025-10-21,B-04,false
C-114867,9770014867,2026-01-21,B-01,false
C-114868,9770014868,2023-12-22,B-17,false
C-114869,9770014869,2024-11-20,B-04,false
C-114870,9770014870,2022-01-05,B-09,false
C-114871,9770014871,2020-10-24,B-17,true
C-114872,9770014872,2022-08-14,B-17,false
C-114873,9770014873,2022-04-15,B-04,true
C-114874,9770014874,2020-01-06,B-02,true
C-114875,9770014875,2026-03-09,B-08,true
C-114876,9770014876,2020-07-13,B-04,false
C-114877,9770014877,2019-06-10,B-01,true
C-114878,9770014878,2020-04-25,B-17,true
C-114879,9770014879,2026-03-31,B-09,false
C-114880,9770014880,2022-11-10,B-02,false
C-114881,9770014881,2023-09-16,B-04,false
C-114882,9770014882,2020-09-18,B-09,false
C-114883,9770014883,2020-10-27,B-01,false
C-114884,9770014884,2020-06-22,B-08,true
C-114885,9770014885,2021-01-28,B-17,true
C-114886,9770014886,2022-09-07,B-08,false
C-114887,9770014887,2024-09-13,B-09,false
C-114888,9770014888,2026-01-04,B-04,false
C-114889,9770014889,2021-10-09,B-04,true
C-114890,9770014890,2021-07-13,B-02,false
C-114891,9770014891,2021-11-29,B-02,false
C-114892,9770014892,2021-07-09,B-01,false
C-114893,9770014893,2025-09-20,B-02,false
C-114894,9770014894,2024-06-22,B-09,false
C-114895,9770014895,2024-10-06,B-02,false
C-114896,9770014896,2021-06-12,B-04,false
C-114897,9770014897,2023-07-25,B-09,true
C-114898,9770014898,2024-04-07,B-02,false
C-114899,9770014899,2020-07-30,B-17,true
C-114900,9770014900,2025-04-27,B-08,false
C-114901,9770014901,2020-09-12,B-08,false
C-114902,9770014902,2019-09-25,B-01,true
C-114903,9770014903,2024-11-09,B-08,false
C-114904,9770014904,2021-10-13,B-09,false
C-114905,9770014905,2022-04-14,B-08,false
C-114906,9770014906,2021-03-16,B-01,false
C-114907,9770014907,2023-02-21,B-01,true
C-114908,9770014908,2025-10-12,B-01,true
C-114909,9770014909,2022-07-28,B-01,false
C-114910,9770014910,2020-10-27,B-17,true
C-114911,9770014911,2026-02-27,B-02,true
C-114912,9770014912,2025-07-14,B-17,false
C-114913,9770014913,2024-09-08,B-08,true
C-114914,9770014914,2025-03-17,B-02,true
C-114915,9770014915,2021-01-26,B-17,false
C-114916,9770014916,2019-11-21,B-02,false
C-114917,9770014917,2025-11-11,B-17,false
C-114918,9770014918,2019-09-11,B-09,true
C-114919,9770014919,2023-07-22,B-02,false
C-114920,9770014920,2020-11-09,B-01,false
C-114921,9770014921,2019-11-09,B-08,false
C-114922,9770014922,2025-04-18,B-02,false
C-114923,9770014923,2022-02-18,B-02,false
C-114924,9770014924,2021-04-22,B-08,true
C-114925,9770014925,2024-08-09,B-04,true
C-114926,9770014926,2022-12-17,B-01,true
C-114927,9770014927,2019-12-13,B-04,true
C-114928,9770014928,2021-02-18,B-04,false
C-114929,9770014929,2021-06-20,B-01,true
C-114930,9770014930,2023-12-08,B-01,false
C-114931,9770014931,2020-11-12,B-04,true
C-114932,9770014932,2019-09-27,B-01,true
C-114933,9770014933,2025-07-10,B-02,false
C-114934,9770014934,2025-12-10,B-08,false
C-114935,9770014935,2026-01-09,B-08,true
C-114936,9770014936,2020-05-12,B-04,false
C-114937,9770014937,2020-07-18,B-04,true
C-114938,9770014938,2025-01-10,B-08,true
C-114939,9770014939,2021-12-08,B-09,true
C-114940,9770014940,2021-12-26,B-01,true
C-114941,9770014941,2020-02-25,B-04,false
C-114942,9770014942,2025-08-08,B-02,true
C-114943,9770014943,2020-04-01,B-17,false
C-114944,9770014944,2025-06-10,B-02,false
C-114945,9770014945,2023-11-12,B-17,false
C-114946,9770014946,2025-05-13,B-01,true
C-114947,9770014947,2023-04-18,B-17,false
C-114948,9770014948,2023-09-26,B-02,true
C-114949,9770014949,2022-02-02,B-04,false
C-114950,9770014950,2024-10-27,B-09,false
C-114951,9770014951,2024-01-09,B-08,true
C-114952,9770014952,2024-03-07,B-09,false
C-114953,9770014953,2020-03-28,B-08,true
C-114954,9770014954,2026-01-10,B-17,false
C-114955,9770014955,2021-12-05,B-17,true
C-114956,9770014956,2022-12-06,B-04,false
C-114957,9770014957,2022-09-28,B-01,true
C-114958,9770014958,2025-06-08,B-08,false
C-114959,9770014959,2024-04-08,B-17,true
C-114960,9770014960,2019-10-20,B-02,false
C-114961,9770014961,2022-07-28,B-01,false
C-114962,9770014962,2019-06-23,B-08,false
C-114963,9770014963,2022-01-14,B-17,false
C-114964,9770014964,2020-10-19,B-17,true
C-114965,9770014965,2021-05-02,B-08,true
C-114966,9770014966,2019-06-30,B-09,true
C-114967,9770014967,2022-04-23,B-17,true
C-114968,9770014968,2022-05-13,B-02,false
C-114969,9770014969,2021-08-17,B-09,true
C-114970,9770014970,2023-09-04,B-02,true
C-114971,9770014971,2021-12-26,B-17,true
C-114972,9770014972,2020-05-30,B-17,false
C-114973,9770014973,2020-12-22,B-04,true
C-114974,9770014974,2022-10-12,B-01,false
C-114975,9770014975,2022-03-12,B-04,false
C-114976,9770014976,2021-03-06,B-04,false
C-114977,9770014977,2022-03-27,B-09,true
C-114978,9770014978,2020-11-20,B-01,false
C-114979,9770014979,2024-10-30,B-09,false
C-114980,9770014980,2023-11-01,B-02,false
C-114981,9770014981,2021-12-11,B-09,false
C-114982,9770014982,2022-09-30,B-01,false
C-114983,9770014983,2025-07-28,B-04,false
C-114984,9770014984,2019-08-06,B-09,true
C-114985,9770014985,2021-04-20,B-01,false
C-114986,9770014986,2024-06-14,B-17,true
C-114987,9770014987,2025-06-10,B-17,false
C-114988,9770014988,2025-02-13,B-09,false
C-114989,9770014989,2020-06-03,B-08,true
C-114990,9770014990,2023-07-30,B-01,true
C-114991,9770014991,2020-04-09,B-09,true
C-114992,9770014992,2023-01-17,B-09,true
C-114993,9770014993,2024-09-30,B-04,false
C-114994,9770014994,2019-11-25,B-08,false
C-114995,9770014995,2025-03-01,B-08,false
C-114996,9770014996,2021-08-31,B-04,false
C-114997,9770014997,2021-08-31,B-17,false
C-114998,9770014998,2022-10-27,B-04,false
C-114999,9770014999,2020-06-18,B-01,true
