depot_id,snapshot_date,sku,pallets_on_hand,weeks_cover
DC-01,2026-05-06,QX-CER-002,110,1.2
DC-01,2026-05-06,QX-DRK-200,163,9.2
DC-01,2026-05-06,QX-PRO-203,321,8.8
DC-01,2026-05-06,QX-DRK-206,325,5.5
DC-01,2026-05-06,QX-TIN-208,255,5.8
DC-01,2026-05-06,QX-PRO-210,102,2.7
DC-01,2026-05-06,QX-HHD-211,80,5.7
DC-01,2026-05-06,QX-CHL-215,279,3.8
DC-01,2026-05-06,QX-FRZ-218,246,1.9
DC-01,2026-05-06,QX-BAK-223,110,0.9
DC-01,2026-05-06,QX-PET-226,330,5.7
DC-01,2026-05-06,QX-TIN-228,251,5.3
DC-01,2026-05-06,QX-HHD-240,139,3.9
DC-01,2026-05-06,QX-CER-241,91,2.0
DC-01,2026-05-06,QX-DRY-243,42,1.8
DC-01,2026-05-06,QX-HHD-253,31,0.9
DC-01,2026-05-06,QX-DRY-257,303,4.2
DC-01,2026-05-06,QX-HBC-261,205,2.9
DC-01,2026-05-06,QX-CHL-274,260,3.9
DC-01,2026-05-06,QX-CHL-280,233,4.9
DC-01,2026-05-06,QX-BAK-292,251,4.3
DC-01,2026-05-06,QX-TIN-293,226,7.9
DC-01,2026-05-06,QX-BWS-294,56,7.8
DC-01,2026-05-06,QX-FRZ-298,278,8.4
DC-01,2026-05-06,QX-HHD-303,65,4.1
DC-01,2026-05-06,QX-TIN-306,297,1.2
DC-01,2026-05-06,QX-FRZ-310,198,2.2
DC-01,2026-05-06,QX-DRY-312,213,6.0
DC-01,2026-05-06,QX-CHL-315,259,4.5
DC-01,2026-05-06,QX-CER-319,19,4.4
DC-01,2026-05-06,QX-BWS-320,95,0.9
DC-01,2026-05-06,QX-FRZ-323,220,5.7
DC-01,2026-05-06,QX-HBC-325,151,7.6
DC-01,2026-05-06,QX-PET-326,246,4.3
DC-01,2026-05-06,QX-BAK-327,178,6.6
DC-01,2026-05-06,QX-TIN-340,185,5.8
DC-01,2026-05-06,QX-PET-345,246,1.1
DC-01,2026-05-06,QX-CHL-352,240,5.2
DC-01,2026-05-06,QX-FRZ-357,279,4.4
DC-01,2026-05-06,QX-BWS-359,230,6.9
DC-01,2026-05-06,QX-BAK-360,17,4.6
DC-01,2026-05-06,QX-CHL-368,139,1.1
DC-01,2026-05-06,QX-CER-372,55,2.2
DC-01,2026-05-06,QX-HBC-374,142,8.4
DC-01,2026-05-06,QX-BAK-379,294,8.1
DC-01,2026-05-06,QX-HHD-385,196,2.6
DC-01,2026-05-06,QX-PRO-396,18,1.7
DC-01,2026-05-06,QX-FRZ-403,192,7.9
DC-01,2026-05-06,QX-PRO-408,47,7.9
DC-01,2026-05-06,QX-DRY-414,325,6.2
DC-01,2026-05-06,QX-DRY-416,234,9.1
DC-01,2026-05-06,QX-BAK-420,94,4.4
DC-01,2026-05-06,QX-PRO-421,335,4.0
DC-01,2026-05-06,QX-BAK-430,101,5.4
DC-01,2026-05-06,QX-BAK-434,65,2.7
DC-01,2026-05-06,QX-PRO-439,293,3.3
DC-01,2026-05-06,QX-PRO-441,30,7.5
DC-01,2026-05-06,QX-HBC-442,71,6.4
DC-01,2026-05-06,QX-CER-443,166,0.2
DC-01,2026-05-06,QX-FRZ-444,44,8.6
DC-01,2026-05-06,QX-PET-447,293,8.5
DC-01,2026-05-06,QX-BAK-451,138,5.5
DC-01,2026-05-06,QX-BWS-454,305,4.8
DC-01,2026-05-06,QX-PET-456,216,6.9
DC-01,2026-05-06,QX-HHD-463,326,4.1
DC-01,2026-05-06,QX-CER-465,213,1.4
DC-01,2026-05-06,QX-PET-466,53,8.7
DC-01,2026-05-06,QX-FRZ-468,59,4.1
DC-01,2026-05-06,QX-BWS-472,287,5.2
DC-01,2026-05-06,QX-CER-473,186,0.6
DC-01,2026-05-06,QX-PRO-475,103,7.4
DC-01,2026-05-06,QX-BWS-479,223,4.1
DC-01,2026-05-06,QX-TIN-486,65,8.6
DC-01,2026-05-06,QX-DRY-491,255,2.2
DC-01,2026-05-06,QX-CHL-496,140,8.9
DC-01,2026-05-06,QX-DRY-497,42,2.3
DC-01,2026-05-06,QX-DRY-499,261,7.0
DC-01,2026-05-06,QX-PET-500,237,4.4
DC-01,2026-05-06,QX-HHD-501,71,8.3
DC-01,2026-05-06,QX-BAK-505,83,0.5
DC-01,2026-05-06,QX-CER-511,140,2.5
DC-01,2026-05-06,QX-DRY-517,284,5.3
DC-01,2026-05-06,QX-DRY-519,302,2.8
DC-01,2026-05-06,QX-PRO-521,244,0.9
DC-01,2026-05-06,QX-PRO-524,161,6.0
DC-01,2026-05-06,QX-PET-525,284,7.5
DC-01,2026-05-06,QX-BWS-527,172,4.9
DC-01,2026-05-06,QX-PRO-532,300,1.7
DC-01,2026-05-06,QX-PET-533,123,2.3
DC-01,2026-05-06,QX-BWS-536,22,4.6
DC-01,2026-05-06,QX-FRZ-538,267,5.0
DC-01,2026-05-06,QX-BAK-539,147,2.0
DC-01,2026-05-06,QX-HBC-544,144,3.9
DC-01,2026-05-06,QX-BAK-546,194,7.5
DC-01,2026-05-06,QX-HHD-551,125,5.7
DC-01,2026-05-06,QX-CHL-554,274,9.2
DC-01,2026-05-06,QX-CHL-555,181,4.9
DC-01,2026-05-06,QX-FRZ-556,11,1.0
DC-01,2026-05-06,QX-HBC-557,158,3.4
DC-01,2026-05-06,QX-DRK-560,117,7.2
DC-01,2026-05-06,QX-BAK-567,200,4.6
DC-01,2026-05-06,QX-HBC-568,135,7.4
DC-01,2026-05-06,QX-HHD-569,31,0.5
DC-01,2026-05-06,QX-HBC-576,291,5.7
DC-01,2026-05-06,QX-HBC-578,316,8.0
DC-01,2026-05-06,QX-HHD-594,18,3.3
DC-01,2026-05-06,QX-HHD-597,186,3.3
DC-01,2026-05-06,QX-PRO-612,211,8.6
DC-01,2026-05-06,QX-BWS-619,298,0.7
DC-01,2026-05-06,QX-FRZ-626,89,5.7
DC-01,2026-05-06,QX-TIN-628,94,0.4
DC-01,2026-05-06,QX-BWS-632,285,1.1
DC-01,2026-05-06,QX-FRZ-633,5,8.5
DC-01,2026-05-06,QX-TIN-640,46,4.7
DC-01,2026-05-06,QX-TIN-644,266,2.0
DC-01,2026-05-06,QX-HBC-646,92,8.9
DC-01,2026-05-06,QX-HBC-648,105,3.8
DC-01,2026-05-06,QX-TIN-649,32,0.3
DC-01,2026-05-06,QX-HBC-650,255,0.2
DC-01,2026-05-06,QX-PRO-653,193,1.2
DC-01,2026-05-06,QX-PET-657,193,1.3
DC-01,2026-05-06,QX-CHL-662,322,8.4
DC-01,2026-05-06,QX-HHD-663,231,6.3
DC-01,2026-05-06,QX-BAK-667,62,3.1
DC-01,2026-05-06,QX-BAK-675,305,6.3
DC-01,2026-05-06,QX-PET-677,231,6.4
DC-01,2026-05-06,QX-DRY-680,24,4.3
DC-01,2026-05-06,QX-CER-682,163,9.3
DC-01,2026-05-06,QX-DRK-683,36,2.7
DC-01,2026-05-06,QX-DRY-689,312,3.4
DC-01,2026-05-06,QX-HHD-693,119,8.3
DC-01,2026-05-06,QX-CHL-701,169,5.6
DC-01,2026-05-06,QX-DRK-704,73,1.6
DC-01,2026-05-06,QX-PET-708,3,1.4
DC-01,2026-05-06,QX-FRZ-711,141,9.3
DC-01,2026-05-06,QX-CHL-716,217,8.8
DC-01,2026-05-06,QX-FRZ-717,131,1.2
DC-01,2026-05-06,QX-HBC-723,319,5.5
DC-01,2026-05-06,QX-PRO-726,150,4.2
DC-01,2026-05-06,QX-FRZ-727,135,4.8
DC-01,2026-05-06,QX-BAK-732,316,1.0
DC-01,2026-05-06,QX-FRZ-738,130,9.0
DC-01,2026-05-06,QX-BWS-743,176,6.7
DC-01,2026-05-06,QX-BWS-747,314,2.4
DC-01,2026-05-06,QX-CER-750,288,4.7
DC-01,2026-05-06,QX-CHL-752,163,7.6
DC-01,2026-05-06,QX-BWS-753,162,6.9
DC-01,2026-05-06,QX-CHL-756,272,4.1
DC-01,2026-05-06,QX-CER-763,313,2.4
DC-01,2026-05-06,QX-BAK-768,80,2.4
DC-01,2026-05-06,QX-PET-769,22,7.4
DC-01,2026-05-06,QX-CER-770,245,4.4
DC-01,2026-05-06,QX-CER-773,161,7.6
DC-01,2026-05-06,QX-CER-774,110,0.7
DC-01,2026-05-06,QX-HHD-776,144,4.2
DC-01,2026-05-06,QX-PET-783,234,6.4
DC-01,2026-05-06,QX-HBC-786,160,1.0
DC-01,2026-05-06,QX-HBC-791,113,6.6
DC-01,2026-05-06,QX-FRZ-792,69,8.3
DC-01,2026-05-06,QX-CER-793,262,8.2
DC-01,2026-05-06,QX-HHD-798,47,8.3
DC-01,2026-05-06,QX-PET-801,331,8.9
DC-01,2026-05-06,QX-TIN-803,285,3.8
DC-01,2026-05-06,QX-HBC-804,174,6.0
DC-01,2026-05-06,QX-FRZ-806,169,5.2
DC-01,2026-05-06,QX-FRZ-809,267,6.2
DC-01,2026-05-06,QX-BWS-816,339,7.2
DC-01,2026-05-06,QX-CER-818,66,8.3
DC-01,2026-05-06,QX-HHD-820,124,3.9
DC-01,2026-05-06,QX-BAK-823,54,2.0
DC-01,2026-05-06,QX-HHD-826,132,0.2
DC-01,2026-05-06,QX-BWS-829,319,1.5
DC-01,2026-05-06,QX-BWS-835,228,4.8
DC-01,2026-05-06,QX-HHD-837,128,4.8
DC-01,2026-05-06,QX-DRK-845,222,5.8
DC-01,2026-05-06,QX-TIN-846,92,3.0
DC-01,2026-05-06,QX-TIN-849,146,8.6
DC-01,2026-05-06,QX-HHD-852,308,6.4
DC-01,2026-05-06,QX-TIN-854,121,1.8
DC-01,2026-05-06,QX-PET-855,179,6.5
DC-01,2026-05-06,QX-BAK-857,217,8.8
DC-01,2026-05-06,QX-DRY-858,132,5.3
DC-01,2026-05-06,QX-CHL-861,253,6.5
DC-01,2026-05-06,QX-CER-862,151,1.9
DC-01,2026-05-06,QX-PRO-866,69,5.9
DC-01,2026-05-06,QX-HBC-870,306,5.2
DC-01,2026-05-06,QX-DRY-873,201,1.4
DC-01,2026-05-06,QX-PRO-874,165,8.2
DC-01,2026-05-06,QX-DRY-876,122,2.3
DC-01,2026-05-06,QX-HBC-879,51,7.9
DC-01,2026-05-06,QX-CHL-880,132,0.5
DC-01,2026-05-06,QX-BWS-893,271,9.2
DC-01,2026-05-06,QX-HBC-895,48,1.7
DC-01,2026-05-06,QX-FRZ-897,301,9.0
DC-01,2026-05-06,QX-HHD-902,108,0.2
DC-01,2026-05-06,QX-DRY-903,83,7.4
DC-01,2026-05-06,QX-TIN-908,314,3.0
DC-01,2026-05-06,QX-PET-911,311,7.6
DC-01,2026-05-06,QX-DRY-914,244,7.8
DC-01,2026-05-06,QX-DRY-915,148,4.1
DC-01,2026-05-06,QX-BAK-918,164,2.0
DC-01,2026-05-06,QX-DRK-923,77,6.2
DC-01,2026-05-06,QX-FRZ-924,252,7.5
DC-01,2026-05-06,QX-CER-929,218,2.3
DC-01,2026-05-06,QX-BWS-933,155,2.6
DC-01,2026-05-06,QX-HHD-936,128,4.8
DC-01,2026-05-06,QX-BWS-938,125,6.2
DC-01,2026-05-06,QX-BAK-941,315,4.1
DC-01,2026-05-06,QX-PRO-943,238,8.4
DC-01,2026-05-06,QX-TIN-944,331,1.6
DC-01,2026-05-06,QX-CER-947,101,0.4
DC-01,2026-05-06,QX-CHL-949,253,8.3
DC-01,2026-05-06,QX-TIN-950,159,8.9
DC-01,2026-05-06,QX-DRK-951,184,8.3
DC-01,2026-05-06,QX-BWS-955,301,7.9
DC-01,2026-05-06,QX-CHL-956,246,1.0
DC-01,2026-05-06,QX-BAK-958,188,1.1
DC-01,2026-05-06,QX-PET-960,173,5.1
DC-01,2026-05-06,QX-DRY-965,338,0.4
DC-01,2026-05-06,QX-CHL-966,32,8.5
DC-01,2026-05-06,QX-TIN-973,117,2.0
DC-01,2026-05-06,QX-HBC-974,37,9.1
DC-01,2026-05-06,QX-FRZ-977,306,5.2
DC-01,2026-05-06,QX-HBC-985,198,7.2
DC-01,2026-05-06,QX-HHD-986,301,4.5
DC-01,2026-05-06,QX-TIN-987,116,6.1
DC-01,2026-05-06,QX-HHD-994,59,9.5
DC-01,2026-05-06,QX-CHL-997,214,0.5
DC-01,2026-05-06,QX-TIN-000,265,2.3
DC-01,2026-05-06,QX-BWS-001,297,7.0
DC-01,2026-05-06,QX-HBC-002,183,2.9
DC-01,2026-05-06,QX-PET-003,172,9.5
DC-01,2026-05-06,QX-FRZ-007,77,1.1
DC-01,2026-05-06,QX-CHL-011,193,5.1
DC-01,2026-05-06,QX-DRY-012,173,1.9
DC-01,2026-05-06,QX-PET-023,206,4.0
DC-01,2026-05-06,QX-DRK-027,147,1.2
DC-01,2026-05-06,QX-CER-031,144,6.5
DC-01,2026-05-06,QX-CER-032,333,5.6
DC-01,2026-05-06,QX-TIN-044,72,3.9
DC-01,2026-05-06,QX-TIN-047,89,7.0
DC-01,2026-05-06,QX-CHL-049,320,1.3
DC-01,2026-05-06,QX-HBC-054,122,8.0
DC-01,2026-05-06,QX-HBC-055,54,3.7
DC-01,2026-05-06,QX-BAK-059,291,5.8
DC-01,2026-05-06,QX-PET-065,1,3.9
DC-01,2026-05-06,QX-CHL-072,81,7.0
DC-01,2026-05-06,QX-TIN-075,146,9.5
DC-01,2026-05-06,QX-PRO-077,284,3.8
DC-01,2026-05-06,QX-PRO-083,26,7.3
DC-01,2026-05-06,QX-CER-085,304,2.3
DC-01,2026-05-06,QX-FRZ-090,115,4.8
DC-01,2026-05-06,QX-CER-097,41,2.1
DC-01,2026-05-06,QX-HBC-100,172,5.8
DC-01,2026-05-06,QX-TIN-105,84,7.8
DC-01,2026-05-06,QX-CHL-110,62,3.5
DC-01,2026-05-06,QX-HBC-111,233,5.8
DC-01,2026-05-06,QX-TIN-112,151,3.1
DC-01,2026-05-06,QX-TIN-115,63,2.0
DC-01,2026-05-06,QX-CHL-117,43,8.8
DC-01,2026-05-06,QX-CER-118,224,6.4
DC-01,2026-05-06,QX-PET-119,70,8.5
DC-01,2026-05-06,QX-CHL-126,41,0.8
DC-01,2026-05-06,QX-DRK-128,226,7.6
DC-01,2026-05-06,QX-HHD-130,204,9.2
DC-01,2026-05-06,QX-BAK-134,291,4.5
DC-01,2026-05-06,QX-CHL-136,270,7.9
DC-01,2026-05-06,QX-FRZ-140,61,0.3
DC-01,2026-05-06,QX-BWS-141,72,8.9
DC-01,2026-05-06,QX-TIN-142,314,7.9
DC-01,2026-05-06,QX-CER-145,3,6.3
DC-01,2026-05-06,QX-DRY-146,63,2.3
DC-01,2026-05-06,QX-DRY-148,57,4.9
DC-01,2026-05-06,QX-TIN-151,35,8.1
DC-01,2026-05-06,QX-TIN-157,110,6.9
DC-01,2026-05-06,QX-BAK-163,62,6.4
DC-01,2026-05-06,QX-HBC-164,54,5.9
DC-01,2026-05-06,QX-PET-169,264,1.3
DC-01,2026-05-06,QX-PRO-170,257,6.4
DC-01,2026-05-06,QX-BWS-175,322,6.5
DC-01,2026-05-06,QX-PRO-176,338,1.0
DC-01,2026-05-06,QX-HHD-177,121,2.7
DC-01,2026-05-06,QX-PET-180,284,1.2
DC-01,2026-05-06,QX-DRY-183,180,7.0
DC-01,2026-05-06,QX-CER-184,109,9.3
DC-01,2026-05-06,QX-DRK-186,302,2.1
DC-01,2026-05-06,QX-FRZ-188,305,0.5
DC-01,2026-05-06,QX-HHD-189,288,8.8
DC-01,2026-05-06,QX-TIN-193,225,6.8
DC-01,2026-05-06,QX-FRZ-201,284,8.7
DC-01,2026-05-06,QX-CHL-207,319,4.8
DC-01,2026-05-06,QX-TIN-218,278,8.3
DC-01,2026-05-06,QX-DRY-230,296,2.3
DC-01,2026-05-06,QX-CER-231,213,1.8
DC-01,2026-05-06,QX-FRZ-233,180,7.1
DC-01,2026-05-06,QX-DRY-241,220,4.8
DC-01,2026-05-06,QX-HHD-242,169,0.9
DC-01,2026-05-06,QX-TIN-244,339,7.1
DC-01,2026-05-06,QX-HHD-246,69,6.1
DC-01,2026-05-06,QX-BAK-248,38,0.4
DC-01,2026-05-06,QX-FRZ-249,68,3.0
DC-01,2026-05-06,QX-DRK-258,156,6.8
DC-01,2026-05-06,QX-DRK-259,323,9.1
DC-01,2026-05-06,QX-BWS-260,339,3.8
DC-01,2026-05-06,QX-PRO-262,294,0.5
DC-01,2026-05-06,QX-PRO-264,334,5.1
DC-01,2026-05-06,QX-CHL-269,127,0.3
DC-01,2026-05-06,QX-CER-270,195,7.3
DC-01,2026-05-06,QX-CER-274,28,8.0
DC-01,2026-05-06,QX-CHL-278,73,1.6
DC-01,2026-05-06,QX-BWS-279,126,1.2
DC-01,2026-05-06,QX-BAK-294,317,8.1
DC-01,2026-05-06,QX-CHL-295,33,0.6
DC-01,2026-05-06,QX-DRK-300,267,6.2
DC-01,2026-05-06,QX-CER-307,82,2.2
DC-01,2026-05-06,QX-TIN-309,108,2.9
DC-01,2026-05-06,QX-TIN-310,150,2.7
DC-01,2026-05-06,QX-BWS-314,43,7.6
DC-01,2026-05-06,QX-PET-315,276,4.2
DC-01,2026-05-06,QX-HHD-319,232,6.4
DC-01,2026-05-06,QX-HBC-321,170,5.8
DC-01,2026-05-06,QX-TIN-328,288,1.0
DC-01,2026-05-06,QX-DRY-333,30,6.3
DC-01,2026-05-06,QX-FRZ-334,76,1.6
DC-01,2026-05-06,QX-HHD-338,18,5.7
DC-01,2026-05-06,QX-DRK-341,288,2.8
DC-01,2026-05-06,QX-CER-343,327,4.8
DC-01,2026-05-06,QX-TIN-344,175,1.3
DC-01,2026-05-06,QX-HHD-354,292,2.1
DC-01,2026-05-06,QX-HBC-356,192,6.7
DC-01,2026-05-06,QX-TIN-357,110,3.2
DC-01,2026-05-06,QX-PRO-366,10,8.7
DC-01,2026-05-06,QX-PET-368,144,6.7
DC-01,2026-05-06,QX-HHD-374,206,6.6
DC-01,2026-05-06,QX-BAK-376,87,4.8
DC-01,2026-05-06,QX-CHL-388,166,1.4
DC-01,2026-05-06,QX-CHL-389,74,2.0
DC-01,2026-05-06,QX-DRK-391,90,0.3
DC-01,2026-05-06,QX-PET-396,132,7.9
DC-01,2026-05-06,QX-DRY-408,43,1.2
DC-01,2026-05-06,QX-FRZ-413,11,6.6
DC-01,2026-05-06,QX-PET-417,68,9.2
DC-01,2026-05-06,QX-PET-422,150,5.9
DC-01,2026-05-06,QX-CHL-424,19,4.0
DC-01,2026-05-06,QX-DRY-429,94,4.2
DC-01,2026-05-06,QX-CER-433,161,1.4
DC-01,2026-05-06,QX-PRO-435,76,7.3
DC-01,2026-05-06,QX-HHD-442,182,2.5
DC-01,2026-05-06,QX-HHD-444,96,8.3
DC-01,2026-05-06,QX-HHD-450,1,0.5
DC-01,2026-05-06,QX-HHD-452,41,5.1
DC-01,2026-05-06,QX-PET-455,88,3.4
DC-01,2026-05-06,QX-DRY-457,148,8.6
DC-01,2026-05-06,QX-TIN-463,192,2.0
DC-01,2026-05-06,QX-HBC-465,278,8.0
DC-01,2026-05-06,QX-CHL-466,164,7.9
DC-01,2026-05-06,QX-DRK-467,67,6.9
DC-01,2026-05-06,QX-TIN-468,261,7.8
DC-01,2026-05-06,QX-PET-471,238,6.2
DC-01,2026-05-06,QX-DRY-472,107,2.0
DC-01,2026-05-06,QX-TIN-487,62,1.2
DC-01,2026-05-06,QX-HHD-492,197,1.6
DC-01,2026-05-06,QX-FRZ-495,7,3.6
DC-01,2026-05-06,QX-FRZ-500,96,1.1
DC-01,2026-05-06,QX-BAK-502,245,4.3
DC-01,2026-05-06,QX-DRK-503,231,6.5
DC-01,2026-05-06,QX-FRZ-504,7,5.5
DC-01,2026-05-06,QX-TIN-510,103,3.5
DC-01,2026-05-06,QX-DRK-513,304,3.1
DC-01,2026-05-06,QX-BAK-520,161,3.2
DC-01,2026-05-06,QX-CER-521,257,5.4
DC-01,2026-05-06,QX-CHL-525,271,6.0
DC-01,2026-05-06,QX-BAK-526,177,4.7
DC-01,2026-05-06,QX-BAK-527,73,7.1
DC-01,2026-05-06,QX-CHL-534,202,5.7
DC-01,2026-05-06,QX-CER-537,296,1.6
DC-01,2026-05-06,QX-BWS-538,172,6.1
DC-01,2026-05-06,QX-PRO-541,38,5.5
DC-01,2026-05-06,QX-PRO-546,73,4.6
DC-01,2026-05-06,QX-CHL-547,227,1.9
DC-01,2026-05-06,QX-DRY-552,254,1.6
DC-01,2026-05-06,QX-FRZ-555,132,6.5
DC-01,2026-05-06,QX-CHL-558,88,2.3
DC-01,2026-05-06,QX-TIN-560,204,2.7
DC-01,2026-05-06,QX-PRO-562,244,6.5
DC-01,2026-05-06,QX-HBC-563,216,5.2
DC-01,2026-05-06,QX-HHD-566,69,0.4
DC-01,2026-05-06,QX-PRO-573,236,1.0
DC-01,2026-05-06,QX-FRZ-576,269,1.9
DC-01,2026-05-06,QX-PRO-578,118,7.5
DC-01,2026-05-06,QX-PRO-594,331,9.1
DC-01,2026-05-06,QX-DRY-604,95,6.3
DC-01,2026-05-06,QX-BAK-607,172,4.0
DC-01,2026-05-06,QX-PRO-608,250,2.5
DC-01,2026-05-06,QX-HBC-609,305,8.7
DC-01,2026-05-06,QX-CHL-615,283,0.3
DC-01,2026-05-06,QX-BAK-616,322,8.9
DC-01,2026-05-06,QX-HHD-622,217,3.9
DC-01,2026-05-06,QX-CER-625,240,6.5
DC-01,2026-05-06,QX-HHD-627,240,3.5
DC-01,2026-05-06,QX-PET-638,252,5.2
DC-01,2026-05-06,QX-HBC-642,153,2.5
DC-01,2026-05-06,QX-PRO-643,16,3.0
DC-01,2026-05-06,QX-BAK-644,301,5.0
DC-01,2026-05-06,QX-BAK-647,95,3.7
DC-01,2026-05-06,QX-CER-653,321,3.2
DC-01,2026-05-06,QX-BAK-654,71,7.4
DC-01,2026-05-06,QX-BWS-655,67,3.6
DC-01,2026-05-06,QX-TIN-656,181,3.0
DC-01,2026-05-06,QX-HHD-662,110,4.5
DC-01,2026-05-06,QX-BWS-666,155,3.0
DC-01,2026-05-06,QX-HHD-670,272,0.9
DC-01,2026-05-06,QX-TIN-672,196,5.3
DC-01,2026-05-06,QX-CHL-675,282,2.7
DC-01,2026-05-06,QX-DRK-677,253,7.7
DC-01,2026-05-06,QX-FRZ-678,336,6.9
DC-01,2026-05-06,QX-HHD-679,140,1.9
DC-01,2026-05-06,QX-CHL-680,274,0.5
DC-01,2026-05-06,QX-PRO-683,260,7.7
DC-01,2026-05-06,QX-BAK-687,161,3.4
DC-01,2026-05-06,QX-PRO-689,67,8.6
DC-01,2026-05-06,QX-PET-690,326,6.6
DC-01,2026-05-06,QX-PRO-692,205,7.6
DC-01,2026-05-06,QX-HHD-697,293,3.1
DC-01,2026-05-06,QX-TIN-705,267,8.8
DC-01,2026-05-06,QX-TIN-706,164,5.0
DC-01,2026-05-06,QX-BWS-707,276,5.9
DC-01,2026-05-06,QX-FRZ-712,303,7.9
DC-01,2026-05-06,QX-CER-717,204,0.5
DC-01,2026-05-06,QX-TIN-718,56,8.5
DC-01,2026-05-06,QX-DRY-724,282,7.5
DC-01,2026-05-06,QX-FRZ-735,66,2.8
DC-01,2026-05-06,QX-PET-736,209,9.2
DC-01,2026-05-06,QX-DRY-749,263,4.8
DC-01,2026-05-06,QX-FRZ-752,30,4.7
DC-01,2026-05-06,QX-HHD-754,303,3.5
DC-01,2026-05-06,QX-HBC-758,180,1.2
DC-01,2026-05-06,QX-CER-762,165,9.0
DC-01,2026-05-06,QX-BAK-769,192,2.7
DC-01,2026-05-06,QX-FRZ-772,80,2.7
DC-01,2026-05-06,QX-CHL-776,84,4.0
DC-01,2026-05-06,QX-BAK-777,21,7.6
DC-01,2026-05-06,QX-BAK-778,95,6.8
DC-01,2026-05-06,QX-PRO-781,16,7.0
DC-01,2026-05-06,QX-HBC-806,274,4.5
DC-01,2026-05-06,QX-HBC-811,291,5.2
DC-01,2026-05-06,QX-DRY-819,336,7.4
DC-01,2026-05-06,QX-CHL-823,178,5.5
DC-01,2026-05-06,QX-CHL-825,143,8.5
DC-01,2026-05-06,QX-CER-830,276,5.3
DC-01,2026-05-06,QX-TIN-831,108,2.0
DC-01,2026-05-06,QX-PET-832,208,2.6
DC-01,2026-05-06,QX-FRZ-833,32,8.0
DC-01,2026-05-06,QX-DRK-834,305,3.7
DC-01,2026-05-06,QX-CER-841,109,5.2
DC-01,2026-05-06,QX-DRY-849,23,6.5
DC-01,2026-05-06,QX-FRZ-850,116,2.2
DC-01,2026-05-06,QX-HBC-857,235,1.1
DC-01,2026-05-06,QX-DRY-860,183,3.2
DC-01,2026-05-06,QX-PET-872,307,5.1
DC-01,2026-05-06,QX-CHL-876,231,7.7
DC-01,2026-05-06,QX-TIN-878,94,6.7
DC-01,2026-05-06,QX-FRZ-885,241,8.0
DC-01,2026-05-06,QX-PRO-886,310,6.8
DC-01,2026-05-06,QX-TIN-894,9,2.2
DC-01,2026-05-06,QX-BAK-896,274,5.1
DC-01,2026-05-06,QX-BWS-897,30,8.1
DC-01,2026-05-06,QX-FRZ-902,11,4.9
DC-01,2026-05-06,QX-FRZ-905,1,0.4
DC-01,2026-05-06,QX-DRK-909,302,3.5
DC-01,2026-05-06,QX-CER-917,286,1.4
DC-01,2026-05-06,QX-DRK-922,308,6.5
DC-01,2026-05-06,QX-HBC-924,233,1.3
DC-01,2026-05-06,QX-HBC-928,280,3.1
DC-01,2026-05-06,QX-TIN-936,26,0.8
DC-01,2026-05-06,QX-TIN-939,325,6.3
DC-01,2026-05-06,QX-DRK-940,75,3.3
DC-01,2026-05-06,QX-FRZ-941,103,4.7
DC-01,2026-05-06,QX-BWS-944,300,0.7
DC-01,2026-05-06,QX-DRK-948,93,2.8
DC-01,2026-05-06,QX-DRY-952,298,5.7
DC-01,2026-05-06,QX-FRZ-957,237,1.4
DC-01,2026-05-06,QX-PET-958,53,6.0
DC-01,2026-05-06,QX-HBC-959,20,2.0
DC-01,2026-05-06,QX-TIN-961,168,2.2
DC-01,2026-05-06,QX-DRK-963,304,2.8
DC-01,2026-05-06,QX-PRO-964,86,3.1
DC-01,2026-05-06,QX-CER-968,22,3.3
DC-01,2026-05-06,QX-HHD-972,59,5.0
DC-01,2026-05-06,QX-CER-973,7,4.0
DC-01,2026-05-06,QX-HHD-974,190,7.3
DC-01,2026-05-06,QX-CHL-976,138,3.5
DC-01,2026-05-06,QX-HBC-979,137,0.4
DC-01,2026-05-06,QX-PET-980,271,5.0
DC-01,2026-05-06,QX-DRY-984,14,9.2
DC-01,2026-05-06,QX-DRK-990,176,7.6
DC-01,2026-05-06,QX-FRZ-992,98,8.6
DC-01,2026-05-06,QX-CHL-993,36,1.7
DC-01,2026-05-06,QX-FRZ-997,180,3.5
DC-01,2026-05-06,QX-CHL-012,208,5.2
DC-01,2026-05-06,QX-DRY-017,306,4.2
DC-01,2026-05-06,QX-HBC-020,252,6.9
DC-01,2026-05-06,QX-HHD-023,18,1.0
DC-01,2026-05-06,QX-TIN-031,206,1.5
DC-01,2026-05-06,QX-CER-037,56,3.8
DC-01,2026-05-06,QX-CER-038,209,5.1
DC-01,2026-05-06,QX-FRZ-048,18,8.9
DC-01,2026-05-06,QX-HHD-050,340,8.3
DC-01,2026-05-06,QX-DRK-059,148,7.2
DC-01,2026-05-06,QX-BAK-060,28,8.9
DC-01,2026-05-06,QX-TIN-061,78,6.5
DC-01,2026-05-06,QX-HHD-070,256,7.2
DC-01,2026-05-06,QX-PET-072,315,4.2
DC-01,2026-05-06,QX-BAK-076,165,1.4
DC-01,2026-05-06,QX-PET-078,157,9.3
DC-01,2026-05-06,QX-FRZ-079,26,8.8
DC-01,2026-05-06,QX-HBC-084,312,7.1
DC-01,2026-05-06,QX-PET-090,315,3.4
DC-01,2026-05-06,QX-BWS-091,90,8.8
DC-01,2026-05-06,QX-CHL-098,206,9.2
DC-01,2026-05-06,QX-TIN-108,6,0.3
DC-01,2026-05-06,QX-FRZ-113,70,3.0
DC-01,2026-05-06,QX-DRY-116,116,5.2
DC-01,2026-05-06,QX-BWS-118,171,3.6
DC-01,2026-05-06,QX-TIN-124,196,4.0
DC-01,2026-05-06,QX-DRK-125,85,6.8
DC-01,2026-05-06,QX-CER-135,305,1.5
DC-01,2026-05-06,QX-DRK-136,182,2.4
DC-01,2026-05-06,QX-TIN-138,108,3.6
DC-01,2026-05-06,QX-PRO-142,162,5.7
DC-01,2026-05-06,QX-HHD-148,42,0.3
DC-01,2026-05-06,QX-HBC-160,131,3.3
DC-01,2026-05-06,QX-DRK-167,32,6.9
DC-01,2026-05-06,QX-TIN-168,204,6.1
DC-01,2026-05-06,QX-CHL-175,123,5.3
DC-01,2026-05-06,QX-FRZ-176,254,1.8
DC-01,2026-05-06,QX-BAK-183,223,3.2
DC-01,2026-05-06,QX-HHD-184,298,9.1
DC-01,2026-05-06,QX-HHD-191,298,7.7
DC-01,2026-05-06,QX-HBC-200,271,9.2
DC-01,2026-05-06,QX-CER-201,139,5.5
DC-01,2026-05-06,QX-CHL-203,273,6.3
DC-01,2026-05-06,QX-CHL-205,4,3.9
DC-01,2026-05-06,QX-HHD-217,131,3.9
DC-01,2026-05-06,QX-DRY-218,198,7.2
DC-01,2026-05-06,QX-HBC-230,269,9.5
DC-01,2026-05-06,QX-HHD-233,90,6.4
DC-01,2026-05-06,QX-PET-238,56,7.9
DC-01,2026-05-06,QX-PET-245,257,8.3
DC-01,2026-05-06,QX-HBC-254,79,0.6
DC-01,2026-05-06,QX-FRZ-257,171,4.2
DC-01,2026-05-06,QX-TIN-259,98,2.4
DC-01,2026-05-06,QX-CHL-261,90,1.6
DC-01,2026-05-06,QX-DRK-264,109,2.8
DC-01,2026-05-06,QX-PRO-269,336,4.1
DC-01,2026-05-06,QX-DRY-270,74,6.4
DC-01,2026-05-06,QX-CER-272,113,6.4
DC-01,2026-05-06,QX-PRO-274,247,5.7
DC-01,2026-05-06,QX-DRY-275,43,4.2
DC-01,2026-05-06,QX-BWS-280,92,0.5
DC-01,2026-05-06,QX-PRO-281,323,1.9
DC-01,2026-05-06,QX-TIN-287,8,2.8
DC-01,2026-05-06,QX-BAK-295,94,8.6
DC-01,2026-05-06,QX-PRO-298,95,3.6
DC-01,2026-05-06,QX-PRO-299,280,4.3
DC-01,2026-05-06,QX-CER-300,147,5.8
DC-01,2026-05-06,QX-BWS-309,118,5.0
DC-01,2026-05-06,QX-CER-310,297,0.8
DC-01,2026-05-06,QX-CER-315,288,9.4
DC-01,2026-05-06,QX-TIN-330,143,7.8
DC-01,2026-05-06,QX-HBC-348,62,6.3
DC-01,2026-05-06,QX-HBC-353,9,4.6
DC-01,2026-05-06,QX-HBC-355,37,3.6
DC-01,2026-05-06,QX-CHL-357,66,3.3
DC-01,2026-05-06,QX-FRZ-362,239,0.7
DC-01,2026-05-06,QX-HBC-364,239,9.4
DC-01,2026-05-06,QX-DRY-371,190,5.2
DC-01,2026-05-06,QX-BWS-373,262,0.9
DC-01,2026-05-06,QX-DRY-379,162,5.1
DC-01,2026-05-06,QX-BWS-381,155,2.6
DC-01,2026-05-06,QX-CHL-382,90,1.3
DC-01,2026-05-06,QX-DRK-399,45,6.1
DC-01,2026-05-06,QX-HHD-400,97,9.5
DC-01,2026-05-06,QX-DRK-401,309,6.6
DC-01,2026-05-06,QX-DRK-403,117,0.9
DC-01,2026-05-06,QX-DRY-409,155,8.0
DC-01,2026-05-06,QX-HBC-410,232,8.2
DC-01,2026-05-06,QX-BWS-433,43,8.4
DC-01,2026-05-06,QX-TIN-439,12,6.3
DC-01,2026-05-06,QX-CER-440,105,1.5
DC-01,2026-05-06,QX-CHL-442,245,7.6
DC-01,2026-05-06,QX-DRY-443,317,6.9
DC-01,2026-05-06,QX-DRY-444,260,1.5
DC-01,2026-05-06,QX-FRZ-445,262,7.2
DC-01,2026-05-06,QX-CHL-449,28,4.8
DC-01,2026-05-06,QX-DRY-451,141,3.0
DC-01,2026-05-06,QX-CER-453,130,2.3
DC-01,2026-05-06,QX-DRY-454,278,5.2
DC-01,2026-05-06,QX-HBC-457,127,3.3
DC-01,2026-05-06,QX-HHD-458,0,7.3
DC-01,2026-05-06,QX-DRY-459,228,3.7
DC-01,2026-05-06,QX-BWS-460,128,6.4
DC-01,2026-05-06,QX-TIN-464,278,3.6
DC-01,2026-05-06,QX-TIN-465,213,9.3
DC-02,2026-05-06,QX-CER-001,108,2.7
DC-02,2026-05-06,QX-CER-002,292,6.6
DC-02,2026-05-06,QX-DRK-014,116,6.3
DC-02,2026-05-06,QX-TIN-045,2,5.3
DC-02,2026-05-06,QX-DRK-206,197,2.8
DC-02,2026-05-06,QX-CHL-215,9,6.8
DC-02,2026-05-06,QX-PRO-217,163,2.8
DC-02,2026-05-06,QX-BWS-221,108,8.5
DC-02,2026-05-06,QX-HHD-225,325,4.3
DC-02,2026-05-06,QX-TIN-229,276,1.4
DC-02,2026-05-06,QX-DRK-230,113,4.5
DC-02,2026-05-06,QX-FRZ-231,21,7.6
DC-02,2026-05-06,QX-FRZ-235,42,0.5
DC-02,2026-05-06,QX-HHD-240,295,7.1
DC-02,2026-05-06,QX-DRY-247,141,1.5
DC-02,2026-05-06,QX-HHD-253,284,3.8
DC-02,2026-05-06,QX-BWS-262,215,8.3
DC-02,2026-05-06,QX-BAK-265,50,3.0
DC-02,2026-05-06,QX-CER-267,49,5.6
DC-02,2026-05-06,QX-PET-270,165,5.3
DC-02,2026-05-06,QX-CHL-274,41,6.6
DC-02,2026-05-06,QX-CER-275,263,8.5
DC-02,2026-05-06,QX-DRY-286,76,1.4
DC-02,2026-05-06,QX-BAK-288,2,2.9
DC-02,2026-05-06,QX-DRK-289,337,0.7
DC-02,2026-05-06,QX-FRZ-298,85,9.0
DC-02,2026-05-06,QX-FRZ-299,311,0.5
DC-02,2026-05-06,QX-HHD-308,29,7.9
DC-02,2026-05-06,QX-HBC-313,148,2.0
DC-02,2026-05-06,QX-CER-319,8,3.2
DC-02,2026-05-06,QX-BWS-320,244,4.9
DC-02,2026-05-06,QX-HBC-325,155,8.5
DC-02,2026-05-06,QX-BAK-327,30,4.2
DC-02,2026-05-06,QX-BAK-328,277,6.5
DC-02,2026-05-06,QX-CER-329,220,8.3
DC-02,2026-05-06,QX-BAK-333,333,7.0
DC-02,2026-05-06,QX-DRK-334,88,8.5
DC-02,2026-05-06,QX-HHD-339,185,6.8
DC-02,2026-05-06,QX-CER-341,35,4.3
DC-02,2026-05-06,QX-PET-345,159,5.5
DC-02,2026-05-06,QX-CER-346,306,0.7
DC-02,2026-05-06,QX-PET-349,164,9.2
DC-02,2026-05-06,QX-CHL-351,156,4.8
DC-02,2026-05-06,QX-CER-355,249,1.1
DC-02,2026-05-06,QX-PRO-363,174,0.8
DC-02,2026-05-06,QX-DRY-366,258,1.5
DC-02,2026-05-06,QX-PET-367,103,5.4
DC-02,2026-05-06,QX-CHL-368,317,7.1
DC-02,2026-05-06,QX-HBC-371,243,0.4
DC-02,2026-05-06,QX-PET-378,306,5.8
DC-02,2026-05-06,QX-TIN-383,104,8.7
DC-02,2026-05-06,QX-BWS-384,131,8.3
DC-02,2026-05-06,QX-HHD-388,334,7.1
DC-02,2026-05-06,QX-HBC-389,114,7.3
DC-02,2026-05-06,QX-CHL-392,170,4.7
DC-02,2026-05-06,QX-DRK-393,27,1.1
DC-02,2026-05-06,QX-TIN-397,36,8.3
DC-02,2026-05-06,QX-BWS-398,134,7.6
DC-02,2026-05-06,QX-HBC-399,296,2.7
DC-02,2026-05-06,QX-PRO-401,289,6.2
DC-02,2026-05-06,QX-BAK-406,319,6.1
DC-02,2026-05-06,QX-TIN-407,92,5.3
DC-02,2026-05-06,QX-HHD-412,107,0.8
DC-02,2026-05-06,QX-DRY-414,89,5.0
DC-02,2026-05-06,QX-CHL-417,306,6.5
DC-02,2026-05-06,QX-BAK-420,33,0.3
DC-02,2026-05-06,QX-DRK-423,133,1.5
DC-02,2026-05-06,QX-HHD-424,125,2.5
DC-02,2026-05-06,QX-PRO-427,93,4.7
DC-02,2026-05-06,QX-HBC-431,275,8.4
DC-02,2026-05-06,QX-FRZ-432,203,3.4
DC-02,2026-05-06,QX-PRO-439,330,1.5
DC-02,2026-05-06,QX-HBC-442,101,5.8
DC-02,2026-05-06,QX-CER-443,112,3.6
DC-02,2026-05-06,QX-HBC-455,269,3.3
DC-02,2026-05-06,QX-PET-456,262,2.7
DC-02,2026-05-06,QX-CER-459,185,4.6
DC-02,2026-05-06,QX-PRO-471,181,1.4
DC-02,2026-05-06,QX-BWS-474,240,1.8
DC-02,2026-05-06,QX-CHL-476,125,2.9
DC-02,2026-05-06,QX-PRO-477,249,1.1
DC-02,2026-05-06,QX-BWS-485,266,5.4
DC-02,2026-05-06,QX-CER-488,291,5.4
DC-02,2026-05-06,QX-DRY-492,98,3.7
DC-02,2026-05-06,QX-DRY-495,217,8.8
DC-02,2026-05-06,QX-BWS-498,165,6.9
DC-02,2026-05-06,QX-DRK-506,262,1.4
DC-02,2026-05-06,QX-HHD-509,315,3.2
DC-02,2026-05-06,QX-BAK-510,258,7.3
DC-02,2026-05-06,QX-CER-513,132,4.4
DC-02,2026-05-06,QX-CER-515,303,2.3
DC-02,2026-05-06,QX-PRO-524,11,2.2
DC-02,2026-05-06,QX-PET-525,46,5.5
DC-02,2026-05-06,QX-DRY-528,155,5.3
DC-02,2026-05-06,QX-DRY-529,115,7.4
DC-02,2026-05-06,QX-PRO-532,324,6.8
DC-02,2026-05-06,QX-PET-533,323,1.5
DC-02,2026-05-06,QX-TIN-535,15,3.0
DC-02,2026-05-06,QX-BWS-536,278,1.9
DC-02,2026-05-06,QX-HBC-541,301,0.6
DC-02,2026-05-06,QX-DRY-542,276,2.3
DC-02,2026-05-06,QX-BWS-550,205,2.5
DC-02,2026-05-06,QX-CHL-554,28,3.2
DC-02,2026-05-06,QX-FRZ-556,114,0.5
DC-02,2026-05-06,QX-TIN-558,226,0.3
DC-02,2026-05-06,QX-PET-559,266,3.6
DC-02,2026-05-06,QX-FRZ-564,278,2.1
DC-02,2026-05-06,QX-BAK-567,235,6.6
DC-02,2026-05-06,QX-HHD-569,285,4.3
DC-02,2026-05-06,QX-DRY-574,5,7.5
DC-02,2026-05-06,QX-PET-575,179,4.0
DC-02,2026-05-06,QX-HBC-576,216,5.1
DC-02,2026-05-06,QX-CHL-579,83,6.4
DC-02,2026-05-06,QX-BWS-584,2,0.5
DC-02,2026-05-06,QX-BAK-587,161,7.9
DC-02,2026-05-06,QX-BWS-589,300,7.4
DC-02,2026-05-06,QX-DRY-593,206,2.7
DC-02,2026-05-06,QX-HHD-594,33,8.7
DC-02,2026-05-06,QX-DRY-595,99,3.8
DC-02,2026-05-06,QX-DRY-596,57,4.6
DC-02,2026-05-06,QX-HHD-597,236,3.5
DC-02,2026-05-06,QX-PET-598,291,6.1
DC-02,2026-05-06,QX-BWS-607,111,7.3
DC-02,2026-05-06,QX-DRK-609,271,2.0
DC-02,2026-05-06,QX-HBC-613,180,6.8
DC-02,2026-05-06,QX-HBC-618,188,5.3
DC-02,2026-05-06,QX-BWS-619,233,6.6
DC-02,2026-05-06,QX-DRK-627,240,1.2
DC-02,2026-05-06,QX-TIN-628,293,2.9
DC-02,2026-05-06,QX-DRK-636,122,5.8
DC-02,2026-05-06,QX-TIN-640,56,4.0
DC-02,2026-05-06,QX-PRO-645,335,3.0
DC-02,2026-05-06,QX-HBC-646,59,1.0
DC-02,2026-05-06,QX-HBC-648,170,1.9
DC-02,2026-05-06,QX-HBC-650,321,3.1
DC-02,2026-05-06,QX-HHD-656,168,1.6
DC-02,2026-05-06,QX-FRZ-658,47,4.4
DC-02,2026-05-06,QX-BAK-659,30,1.8
DC-02,2026-05-06,QX-HHD-660,124,6.9
DC-02,2026-05-06,QX-BAK-667,148,5.9
DC-02,2026-05-06,QX-CHL-670,159,2.2
DC-02,2026-05-06,QX-PRO-672,178,1.8
DC-02,2026-05-06,QX-PET-673,217,7.7
DC-02,2026-05-06,QX-PET-677,23,5.8
DC-02,2026-05-06,QX-DRY-680,155,8.3
DC-02,2026-05-06,QX-DRK-683,306,9.1
DC-02,2026-05-06,QX-PET-684,330,7.9
DC-02,2026-05-06,QX-PET-686,193,2.2
DC-02,2026-05-06,QX-DRY-689,214,3.8
DC-02,2026-05-06,QX-TIN-690,238,4.1
DC-02,2026-05-06,QX-HHD-693,237,7.3
DC-02,2026-05-06,QX-CHL-701,19,8.0
DC-02,2026-05-06,QX-HHD-707,185,9.4
DC-02,2026-05-06,QX-PET-708,306,6.5
DC-02,2026-05-06,QX-DRK-709,155,7.7
DC-02,2026-05-06,QX-HHD-710,271,1.6
DC-02,2026-05-06,QX-DRK-713,103,7.2
DC-02,2026-05-06,QX-PRO-714,304,2.1
DC-02,2026-05-06,QX-FRZ-727,292,1.9
DC-02,2026-05-06,QX-PRO-735,93,0.9
DC-02,2026-05-06,QX-BWS-743,116,7.3
DC-02,2026-05-06,QX-BAK-745,87,4.3
DC-02,2026-05-06,QX-DRK-755,120,7.9
DC-02,2026-05-06,QX-DRY-760,289,3.9
DC-02,2026-05-06,QX-BWS-765,232,2.7
DC-02,2026-05-06,QX-BWS-771,184,6.7
DC-02,2026-05-06,QX-PET-780,331,2.9
DC-02,2026-05-06,QX-FRZ-795,190,4.4
DC-02,2026-05-06,QX-HHD-798,282,9.2
DC-02,2026-05-06,QX-FRZ-809,172,4.7
DC-02,2026-05-06,QX-DRK-810,14,9.0
DC-02,2026-05-06,QX-CER-812,218,1.6
DC-02,2026-05-06,QX-HHD-813,287,7.4
DC-02,2026-05-06,QX-HHD-814,54,7.9
DC-02,2026-05-06,QX-DRK-815,56,4.3
DC-02,2026-05-06,QX-CER-818,42,0.4
DC-02,2026-05-06,QX-PRO-822,106,2.5
DC-02,2026-05-06,QX-BAK-823,75,6.7
DC-02,2026-05-06,QX-CER-833,262,5.9
DC-02,2026-05-06,QX-DRY-836,288,3.6
DC-02,2026-05-06,QX-PRO-841,116,6.1
DC-02,2026-05-06,QX-DRK-845,175,1.1
DC-02,2026-05-06,QX-PRO-847,238,5.6
DC-02,2026-05-06,QX-HHD-848,24,7.5
DC-02,2026-05-06,QX-TIN-854,108,3.1
DC-02,2026-05-06,QX-BAK-857,57,3.9
DC-02,2026-05-06,QX-HHD-860,151,1.8
DC-02,2026-05-06,QX-CER-862,270,4.0
DC-02,2026-05-06,QX-TIN-868,221,6.2
DC-02,2026-05-06,QX-BWS-872,196,3.6
DC-02,2026-05-06,QX-PRO-874,129,7.4
DC-02,2026-05-06,QX-DRY-876,220,6.8
DC-02,2026-05-06,QX-TIN-877,310,0.5
DC-02,2026-05-06,QX-HHD-883,263,1.0
DC-02,2026-05-06,QX-BWS-887,38,8.7
DC-02,2026-05-06,QX-PRO-888,218,0.9
DC-02,2026-05-06,QX-CHL-890,281,7.1
DC-02,2026-05-06,QX-DRK-898,91,2.2
DC-02,2026-05-06,QX-CHL-899,333,9.4
DC-02,2026-05-06,QX-TIN-907,108,4.3
DC-02,2026-05-06,QX-PRO-910,205,9.3
DC-02,2026-05-06,QX-BAK-916,256,1.3
DC-02,2026-05-06,QX-PET-925,114,6.5
DC-02,2026-05-06,QX-CER-926,130,6.1
DC-02,2026-05-06,QX-FRZ-931,264,0.6
DC-02,2026-05-06,QX-BWS-933,251,6.8
DC-02,2026-05-06,QX-BWS-938,304,8.6
DC-02,2026-05-06,QX-BAK-941,50,0.2
DC-02,2026-05-06,QX-DRK-942,17,8.8
DC-02,2026-05-06,QX-PRO-943,211,4.4
DC-02,2026-05-06,QX-DRK-951,140,3.7
DC-02,2026-05-06,QX-CHL-956,118,6.6
DC-02,2026-05-06,QX-PET-967,318,8.3
DC-02,2026-05-06,QX-BAK-968,37,4.6
DC-02,2026-05-06,QX-PET-970,290,8.6
DC-02,2026-05-06,QX-TIN-972,4,7.9
DC-02,2026-05-06,QX-TIN-973,203,1.0
DC-02,2026-05-06,QX-TIN-975,335,0.2
DC-02,2026-05-06,QX-FRZ-977,137,5.7
DC-02,2026-05-06,QX-FRZ-982,334,0.4
DC-02,2026-05-06,QX-HHD-994,167,7.6
DC-02,2026-05-06,QX-TIN-995,334,1.3
DC-02,2026-05-06,QX-CHL-997,64,6.5
DC-02,2026-05-06,QX-HHD-999,84,5.1
DC-02,2026-05-06,QX-HBC-002,126,7.6
DC-02,2026-05-06,QX-BWS-015,177,4.8
DC-02,2026-05-06,QX-CER-020,226,7.9
DC-02,2026-05-06,QX-CER-031,184,8.9
DC-02,2026-05-06,QX-CER-032,331,9.5
DC-02,2026-05-06,QX-CHL-041,65,2.2
DC-02,2026-05-06,QX-BWS-062,46,8.1
DC-02,2026-05-06,QX-FRZ-068,249,4.3
DC-02,2026-05-06,QX-CER-069,241,7.2
DC-02,2026-05-06,QX-FRZ-073,133,3.1
DC-02,2026-05-06,QX-TIN-074,96,1.4
DC-02,2026-05-06,QX-HBC-076,289,4.0
DC-02,2026-05-06,QX-BAK-078,139,5.5
DC-02,2026-05-06,QX-PRO-082,239,2.1
DC-02,2026-05-06,QX-HHD-088,209,3.0
DC-02,2026-05-06,QX-DRK-092,235,2.8
DC-02,2026-05-06,QX-CHL-101,101,7.6
DC-02,2026-05-06,QX-BAK-103,283,5.5
DC-02,2026-05-06,QX-CHL-106,203,9.0
DC-02,2026-05-06,QX-HHD-109,88,2.0
DC-02,2026-05-06,QX-BWS-114,164,9.4
DC-02,2026-05-06,QX-TIN-115,27,1.2
DC-02,2026-05-06,QX-PET-119,103,2.1
DC-02,2026-05-06,QX-DRK-120,285,0.3
DC-02,2026-05-06,QX-BAK-124,83,4.6
DC-02,2026-05-06,QX-PRO-125,242,6.7
DC-02,2026-05-06,QX-HHD-131,282,5.2
DC-02,2026-05-06,QX-TIN-132,302,1.6
DC-02,2026-05-06,QX-CHL-136,235,1.2
DC-02,2026-05-06,QX-PRO-137,36,3.3
DC-02,2026-05-06,QX-PRO-143,1,3.2
DC-02,2026-05-06,QX-TIN-149,308,2.1
DC-02,2026-05-06,QX-PRO-150,175,1.4
DC-02,2026-05-06,QX-BAK-156,327,7.7
DC-02,2026-05-06,QX-HHD-159,266,0.9
DC-02,2026-05-06,QX-HBC-166,319,4.8
DC-02,2026-05-06,QX-PRO-170,245,7.3
DC-02,2026-05-06,QX-BWS-175,147,3.3
DC-02,2026-05-06,QX-HBC-179,304,5.1
DC-02,2026-05-06,QX-BAK-181,153,2.6
DC-02,2026-05-06,QX-DRY-183,291,1.0
DC-02,2026-05-06,QX-CER-184,263,9.1
DC-02,2026-05-06,QX-DRK-186,220,2.5
DC-02,2026-05-06,QX-BWS-190,23,8.8
DC-02,2026-05-06,QX-TIN-193,37,8.7
DC-02,2026-05-06,QX-BWS-198,150,6.1
DC-02,2026-05-06,QX-BAK-205,71,6.5
DC-02,2026-05-06,QX-CHL-207,95,5.5
DC-02,2026-05-06,QX-FRZ-210,223,1.1
DC-02,2026-05-06,QX-TIN-211,66,7.4
DC-02,2026-05-06,QX-BAK-217,52,4.0
DC-02,2026-05-06,QX-DRK-239,198,1.0
DC-02,2026-05-06,QX-BAK-240,263,2.5
DC-02,2026-05-06,QX-DRY-241,40,7.5
DC-02,2026-05-06,QX-HHD-242,39,3.6
DC-02,2026-05-06,QX-PET-252,164,2.7
DC-02,2026-05-06,QX-DRK-258,167,5.2
DC-02,2026-05-06,QX-PRO-263,31,5.8
DC-02,2026-05-06,QX-HHD-268,313,1.2
DC-02,2026-05-06,QX-FRZ-273,151,5.2
DC-02,2026-05-06,QX-BWS-279,290,3.1
DC-02,2026-05-06,QX-DRK-280,218,6.7
DC-02,2026-05-06,QX-TIN-284,95,9.3
DC-02,2026-05-06,QX-PET-285,43,2.7
DC-02,2026-05-06,QX-DRK-292,290,4.3
DC-02,2026-05-06,QX-BWS-296,3,7.6
DC-02,2026-05-06,QX-CER-307,255,4.0
DC-02,2026-05-06,QX-CHL-313,213,3.8
DC-02,2026-05-06,QX-DRY-318,91,4.9
DC-02,2026-05-06,QX-DRK-323,263,7.4
DC-02,2026-05-06,QX-DRY-324,276,3.1
DC-02,2026-05-06,QX-DRY-325,155,3.3
DC-02,2026-05-06,QX-TIN-328,299,8.8
DC-02,2026-05-06,QX-PET-337,179,3.2
DC-02,2026-05-06,QX-HHD-338,194,7.6
DC-02,2026-05-06,QX-DRY-340,66,8.1
DC-02,2026-05-06,QX-HHD-347,30,2.4
DC-02,2026-05-06,QX-DRK-348,159,3.7
DC-02,2026-05-06,QX-CER-349,60,5.9
DC-02,2026-05-06,QX-TIN-355,64,8.6
DC-02,2026-05-06,QX-CER-359,207,8.2
DC-02,2026-05-06,QX-DRY-360,148,6.2
DC-02,2026-05-06,QX-PET-372,273,4.4
DC-02,2026-05-06,QX-CHL-375,74,0.9
DC-02,2026-05-06,QX-BWS-377,245,8.3
DC-02,2026-05-06,QX-DRY-380,3,5.3
DC-02,2026-05-06,QX-PRO-383,164,3.7
DC-02,2026-05-06,QX-CHL-388,25,8.8
DC-02,2026-05-06,QX-CHL-393,145,1.1
DC-02,2026-05-06,QX-PRO-397,321,5.9
DC-02,2026-05-06,QX-BWS-402,269,8.9
DC-02,2026-05-06,QX-DRY-404,293,8.7
DC-02,2026-05-06,QX-PET-405,118,6.5
DC-02,2026-05-06,QX-CHL-410,148,5.7
DC-02,2026-05-06,QX-BWS-412,334,9.1
DC-02,2026-05-06,QX-FRZ-413,318,2.4
DC-02,2026-05-06,QX-HHD-418,78,1.9
DC-02,2026-05-06,QX-CHL-424,258,4.6
DC-02,2026-05-06,QX-BAK-425,337,2.8
DC-02,2026-05-06,QX-PET-427,233,0.8
DC-02,2026-05-06,QX-PET-432,303,2.5
DC-02,2026-05-06,QX-PRO-434,192,2.6
DC-02,2026-05-06,QX-HHD-440,233,8.8
DC-02,2026-05-06,QX-HHD-452,225,1.3
DC-02,2026-05-06,QX-PRO-453,228,1.7
DC-02,2026-05-06,QX-PET-459,263,1.9
DC-02,2026-05-06,QX-BAK-461,184,8.5
DC-02,2026-05-06,QX-HBC-465,18,6.7
DC-02,2026-05-06,QX-PET-471,309,6.6
DC-02,2026-05-06,QX-DRY-472,303,6.6
DC-02,2026-05-06,QX-CHL-478,192,2.3
DC-02,2026-05-06,QX-DRK-484,177,2.3
DC-02,2026-05-06,QX-HBC-486,31,1.4
DC-02,2026-05-06,QX-BWS-490,237,3.7
DC-02,2026-05-06,QX-HBC-499,304,9.3
DC-02,2026-05-06,QX-DRK-503,88,9.2
DC-02,2026-05-06,QX-PET-505,18,7.2
DC-02,2026-05-06,QX-PET-507,83,4.4
DC-02,2026-05-06,QX-FRZ-509,121,6.1
DC-02,2026-05-06,QX-BAK-514,16,2.9
DC-02,2026-05-06,QX-HHD-516,39,2.3
DC-02,2026-05-06,QX-BWS-519,302,6.0
DC-02,2026-05-06,QX-HHD-523,194,5.4
DC-02,2026-05-06,QX-PET-531,270,4.3
DC-02,2026-05-06,QX-PRO-541,33,4.6
DC-02,2026-05-06,QX-PRO-543,48,3.7
DC-02,2026-05-06,QX-PRO-546,292,1.1
DC-02,2026-05-06,QX-PRO-548,161,5.2
DC-02,2026-05-06,QX-FRZ-555,317,7.5
DC-02,2026-05-06,QX-CHL-558,327,7.9
DC-02,2026-05-06,QX-HHD-559,269,3.9
DC-02,2026-05-06,QX-TIN-560,265,3.9
DC-02,2026-05-06,QX-HBC-563,104,7.6
DC-02,2026-05-06,QX-TIN-567,122,0.3
DC-02,2026-05-06,QX-PET-579,280,7.3
DC-02,2026-05-06,QX-DRK-582,303,6.7
DC-02,2026-05-06,QX-DRK-584,279,3.5
DC-02,2026-05-06,QX-DRK-586,45,8.6
DC-02,2026-05-06,QX-DRY-588,5,5.5
DC-02,2026-05-06,QX-CER-589,244,8.2
DC-02,2026-05-06,QX-PRO-594,101,5.9
DC-02,2026-05-06,QX-PET-595,250,9.2
DC-02,2026-05-06,QX-HHD-596,91,7.5
DC-02,2026-05-06,QX-PRO-598,29,5.7
DC-02,2026-05-06,QX-CER-599,41,0.3
DC-02,2026-05-06,QX-BAK-600,165,4.0
DC-02,2026-05-06,QX-PRO-602,193,9.2
DC-02,2026-05-06,QX-BWS-605,26,2.4
DC-02,2026-05-06,QX-PRO-608,77,7.5
DC-02,2026-05-06,QX-HBC-609,232,9.1
DC-02,2026-05-06,QX-BWS-610,215,8.4
DC-02,2026-05-06,QX-CER-612,33,1.3
DC-02,2026-05-06,QX-BAK-619,179,7.1
DC-02,2026-05-06,QX-DRY-624,79,2.0
DC-02,2026-05-06,QX-DRY-626,247,6.2
DC-02,2026-05-06,QX-HHD-627,83,2.9
DC-02,2026-05-06,QX-FRZ-629,152,1.8
DC-02,2026-05-06,QX-DRK-630,47,6.4
DC-02,2026-05-06,QX-DRK-634,283,1.3
DC-02,2026-05-06,QX-BAK-635,60,7.4
DC-02,2026-05-06,QX-FRZ-641,70,5.4
DC-02,2026-05-06,QX-DRK-645,71,4.4
DC-02,2026-05-06,QX-CHL-648,80,2.6
DC-02,2026-05-06,QX-FRZ-652,223,1.1
DC-02,2026-05-06,QX-BAK-654,40,7.2
DC-02,2026-05-06,QX-DRY-658,120,3.6
DC-02,2026-05-06,QX-BWS-666,185,7.2
DC-02,2026-05-06,QX-BWS-671,291,8.8
DC-02,2026-05-06,QX-TIN-672,5,3.5
DC-02,2026-05-06,QX-CHL-675,50,6.7
DC-02,2026-05-06,QX-DRK-677,313,5.7
DC-02,2026-05-06,QX-CHL-680,146,3.0
DC-02,2026-05-06,QX-BWS-684,314,2.8
DC-02,2026-05-06,QX-PET-690,199,1.4
DC-02,2026-05-06,QX-FRZ-694,100,2.7
DC-02,2026-05-06,QX-PET-702,173,8.9
DC-02,2026-05-06,QX-CHL-703,33,0.7
DC-02,2026-05-06,QX-FRZ-712,29,5.8
DC-02,2026-05-06,QX-CER-717,98,3.5
DC-02,2026-05-06,QX-HBC-721,53,3.2
DC-02,2026-05-06,QX-DRK-733,104,4.5
DC-02,2026-05-06,QX-FRZ-735,29,0.7
DC-02,2026-05-06,QX-BAK-737,46,4.9
DC-02,2026-05-06,QX-HBC-738,281,5.9
DC-02,2026-05-06,QX-HHD-739,234,2.7
DC-02,2026-05-06,QX-DRK-741,36,8.5
DC-02,2026-05-06,QX-DRY-749,308,5.5
DC-02,2026-05-06,QX-FRZ-751,85,7.1
DC-02,2026-05-06,QX-FRZ-752,187,9.3
DC-02,2026-05-06,QX-CER-764,214,8.8
DC-02,2026-05-06,QX-TIN-765,210,1.0
DC-02,2026-05-06,QX-BAK-769,160,2.4
DC-02,2026-05-06,QX-FRZ-770,142,1.2
DC-02,2026-05-06,QX-CHL-773,21,1.5
DC-02,2026-05-06,QX-HHD-775,182,2.3
DC-02,2026-05-06,QX-BWS-779,22,7.7
DC-02,2026-05-06,QX-HHD-783,101,6.8
DC-02,2026-05-06,QX-CHL-786,154,5.8
DC-02,2026-05-06,QX-BWS-789,114,6.1
DC-02,2026-05-06,QX-TIN-792,133,3.1
DC-02,2026-05-06,QX-TIN-794,290,6.1
DC-02,2026-05-06,QX-PET-797,285,5.7
DC-02,2026-05-06,QX-CER-798,233,9.1
DC-02,2026-05-06,QX-BAK-807,74,1.0
DC-02,2026-05-06,QX-BWS-809,90,9.5
DC-02,2026-05-06,QX-DRK-814,197,4.1
DC-02,2026-05-06,QX-PET-817,120,6.8
DC-02,2026-05-06,QX-DRY-819,243,4.3
DC-02,2026-05-06,QX-CHL-823,286,0.8
DC-02,2026-05-06,QX-PRO-824,325,0.8
DC-02,2026-05-06,QX-CHL-825,29,7.5
DC-02,2026-05-06,QX-BWS-826,100,0.8
DC-02,2026-05-06,QX-DRY-827,157,3.5
DC-02,2026-05-06,QX-FRZ-833,30,3.7
DC-02,2026-05-06,QX-FRZ-850,294,6.2
DC-02,2026-05-06,QX-BAK-852,85,7.5
DC-02,2026-05-06,QX-BWS-864,116,1.5
DC-02,2026-05-06,QX-HBC-865,253,8.5
DC-02,2026-05-06,QX-PET-866,113,3.1
DC-02,2026-05-06,QX-PET-869,67,2.0
DC-02,2026-05-06,QX-DRY-871,182,4.5
DC-02,2026-05-06,QX-PET-872,84,7.9
DC-02,2026-05-06,QX-BAK-877,262,9.3
DC-02,2026-05-06,QX-BAK-879,301,0.2
DC-02,2026-05-06,QX-PET-883,309,6.7
DC-02,2026-05-06,QX-FRZ-888,182,4.4
DC-02,2026-05-06,QX-CHL-895,192,7.2
DC-02,2026-05-06,QX-BWS-897,267,3.6
DC-02,2026-05-06,QX-HHD-898,307,3.5
DC-02,2026-05-06,QX-PRO-907,54,7.0
DC-02,2026-05-06,QX-DRK-909,38,9.3
DC-02,2026-05-06,QX-TIN-914,160,2.2
DC-02,2026-05-06,QX-TIN-916,312,5.6
DC-02,2026-05-06,QX-CHL-921,297,6.3
DC-02,2026-05-06,QX-PRO-923,91,8.6
DC-02,2026-05-06,QX-HBC-924,242,1.1
DC-02,2026-05-06,QX-PET-927,109,6.9
DC-02,2026-05-06,QX-CHL-932,318,3.0
DC-02,2026-05-06,QX-FRZ-933,319,3.4
DC-02,2026-05-06,QX-CHL-935,85,2.7
DC-02,2026-05-06,QX-TIN-936,299,4.7
DC-02,2026-05-06,QX-TIN-938,302,1.9
DC-02,2026-05-06,QX-TIN-939,314,6.4
DC-02,2026-05-06,QX-FRZ-941,306,7.9
DC-02,2026-05-06,QX-CHL-943,338,5.0
DC-02,2026-05-06,QX-CER-946,325,6.2
DC-02,2026-05-06,QX-FRZ-953,55,1.8
DC-02,2026-05-06,QX-PET-958,65,5.2
DC-02,2026-05-06,QX-TIN-961,254,1.2
DC-02,2026-05-06,QX-CER-973,139,5.0
DC-02,2026-05-06,QX-HHD-974,284,4.8
DC-02,2026-05-06,QX-HBC-982,20,1.4
DC-02,2026-05-06,QX-DRK-990,168,7.0
DC-02,2026-05-06,QX-FRZ-992,99,3.2
DC-02,2026-05-06,QX-FRZ-997,236,8.9
DC-02,2026-05-06,QX-BAK-000,268,8.5
DC-02,2026-05-06,QX-HHD-014,154,5.4
DC-02,2026-05-06,QX-HHD-023,166,7.9
DC-02,2026-05-06,QX-PRO-025,36,1.5
DC-02,2026-05-06,QX-TIN-027,165,3.9
DC-02,2026-05-06,QX-CHL-032,43,1.6
DC-02,2026-05-06,QX-PET-035,131,5.1
DC-02,2026-05-06,QX-CER-037,242,7.7
DC-02,2026-05-06,QX-DRY-042,253,6.3
DC-02,2026-05-06,QX-CER-051,243,0.5
DC-02,2026-05-06,QX-CER-052,179,8.8
DC-02,2026-05-06,QX-FRZ-066,80,2.7
DC-02,2026-05-06,QX-PRO-068,235,7.1
DC-02,2026-05-06,QX-PET-090,70,4.0
DC-02,2026-05-06,QX-HHD-093,214,1.3
DC-02,2026-05-06,QX-CHL-098,233,1.1
DC-02,2026-05-06,QX-DRK-099,24,2.0
DC-02,2026-05-06,QX-CHL-105,254,5.9
DC-02,2026-05-06,QX-DRY-111,74,8.8
DC-02,2026-05-06,QX-BAK-112,72,1.1
DC-02,2026-05-06,QX-HBC-114,88,1.1
DC-02,2026-05-06,QX-DRY-119,223,3.8
DC-02,2026-05-06,QX-TIN-124,237,0.9
DC-02,2026-05-06,QX-DRK-125,295,8.2
DC-02,2026-05-06,QX-BAK-131,315,5.9
DC-02,2026-05-06,QX-PET-137,218,3.2
DC-02,2026-05-06,QX-CER-141,38,7.2
DC-02,2026-05-06,QX-CER-143,58,9.4
DC-02,2026-05-06,QX-CER-151,324,8.0
DC-02,2026-05-06,QX-DRK-152,9,5.5
DC-02,2026-05-06,QX-PRO-154,125,5.1
DC-02,2026-05-06,QX-PRO-158,197,5.3
DC-02,2026-05-06,QX-CHL-159,166,1.7
DC-02,2026-05-06,QX-HBC-160,214,0.8
DC-02,2026-05-06,QX-TIN-161,65,1.9
DC-02,2026-05-06,QX-BWS-163,264,9.0
DC-02,2026-05-06,QX-TIN-165,41,0.3
DC-02,2026-05-06,QX-TIN-168,268,6.2
DC-02,2026-05-06,QX-BAK-169,157,4.0
DC-02,2026-05-06,QX-DRK-177,245,2.3
DC-02,2026-05-06,QX-HBC-180,314,9.3
DC-02,2026-05-06,QX-PET-181,26,5.5
DC-02,2026-05-06,QX-BAK-183,262,2.6
DC-02,2026-05-06,QX-HHD-184,112,3.9
DC-02,2026-05-06,QX-TIN-185,34,1.2
DC-02,2026-05-06,QX-BWS-186,241,8.9
DC-02,2026-05-06,QX-DRK-190,185,2.0
DC-02,2026-05-06,QX-HHD-191,266,3.0
DC-02,2026-05-06,QX-PET-192,314,7.1
DC-02,2026-05-06,QX-HHD-193,44,8.2
DC-02,2026-05-06,QX-HBC-198,205,4.8
DC-02,2026-05-06,QX-DRY-206,234,4.9
DC-02,2026-05-06,QX-HBC-211,154,5.1
DC-02,2026-05-06,QX-CHL-219,95,4.1
DC-02,2026-05-06,QX-DRK-223,78,7.9
DC-02,2026-05-06,QX-HBC-224,298,0.6
DC-02,2026-05-06,QX-CHL-226,60,1.3
DC-02,2026-05-06,QX-CER-239,228,1.3
DC-02,2026-05-06,QX-PET-245,330,2.9
DC-02,2026-05-06,QX-PET-249,135,6.4
DC-02,2026-05-06,QX-CER-251,304,3.6
DC-02,2026-05-06,QX-TIN-252,61,1.0
DC-02,2026-05-06,QX-FRZ-257,325,3.3
DC-02,2026-05-06,QX-TIN-259,83,1.9
DC-02,2026-05-06,QX-FRZ-263,297,3.1
DC-02,2026-05-06,QX-PRO-274,61,8.4
DC-02,2026-05-06,QX-HHD-276,184,1.9
DC-02,2026-05-06,QX-DRY-277,23,3.7
DC-02,2026-05-06,QX-BAK-278,282,8.7
DC-02,2026-05-06,QX-CHL-279,9,3.6
DC-02,2026-05-06,QX-BWS-280,125,8.3
DC-02,2026-05-06,QX-BWS-284,176,3.8
DC-02,2026-05-06,QX-DRY-291,55,8.0
DC-02,2026-05-06,QX-BAK-295,135,7.9
DC-02,2026-05-06,QX-CER-300,149,2.4
DC-02,2026-05-06,QX-FRZ-308,118,3.7
DC-02,2026-05-06,QX-CER-310,309,4.9
DC-02,2026-05-06,QX-HHD-313,108,5.5
DC-02,2026-05-06,QX-HBC-314,3,7.6
DC-02,2026-05-06,QX-CER-318,305,8.9
DC-02,2026-05-06,QX-DRK-319,125,0.9
DC-02,2026-05-06,QX-CHL-327,242,4.9
DC-02,2026-05-06,QX-CER-333,44,6.6
DC-02,2026-05-06,QX-DRK-335,322,2.8
DC-02,2026-05-06,QX-HBC-336,58,5.6
DC-02,2026-05-06,QX-HHD-337,331,2.6
DC-02,2026-05-06,QX-BWS-338,261,1.6
DC-02,2026-05-06,QX-TIN-345,21,0.9
DC-02,2026-05-06,QX-HBC-348,338,8.7
DC-02,2026-05-06,QX-PET-350,10,5.2
DC-02,2026-05-06,QX-HBC-353,159,5.3
DC-02,2026-05-06,QX-BAK-354,196,5.5
DC-02,2026-05-06,QX-CHL-357,156,1.3
DC-02,2026-05-06,QX-DRK-359,270,0.3
DC-02,2026-05-06,QX-BWS-369,45,3.5
DC-02,2026-05-06,QX-HBC-378,340,6.0
DC-02,2026-05-06,QX-DRY-379,309,0.5
DC-02,2026-05-06,QX-CHL-382,73,2.2
DC-02,2026-05-06,QX-HHD-383,18,4.4
DC-02,2026-05-06,QX-DRY-391,176,7.4
DC-02,2026-05-06,QX-DRY-394,118,6.0
DC-02,2026-05-06,QX-BWS-397,311,5.8
DC-02,2026-05-06,QX-DRK-401,147,9.4
DC-02,2026-05-06,QX-DRY-402,50,8.0
DC-02,2026-05-06,QX-TIN-408,74,5.9
DC-02,2026-05-06,QX-CER-414,140,7.1
DC-02,2026-05-06,QX-BWS-415,188,4.0
DC-02,2026-05-06,QX-TIN-417,203,7.3
DC-02,2026-05-06,QX-HHD-427,246,3.9
DC-02,2026-05-06,QX-CHL-428,20,6.7
DC-02,2026-05-06,QX-BAK-429,293,3.2
DC-02,2026-05-06,QX-CHL-432,242,8.5
DC-02,2026-05-06,QX-PET-434,162,5.8
DC-02,2026-05-06,QX-BAK-435,333,5.1
DC-02,2026-05-06,QX-TIN-436,272,1.1
DC-02,2026-05-06,QX-CHL-441,312,7.3
DC-02,2026-05-06,QX-DRY-444,259,7.2
DC-02,2026-05-06,QX-CHL-456,303,9.2
DC-02,2026-05-06,QX-HBC-457,117,6.4
DC-02,2026-05-06,QX-TIN-464,264,6.2
DC-02,2026-05-06,QX-TIN-465,127,9.2
DC-03,2026-05-06,QX-PRO-202,318,7.4
DC-03,2026-05-06,QX-DRK-206,81,1.4
DC-03,2026-05-06,QX-PRO-210,284,9.3
DC-03,2026-05-06,QX-TIN-212,340,0.7
DC-03,2026-05-06,QX-FRZ-218,157,4.8
DC-03,2026-05-06,QX-HBC-219,139,4.4
DC-03,2026-05-06,QX-DRY-224,46,3.8
DC-03,2026-05-06,QX-HHD-225,261,1.4
DC-03,2026-05-06,QX-CER-227,213,5.6
DC-03,2026-05-06,QX-BAK-232,303,7.4
DC-03,2026-05-06,QX-DRK-234,52,9.3
DC-03,2026-05-06,QX-FRZ-235,233,7.6
DC-03,2026-05-06,QX-BWS-239,75,4.5
DC-03,2026-05-06,QX-HHD-240,297,6.7
DC-03,2026-05-06,QX-CER-241,241,8.6
DC-03,2026-05-06,QX-FRZ-242,314,4.8
DC-03,2026-05-06,QX-DRY-243,230,6.2
DC-03,2026-05-06,QX-HHD-245,78,2.6
DC-03,2026-05-06,QX-DRY-257,298,7.9
DC-03,2026-05-06,QX-CER-260,38,5.9
DC-03,2026-05-06,QX-TIN-263,51,1.3
DC-03,2026-05-06,QX-BAK-265,300,2.1
DC-03,2026-05-06,QX-CHL-274,101,5.1
DC-03,2026-05-06,QX-TIN-281,100,5.8
DC-03,2026-05-06,QX-DRY-286,288,2.3
DC-03,2026-05-06,QX-PET-291,36,9.0
DC-03,2026-05-06,QX-FRZ-299,336,8.0
DC-03,2026-05-06,QX-DRY-301,10,0.9
DC-03,2026-05-06,QX-DRY-302,229,5.5
DC-03,2026-05-06,QX-DRY-305,110,2.9
DC-03,2026-05-06,QX-HHD-308,321,6.4
DC-03,2026-05-06,QX-FRZ-310,46,0.9
DC-03,2026-05-06,QX-HBC-313,156,6.0
DC-03,2026-05-06,QX-CER-314,177,0.3
DC-03,2026-05-06,QX-BWS-317,197,0.9
DC-03,2026-05-06,QX-CER-324,282,3.9
DC-03,2026-05-06,QX-BAK-328,277,9.2
DC-03,2026-05-06,QX-CER-329,42,6.8
DC-03,2026-05-06,QX-CER-331,209,3.6
DC-03,2026-05-06,QX-CHL-336,48,8.6
DC-03,2026-05-06,QX-TIN-340,111,8.6
DC-03,2026-05-06,QX-CER-341,322,0.6
DC-03,2026-05-06,QX-TIN-342,4,4.9
DC-03,2026-05-06,QX-PET-345,66,3.6
DC-03,2026-05-06,QX-PET-348,329,0.6
DC-03,2026-05-06,QX-PET-349,129,7.0
DC-03,2026-05-06,QX-CER-355,210,7.2
DC-03,2026-05-06,QX-BAK-360,267,5.8
DC-03,2026-05-06,QX-BWS-365,296,2.8
DC-03,2026-05-06,QX-HBC-371,281,4.1
DC-03,2026-05-06,QX-CER-372,16,9.4
DC-03,2026-05-06,QX-BWS-376,19,5.8
DC-03,2026-05-06,QX-FRZ-382,180,1.5
DC-03,2026-05-06,QX-BWS-384,264,4.8
DC-03,2026-05-06,QX-FRZ-386,60,4.0
DC-03,2026-05-06,QX-HHD-388,305,2.6
DC-03,2026-05-06,QX-TIN-391,181,1.5
DC-03,2026-05-06,QX-CHL-392,280,1.4
DC-03,2026-05-06,QX-DRK-393,98,2.7
DC-03,2026-05-06,QX-DRK-400,19,2.1
DC-03,2026-05-06,QX-PRO-402,193,4.1
DC-03,2026-05-06,QX-TIN-407,1,1.5
DC-03,2026-05-06,QX-FRZ-411,246,3.4
DC-03,2026-05-06,QX-HHD-412,251,2.8
DC-03,2026-05-06,QX-DRY-419,126,4.1
DC-03,2026-05-06,QX-PRO-425,205,3.4
DC-03,2026-05-06,QX-CHL-426,162,7.4
DC-03,2026-05-06,QX-DRK-433,207,5.5
DC-03,2026-05-06,QX-FRZ-435,323,2.5
DC-03,2026-05-06,QX-CHL-438,260,3.1
DC-03,2026-05-06,QX-BAK-440,124,9.3
DC-03,2026-05-06,QX-PRO-441,245,9.2
DC-03,2026-05-06,QX-HBC-442,50,8.3
DC-03,2026-05-06,QX-BAK-445,64,5.1
DC-03,2026-05-06,QX-FRZ-446,78,3.3
DC-03,2026-05-06,QX-PET-447,281,8.0
DC-03,2026-05-06,QX-CER-448,140,3.3
DC-03,2026-05-06,QX-PET-453,301,1.1
DC-03,2026-05-06,QX-PRO-462,189,2.4
DC-03,2026-05-06,QX-CER-464,193,6.6
DC-03,2026-05-06,QX-DRY-469,261,8.0
DC-03,2026-05-06,QX-TIN-470,147,3.5
DC-03,2026-05-06,QX-PRO-471,140,1.8
DC-03,2026-05-06,QX-PRO-477,287,2.0
DC-03,2026-05-06,QX-PRO-478,236,3.7
DC-03,2026-05-06,QX-PRO-480,262,4.6
DC-03,2026-05-06,QX-BWS-485,197,1.8
DC-03,2026-05-06,QX-TIN-486,43,7.8
DC-03,2026-05-06,QX-DRY-499,339,1.4
DC-03,2026-05-06,QX-PET-503,339,2.2
DC-03,2026-05-06,QX-DRK-506,187,0.6
DC-03,2026-05-06,QX-PET-508,147,1.1
DC-03,2026-05-06,QX-DRK-514,212,4.0
DC-03,2026-05-06,QX-DRY-519,168,1.9
DC-03,2026-05-06,QX-PRO-521,281,1.6
DC-03,2026-05-06,QX-PRO-524,31,2.8
DC-03,2026-05-06,QX-DRY-529,336,6.7
DC-03,2026-05-06,QX-PET-533,282,8.4
DC-03,2026-05-06,QX-BWS-536,57,3.3
DC-03,2026-05-06,QX-BAK-539,167,4.2
DC-03,2026-05-06,QX-DRK-540,158,6.8
DC-03,2026-05-06,QX-HBC-541,13,4.9
DC-03,2026-05-06,QX-DRY-542,51,6.9
DC-03,2026-05-06,QX-HHD-543,335,4.9
DC-03,2026-05-06,QX-CER-545,310,4.9
DC-03,2026-05-06,QX-TIN-553,185,0.5
DC-03,2026-05-06,QX-HBC-557,152,7.7
DC-03,2026-05-06,QX-FRZ-564,168,8.1
DC-03,2026-05-06,QX-HHD-569,322,0.9
DC-03,2026-05-06,QX-PET-572,41,5.6
DC-03,2026-05-06,QX-DRY-574,299,3.7
DC-03,2026-05-06,QX-HBC-576,266,5.1
DC-03,2026-05-06,QX-CHL-579,187,5.5
DC-03,2026-05-06,QX-BAK-585,296,0.8
DC-03,2026-05-06,QX-FRZ-586,311,8.1
DC-03,2026-05-06,QX-CHL-588,101,6.1
DC-03,2026-05-06,QX-BWS-589,21,2.4
DC-03,2026-05-06,QX-BAK-590,182,2.8
DC-03,2026-05-06,QX-CHL-592,253,1.9
DC-03,2026-05-06,QX-DRY-595,127,1.5
DC-03,2026-05-06,QX-HHD-597,9,5.0
DC-03,2026-05-06,QX-BAK-599,122,6.2
DC-03,2026-05-06,QX-DRY-603,273,6.2
DC-03,2026-05-06,QX-BWS-607,2,8.3
DC-03,2026-05-06,QX-DRY-610,304,1.0
DC-03,2026-05-06,QX-HBC-613,171,8.6
DC-03,2026-05-06,QX-HBC-618,207,4.6
DC-03,2026-05-06,QX-FRZ-622,222,1.5
DC-03,2026-05-06,QX-TIN-624,130,6.0
DC-03,2026-05-06,QX-FRZ-626,144,3.1
DC-03,2026-05-06,QX-TIN-628,149,4.2
DC-03,2026-05-06,QX-CHL-631,127,7.2
DC-03,2026-05-06,QX-FRZ-633,205,6.2
DC-03,2026-05-06,QX-BWS-634,257,2.3
DC-03,2026-05-06,QX-DRK-636,6,6.8
DC-03,2026-05-06,QX-TIN-640,269,7.5
DC-03,2026-05-06,QX-CHL-643,230,5.2
DC-03,2026-05-06,QX-TIN-649,31,0.4
DC-03,2026-05-06,QX-PRO-652,227,4.9
DC-03,2026-05-06,QX-FRZ-655,258,8.5
DC-03,2026-05-06,QX-HHD-656,326,9.2
DC-03,2026-05-06,QX-PET-657,294,5.1
DC-03,2026-05-06,QX-BAK-659,27,3.5
DC-03,2026-05-06,QX-HHD-660,320,5.2
DC-03,2026-05-06,QX-CHL-662,56,1.7
DC-03,2026-05-06,QX-HHD-663,153,6.2
DC-03,2026-05-06,QX-BAK-667,333,3.7
DC-03,2026-05-06,QX-BWS-668,113,4.6
DC-03,2026-05-06,QX-BWS-669,230,6.2
DC-03,2026-05-06,QX-CHL-670,339,1.0
DC-03,2026-05-06,QX-PET-673,143,3.5
DC-03,2026-05-06,QX-BWS-674,88,7.7
DC-03,2026-05-06,QX-BAK-675,13,7.4
DC-03,2026-05-06,QX-DRY-680,177,5.6
DC-03,2026-05-06,QX-PRO-681,80,3.8
DC-03,2026-05-06,QX-CHL-685,102,9.5
DC-03,2026-05-06,QX-BAK-688,196,7.6
DC-03,2026-05-06,QX-TIN-690,86,3.4
DC-03,2026-05-06,QX-BAK-696,339,9.2
DC-03,2026-05-06,QX-FRZ-702,316,8.5
DC-03,2026-05-06,QX-PET-703,207,5.4
DC-03,2026-05-06,QX-DRK-705,286,9.3
DC-03,2026-05-06,QX-BAK-706,303,7.3
DC-03,2026-05-06,QX-HHD-707,254,3.6
DC-03,2026-05-06,QX-PRO-714,191,7.4
DC-03,2026-05-06,QX-DRY-718,18,1.8
DC-03,2026-05-06,QX-BAK-719,222,6.8
DC-03,2026-05-06,QX-FRZ-722,63,8.6
DC-03,2026-05-06,QX-HBC-723,188,1.8
DC-03,2026-05-06,QX-HHD-729,32,9.3
DC-03,2026-05-06,QX-BAK-732,264,4.8
DC-03,2026-05-06,QX-HBC-733,297,4.5
DC-03,2026-05-06,QX-DRK-737,102,7.5
DC-03,2026-05-06,QX-CHL-740,29,6.1
DC-03,2026-05-06,QX-BWS-747,146,3.3
DC-03,2026-05-06,QX-BWS-748,308,0.5
DC-03,2026-05-06,QX-CHL-756,124,8.2
DC-03,2026-05-06,QX-HHD-759,269,2.2
DC-03,2026-05-06,QX-DRY-760,60,6.5
DC-03,2026-05-06,QX-DRY-762,136,6.8
DC-03,2026-05-06,QX-BWS-765,191,6.0
DC-03,2026-05-06,QX-PRO-766,89,7.7
DC-03,2026-05-06,QX-BAK-767,78,3.8
DC-03,2026-05-06,QX-BAK-768,63,5.5
DC-03,2026-05-06,QX-CER-773,112,8.1
DC-03,2026-05-06,QX-PRO-782,309,4.1
DC-03,2026-05-06,QX-PET-783,185,2.8
DC-03,2026-05-06,QX-HBC-791,129,2.7
DC-03,2026-05-06,QX-FRZ-795,226,0.4
DC-03,2026-05-06,QX-FRZ-799,217,1.3
DC-03,2026-05-06,QX-CHL-800,290,7.2
DC-03,2026-05-06,QX-BAK-802,178,2.8
DC-03,2026-05-06,QX-TIN-803,53,3.1
DC-03,2026-05-06,QX-PET-805,80,3.5
DC-03,2026-05-06,QX-FRZ-806,241,7.7
DC-03,2026-05-06,QX-FRZ-809,19,0.5
DC-03,2026-05-06,QX-CER-812,324,9.2
DC-03,2026-05-06,QX-HHD-814,238,7.4
DC-03,2026-05-06,QX-DRK-815,299,8.4
DC-03,2026-05-06,QX-BWS-825,332,5.5
DC-03,2026-05-06,QX-HHD-826,273,1.7
DC-03,2026-05-06,QX-PET-834,140,3.1
DC-03,2026-05-06,QX-BWS-835,72,6.1
DC-03,2026-05-06,QX-DRY-836,318,5.6
DC-03,2026-05-06,QX-PRO-838,276,4.3
DC-03,2026-05-06,QX-FRZ-839,32,5.2
DC-03,2026-05-06,QX-PRO-841,158,0.9
DC-03,2026-05-06,QX-TIN-846,279,6.1
DC-03,2026-05-06,QX-CHL-850,310,8.2
DC-03,2026-05-06,QX-HHD-852,237,2.0
DC-03,2026-05-06,QX-BAK-857,13,6.0
DC-03,2026-05-06,QX-DRY-859,15,1.2
DC-03,2026-05-06,QX-HHD-860,86,7.8
DC-03,2026-05-06,QX-PRO-863,169,7.0
DC-03,2026-05-06,QX-DRY-864,279,7.5
DC-03,2026-05-06,QX-HBC-879,208,6.6
DC-03,2026-05-06,QX-CHL-881,274,7.6
DC-03,2026-05-06,QX-DRK-884,20,4.4
DC-03,2026-05-06,QX-HHD-885,135,8.4
DC-03,2026-05-06,QX-BWS-887,297,8.5
DC-03,2026-05-06,QX-CHL-890,60,9.4
DC-03,2026-05-06,QX-PRO-892,175,6.5
DC-03,2026-05-06,QX-HBC-904,179,7.6
DC-03,2026-05-06,QX-DRY-906,44,8.7
DC-03,2026-05-06,QX-DRY-914,58,2.7
DC-03,2026-05-06,QX-BAK-916,120,7.4
DC-03,2026-05-06,QX-CER-929,6,9.4
DC-03,2026-05-06,QX-BWS-933,8,1.9
DC-03,2026-05-06,QX-DRK-935,86,6.1
DC-03,2026-05-06,QX-TIN-937,273,8.2
DC-03,2026-05-06,QX-CHL-949,285,8.8
DC-03,2026-05-06,QX-BWS-955,337,6.1
DC-03,2026-05-06,QX-CHL-959,231,0.7
DC-03,2026-05-06,QX-PET-960,168,1.0
DC-03,2026-05-06,QX-FRZ-961,88,0.4
DC-03,2026-05-06,QX-HBC-969,225,4.7
DC-03,2026-05-06,QX-PET-970,333,4.4
DC-03,2026-05-06,QX-HBC-971,57,1.2
DC-03,2026-05-06,QX-TIN-975,70,9.5
DC-03,2026-05-06,QX-CER-981,282,7.5
DC-03,2026-05-06,QX-CER-990,209,7.6
DC-03,2026-05-06,QX-CHL-991,33,6.2
DC-03,2026-05-06,QX-TIN-000,243,3.6
DC-03,2026-05-06,QX-BWS-001,219,2.8
DC-03,2026-05-06,QX-CHL-006,138,1.7
DC-03,2026-05-06,QX-FRZ-007,231,5.6
DC-03,2026-05-06,QX-DRY-009,29,4.9
DC-03,2026-05-06,QX-DRY-010,245,7.6
DC-03,2026-05-06,QX-CHL-011,47,2.6
DC-03,2026-05-06,QX-DRK-013,171,1.6
DC-03,2026-05-06,QX-CHL-016,295,2.3
DC-03,2026-05-06,QX-CHL-018,127,2.0
DC-03,2026-05-06,QX-PET-023,272,2.6
DC-03,2026-05-06,QX-DRK-027,313,1.5
DC-03,2026-05-06,QX-CER-031,244,6.3
DC-03,2026-05-06,QX-BWS-037,235,1.7
DC-03,2026-05-06,QX-CHL-038,149,7.5
DC-03,2026-05-06,QX-DRY-040,234,2.0
DC-03,2026-05-06,QX-CER-046,271,2.0
DC-03,2026-05-06,QX-CHL-048,259,4.5
DC-03,2026-05-06,QX-BWS-062,122,5.6
DC-03,2026-05-06,QX-HHD-063,86,9.1
DC-03,2026-05-06,QX-BWS-070,112,4.0
DC-03,2026-05-06,QX-CHL-072,155,5.3
DC-03,2026-05-06,QX-DRY-079,83,2.8
DC-03,2026-05-06,QX-HHD-088,109,0.4
DC-03,2026-05-06,QX-DRK-092,125,8.5
DC-03,2026-05-06,QX-HBC-093,173,0.4
DC-03,2026-05-06,QX-CER-097,277,3.0
DC-03,2026-05-06,QX-HBC-100,64,2.9
DC-03,2026-05-06,QX-CHL-101,258,2.0
DC-03,2026-05-06,QX-BAK-103,153,7.0
DC-03,2026-05-06,QX-HHD-109,101,7.2
DC-03,2026-05-06,QX-CHL-110,42,5.8
DC-03,2026-05-06,QX-HBC-111,235,2.2
DC-03,2026-05-06,QX-TIN-112,34,5.0
DC-03,2026-05-06,QX-PET-113,49,8.6
DC-03,2026-05-06,QX-CHL-116,40,4.2
DC-03,2026-05-06,QX-CHL-117,99,7.8
DC-03,2026-05-06,QX-HBC-121,96,2.6
DC-03,2026-05-06,QX-BAK-124,176,5.5
DC-03,2026-05-06,QX-PRO-125,139,1.2
DC-03,2026-05-06,QX-HBC-127,195,3.9
DC-03,2026-05-06,QX-HHD-139,318,3.1
DC-03,2026-05-06,QX-FRZ-140,206,0.8
DC-03,2026-05-06,QX-BWS-141,148,5.7
DC-03,2026-05-06,QX-TIN-142,200,4.0
DC-03,2026-05-06,QX-PRO-143,284,2.4
DC-03,2026-05-06,QX-TIN-149,80,5.5
DC-03,2026-05-06,QX-BAK-154,339,1.3
DC-03,2026-05-06,QX-TIN-157,9,9.4
DC-03,2026-05-06,QX-DRK-162,245,4.8
DC-03,2026-05-06,QX-HBC-164,224,7.7
DC-03,2026-05-06,QX-HHD-172,112,3.8
DC-03,2026-05-06,QX-BWS-175,158,7.8
DC-03,2026-05-06,QX-PET-182,159,0.9
DC-03,2026-05-06,QX-DRY-183,278,8.2
DC-03,2026-05-06,QX-CER-184,257,0.3
DC-03,2026-05-06,QX-HHD-189,304,3.8
DC-03,2026-05-06,QX-PET-191,250,7.0
DC-03,2026-05-06,QX-CER-195,175,0.9
DC-03,2026-05-06,QX-BAK-205,149,4.9
DC-03,2026-05-06,QX-PRO-206,288,7.6
DC-03,2026-05-06,QX-CHL-207,159,4.5
DC-03,2026-05-06,QX-TIN-211,334,4.1
DC-03,2026-05-06,QX-BAK-215,201,1.0
DC-03,2026-05-06,QX-DRK-216,86,8.1
DC-03,2026-05-06,QX-BAK-217,196,3.1
DC-03,2026-05-06,QX-CHL-221,273,7.2
DC-03,2026-05-06,QX-CER-231,200,1.2
DC-03,2026-05-06,QX-HHD-236,142,4.1
DC-03,2026-05-06,QX-HHD-242,73,7.2
DC-03,2026-05-06,QX-FRZ-249,91,1.2
DC-03,2026-05-06,QX-DRK-259,232,4.2
DC-03,2026-05-06,QX-CER-274,297,3.5
DC-03,2026-05-06,QX-BWS-279,289,2.9
DC-03,2026-05-06,QX-BAK-286,240,6.2
DC-03,2026-05-06,QX-TIN-290,258,2.2
DC-03,2026-05-06,QX-HBC-291,205,4.5
DC-03,2026-05-06,QX-HHD-293,163,7.0
DC-03,2026-05-06,QX-BAK-294,237,7.0
DC-03,2026-05-06,QX-CER-303,36,7.6
DC-03,2026-05-06,QX-TIN-309,79,9.0
DC-03,2026-05-06,QX-CHL-313,311,7.6
DC-03,2026-05-06,QX-PET-315,325,3.6
DC-03,2026-05-06,QX-HHD-319,66,3.0
DC-03,2026-05-06,QX-DRK-320,187,2.3
DC-03,2026-05-06,QX-DRY-322,200,3.4
DC-03,2026-05-06,QX-TIN-328,48,8.3
DC-03,2026-05-06,QX-DRK-336,27,1.2
DC-03,2026-05-06,QX-DRK-341,311,2.2
DC-03,2026-05-06,QX-CER-343,216,5.0
DC-03,2026-05-06,QX-HHD-347,171,6.1
DC-03,2026-05-06,QX-CER-353,198,8.1
DC-03,2026-05-06,QX-HHD-354,149,3.6
DC-03,2026-05-06,QX-HBC-356,202,7.0
DC-03,2026-05-06,QX-DRK-362,311,4.8
DC-03,2026-05-06,QX-DRK-363,127,4.2
DC-03,2026-05-06,QX-DRY-365,180,2.9
DC-03,2026-05-06,QX-PRO-366,180,6.7
DC-03,2026-05-06,QX-FRZ-367,3,2.3
DC-03,2026-05-06,QX-BAK-376,196,5.7
DC-03,2026-05-06,QX-DRY-380,134,6.7
DC-03,2026-05-06,QX-PRO-383,322,3.7
DC-03,2026-05-06,QX-BWS-386,272,4.3
DC-03,2026-05-06,QX-DRK-390,196,1.8
DC-03,2026-05-06,QX-DRK-391,94,4.3
DC-03,2026-05-06,QX-DRY-408,321,0.4
DC-03,2026-05-06,QX-FRZ-413,115,1.9
DC-03,2026-05-06,QX-PET-416,189,8.6
DC-03,2026-05-06,QX-PET-417,53,1.1
DC-03,2026-05-06,QX-CHL-431,151,5.7
DC-03,2026-05-06,QX-PET-432,318,6.6
DC-03,2026-05-06,QX-PRO-435,331,3.8
DC-03,2026-05-06,QX-HHD-440,251,4.8
DC-03,2026-05-06,QX-PRO-453,330,0.4
DC-03,2026-05-06,QX-PRO-456,130,6.7
DC-03,2026-05-06,QX-DRK-460,239,2.3
DC-03,2026-05-06,QX-BAK-461,85,5.3
DC-03,2026-05-06,QX-HBC-465,285,3.1
DC-03,2026-05-06,QX-CHL-475,8,5.6
DC-03,2026-05-06,QX-TIN-480,110,3.2
DC-03,2026-05-06,QX-DRK-484,309,7.0
DC-03,2026-05-06,QX-FRZ-500,30,1.7
DC-03,2026-05-06,QX-CHL-511,79,6.0
DC-03,2026-05-06,QX-DRK-513,291,0.2
DC-03,2026-05-06,QX-BWS-519,215,6.6
DC-03,2026-05-06,QX-BAK-520,335,4.8
DC-03,2026-05-06,QX-PET-524,58,8.9
DC-03,2026-05-06,QX-PET-531,71,6.7
DC-03,2026-05-06,QX-TIN-533,16,2.2
DC-03,2026-05-06,QX-CHL-535,188,7.9
DC-03,2026-05-06,QX-CER-537,290,8.0
DC-03,2026-05-06,QX-HHD-542,11,9.1
DC-03,2026-05-06,QX-PRO-546,231,2.8
DC-03,2026-05-06,QX-HHD-559,288,1.4
DC-03,2026-05-06,QX-PRO-562,122,9.1
DC-03,2026-05-06,QX-HBC-563,31,0.7
DC-03,2026-05-06,QX-CER-564,148,0.9
DC-03,2026-05-06,QX-HHD-566,35,8.6
DC-03,2026-05-06,QX-TIN-567,277,2.4
DC-03,2026-05-06,QX-PET-569,281,6.0
DC-03,2026-05-06,QX-BWS-570,312,1.0
DC-03,2026-05-06,QX-HBC-574,266,9.0
DC-03,2026-05-06,QX-BAK-577,112,0.2
DC-03,2026-05-06,QX-PRO-578,181,0.5
DC-03,2026-05-06,QX-HHD-580,167,3.1
DC-03,2026-05-06,QX-DRY-588,252,7.4
DC-03,2026-05-06,QX-PET-592,57,7.3
DC-03,2026-05-06,QX-BAK-593,30,1.6
DC-03,2026-05-06,QX-BAK-600,326,5.4
DC-03,2026-05-06,QX-DRK-603,177,3.6
DC-03,2026-05-06,QX-PRO-606,20,5.6
DC-03,2026-05-06,QX-BWS-610,303,4.5
DC-03,2026-05-06,QX-DRK-611,1,3.7
DC-03,2026-05-06,QX-FRZ-614,217,3.4
DC-03,2026-05-06,QX-BAK-616,276,9.1
DC-03,2026-05-06,QX-BAK-619,44,6.3
DC-03,2026-05-06,QX-DRY-626,333,5.0
DC-03,2026-05-06,QX-HHD-627,288,2.5
DC-03,2026-05-06,QX-DRK-634,194,4.8
DC-03,2026-05-06,QX-BAK-654,92,7.1
DC-03,2026-05-06,QX-DRK-669,87,8.2
DC-03,2026-05-06,QX-BWS-671,328,2.8
DC-03,2026-05-06,QX-TIN-672,192,8.6
DC-03,2026-05-06,QX-CER-674,49,9.0
DC-03,2026-05-06,QX-DRK-677,13,1.1
DC-03,2026-05-06,QX-FRZ-678,98,5.8
DC-03,2026-05-06,QX-HHD-679,219,0.8
DC-03,2026-05-06,QX-PRO-683,49,1.7
DC-03,2026-05-06,QX-BWS-684,181,0.9
DC-03,2026-05-06,QX-PRO-689,138,4.4
DC-03,2026-05-06,QX-FRZ-694,278,2.5
DC-03,2026-05-06,QX-PET-702,97,3.3
DC-03,2026-05-06,QX-CHL-703,123,4.3
DC-03,2026-05-06,QX-FRZ-712,338,5.4
DC-03,2026-05-06,QX-TIN-718,126,6.9
DC-03,2026-05-06,QX-TIN-722,193,7.4
DC-03,2026-05-06,QX-DRY-724,337,3.3
DC-03,2026-05-06,QX-HHD-728,32,0.6
DC-03,2026-05-06,QX-PRO-731,161,8.6
DC-03,2026-05-06,QX-TIN-732,26,1.3
DC-03,2026-05-06,QX-CHL-734,88,2.6
DC-03,2026-05-06,QX-PRO-746,222,2.7
DC-03,2026-05-06,QX-DRY-759,15,7.6
DC-03,2026-05-06,QX-TIN-760,74,2.2
DC-03,2026-05-06,QX-CER-762,86,3.1
DC-03,2026-05-06,QX-CER-764,58,9.3
DC-03,2026-05-06,QX-TIN-765,123,2.5
DC-03,2026-05-06,QX-BAK-769,69,9.3
DC-03,2026-05-06,QX-HHD-787,335,9.0
DC-03,2026-05-06,QX-TIN-792,256,8.9
DC-03,2026-05-06,QX-TIN-799,246,8.7
DC-03,2026-05-06,QX-PRO-801,324,3.7
DC-03,2026-05-06,QX-BWS-809,104,2.9
DC-03,2026-05-06,QX-BAK-810,161,7.9
DC-03,2026-05-06,QX-HBC-811,20,4.0
DC-03,2026-05-06,QX-CHL-823,201,8.1
DC-03,2026-05-06,QX-CHL-825,190,1.5
DC-03,2026-05-06,QX-FRZ-829,100,2.0
DC-03,2026-05-06,QX-HBC-838,192,0.7
DC-03,2026-05-06,QX-TIN-839,173,5.9
DC-03,2026-05-06,QX-BAK-840,119,0.9
DC-03,2026-05-06,QX-PRO-846,290,4.4
DC-03,2026-05-06,QX-BAK-852,115,2.9
DC-03,2026-05-06,QX-HBC-854,161,8.1
DC-03,2026-05-06,QX-DRK-861,311,4.1
DC-03,2026-05-06,QX-BWS-864,311,3.3
DC-03,2026-05-06,QX-HBC-865,162,0.5
DC-03,2026-05-06,QX-DRY-871,5,2.4
DC-03,2026-05-06,QX-HBC-875,128,0.3
DC-03,2026-05-06,QX-BAK-877,296,6.8
DC-03,2026-05-06,QX-CER-889,242,2.4
DC-03,2026-05-06,QX-CER-890,214,5.5
DC-03,2026-05-06,QX-DRY-893,210,9.1
DC-03,2026-05-06,QX-CER-899,310,6.8
DC-03,2026-05-06,QX-DRY-910,194,3.6
DC-03,2026-05-06,QX-TIN-915,48,4.2
DC-03,2026-05-06,QX-DRK-922,181,3.2
DC-03,2026-05-06,QX-PRO-923,245,9.2
DC-03,2026-05-06,QX-HBC-924,224,4.7
DC-03,2026-05-06,QX-CHL-925,323,2.4
DC-03,2026-05-06,QX-HHD-929,163,2.1
DC-03,2026-05-06,QX-CHL-932,236,5.8
DC-03,2026-05-06,QX-FRZ-933,98,1.7
DC-03,2026-05-06,QX-TIN-938,285,7.6
DC-03,2026-05-06,QX-FRZ-941,51,6.7
DC-03,2026-05-06,QX-CHL-943,161,6.8
DC-03,2026-05-06,QX-DRK-948,42,7.3
DC-03,2026-05-06,QX-DRY-952,340,3.3
DC-03,2026-05-06,QX-FRZ-953,10,1.0
DC-03,2026-05-06,QX-PRO-960,257,1.2
DC-03,2026-05-06,QX-TIN-961,236,0.2
DC-03,2026-05-06,QX-DRY-970,193,5.8
DC-03,2026-05-06,QX-CHL-971,66,4.5
DC-03,2026-05-06,QX-CER-973,106,4.7
DC-03,2026-05-06,QX-HHD-974,19,5.5
DC-03,2026-05-06,QX-HBC-982,245,4.6
DC-03,2026-05-06,QX-HHD-988,285,8.1
DC-03,2026-05-06,QX-DRK-990,52,2.9
DC-03,2026-05-06,QX-FRZ-992,265,4.9
DC-03,2026-05-06,QX-CHL-993,163,2.7
DC-03,2026-05-06,QX-DRY-996,221,9.0
DC-03,2026-05-06,QX-CER-003,327,2.9
DC-03,2026-05-06,QX-TIN-007,116,9.4
DC-03,2026-05-06,QX-HHD-008,178,3.0
DC-03,2026-05-06,QX-CHL-012,71,6.1
DC-03,2026-05-06,QX-DRY-017,139,8.5
DC-03,2026-05-06,QX-HBC-020,337,2.8
DC-03,2026-05-06,QX-HBC-021,136,2.7
DC-03,2026-05-06,QX-DRY-024,17,8.6
DC-03,2026-05-06,QX-TIN-027,234,8.2
DC-03,2026-05-06,QX-HHD-033,287,2.7
DC-03,2026-05-06,QX-PET-035,326,7.7
DC-03,2026-05-06,QX-DRK-036,143,3.9
DC-03,2026-05-06,QX-CER-037,87,5.7
DC-03,2026-05-06,QX-CER-038,93,3.3
DC-03,2026-05-06,QX-DRY-039,314,9.2
DC-03,2026-05-06,QX-BAK-044,169,4.6
DC-03,2026-05-06,QX-FRZ-048,20,6.6
DC-03,2026-05-06,QX-FRZ-049,245,5.5
DC-03,2026-05-06,QX-DRY-054,54,6.5
DC-03,2026-05-06,QX-BAK-056,262,1.6
DC-03,2026-05-06,QX-DRK-059,177,3.3
DC-03,2026-05-06,QX-PET-072,294,5.4
DC-03,2026-05-06,QX-HBC-074,5,6.8
DC-03,2026-05-06,QX-FRZ-079,24,3.4
DC-03,2026-05-06,QX-TIN-083,250,4.6
DC-03,2026-05-06,QX-CHL-087,87,1.8
DC-03,2026-05-06,QX-DRK-088,319,2.3
DC-03,2026-05-06,QX-HBC-089,326,9.4
DC-03,2026-05-06,QX-PET-097,240,2.2
DC-03,2026-05-06,QX-DRK-104,43,3.1
DC-03,2026-05-06,QX-BAK-109,32,6.0
DC-03,2026-05-06,QX-DRY-111,31,1.3
DC-03,2026-05-06,QX-CER-134,239,5.3
DC-03,2026-05-06,QX-DRK-136,304,5.2
DC-03,2026-05-06,QX-CER-141,45,1.2
DC-03,2026-05-06,QX-PRO-142,10,5.4
DC-03,2026-05-06,QX-PRO-154,284,8.2
DC-03,2026-05-06,QX-CHL-159,186,8.9
DC-03,2026-05-06,QX-TIN-161,191,9.0
DC-03,2026-05-06,QX-PRO-162,204,0.6
DC-03,2026-05-06,QX-BWS-163,242,1.8
DC-03,2026-05-06,QX-DRY-170,253,4.7
DC-03,2026-05-06,QX-BWS-174,218,7.3
DC-03,2026-05-06,QX-PET-179,132,8.0
DC-03,2026-05-06,QX-HBC-180,55,8.3
DC-03,2026-05-06,QX-PET-181,209,8.9
DC-03,2026-05-06,QX-DRY-189,167,0.9
DC-03,2026-05-06,QX-HBC-198,240,3.5
DC-03,2026-05-06,QX-HBC-200,101,8.0
DC-03,2026-05-06,QX-CER-201,66,8.4
DC-03,2026-05-06,QX-FRZ-202,177,1.9
DC-03,2026-05-06,QX-CHL-203,242,3.0
DC-03,2026-05-06,QX-CHL-205,197,5.1
DC-03,2026-05-06,QX-DRY-206,222,3.7
DC-03,2026-05-06,QX-DRY-209,304,6.4
DC-03,2026-05-06,QX-CER-212,272,6.5
DC-03,2026-05-06,QX-PET-214,2,9.4
DC-03,2026-05-06,QX-DRY-218,176,3.0
DC-03,2026-05-06,QX-CHL-219,169,6.5
DC-03,2026-05-06,QX-HHD-220,143,4.8
DC-03,2026-05-06,QX-DRK-223,29,6.8
DC-03,2026-05-06,QX-HHD-233,263,9.3
DC-03,2026-05-06,QX-BWS-237,6,6.4
DC-03,2026-05-06,QX-PET-238,145,6.1
DC-03,2026-05-06,QX-BAK-250,134,2.6
DC-03,2026-05-06,QX-BAK-253,115,5.6
DC-03,2026-05-06,QX-HBC-254,76,1.8
DC-03,2026-05-06,QX-DRY-258,192,6.6
DC-03,2026-05-06,QX-TIN-265,97,1.9
DC-03,2026-05-06,QX-PRO-267,184,3.0
DC-03,2026-05-06,QX-DRY-270,307,5.3
DC-03,2026-05-06,QX-DRY-275,223,8.6
DC-03,2026-05-06,QX-BAK-278,62,3.6
DC-03,2026-05-06,QX-CHL-279,156,7.4
DC-03,2026-05-06,QX-BWS-284,28,1.8
DC-03,2026-05-06,QX-HBC-289,74,7.4
DC-03,2026-05-06,QX-PRO-293,11,1.6
DC-03,2026-05-06,QX-DRK-294,277,2.7
DC-03,2026-05-06,QX-BAK-295,92,5.4
DC-03,2026-05-06,QX-DRK-296,229,8.1
DC-03,2026-05-06,QX-CER-300,15,2.1
DC-03,2026-05-06,QX-BWS-309,178,0.9
DC-03,2026-05-06,QX-BAK-311,49,5.3
DC-03,2026-05-06,QX-CER-318,196,6.2
DC-03,2026-05-06,QX-DRK-319,30,3.4
DC-03,2026-05-06,QX-PRO-324,231,2.4
DC-03,2026-05-06,QX-CHL-327,196,7.1
DC-03,2026-05-06,QX-FRZ-328,278,8.6
DC-03,2026-05-06,QX-PRO-329,263,3.0
DC-03,2026-05-06,QX-FRZ-332,189,0.5
DC-03,2026-05-06,QX-CER-333,231,5.5
DC-03,2026-05-06,QX-DRK-335,312,6.3
DC-03,2026-05-06,QX-HBC-336,149,0.8
DC-03,2026-05-06,QX-BAK-339,322,3.9
DC-03,2026-05-06,QX-CER-342,179,2.6
DC-03,2026-05-06,QX-BAK-346,324,4.4
DC-03,2026-05-06,QX-DRY-351,220,3.0
DC-03,2026-05-06,QX-BAK-354,200,1.3
DC-03,2026-05-06,QX-HBC-360,122,3.2
DC-03,2026-05-06,QX-HBC-364,93,7.6
DC-03,2026-05-06,QX-TIN-366,14,2.7
DC-03,2026-05-06,QX-BAK-368,191,7.1
DC-03,2026-05-06,QX-DRY-371,24,6.5
DC-03,2026-05-06,QX-DRK-374,156,5.6
DC-03,2026-05-06,QX-HBC-378,60,1.6
DC-03,2026-05-06,QX-DRY-394,90,7.0
DC-03,2026-05-06,QX-CHL-396,231,0.4
DC-03,2026-05-06,QX-BWS-397,178,8.8
DC-03,2026-05-06,QX-DRK-403,49,1.4
DC-03,2026-05-06,QX-HHD-405,328,6.7
DC-03,2026-05-06,QX-CER-414,301,1.4
DC-03,2026-05-06,QX-BWS-415,195,8.0
DC-03,2026-05-06,QX-TIN-417,68,4.1
DC-03,2026-05-06,QX-CHL-428,183,1.3
DC-03,2026-05-06,QX-BAK-431,269,3.4
DC-03,2026-05-06,QX-CHL-432,264,1.1
DC-03,2026-05-06,QX-PET-434,82,0.7
DC-03,2026-05-06,QX-TIN-439,154,5.8
DC-03,2026-05-06,QX-HHD-458,309,0.6
DC-03,2026-05-06,QX-DRY-459,306,7.2
DC-04,2026-05-06,QX-CER-001,306,3.0
DC-04,2026-05-06,QX-CER-002,108,5.5
DC-04,2026-05-06,QX-TIN-032,17,3.8
DC-04,2026-05-06,QX-DRY-184,98,8.7
DC-04,2026-05-06,QX-BWS-201,143,6.9
DC-04,2026-05-06,QX-PRO-203,107,6.1
DC-04,2026-05-06,QX-DRK-204,121,3.8
DC-04,2026-05-06,QX-BWS-205,169,8.9
DC-04,2026-05-06,QX-FRZ-214,330,6.0
DC-04,2026-05-06,QX-PRO-217,278,8.8
DC-04,2026-05-06,QX-BAK-223,326,7.4
DC-04,2026-05-06,QX-HHD-225,216,8.5
DC-04,2026-05-06,QX-PET-226,189,6.4
DC-04,2026-05-06,QX-FRZ-231,180,3.2
DC-04,2026-05-06,QX-BAK-232,79,0.2
DC-04,2026-05-06,QX-DRK-234,276,5.3
DC-04,2026-05-06,QX-FRZ-244,25,5.1
DC-04,2026-05-06,QX-HHD-245,82,2.2
DC-04,2026-05-06,QX-CER-249,88,9.1
DC-04,2026-05-06,QX-TIN-251,242,5.0
DC-04,2026-05-06,QX-DRK-254,26,5.5
DC-04,2026-05-06,QX-BWS-256,150,7.8
DC-04,2026-05-06,QX-HBC-258,325,3.3
DC-04,2026-05-06,QX-HBC-261,135,0.4
DC-04,2026-05-06,QX-TIN-263,92,6.0
DC-04,2026-05-06,QX-TIN-264,196,6.3
DC-04,2026-05-06,QX-CER-267,147,2.9
DC-04,2026-05-06,QX-DRY-271,214,5.5
DC-04,2026-05-06,QX-CHL-274,334,2.7
DC-04,2026-05-06,QX-CER-275,331,0.3
DC-04,2026-05-06,QX-FRZ-282,271,8.1
DC-04,2026-05-06,QX-PRO-283,152,9.1
DC-04,2026-05-06,QX-BAK-288,173,4.5
DC-04,2026-05-06,QX-DRY-297,209,4.1
DC-04,2026-05-06,QX-FRZ-298,237,4.5
DC-04,2026-05-06,QX-DRY-301,339,0.8
DC-04,2026-05-06,QX-HHD-308,261,5.0
DC-04,2026-05-06,QX-DRY-312,211,4.5
DC-04,2026-05-06,QX-CER-324,38,2.9
DC-04,2026-05-06,QX-HBC-325,173,6.4
DC-04,2026-05-06,QX-PET-326,38,2.0
DC-04,2026-05-06,QX-BAK-328,303,4.8
DC-04,2026-05-06,QX-CER-329,309,0.5
DC-04,2026-05-06,QX-BAK-335,140,2.5
DC-04,2026-05-06,QX-HBC-337,133,4.0
DC-04,2026-05-06,QX-TIN-340,13,7.4
DC-04,2026-05-06,QX-CER-341,9,2.6
DC-04,2026-05-06,QX-PRO-347,51,1.0
DC-04,2026-05-06,QX-PET-348,332,7.8
DC-04,2026-05-06,QX-PET-349,279,2.9
DC-04,2026-05-06,QX-DRY-350,186,1.2
DC-04,2026-05-06,QX-CHL-351,64,2.4
DC-04,2026-05-06,QX-CHL-354,85,5.4
DC-04,2026-05-06,QX-BAK-379,131,7.0
DC-04,2026-05-06,QX-TIN-383,165,3.6
DC-04,2026-05-06,QX-HHD-387,78,1.3
DC-04,2026-05-06,QX-HHD-388,339,3.0
DC-04,2026-05-06,QX-HHD-390,63,6.2
DC-04,2026-05-06,QX-TIN-391,160,4.5
DC-04,2026-05-06,QX-DRK-393,132,3.1
DC-04,2026-05-06,QX-BWS-395,122,2.1
DC-04,2026-05-06,QX-DRK-405,153,1.8
DC-04,2026-05-06,QX-CER-410,268,4.4
DC-04,2026-05-06,QX-FRZ-411,324,4.4
DC-04,2026-05-06,QX-DRY-414,83,2.3
DC-04,2026-05-06,QX-DRY-416,191,8.7
DC-04,2026-05-06,QX-DRK-422,30,7.4
DC-04,2026-05-06,QX-HHD-424,22,4.3
DC-04,2026-05-06,QX-CHL-426,321,8.6
DC-04,2026-05-06,QX-CER-428,316,7.5
DC-04,2026-05-06,QX-TIN-429,310,7.6
DC-04,2026-05-06,QX-BAK-430,18,6.1
DC-04,2026-05-06,QX-BAK-434,70,5.1
DC-04,2026-05-06,QX-CHL-438,186,0.8
DC-04,2026-05-06,QX-BAK-440,279,6.9
DC-04,2026-05-06,QX-PRO-441,297,3.2
DC-04,2026-05-06,QX-HBC-442,59,0.9
DC-04,2026-05-06,QX-BAK-445,30,6.4
DC-04,2026-05-06,QX-FRZ-446,73,6.0
DC-04,2026-05-06,QX-CER-448,41,2.8
DC-04,2026-05-06,QX-PET-453,337,4.7
DC-04,2026-05-06,QX-HBC-455,104,6.6
DC-04,2026-05-06,QX-DRK-461,173,0.7
DC-04,2026-05-06,QX-CER-464,159,8.6
DC-04,2026-05-06,QX-TIN-470,31,1.0
DC-04,2026-05-06,QX-PRO-471,243,7.3
DC-04,2026-05-06,QX-BWS-474,202,7.0
DC-04,2026-05-06,QX-PRO-475,287,7.9
DC-04,2026-05-06,QX-CHL-476,156,3.1
DC-04,2026-05-06,QX-PRO-477,225,3.6
DC-04,2026-05-06,QX-PRO-478,144,6.7
DC-04,2026-05-06,QX-HBC-483,306,5.0
DC-04,2026-05-06,QX-BWS-485,124,7.1
DC-04,2026-05-06,QX-TIN-486,325,0.8
DC-04,2026-05-06,QX-BAK-487,84,0.4
DC-04,2026-05-06,QX-HBC-494,301,4.3
DC-04,2026-05-06,QX-CHL-496,135,6.0
DC-04,2026-05-06,QX-BWS-498,243,3.1
DC-04,2026-05-06,QX-HHD-501,327,3.3
DC-04,2026-05-06,QX-DRY-502,56,2.1
DC-04,2026-05-06,QX-PET-508,207,3.1
DC-04,2026-05-06,QX-HHD-509,181,5.3
DC-04,2026-05-06,QX-CER-511,306,5.4
DC-04,2026-05-06,QX-BAK-512,72,6.0
DC-04,2026-05-06,QX-FRZ-516,326,8.1
DC-04,2026-05-06,QX-DRY-517,13,4.7
DC-04,2026-05-06,QX-PRO-521,218,0.4
DC-04,2026-05-06,QX-CHL-526,238,1.7
DC-04,2026-05-06,QX-DRK-530,198,3.3
DC-04,2026-05-06,QX-PET-533,259,7.7
DC-04,2026-05-06,QX-DRY-534,207,5.5
DC-04,2026-05-06,QX-DRK-537,111,9.2
DC-04,2026-05-06,QX-BAK-539,254,3.1
DC-04,2026-05-06,QX-DRY-542,2,1.6
DC-04,2026-05-06,QX-HHD-551,242,2.3
DC-04,2026-05-06,QX-DRK-560,139,8.4
DC-04,2026-05-06,QX-FRZ-561,83,1.8
DC-04,2026-05-06,QX-FRZ-564,166,0.6
DC-04,2026-05-06,QX-DRY-565,181,6.2
DC-04,2026-05-06,QX-DRY-571,329,4.0
DC-04,2026-05-06,QX-BAK-585,190,0.3
DC-04,2026-05-06,QX-FRZ-586,209,6.4
DC-04,2026-05-06,QX-BAK-587,64,8.7
DC-04,2026-05-06,QX-HHD-594,220,5.5
DC-04,2026-05-06,QX-DRK-602,277,1.2
DC-04,2026-05-06,QX-BWS-607,134,3.7
DC-04,2026-05-06,QX-DRK-609,211,1.2
DC-04,2026-05-06,QX-HBC-613,172,6.5
DC-04,2026-05-06,QX-PRO-625,142,1.2
DC-04,2026-05-06,QX-DRK-627,140,9.3
DC-04,2026-05-06,QX-TIN-628,298,2.0
DC-04,2026-05-06,QX-DRY-629,130,3.3
DC-04,2026-05-06,QX-CHL-631,205,4.1
DC-04,2026-05-06,QX-DRY-635,43,7.1
DC-04,2026-05-06,QX-TIN-640,15,6.5
DC-04,2026-05-06,QX-TIN-642,174,3.9
DC-04,2026-05-06,QX-PRO-645,12,5.0
DC-04,2026-05-06,QX-HBC-648,241,5.6
DC-04,2026-05-06,QX-BWS-651,270,0.6
DC-04,2026-05-06,QX-PRO-653,284,5.5
DC-04,2026-05-06,QX-FRZ-655,338,1.7
DC-04,2026-05-06,QX-PET-661,73,3.3
DC-04,2026-05-06,QX-FRZ-666,225,3.1
DC-04,2026-05-06,QX-PRO-672,168,2.4
DC-04,2026-05-06,QX-PET-673,223,6.8
DC-04,2026-05-06,QX-PRO-681,203,4.3
DC-04,2026-05-06,QX-TIN-694,324,7.2
DC-04,2026-05-06,QX-BAK-696,36,4.8
DC-04,2026-05-06,QX-BWS-697,96,7.9
DC-04,2026-05-06,QX-HHD-707,300,4.5
DC-04,2026-05-06,QX-PET-708,123,6.1
DC-04,2026-05-06,QX-HHD-710,124,9.4
DC-04,2026-05-06,QX-FRZ-711,203,1.8
DC-04,2026-05-06,QX-CHL-716,139,8.1
DC-04,2026-05-06,QX-BAK-719,45,8.7
DC-04,2026-05-06,QX-HBC-723,165,4.6
DC-04,2026-05-06,QX-DRK-728,75,0.9
DC-04,2026-05-06,QX-BAK-732,163,5.9
DC-04,2026-05-06,QX-DRK-737,238,9.1
DC-04,2026-05-06,QX-CHL-742,142,1.7
DC-04,2026-05-06,QX-DRY-751,13,8.2
DC-04,2026-05-06,QX-BWS-753,245,3.8
DC-04,2026-05-06,QX-DRK-755,334,0.9
DC-04,2026-05-06,QX-BWS-758,15,3.7
DC-04,2026-05-06,QX-HHD-759,50,5.3
DC-04,2026-05-06,QX-DRY-760,204,0.8
DC-04,2026-05-06,QX-TIN-761,232,7.0
DC-04,2026-05-06,QX-CER-763,223,8.0
DC-04,2026-05-06,QX-PRO-766,80,0.6
DC-04,2026-05-06,QX-PET-769,242,1.7
DC-04,2026-05-06,QX-BWS-771,89,6.7
DC-04,2026-05-06,QX-HBC-772,133,6.8
DC-04,2026-05-06,QX-CER-774,161,5.8
DC-04,2026-05-06,QX-CHL-775,78,1.5
DC-04,2026-05-06,QX-DRY-781,56,2.5
DC-04,2026-05-06,QX-HBC-786,217,1.8
DC-04,2026-05-06,QX-HHD-790,312,8.5
DC-04,2026-05-06,QX-HBC-791,201,5.2
DC-04,2026-05-06,QX-BAK-802,229,0.9
DC-04,2026-05-06,QX-HBC-804,82,2.2
DC-04,2026-05-06,QX-DRK-810,12,9.2
DC-04,2026-05-06,QX-DRY-811,137,3.4
DC-04,2026-05-06,QX-CER-812,94,8.2
DC-04,2026-05-06,QX-HHD-813,124,7.7
DC-04,2026-05-06,QX-HHD-814,307,1.7
DC-04,2026-05-06,QX-DRK-815,93,7.0
DC-04,2026-05-06,QX-BWS-816,152,3.6
DC-04,2026-05-06,QX-PRO-817,180,8.7
DC-04,2026-05-06,QX-PRO-822,248,0.4
DC-04,2026-05-06,QX-BAK-827,253,1.6
DC-04,2026-05-06,QX-DRY-828,226,4.2
DC-04,2026-05-06,QX-BWS-832,168,8.7
DC-04,2026-05-06,QX-CER-833,280,8.9
DC-04,2026-05-06,QX-FRZ-839,80,1.9
DC-04,2026-05-06,QX-BAK-842,178,7.8
DC-04,2026-05-06,QX-HHD-848,145,4.7
DC-04,2026-05-06,QX-PET-855,188,8.4
DC-04,2026-05-06,QX-DRK-856,58,8.8
DC-04,2026-05-06,QX-HHD-860,129,9.3
DC-04,2026-05-06,QX-CER-862,260,0.9
DC-04,2026-05-06,QX-PRO-866,230,1.9
DC-04,2026-05-06,QX-BAK-867,205,7.1
DC-04,2026-05-06,QX-HHD-871,231,0.7
DC-04,2026-05-06,QX-BWS-875,201,4.4
DC-04,2026-05-06,QX-CHL-880,83,4.1
DC-04,2026-05-06,QX-CHL-881,181,1.2
DC-04,2026-05-06,QX-CER-882,79,2.5
DC-04,2026-05-06,QX-CHL-890,159,8.1
DC-04,2026-05-06,QX-PRO-892,339,8.2
DC-04,2026-05-06,QX-CER-894,23,8.1
DC-04,2026-05-06,QX-HBC-895,325,5.0
DC-04,2026-05-06,QX-DRK-898,70,7.8
DC-04,2026-05-06,QX-FRZ-900,73,0.7
DC-04,2026-05-06,QX-PET-901,221,6.2
DC-04,2026-05-06,QX-BAK-905,271,3.7
DC-04,2026-05-06,QX-DRY-906,300,6.1
DC-04,2026-05-06,QX-TIN-907,200,8.5
DC-04,2026-05-06,QX-FRZ-909,177,8.4
DC-04,2026-05-06,QX-BAK-912,24,6.5
DC-04,2026-05-06,QX-BAK-918,251,9.5
DC-04,2026-05-06,QX-TIN-920,275,2.4
DC-04,2026-05-06,QX-CER-929,238,6.1
DC-04,2026-05-06,QX-FRZ-931,215,0.8
DC-04,2026-05-06,QX-BWS-933,70,2.4
DC-04,2026-05-06,QX-TIN-937,151,5.9
DC-04,2026-05-06,QX-TIN-948,5,4.5
DC-04,2026-05-06,QX-CHL-949,278,7.2
DC-04,2026-05-06,QX-DRK-951,175,7.8
DC-04,2026-05-06,QX-CER-953,45,5.5
DC-04,2026-05-06,QX-BAK-958,46,2.4
DC-04,2026-05-06,QX-CHL-966,90,2.6
DC-04,2026-05-06,QX-HBC-969,75,2.7
DC-04,2026-05-06,QX-TIN-973,69,4.0
DC-04,2026-05-06,QX-CHL-979,158,5.0
DC-04,2026-05-06,QX-CER-981,85,1.0
DC-04,2026-05-06,QX-PET-984,63,7.9
DC-04,2026-05-06,QX-HBC-985,25,2.3
DC-04,2026-05-06,QX-HHD-986,39,5.2
DC-04,2026-05-06,QX-PET-992,320,4.2
DC-04,2026-05-06,QX-TIN-000,133,9.4
DC-04,2026-05-06,QX-PET-003,128,2.3
DC-04,2026-05-06,QX-FRZ-004,161,1.1
DC-04,2026-05-06,QX-DRY-005,47,6.8
DC-04,2026-05-06,QX-CHL-011,332,0.3
DC-04,2026-05-06,QX-DRK-013,220,1.8
DC-04,2026-05-06,QX-DRY-014,118,2.4
DC-04,2026-05-06,QX-DRY-025,304,4.0
DC-04,2026-05-06,QX-CER-031,183,8.8
DC-04,2026-05-06,QX-TIN-035,69,8.3
DC-04,2026-05-06,QX-CHL-038,267,4.3
DC-04,2026-05-06,QX-TIN-044,101,4.1
DC-04,2026-05-06,QX-CHL-048,319,9.2
DC-04,2026-05-06,QX-CHL-049,30,8.9
DC-04,2026-05-06,QX-DRK-053,54,8.6
DC-04,2026-05-06,QX-DRY-056,142,4.2
DC-04,2026-05-06,QX-HBC-057,137,6.3
DC-04,2026-05-06,QX-BAK-059,97,3.3
DC-04,2026-05-06,QX-CHL-061,272,4.0
DC-04,2026-05-06,QX-TIN-067,210,5.7
DC-04,2026-05-06,QX-FRZ-073,205,3.8
DC-04,2026-05-06,QX-TIN-075,227,6.1
DC-04,2026-05-06,QX-FRZ-080,37,7.9
DC-04,2026-05-06,QX-DRY-081,39,1.7
DC-04,2026-05-06,QX-PRO-082,133,2.7
DC-04,2026-05-06,QX-DRY-084,245,5.2
DC-04,2026-05-06,QX-CER-085,121,3.5
DC-04,2026-05-06,QX-TIN-087,25,7.6
DC-04,2026-05-06,QX-HBC-093,36,6.7
DC-04,2026-05-06,QX-PET-104,252,3.5
DC-04,2026-05-06,QX-TIN-105,207,8.6
DC-04,2026-05-06,QX-HBC-111,227,3.7
DC-04,2026-05-06,QX-CHL-117,282,3.5
DC-04,2026-05-06,QX-DRY-122,180,4.5
DC-04,2026-05-06,QX-PRO-125,61,3.7
DC-04,2026-05-06,QX-CHL-126,139,5.0
DC-04,2026-05-06,QX-TIN-132,35,7.4
DC-04,2026-05-06,QX-BAK-134,31,0.9
DC-04,2026-05-06,QX-FRZ-140,177,8.1
DC-04,2026-05-06,QX-CER-144,288,6.8
DC-04,2026-05-06,QX-PRO-150,145,6.7
DC-04,2026-05-06,QX-TIN-151,152,2.9
DC-04,2026-05-06,QX-BAK-154,303,2.7
DC-04,2026-05-06,QX-HBC-161,79,9.0
DC-04,2026-05-06,QX-HHD-172,133,7.1
DC-04,2026-05-06,QX-PRO-176,18,1.8
DC-04,2026-05-06,QX-PRO-185,51,0.3
DC-04,2026-05-06,QX-HHD-189,56,8.1
DC-04,2026-05-06,QX-TIN-197,35,3.3
DC-04,2026-05-06,QX-TIN-204,135,3.1
DC-04,2026-05-06,QX-DRK-216,281,7.9
DC-04,2026-05-06,QX-BAK-217,82,2.6
DC-04,2026-05-06,QX-PRO-225,296,4.7
DC-04,2026-05-06,QX-BWS-228,28,1.0
DC-04,2026-05-06,QX-BWS-229,130,3.3
DC-04,2026-05-06,QX-CER-245,45,4.7
DC-04,2026-05-06,QX-HHD-246,106,4.3
DC-04,2026-05-06,QX-BWS-247,160,7.8
DC-04,2026-05-06,QX-FRZ-249,311,8.5
DC-04,2026-05-06,QX-CHL-269,316,0.7
DC-04,2026-05-06,QX-DRK-280,58,4.9
DC-04,2026-05-06,QX-BWS-282,277,3.2
DC-04,2026-05-06,QX-BAK-286,78,2.6
DC-04,2026-05-06,QX-BAK-294,165,9.3
DC-04,2026-05-06,QX-BWS-296,326,9.3
DC-04,2026-05-06,QX-TIN-297,279,1.9
DC-04,2026-05-06,QX-HBC-298,67,8.6
DC-04,2026-05-06,QX-BAK-299,14,5.0
DC-04,2026-05-06,QX-PRO-301,266,8.1
DC-04,2026-05-06,QX-TIN-309,59,6.5
DC-04,2026-05-06,QX-CHL-313,232,1.0
DC-04,2026-05-06,QX-DRY-317,96,5.4
DC-04,2026-05-06,QX-DRY-325,70,4.7
DC-04,2026-05-06,QX-FRZ-334,72,9.2
DC-04,2026-05-06,QX-TIN-339,43,9.4
DC-04,2026-05-06,QX-CER-343,41,8.4
DC-04,2026-05-06,QX-DRK-348,153,8.3
DC-04,2026-05-06,QX-DRK-363,44,4.6
DC-04,2026-05-06,QX-DRY-365,102,2.4
DC-04,2026-05-06,QX-PRO-366,277,5.4
DC-04,2026-05-06,QX-CER-369,189,5.7
DC-04,2026-05-06,QX-HHD-381,132,1.0
DC-04,2026-05-06,QX-DRK-387,124,9.2
DC-04,2026-05-06,QX-DRK-392,49,0.9
DC-04,2026-05-06,QX-CHL-393,94,7.5
DC-04,2026-05-06,QX-CER-398,152,4.7
DC-04,2026-05-06,QX-HHD-403,126,1.5
DC-04,2026-05-06,QX-DRY-408,133,6.2
DC-04,2026-05-06,QX-FRZ-413,286,2.7
DC-04,2026-05-06,QX-FRZ-415,332,3.8
DC-04,2026-05-06,QX-BAK-419,289,6.5
DC-04,2026-05-06,QX-PET-422,315,6.0
DC-04,2026-05-06,QX-PRO-423,171,4.6
DC-04,2026-05-06,QX-FRZ-430,271,5.0
DC-04,2026-05-06,QX-FRZ-439,239,3.6
DC-04,2026-05-06,QX-HHD-440,105,8.0
DC-04,2026-05-06,QX-HBC-441,336,5.4
DC-04,2026-05-06,QX-HHD-442,167,9.0
DC-04,2026-05-06,QX-TIN-446,88,5.9
DC-04,2026-05-06,QX-PRO-453,250,4.6
DC-04,2026-05-06,QX-CER-454,104,9.0
DC-04,2026-05-06,QX-PET-455,224,9.0
DC-04,2026-05-06,QX-PRO-456,330,0.9
DC-04,2026-05-06,QX-TIN-463,239,2.3
DC-04,2026-05-06,QX-HBC-465,320,3.6
DC-04,2026-05-06,QX-TIN-468,201,3.6
DC-04,2026-05-06,QX-DRY-472,304,5.0
DC-04,2026-05-06,QX-BWS-477,231,3.8
DC-04,2026-05-06,QX-PET-481,10,8.7
DC-04,2026-05-06,QX-BAK-488,252,9.5
DC-04,2026-05-06,QX-HHD-493,11,2.9
DC-04,2026-05-06,QX-HBC-499,33,8.9
DC-04,2026-05-06,QX-FRZ-500,56,3.6
DC-04,2026-05-06,QX-BAK-502,208,8.3
DC-04,2026-05-06,QX-FRZ-504,186,5.4
DC-04,2026-05-06,QX-PET-505,173,5.5
DC-04,2026-05-06,QX-DRY-506,204,8.3
DC-04,2026-05-06,QX-FRZ-509,77,6.0
DC-04,2026-05-06,QX-HHD-522,10,4.2
DC-04,2026-05-06,QX-BAK-526,325,5.0
DC-04,2026-05-06,QX-BAK-528,322,8.2
DC-04,2026-05-06,QX-CHL-535,219,5.3
DC-04,2026-05-06,QX-DRY-539,22,1.1
DC-04,2026-05-06,QX-PRO-541,227,8.2
DC-04,2026-05-06,QX-PRO-546,74,3.4
DC-04,2026-05-06,QX-CHL-550,283,5.1
DC-04,2026-05-06,QX-TIN-556,149,3.6
DC-04,2026-05-06,QX-BWS-557,9,8.9
DC-04,2026-05-06,QX-CHL-558,283,0.4
DC-04,2026-05-06,QX-HBC-563,56,6.7
DC-04,2026-05-06,QX-HHD-566,215,3.4
DC-04,2026-05-06,QX-TIN-567,308,1.3
DC-04,2026-05-06,QX-FRZ-576,167,3.9
DC-04,2026-05-06,QX-HHD-580,278,3.4
DC-04,2026-05-06,QX-CHL-581,29,6.8
DC-04,2026-05-06,QX-DRK-584,180,4.0
DC-04,2026-05-06,QX-DRK-586,185,1.4
DC-04,2026-05-06,QX-CER-597,290,1.5
DC-04,2026-05-06,QX-CER-599,262,4.1
DC-04,2026-05-06,QX-DRK-603,6,9.1
DC-04,2026-05-06,QX-PRO-606,168,6.0
DC-04,2026-05-06,QX-CER-612,310,3.7
DC-04,2026-05-06,QX-BWS-617,0,5.6
DC-04,2026-05-06,QX-DRY-624,90,1.1
DC-04,2026-05-06,QX-DRY-626,297,3.4
DC-04,2026-05-06,QX-CHL-633,324,6.3
DC-04,2026-05-06,QX-BAK-635,123,2.1
DC-04,2026-05-06,QX-BAK-639,12,1.4
DC-04,2026-05-06,QX-HHD-640,278,8.6
DC-04,2026-05-06,QX-FRZ-641,143,2.8
DC-04,2026-05-06,QX-PRO-643,278,1.3
DC-04,2026-05-06,QX-BAK-644,255,2.2
DC-04,2026-05-06,QX-BAK-647,158,5.5
DC-04,2026-05-06,QX-CHL-648,108,8.8
DC-04,2026-05-06,QX-DRK-651,317,1.5
DC-04,2026-05-06,QX-BWS-655,247,5.0
DC-04,2026-05-06,QX-CER-657,69,8.1
DC-04,2026-05-06,QX-BAK-660,12,1.6
DC-04,2026-05-06,QX-BAK-664,196,1.0
DC-04,2026-05-06,QX-BWS-666,45,2.1
DC-04,2026-05-06,QX-FRZ-667,162,3.7
DC-04,2026-05-06,QX-CER-668,195,6.8
DC-04,2026-05-06,QX-CHL-675,146,5.1
DC-04,2026-05-06,QX-DRK-677,30,2.1
DC-04,2026-05-06,QX-HHD-679,336,6.2
DC-04,2026-05-06,QX-PRO-683,156,4.1
DC-04,2026-05-06,QX-BAK-687,37,7.3
DC-04,2026-05-06,QX-BWS-691,78,3.4
DC-04,2026-05-06,QX-HBC-699,71,0.8
DC-04,2026-05-06,QX-CHL-703,67,3.5
DC-04,2026-05-06,QX-CER-714,208,2.1
DC-04,2026-05-06,QX-TIN-722,23,5.2
DC-04,2026-05-06,QX-BAK-726,267,9.1
DC-04,2026-05-06,QX-DRY-727,335,6.9
DC-04,2026-05-06,QX-HHD-728,156,2.5
DC-04,2026-05-06,QX-TIN-732,224,1.7
DC-04,2026-05-06,QX-CHL-734,158,1.0
DC-04,2026-05-06,QX-PET-736,275,2.6
DC-04,2026-05-06,QX-HBC-738,121,8.3
DC-04,2026-05-06,QX-BWS-740,317,2.2
DC-04,2026-05-06,QX-CHL-753,67,8.7
DC-04,2026-05-06,QX-CER-757,17,8.5
DC-04,2026-05-06,QX-CER-762,242,6.7
DC-04,2026-05-06,QX-CER-764,168,4.7
DC-04,2026-05-06,QX-HBC-767,14,7.7
DC-04,2026-05-06,QX-BAK-769,286,3.3
DC-04,2026-05-06,QX-FRZ-770,30,0.9
DC-04,2026-05-06,QX-FRZ-772,177,4.1
DC-04,2026-05-06,QX-BAK-777,183,2.5
DC-04,2026-05-06,QX-CER-785,333,7.7
DC-04,2026-05-06,QX-CHL-786,235,5.3
DC-04,2026-05-06,QX-BWS-789,169,3.2
DC-04,2026-05-06,QX-TIN-792,195,1.1
DC-04,2026-05-06,QX-PRO-801,100,1.3
DC-04,2026-05-06,QX-HBC-806,148,8.4
DC-04,2026-05-06,QX-BWS-809,162,7.8
DC-04,2026-05-06,QX-BAK-810,9,8.3
DC-04,2026-05-06,QX-DRK-812,42,1.8
DC-04,2026-05-06,QX-TIN-818,283,3.4
DC-04,2026-05-06,QX-TIN-820,145,0.5
DC-04,2026-05-06,QX-BWS-821,339,8.4
DC-04,2026-05-06,QX-BWS-826,157,4.8
DC-04,2026-05-06,QX-FRZ-829,210,8.0
DC-04,2026-05-06,QX-DRK-834,151,4.6
DC-04,2026-05-06,QX-FRZ-836,177,6.1
DC-04,2026-05-06,QX-BAK-837,312,5.1
DC-04,2026-05-06,QX-HBC-838,223,1.6
DC-04,2026-05-06,QX-TIN-844,213,2.5
DC-04,2026-05-06,QX-FRZ-850,117,2.1
DC-04,2026-05-06,QX-DRK-853,336,9.4
DC-04,2026-05-06,QX-PRO-858,214,8.6
DC-04,2026-05-06,QX-TIN-862,250,8.7
DC-04,2026-05-06,QX-DRY-863,160,4.8
DC-04,2026-05-06,QX-TIN-878,9,3.4
DC-04,2026-05-06,QX-BAK-879,104,4.4
DC-04,2026-05-06,QX-PRO-881,244,2.5
DC-04,2026-05-06,QX-FRZ-885,74,1.5
DC-04,2026-05-06,QX-FRZ-888,74,5.8
DC-04,2026-05-06,QX-BAK-891,66,9.0
DC-04,2026-05-06,QX-CHL-895,254,9.4
DC-04,2026-05-06,QX-BWS-897,67,8.5
DC-04,2026-05-06,QX-DRK-909,0,8.2
DC-04,2026-05-06,QX-DRY-910,20,2.7
DC-04,2026-05-06,QX-HBC-924,79,7.3
DC-04,2026-05-06,QX-FRZ-930,215,2.3
DC-04,2026-05-06,QX-CHL-932,221,3.5
DC-04,2026-05-06,QX-FRZ-933,215,1.1
DC-04,2026-05-06,QX-BWS-944,317,5.0
DC-04,2026-05-06,QX-DRY-945,202,5.0
DC-04,2026-05-06,QX-CER-946,318,3.8
DC-04,2026-05-06,QX-DRY-952,157,6.2
DC-04,2026-05-06,QX-PRO-960,309,7.6
DC-04,2026-05-06,QX-FRZ-962,299,6.5
DC-04,2026-05-06,QX-DRK-963,119,0.5
DC-04,2026-05-06,QX-PRO-964,302,7.5
DC-04,2026-05-06,QX-BWS-966,29,1.0
DC-04,2026-05-06,QX-CHL-976,21,1.7
DC-04,2026-05-06,QX-HBC-979,11,5.1
DC-04,2026-05-06,QX-HHD-987,300,6.9
DC-04,2026-05-06,QX-BAK-001,207,7.8
DC-04,2026-05-06,QX-CER-003,261,2.1
DC-04,2026-05-06,QX-HHD-014,145,5.7
DC-04,2026-05-06,QX-DRY-017,189,2.6
DC-04,2026-05-06,QX-PET-018,50,7.1
DC-04,2026-05-06,QX-FRZ-019,16,7.2
DC-04,2026-05-06,QX-HBC-021,248,5.5
DC-04,2026-05-06,QX-DRY-024,284,9.3
DC-04,2026-05-06,QX-FRZ-029,251,2.3
DC-04,2026-05-06,QX-HHD-033,221,1.7
DC-04,2026-05-06,QX-PET-035,221,1.4
DC-04,2026-05-06,QX-CER-038,264,2.9
DC-04,2026-05-06,QX-BAK-056,114,2.5
DC-04,2026-05-06,QX-BAK-060,25,9.3
DC-04,2026-05-06,QX-HBC-062,79,2.8
DC-04,2026-05-06,QX-FRZ-066,125,5.1
DC-04,2026-05-06,QX-PET-072,104,1.2
DC-04,2026-05-06,QX-HBC-074,207,6.7
DC-04,2026-05-06,QX-HHD-077,26,2.3
DC-04,2026-05-06,QX-PET-078,206,7.3
DC-04,2026-05-06,QX-HBC-084,50,0.6
DC-04,2026-05-06,QX-PET-090,221,2.3
DC-04,2026-05-06,QX-BWS-091,329,4.9
DC-04,2026-05-06,QX-HHD-092,297,2.0
DC-04,2026-05-06,QX-HHD-093,74,1.6
DC-04,2026-05-06,QX-CHL-098,7,7.3
DC-04,2026-05-06,QX-DRK-104,64,9.0
DC-04,2026-05-06,QX-CER-106,95,6.2
DC-04,2026-05-06,QX-BAK-109,292,4.9
DC-04,2026-05-06,QX-BAK-112,231,1.6
DC-04,2026-05-06,QX-CER-115,194,2.3
DC-04,2026-05-06,QX-DRY-119,296,5.4
DC-04,2026-05-06,QX-TIN-124,54,3.0
DC-04,2026-05-06,QX-DRK-125,23,3.4
DC-04,2026-05-06,QX-PRO-130,4,3.4
DC-04,2026-05-06,QX-HBC-132,210,4.9
DC-04,2026-05-06,QX-CER-134,81,3.0
DC-04,2026-05-06,QX-TIN-138,207,0.6
DC-04,2026-05-06,QX-PRO-142,254,3.4
DC-04,2026-05-06,QX-CER-143,202,7.9
DC-04,2026-05-06,QX-BWS-147,175,3.1
DC-04,2026-05-06,QX-PET-150,324,6.6
DC-04,2026-05-06,QX-DRK-152,332,2.6
DC-04,2026-05-06,QX-HBC-160,127,6.0
DC-04,2026-05-06,QX-BWS-163,148,0.6
DC-04,2026-05-06,QX-DRK-164,202,6.2
DC-04,2026-05-06,QX-BAK-172,151,7.0
DC-04,2026-05-06,QX-HHD-173,98,1.0
DC-04,2026-05-06,QX-PET-179,202,2.4
DC-04,2026-05-06,QX-DRK-182,99,1.8
DC-04,2026-05-06,QX-BAK-195,150,7.9
DC-04,2026-05-06,QX-CHL-205,201,9.2
DC-04,2026-05-06,QX-DRY-209,256,5.7
DC-04,2026-05-06,QX-DRY-225,94,3.5
DC-04,2026-05-06,QX-CHL-226,163,5.9
DC-04,2026-05-06,QX-PRO-227,302,7.3
DC-04,2026-05-06,QX-HHD-233,305,7.3
DC-04,2026-05-06,QX-DRK-236,218,7.2
DC-04,2026-05-06,QX-CER-239,101,6.6
DC-04,2026-05-06,QX-PET-245,180,9.2
DC-04,2026-05-06,QX-BAK-250,0,3.0
DC-04,2026-05-06,QX-CER-251,170,0.8
DC-04,2026-05-06,QX-TIN-252,109,5.8
DC-04,2026-05-06,QX-HBC-254,340,2.8
DC-04,2026-05-06,QX-HHD-256,263,6.3
DC-04,2026-05-06,QX-PRO-267,138,6.6
DC-04,2026-05-06,QX-DRY-270,45,2.0
DC-04,2026-05-06,QX-PET-282,339,5.3
DC-04,2026-05-06,QX-DRY-291,146,3.8
DC-04,2026-05-06,QX-BAK-295,46,4.0
DC-04,2026-05-06,QX-PRO-298,18,2.3
DC-04,2026-05-06,QX-BWS-309,64,4.1
DC-04,2026-05-06,QX-BAK-311,181,2.5
DC-04,2026-05-06,QX-DRK-322,29,8.4
DC-04,2026-05-06,QX-BWS-326,182,0.6
DC-04,2026-05-06,QX-TIN-330,153,2.2
DC-04,2026-05-06,QX-CER-333,286,0.8
DC-04,2026-05-06,QX-DRK-335,138,5.8
DC-04,2026-05-06,QX-DRK-343,334,6.0
DC-04,2026-05-06,QX-BWS-347,323,8.5
DC-04,2026-05-06,QX-HBC-348,89,1.7
DC-04,2026-05-06,QX-PET-350,10,6.7
DC-04,2026-05-06,QX-TIN-358,174,1.7
DC-04,2026-05-06,QX-DRK-359,41,2.5
DC-04,2026-05-06,QX-HHD-363,281,2.7
DC-04,2026-05-06,QX-HBC-364,73,1.4
DC-04,2026-05-06,QX-PRO-372,40,6.7
DC-04,2026-05-06,QX-HBC-378,172,6.0
DC-04,2026-05-06,QX-PET-380,80,5.3
DC-04,2026-05-06,QX-PET-389,254,6.3
DC-04,2026-05-06,QX-FRZ-393,193,8.5
DC-04,2026-05-06,QX-BWS-397,189,2.9
DC-04,2026-05-06,QX-TIN-398,192,7.9
DC-04,2026-05-06,QX-HHD-400,23,5.6
DC-04,2026-05-06,QX-TIN-408,131,3.3
DC-04,2026-05-06,QX-HBC-410,326,2.2
DC-04,2026-05-06,QX-HBC-413,337,8.0
DC-04,2026-05-06,QX-TIN-417,72,3.6
DC-04,2026-05-06,QX-HHD-427,104,3.3
DC-04,2026-05-06,QX-CHL-432,236,4.3
DC-04,2026-05-06,QX-BWS-433,129,1.1
DC-04,2026-05-06,QX-FRZ-437,203,1.5
DC-04,2026-05-06,QX-CER-438,47,6.0
DC-04,2026-05-06,QX-TIN-439,182,6.5
DC-04,2026-05-06,QX-CER-440,61,6.4
DC-04,2026-05-06,QX-CHL-441,119,9.3
DC-04,2026-05-06,QX-DRY-443,137,0.9
DC-04,2026-05-06,QX-FRZ-445,334,4.8
DC-04,2026-05-06,QX-FRZ-447,252,4.2
DC-04,2026-05-06,QX-CHL-450,41,3.5
DC-04,2026-05-06,QX-HBC-462,217,8.1
DC-04,2026-05-06,QX-TIN-464,2,4.6
DC-04,2026-05-06,QX-TIN-465,243,3.3
DC-05,2026-05-06,QX-DRK-014,245,1.7
DC-05,2026-05-06,QX-TIN-032,121,7.1
DC-05,2026-05-06,QX-BWS-201,49,4.1
DC-05,2026-05-06,QX-PRO-203,257,1.1
DC-05,2026-05-06,QX-CHL-209,192,9.1
DC-05,2026-05-06,QX-PRO-210,6,7.3
DC-05,2026-05-06,QX-CHL-215,88,8.0
DC-05,2026-05-06,QX-BAK-216,329,1.7
DC-05,2026-05-06,QX-HBC-219,19,5.3
DC-05,2026-05-06,QX-BWS-222,38,0.3
DC-05,2026-05-06,QX-DRY-224,310,8.3
DC-05,2026-05-06,QX-TIN-229,292,1.4
DC-05,2026-05-06,QX-DRK-230,182,6.5
DC-05,2026-05-06,QX-CHL-238,266,2.0
DC-05,2026-05-06,QX-BWS-239,104,5.0
DC-05,2026-05-06,QX-CER-249,326,1.5
DC-05,2026-05-06,QX-FRZ-252,172,8.0
DC-05,2026-05-06,QX-BWS-256,249,8.2
DC-05,2026-05-06,QX-CER-260,59,0.7
DC-05,2026-05-06,QX-TIN-263,228,8.7
DC-05,2026-05-06,QX-TIN-264,107,6.7
DC-05,2026-05-06,QX-CER-268,130,4.6
DC-05,2026-05-06,QX-DRY-272,65,3.0
DC-05,2026-05-06,QX-HBC-276,58,6.9
DC-05,2026-05-06,QX-HBC-279,98,0.3
DC-05,2026-05-06,QX-CHL-280,222,7.4
DC-05,2026-05-06,QX-PRO-284,103,2.6
DC-05,2026-05-06,QX-BAK-292,158,1.3
DC-05,2026-05-06,QX-DRY-302,155,1.0
DC-05,2026-05-06,QX-FRZ-310,52,2.3
DC-05,2026-05-06,QX-HHD-321,139,0.4
DC-05,2026-05-06,QX-HBC-325,41,7.5
DC-05,2026-05-06,QX-BAK-328,36,3.3
DC-05,2026-05-06,QX-CER-329,93,8.1
DC-05,2026-05-06,QX-DRY-332,242,7.5
DC-05,2026-05-06,QX-TIN-338,64,7.9
DC-05,2026-05-06,QX-HHD-339,311,7.3
DC-05,2026-05-06,QX-CER-341,26,5.8
DC-05,2026-05-06,QX-TIN-342,74,6.6
DC-05,2026-05-06,QX-DRY-344,150,6.9
DC-05,2026-05-06,QX-PET-345,175,1.3
DC-05,2026-05-06,QX-CER-346,192,9.4
DC-05,2026-05-06,QX-PET-349,150,7.6
DC-05,2026-05-06,QX-BWS-353,119,1.3
DC-05,2026-05-06,QX-CHL-354,318,1.0
DC-05,2026-05-06,QX-BWS-359,128,4.9
DC-05,2026-05-06,QX-DRK-361,114,1.2
DC-05,2026-05-06,QX-HHD-362,68,0.6
DC-05,2026-05-06,QX-TIN-364,127,6.0
DC-05,2026-05-06,QX-BWS-365,91,1.6
DC-05,2026-05-06,QX-DRY-366,173,8.3
DC-05,2026-05-06,QX-CHL-368,176,1.1
DC-05,2026-05-06,QX-TIN-370,21,7.4
DC-05,2026-05-06,QX-CER-372,329,6.6
DC-05,2026-05-06,QX-BWS-376,163,8.2
DC-05,2026-05-06,QX-CHL-377,86,4.8
DC-05,2026-05-06,QX-BAK-379,313,0.3
DC-05,2026-05-06,QX-FRZ-382,36,3.3
DC-05,2026-05-06,QX-BWS-384,152,8.4
DC-05,2026-05-06,QX-HHD-385,284,7.1
DC-05,2026-05-06,QX-FRZ-386,284,6.4
DC-05,2026-05-06,QX-HHD-387,279,7.4
DC-05,2026-05-06,QX-HHD-388,127,4.6
DC-05,2026-05-06,QX-CHL-392,1,9.5
DC-05,2026-05-06,QX-DRK-393,150,6.7
DC-05,2026-05-06,QX-CER-394,313,1.1
DC-05,2026-05-06,QX-BWS-395,10,2.7
DC-05,2026-05-06,QX-PRO-402,112,8.8
DC-05,2026-05-06,QX-DRY-414,195,5.5
DC-05,2026-05-06,QX-DRY-419,260,8.0
DC-05,2026-05-06,QX-PRO-421,74,4.4
DC-05,2026-05-06,QX-PRO-425,129,8.3
DC-05,2026-05-06,QX-PRO-427,147,9.4
DC-05,2026-05-06,QX-TIN-429,223,1.1
DC-05,2026-05-06,QX-BAK-430,294,1.2
DC-05,2026-05-06,QX-FRZ-435,41,2.9
DC-05,2026-05-06,QX-CER-437,324,6.5
DC-05,2026-05-06,QX-BAK-440,105,5.1
DC-05,2026-05-06,QX-HBC-442,242,1.8
DC-05,2026-05-06,QX-FRZ-444,265,4.8
DC-05,2026-05-06,QX-PET-447,189,6.7
DC-05,2026-05-06,QX-HBC-452,170,4.4
DC-05,2026-05-06,QX-PET-453,41,3.1
DC-05,2026-05-06,QX-PET-456,231,3.2
DC-05,2026-05-06,QX-CER-467,26,1.2
DC-05,2026-05-06,QX-FRZ-468,22,1.0
DC-05,2026-05-06,QX-DRY-469,186,5.3
DC-05,2026-05-06,QX-DRY-482,12,6.9
DC-05,2026-05-06,QX-BAK-487,117,8.8
DC-05,2026-05-06,QX-BWS-489,320,6.3
DC-05,2026-05-06,QX-DRY-492,114,3.1
DC-05,2026-05-06,QX-CHL-493,219,3.1
DC-05,2026-05-06,QX-HBC-494,39,8.4
DC-05,2026-05-06,QX-HHD-501,21,6.1
DC-05,2026-05-06,QX-DRY-502,161,9.3
DC-05,2026-05-06,QX-BAK-505,235,0.9
DC-05,2026-05-06,QX-DRK-506,109,4.6
DC-05,2026-05-06,QX-PET-508,321,6.8
DC-05,2026-05-06,QX-HHD-509,181,0.4
DC-05,2026-05-06,QX-CER-511,130,7.4
DC-05,2026-05-06,QX-CER-515,30,1.2
DC-05,2026-05-06,QX-FRZ-516,243,2.6
DC-05,2026-05-06,QX-PET-522,35,4.8
DC-05,2026-05-06,QX-PRO-524,104,8.6
DC-05,2026-05-06,QX-PRO-532,338,2.4
DC-05,2026-05-06,QX-BWS-536,116,5.6
DC-05,2026-05-06,QX-DRK-537,44,4.2
DC-05,2026-05-06,QX-FRZ-538,265,2.5
DC-05,2026-05-06,QX-CER-545,93,4.5
DC-05,2026-05-06,QX-FRZ-547,174,6.7
DC-05,2026-05-06,QX-TIN-549,131,2.8
DC-05,2026-05-06,QX-BWS-550,269,6.0
DC-05,2026-05-06,QX-BAK-552,339,5.3
DC-05,2026-05-06,QX-CHL-555,137,2.5
DC-05,2026-05-06,QX-FRZ-556,337,1.1
DC-05,2026-05-06,QX-TIN-558,54,7.2
DC-05,2026-05-06,QX-FRZ-562,270,6.2
DC-05,2026-05-06,QX-HHD-569,72,5.7
DC-05,2026-05-06,QX-CER-570,102,4.2
DC-05,2026-05-06,QX-DRY-574,15,6.7
DC-05,2026-05-06,QX-HHD-581,282,7.4
DC-05,2026-05-06,QX-BAK-585,167,7.9
DC-05,2026-05-06,QX-BAK-587,338,8.1
DC-05,2026-05-06,QX-HHD-600,61,6.1
DC-05,2026-05-06,QX-DRY-603,277,3.4
DC-05,2026-05-06,QX-CER-604,248,2.2
DC-05,2026-05-06,QX-PRO-612,170,1.5
DC-05,2026-05-06,QX-PET-615,264,0.4
DC-05,2026-05-06,QX-BWS-619,8,4.2
DC-05,2026-05-06,QX-BWS-620,299,6.2
DC-05,2026-05-06,QX-CER-621,276,1.6
DC-05,2026-05-06,QX-PRO-625,250,8.2
DC-05,2026-05-06,QX-DRY-629,270,7.8
DC-05,2026-05-06,QX-CHL-631,266,8.7
DC-05,2026-05-06,QX-BWS-632,63,0.3
DC-05,2026-05-06,QX-PRO-637,201,4.6
DC-05,2026-05-06,QX-TIN-640,108,9.2
DC-05,2026-05-06,QX-TIN-642,71,3.2
DC-05,2026-05-06,QX-TIN-644,178,1.8
DC-05,2026-05-06,QX-PRO-645,92,4.1
DC-05,2026-05-06,QX-DRY-647,245,4.8
DC-05,2026-05-06,QX-PRO-653,259,8.1
DC-05,2026-05-06,QX-FRZ-655,241,2.4
DC-05,2026-05-06,QX-BAK-659,136,2.3
DC-05,2026-05-06,QX-HHD-660,288,4.7
DC-05,2026-05-06,QX-CHL-662,5,6.6
DC-05,2026-05-06,QX-TIN-664,297,4.5
DC-05,2026-05-06,QX-BAK-667,333,0.2
DC-05,2026-05-06,QX-CHL-670,182,8.1
DC-05,2026-05-06,QX-PRO-672,228,4.8
DC-05,2026-05-06,QX-BAK-675,290,3.7
DC-05,2026-05-06,QX-HBC-676,46,4.0
DC-05,2026-05-06,QX-DRK-683,242,5.5
DC-05,2026-05-06,QX-TIN-687,4,3.0
DC-05,2026-05-06,QX-TIN-691,205,8.1
DC-05,2026-05-06,QX-CHL-692,73,7.7
DC-05,2026-05-06,QX-BAK-696,229,8.1
DC-05,2026-05-06,QX-FRZ-702,182,7.6
DC-05,2026-05-06,QX-DRK-705,102,6.4
DC-05,2026-05-06,QX-HHD-707,257,8.9
DC-05,2026-05-06,QX-DRK-709,67,9.1
DC-05,2026-05-06,QX-HHD-710,153,4.5
DC-05,2026-05-06,QX-PRO-714,152,4.7
DC-05,2026-05-06,QX-CHL-716,28,8.4
DC-05,2026-05-06,QX-FRZ-717,300,8.9
DC-05,2026-05-06,QX-BWS-721,154,2.6
DC-05,2026-05-06,QX-HBC-725,170,1.9
DC-05,2026-05-06,QX-FRZ-727,25,1.5
DC-05,2026-05-06,QX-HHD-729,57,2.1
DC-05,2026-05-06,QX-BAK-732,171,5.1
DC-05,2026-05-06,QX-HBC-733,303,2.5
DC-05,2026-05-06,QX-PRO-735,188,2.2
DC-05,2026-05-06,QX-FRZ-738,288,4.7
DC-05,2026-05-06,QX-CHL-739,213,6.0
DC-05,2026-05-06,QX-PRO-744,44,4.8
DC-05,2026-05-06,QX-BAK-745,166,8.3
DC-05,2026-05-06,QX-BWS-747,46,9.0
DC-05,2026-05-06,QX-FRZ-749,53,5.1
DC-05,2026-05-06,QX-DRY-751,200,9.4
DC-05,2026-05-06,QX-DRK-755,188,2.0
DC-05,2026-05-06,QX-CHL-756,13,8.5
DC-05,2026-05-06,QX-TIN-761,77,0.8
DC-05,2026-05-06,QX-FRZ-764,41,5.2
DC-05,2026-05-06,QX-BWS-771,160,5.5
DC-05,2026-05-06,QX-CHL-777,234,5.3
DC-05,2026-05-06,QX-DRY-781,38,8.0
DC-05,2026-05-06,QX-CER-784,84,4.1
DC-05,2026-05-06,QX-HBC-786,252,6.2
DC-05,2026-05-06,QX-FRZ-792,280,3.1
DC-05,2026-05-06,QX-DRK-794,165,0.9
DC-05,2026-05-06,QX-DRK-797,54,0.2
DC-05,2026-05-06,QX-FRZ-806,61,8.3
DC-05,2026-05-06,QX-DRK-807,180,7.9
DC-05,2026-05-06,QX-FRZ-809,0,8.2
DC-05,2026-05-06,QX-HHD-826,168,3.8
DC-05,2026-05-06,QX-BWS-829,8,3.3
DC-05,2026-05-06,QX-BWS-835,234,8.4
DC-05,2026-05-06,QX-DRY-836,41,3.0
DC-05,2026-05-06,QX-PRO-838,130,2.6
DC-05,2026-05-06,QX-BAK-844,154,9.1
DC-05,2026-05-06,QX-PRO-847,313,4.5
DC-05,2026-05-06,QX-HHD-852,181,5.5
DC-05,2026-05-06,QX-TIN-854,78,1.5
DC-05,2026-05-06,QX-HHD-860,242,8.5
DC-05,2026-05-06,QX-CHL-861,152,5.1
DC-05,2026-05-06,QX-PRO-863,208,8.4
DC-05,2026-05-06,QX-BWS-872,136,3.1
DC-05,2026-05-06,QX-BWS-875,101,9.3
DC-05,2026-05-06,QX-PET-878,53,3.8
DC-05,2026-05-06,QX-CHL-880,84,1.3
DC-05,2026-05-06,QX-CHL-890,37,7.7
DC-05,2026-05-06,QX-PRO-892,112,8.1
DC-05,2026-05-06,QX-CHL-899,266,7.7
DC-05,2026-05-06,QX-BAK-905,29,6.9
DC-05,2026-05-06,QX-BWS-921,255,8.1
DC-05,2026-05-06,QX-CER-926,207,1.5
DC-05,2026-05-06,QX-TIN-928,108,7.6
DC-05,2026-05-06,QX-FRZ-931,168,3.6
DC-05,2026-05-06,QX-BAK-932,96,8.2
DC-05,2026-05-06,QX-BWS-938,85,1.7
DC-05,2026-05-06,QX-TIN-948,63,8.8
DC-05,2026-05-06,QX-HBC-952,295,6.5
DC-05,2026-05-06,QX-TIN-954,227,1.6
DC-05,2026-05-06,QX-BAK-957,290,5.3
DC-05,2026-05-06,QX-BAK-958,30,8.2
DC-05,2026-05-06,QX-PET-960,323,2.0
DC-05,2026-05-06,QX-FRZ-961,177,5.6
DC-05,2026-05-06,QX-PET-962,276,3.2
DC-05,2026-05-06,QX-CHL-964,111,0.9
DC-05,2026-05-06,QX-BAK-968,220,2.5
DC-05,2026-05-06,QX-PET-970,309,0.6
DC-05,2026-05-06,QX-TIN-973,102,2.8
DC-05,2026-05-06,QX-TIN-975,102,6.6
DC-05,2026-05-06,QX-FRZ-977,252,5.7
DC-05,2026-05-06,QX-BWS-980,295,9.1
DC-05,2026-05-06,QX-HBC-985,216,7.6
DC-05,2026-05-06,QX-HHD-986,176,9.3
DC-05,2026-05-06,QX-CHL-988,15,1.2
DC-05,2026-05-06,QX-CER-990,53,5.2
DC-05,2026-05-06,QX-CHL-997,286,3.6
DC-05,2026-05-06,QX-DRK-998,228,4.2
DC-05,2026-05-06,QX-BWS-001,331,6.7
DC-05,2026-05-06,QX-HBC-002,249,3.7
DC-05,2026-05-06,QX-BAK-008,222,1.0
DC-05,2026-05-06,QX-BWS-015,1,2.1
DC-05,2026-05-06,QX-CER-024,278,4.6
DC-05,2026-05-06,QX-DRY-025,225,0.5
DC-05,2026-05-06,QX-PRO-026,98,2.3
DC-05,2026-05-06,QX-CER-032,184,1.9
DC-05,2026-05-06,QX-CHL-033,20,2.2
DC-05,2026-05-06,QX-TIN-035,104,6.3
DC-05,2026-05-06,QX-BWS-037,113,5.2
DC-05,2026-05-06,QX-CER-043,197,7.9
DC-05,2026-05-06,QX-TIN-044,172,5.0
DC-05,2026-05-06,QX-DRY-056,334,7.4
DC-05,2026-05-06,QX-PRO-060,289,2.7
DC-05,2026-05-06,QX-PET-065,51,1.0
DC-05,2026-05-06,QX-CHL-066,85,1.6
DC-05,2026-05-06,QX-TIN-067,328,5.8
DC-05,2026-05-06,QX-TIN-074,102,6.0
DC-05,2026-05-06,QX-DRY-079,292,1.5
DC-05,2026-05-06,QX-FRZ-080,26,8.1
DC-05,2026-05-06,QX-DRY-081,207,5.6
DC-05,2026-05-06,QX-DRY-084,178,8.6
DC-05,2026-05-06,QX-DRY-091,147,3.3
DC-05,2026-05-06,QX-DRK-092,146,7.5
DC-05,2026-05-06,QX-HBC-100,277,5.6
DC-05,2026-05-06,QX-CHL-101,92,6.8
DC-05,2026-05-06,QX-PET-104,285,9.4
DC-05,2026-05-06,QX-TIN-105,29,3.0
DC-05,2026-05-06,QX-HBC-111,227,6.2
DC-05,2026-05-06,QX-TIN-112,239,2.9
DC-05,2026-05-06,QX-CER-118,160,6.5
DC-05,2026-05-06,QX-HBC-121,83,1.1
DC-05,2026-05-06,QX-HHD-123,40,9.3
DC-05,2026-05-06,QX-BAK-124,219,8.4
DC-05,2026-05-06,QX-BAK-129,335,8.2
DC-05,2026-05-06,QX-HHD-131,334,1.2
DC-05,2026-05-06,QX-BAK-134,24,0.7
DC-05,2026-05-06,QX-HHD-135,321,5.8
DC-05,2026-05-06,QX-HHD-139,73,4.3
DC-05,2026-05-06,QX-CER-144,30,1.1
DC-05,2026-05-06,QX-PRO-150,249,1.8
DC-05,2026-05-06,QX-HHD-152,120,8.5
DC-05,2026-05-06,QX-PRO-153,211,6.0
DC-05,2026-05-06,QX-HBC-166,72,9.0
DC-05,2026-05-06,QX-BAK-167,155,1.6
DC-05,2026-05-06,QX-PRO-170,144,3.2
DC-05,2026-05-06,QX-DRY-173,71,2.8
DC-05,2026-05-06,QX-PRO-176,162,2.9
DC-05,2026-05-06,QX-BAK-181,95,3.6
DC-05,2026-05-06,QX-PRO-185,42,0.4
DC-05,2026-05-06,QX-TIN-193,137,3.0
DC-05,2026-05-06,QX-BWS-198,54,3.2
DC-05,2026-05-06,QX-HBC-199,91,6.6
DC-05,2026-05-06,QX-PET-202,333,8.1
DC-05,2026-05-06,QX-TIN-204,261,3.9
DC-05,2026-05-06,QX-PRO-206,157,4.2
DC-05,2026-05-06,QX-TIN-211,292,5.3
DC-05,2026-05-06,QX-TIN-227,321,0.8
DC-05,2026-05-06,QX-BWS-229,162,9.2
DC-05,2026-05-06,QX-DRY-230,144,8.4
DC-05,2026-05-06,QX-CER-231,26,1.5
DC-05,2026-05-06,QX-FRZ-233,96,9.1
DC-05,2026-05-06,QX-BAK-235,154,8.0
DC-05,2026-05-06,QX-TIN-244,105,2.0
DC-05,2026-05-06,QX-CHL-251,129,2.4
DC-05,2026-05-06,QX-HHD-257,280,5.5
DC-05,2026-05-06,QX-BWS-260,102,8.6
DC-05,2026-05-06,QX-DRY-266,43,2.8
DC-05,2026-05-06,QX-TIN-267,173,8.8
DC-05,2026-05-06,QX-CHL-269,186,2.6
DC-05,2026-05-06,QX-TIN-272,280,8.3
DC-05,2026-05-06,QX-PET-276,293,1.3
DC-05,2026-05-06,QX-DRK-281,108,2.9
DC-05,2026-05-06,QX-TIN-288,242,2.8
DC-05,2026-05-06,QX-CHL-295,81,1.5
DC-05,2026-05-06,QX-HBC-298,74,6.9
DC-05,2026-05-06,QX-BAK-299,311,4.7
DC-05,2026-05-06,QX-CER-303,15,6.0
DC-05,2026-05-06,QX-HBC-304,178,1.0
DC-05,2026-05-06,QX-BWS-305,264,0.9
DC-05,2026-05-06,QX-CHL-313,253,8.0
DC-05,2026-05-06,QX-HHD-316,179,3.0
DC-05,2026-05-06,QX-HBC-321,177,8.4
DC-05,2026-05-06,QX-DRY-324,243,7.9
DC-05,2026-05-06,QX-TIN-328,68,8.4
DC-05,2026-05-06,QX-BWS-329,269,4.1
DC-05,2026-05-06,QX-DRY-333,3,3.1
DC-05,2026-05-06,QX-DRK-336,270,3.9
DC-05,2026-05-06,QX-HHD-338,32,7.7
DC-05,2026-05-06,QX-TIN-339,275,5.2
DC-05,2026-05-06,QX-CER-343,37,3.6
DC-05,2026-05-06,QX-HBC-356,298,1.5
DC-05,2026-05-06,QX-CER-359,31,4.8
DC-05,2026-05-06,QX-DRY-360,6,8.8
DC-05,2026-05-06,QX-DRK-362,292,1.9
DC-05,2026-05-06,QX-DRK-363,144,4.1
DC-05,2026-05-06,QX-PET-373,151,8.8
DC-05,2026-05-06,QX-BAK-376,167,5.2
DC-05,2026-05-06,QX-CER-378,322,1.4
DC-05,2026-05-06,QX-DRK-387,70,0.3
DC-05,2026-05-06,QX-DRK-391,295,6.6
DC-05,2026-05-06,QX-PET-396,314,3.5
DC-05,2026-05-06,QX-PRO-397,140,1.2
DC-05,2026-05-06,QX-CER-398,42,7.5
DC-05,2026-05-06,QX-DRY-404,143,3.0
DC-05,2026-05-06,QX-DRY-407,108,9.3
DC-05,2026-05-06,QX-CHL-410,215,1.0
DC-05,2026-05-06,QX-BWS-412,32,3.5
DC-05,2026-05-06,QX-FRZ-413,228,3.7
DC-05,2026-05-06,QX-PET-416,178,5.0
DC-05,2026-05-06,QX-PET-417,34,9.1
DC-05,2026-05-06,QX-HHD-418,15,2.3
DC-05,2026-05-06,QX-BAK-419,256,4.4
DC-05,2026-05-06,QX-FRZ-421,233,0.5
DC-05,2026-05-06,QX-PRO-423,326,8.6
DC-05,2026-05-06,QX-FRZ-430,7,4.3
DC-05,2026-05-06,QX-PRO-434,163,1.7
DC-05,2026-05-06,QX-FRZ-436,45,4.8
DC-05,2026-05-06,QX-FRZ-439,294,2.1
DC-05,2026-05-06,QX-HHD-444,308,5.3
DC-05,2026-05-06,QX-BWS-451,67,3.5
DC-05,2026-05-06,QX-PRO-453,149,2.5
DC-05,2026-05-06,QX-PET-455,220,7.8
DC-05,2026-05-06,QX-DRY-457,60,1.2
DC-05,2026-05-06,QX-PET-462,98,5.1
DC-05,2026-05-06,QX-BAK-464,200,5.6
DC-05,2026-05-06,QX-TIN-480,187,0.3
DC-05,2026-05-06,QX-DRK-484,292,7.8
DC-05,2026-05-06,QX-TIN-487,92,4.1
DC-05,2026-05-06,QX-BAK-488,295,7.0
DC-05,2026-05-06,QX-HBC-499,102,6.4
DC-05,2026-05-06,QX-DRK-503,208,8.6
DC-05,2026-05-06,QX-PET-505,96,7.4
DC-05,2026-05-06,QX-PET-507,54,4.2
DC-05,2026-05-06,QX-TIN-510,292,6.3
DC-05,2026-05-06,QX-BWS-519,50,2.7
DC-05,2026-05-06,QX-HHD-522,247,8.2
DC-05,2026-05-06,QX-BAK-526,177,2.7
DC-05,2026-05-06,QX-PET-531,14,2.3
DC-05,2026-05-06,QX-TIN-533,47,3.1
DC-05,2026-05-06,QX-CER-537,125,1.7
DC-05,2026-05-06,QX-PRO-546,62,4.1
DC-05,2026-05-06,QX-PRO-548,204,3.9
DC-05,2026-05-06,QX-HBC-553,8,1.8
DC-05,2026-05-06,QX-PRO-562,27,5.8
DC-05,2026-05-06,QX-HBC-563,307,9.4
DC-05,2026-05-06,QX-CER-564,257,0.6
DC-05,2026-05-06,QX-TIN-567,2,6.5
DC-05,2026-05-06,QX-CER-568,266,5.2
DC-05,2026-05-06,QX-BWS-572,7,3.0
DC-05,2026-05-06,QX-HBC-574,44,5.8
DC-05,2026-05-06,QX-HHD-580,237,2.5
DC-05,2026-05-06,QX-CHL-581,189,1.9
DC-05,2026-05-06,QX-DRK-582,156,7.8
DC-05,2026-05-06,QX-DRY-588,222,3.3
DC-05,2026-05-06,QX-PET-595,124,2.3
DC-05,2026-05-06,QX-HHD-596,22,0.4
DC-05,2026-05-06,QX-CER-597,90,0.6
DC-05,2026-05-06,QX-CER-599,83,0.8
DC-05,2026-05-06,QX-BAK-607,286,0.6
DC-05,2026-05-06,QX-HBC-609,142,2.6
DC-05,2026-05-06,QX-DRK-611,227,0.6
DC-05,2026-05-06,QX-CER-612,51,5.6
DC-05,2026-05-06,QX-FRZ-614,221,5.7
DC-05,2026-05-06,QX-CHL-615,125,4.3
DC-05,2026-05-06,QX-BAK-619,254,8.0
DC-05,2026-05-06,QX-FRZ-621,145,0.4
DC-05,2026-05-06,QX-CHL-623,235,6.5
DC-05,2026-05-06,QX-DRY-624,309,7.2
DC-05,2026-05-06,QX-FRZ-628,122,7.4
DC-05,2026-05-06,QX-TIN-636,137,5.1
DC-05,2026-05-06,QX-DRK-645,151,0.7
DC-05,2026-05-06,QX-DRY-646,277,6.2
DC-05,2026-05-06,QX-DRK-651,234,2.3
DC-05,2026-05-06,QX-TIN-656,181,3.4
DC-05,2026-05-06,QX-CER-657,318,3.4
DC-05,2026-05-06,QX-FRZ-667,337,3.7
DC-05,2026-05-06,QX-DRK-669,203,0.7
DC-05,2026-05-06,QX-BWS-671,336,3.7
DC-05,2026-05-06,QX-FRZ-678,204,7.4
DC-05,2026-05-06,QX-HHD-679,52,4.8
DC-05,2026-05-06,QX-PRO-683,177,3.2
DC-05,2026-05-06,QX-PET-685,69,6.4
DC-05,2026-05-06,QX-PET-690,290,5.0
DC-05,2026-05-06,QX-CER-698,286,4.2
DC-05,2026-05-06,QX-PET-702,66,7.0
DC-05,2026-05-06,QX-BWS-711,16,6.2
DC-05,2026-05-06,QX-TIN-715,3,6.5
DC-05,2026-05-06,QX-DRY-724,165,2.3
DC-05,2026-05-06,QX-BAK-726,252,2.0
DC-05,2026-05-06,QX-DRY-727,13,7.8
DC-05,2026-05-06,QX-HHD-728,221,1.6
DC-05,2026-05-06,QX-PET-729,260,4.0
DC-05,2026-05-06,QX-TIN-732,219,8.4
DC-05,2026-05-06,QX-FRZ-735,136,4.8
DC-05,2026-05-06,QX-PET-736,225,6.5
DC-05,2026-05-06,QX-BAK-737,119,4.9
DC-05,2026-05-06,QX-DRK-743,34,9.0
DC-05,2026-05-06,QX-DRY-749,227,3.8
DC-05,2026-05-06,QX-PET-750,278,7.5
DC-05,2026-05-06,QX-CHL-753,291,0.6
DC-05,2026-05-06,QX-CER-756,148,0.9
DC-05,2026-05-06,QX-DRY-759,40,1.3
DC-05,2026-05-06,QX-CER-762,220,4.6
DC-05,2026-05-06,QX-HBC-767,230,5.4
DC-05,2026-05-06,QX-BAK-774,211,4.6
DC-05,2026-05-06,QX-BAK-777,38,3.5
DC-05,2026-05-06,QX-BWS-779,202,4.4
DC-05,2026-05-06,QX-PRO-800,229,7.6
DC-05,2026-05-06,QX-HBC-811,188,2.8
DC-05,2026-05-06,QX-DRK-812,4,3.1
DC-05,2026-05-06,QX-DRY-819,331,4.6
DC-05,2026-05-06,QX-CHL-823,244,5.7
DC-05,2026-05-06,QX-BWS-826,104,7.1
DC-05,2026-05-06,QX-FRZ-836,121,4.6
DC-05,2026-05-06,QX-FRZ-847,31,9.3
DC-05,2026-05-06,QX-DRY-849,131,0.7
DC-05,2026-05-06,QX-HBC-854,289,5.8
DC-05,2026-05-06,QX-PET-869,299,7.7
DC-05,2026-05-06,QX-BAK-873,142,3.0
DC-05,2026-05-06,QX-TIN-878,199,2.2
DC-05,2026-05-06,QX-PET-884,77,7.8
DC-05,2026-05-06,QX-BWS-897,83,2.0
DC-05,2026-05-06,QX-HHD-898,223,4.1
DC-05,2026-05-06,QX-CER-899,120,5.9
DC-05,2026-05-06,QX-FRZ-901,16,5.8
DC-05,2026-05-06,QX-CER-903,92,6.9
DC-05,2026-05-06,QX-DRK-909,313,8.7
DC-05,2026-05-06,QX-TIN-914,141,0.9
DC-05,2026-05-06,QX-TIN-918,9,2.1
DC-05,2026-05-06,QX-HBC-920,202,9.3
DC-05,2026-05-06,QX-DRK-922,21,6.5
DC-05,2026-05-06,QX-PRO-923,70,4.3
DC-05,2026-05-06,QX-HBC-928,136,2.0
DC-05,2026-05-06,QX-FRZ-930,195,6.5
DC-05,2026-05-06,QX-PET-931,234,1.7
DC-05,2026-05-06,QX-CHL-935,289,6.0
DC-05,2026-05-06,QX-HBC-937,164,5.8
DC-05,2026-05-06,QX-FRZ-941,24,7.0
DC-05,2026-05-06,QX-CHL-943,74,8.1
DC-05,2026-05-06,QX-BWS-944,114,6.7
DC-05,2026-05-06,QX-CER-946,30,6.6
DC-05,2026-05-06,QX-PRO-949,95,1.3
DC-05,2026-05-06,QX-DRY-952,233,7.1
DC-05,2026-05-06,QX-CER-954,320,2.1
DC-05,2026-05-06,QX-PET-958,152,9.2
DC-05,2026-05-06,QX-DRY-984,322,3.5
DC-05,2026-05-06,QX-DRK-985,215,3.3
DC-05,2026-05-06,QX-HHD-988,138,7.2
DC-05,2026-05-06,QX-CHL-989,223,0.7
DC-05,2026-05-06,QX-BWS-991,148,3.3
DC-05,2026-05-06,QX-DRY-996,46,6.1
DC-05,2026-05-06,QX-PRO-999,40,4.3
DC-05,2026-05-06,QX-BAK-000,297,8.6
DC-05,2026-05-06,QX-CHL-012,250,3.3
DC-05,2026-05-06,QX-DRY-016,162,5.2
DC-05,2026-05-06,QX-DRY-017,11,5.8
DC-05,2026-05-06,QX-TIN-027,19,6.1
DC-05,2026-05-06,QX-HHD-033,298,9.0
DC-05,2026-05-06,QX-PET-035,333,5.5
DC-05,2026-05-06,QX-DRY-042,124,6.6
DC-05,2026-05-06,QX-PET-045,191,4.6
DC-05,2026-05-06,QX-DRY-046,261,4.2
DC-05,2026-05-06,QX-CER-052,81,3.0
DC-05,2026-05-06,QX-DRY-054,316,8.9
DC-05,2026-05-06,QX-BWS-057,191,3.5
DC-05,2026-05-06,QX-DRY-058,184,5.6
DC-05,2026-05-06,QX-HBC-062,63,5.4
DC-05,2026-05-06,QX-PRO-065,291,3.4
DC-05,2026-05-06,QX-FRZ-067,279,4.3
DC-05,2026-05-06,QX-TIN-083,338,1.5
DC-05,2026-05-06,QX-HHD-086,117,7.1
DC-05,2026-05-06,QX-PET-090,305,8.4
DC-05,2026-05-06,QX-HHD-092,122,8.2
DC-05,2026-05-06,QX-BWS-094,118,7.4
DC-05,2026-05-06,QX-FRZ-095,234,2.9
DC-05,2026-05-06,QX-CER-106,143,7.0
DC-05,2026-05-06,QX-HBC-114,322,5.0
DC-05,2026-05-06,QX-DRY-116,43,5.6
DC-05,2026-05-06,QX-TIN-117,77,6.5
DC-05,2026-05-06,QX-CHL-123,53,1.6
DC-05,2026-05-06,QX-TIN-124,81,5.7
DC-05,2026-05-06,QX-DRY-129,92,2.1
DC-05,2026-05-06,QX-FRZ-133,206,2.2
DC-05,2026-05-06,QX-CER-134,209,3.2
DC-05,2026-05-06,QX-BAK-139,318,4.7
DC-05,2026-05-06,QX-BWS-147,299,0.4
DC-05,2026-05-06,QX-PRO-162,226,6.5
DC-05,2026-05-06,QX-BWS-163,175,6.9
DC-05,2026-05-06,QX-TIN-165,32,2.9
DC-05,2026-05-06,QX-DRY-166,33,5.2
DC-05,2026-05-06,QX-DRK-177,207,4.4
DC-05,2026-05-06,QX-HBC-188,223,6.5
DC-05,2026-05-06,QX-DRY-189,186,6.6
DC-05,2026-05-06,QX-DRK-190,278,2.0
DC-05,2026-05-06,QX-HHD-193,270,3.8
DC-05,2026-05-06,QX-CER-201,221,6.2
DC-05,2026-05-06,QX-CHL-203,276,8.3
DC-05,2026-05-06,QX-BAK-204,220,6.7
DC-05,2026-05-06,QX-HHD-207,112,9.1
DC-05,2026-05-06,QX-DRY-209,338,4.2
DC-05,2026-05-06,QX-CER-212,267,4.9
DC-05,2026-05-06,QX-HHD-217,320,5.9
DC-05,2026-05-06,QX-DRY-218,238,5.0
DC-05,2026-05-06,QX-DRK-223,331,0.6
DC-05,2026-05-06,QX-HBC-224,219,1.5
DC-05,2026-05-06,QX-HHD-233,249,6.8
DC-05,2026-05-06,QX-TIN-235,79,2.2
DC-05,2026-05-06,QX-BWS-237,17,5.8
DC-05,2026-05-06,QX-HBC-240,199,2.9
DC-05,2026-05-06,QX-DRK-243,138,0.6
DC-05,2026-05-06,QX-CHL-261,335,7.2
DC-05,2026-05-06,QX-PRO-269,155,2.0
DC-05,2026-05-06,QX-HHD-273,121,6.4
DC-05,2026-05-06,QX-PRO-274,168,9.4
DC-05,2026-05-06,QX-BAK-278,28,0.4
DC-05,2026-05-06,QX-DRK-294,238,3.0
DC-05,2026-05-06,QX-CER-297,31,7.5
DC-05,2026-05-06,QX-PRO-299,335,7.8
DC-05,2026-05-06,QX-CER-300,295,0.9
DC-05,2026-05-06,QX-CHL-306,81,4.9
DC-05,2026-05-06,QX-CER-310,14,4.3
DC-05,2026-05-06,QX-BAK-311,97,2.0
DC-05,2026-05-06,QX-HHD-313,145,6.9
DC-05,2026-05-06,QX-FRZ-321,79,9.0
DC-05,2026-05-06,QX-BWS-334,263,3.5
DC-05,2026-05-06,QX-CHL-341,177,0.6
DC-05,2026-05-06,QX-DRK-343,294,2.1
DC-05,2026-05-06,QX-BAK-344,142,4.5
DC-05,2026-05-06,QX-TIN-345,269,2.9
DC-05,2026-05-06,QX-HBC-348,56,6.6
DC-05,2026-05-06,QX-BAK-354,216,3.8
DC-05,2026-05-06,QX-HHD-363,245,4.8
DC-05,2026-05-06,QX-BAK-368,273,3.9
DC-05,2026-05-06,QX-BWS-373,111,2.7
DC-05,2026-05-06,QX-DRK-374,128,3.6
DC-05,2026-05-06,QX-DRK-376,185,8.9
DC-05,2026-05-06,QX-DRY-379,244,0.6
DC-05,2026-05-06,QX-PET-380,89,6.1
DC-05,2026-05-06,QX-CHL-382,211,3.4
DC-05,2026-05-06,QX-FRZ-393,313,5.6
DC-05,2026-05-06,QX-TIN-398,287,7.6
DC-05,2026-05-06,QX-HHD-405,226,0.8
DC-05,2026-05-06,QX-TIN-408,216,2.4
DC-05,2026-05-06,QX-DRY-409,150,6.6
DC-05,2026-05-06,QX-CER-414,321,3.2
DC-05,2026-05-06,QX-FRZ-418,183,3.8
DC-05,2026-05-06,QX-BAK-422,254,1.4
DC-05,2026-05-06,QX-FRZ-426,304,3.8
DC-05,2026-05-06,QX-CER-438,278,2.6
DC-05,2026-05-06,QX-TIN-439,208,3.7
DC-05,2026-05-06,QX-DRY-444,312,8.5
DC-05,2026-05-06,QX-FRZ-445,61,2.5
DC-05,2026-05-06,QX-PET-452,216,0.9
DC-05,2026-05-06,QX-HHD-455,129,1.4
DC-05,2026-05-06,QX-DRY-459,327,3.9
DC-05,2026-05-06,QX-FRZ-463,155,2.4
DC-05,2026-05-06,QX-TIN-464,76,4.1
