branch_id,snapshot_date,sku,closing_stock_units
B-17,2026-05-06,QX-CER-001,7
B-17,2026-05-06,QX-CER-002,22
B-17,2026-05-06,QX-DRK-014,57
B-17,2026-05-06,QX-DRK-021,178
B-17,2026-05-06,QX-TIN-032,140
B-17,2026-05-06,QX-TIN-045,236
B-17,2026-05-06,QX-DRY-184,31
B-17,2026-05-06,QX-CHL-007,83
B-17,2026-05-06,QX-FRZ-112,170
B-17,2026-05-06,QX-CHL-200,205
B-17,2026-05-06,QX-DRY-201,180
B-17,2026-05-06,QX-BAK-202,35
B-17,2026-05-06,QX-TIN-203,174
B-17,2026-05-06,QX-BWS-204,85
B-17,2026-05-06,QX-BAK-205,37
B-17,2026-05-06,QX-PET-206,187
B-17,2026-05-06,QX-CER-207,40
B-17,2026-05-06,QX-CER-208,21
B-17,2026-05-06,QX-BWS-209,30
B-17,2026-05-06,QX-PRO-210,130
B-17,2026-05-06,QX-FRZ-211,133
B-17,2026-05-06,QX-PET-212,22
B-17,2026-05-06,QX-PRO-213,114
B-17,2026-05-06,QX-FRZ-214,169
B-17,2026-05-06,QX-CHL-215,75
B-17,2026-05-06,QX-CHL-216,122
B-17,2026-05-06,QX-PET-217,88
B-17,2026-05-06,QX-PRO-218,206
B-17,2026-05-06,QX-TIN-219,184
B-17,2026-05-06,QX-HHD-220,107
B-17,2026-05-06,QX-DRK-221,161
B-17,2026-05-06,QX-CER-222,
B-17,2026-05-06,QX-TIN-223,138
B-17,2026-05-06,QX-DRK-224,106
B-17,2026-05-06,QX-FRZ-225,89
B-17,2026-05-06,QX-CER-226,24
B-17,2026-05-06,QX-TIN-227,177
B-17,2026-05-06,QX-DRY-228,110
B-17,2026-05-06,QX-PRO-229,149
B-17,2026-05-06,QX-CHL-230,128
B-17,2026-05-06,QX-CHL-231,50
B-17,2026-05-06,QX-PET-232,110
B-17,2026-05-06,QX-BAK-233,59
B-17,2026-05-06,QX-HBC-234,204
B-17,2026-05-06,QX-HHD-235,56
B-17,2026-05-06,QX-HHD-236,107
B-17,2026-05-06,QX-HHD-237,3
B-17,2026-05-06,QX-BWS-238,75
B-17,2026-05-06,QX-FRZ-239,151
B-17,2026-05-06,QX-HBC-240,102
B-17,2026-05-06,QX-TIN-241,85
B-17,2026-05-06,QX-PET-242,215
B-17,2026-05-06,QX-DRY-243,177
B-17,2026-05-06,QX-PRO-244,239
B-17,2026-05-06,QX-HBC-245,31
B-17,2026-05-06,QX-BWS-246,178
B-17,2026-05-06,QX-HHD-247,112
B-17,2026-05-06,QX-CER-248,15
B-17,2026-05-06,QX-FRZ-249,117
B-17,2026-05-06,QX-DRY-250,25
B-17,2026-05-06,QX-FRZ-251,224
B-17,2026-05-06,QX-HHD-252,226
B-17,2026-05-06,QX-BWS-253,108
B-17,2026-05-06,QX-DRY-254,161
B-17,2026-05-06,QX-HHD-255,188
B-17,2026-05-06,QX-CER-256,63
B-17,2026-05-06,QX-CHL-257,153
B-17,2026-05-06,QX-TIN-258,147
B-17,2026-05-06,QX-FRZ-259,229
B-17,2026-05-06,QX-HHD-260,161
B-17,2026-05-06,QX-DRK-261,21
B-17,2026-05-06,QX-PRO-262,15
B-17,2026-05-06,QX-BWS-263,68
B-17,2026-05-06,QX-DRY-264,162
B-17,2026-05-06,QX-HBC-265,60
B-17,2026-05-06,QX-HBC-266,16
B-17,2026-05-06,QX-CER-267,6
B-17,2026-05-06,QX-HBC-268,221
B-17,2026-05-06,QX-BWS-269,93
B-17,2026-05-06,QX-TIN-270,151
B-17,2026-05-06,QX-TIN-271,116
B-17,2026-05-06,QX-BAK-272,80
B-17,2026-05-06,QX-FRZ-273,120
B-17,2026-05-06,QX-CER-274,13
B-17,2026-05-06,QX-CER-275,148
B-17,2026-05-06,QX-DRY-276,6
B-17,2026-05-06,QX-PET-277,24
B-17,2026-05-06,QX-DRY-278,191
B-17,2026-05-06,QX-DRY-279,10
B-17,2026-05-06,QX-DRK-280,96
B-17,2026-05-06,QX-CHL-281,51
B-17,2026-05-06,QX-CER-282,234
B-17,2026-05-06,QX-HBC-283,11
B-17,2026-05-06,QX-HBC-284,170
B-17,2026-05-06,QX-DRK-285,63
B-17,2026-05-06,QX-HBC-286,63
B-17,2026-05-06,QX-CHL-287,65
B-17,2026-05-06,QX-TIN-288,219
B-17,2026-05-06,QX-FRZ-289,170
B-17,2026-05-06,QX-PRO-290,17
B-17,2026-05-06,QX-PRO-291,168
B-17,2026-05-06,QX-BWS-292,104
B-17,2026-05-06,QX-DRY-293,17
B-17,2026-05-06,QX-BAK-294,63
B-17,2026-05-06,QX-BAK-295,167
B-17,2026-05-06,QX-DRK-296,73
B-17,2026-05-06,QX-BAK-297,190
B-17,2026-05-06,QX-PET-298,93
B-17,2026-05-06,QX-BAK-299,37
B-17,2026-05-06,QX-TIN-300,85
B-17,2026-05-06,QX-BWS-301,58
B-17,2026-05-06,QX-BWS-302,37
B-17,2026-05-06,QX-BAK-303,237
B-17,2026-05-06,QX-DRY-304,180
B-17,2026-05-06,QX-FRZ-305,114
B-17,2026-05-06,QX-FRZ-306,29
B-17,2026-05-06,QX-BAK-307,169
B-17,2026-05-06,QX-DRY-308,9
B-17,2026-05-06,QX-DRY-309,211
B-17,2026-05-06,QX-HHD-310,222
B-17,2026-05-06,QX-DRY-311,167
B-17,2026-05-06,QX-DRY-312,117
B-17,2026-05-06,QX-TIN-313,183
B-17,2026-05-06,QX-HBC-314,59
B-17,2026-05-06,QX-HHD-315,97
B-17,2026-05-06,QX-DRY-316,174
B-17,2026-05-06,QX-FRZ-317,153
B-17,2026-05-06,QX-HHD-318,212
B-17,2026-05-06,QX-DRY-319,110
B-17,2026-05-06,QX-HBC-320,190
B-17,2026-05-06,QX-CER-321,147
B-17,2026-05-06,QX-CHL-322,73
B-17,2026-05-06,QX-CER-323,199
B-17,2026-05-06,QX-BWS-324,217
B-17,2026-05-06,QX-TIN-325,210
B-17,2026-05-06,QX-CER-326,126
B-17,2026-05-06,QX-BWS-327,156
B-17,2026-05-06,QX-HHD-328,63
B-17,2026-05-06,QX-FRZ-329,233
B-17,2026-05-06,QX-FRZ-330,146
B-17,2026-05-06,QX-CER-331,165
B-17,2026-05-06,QX-HBC-332,0
B-17,2026-05-06,QX-PET-333,112
B-17,2026-05-06,QX-BAK-334,184
B-17,2026-05-06,QX-BAK-335,190
B-17,2026-05-06,QX-CER-336,65
B-17,2026-05-06,QX-HHD-337,34
B-17,2026-05-06,QX-CER-338,211
B-17,2026-05-06,QX-DRY-339,167
B-17,2026-05-06,QX-BAK-340,222
B-17,2026-05-06,QX-DRK-341,93
B-17,2026-05-06,QX-BAK-342,103
B-17,2026-05-06,QX-CHL-343,116
B-17,2026-05-06,QX-HBC-344,30
B-17,2026-05-06,QX-TIN-345,93
B-17,2026-05-06,QX-HHD-346,169
B-17,2026-05-06,QX-TIN-347,171
B-17,2026-05-06,QX-CER-348,37
B-17,2026-05-06,QX-TIN-349,8
B-17,2026-05-06,QX-FRZ-350,
B-17,2026-05-06,QX-DRY-351,51
B-17,2026-05-06,QX-PET-352,72
B-17,2026-05-06,QX-CER-353,202
B-17,2026-05-06,QX-PRO-354,157
B-17,2026-05-06,QX-PET-355,68
B-17,2026-05-06,QX-PET-356,169
B-17,2026-05-06,QX-DRY-357,218
B-17,2026-05-06,QX-CHL-358,215
B-17,2026-05-06,QX-CHL-359,32
B-17,2026-05-06,QX-BWS-360,134
B-17,2026-05-06,QX-CHL-361,131
B-17,2026-05-06,QX-CER-362,110
B-17,2026-05-06,QX-DRK-363,174
B-17,2026-05-06,QX-FRZ-364,141
B-17,2026-05-06,QX-HBC-365,125
B-17,2026-05-06,QX-BWS-366,186
B-17,2026-05-06,QX-BAK-367,179
B-17,2026-05-06,QX-DRK-368,117
B-17,2026-05-06,QX-HHD-369,199
B-17,2026-05-06,QX-PRO-370,231
B-17,2026-05-06,QX-TIN-371,174
B-17,2026-05-06,QX-BWS-372,225
B-17,2026-05-06,QX-DRY-373,228
B-17,2026-05-06,QX-PET-374,174
B-17,2026-05-06,QX-CHL-375,183
B-17,2026-05-06,QX-HBC-376,134
B-17,2026-05-06,QX-TIN-377,56
B-17,2026-05-06,QX-HBC-378,3
B-17,2026-05-06,QX-CER-379,222
B-17,2026-05-06,QX-HHD-380,58
B-17,2026-05-06,QX-HBC-381,74
B-17,2026-05-06,QX-TIN-382,145
B-17,2026-05-06,QX-BWS-383,160
B-17,2026-05-06,QX-CHL-384,119
B-17,2026-05-06,QX-PET-385,177
B-17,2026-05-06,QX-BAK-386,35
B-17,2026-05-06,QX-DRK-387,157
B-17,2026-05-06,QX-CHL-388,190
B-17,2026-05-06,QX-FRZ-389,181
B-17,2026-05-06,QX-TIN-390,15
B-17,2026-05-06,QX-BWS-391,129
B-17,2026-05-06,QX-HHD-392,180
B-17,2026-05-06,QX-FRZ-393,222
B-17,2026-05-06,QX-HHD-394,84
B-17,2026-05-06,QX-HHD-395,220
B-17,2026-05-06,QX-HBC-396,235
B-17,2026-05-06,QX-HHD-397,66
B-17,2026-05-06,QX-TIN-398,106
B-17,2026-05-06,QX-CHL-399,217
B-17,2026-05-06,QX-DRK-400,8
B-17,2026-05-06,QX-CER-401,93
B-17,2026-05-06,QX-BWS-402,7
B-17,2026-05-06,QX-PRO-403,176
B-17,2026-05-06,QX-TIN-404,71
B-17,2026-05-06,QX-BWS-405,224
B-17,2026-05-06,QX-HBC-406,69
B-17,2026-05-06,QX-DRK-407,83
B-17,2026-05-06,QX-PRO-408,15
B-17,2026-05-06,QX-PRO-409,206
B-17,2026-05-06,QX-FRZ-410,219
B-17,2026-05-06,QX-PRO-411,104
B-17,2026-05-06,QX-DRK-412,190
B-17,2026-05-06,QX-BAK-413,135
B-17,2026-05-06,QX-TIN-414,187
B-17,2026-05-06,QX-PRO-415,154
B-17,2026-05-06,QX-HBC-416,237
B-17,2026-05-06,QX-CER-417,219
B-17,2026-05-06,QX-FRZ-418,19
B-17,2026-05-06,QX-HHD-419,5
B-17,2026-05-06,QX-CHL-420,195
B-17,2026-05-06,QX-DRY-421,18
B-17,2026-05-06,QX-PET-422,98
B-17,2026-05-06,QX-DRY-423,91
B-17,2026-05-06,QX-CHL-424,234
B-17,2026-05-06,QX-PET-425,210
B-17,2026-05-06,QX-DRY-426,141
B-17,2026-05-06,QX-BAK-427,
B-17,2026-05-06,QX-PRO-428,25
B-17,2026-05-06,QX-DRK-429,188
B-17,2026-05-06,QX-DRK-430,92
B-17,2026-05-06,QX-HHD-431,27
B-17,2026-05-06,QX-PRO-432,214
B-17,2026-05-06,QX-CHL-433,24
B-17,2026-05-06,QX-PRO-434,90
B-17,2026-05-06,QX-CER-435,60
B-17,2026-05-06,QX-TIN-436,121
B-17,2026-05-06,QX-BAK-437,153
B-17,2026-05-06,QX-HBC-438,194
B-17,2026-05-06,QX-FRZ-439,180
B-17,2026-05-06,QX-DRK-440,190
B-17,2026-05-06,QX-BAK-441,176
B-17,2026-05-06,QX-FRZ-442,68
B-17,2026-05-06,QX-BAK-443,166
B-17,2026-05-06,QX-CER-444,54
B-17,2026-05-06,QX-CHL-445,109
B-17,2026-05-06,QX-PRO-446,211
B-17,2026-05-06,QX-BAK-447,45
B-17,2026-05-06,QX-PRO-448,144
B-17,2026-05-06,QX-HBC-449,96
B-17,2026-05-06,QX-CER-450,211
B-17,2026-05-06,QX-FRZ-451,195
B-17,2026-05-06,QX-BAK-452,103
B-17,2026-05-06,QX-FRZ-453,42
B-17,2026-05-06,QX-PET-454,202
B-17,2026-05-06,QX-CER-455,220
B-17,2026-05-06,QX-HBC-456,162
B-17,2026-05-06,QX-PET-457,161
B-17,2026-05-06,QX-BAK-458,73
B-17,2026-05-06,QX-HBC-459,54
B-17,2026-05-06,QX-PET-460,186
B-17,2026-05-06,QX-BWS-461,51
B-17,2026-05-06,QX-HBC-462,153
B-17,2026-05-06,QX-PET-463,161
B-17,2026-05-06,QX-DRK-464,210
B-17,2026-05-06,QX-CHL-465,219
B-17,2026-05-06,QX-CER-466,186
B-17,2026-05-06,QX-PET-467,3
B-17,2026-05-06,QX-DRK-468,127
B-17,2026-05-06,QX-PRO-469,208
B-17,2026-05-06,QX-HHD-470,6
B-17,2026-05-06,QX-CER-471,64
B-17,2026-05-06,QX-CER-472,236
B-17,2026-05-06,QX-PET-473,103
B-17,2026-05-06,QX-CER-474,63
B-17,2026-05-06,QX-FRZ-475,142
B-17,2026-05-06,QX-DRY-476,48
B-17,2026-05-06,QX-TIN-477,128
B-17,2026-05-06,QX-PRO-478,104
B-17,2026-05-06,QX-BWS-479,100
B-17,2026-05-06,QX-CER-480,226
B-17,2026-05-06,QX-BWS-481,231
B-17,2026-05-06,QX-PRO-482,219
B-17,2026-05-06,QX-CHL-483,214
B-17,2026-05-06,QX-PRO-484,117
B-17,2026-05-06,QX-PRO-485,56
B-17,2026-05-06,QX-BWS-486,208
B-17,2026-05-06,QX-PRO-487,131
B-17,2026-05-06,QX-BAK-488,182
B-17,2026-05-06,QX-DRY-489,214
B-17,2026-05-06,QX-HBC-490,192
B-17,2026-05-06,QX-DRY-491,139
B-17,2026-05-06,QX-BWS-492,111
B-17,2026-05-06,QX-TIN-493,208
B-17,2026-05-06,QX-BAK-494,23
B-17,2026-05-06,QX-CER-495,209
B-17,2026-05-06,QX-BWS-496,122
B-17,2026-05-06,QX-BAK-497,136
B-17,2026-05-06,QX-DRY-498,103
B-17,2026-05-06,QX-DRY-499,231
B-17,2026-05-06,QX-CHL-500,114
B-17,2026-05-06,QX-HBC-501,93
B-17,2026-05-06,QX-DRY-502,100
B-17,2026-05-06,QX-CHL-503,190
B-17,2026-05-06,QX-DRY-504,127
B-17,2026-05-06,QX-BWS-505,237
B-17,2026-05-06,QX-DRY-506,206
B-17,2026-05-06,QX-PET-507,169
B-17,2026-05-06,QX-HHD-508,6
B-17,2026-05-06,QX-DRY-509,173
B-17,2026-05-06,QX-PET-510,90
B-17,2026-05-06,QX-HHD-511,35
B-17,2026-05-06,QX-BAK-512,
B-17,2026-05-06,QX-DRK-513,204
B-17,2026-05-06,QX-CER-514,55
B-17,2026-05-06,QX-PET-515,70
B-17,2026-05-06,QX-HHD-516,74
B-17,2026-05-06,QX-BAK-517,17
B-17,2026-05-06,QX-CER-518,216
B-17,2026-05-06,QX-BAK-519,147
B-17,2026-05-06,QX-CER-520,6
B-17,2026-05-06,QX-DRK-521,203
B-17,2026-05-06,QX-CER-522,175
B-17,2026-05-06,QX-FRZ-523,37
B-17,2026-05-06,QX-DRY-524,213
B-17,2026-05-06,QX-TIN-525,10
B-17,2026-05-06,QX-DRY-526,87
B-17,2026-05-06,QX-PRO-527,184
B-17,2026-05-06,QX-PRO-528,123
B-17,2026-05-06,QX-PET-529,174
B-17,2026-05-06,QX-FRZ-530,11
B-17,2026-05-06,QX-PRO-531,103
B-17,2026-05-06,QX-PET-532,39
B-17,2026-05-06,QX-CHL-533,142
B-17,2026-05-06,QX-BWS-534,6
B-17,2026-05-06,QX-DRY-535,195
B-17,2026-05-06,QX-DRY-536,104
B-17,2026-05-06,QX-DRK-537,189
B-17,2026-05-06,QX-TIN-538,199
B-17,2026-05-06,QX-PRO-539,40
B-17,2026-05-06,QX-PET-540,95
B-17,2026-05-06,QX-DRY-541,22
B-17,2026-05-06,QX-TIN-542,181
B-17,2026-05-06,QX-BWS-543,167
B-17,2026-05-06,QX-DRK-544,16
B-17,2026-05-06,QX-FRZ-545,144
B-17,2026-05-06,QX-BAK-546,132
B-17,2026-05-06,QX-DRK-547,80
B-17,2026-05-06,QX-HBC-548,24
B-17,2026-05-06,QX-DRY-549,231
B-17,2026-05-06,QX-HHD-550,21
B-17,2026-05-06,QX-HBC-551,66
B-17,2026-05-06,QX-CER-552,32
B-17,2026-05-06,QX-BAK-553,222
B-17,2026-05-06,QX-FRZ-554,88
B-17,2026-05-06,QX-DRK-555,90
B-17,2026-05-06,QX-TIN-556,11
B-17,2026-05-06,QX-BWS-557,219
B-17,2026-05-06,QX-HHD-558,147
B-17,2026-05-06,QX-BAK-559,95
B-17,2026-05-06,QX-TIN-560,227
B-17,2026-05-06,QX-CHL-561,190
B-17,2026-05-06,QX-CHL-562,196
B-17,2026-05-06,QX-FRZ-563,19
B-17,2026-05-06,QX-HBC-564,54
B-17,2026-05-06,QX-TIN-565,23
B-17,2026-05-06,QX-PET-566,80
B-17,2026-05-06,QX-DRK-567,102
B-17,2026-05-06,QX-FRZ-568,58
B-17,2026-05-06,QX-FRZ-569,141
B-17,2026-05-06,QX-DRK-570,26
B-17,2026-05-06,QX-FRZ-571,75
B-17,2026-05-06,QX-DRY-572,170
B-17,2026-05-06,QX-TIN-573,109
B-17,2026-05-06,QX-BAK-574,58
B-17,2026-05-06,QX-HBC-575,175
B-17,2026-05-06,QX-HHD-576,84
B-17,2026-05-06,QX-CER-577,32
B-17,2026-05-06,QX-DRY-578,147
B-17,2026-05-06,QX-PET-579,131
B-17,2026-05-06,QX-FRZ-580,47
B-17,2026-05-06,QX-DRY-581,156
B-17,2026-05-06,QX-PET-582,145
B-17,2026-05-06,QX-HBC-583,98
B-17,2026-05-06,QX-DRY-584,165
B-17,2026-05-06,QX-HBC-585,132
B-17,2026-05-06,QX-CHL-586,206
B-17,2026-05-06,QX-TIN-587,66
B-17,2026-05-06,QX-HHD-588,136
B-17,2026-05-06,QX-BAK-589,216
B-17,2026-05-06,QX-DRK-590,164
B-17,2026-05-06,QX-BWS-591,203
B-17,2026-05-06,QX-BAK-592,1
B-17,2026-05-06,QX-FRZ-593,228
B-17,2026-05-06,QX-BAK-594,176
B-17,2026-05-06,QX-CHL-595,147
B-17,2026-05-06,QX-BWS-596,91
B-17,2026-05-06,QX-BAK-597,11
B-17,2026-05-06,QX-FRZ-598,2
B-17,2026-05-06,QX-CHL-599,95
B-17,2026-05-06,QX-DRY-600,216
B-17,2026-05-06,QX-HHD-601,231
B-17,2026-05-06,QX-DRY-602,179
B-17,2026-05-06,QX-DRY-603,144
B-17,2026-05-06,QX-HHD-604,122
B-17,2026-05-06,QX-PET-605,199
B-17,2026-05-06,QX-BAK-606,172
B-17,2026-05-06,QX-HHD-607,224
B-17,2026-05-06,QX-HBC-608,67
B-17,2026-05-06,QX-DRK-609,177
B-17,2026-05-06,QX-DRY-610,67
B-17,2026-05-06,QX-CER-611,133
B-17,2026-05-06,QX-HHD-612,171
B-17,2026-05-06,QX-HHD-613,226
B-17,2026-05-06,QX-BWS-614,79
B-17,2026-05-06,QX-BAK-615,121
B-17,2026-05-06,QX-DRK-616,19
B-17,2026-05-06,QX-DRY-617,37
B-17,2026-05-06,QX-HHD-618,62
B-17,2026-05-06,QX-PRO-619,167
B-17,2026-05-06,QX-HBC-620,130
B-17,2026-05-06,QX-BWS-621,
B-17,2026-05-06,QX-PET-622,148
B-17,2026-05-06,QX-PET-623,120
B-17,2026-05-06,QX-CHL-624,77
B-17,2026-05-06,QX-HBC-625,98
B-17,2026-05-06,QX-BWS-626,132
B-17,2026-05-06,QX-BWS-627,42
B-17,2026-05-06,QX-CER-628,129
B-17,2026-05-06,QX-FRZ-629,156
B-17,2026-05-06,QX-BAK-630,107
B-17,2026-05-06,QX-TIN-631,111
B-17,2026-05-06,QX-PRO-632,33
B-17,2026-05-06,QX-FRZ-633,112
B-17,2026-05-06,QX-DRK-634,66
B-17,2026-05-06,QX-TIN-635,78
B-17,2026-05-06,QX-DRY-636,92
B-17,2026-05-06,QX-BAK-637,179
B-17,2026-05-06,QX-CHL-638,230
B-17,2026-05-06,QX-BWS-639,121
B-17,2026-05-06,QX-FRZ-640,142
B-17,2026-05-06,QX-BWS-641,214
B-17,2026-05-06,QX-DRY-642,88
B-17,2026-05-06,QX-DRK-643,209
B-17,2026-05-06,QX-PRO-644,96
B-17,2026-05-06,QX-BAK-645,216
B-17,2026-05-06,QX-CER-646,162
B-17,2026-05-06,QX-TIN-647,211
B-17,2026-05-06,QX-PRO-648,76
B-17,2026-05-06,QX-TIN-649,80
B-17,2026-05-06,QX-CHL-650,78
B-17,2026-05-06,QX-TIN-651,4
B-17,2026-05-06,QX-PRO-652,110
B-17,2026-05-06,QX-HBC-653,195
B-17,2026-05-06,QX-DRY-654,157
B-17,2026-05-06,QX-HBC-655,159
B-17,2026-05-06,QX-TIN-656,112
B-17,2026-05-06,QX-HBC-657,40
B-17,2026-05-06,QX-BWS-658,200
B-17,2026-05-06,QX-PRO-659,96
B-17,2026-05-06,QX-PRO-660,158
B-17,2026-05-06,QX-BWS-661,105
B-17,2026-05-06,QX-FRZ-662,53
B-17,2026-05-06,QX-HHD-663,98
B-17,2026-05-06,QX-PET-664,167
B-17,2026-05-06,QX-FRZ-665,32
B-17,2026-05-06,QX-BAK-666,11
B-17,2026-05-06,QX-HHD-667,45
B-17,2026-05-06,QX-PET-668,190
B-17,2026-05-06,QX-CHL-669,122
B-17,2026-05-06,QX-HHD-670,109
B-17,2026-05-06,QX-TIN-671,119
B-17,2026-05-06,QX-HHD-672,235
B-17,2026-05-06,QX-FRZ-673,61
B-17,2026-05-06,QX-BAK-674,211
B-17,2026-05-06,QX-BWS-675,221
B-17,2026-05-06,QX-BWS-676,67
B-17,2026-05-06,QX-CHL-677,74
B-17,2026-05-06,QX-DRK-678,34
B-17,2026-05-06,QX-PRO-679,122
B-17,2026-05-06,QX-PET-680,206
B-17,2026-05-06,QX-BWS-681,112
B-17,2026-05-06,QX-BAK-682,174
B-17,2026-05-06,QX-HBC-683,140
B-17,2026-05-06,QX-PET-684,145
B-17,2026-05-06,QX-DRK-685,68
B-17,2026-05-06,QX-BAK-686,209
B-17,2026-05-06,QX-DRY-687,55
B-17,2026-05-06,QX-PRO-688,196
B-17,2026-05-06,QX-CER-689,213
B-17,2026-05-06,QX-DRK-690,4
B-17,2026-05-06,QX-PET-691,228
B-17,2026-05-06,QX-CHL-692,83
B-17,2026-05-06,QX-PET-693,147
B-17,2026-05-06,QX-TIN-694,23
B-17,2026-05-06,QX-BAK-695,220
B-17,2026-05-06,QX-DRY-696,72
B-17,2026-05-06,QX-TIN-697,83
B-17,2026-05-06,QX-TIN-698,67
B-17,2026-05-06,QX-CHL-699,114
B-17,2026-05-06,QX-HHD-700,47
B-17,2026-05-06,QX-TIN-701,80
B-17,2026-05-06,QX-BAK-702,68
B-17,2026-05-06,QX-BAK-703,27
B-17,2026-05-06,QX-BWS-704,105
B-17,2026-05-06,QX-HBC-705,146
B-17,2026-05-06,QX-BAK-706,72
B-17,2026-05-06,QX-PET-707,42
B-17,2026-05-06,QX-CHL-708,174
B-17,2026-05-06,QX-FRZ-709,235
B-17,2026-05-06,QX-PET-710,201
B-17,2026-05-06,QX-DRK-711,88
B-17,2026-05-06,QX-DRK-712,142
B-17,2026-05-06,QX-BAK-713,143
B-17,2026-05-06,QX-HHD-714,106
B-17,2026-05-06,QX-PET-715,9
B-17,2026-05-06,QX-DRK-716,
B-17,2026-05-06,QX-HHD-717,58
B-17,2026-05-06,QX-FRZ-718,90
B-17,2026-05-06,QX-BWS-719,195
B-17,2026-05-06,QX-DRK-720,81
B-17,2026-05-06,QX-PRO-721,97
B-17,2026-05-06,QX-BAK-722,130
B-17,2026-05-06,QX-CHL-723,178
B-17,2026-05-06,QX-FRZ-724,170
B-17,2026-05-06,QX-DRY-725,21
B-17,2026-05-06,QX-BAK-726,13
B-17,2026-05-06,QX-DRK-727,88
B-17,2026-05-06,QX-BWS-728,221
B-17,2026-05-06,QX-FRZ-729,233
B-17,2026-05-06,QX-HBC-730,170
B-17,2026-05-06,QX-CHL-731,88
B-17,2026-05-06,QX-HBC-732,57
B-17,2026-05-06,QX-PRO-733,202
B-17,2026-05-06,QX-FRZ-734,78
B-17,2026-05-06,QX-DRK-735,10
B-17,2026-05-06,QX-HHD-736,205
B-17,2026-05-06,QX-BAK-737,99
B-17,2026-05-06,QX-BWS-738,187
B-17,2026-05-06,QX-BAK-739,129
B-17,2026-05-06,QX-HBC-740,41
B-17,2026-05-06,QX-CER-741,226
B-17,2026-05-06,QX-PRO-742,68
B-17,2026-05-06,QX-DRK-743,184
B-17,2026-05-06,QX-DRK-744,145
B-17,2026-05-06,QX-FRZ-745,100
B-17,2026-05-06,QX-CHL-746,97
B-17,2026-05-06,QX-CHL-747,15
B-17,2026-05-06,QX-HHD-748,159
B-17,2026-05-06,QX-CHL-749,132
B-17,2026-05-06,QX-BWS-750,75
B-17,2026-05-06,QX-PRO-751,135
B-17,2026-05-06,QX-BAK-752,64
B-17,2026-05-06,QX-CHL-753,70
B-17,2026-05-06,QX-BWS-754,108
B-17,2026-05-06,QX-BWS-755,27
B-17,2026-05-06,QX-FRZ-756,43
B-17,2026-05-06,QX-CER-757,0
B-17,2026-05-06,QX-DRY-758,52
B-17,2026-05-06,QX-CHL-759,218
B-17,2026-05-06,QX-BWS-760,160
B-17,2026-05-06,QX-PRO-761,118
B-17,2026-05-06,QX-DRK-762,201
B-17,2026-05-06,QX-CHL-763,11
B-17,2026-05-06,QX-HHD-764,62
B-17,2026-05-06,QX-BWS-765,201
B-17,2026-05-06,QX-HHD-766,223
B-17,2026-05-06,QX-DRY-767,130
B-17,2026-05-06,QX-TIN-768,180
B-17,2026-05-06,QX-DRY-769,235
B-17,2026-05-06,QX-CER-770,103
B-17,2026-05-06,QX-FRZ-771,205
B-17,2026-05-06,QX-BWS-772,83
B-17,2026-05-06,QX-PRO-773,27
B-17,2026-05-06,QX-BAK-774,37
B-17,2026-05-06,QX-BAK-775,93
B-17,2026-05-06,QX-PET-776,55
B-17,2026-05-06,QX-CER-777,18
B-17,2026-05-06,QX-BWS-778,97
B-17,2026-05-06,QX-HBC-779,129
B-17,2026-05-06,QX-CER-780,100
B-17,2026-05-06,QX-CER-781,63
B-17,2026-05-06,QX-CHL-782,99
B-17,2026-05-06,QX-HHD-783,60
B-17,2026-05-06,QX-CHL-784,63
B-17,2026-05-06,QX-PRO-785,116
B-17,2026-05-06,QX-HBC-786,42
B-17,2026-05-06,QX-PET-787,185
B-17,2026-05-06,QX-DRY-788,199
B-17,2026-05-06,QX-PRO-789,48
B-17,2026-05-06,QX-PET-790,
B-17,2026-05-06,QX-CER-791,28
B-17,2026-05-06,QX-CHL-792,114
B-17,2026-05-06,QX-HBC-793,17
B-17,2026-05-06,QX-BAK-794,37
B-17,2026-05-06,QX-HHD-795,146
B-17,2026-05-06,QX-DRK-796,48
B-17,2026-05-06,QX-HHD-797,219
B-17,2026-05-06,QX-HBC-798,45
B-17,2026-05-06,QX-FRZ-799,25
B-17,2026-05-06,QX-CER-800,186
B-17,2026-05-06,QX-DRK-801,212
B-17,2026-05-06,QX-FRZ-802,133
B-17,2026-05-06,QX-HBC-803,149
B-17,2026-05-06,QX-DRK-804,66
B-17,2026-05-06,QX-HHD-805,4
B-17,2026-05-06,QX-FRZ-806,201
B-17,2026-05-06,QX-CHL-807,18
B-17,2026-05-06,QX-PET-808,135
B-17,2026-05-06,QX-BAK-809,182
B-17,2026-05-06,QX-TIN-810,234
B-17,2026-05-06,QX-HBC-811,
B-17,2026-05-06,QX-PET-812,147
B-17,2026-05-06,QX-FRZ-813,123
B-17,2026-05-06,QX-DRK-814,29
B-17,2026-05-06,QX-CHL-815,197
B-17,2026-05-06,QX-FRZ-816,79
B-17,2026-05-06,QX-DRK-817,75
B-17,2026-05-06,QX-DRY-818,174
B-17,2026-05-06,QX-CER-819,226
B-17,2026-05-06,QX-HHD-820,217
B-17,2026-05-06,QX-HHD-821,211
B-17,2026-05-06,QX-DRK-822,56
B-17,2026-05-06,QX-BWS-823,149
B-17,2026-05-06,QX-PRO-824,163
B-17,2026-05-06,QX-CER-825,233
B-17,2026-05-06,QX-TIN-826,66
B-17,2026-05-06,QX-HHD-827,142
B-17,2026-05-06,QX-CER-828,105
B-17,2026-05-06,QX-PRO-829,145
B-17,2026-05-06,QX-BAK-830,39
B-17,2026-05-06,QX-BWS-831,83
B-17,2026-05-06,QX-BWS-832,
B-17,2026-05-06,QX-HHD-833,26
B-17,2026-05-06,QX-BAK-834,150
B-17,2026-05-06,QX-DRY-835,183
B-17,2026-05-06,QX-BWS-836,213
B-17,2026-05-06,QX-BAK-837,92
B-17,2026-05-06,QX-PET-838,235
B-17,2026-05-06,QX-BWS-839,159
B-17,2026-05-06,QX-CER-840,155
B-17,2026-05-06,QX-PET-841,171
B-17,2026-05-06,QX-BWS-842,114
B-17,2026-05-06,QX-DRY-843,134
B-17,2026-05-06,QX-HHD-844,198
B-17,2026-05-06,QX-PRO-845,39
B-17,2026-05-06,QX-FRZ-846,175
B-17,2026-05-06,QX-DRK-847,44
B-17,2026-05-06,QX-PRO-848,3
B-17,2026-05-06,QX-BAK-849,37
B-17,2026-05-06,QX-CER-850,91
B-17,2026-05-06,QX-BAK-851,158
B-17,2026-05-06,QX-DRK-852,52
B-17,2026-05-06,QX-TIN-853,219
B-17,2026-05-06,QX-PRO-854,199
B-17,2026-05-06,QX-HHD-855,138
B-17,2026-05-06,QX-TIN-856,61
B-17,2026-05-06,QX-CHL-857,134
B-17,2026-05-06,QX-PET-858,146
B-17,2026-05-06,QX-HHD-859,182
B-17,2026-05-06,QX-TIN-860,31
B-17,2026-05-06,QX-TIN-861,12
B-17,2026-05-06,QX-PET-862,40
B-17,2026-05-06,QX-DRK-863,123
B-17,2026-05-06,QX-BAK-864,154
B-17,2026-05-06,QX-DRY-865,8
B-17,2026-05-06,QX-DRY-866,207
B-17,2026-05-06,QX-HHD-867,45
B-17,2026-05-06,QX-CHL-868,240
B-17,2026-05-06,QX-CER-869,133
B-17,2026-05-06,QX-PRO-870,
B-17,2026-05-06,QX-DRY-871,132
B-17,2026-05-06,QX-CER-872,146
B-17,2026-05-06,QX-PRO-873,162
B-17,2026-05-06,QX-BAK-874,109
B-17,2026-05-06,QX-TIN-875,56
B-17,2026-05-06,QX-PRO-876,81
B-17,2026-05-06,QX-HBC-877,70
B-17,2026-05-06,QX-HHD-878,197
B-17,2026-05-06,QX-BWS-879,196
B-17,2026-05-06,QX-DRY-880,218
B-17,2026-05-06,QX-PRO-881,146
B-17,2026-05-06,QX-BWS-882,234
B-17,2026-05-06,QX-DRY-883,156
B-17,2026-05-06,QX-TIN-884,15
B-17,2026-05-06,QX-PET-885,49
B-17,2026-05-06,QX-HBC-886,67
B-17,2026-05-06,QX-CHL-887,193
B-17,2026-05-06,QX-CHL-888,218
B-17,2026-05-06,QX-CER-889,176
B-17,2026-05-06,QX-HHD-890,95
B-17,2026-05-06,QX-DRK-891,21
B-17,2026-05-06,QX-HHD-892,117
B-17,2026-05-06,QX-DRY-893,215
B-17,2026-05-06,QX-BWS-894,105
B-17,2026-05-06,QX-PRO-895,52
B-17,2026-05-06,QX-PRO-896,188
B-17,2026-05-06,QX-CHL-897,150
B-17,2026-05-06,QX-PET-898,47
B-17,2026-05-06,QX-PRO-899,130
B-17,2026-05-06,QX-BWS-900,167
B-17,2026-05-06,QX-CER-901,204
B-17,2026-05-06,QX-HBC-902,6
B-17,2026-05-06,QX-PET-903,145
B-17,2026-05-06,QX-FRZ-904,233
B-17,2026-05-06,QX-DRK-905,100
B-17,2026-05-06,QX-CHL-906,78
B-17,2026-05-06,QX-FRZ-907,196
B-17,2026-05-06,QX-PET-908,103
B-17,2026-05-06,QX-HHD-909,142
B-17,2026-05-06,QX-DRY-910,195
B-17,2026-05-06,QX-HBC-911,77
B-17,2026-05-06,QX-BAK-912,32
B-17,2026-05-06,QX-DRY-913,131
B-17,2026-05-06,QX-TIN-914,51
B-17,2026-05-06,QX-TIN-915,194
B-17,2026-05-06,QX-FRZ-916,138
B-17,2026-05-06,QX-PRO-917,178
B-17,2026-05-06,QX-PET-918,25
B-17,2026-05-06,QX-BAK-919,56
B-17,2026-05-06,QX-HBC-920,34
B-17,2026-05-06,QX-DRY-921,77
B-17,2026-05-06,QX-DRY-922,5
B-17,2026-05-06,QX-BAK-923,58
B-17,2026-05-06,QX-CHL-924,46
B-17,2026-05-06,QX-BAK-925,110
B-17,2026-05-06,QX-HBC-926,90
B-17,2026-05-06,QX-TIN-927,240
B-17,2026-05-06,QX-BWS-928,3
B-17,2026-05-06,QX-DRY-929,156
B-17,2026-05-06,QX-DRK-930,103
B-17,2026-05-06,QX-FRZ-931,19
B-17,2026-05-06,QX-PET-932,13
B-17,2026-05-06,QX-CER-933,200
B-17,2026-05-06,QX-PRO-934,68
B-17,2026-05-06,QX-TIN-935,181
B-17,2026-05-06,QX-CER-936,163
B-17,2026-05-06,QX-TIN-937,136
B-17,2026-05-06,QX-FRZ-938,102
B-17,2026-05-06,QX-BAK-939,240
B-17,2026-05-06,QX-BWS-940,
B-17,2026-05-06,QX-BAK-941,226
B-17,2026-05-06,QX-DRK-942,145
B-17,2026-05-06,QX-HHD-943,170
B-17,2026-05-06,QX-TIN-944,208
B-17,2026-05-06,QX-BWS-945,21
B-17,2026-05-06,QX-PET-946,50
B-17,2026-05-06,QX-BAK-947,217
B-17,2026-05-06,QX-BAK-948,93
B-17,2026-05-06,QX-DRK-949,40
B-17,2026-05-06,QX-PRO-950,54
B-17,2026-05-06,QX-TIN-951,52
B-17,2026-05-06,QX-CHL-952,235
B-17,2026-05-06,QX-BAK-953,178
B-17,2026-05-06,QX-CER-954,104
B-17,2026-05-06,QX-TIN-955,105
B-17,2026-05-06,QX-CHL-956,73
B-17,2026-05-06,QX-TIN-957,59
B-17,2026-05-06,QX-DRK-958,100
B-17,2026-05-06,QX-HBC-959,86
B-17,2026-05-06,QX-CER-960,22
B-17,2026-05-06,QX-TIN-961,10
B-17,2026-05-06,QX-BWS-962,62
B-17,2026-05-06,QX-CHL-963,148
B-17,2026-05-06,QX-BAK-964,204
B-17,2026-05-06,QX-BAK-965,179
B-17,2026-05-06,QX-CHL-966,72
B-17,2026-05-06,QX-PET-967,195
B-17,2026-05-06,QX-FRZ-968,25
B-17,2026-05-06,QX-PET-969,222
B-17,2026-05-06,QX-BAK-970,92
B-17,2026-05-06,QX-CHL-971,231
B-17,2026-05-06,QX-DRY-972,2
B-17,2026-05-06,QX-CHL-973,28
B-17,2026-05-06,QX-PET-974,57
B-17,2026-05-06,QX-BAK-975,81
B-17,2026-05-06,QX-HBC-976,144
B-17,2026-05-06,QX-PET-977,66
B-17,2026-05-06,QX-HBC-978,141
B-17,2026-05-06,QX-TIN-979,169
B-17,2026-05-06,QX-TIN-980,3
B-17,2026-05-06,QX-HBC-981,163
B-17,2026-05-06,QX-TIN-982,205
B-17,2026-05-06,QX-PET-983,158
B-17,2026-05-06,QX-FRZ-984,151
B-17,2026-05-06,QX-HHD-985,13
B-17,2026-05-06,QX-CHL-986,70
B-17,2026-05-06,QX-BWS-987,25
B-17,2026-05-06,QX-CER-988,93
B-17,2026-05-06,QX-FRZ-989,14
B-17,2026-05-06,QX-FRZ-990,31
B-17,2026-05-06,QX-PET-991,80
B-17,2026-05-06,QX-HBC-992,116
B-17,2026-05-06,QX-HHD-993,144
B-17,2026-05-06,QX-TIN-994,119
B-17,2026-05-06,QX-CHL-995,115
B-17,2026-05-06,QX-BAK-996,87
B-17,2026-05-06,QX-CER-997,152
B-17,2026-05-06,QX-CHL-998,117
B-17,2026-05-06,QX-PET-999,105
B-17,2026-05-06,QX-DRK-000,86
B-17,2026-05-06,QX-HHD-001,167
B-17,2026-05-06,QX-TIN-002,95
B-17,2026-05-06,QX-HBC-003,84
B-17,2026-05-06,QX-CHL-004,95
B-17,2026-05-06,QX-DRK-005,227
B-17,2026-05-06,QX-HHD-006,135
B-17,2026-05-06,QX-TIN-007,124
B-17,2026-05-06,QX-BWS-008,188
B-17,2026-05-06,QX-HBC-009,194
B-17,2026-05-06,QX-PET-010,47
B-17,2026-05-06,QX-FRZ-011,172
B-17,2026-05-06,QX-DRY-012,160
B-17,2026-05-06,QX-CHL-013,227
B-17,2026-05-06,QX-FRZ-014,174
B-17,2026-05-06,QX-BAK-015,115
B-17,2026-05-06,QX-DRY-016,43
B-17,2026-05-06,QX-DRY-017,41
B-17,2026-05-06,QX-CHL-018,134
B-17,2026-05-06,QX-DRY-019,167
B-17,2026-05-06,QX-DRK-020,114
B-17,2026-05-06,QX-DRY-021,35
B-17,2026-05-06,QX-BWS-022,132
B-17,2026-05-06,QX-CHL-023,191
B-17,2026-05-06,QX-FRZ-024,185
B-17,2026-05-06,QX-CHL-025,87
B-17,2026-05-06,QX-DRY-026,238
B-17,2026-05-06,QX-CER-027,153
B-17,2026-05-06,QX-DRK-028,154
B-17,2026-05-06,QX-TIN-029,203
B-17,2026-05-06,QX-FRZ-030,180
B-17,2026-05-06,QX-PET-031,64
B-17,2026-05-06,QX-BWS-032,112
B-17,2026-05-06,QX-DRK-033,193
B-17,2026-05-06,QX-FRZ-034,124
B-17,2026-05-06,QX-PRO-035,65
B-17,2026-05-06,QX-HHD-036,21
B-17,2026-05-06,QX-PET-037,73
B-17,2026-05-06,QX-PRO-038,127
B-17,2026-05-06,QX-HBC-039,69
B-17,2026-05-06,QX-TIN-040,210
B-17,2026-05-06,QX-CER-041,108
B-17,2026-05-06,QX-CHL-042,115
B-17,2026-05-06,QX-PRO-043,195
B-17,2026-05-06,QX-DRY-044,165
B-17,2026-05-06,QX-PRO-045,154
B-17,2026-05-06,QX-CER-046,223
B-17,2026-05-06,QX-HHD-047,7
B-17,2026-05-06,QX-CHL-048,
B-17,2026-05-06,QX-DRY-049,147
B-17,2026-05-06,QX-FRZ-050,62
B-17,2026-05-06,QX-TIN-051,105
B-17,2026-05-06,QX-DRY-052,109
B-17,2026-05-06,QX-DRY-053,206
B-17,2026-05-06,QX-TIN-054,148
B-17,2026-05-06,QX-HBC-055,30
B-17,2026-05-06,QX-DRY-056,56
B-17,2026-05-06,QX-CHL-057,56
B-17,2026-05-06,QX-PET-058,25
B-17,2026-05-06,QX-DRK-059,29
B-17,2026-05-06,QX-HBC-060,46
B-17,2026-05-06,QX-HBC-061,2
B-17,2026-05-06,QX-DRY-062,176
B-17,2026-05-06,QX-HBC-063,209
B-17,2026-05-06,QX-CER-064,39
B-17,2026-05-06,QX-BAK-065,13
B-17,2026-05-06,QX-PRO-066,0
B-17,2026-05-06,QX-CHL-067,73
B-17,2026-05-06,QX-BWS-068,123
B-17,2026-05-06,QX-HHD-069,223
B-17,2026-05-06,QX-CHL-070,69
B-17,2026-05-06,QX-PET-071,18
B-17,2026-05-06,QX-CHL-072,220
B-17,2026-05-06,QX-TIN-073,114
B-17,2026-05-06,QX-FRZ-074,23
B-17,2026-05-06,QX-CER-075,64
B-17,2026-05-06,QX-BWS-076,134
B-17,2026-05-06,QX-TIN-077,230
B-17,2026-05-06,QX-CHL-078,166
B-17,2026-05-06,QX-FRZ-079,55
B-17,2026-05-06,QX-TIN-080,168
B-17,2026-05-06,QX-TIN-081,181
B-17,2026-05-06,QX-HBC-082,129
B-17,2026-05-06,QX-PRO-083,9
B-17,2026-05-06,QX-BAK-084,191
B-17,2026-05-06,QX-DRY-085,174
B-17,2026-05-06,QX-FRZ-086,142
B-17,2026-05-06,QX-DRY-087,192
B-17,2026-05-06,QX-PRO-088,85
B-17,2026-05-06,QX-PRO-089,85
B-17,2026-05-06,QX-DRY-090,124
B-17,2026-05-06,QX-CER-091,223
B-17,2026-05-06,QX-BWS-092,76
B-17,2026-05-06,QX-TIN-093,179
B-17,2026-05-06,QX-HHD-094,189
B-17,2026-05-06,QX-BAK-095,141
B-17,2026-05-06,QX-FRZ-096,224
B-17,2026-05-06,QX-DRY-097,20
B-17,2026-05-06,QX-DRK-098,125
B-17,2026-05-06,QX-HBC-099,79
B-17,2026-05-06,QX-PET-100,240
B-17,2026-05-06,QX-DRK-101,199
B-17,2026-05-06,QX-FRZ-102,183
B-17,2026-05-06,QX-CER-103,238
B-17,2026-05-06,QX-PRO-104,190
B-17,2026-05-06,QX-HBC-105,158
B-17,2026-05-06,QX-HBC-106,56
B-17,2026-05-06,QX-CHL-107,163
B-17,2026-05-06,QX-TIN-108,25
B-17,2026-05-06,QX-BAK-109,63
B-17,2026-05-06,QX-PET-110,32
B-17,2026-05-06,QX-TIN-111,52
B-17,2026-05-06,QX-CHL-112,195
B-17,2026-05-06,QX-HHD-113,84
B-17,2026-05-06,QX-CHL-114,207
B-17,2026-05-06,QX-HHD-115,108
B-17,2026-05-06,QX-CHL-116,148
B-17,2026-05-06,QX-HBC-117,182
B-17,2026-05-06,QX-TIN-118,211
B-17,2026-05-06,QX-PET-119,42
B-17,2026-05-06,QX-BWS-120,233
B-17,2026-05-06,QX-TIN-121,224
B-17,2026-05-06,QX-CHL-122,173
B-17,2026-05-06,QX-CHL-123,4
B-17,2026-05-06,QX-CER-124,74
B-17,2026-05-06,QX-PET-125,59
B-17,2026-05-06,QX-DRK-126,152
B-17,2026-05-06,QX-HBC-127,128
B-17,2026-05-06,QX-DRY-128,67
B-17,2026-05-06,QX-HHD-129,205
B-17,2026-05-06,QX-BAK-130,67
B-17,2026-05-06,QX-PRO-131,131
B-17,2026-05-06,QX-CHL-132,141
B-17,2026-05-06,QX-HBC-133,188
B-17,2026-05-06,QX-DRK-134,
B-17,2026-05-06,QX-BAK-135,19
B-17,2026-05-06,QX-HHD-136,200
B-17,2026-05-06,QX-HHD-137,202
B-17,2026-05-06,QX-TIN-138,102
B-17,2026-05-06,QX-CHL-139,113
B-17,2026-05-06,QX-BAK-140,182
B-17,2026-05-06,QX-HHD-141,109
B-17,2026-05-06,QX-CHL-142,205
B-17,2026-05-06,QX-PRO-143,212
B-17,2026-05-06,QX-DRY-144,170
B-17,2026-05-06,QX-HHD-145,143
B-17,2026-05-06,QX-FRZ-146,40
B-17,2026-05-06,QX-BWS-147,
B-17,2026-05-06,QX-TIN-148,5
B-17,2026-05-06,QX-PRO-149,146
B-17,2026-05-06,QX-CER-150,79
B-17,2026-05-06,QX-CER-151,131
B-17,2026-05-06,QX-DRY-152,3
B-17,2026-05-06,QX-DRK-153,148
B-17,2026-05-06,QX-DRY-154,122
B-17,2026-05-06,QX-TIN-155,179
B-17,2026-05-06,QX-PRO-156,223
B-17,2026-05-06,QX-TIN-157,203
B-17,2026-05-06,QX-HHD-158,153
B-17,2026-05-06,QX-PRO-159,63
B-17,2026-05-06,QX-BAK-160,21
B-17,2026-05-06,QX-PRO-161,217
B-17,2026-05-06,QX-BAK-162,151
B-17,2026-05-06,QX-TIN-163,132
B-17,2026-05-06,QX-BWS-164,198
B-17,2026-05-06,QX-HHD-165,186
B-17,2026-05-06,QX-DRY-166,175
B-17,2026-05-06,QX-HBC-167,176
B-17,2026-05-06,QX-DRK-168,64
B-17,2026-05-06,QX-BAK-169,203
B-17,2026-05-06,QX-HBC-170,9
B-17,2026-05-06,QX-CHL-171,146
B-17,2026-05-06,QX-HBC-172,85
B-17,2026-05-06,QX-BAK-173,40
B-17,2026-05-06,QX-HBC-174,137
B-17,2026-05-06,QX-PET-175,153
B-17,2026-05-06,QX-PRO-176,138
B-17,2026-05-06,QX-TIN-177,232
B-17,2026-05-06,QX-HHD-178,
B-17,2026-05-06,QX-DRY-179,90
B-17,2026-05-06,QX-PRO-180,158
B-17,2026-05-06,QX-BWS-181,108
B-17,2026-05-06,QX-PRO-182,107
B-17,2026-05-06,QX-HHD-183,152
B-17,2026-05-06,QX-PRO-184,20
B-17,2026-05-06,QX-HBC-185,236
B-17,2026-05-06,QX-PET-186,151
B-17,2026-05-06,QX-BAK-187,171
B-17,2026-05-06,QX-PET-188,103
B-17,2026-05-06,QX-DRY-189,206
B-17,2026-05-06,QX-CER-190,235
B-17,2026-05-06,QX-PRO-191,132
B-17,2026-05-06,QX-DRK-192,66
B-17,2026-05-06,QX-TIN-193,190
B-17,2026-05-06,QX-FRZ-194,185
B-17,2026-05-06,QX-HHD-195,103
B-17,2026-05-06,QX-BWS-196,161
B-17,2026-05-06,QX-PET-197,66
B-17,2026-05-06,QX-DRY-198,70
B-17,2026-05-06,QX-TIN-199,142
B-17,2026-05-06,QX-PET-200,234
B-17,2026-05-06,QX-CER-201,176
B-17,2026-05-06,QX-DRK-202,203
B-17,2026-05-06,QX-PRO-204,172
B-17,2026-05-06,QX-PRO-205,194
B-17,2026-05-06,QX-HBC-206,83
B-17,2026-05-06,QX-FRZ-208,198
B-17,2026-05-06,QX-HHD-209,26
B-17,2026-05-06,QX-BWS-210,204
B-17,2026-05-06,QX-PET-211,229
B-17,2026-05-06,QX-HHD-212,100
B-17,2026-05-06,QX-TIN-213,194
B-17,2026-05-06,QX-BAK-214,182
B-17,2026-05-06,QX-DRY-215,206
B-17,2026-05-06,QX-BAK-216,169
B-17,2026-05-06,QX-DRK-217,188
B-17,2026-05-06,QX-BWS-218,88
B-17,2026-05-06,QX-BAK-219,122
B-17,2026-05-06,QX-DRK-220,98
B-17,2026-05-06,QX-BAK-221,58
B-17,2026-05-06,QX-TIN-222,135
B-17,2026-05-06,QX-CER-223,86
B-17,2026-05-06,QX-BWS-224,40
B-17,2026-05-06,QX-CHL-225,157
B-17,2026-05-06,QX-PRO-226,89
B-17,2026-05-06,QX-PRO-227,199
B-17,2026-05-06,QX-PET-228,44
B-17,2026-05-06,QX-TIN-230,2
B-17,2026-05-06,QX-TIN-231,29
B-17,2026-05-06,QX-BWS-232,79
B-17,2026-05-06,QX-BWS-233,122
B-17,2026-05-06,QX-DRY-234,182
B-17,2026-05-06,QX-CER-235,21
B-17,2026-05-06,QX-CER-236,12
B-17,2026-05-06,QX-FRZ-237,149
B-17,2026-05-06,QX-PRO-238,216
B-17,2026-05-06,QX-BAK-239,65
B-17,2026-05-06,QX-HHD-240,55
B-17,2026-05-06,QX-PRO-241,187
B-17,2026-05-06,QX-DRK-242,99
B-17,2026-05-06,QX-BAK-243,92
B-17,2026-05-06,QX-DRY-244,12
B-17,2026-05-06,QX-HHD-245,238
B-17,2026-05-06,QX-PRO-246,156
B-17,2026-05-06,QX-TIN-247,192
B-17,2026-05-06,QX-PET-249,61
B-17,2026-05-06,QX-BAK-250,224
B-17,2026-05-06,QX-DRY-251,201
B-17,2026-05-06,QX-BWS-252,238
B-17,2026-05-06,QX-FRZ-253,217
B-17,2026-05-06,QX-CHL-254,132
B-17,2026-05-06,QX-PET-255,162
B-17,2026-05-06,QX-HHD-256,194
B-17,2026-05-06,QX-BAK-257,142
B-17,2026-05-06,QX-CER-258,41
B-17,2026-05-06,QX-HBC-259,62
B-17,2026-05-06,QX-DRY-260,226
B-17,2026-05-06,QX-TIN-261,115
B-17,2026-05-06,QX-BAK-262,23
B-17,2026-05-06,QX-FRZ-263,127
B-17,2026-05-06,QX-TIN-264,164
B-17,2026-05-06,QX-CER-265,96
B-17,2026-05-06,QX-DRY-266,233
B-17,2026-05-06,QX-TIN-267,130
B-17,2026-05-06,QX-HHD-268,58
B-17,2026-05-06,QX-CHL-269,111
B-17,2026-05-06,QX-CER-270,162
B-17,2026-05-06,QX-PET-271,156
B-17,2026-05-06,QX-TIN-272,225
B-17,2026-05-06,QX-CHL-274,
B-17,2026-05-06,QX-PET-275,127
B-17,2026-05-06,QX-TIN-276,168
B-17,2026-05-06,QX-CER-277,144
B-17,2026-05-06,QX-CER-278,102
B-17,2026-05-06,QX-HBC-279,25
B-17,2026-05-06,QX-BWS-280,140
B-17,2026-05-06,QX-DRK-281,4
B-17,2026-05-06,QX-DRK-282,166
B-17,2026-05-06,QX-BWS-283,130
B-17,2026-05-06,QX-DRY-284,96
B-17,2026-05-06,QX-TIN-285,156
B-17,2026-05-06,QX-PET-286,225
B-17,2026-05-06,QX-BAK-287,121
B-17,2026-05-06,QX-BAK-288,145
B-17,2026-05-06,QX-TIN-289,155
B-17,2026-05-06,QX-TIN-291,218
B-17,2026-05-06,QX-HBC-292,64
B-17,2026-05-06,QX-DRK-293,231
B-17,2026-05-06,QX-HHD-294,82
B-17,2026-05-06,QX-TIN-296,163
B-17,2026-05-06,QX-FRZ-297,184
B-17,2026-05-06,QX-BWS-298,83
B-17,2026-05-06,QX-TIN-299,84
B-17,2026-05-06,QX-HBC-300,43
B-17,2026-05-06,QX-BAK-301,48
B-17,2026-05-06,QX-DRK-302,156
B-17,2026-05-06,QX-PRO-303,212
B-17,2026-05-06,QX-CER-304,4
B-17,2026-05-06,QX-CER-305,173
B-17,2026-05-06,QX-HBC-306,165
B-17,2026-05-06,QX-BWS-307,197
B-17,2026-05-06,QX-BWS-308,212
B-17,2026-05-06,QX-CER-309,17
B-17,2026-05-06,QX-TIN-311,41
B-17,2026-05-06,QX-TIN-312,112
B-17,2026-05-06,QX-DRY-314,87
B-17,2026-05-06,QX-CHL-315,43
B-17,2026-05-06,QX-BWS-316,205
B-17,2026-05-06,QX-PET-317,6
B-17,2026-05-06,QX-DRK-319,157
B-17,2026-05-06,QX-CER-320,74
B-17,2026-05-06,QX-PRO-321,193
B-17,2026-05-06,QX-TIN-322,128
B-17,2026-05-06,QX-BWS-323,204
B-17,2026-05-06,QX-HBC-324,229
B-17,2026-05-06,QX-HBC-325,33
B-17,2026-05-06,QX-BWS-326,163
B-17,2026-05-06,QX-HBC-327,80
B-17,2026-05-06,QX-TIN-328,78
B-17,2026-05-06,QX-BAK-329,74
B-17,2026-05-06,QX-HHD-330,140
B-17,2026-05-06,QX-CHL-332,59
B-17,2026-05-06,QX-CER-333,128
B-17,2026-05-06,QX-CHL-334,139
B-17,2026-05-06,QX-FRZ-336,63
B-17,2026-05-06,QX-BAK-337,156
B-17,2026-05-06,QX-FRZ-338,40
B-17,2026-05-06,QX-CHL-339,
B-17,2026-05-06,QX-TIN-340,191
B-17,2026-05-06,QX-DRY-341,235
B-17,2026-05-06,QX-DRK-342,194
B-17,2026-05-06,QX-TIN-343,240
B-17,2026-05-06,QX-FRZ-344,163
B-17,2026-05-06,QX-CHL-345,209
B-17,2026-05-06,QX-FRZ-346,105
B-17,2026-05-06,QX-HHD-347,73
B-17,2026-05-06,QX-DRK-348,177
B-17,2026-05-06,QX-CER-349,3
B-17,2026-05-06,QX-DRY-350,108
B-17,2026-05-06,QX-BAK-351,15
B-17,2026-05-06,QX-CER-352,3
B-17,2026-05-06,QX-HHD-353,176
B-17,2026-05-06,QX-TIN-354,230
B-17,2026-05-06,QX-HBC-355,165
B-17,2026-05-06,QX-TIN-356,220
B-17,2026-05-06,QX-PET-357,190
B-17,2026-05-06,QX-CER-358,183
B-17,2026-05-06,QX-DRY-359,84
B-17,2026-05-06,QX-HHD-360,240
B-17,2026-05-06,QX-DRK-361,54
B-17,2026-05-06,QX-DRK-362,199
B-17,2026-05-06,QX-TIN-363,72
B-17,2026-05-06,QX-CER-364,121
B-17,2026-05-06,QX-TIN-365,226
B-17,2026-05-06,QX-HBC-366,74
B-17,2026-05-06,QX-CHL-367,121
B-17,2026-05-06,QX-PRO-368,
B-17,2026-05-06,QX-DRK-369,209
B-17,2026-05-06,QX-BAK-371,74
B-17,2026-05-06,QX-HHD-372,137
B-17,2026-05-06,QX-CHL-373,59
B-17,2026-05-06,QX-BAK-374,65
B-17,2026-05-06,QX-BWS-375,65
B-17,2026-05-06,QX-CER-376,114
B-17,2026-05-06,QX-BAK-377,32
B-17,2026-05-06,QX-DRK-378,97
B-17,2026-05-06,QX-DRK-379,226
B-17,2026-05-06,QX-TIN-380,74
B-17,2026-05-06,QX-TIN-381,27
B-17,2026-05-06,QX-PET-382,205
B-17,2026-05-06,QX-TIN-383,185
B-17,2026-05-06,QX-BAK-384,218
B-17,2026-05-06,QX-FRZ-385,98
B-17,2026-05-06,QX-BAK-387,225
B-17,2026-05-06,QX-CER-388,117
B-17,2026-05-06,QX-CER-389,40
B-17,2026-05-06,QX-CER-390,127
B-17,2026-05-06,QX-DRY-391,194
B-17,2026-05-06,QX-FRZ-392,91
B-17,2026-05-06,QX-HBC-393,214
B-17,2026-05-06,QX-CER-394,193
B-17,2026-05-06,QX-BAK-395,21
B-17,2026-05-06,QX-FRZ-396,138
B-17,2026-05-06,QX-PET-398,52
B-17,2026-05-06,QX-BAK-400,50
B-17,2026-05-06,QX-HBC-401,88
B-17,2026-05-06,QX-DRY-403,79
B-17,2026-05-06,QX-PET-404,148
B-17,2026-05-06,QX-HBC-405,8
B-17,2026-05-06,QX-DRY-406,34
B-17,2026-05-06,QX-DRY-407,57
B-17,2026-05-06,QX-CHL-409,214
B-17,2026-05-06,QX-HHD-411,97
B-17,2026-05-06,QX-BWS-412,75
B-17,2026-05-06,QX-FRZ-413,132
B-17,2026-05-06,QX-FRZ-414,205
B-17,2026-05-06,QX-FRZ-415,97
B-17,2026-05-06,QX-PET-416,172
B-17,2026-05-06,QX-PET-417,239
B-17,2026-05-06,QX-HHD-418,103
B-17,2026-05-06,QX-BAK-419,232
B-17,2026-05-06,QX-DRK-420,236
B-17,2026-05-06,QX-FRZ-421,189
B-17,2026-05-06,QX-HHD-423,11
B-17,2026-05-06,QX-HBC-424,191
B-17,2026-05-06,QX-CHL-425,112
B-17,2026-05-06,QX-BAK-426,204
B-17,2026-05-06,QX-DRK-427,202
B-17,2026-05-06,QX-PET-428,89
B-17,2026-05-06,QX-CER-429,49
B-17,2026-05-06,QX-FRZ-431,44
B-17,2026-05-06,QX-CHL-432,231
B-17,2026-05-06,QX-PET-433,198
B-17,2026-05-06,QX-CER-434,1
B-17,2026-05-06,QX-PRO-435,149
B-17,2026-05-06,QX-PRO-436,161
B-17,2026-05-06,QX-FRZ-437,155
B-17,2026-05-06,QX-CHL-438,65
B-17,2026-05-06,QX-BWS-439,36
B-17,2026-05-06,QX-FRZ-440,98
B-17,2026-05-06,QX-HHD-441,200
B-17,2026-05-06,QX-HBC-442,159
B-17,2026-05-06,QX-HHD-443,130
B-17,2026-05-06,QX-HHD-445,15
B-17,2026-05-06,QX-PET-446,184
B-17,2026-05-06,QX-TIN-447,144
B-17,2026-05-06,QX-PET-448,20
B-17,2026-05-06,QX-HHD-449,97
B-17,2026-05-06,QX-HHD-450,191
B-17,2026-05-06,QX-HBC-452,172
B-17,2026-05-06,QX-DRK-453,34
B-17,2026-05-06,QX-PRO-454,112
B-17,2026-05-06,QX-DRK-455,111
B-17,2026-05-06,QX-TIN-456,74
B-17,2026-05-06,QX-HBC-457,147
B-17,2026-05-06,QX-CER-458,52
B-17,2026-05-06,QX-CHL-459,2
B-17,2026-05-06,QX-CER-460,40
B-17,2026-05-06,QX-PET-461,160
B-17,2026-05-06,QX-BAK-462,239
B-17,2026-05-06,QX-TIN-463,189
B-17,2026-05-06,QX-BAK-464,220
B-17,2026-05-06,QX-HBC-465,231
B-17,2026-05-06,QX-CHL-466,103
B-17,2026-05-06,QX-DRK-467,120
B-17,2026-05-06,QX-TIN-468,104
B-17,2026-05-06,QX-HHD-469,9
B-17,2026-05-06,QX-BWS-470,159
B-17,2026-05-06,QX-PET-471,162
B-17,2026-05-06,QX-DRY-472,189
B-17,2026-05-06,QX-CER-473,53
B-17,2026-05-06,QX-DRK-474,58
B-17,2026-05-06,QX-HBC-475,57
B-17,2026-05-06,QX-PET-476,86
B-17,2026-05-06,QX-PRO-477,57
B-17,2026-05-06,QX-FRZ-478,95
B-17,2026-05-06,QX-PET-479,218
B-17,2026-05-06,QX-DRK-480,177
B-17,2026-05-06,QX-TIN-481,29
B-17,2026-05-06,QX-HBC-482,216
B-17,2026-05-06,QX-DRY-483,84
B-17,2026-05-06,QX-TIN-484,209
B-17,2026-05-06,QX-CER-486,101
B-17,2026-05-06,QX-BAK-487,216
B-17,2026-05-06,QX-PRO-488,206
B-17,2026-05-06,QX-DRK-489,145
B-17,2026-05-06,QX-BWS-490,178
B-17,2026-05-06,QX-HBC-491,27
B-17,2026-05-06,QX-FRZ-492,44
B-17,2026-05-06,QX-CHL-493,49
B-17,2026-05-06,QX-HBC-494,208
B-17,2026-05-06,QX-FRZ-495,151
B-17,2026-05-06,QX-HHD-496,78
B-17,2026-05-06,QX-PET-497,29
B-17,2026-05-06,QX-BWS-498,110
B-17,2026-05-06,QX-BAK-499,126
B-17,2026-05-06,QX-FRZ-500,179
B-17,2026-05-06,QX-BAK-501,48
B-17,2026-05-06,QX-PET-503,19
B-17,2026-05-06,QX-CER-504,18
B-17,2026-05-06,QX-CER-505,18
B-17,2026-05-06,QX-BAK-506,159
B-17,2026-05-06,QX-CER-507,238
B-17,2026-05-06,QX-DRK-508,132
B-17,2026-05-06,QX-BAK-509,141
B-17,2026-05-06,QX-CER-510,46
B-17,2026-05-06,QX-DRK-511,201
B-17,2026-05-06,QX-HHD-512,5
B-17,2026-05-06,QX-CER-513,202
B-17,2026-05-06,QX-HHD-514,123
B-17,2026-05-06,QX-HHD-515,231
B-17,2026-05-06,QX-PET-516,71
B-17,2026-05-06,QX-CHL-517,217
B-17,2026-05-06,QX-BAK-518,126
B-17,2026-05-06,QX-PET-520,114
B-17,2026-05-06,QX-BAK-521,178
B-17,2026-05-06,QX-DRY-522,102
B-17,2026-05-06,QX-PRO-523,35
B-17,2026-05-06,QX-PRO-524,79
B-17,2026-05-06,QX-FRZ-525,207
B-17,2026-05-06,QX-CER-526,182
B-17,2026-05-06,QX-CHL-527,141
B-17,2026-05-06,QX-DRK-528,236
B-17,2026-05-06,QX-CER-529,17
B-17,2026-05-06,QX-CHL-530,106
B-17,2026-05-06,QX-CER-531,183
B-17,2026-05-06,QX-HBC-532,33
B-17,2026-05-06,QX-PET-533,126
B-17,2026-05-06,QX-TIN-534,37
B-17,2026-05-06,QX-FRZ-535,26
B-17,2026-05-06,QX-PET-537,231
B-17,2026-05-06,QX-BAK-538,182
B-17,2026-05-06,QX-HBC-539,
B-17,2026-05-06,QX-PRO-540,195
B-17,2026-05-06,QX-CHL-541,118
B-17,2026-05-06,QX-CHL-542,171
B-17,2026-05-06,QX-PRO-543,124
B-17,2026-05-06,QX-DRY-544,131
B-17,2026-05-06,QX-HBC-545,136
B-17,2026-05-06,QX-DRK-546,164
B-17,2026-05-06,QX-FRZ-547,226
B-17,2026-05-06,QX-TIN-548,64
B-17,2026-05-06,QX-BWS-549,36
B-17,2026-05-06,QX-CHL-550,186
B-17,2026-05-06,QX-HHD-551,224
B-17,2026-05-06,QX-TIN-552,189
B-17,2026-05-06,QX-FRZ-553,239
B-17,2026-05-06,QX-HHD-554,147
B-17,2026-05-06,QX-DRY-555,232
B-17,2026-05-06,QX-HHD-556,11
B-17,2026-05-06,QX-TIN-557,163
B-17,2026-05-06,QX-CER-558,48
B-17,2026-05-06,QX-PET-559,228
B-17,2026-05-06,QX-DRK-560,204
B-17,2026-05-06,QX-CER-561,7
B-17,2026-05-06,QX-PRO-562,52
B-17,2026-05-06,QX-HHD-563,94
B-17,2026-05-06,QX-BAK-564,130
B-17,2026-05-06,QX-BAK-565,188
B-17,2026-05-06,QX-FRZ-566,32
B-17,2026-05-06,QX-HHD-568,83
B-17,2026-05-06,QX-BAK-569,206
B-17,2026-05-06,QX-HHD-570,183
B-17,2026-05-06,QX-PET-571,152
B-17,2026-05-06,QX-PET-573,234
B-17,2026-05-06,QX-TIN-574,51
B-17,2026-05-06,QX-PET-575,142
B-17,2026-05-06,QX-HBC-576,68
B-17,2026-05-06,QX-DRY-577,136
B-17,2026-05-06,QX-FRZ-578,119
B-17,2026-05-06,QX-PRO-580,94
B-17,2026-05-06,QX-BAK-581,134
B-17,2026-05-06,QX-FRZ-582,224
B-17,2026-05-06,QX-DRK-583,69
B-17,2026-05-06,QX-HHD-584,51
B-17,2026-05-06,QX-HHD-586,96
B-17,2026-05-06,QX-PRO-587,164
B-17,2026-05-06,QX-FRZ-588,176
B-17,2026-05-06,QX-CER-589,114
B-17,2026-05-06,QX-BAK-590,69
B-17,2026-05-06,QX-HBC-591,51
B-17,2026-05-06,QX-TIN-593,230
B-17,2026-05-06,QX-CER-594,31
B-17,2026-05-06,QX-HHD-595,139
B-17,2026-05-06,QX-PRO-596,30
B-17,2026-05-06,QX-BWS-597,100
B-17,2026-05-06,QX-BAK-598,61
B-17,2026-05-06,QX-BAK-599,231
B-17,2026-05-06,QX-DRK-600,
B-17,2026-05-06,QX-DRK-601,188
B-17,2026-05-06,QX-PET-602,64
B-17,2026-05-06,QX-DRK-603,154
B-17,2026-05-06,QX-BAK-604,40
B-17,2026-05-06,QX-CER-606,90
B-17,2026-05-06,QX-BWS-607,16
B-17,2026-05-06,QX-FRZ-608,130
B-17,2026-05-06,QX-CHL-609,92
B-17,2026-05-06,QX-BAK-610,
B-17,2026-05-06,QX-BWS-611,134
B-17,2026-05-06,QX-BWS-612,185
B-17,2026-05-06,QX-BAK-613,234
B-17,2026-05-06,QX-FRZ-615,140
B-17,2026-05-06,QX-HHD-616,75
B-17,2026-05-06,QX-CHL-617,152
B-17,2026-05-06,QX-DRY-618,204
B-17,2026-05-06,QX-CER-619,240
B-17,2026-05-06,QX-DRY-620,167
B-17,2026-05-06,QX-HHD-621,211
B-17,2026-05-06,QX-FRZ-622,208
B-17,2026-05-06,QX-FRZ-623,213
B-17,2026-05-06,QX-DRK-624,227
B-17,2026-05-06,QX-FRZ-625,51
B-17,2026-05-06,QX-TIN-626,67
B-17,2026-05-06,QX-CHL-627,104
B-17,2026-05-06,QX-DRK-628,177
B-17,2026-05-06,QX-BAK-629,223
B-17,2026-05-06,QX-TIN-630,234
B-17,2026-05-06,QX-HHD-631,50
B-17,2026-05-06,QX-PET-632,6
B-17,2026-05-06,QX-BAK-633,212
B-17,2026-05-06,QX-HHD-634,34
B-17,2026-05-06,QX-FRZ-635,12
B-17,2026-05-06,QX-HBC-636,193
B-17,2026-05-06,QX-PRO-637,146
B-17,2026-05-06,QX-BAK-638,101
B-17,2026-05-06,QX-DRK-639,16
B-17,2026-05-06,QX-DRY-640,54
B-17,2026-05-06,QX-BAK-641,102
B-17,2026-05-06,QX-CHL-642,176
B-17,2026-05-06,QX-FRZ-643,203
B-17,2026-05-06,QX-BAK-644,180
B-17,2026-05-06,QX-DRK-645,165
B-17,2026-05-06,QX-FRZ-646,87
B-17,2026-05-06,QX-CER-647,
B-17,2026-05-06,QX-BAK-648,39
B-17,2026-05-06,QX-BWS-649,89
B-17,2026-05-06,QX-TIN-650,39
B-17,2026-05-06,QX-CER-651,203
B-17,2026-05-06,QX-DRY-652,217
B-17,2026-05-06,QX-BAK-653,49
B-17,2026-05-06,QX-PET-654,40
B-17,2026-05-06,QX-CER-655,239
B-17,2026-05-06,QX-DRK-656,178
B-17,2026-05-06,QX-TIN-657,120
B-17,2026-05-06,QX-DRY-658,236
B-17,2026-05-06,QX-BAK-659,106
B-17,2026-05-06,QX-HHD-660,138
B-17,2026-05-06,QX-DRY-661,135
B-17,2026-05-06,QX-CER-663,20
B-17,2026-05-06,QX-DRY-664,57
B-17,2026-05-06,QX-HHD-665,32
B-17,2026-05-06,QX-CER-666,182
B-17,2026-05-06,QX-DRY-667,123
B-17,2026-05-06,QX-BWS-668,51
B-17,2026-05-06,QX-FRZ-669,195
B-17,2026-05-06,QX-DRK-670,144
B-17,2026-05-06,QX-CER-671,106
B-17,2026-05-06,QX-PRO-672,10
B-17,2026-05-06,QX-PET-674,118
B-17,2026-05-06,QX-TIN-677,146
B-17,2026-05-06,QX-BAK-678,
B-17,2026-05-06,QX-FRZ-679,106
B-17,2026-05-06,QX-FRZ-680,151
B-17,2026-05-06,QX-CER-681,62
B-17,2026-05-06,QX-HHD-682,68
B-17,2026-05-06,QX-BWS-684,101
B-17,2026-05-06,QX-PRO-685,148
B-17,2026-05-06,QX-DRY-686,60
B-17,2026-05-06,QX-FRZ-687,238
B-17,2026-05-06,QX-BAK-688,236
B-17,2026-05-06,QX-BAK-689,194
B-17,2026-05-06,QX-CER-690,204
B-17,2026-05-06,QX-HBC-691,137
B-17,2026-05-06,QX-BAK-692,100
B-17,2026-05-06,QX-BAK-693,36
B-17,2026-05-06,QX-PET-694,218
B-17,2026-05-06,QX-CHL-695,190
B-17,2026-05-06,QX-FRZ-696,149
B-17,2026-05-06,QX-DRY-698,141
B-17,2026-05-06,QX-PRO-699,176
B-17,2026-05-06,QX-PET-700,160
B-17,2026-05-06,QX-CER-702,211
B-17,2026-05-06,QX-BWS-703,214
B-17,2026-05-06,QX-FRZ-704,15
B-17,2026-05-06,QX-DRK-705,63
B-17,2026-05-06,QX-FRZ-706,49
B-17,2026-05-06,QX-CHL-707,93
B-17,2026-05-06,QX-PET-708,98
B-17,2026-05-06,QX-CER-709,31
B-17,2026-05-06,QX-TIN-710,181
B-17,2026-05-06,QX-BAK-711,121
B-17,2026-05-06,QX-TIN-712,127
B-17,2026-05-06,QX-PRO-713,153
B-17,2026-05-06,QX-DRK-714,147
B-17,2026-05-06,QX-BAK-715,227
B-17,2026-05-06,QX-CHL-716,225
B-17,2026-05-06,QX-PET-717,140
B-17,2026-05-06,QX-PRO-718,109
B-17,2026-05-06,QX-FRZ-719,72
B-17,2026-05-06,QX-PRO-720,113
B-17,2026-05-06,QX-TIN-721,52
B-17,2026-05-06,QX-DRK-722,76
B-17,2026-05-06,QX-CER-724,55
B-17,2026-05-06,QX-PRO-726,189
B-17,2026-05-06,QX-HBC-727,15
B-17,2026-05-06,QX-HBC-729,27
B-17,2026-05-06,QX-DRK-730,69
B-17,2026-05-06,QX-CHL-732,71
B-17,2026-05-06,QX-DRK-733,6
B-17,2026-05-06,QX-CHL-734,64
B-17,2026-05-06,QX-FRZ-735,227
B-17,2026-05-06,QX-DRK-736,132
B-17,2026-05-06,QX-HBC-737,233
B-17,2026-05-06,QX-CHL-738,231
B-17,2026-05-06,QX-PRO-739,149
B-17,2026-05-06,QX-PET-741,108
B-17,2026-05-06,QX-FRZ-742,230
B-17,2026-05-06,QX-FRZ-743,155
B-17,2026-05-06,QX-CHL-744,215
B-17,2026-05-06,QX-HHD-745,
B-17,2026-05-06,QX-DRK-746,17
B-17,2026-05-06,QX-BWS-747,69
B-17,2026-05-06,QX-PRO-748,145
B-17,2026-05-06,QX-DRY-749,52
B-17,2026-05-06,QX-TIN-750,145
B-17,2026-05-06,QX-TIN-751,164
B-17,2026-05-06,QX-PET-752,195
B-17,2026-05-06,QX-TIN-753,140
B-17,2026-05-06,QX-FRZ-754,40
B-17,2026-05-06,QX-DRY-755,199
B-17,2026-05-06,QX-DRK-756,228
B-17,2026-05-06,QX-DRK-757,10
B-17,2026-05-06,QX-HHD-758,115
B-17,2026-05-06,QX-FRZ-759,196
B-17,2026-05-06,QX-CHL-760,13
B-17,2026-05-06,QX-BAK-761,84
B-17,2026-05-06,QX-HHD-762,110
B-17,2026-05-06,QX-HBC-764,226
B-17,2026-05-06,QX-BAK-765,211
B-17,2026-05-06,QX-BAK-766,189
B-17,2026-05-06,QX-BWS-767,112
B-17,2026-05-06,QX-BAK-769,140
B-17,2026-05-06,QX-BAK-770,35
B-17,2026-05-06,QX-PET-771,121
B-17,2026-05-06,QX-DRY-772,93
B-17,2026-05-06,QX-DRY-773,206
B-17,2026-05-06,QX-FRZ-774,61
B-17,2026-05-06,QX-TIN-775,156
B-17,2026-05-06,QX-BAK-777,192
B-17,2026-05-06,QX-HBC-778,30
B-17,2026-05-06,QX-TIN-779,204
B-17,2026-05-06,QX-DRK-780,80
B-17,2026-05-06,QX-PET-781,143
B-17,2026-05-06,QX-HBC-782,112
B-17,2026-05-06,QX-BWS-783,144
B-17,2026-05-06,QX-BWS-785,148
B-17,2026-05-06,QX-CER-786,
B-17,2026-05-06,QX-DRK-787,1
B-17,2026-05-06,QX-FRZ-788,218
B-17,2026-05-06,QX-PET-789,26
B-17,2026-05-06,QX-HHD-790,131
B-17,2026-05-06,QX-HHD-791,
B-17,2026-05-06,QX-DRY-792,46
B-17,2026-05-06,QX-PRO-793,18
B-17,2026-05-06,QX-HBC-794,209
B-17,2026-05-06,QX-HBC-795,118
B-17,2026-05-06,QX-BAK-796,48
B-17,2026-05-06,QX-BWS-797,34
B-17,2026-05-06,QX-BWS-798,225
B-17,2026-05-06,QX-BAK-799,60
B-17,2026-05-06,QX-HBC-800,0
B-17,2026-05-06,QX-DRY-802,113
B-17,2026-05-06,QX-HHD-803,124
B-17,2026-05-06,QX-HBC-805,45
B-17,2026-05-06,QX-HBC-806,197
B-17,2026-05-06,QX-PET-807,173
B-17,2026-05-06,QX-HHD-808,189
B-17,2026-05-06,QX-HHD-809,14
B-17,2026-05-06,QX-PET-810,214
B-17,2026-05-06,QX-DRY-811,104
B-17,2026-05-06,QX-BWS-814,137
B-17,2026-05-06,QX-HHD-815,201
B-17,2026-05-06,QX-BAK-816,204
B-17,2026-05-06,QX-PRO-817,0
B-17,2026-05-06,QX-BAK-818,125
B-17,2026-05-06,QX-TIN-819,240
B-17,2026-05-06,QX-BAK-820,108
B-17,2026-05-06,QX-CHL-821,216
B-17,2026-05-06,QX-PET-822,136
B-17,2026-05-06,QX-DRK-823,55
B-17,2026-05-06,QX-FRZ-824,
B-17,2026-05-06,QX-HHD-825,39
B-17,2026-05-06,QX-HBC-826,57
B-17,2026-05-06,QX-DRK-827,172
B-17,2026-05-06,QX-HBC-828,173
B-17,2026-05-06,QX-HHD-829,96
B-17,2026-05-06,QX-BWS-830,25
B-17,2026-05-06,QX-CER-831,132
B-17,2026-05-06,QX-FRZ-832,45
B-17,2026-05-06,QX-PRO-833,24
B-17,2026-05-06,QX-DRK-834,139
B-17,2026-05-06,QX-DRK-835,160
B-17,2026-05-06,QX-BWS-837,162
B-17,2026-05-06,QX-BWS-838,48
B-17,2026-05-06,QX-DRK-839,149
B-17,2026-05-06,QX-HBC-840,135
B-17,2026-05-06,QX-HHD-841,41
B-17,2026-05-06,QX-PET-842,219
B-17,2026-05-06,QX-DRK-843,82
B-17,2026-05-06,QX-HBC-844,128
B-17,2026-05-06,QX-HHD-845,144
B-17,2026-05-06,QX-CHL-846,216
B-17,2026-05-06,QX-HBC-847,70
B-17,2026-05-06,QX-DRK-849,108
B-17,2026-05-06,QX-BWS-850,24
B-17,2026-05-06,QX-DRY-851,102
B-17,2026-05-06,QX-PRO-852,26
B-17,2026-05-06,QX-PET-853,61
B-17,2026-05-06,QX-HHD-854,104
B-17,2026-05-06,QX-FRZ-855,48
B-17,2026-05-06,QX-FRZ-856,239
B-17,2026-05-06,QX-HBC-857,72
B-17,2026-05-06,QX-PRO-858,145
B-17,2026-05-06,QX-FRZ-859,80
B-17,2026-05-06,QX-BAK-860,124
B-17,2026-05-06,QX-PRO-861,160
B-17,2026-05-06,QX-CHL-862,146
B-17,2026-05-06,QX-BWS-864,189
B-17,2026-05-06,QX-TIN-865,125
B-17,2026-05-06,QX-CER-866,189
B-17,2026-05-06,QX-TIN-867,
B-17,2026-05-06,QX-HBC-868,146
B-17,2026-05-06,QX-FRZ-869,181
B-17,2026-05-06,QX-DRY-870,118
B-17,2026-05-06,QX-DRK-871,43
B-17,2026-05-06,QX-CHL-872,193
B-17,2026-05-06,QX-TIN-873,235
B-17,2026-05-06,QX-CHL-874,60
B-17,2026-05-06,QX-BWS-875,210
B-17,2026-05-06,QX-BWS-876,152
B-17,2026-05-06,QX-BAK-877,168
B-17,2026-05-06,QX-TIN-878,9
B-17,2026-05-06,QX-PRO-879,193
B-17,2026-05-06,QX-PRO-880,23
B-17,2026-05-06,QX-TIN-881,237
B-17,2026-05-06,QX-DRK-882,24
B-17,2026-05-06,QX-CHL-883,159
B-17,2026-05-06,QX-CER-884,126
B-17,2026-05-06,QX-BWS-885,1
B-17,2026-05-06,QX-CER-887,150
B-17,2026-05-06,QX-HHD-888,49
B-17,2026-05-06,QX-PRO-889,69
B-17,2026-05-06,QX-FRZ-890,230
B-17,2026-05-06,QX-CHL-891,179
B-17,2026-05-06,QX-TIN-892,96
B-17,2026-05-06,QX-CHL-893,101
B-17,2026-05-06,QX-HHD-894,98
B-17,2026-05-06,QX-HHD-895,146
B-17,2026-05-06,QX-FRZ-896,138
B-17,2026-05-06,QX-BWS-897,15
B-17,2026-05-06,QX-TIN-898,21
B-17,2026-05-06,QX-BAK-899,91
B-17,2026-05-06,QX-BAK-900,216
B-17,2026-05-06,QX-HBC-901,219
B-17,2026-05-06,QX-PET-902,96
B-17,2026-05-06,QX-DRY-903,229
B-17,2026-05-06,QX-TIN-904,67
B-17,2026-05-06,QX-FRZ-905,209
B-17,2026-05-06,QX-PRO-906,62
B-17,2026-05-06,QX-BWS-907,197
B-17,2026-05-06,QX-BWS-908,85
B-17,2026-05-06,QX-BWS-909,83
B-17,2026-05-06,QX-DRK-910,165
B-17,2026-05-06,QX-BWS-911,64
B-17,2026-05-06,QX-TIN-912,47
B-17,2026-05-06,QX-BAK-913,147
B-17,2026-05-06,QX-DRY-914,186
B-17,2026-05-06,QX-FRZ-915,216
B-17,2026-05-06,QX-PET-916,178
B-17,2026-05-06,QX-BWS-918,36
B-17,2026-05-06,QX-PET-919,
B-17,2026-05-06,QX-FRZ-921,240
B-17,2026-05-06,QX-PRO-922,99
B-17,2026-05-06,QX-HBC-923,51
B-17,2026-05-06,QX-TIN-926,57
B-17,2026-05-06,QX-FRZ-928,3
B-17,2026-05-06,QX-BAK-929,209
B-17,2026-05-06,QX-PET-930,183
B-17,2026-05-06,QX-HBC-932,106
B-17,2026-05-06,QX-TIN-933,21
B-17,2026-05-06,QX-TIN-934,142
B-17,2026-05-06,QX-DRK-935,86
B-17,2026-05-06,QX-FRZ-936,29
B-17,2026-05-06,QX-HHD-937,234
B-17,2026-05-06,QX-CHL-938,191
B-17,2026-05-06,QX-BWS-939,98
B-17,2026-05-06,QX-DRY-940,201
B-17,2026-05-06,QX-CER-941,99
B-17,2026-05-06,QX-BAK-942,68
B-17,2026-05-06,QX-DRK-943,238
B-17,2026-05-06,QX-PRO-944,224
B-17,2026-05-06,QX-TIN-945,12
B-17,2026-05-06,QX-CHL-946,224
B-17,2026-05-06,QX-FRZ-947,88
B-17,2026-05-06,QX-HBC-948,104
B-17,2026-05-06,QX-PRO-949,61
B-17,2026-05-06,QX-BWS-950,55
B-17,2026-05-06,QX-DRY-951,20
B-17,2026-05-06,QX-PRO-952,24
B-17,2026-05-06,QX-HBC-953,51
B-17,2026-05-06,QX-PRO-954,230
B-17,2026-05-06,QX-HHD-956,151
B-17,2026-05-06,QX-HHD-957,192
B-17,2026-05-06,QX-CHL-958,60
B-17,2026-05-06,QX-PRO-959,172
B-17,2026-05-06,QX-PET-960,216
B-17,2026-05-06,QX-FRZ-961,113
B-17,2026-05-06,QX-DRY-962,
B-17,2026-05-06,QX-PRO-963,116
B-17,2026-05-06,QX-HBC-964,
B-17,2026-05-06,QX-HBC-965,98
B-17,2026-05-06,QX-FRZ-966,236
B-17,2026-05-06,QX-HHD-967,221
B-17,2026-05-06,QX-CER-968,106
B-17,2026-05-06,QX-HHD-969,16
B-17,2026-05-06,QX-TIN-970,57
B-17,2026-05-06,QX-TIN-971,90
B-17,2026-05-06,QX-CER-972,151
B-17,2026-05-06,QX-HBC-973,42
B-17,2026-05-06,QX-DRK-974,
B-17,2026-05-06,QX-FRZ-975,182
B-17,2026-05-06,QX-TIN-976,173
B-17,2026-05-06,QX-BWS-977,66
B-17,2026-05-06,QX-PRO-978,162
B-17,2026-05-06,QX-HHD-979,88
B-17,2026-05-06,QX-FRZ-980,111
B-17,2026-05-06,QX-FRZ-981,152
B-17,2026-05-06,QX-DRY-982,70
B-17,2026-05-06,QX-FRZ-983,130
B-17,2026-05-06,QX-HBC-985,239
B-17,2026-05-06,QX-DRY-986,226
B-17,2026-05-06,QX-CER-987,15
B-17,2026-05-06,QX-HHD-989,224
B-17,2026-05-06,QX-TIN-990,63
B-17,2026-05-06,QX-CER-991,182
B-17,2026-05-06,QX-BWS-992,105
B-17,2026-05-06,QX-CER-993,150
B-17,2026-05-06,QX-DRK-994,49
B-17,2026-05-06,QX-TIN-995,129
B-17,2026-05-06,QX-CER-996,207
B-17,2026-05-06,QX-FRZ-997,
B-17,2026-05-06,QX-TIN-998,136
B-17,2026-05-06,QX-CER-999,152
B-17,2026-05-06,QX-CER-000,207
B-17,2026-05-06,QX-PRO-001,94
B-17,2026-05-06,QX-PET-002,75
B-17,2026-05-06,QX-HBC-004,174
B-17,2026-05-06,QX-BAK-005,55
B-17,2026-05-06,QX-BWS-006,192
B-17,2026-05-06,QX-DRK-007,6
B-17,2026-05-06,QX-TIN-008,138
B-17,2026-05-06,QX-TIN-009,140
B-17,2026-05-06,QX-CHL-010,
B-17,2026-05-06,QX-HBC-011,47
B-17,2026-05-06,QX-FRZ-012,208
B-17,2026-05-06,QX-HHD-013,182
B-17,2026-05-06,QX-DRY-014,80
B-17,2026-05-06,QX-PRO-015,157
B-17,2026-05-06,QX-PET-016,4
B-17,2026-05-06,QX-TIN-017,159
B-17,2026-05-06,QX-FRZ-018,93
B-17,2026-05-06,QX-FRZ-019,128
B-17,2026-05-06,QX-CHL-021,187
B-17,2026-05-06,QX-PRO-022,83
B-17,2026-05-06,QX-HHD-023,6
B-17,2026-05-06,QX-DRK-024,147
B-17,2026-05-06,QX-FRZ-025,232
B-17,2026-05-06,QX-PRO-026,23
B-17,2026-05-06,QX-HBC-027,171
B-17,2026-05-06,QX-HHD-028,34
B-17,2026-05-06,QX-HHD-029,116
B-17,2026-05-06,QX-DRY-030,27
B-17,2026-05-06,QX-HBC-031,141
B-17,2026-05-06,QX-DRK-032,148
B-17,2026-05-06,QX-TIN-033,106
B-17,2026-05-06,QX-HHD-034,166
B-17,2026-05-06,QX-TIN-035,125
B-17,2026-05-06,QX-BAK-036,1
B-17,2026-05-06,QX-TIN-038,211
B-17,2026-05-06,QX-PRO-039,158
B-17,2026-05-06,QX-HBC-040,166
B-17,2026-05-06,QX-DRY-041,
B-17,2026-05-06,QX-DRK-042,3
B-17,2026-05-06,QX-FRZ-043,125
B-17,2026-05-06,QX-CER-044,201
B-17,2026-05-06,QX-HHD-045,172
B-17,2026-05-06,QX-BAK-046,231
B-17,2026-05-06,QX-CER-047,65
B-17,2026-05-06,QX-HBC-048,218
B-17,2026-05-06,QX-HBC-049,187
B-17,2026-05-06,QX-BWS-050,216
B-17,2026-05-06,QX-PET-052,145
B-17,2026-05-06,QX-FRZ-053,201
B-17,2026-05-06,QX-FRZ-056,134
B-17,2026-05-06,QX-FRZ-057,25
B-17,2026-05-06,QX-DRY-058,163
B-17,2026-05-06,QX-PET-059,69
B-17,2026-05-06,QX-FRZ-060,51
B-17,2026-05-06,QX-BWS-061,18
B-17,2026-05-06,QX-BWS-062,8
B-17,2026-05-06,QX-HHD-063,148
B-17,2026-05-06,QX-FRZ-064,56
B-17,2026-05-06,QX-PET-065,86
B-17,2026-05-06,QX-TIN-066,225
B-17,2026-05-06,QX-HBC-067,228
B-17,2026-05-06,QX-TIN-068,139
B-17,2026-05-06,QX-CER-069,5
B-17,2026-05-06,QX-DRY-070,56
B-17,2026-05-06,QX-DRK-071,220
B-17,2026-05-06,QX-FRZ-072,44
B-17,2026-05-06,QX-HHD-073,71
B-17,2026-05-06,QX-BWS-074,119
B-17,2026-05-06,QX-DRY-075,65
B-17,2026-05-06,QX-DRK-076,215
B-17,2026-05-06,QX-CER-077,42
B-17,2026-05-06,QX-HBC-078,121
B-17,2026-05-06,QX-PRO-079,234
B-17,2026-05-06,QX-FRZ-080,65
B-17,2026-05-06,QX-BWS-081,101
B-17,2026-05-06,QX-CER-082,86
B-17,2026-05-06,QX-DRY-083,162
B-17,2026-05-06,QX-DRY-084,29
B-17,2026-05-06,QX-DRK-085,134
B-17,2026-05-06,QX-HHD-086,54
B-17,2026-05-06,QX-BWS-087,65
B-17,2026-05-06,QX-TIN-088,167
B-17,2026-05-06,QX-HBC-089,121
B-17,2026-05-06,QX-PET-090,164
B-17,2026-05-06,QX-CHL-091,142
B-17,2026-05-06,QX-TIN-092,199
B-17,2026-05-06,QX-CER-093,6
B-17,2026-05-06,QX-FRZ-094,105
B-17,2026-05-06,QX-DRK-095,16
B-17,2026-05-06,QX-HHD-096,143
B-17,2026-05-06,QX-FRZ-097,142
B-17,2026-05-06,QX-HBC-098,51
B-17,2026-05-06,QX-BAK-099,43
B-17,2026-05-06,QX-HHD-100,188
B-17,2026-05-06,QX-PET-101,191
B-17,2026-05-06,QX-DRY-104,226
B-17,2026-05-06,QX-BAK-105,93
B-17,2026-05-06,QX-FRZ-106,
B-17,2026-05-06,QX-HBC-107,176
B-17,2026-05-06,QX-CER-108,222
B-17,2026-05-06,QX-DRY-109,27
B-17,2026-05-06,QX-TIN-110,39
B-17,2026-05-06,QX-BWS-111,126
B-17,2026-05-06,QX-DRY-112,218
B-17,2026-05-06,QX-DRK-113,114
B-17,2026-05-06,QX-BWS-114,215
B-17,2026-05-06,QX-DRK-115,38
B-17,2026-05-06,QX-BWS-116,138
B-17,2026-05-06,QX-HHD-117,202
B-17,2026-05-06,QX-DRK-118,146
B-17,2026-05-06,QX-HHD-119,194
B-17,2026-05-06,QX-BAK-120,48
B-17,2026-05-06,QX-PRO-121,10
B-17,2026-05-06,QX-TIN-122,183
B-17,2026-05-06,QX-PET-123,221
B-17,2026-05-06,QX-DRK-124,227
B-17,2026-05-06,QX-HBC-125,8
B-17,2026-05-06,QX-DRY-126,225
B-17,2026-05-06,QX-BAK-127,71
B-17,2026-05-06,QX-PRO-128,172
B-17,2026-05-06,QX-BWS-129,148
B-17,2026-05-06,QX-DRK-130,151
B-17,2026-05-06,QX-PET-131,218
B-17,2026-05-06,QX-CER-132,231
B-17,2026-05-06,QX-DRK-133,34
B-17,2026-05-06,QX-CER-134,23
B-17,2026-05-06,QX-BWS-135,240
B-17,2026-05-06,QX-CHL-136,136
B-17,2026-05-06,QX-TIN-137,27
B-17,2026-05-06,QX-BWS-138,179
B-17,2026-05-06,QX-HHD-139,9
B-17,2026-05-06,QX-TIN-140,
B-17,2026-05-06,QX-DRY-141,87
B-17,2026-05-06,QX-DRK-142,144
B-17,2026-05-06,QX-FRZ-143,18
B-17,2026-05-06,QX-DRK-144,140
B-17,2026-05-06,QX-FRZ-145,162
B-17,2026-05-06,QX-PRO-146,152
B-17,2026-05-06,QX-CHL-147,154
B-17,2026-05-06,QX-HBC-148,105
B-17,2026-05-06,QX-TIN-149,55
B-17,2026-05-06,QX-PRO-150,3
B-17,2026-05-06,QX-BWS-151,232
B-17,2026-05-06,QX-DRK-152,175
B-17,2026-05-06,QX-TIN-153,166
B-17,2026-05-06,QX-BAK-155,131
B-17,2026-05-06,QX-DRY-156,213
B-17,2026-05-06,QX-PRO-157,164
B-17,2026-05-06,QX-DRY-158,187
B-17,2026-05-06,QX-TIN-159,214
B-17,2026-05-06,QX-CHL-160,194
B-17,2026-05-06,QX-FRZ-161,189
B-17,2026-05-06,QX-BWS-162,210
B-17,2026-05-06,QX-PRO-163,1
B-17,2026-05-06,QX-DRK-164,19
B-17,2026-05-06,QX-BAK-165,144
B-17,2026-05-06,QX-BWS-167,172
B-17,2026-05-06,QX-HHD-168,55
B-17,2026-05-06,QX-HBC-169,229
B-17,2026-05-06,QX-HHD-170,164
B-17,2026-05-06,QX-PRO-171,229
B-17,2026-05-06,QX-CHL-172,55
B-17,2026-05-06,QX-HHD-173,239
B-17,2026-05-06,QX-BAK-174,106
B-17,2026-05-06,QX-TIN-175,194
B-17,2026-05-06,QX-DRK-176,97
B-17,2026-05-06,QX-DRK-177,182
B-17,2026-05-06,QX-CER-178,59
B-17,2026-05-06,QX-HHD-179,84
B-17,2026-05-06,QX-CHL-180,185
B-17,2026-05-06,QX-PET-181,238
B-17,2026-05-06,QX-HHD-182,30
B-17,2026-05-06,QX-DRY-183,134
B-17,2026-05-06,QX-BAK-184,45
B-17,2026-05-06,QX-FRZ-185,58
B-17,2026-05-06,QX-CHL-186,181
B-17,2026-05-06,QX-HBC-187,120
B-17,2026-05-06,QX-BAK-188,
B-17,2026-05-06,QX-HBC-189,136
B-17,2026-05-06,QX-DRY-191,69
B-17,2026-05-06,QX-PET-192,184
B-17,2026-05-06,QX-DRY-193,129
B-17,2026-05-06,QX-HBC-194,77
B-17,2026-05-06,QX-CHL-195,62
B-17,2026-05-06,QX-DRY-196,237
B-17,2026-05-06,QX-HHD-197,134
B-17,2026-05-06,QX-BAK-198,2
B-17,2026-05-06,QX-DRY-199,20
B-17,2026-05-06,QX-PRO-200,124
B-17,2026-05-06,QX-TIN-202,50
B-17,2026-05-06,QX-HHD-203,114
B-17,2026-05-06,QX-CHL-205,208
B-17,2026-05-06,QX-HHD-206,95
B-17,2026-05-06,QX-CHL-207,
B-17,2026-05-06,QX-HBC-208,48
B-17,2026-05-06,QX-DRK-209,165
B-17,2026-05-06,QX-TIN-210,57
B-17,2026-05-06,QX-CHL-211,1
B-17,2026-05-06,QX-CER-213,137
B-17,2026-05-06,QX-BAK-217,159
B-17,2026-05-06,QX-HBC-220,182
B-17,2026-05-06,QX-PET-221,55
B-17,2026-05-06,QX-HBC-222,177
B-17,2026-05-06,QX-DRY-224,77
B-17,2026-05-06,QX-HHD-225,233
B-17,2026-05-06,QX-CER-228,129
B-17,2026-05-06,QX-HHD-229,155
B-17,2026-05-06,QX-BWS-230,45
B-17,2026-05-06,QX-HHD-231,112
B-17,2026-05-06,QX-CHL-232,51
B-17,2026-05-06,QX-CHL-233,17
B-17,2026-05-06,QX-PET-234,12
B-17,2026-05-06,QX-BAK-235,53
B-17,2026-05-06,QX-BWS-236,99
B-17,2026-05-06,QX-BWS-237,91
B-17,2026-05-06,QX-HHD-238,10
B-17,2026-05-06,QX-FRZ-240,1
B-17,2026-05-06,QX-DRY-241,71
B-17,2026-05-06,QX-CHL-242,66
B-17,2026-05-06,QX-DRK-243,206
B-17,2026-05-06,QX-DRK-244,57
B-17,2026-05-06,QX-CER-245,32
B-17,2026-05-06,QX-CHL-246,111
B-17,2026-05-06,QX-DRY-247,56
B-17,2026-05-06,QX-HBC-248,240
B-17,2026-05-06,QX-HHD-249,205
B-17,2026-05-06,QX-CER-250,17
B-17,2026-05-06,QX-CER-251,106
B-17,2026-05-06,QX-BAK-252,51
B-17,2026-05-06,QX-CHL-253,42
B-17,2026-05-06,QX-BAK-254,199
B-17,2026-05-06,QX-FRZ-255,123
B-17,2026-05-06,QX-DRK-256,56
B-17,2026-05-06,QX-TIN-257,228
B-17,2026-05-06,QX-DRY-258,165
B-17,2026-05-06,QX-DRK-259,23
B-17,2026-05-06,QX-PET-260,86
B-17,2026-05-06,QX-DRY-261,61
B-17,2026-05-06,QX-FRZ-262,59
B-17,2026-05-06,QX-HHD-263,38
B-17,2026-05-06,QX-CER-264,123
B-17,2026-05-06,QX-BWS-265,92
B-17,2026-05-06,QX-BAK-268,168
B-17,2026-05-06,QX-PET-269,205
B-17,2026-05-06,QX-BWS-270,123
B-17,2026-05-06,QX-BWS-271,3
B-17,2026-05-06,QX-CER-272,223
B-17,2026-05-06,QX-PRO-273,90
B-17,2026-05-06,QX-DRY-274,77
B-17,2026-05-06,QX-BAK-275,101
B-17,2026-05-06,QX-CER-276,163
B-17,2026-05-06,QX-TIN-277,110
B-17,2026-05-06,QX-TIN-278,177
B-17,2026-05-06,QX-DRK-279,107
B-17,2026-05-06,QX-HBC-280,100
B-17,2026-05-06,QX-BWS-281,146
B-17,2026-05-06,QX-DRY-282,168
B-17,2026-05-06,QX-PET-284,76
B-17,2026-05-06,QX-CER-285,18
B-17,2026-05-06,QX-HHD-286,13
B-17,2026-05-06,QX-CER-288,58
B-17,2026-05-06,QX-FRZ-290,62
B-17,2026-05-06,QX-DRK-291,217
B-17,2026-05-06,QX-HBC-294,19
B-17,2026-05-06,QX-HHD-295,126
B-17,2026-05-06,QX-CER-296,176
B-17,2026-05-06,QX-HBC-297,146
B-17,2026-05-06,QX-TIN-298,38
B-17,2026-05-06,QX-CHL-299,159
B-17,2026-05-06,QX-BWS-300,126
B-17,2026-05-06,QX-HBC-303,16
B-17,2026-05-06,QX-CHL-304,
B-17,2026-05-06,QX-DRY-305,133
B-17,2026-05-06,QX-PRO-306,33
B-17,2026-05-06,QX-HBC-307,
B-17,2026-05-06,QX-HHD-308,186
B-17,2026-05-06,QX-BWS-311,197
B-17,2026-05-06,QX-DRK-312,13
B-17,2026-05-06,QX-CHL-313,198
B-17,2026-05-06,QX-PRO-315,34
B-17,2026-05-06,QX-BAK-316,55
B-17,2026-05-06,QX-TIN-317,183
B-17,2026-05-06,QX-CHL-318,48
B-17,2026-05-06,QX-BWS-319,95
B-17,2026-05-06,QX-PRO-320,225
B-17,2026-05-06,QX-BAK-321,108
B-17,2026-05-06,QX-PET-322,66
B-17,2026-05-06,QX-PET-323,184
B-17,2026-05-06,QX-DRY-324,26
B-17,2026-05-06,QX-PET-325,170
B-17,2026-05-06,QX-DRK-327,2
B-17,2026-05-06,QX-CHL-328,13
B-17,2026-05-06,QX-HBC-329,10
B-17,2026-05-06,QX-DRK-330,43
B-17,2026-05-06,QX-HBC-331,215
B-17,2026-05-06,QX-TIN-332,196
B-17,2026-05-06,QX-BWS-333,129
B-17,2026-05-06,QX-BWS-334,116
B-17,2026-05-06,QX-PET-335,150
B-17,2026-05-06,QX-CHL-336,136
B-17,2026-05-06,QX-CER-337,4
B-17,2026-05-06,QX-DRK-338,107
B-17,2026-05-06,QX-BAK-339,190
B-17,2026-05-06,QX-PRO-341,225
B-17,2026-05-06,QX-BWS-342,86
B-17,2026-05-06,QX-BWS-343,166
B-17,2026-05-06,QX-HBC-345,28
B-17,2026-05-06,QX-BAK-347,99
B-17,2026-05-06,QX-DRY-348,59
B-17,2026-05-06,QX-BWS-350,20
B-17,2026-05-06,QX-HBC-351,165
B-17,2026-05-06,QX-DRK-352,199
B-17,2026-05-06,QX-TIN-353,100
B-17,2026-05-06,QX-CHL-354,8
B-17,2026-05-06,QX-TIN-355,56
B-17,2026-05-06,QX-DRK-356,38
B-17,2026-05-06,QX-HBC-357,102
B-17,2026-05-06,QX-DRY-358,95
B-17,2026-05-06,QX-FRZ-359,13
B-17,2026-05-06,QX-DRY-361,79
B-17,2026-05-06,QX-PET-362,83
B-17,2026-05-06,QX-HHD-364,123
B-17,2026-05-06,QX-DRY-365,215
B-17,2026-05-06,QX-DRY-366,129
B-17,2026-05-06,QX-FRZ-368,63
B-17,2026-05-06,QX-CER-369,
B-17,2026-05-06,QX-TIN-370,50
B-17,2026-05-06,QX-CER-371,209
B-17,2026-05-06,QX-PRO-373,27
B-17,2026-05-06,QX-DRK-374,130
B-17,2026-05-06,QX-DRK-376,65
B-17,2026-05-06,QX-HHD-377,157
B-17,2026-05-06,QX-TIN-379,141
B-17,2026-05-06,QX-DRK-380,238
B-17,2026-05-06,QX-BWS-381,76
B-17,2026-05-06,QX-BWS-382,66
B-17,2026-05-06,QX-CER-383,128
B-17,2026-05-06,QX-CER-384,141
B-17,2026-05-06,QX-HBC-385,63
B-17,2026-05-06,QX-CER-386,217
B-17,2026-05-06,QX-BWS-388,84
B-17,2026-05-06,QX-CHL-389,38
B-17,2026-05-06,QX-DRK-390,216
B-17,2026-05-06,QX-CHL-391,123
B-17,2026-05-06,QX-CER-392,207
B-17,2026-05-06,QX-DRK-393,98
B-17,2026-05-06,QX-BWS-395,191
B-17,2026-05-06,QX-BWS-397,191
B-17,2026-05-06,QX-PET-399,17
B-17,2026-05-06,QX-DRY-400,7
B-17,2026-05-06,QX-DRY-401,236
B-17,2026-05-06,QX-DRK-402,30
B-17,2026-05-06,QX-CER-403,78
B-17,2026-05-06,QX-BAK-404,230
B-17,2026-05-06,QX-CHL-405,93
B-17,2026-05-06,QX-DRK-406,79
B-17,2026-05-06,QX-HBC-407,132
B-17,2026-05-06,QX-BAK-408,124
B-17,2026-05-06,QX-HHD-409,106
B-17,2026-05-06,QX-PET-410,45
B-17,2026-05-06,QX-BAK-411,234
B-17,2026-05-06,QX-PRO-412,229
B-17,2026-05-06,QX-CHL-413,139
B-17,2026-05-06,QX-BAK-414,221
B-17,2026-05-06,QX-DRY-415,238
B-17,2026-05-06,QX-DRY-416,211
B-17,2026-05-06,QX-TIN-417,58
B-17,2026-05-06,QX-PRO-418,227
B-17,2026-05-06,QX-PET-420,1
B-17,2026-05-06,QX-HHD-422,121
B-17,2026-05-06,QX-CER-423,1
B-17,2026-05-06,QX-BWS-424,9
B-17,2026-05-06,QX-PRO-425,53
B-17,2026-05-06,QX-CHL-426,129
B-17,2026-05-06,QX-BWS-428,119
B-17,2026-05-06,QX-DRY-429,119
B-17,2026-05-06,QX-HBC-430,
B-17,2026-05-06,QX-PET-431,3
B-17,2026-05-06,QX-PET-432,174
B-17,2026-05-06,QX-TIN-434,162
B-17,2026-05-06,QX-FRZ-435,68
B-17,2026-05-06,QX-CER-436,124
B-17,2026-05-06,QX-TIN-437,96
B-17,2026-05-06,QX-CER-438,226
B-17,2026-05-06,QX-CHL-439,
B-17,2026-05-06,QX-CHL-440,92
B-17,2026-05-06,QX-DRY-441,142
B-17,2026-05-06,QX-DRY-442,25
B-17,2026-05-06,QX-FRZ-443,101
B-17,2026-05-06,QX-DRK-444,161
B-17,2026-05-06,QX-FRZ-445,28
B-17,2026-05-06,QX-CER-446,129
B-17,2026-05-06,QX-CER-447,7
B-17,2026-05-06,QX-CHL-448,15
B-17,2026-05-06,QX-BAK-449,2
B-17,2026-05-06,QX-CER-451,221
B-17,2026-05-06,QX-DRY-452,207
B-08,2026-05-06,QX-CER-001,51
B-08,2026-05-06,QX-CER-002,
B-08,2026-05-06,QX-DRK-014,168
B-08,2026-05-06,QX-DRK-021,203
B-08,2026-05-06,QX-TIN-032,164
B-08,2026-05-06,QX-TIN-045,9
B-08,2026-05-06,QX-DRY-184,6
B-08,2026-05-06,QX-CHL-007,168
B-08,2026-05-06,QX-FRZ-112,31
B-08,2026-05-06,QX-CHL-200,63
B-08,2026-05-06,QX-DRY-201,114
B-08,2026-05-06,QX-BAK-202,
B-08,2026-05-06,QX-TIN-203,4
B-08,2026-05-06,QX-BWS-204,138
B-08,2026-05-06,QX-BAK-205,91
B-08,2026-05-06,QX-PET-206,188
B-08,2026-05-06,QX-CER-207,87
B-08,2026-05-06,QX-CER-208,9
B-08,2026-05-06,QX-BWS-209,146
B-08,2026-05-06,QX-PRO-210,14
B-08,2026-05-06,QX-FRZ-211,58
B-08,2026-05-06,QX-PET-212,162
B-08,2026-05-06,QX-PRO-213,68
B-08,2026-05-06,QX-FRZ-214,159
B-08,2026-05-06,QX-CHL-215,115
B-08,2026-05-06,QX-CHL-216,176
B-08,2026-05-06,QX-PET-217,34
B-08,2026-05-06,QX-PRO-218,35
B-08,2026-05-06,QX-TIN-219,171
B-08,2026-05-06,QX-HHD-220,38
B-08,2026-05-06,QX-DRK-221,166
B-08,2026-05-06,QX-CER-222,153
B-08,2026-05-06,QX-TIN-223,128
B-08,2026-05-06,QX-DRK-224,166
B-08,2026-05-06,QX-FRZ-225,46
B-08,2026-05-06,QX-CER-226,56
B-08,2026-05-06,QX-TIN-227,112
B-08,2026-05-06,QX-DRY-228,151
B-08,2026-05-06,QX-PRO-229,99
B-08,2026-05-06,QX-CHL-230,20
B-08,2026-05-06,QX-CHL-231,140
B-08,2026-05-06,QX-PET-232,94
B-08,2026-05-06,QX-BAK-233,205
B-08,2026-05-06,QX-HBC-234,132
B-08,2026-05-06,QX-HHD-235,213
B-08,2026-05-06,QX-HHD-236,59
B-08,2026-05-06,QX-HHD-237,49
B-08,2026-05-06,QX-BWS-238,161
B-08,2026-05-06,QX-FRZ-239,107
B-08,2026-05-06,QX-HBC-240,186
B-08,2026-05-06,QX-TIN-241,131
B-08,2026-05-06,QX-PET-242,73
B-08,2026-05-06,QX-DRY-243,239
B-08,2026-05-06,QX-PRO-244,14
B-08,2026-05-06,QX-HBC-245,90
B-08,2026-05-06,QX-BWS-246,218
B-08,2026-05-06,QX-HHD-247,94
B-08,2026-05-06,QX-CER-248,62
B-08,2026-05-06,QX-FRZ-249,60
B-08,2026-05-06,QX-DRY-250,190
B-08,2026-05-06,QX-FRZ-251,205
B-08,2026-05-06,QX-HHD-252,213
B-08,2026-05-06,QX-BWS-253,106
B-08,2026-05-06,QX-DRY-254,184
B-08,2026-05-06,QX-HHD-255,44
B-08,2026-05-06,QX-CER-256,80
B-08,2026-05-06,QX-CHL-257,23
B-08,2026-05-06,QX-TIN-258,91
B-08,2026-05-06,QX-FRZ-259,225
B-08,2026-05-06,QX-HHD-260,13
B-08,2026-05-06,QX-DRK-261,170
B-08,2026-05-06,QX-PRO-262,104
B-08,2026-05-06,QX-BWS-263,30
B-08,2026-05-06,QX-DRY-264,166
B-08,2026-05-06,QX-HBC-265,121
B-08,2026-05-06,QX-HBC-266,78
B-08,2026-05-06,QX-CER-267,157
B-08,2026-05-06,QX-HBC-268,119
B-08,2026-05-06,QX-BWS-269,226
B-08,2026-05-06,QX-TIN-270,65
B-08,2026-05-06,QX-TIN-271,17
B-08,2026-05-06,QX-BAK-272,152
B-08,2026-05-06,QX-FRZ-273,142
B-08,2026-05-06,QX-CER-274,177
B-08,2026-05-06,QX-CER-275,19
B-08,2026-05-06,QX-DRY-276,198
B-08,2026-05-06,QX-PET-277,91
B-08,2026-05-06,QX-DRY-278,81
B-08,2026-05-06,QX-DRY-279,211
B-08,2026-05-06,QX-DRK-280,230
B-08,2026-05-06,QX-CHL-281,208
B-08,2026-05-06,QX-CER-282,130
B-08,2026-05-06,QX-HBC-283,28
B-08,2026-05-06,QX-HBC-284,32
B-08,2026-05-06,QX-DRK-285,130
B-08,2026-05-06,QX-HBC-286,24
B-08,2026-05-06,QX-CHL-287,230
B-08,2026-05-06,QX-TIN-288,46
B-08,2026-05-06,QX-FRZ-289,132
B-08,2026-05-06,QX-PRO-290,61
B-08,2026-05-06,QX-PRO-291,94
B-08,2026-05-06,QX-BWS-292,205
B-08,2026-05-06,QX-DRY-293,22
B-08,2026-05-06,QX-BAK-294,43
B-08,2026-05-06,QX-BAK-295,239
B-08,2026-05-06,QX-DRK-296,81
B-08,2026-05-06,QX-BAK-297,231
B-08,2026-05-06,QX-PET-298,187
B-08,2026-05-06,QX-BAK-299,101
B-08,2026-05-06,QX-TIN-300,38
B-08,2026-05-06,QX-BWS-301,199
B-08,2026-05-06,QX-BWS-302,113
B-08,2026-05-06,QX-BAK-303,107
B-08,2026-05-06,QX-DRY-304,58
B-08,2026-05-06,QX-FRZ-305,225
B-08,2026-05-06,QX-FRZ-306,39
B-08,2026-05-06,QX-BAK-307,228
B-08,2026-05-06,QX-DRY-308,164
B-08,2026-05-06,QX-DRY-309,188
B-08,2026-05-06,QX-HHD-310,117
B-08,2026-05-06,QX-DRY-311,163
B-08,2026-05-06,QX-DRY-312,172
B-08,2026-05-06,QX-TIN-313,226
B-08,2026-05-06,QX-HBC-314,69
B-08,2026-05-06,QX-HHD-315,112
B-08,2026-05-06,QX-DRY-316,0
B-08,2026-05-06,QX-FRZ-317,99
B-08,2026-05-06,QX-HHD-318,138
B-08,2026-05-06,QX-DRY-319,122
B-08,2026-05-06,QX-HBC-320,174
B-08,2026-05-06,QX-CER-321,148
B-08,2026-05-06,QX-CHL-322,145
B-08,2026-05-06,QX-CER-323,118
B-08,2026-05-06,QX-BWS-324,124
B-08,2026-05-06,QX-TIN-325,63
B-08,2026-05-06,QX-CER-326,40
B-08,2026-05-06,QX-BWS-327,218
B-08,2026-05-06,QX-HHD-328,156
B-08,2026-05-06,QX-FRZ-329,124
B-08,2026-05-06,QX-FRZ-330,120
B-08,2026-05-06,QX-CER-331,152
B-08,2026-05-06,QX-HBC-332,111
B-08,2026-05-06,QX-PET-333,159
B-08,2026-05-06,QX-BAK-334,217
B-08,2026-05-06,QX-BAK-335,154
B-08,2026-05-06,QX-CER-336,137
B-08,2026-05-06,QX-HHD-337,111
B-08,2026-05-06,QX-CER-338,87
B-08,2026-05-06,QX-DRY-339,143
B-08,2026-05-06,QX-BAK-340,164
B-08,2026-05-06,QX-DRK-341,185
B-08,2026-05-06,QX-BAK-342,146
B-08,2026-05-06,QX-CHL-343,150
B-08,2026-05-06,QX-HBC-344,72
B-08,2026-05-06,QX-TIN-345,12
B-08,2026-05-06,QX-HHD-346,53
B-08,2026-05-06,QX-TIN-347,164
B-08,2026-05-06,QX-CER-348,64
B-08,2026-05-06,QX-TIN-349,75
B-08,2026-05-06,QX-FRZ-350,37
B-08,2026-05-06,QX-DRY-351,116
B-08,2026-05-06,QX-PET-352,157
B-08,2026-05-06,QX-CER-353,133
B-08,2026-05-06,QX-PRO-354,135
B-08,2026-05-06,QX-PET-355,174
B-08,2026-05-06,QX-PET-356,162
B-08,2026-05-06,QX-DRY-357,99
B-08,2026-05-06,QX-CHL-358,110
B-08,2026-05-06,QX-CHL-359,
B-08,2026-05-06,QX-BWS-360,222
B-08,2026-05-06,QX-CHL-361,92
B-08,2026-05-06,QX-CER-362,218
B-08,2026-05-06,QX-DRK-363,140
B-08,2026-05-06,QX-FRZ-364,150
B-08,2026-05-06,QX-HBC-365,192
B-08,2026-05-06,QX-BWS-366,120
B-08,2026-05-06,QX-BAK-367,5
B-08,2026-05-06,QX-DRK-368,222
B-08,2026-05-06,QX-HHD-369,0
B-08,2026-05-06,QX-PRO-370,108
B-08,2026-05-06,QX-TIN-371,141
B-08,2026-05-06,QX-BWS-372,54
B-08,2026-05-06,QX-DRY-373,22
B-08,2026-05-06,QX-PET-374,12
B-08,2026-05-06,QX-CHL-375,196
B-08,2026-05-06,QX-HBC-376,207
B-08,2026-05-06,QX-TIN-377,240
B-08,2026-05-06,QX-HBC-378,218
B-08,2026-05-06,QX-CER-379,168
B-08,2026-05-06,QX-HHD-380,155
B-08,2026-05-06,QX-HBC-381,42
B-08,2026-05-06,QX-TIN-382,168
B-08,2026-05-06,QX-BWS-383,48
B-08,2026-05-06,QX-CHL-384,148
B-08,2026-05-06,QX-PET-385,33
B-08,2026-05-06,QX-BAK-386,26
B-08,2026-05-06,QX-DRK-387,234
B-08,2026-05-06,QX-CHL-388,175
B-08,2026-05-06,QX-FRZ-389,160
B-08,2026-05-06,QX-TIN-390,173
B-08,2026-05-06,QX-BWS-391,219
B-08,2026-05-06,QX-HHD-392,165
B-08,2026-05-06,QX-FRZ-393,81
B-08,2026-05-06,QX-HHD-394,177
B-08,2026-05-06,QX-HHD-395,137
B-08,2026-05-06,QX-HBC-396,46
B-08,2026-05-06,QX-HHD-397,221
B-08,2026-05-06,QX-TIN-398,155
B-08,2026-05-06,QX-CHL-399,205
B-08,2026-05-06,QX-DRK-400,227
B-08,2026-05-06,QX-CER-401,172
B-08,2026-05-06,QX-BWS-402,46
B-08,2026-05-06,QX-PRO-403,39
B-08,2026-05-06,QX-TIN-404,99
B-08,2026-05-06,QX-BWS-405,37
B-08,2026-05-06,QX-HBC-406,213
B-08,2026-05-06,QX-DRK-407,170
B-08,2026-05-06,QX-PRO-408,
B-08,2026-05-06,QX-PRO-409,221
B-08,2026-05-06,QX-FRZ-410,29
B-08,2026-05-06,QX-PRO-411,103
B-08,2026-05-06,QX-DRK-412,41
B-08,2026-05-06,QX-BAK-413,61
B-08,2026-05-06,QX-TIN-414,144
B-08,2026-05-06,QX-PRO-415,219
B-08,2026-05-06,QX-HBC-416,40
B-08,2026-05-06,QX-CER-417,207
B-08,2026-05-06,QX-FRZ-418,73
B-08,2026-05-06,QX-HHD-419,193
B-08,2026-05-06,QX-CHL-420,106
B-08,2026-05-06,QX-DRY-421,218
B-08,2026-05-06,QX-PET-422,153
B-08,2026-05-06,QX-DRY-423,133
B-08,2026-05-06,QX-CHL-424,25
B-08,2026-05-06,QX-PET-425,165
B-08,2026-05-06,QX-DRY-426,70
B-08,2026-05-06,QX-BAK-427,18
B-08,2026-05-06,QX-PRO-428,126
B-08,2026-05-06,QX-DRK-429,199
B-08,2026-05-06,QX-DRK-430,162
B-08,2026-05-06,QX-HHD-431,183
B-08,2026-05-06,QX-PRO-432,18
B-08,2026-05-06,QX-CHL-433,93
B-08,2026-05-06,QX-PRO-434,37
B-08,2026-05-06,QX-CER-435,171
B-08,2026-05-06,QX-TIN-436,213
B-08,2026-05-06,QX-BAK-437,34
B-08,2026-05-06,QX-HBC-438,127
B-08,2026-05-06,QX-FRZ-439,199
B-08,2026-05-06,QX-DRK-440,192
B-08,2026-05-06,QX-BAK-441,134
B-08,2026-05-06,QX-FRZ-442,15
B-08,2026-05-06,QX-BAK-443,78
B-08,2026-05-06,QX-CER-444,175
B-08,2026-05-06,QX-CHL-445,2
B-08,2026-05-06,QX-PRO-446,54
B-08,2026-05-06,QX-BAK-447,51
B-08,2026-05-06,QX-PRO-448,163
B-08,2026-05-06,QX-HBC-449,59
B-08,2026-05-06,QX-CER-450,17
B-08,2026-05-06,QX-FRZ-451,25
B-08,2026-05-06,QX-BAK-452,206
B-08,2026-05-06,QX-FRZ-453,150
B-08,2026-05-06,QX-PET-454,213
B-08,2026-05-06,QX-CER-455,113
B-08,2026-05-06,QX-HBC-456,187
B-08,2026-05-06,QX-PET-457,96
B-08,2026-05-06,QX-BAK-458,58
B-08,2026-05-06,QX-HBC-459,237
B-08,2026-05-06,QX-PET-460,38
B-08,2026-05-06,QX-BWS-461,156
B-08,2026-05-06,QX-HBC-462,122
B-08,2026-05-06,QX-PET-463,206
B-08,2026-05-06,QX-DRK-464,2
B-08,2026-05-06,QX-CHL-465,
B-08,2026-05-06,QX-CER-466,203
B-08,2026-05-06,QX-PET-467,40
B-08,2026-05-06,QX-DRK-468,210
B-08,2026-05-06,QX-PRO-469,170
B-08,2026-05-06,QX-HHD-470,56
B-08,2026-05-06,QX-CER-471,171
B-08,2026-05-06,QX-CER-472,10
B-08,2026-05-06,QX-PET-473,127
B-08,2026-05-06,QX-CER-474,116
B-08,2026-05-06,QX-FRZ-475,66
B-08,2026-05-06,QX-DRY-476,186
B-08,2026-05-06,QX-TIN-477,14
B-08,2026-05-06,QX-PRO-478,3
B-08,2026-05-06,QX-BWS-479,199
B-08,2026-05-06,QX-CER-480,202
B-08,2026-05-06,QX-BWS-481,116
B-08,2026-05-06,QX-PRO-482,41
B-08,2026-05-06,QX-CHL-483,178
B-08,2026-05-06,QX-PRO-484,56
B-08,2026-05-06,QX-PRO-485,
B-08,2026-05-06,QX-BWS-486,10
B-08,2026-05-06,QX-PRO-487,19
B-08,2026-05-06,QX-BAK-488,103
B-08,2026-05-06,QX-DRY-489,115
B-08,2026-05-06,QX-HBC-490,47
B-08,2026-05-06,QX-DRY-491,16
B-08,2026-05-06,QX-BWS-492,30
B-08,2026-05-06,QX-TIN-493,133
B-08,2026-05-06,QX-BAK-494,117
B-08,2026-05-06,QX-CER-495,96
B-08,2026-05-06,QX-BWS-496,204
B-08,2026-05-06,QX-BAK-497,129
B-08,2026-05-06,QX-DRY-498,208
B-08,2026-05-06,QX-DRY-499,113
B-08,2026-05-06,QX-CHL-500,209
B-08,2026-05-06,QX-HBC-501,38
B-08,2026-05-06,QX-DRY-502,200
B-08,2026-05-06,QX-CHL-503,8
B-08,2026-05-06,QX-DRY-504,42
B-08,2026-05-06,QX-BWS-505,194
B-08,2026-05-06,QX-DRY-506,209
B-08,2026-05-06,QX-PET-507,55
B-08,2026-05-06,QX-HHD-508,213
B-08,2026-05-06,QX-DRY-509,195
B-08,2026-05-06,QX-PET-510,124
B-08,2026-05-06,QX-HHD-511,180
B-08,2026-05-06,QX-BAK-512,103
B-08,2026-05-06,QX-DRK-513,140
B-08,2026-05-06,QX-CER-514,6
B-08,2026-05-06,QX-PET-515,7
B-08,2026-05-06,QX-HHD-516,2
B-08,2026-05-06,QX-BAK-517,115
B-08,2026-05-06,QX-CER-518,46
B-08,2026-05-06,QX-BAK-519,13
B-08,2026-05-06,QX-CER-520,3
B-08,2026-05-06,QX-DRK-521,167
B-08,2026-05-06,QX-CER-522,188
B-08,2026-05-06,QX-FRZ-523,147
B-08,2026-05-06,QX-DRY-524,111
B-08,2026-05-06,QX-TIN-525,19
B-08,2026-05-06,QX-DRY-526,47
B-08,2026-05-06,QX-PRO-527,69
B-08,2026-05-06,QX-PRO-528,7
B-08,2026-05-06,QX-PET-529,42
B-08,2026-05-06,QX-FRZ-530,157
B-08,2026-05-06,QX-PRO-531,205
B-08,2026-05-06,QX-PET-532,150
B-08,2026-05-06,QX-CHL-533,80
B-08,2026-05-06,QX-BWS-534,
B-08,2026-05-06,QX-DRY-535,111
B-08,2026-05-06,QX-DRY-536,98
B-08,2026-05-06,QX-DRK-537,53
B-08,2026-05-06,QX-TIN-538,227
B-08,2026-05-06,QX-PRO-539,17
B-08,2026-05-06,QX-PET-540,33
B-08,2026-05-06,QX-DRY-541,172
B-08,2026-05-06,QX-TIN-542,196
B-08,2026-05-06,QX-BWS-543,101
B-08,2026-05-06,QX-DRK-544,161
B-08,2026-05-06,QX-FRZ-545,51
B-08,2026-05-06,QX-BAK-546,106
B-08,2026-05-06,QX-DRK-547,202
B-08,2026-05-06,QX-HBC-548,0
B-08,2026-05-06,QX-DRY-549,237
B-08,2026-05-06,QX-HHD-550,202
B-08,2026-05-06,QX-HBC-551,182
B-08,2026-05-06,QX-CER-552,214
B-08,2026-05-06,QX-BAK-553,114
B-08,2026-05-06,QX-FRZ-554,234
B-08,2026-05-06,QX-DRK-555,35
B-08,2026-05-06,QX-TIN-556,188
B-08,2026-05-06,QX-BWS-557,188
B-08,2026-05-06,QX-HHD-558,168
B-08,2026-05-06,QX-BAK-559,193
B-08,2026-05-06,QX-TIN-560,152
B-08,2026-05-06,QX-CHL-561,223
B-08,2026-05-06,QX-CHL-562,14
B-08,2026-05-06,QX-FRZ-563,203
B-08,2026-05-06,QX-HBC-564,194
B-08,2026-05-06,QX-TIN-565,237
B-08,2026-05-06,QX-PET-566,125
B-08,2026-05-06,QX-DRK-567,158
B-08,2026-05-06,QX-FRZ-568,184
B-08,2026-05-06,QX-FRZ-569,130
B-08,2026-05-06,QX-DRK-570,29
B-08,2026-05-06,QX-FRZ-571,115
B-08,2026-05-06,QX-DRY-572,29
B-08,2026-05-06,QX-TIN-573,61
B-08,2026-05-06,QX-BAK-574,223
B-08,2026-05-06,QX-HBC-575,62
B-08,2026-05-06,QX-HHD-576,81
B-08,2026-05-06,QX-CER-577,109
B-08,2026-05-06,QX-DRY-578,74
B-08,2026-05-06,QX-PET-579,54
B-08,2026-05-06,QX-FRZ-580,207
B-08,2026-05-06,QX-DRY-581,193
B-08,2026-05-06,QX-PET-582,32
B-08,2026-05-06,QX-HBC-583,151
B-08,2026-05-06,QX-DRY-584,98
B-08,2026-05-06,QX-HBC-585,75
B-08,2026-05-06,QX-CHL-586,132
B-08,2026-05-06,QX-TIN-587,28
B-08,2026-05-06,QX-HHD-588,198
B-08,2026-05-06,QX-BAK-589,89
B-08,2026-05-06,QX-DRK-590,17
B-08,2026-05-06,QX-BWS-591,167
B-08,2026-05-06,QX-BAK-592,
B-08,2026-05-06,QX-FRZ-593,114
B-08,2026-05-06,QX-BAK-594,217
B-08,2026-05-06,QX-CHL-595,170
B-08,2026-05-06,QX-BWS-596,201
B-08,2026-05-06,QX-BAK-597,21
B-08,2026-05-06,QX-FRZ-598,154
B-08,2026-05-06,QX-CHL-599,236
B-08,2026-05-06,QX-DRY-600,156
B-08,2026-05-06,QX-HHD-601,131
B-08,2026-05-06,QX-DRY-602,75
B-08,2026-05-06,QX-DRY-603,141
B-08,2026-05-06,QX-HHD-604,63
B-08,2026-05-06,QX-PET-605,97
B-08,2026-05-06,QX-BAK-606,4
B-08,2026-05-06,QX-HHD-607,134
B-08,2026-05-06,QX-HBC-608,188
B-08,2026-05-06,QX-DRK-609,194
B-08,2026-05-06,QX-DRY-610,82
B-08,2026-05-06,QX-CER-611,22
B-08,2026-05-06,QX-HHD-612,218
B-08,2026-05-06,QX-HHD-613,225
B-08,2026-05-06,QX-BWS-614,25
B-08,2026-05-06,QX-BAK-615,235
B-08,2026-05-06,QX-DRK-616,160
B-08,2026-05-06,QX-DRY-617,199
B-08,2026-05-06,QX-HHD-618,148
B-08,2026-05-06,QX-PRO-619,13
B-08,2026-05-06,QX-HBC-620,4
B-08,2026-05-06,QX-BWS-621,0
B-08,2026-05-06,QX-PET-622,61
B-08,2026-05-06,QX-PET-623,72
B-08,2026-05-06,QX-CHL-624,91
B-08,2026-05-06,QX-HBC-625,159
B-08,2026-05-06,QX-BWS-626,167
B-08,2026-05-06,QX-BWS-627,174
B-08,2026-05-06,QX-CER-628,131
B-08,2026-05-06,QX-FRZ-629,180
B-08,2026-05-06,QX-BAK-630,204
B-08,2026-05-06,QX-TIN-631,32
B-08,2026-05-06,QX-PRO-632,169
B-08,2026-05-06,QX-FRZ-633,121
B-08,2026-05-06,QX-DRK-634,90
B-08,2026-05-06,QX-TIN-635,48
B-08,2026-05-06,QX-DRY-636,225
B-08,2026-05-06,QX-BAK-637,235
B-08,2026-05-06,QX-CHL-638,173
B-08,2026-05-06,QX-BWS-639,166
B-08,2026-05-06,QX-FRZ-640,130
B-08,2026-05-06,QX-BWS-641,194
B-08,2026-05-06,QX-DRY-642,76
B-08,2026-05-06,QX-DRK-643,153
B-08,2026-05-06,QX-PRO-644,196
B-08,2026-05-06,QX-BAK-645,124
B-08,2026-05-06,QX-CER-646,118
B-08,2026-05-06,QX-TIN-647,172
B-08,2026-05-06,QX-PRO-648,219
B-08,2026-05-06,QX-TIN-649,181
B-08,2026-05-06,QX-CHL-650,
B-08,2026-05-06,QX-TIN-651,159
B-08,2026-05-06,QX-PRO-652,105
B-08,2026-05-06,QX-HBC-653,206
B-08,2026-05-06,QX-DRY-654,200
B-08,2026-05-06,QX-HBC-655,77
B-08,2026-05-06,QX-TIN-656,138
B-08,2026-05-06,QX-HBC-657,165
B-08,2026-05-06,QX-BWS-658,140
B-08,2026-05-06,QX-PRO-659,122
B-08,2026-05-06,QX-PRO-660,21
B-08,2026-05-06,QX-BWS-661,
B-08,2026-05-06,QX-FRZ-662,14
B-08,2026-05-06,QX-HHD-663,13
B-08,2026-05-06,QX-PET-664,117
B-08,2026-05-06,QX-FRZ-665,222
B-08,2026-05-06,QX-BAK-666,6
B-08,2026-05-06,QX-HHD-667,87
B-08,2026-05-06,QX-PET-668,91
B-08,2026-05-06,QX-CHL-669,60
B-08,2026-05-06,QX-HHD-670,196
B-08,2026-05-06,QX-TIN-671,123
B-08,2026-05-06,QX-HHD-672,135
B-08,2026-05-06,QX-FRZ-673,83
B-08,2026-05-06,QX-BAK-674,231
B-08,2026-05-06,QX-BWS-675,151
B-08,2026-05-06,QX-BWS-676,28
B-08,2026-05-06,QX-CHL-677,23
B-08,2026-05-06,QX-DRK-678,62
B-08,2026-05-06,QX-PRO-679,194
B-08,2026-05-06,QX-PET-680,220
B-08,2026-05-06,QX-BWS-681,49
B-08,2026-05-06,QX-BAK-682,215
B-08,2026-05-06,QX-HBC-683,56
B-08,2026-05-06,QX-PET-684,74
B-08,2026-05-06,QX-DRK-685,9
B-08,2026-05-06,QX-BAK-686,47
B-08,2026-05-06,QX-DRY-687,86
B-08,2026-05-06,QX-PRO-688,160
B-08,2026-05-06,QX-CER-689,34
B-08,2026-05-06,QX-DRK-690,199
B-08,2026-05-06,QX-PET-691,100
B-08,2026-05-06,QX-CHL-692,130
B-08,2026-05-06,QX-PET-693,231
B-08,2026-05-06,QX-TIN-694,117
B-08,2026-05-06,QX-BAK-695,187
B-08,2026-05-06,QX-DRY-696,233
B-08,2026-05-06,QX-TIN-697,177
B-08,2026-05-06,QX-TIN-698,48
B-08,2026-05-06,QX-CHL-699,110
B-08,2026-05-06,QX-HHD-700,85
B-08,2026-05-06,QX-TIN-701,145
B-08,2026-05-06,QX-BAK-702,20
B-08,2026-05-06,QX-BAK-703,15
B-08,2026-05-06,QX-BWS-704,8
B-08,2026-05-06,QX-HBC-705,104
B-08,2026-05-06,QX-BAK-706,161
B-08,2026-05-06,QX-PET-707,24
B-08,2026-05-06,QX-CHL-708,234
B-08,2026-05-06,QX-FRZ-709,185
B-08,2026-05-06,QX-PET-710,156
B-08,2026-05-06,QX-DRK-711,82
B-08,2026-05-06,QX-DRK-712,141
B-08,2026-05-06,QX-BAK-713,170
B-08,2026-05-06,QX-HHD-714,159
B-08,2026-05-06,QX-PET-715,94
B-08,2026-05-06,QX-DRK-716,143
B-08,2026-05-06,QX-HHD-717,216
B-08,2026-05-06,QX-FRZ-718,218
B-08,2026-05-06,QX-BWS-719,202
B-08,2026-05-06,QX-DRK-720,205
B-08,2026-05-06,QX-PRO-721,206
B-08,2026-05-06,QX-BAK-722,50
B-08,2026-05-06,QX-CHL-723,139
B-08,2026-05-06,QX-FRZ-724,115
B-08,2026-05-06,QX-DRY-725,165
B-08,2026-05-06,QX-BAK-726,68
B-08,2026-05-06,QX-DRK-727,113
B-08,2026-05-06,QX-BWS-728,198
B-08,2026-05-06,QX-FRZ-729,211
B-08,2026-05-06,QX-HBC-730,215
B-08,2026-05-06,QX-CHL-731,170
B-08,2026-05-06,QX-HBC-732,41
B-08,2026-05-06,QX-PRO-733,107
B-08,2026-05-06,QX-FRZ-734,136
B-08,2026-05-06,QX-DRK-735,155
B-08,2026-05-06,QX-HHD-736,73
B-08,2026-05-06,QX-BAK-737,
B-08,2026-05-06,QX-BWS-738,187
B-08,2026-05-06,QX-BAK-739,5
B-08,2026-05-06,QX-HBC-740,1
B-08,2026-05-06,QX-CER-741,30
B-08,2026-05-06,QX-PRO-742,184
B-08,2026-05-06,QX-DRK-743,31
B-08,2026-05-06,QX-DRK-744,166
B-08,2026-05-06,QX-FRZ-745,124
B-08,2026-05-06,QX-CHL-746,82
B-08,2026-05-06,QX-CHL-747,167
B-08,2026-05-06,QX-HHD-748,22
B-08,2026-05-06,QX-CHL-749,96
B-08,2026-05-06,QX-BWS-750,8
B-08,2026-05-06,QX-PRO-751,108
B-08,2026-05-06,QX-BAK-752,158
B-08,2026-05-06,QX-CHL-753,181
B-08,2026-05-06,QX-BWS-754,29
B-08,2026-05-06,QX-BWS-755,163
B-08,2026-05-06,QX-FRZ-756,67
B-08,2026-05-06,QX-CER-757,182
B-08,2026-05-06,QX-DRY-758,46
B-08,2026-05-06,QX-CHL-759,35
B-08,2026-05-06,QX-BWS-760,155
B-08,2026-05-06,QX-PRO-761,228
B-08,2026-05-06,QX-DRK-762,159
B-08,2026-05-06,QX-CHL-763,31
B-08,2026-05-06,QX-HHD-764,
B-08,2026-05-06,QX-BWS-765,1
B-08,2026-05-06,QX-HHD-766,150
B-08,2026-05-06,QX-DRY-767,237
B-08,2026-05-06,QX-TIN-768,57
B-08,2026-05-06,QX-DRY-769,171
B-08,2026-05-06,QX-CER-770,101
B-08,2026-05-06,QX-FRZ-771,114
B-08,2026-05-06,QX-BWS-772,237
B-08,2026-05-06,QX-PRO-773,17
B-08,2026-05-06,QX-BAK-774,160
B-08,2026-05-06,QX-BAK-775,69
B-08,2026-05-06,QX-PET-776,19
B-08,2026-05-06,QX-CER-777,191
B-08,2026-05-06,QX-BWS-778,22
B-08,2026-05-06,QX-HBC-779,238
B-08,2026-05-06,QX-CER-780,141
B-08,2026-05-06,QX-CER-781,107
B-08,2026-05-06,QX-CHL-782,4
B-08,2026-05-06,QX-HHD-783,230
B-08,2026-05-06,QX-CHL-784,211
B-08,2026-05-06,QX-PRO-785,60
B-08,2026-05-06,QX-HBC-786,99
B-08,2026-05-06,QX-PET-787,191
B-08,2026-05-06,QX-DRY-788,42
B-08,2026-05-06,QX-PRO-789,219
B-08,2026-05-06,QX-PET-790,67
B-08,2026-05-06,QX-CER-791,220
B-08,2026-05-06,QX-CHL-792,234
B-08,2026-05-06,QX-HBC-793,7
B-08,2026-05-06,QX-BAK-794,148
B-08,2026-05-06,QX-HHD-795,112
B-08,2026-05-06,QX-DRK-796,183
B-08,2026-05-06,QX-HHD-797,232
B-08,2026-05-06,QX-HBC-798,175
B-08,2026-05-06,QX-FRZ-799,165
B-08,2026-05-06,QX-CER-800,189
B-08,2026-05-06,QX-DRK-801,192
B-08,2026-05-06,QX-FRZ-802,116
B-08,2026-05-06,QX-HBC-803,8
B-08,2026-05-06,QX-DRK-804,6
B-08,2026-05-06,QX-HHD-805,127
B-08,2026-05-06,QX-FRZ-806,49
B-08,2026-05-06,QX-CHL-807,46
B-08,2026-05-06,QX-PET-808,145
B-08,2026-05-06,QX-BAK-809,102
B-08,2026-05-06,QX-TIN-810,100
B-08,2026-05-06,QX-HBC-811,121
B-08,2026-05-06,QX-PET-812,170
B-08,2026-05-06,QX-FRZ-813,23
B-08,2026-05-06,QX-DRK-814,132
B-08,2026-05-06,QX-CHL-815,85
B-08,2026-05-06,QX-FRZ-816,36
B-08,2026-05-06,QX-DRK-817,185
B-08,2026-05-06,QX-DRY-818,84
B-08,2026-05-06,QX-CER-819,57
B-08,2026-05-06,QX-HHD-820,88
B-08,2026-05-06,QX-HHD-821,188
B-08,2026-05-06,QX-DRK-822,165
B-08,2026-05-06,QX-BWS-823,154
B-08,2026-05-06,QX-PRO-824,202
B-08,2026-05-06,QX-CER-825,64
B-08,2026-05-06,QX-TIN-826,141
B-08,2026-05-06,QX-HHD-827,61
B-08,2026-05-06,QX-CER-828,30
B-08,2026-05-06,QX-PRO-829,225
B-08,2026-05-06,QX-BAK-830,
B-08,2026-05-06,QX-BWS-831,10
B-08,2026-05-06,QX-BWS-832,38
B-08,2026-05-06,QX-HHD-833,200
B-08,2026-05-06,QX-BAK-834,231
B-08,2026-05-06,QX-DRY-835,116
B-08,2026-05-06,QX-BWS-836,77
B-08,2026-05-06,QX-BAK-837,99
B-08,2026-05-06,QX-PET-838,72
B-08,2026-05-06,QX-BWS-839,1
B-08,2026-05-06,QX-CER-840,95
B-08,2026-05-06,QX-PET-841,240
B-08,2026-05-06,QX-BWS-842,157
B-08,2026-05-06,QX-DRY-843,
B-08,2026-05-06,QX-HHD-844,220
B-08,2026-05-06,QX-PRO-845,86
B-08,2026-05-06,QX-FRZ-846,45
B-08,2026-05-06,QX-DRK-847,144
B-08,2026-05-06,QX-PRO-848,37
B-08,2026-05-06,QX-BAK-849,144
B-08,2026-05-06,QX-CER-850,60
B-08,2026-05-06,QX-BAK-851,202
B-08,2026-05-06,QX-DRK-852,165
B-08,2026-05-06,QX-TIN-853,158
B-08,2026-05-06,QX-PRO-854,136
B-08,2026-05-06,QX-HHD-855,106
B-08,2026-05-06,QX-TIN-856,105
B-08,2026-05-06,QX-CHL-857,204
B-08,2026-05-06,QX-PET-858,229
B-08,2026-05-06,QX-HHD-859,135
B-08,2026-05-06,QX-TIN-860,56
B-08,2026-05-06,QX-TIN-861,20
B-08,2026-05-06,QX-PET-862,133
B-08,2026-05-06,QX-DRK-863,20
B-08,2026-05-06,QX-BAK-864,214
B-08,2026-05-06,QX-DRY-865,231
B-08,2026-05-06,QX-DRY-866,8
B-08,2026-05-06,QX-HHD-867,9
B-08,2026-05-06,QX-CHL-868,163
B-08,2026-05-06,QX-CER-869,117
B-08,2026-05-06,QX-PRO-870,153
B-08,2026-05-06,QX-DRY-871,58
B-08,2026-05-06,QX-CER-872,185
B-08,2026-05-06,QX-PRO-873,81
B-08,2026-05-06,QX-BAK-874,233
B-08,2026-05-06,QX-TIN-875,15
B-08,2026-05-06,QX-PRO-876,211
B-08,2026-05-06,QX-HBC-877,101
B-08,2026-05-06,QX-HHD-878,74
B-08,2026-05-06,QX-BWS-879,82
B-08,2026-05-06,QX-DRY-880,1
B-08,2026-05-06,QX-PRO-881,29
B-08,2026-05-06,QX-BWS-882,151
B-08,2026-05-06,QX-DRY-883,98
B-08,2026-05-06,QX-TIN-884,200
B-08,2026-05-06,QX-PET-885,18
B-08,2026-05-06,QX-HBC-886,155
B-08,2026-05-06,QX-CHL-887,168
B-08,2026-05-06,QX-CHL-888,206
B-08,2026-05-06,QX-CER-889,216
B-08,2026-05-06,QX-HHD-890,63
B-08,2026-05-06,QX-DRK-891,124
B-08,2026-05-06,QX-HHD-892,194
B-08,2026-05-06,QX-DRY-893,108
B-08,2026-05-06,QX-BWS-894,96
B-08,2026-05-06,QX-PRO-895,20
B-08,2026-05-06,QX-PRO-896,124
B-08,2026-05-06,QX-CHL-897,21
B-08,2026-05-06,QX-PET-898,1
B-08,2026-05-06,QX-PRO-899,76
B-08,2026-05-06,QX-BWS-900,53
B-08,2026-05-06,QX-CER-901,213
B-08,2026-05-06,QX-HBC-902,207
B-08,2026-05-06,QX-PET-903,161
B-08,2026-05-06,QX-FRZ-904,13
B-08,2026-05-06,QX-DRK-905,96
B-08,2026-05-06,QX-CHL-906,
B-08,2026-05-06,QX-FRZ-907,85
B-08,2026-05-06,QX-PET-908,43
B-08,2026-05-06,QX-HHD-909,193
B-08,2026-05-06,QX-DRY-910,14
B-08,2026-05-06,QX-HBC-911,104
B-08,2026-05-06,QX-BAK-912,153
B-08,2026-05-06,QX-DRY-913,227
B-08,2026-05-06,QX-TIN-914,26
B-08,2026-05-06,QX-TIN-915,231
B-08,2026-05-06,QX-FRZ-916,133
B-08,2026-05-06,QX-PRO-917,84
B-08,2026-05-06,QX-PET-918,169
B-08,2026-05-06,QX-BAK-919,109
B-08,2026-05-06,QX-HBC-920,142
B-08,2026-05-06,QX-DRY-921,140
B-08,2026-05-06,QX-DRY-922,58
B-08,2026-05-06,QX-BAK-923,27
B-08,2026-05-06,QX-CHL-924,1
B-08,2026-05-06,QX-BAK-925,58
B-08,2026-05-06,QX-HBC-926,18
B-08,2026-05-06,QX-TIN-927,36
B-08,2026-05-06,QX-BWS-928,40
B-08,2026-05-06,QX-DRY-929,82
B-08,2026-05-06,QX-DRK-930,91
B-08,2026-05-06,QX-FRZ-931,14
B-08,2026-05-06,QX-PET-932,4
B-08,2026-05-06,QX-CER-933,75
B-08,2026-05-06,QX-PRO-934,186
B-08,2026-05-06,QX-TIN-935,36
B-08,2026-05-06,QX-CER-936,27
B-08,2026-05-06,QX-TIN-937,83
B-08,2026-05-06,QX-FRZ-938,115
B-08,2026-05-06,QX-BAK-939,42
B-08,2026-05-06,QX-BWS-940,39
B-08,2026-05-06,QX-BAK-941,217
B-08,2026-05-06,QX-DRK-942,166
B-08,2026-05-06,QX-HHD-943,33
B-08,2026-05-06,QX-TIN-944,5
B-08,2026-05-06,QX-BWS-945,142
B-08,2026-05-06,QX-PET-946,90
B-08,2026-05-06,QX-BAK-947,106
B-08,2026-05-06,QX-BAK-948,58
B-08,2026-05-06,QX-DRK-949,76
B-08,2026-05-06,QX-PRO-950,207
B-08,2026-05-06,QX-TIN-951,227
B-08,2026-05-06,QX-CHL-952,76
B-08,2026-05-06,QX-BAK-953,149
B-08,2026-05-06,QX-CER-954,150
B-08,2026-05-06,QX-TIN-955,150
B-08,2026-05-06,QX-CHL-956,91
B-08,2026-05-06,QX-TIN-957,21
B-08,2026-05-06,QX-DRK-958,51
B-08,2026-05-06,QX-HBC-959,70
B-08,2026-05-06,QX-CER-960,35
B-08,2026-05-06,QX-TIN-961,104
B-08,2026-05-06,QX-BWS-962,158
B-08,2026-05-06,QX-CHL-963,98
B-08,2026-05-06,QX-BAK-964,18
B-08,2026-05-06,QX-BAK-965,217
B-08,2026-05-06,QX-CHL-966,134
B-08,2026-05-06,QX-PET-967,39
B-08,2026-05-06,QX-FRZ-968,183
B-08,2026-05-06,QX-PET-969,236
B-08,2026-05-06,QX-BAK-970,49
B-08,2026-05-06,QX-CHL-971,205
B-08,2026-05-06,QX-DRY-972,212
B-08,2026-05-06,QX-CHL-973,144
B-08,2026-05-06,QX-PET-974,87
B-08,2026-05-06,QX-BAK-975,21
B-08,2026-05-06,QX-HBC-976,178
B-08,2026-05-06,QX-PET-977,209
B-08,2026-05-06,QX-HBC-978,101
B-08,2026-05-06,QX-TIN-979,56
B-08,2026-05-06,QX-TIN-980,133
B-08,2026-05-06,QX-HBC-981,18
B-08,2026-05-06,QX-TIN-982,82
B-08,2026-05-06,QX-PET-983,44
B-08,2026-05-06,QX-FRZ-984,12
B-08,2026-05-06,QX-HHD-985,2
B-08,2026-05-06,QX-CHL-986,109
B-08,2026-05-06,QX-BWS-987,236
B-08,2026-05-06,QX-CER-988,136
B-08,2026-05-06,QX-FRZ-989,214
B-08,2026-05-06,QX-FRZ-990,215
B-08,2026-05-06,QX-PET-991,9
B-08,2026-05-06,QX-HBC-992,42
B-08,2026-05-06,QX-HHD-993,72
B-08,2026-05-06,QX-TIN-994,20
B-08,2026-05-06,QX-CHL-995,41
B-08,2026-05-06,QX-BAK-996,16
B-08,2026-05-06,QX-CER-997,2
B-08,2026-05-06,QX-CHL-998,104
B-08,2026-05-06,QX-PET-999,43
B-08,2026-05-06,QX-DRK-000,91
B-08,2026-05-06,QX-HHD-001,91
B-08,2026-05-06,QX-TIN-002,187
B-08,2026-05-06,QX-HBC-003,54
B-08,2026-05-06,QX-CHL-004,159
B-08,2026-05-06,QX-DRK-005,109
B-08,2026-05-06,QX-HHD-006,51
B-08,2026-05-06,QX-TIN-007,181
B-08,2026-05-06,QX-BWS-008,58
B-08,2026-05-06,QX-HBC-009,129
B-08,2026-05-06,QX-PET-010,33
B-08,2026-05-06,QX-FRZ-011,214
B-08,2026-05-06,QX-DRY-012,69
B-08,2026-05-06,QX-CHL-013,210
B-08,2026-05-06,QX-FRZ-014,119
B-08,2026-05-06,QX-BAK-015,218
B-08,2026-05-06,QX-DRY-016,181
B-08,2026-05-06,QX-DRY-017,199
B-08,2026-05-06,QX-CHL-018,71
B-08,2026-05-06,QX-DRY-019,95
B-08,2026-05-06,QX-DRK-020,41
B-08,2026-05-06,QX-DRY-021,205
B-08,2026-05-06,QX-BWS-022,154
B-08,2026-05-06,QX-CHL-023,145
B-08,2026-05-06,QX-FRZ-024,23
B-08,2026-05-06,QX-CHL-025,167
B-08,2026-05-06,QX-DRY-026,13
B-08,2026-05-06,QX-CER-027,2
B-08,2026-05-06,QX-DRK-028,17
B-08,2026-05-06,QX-TIN-029,127
B-08,2026-05-06,QX-FRZ-030,236
B-08,2026-05-06,QX-PET-031,68
B-08,2026-05-06,QX-BWS-032,71
B-08,2026-05-06,QX-DRK-033,107
B-08,2026-05-06,QX-FRZ-034,40
B-08,2026-05-06,QX-PRO-035,
B-08,2026-05-06,QX-HHD-036,65
B-08,2026-05-06,QX-PET-037,116
B-08,2026-05-06,QX-PRO-038,236
B-08,2026-05-06,QX-HBC-039,96
B-08,2026-05-06,QX-TIN-040,107
B-08,2026-05-06,QX-CER-041,228
B-08,2026-05-06,QX-CHL-042,197
B-08,2026-05-06,QX-PRO-043,111
B-08,2026-05-06,QX-DRY-044,142
B-08,2026-05-06,QX-PRO-045,198
B-08,2026-05-06,QX-CER-046,201
B-08,2026-05-06,QX-HHD-047,130
B-08,2026-05-06,QX-CHL-048,11
B-08,2026-05-06,QX-DRY-049,77
B-08,2026-05-06,QX-FRZ-050,47
B-08,2026-05-06,QX-TIN-051,85
B-08,2026-05-06,QX-DRY-052,7
B-08,2026-05-06,QX-DRY-053,
B-08,2026-05-06,QX-TIN-054,88
B-08,2026-05-06,QX-HBC-055,187
B-08,2026-05-06,QX-DRY-056,70
B-08,2026-05-06,QX-CHL-057,11
B-08,2026-05-06,QX-PET-058,100
B-08,2026-05-06,QX-DRK-059,11
B-08,2026-05-06,QX-HBC-060,58
B-08,2026-05-06,QX-HBC-061,228
B-08,2026-05-06,QX-DRY-062,31
B-08,2026-05-06,QX-HBC-063,120
B-08,2026-05-06,QX-CER-064,107
B-08,2026-05-06,QX-BAK-065,201
B-08,2026-05-06,QX-PRO-066,59
B-08,2026-05-06,QX-CHL-067,103
B-08,2026-05-06,QX-BWS-068,140
B-08,2026-05-06,QX-HHD-069,128
B-08,2026-05-06,QX-CHL-070,
B-08,2026-05-06,QX-PET-071,80
B-08,2026-05-06,QX-CHL-072,88
B-08,2026-05-06,QX-TIN-073,0
B-08,2026-05-06,QX-FRZ-074,166
B-08,2026-05-06,QX-CER-075,157
B-08,2026-05-06,QX-BWS-076,83
B-08,2026-05-06,QX-TIN-077,132
B-08,2026-05-06,QX-CHL-078,200
B-08,2026-05-06,QX-FRZ-079,100
B-08,2026-05-06,QX-TIN-080,168
B-08,2026-05-06,QX-TIN-081,17
B-08,2026-05-06,QX-HBC-082,88
B-08,2026-05-06,QX-PRO-083,190
B-08,2026-05-06,QX-BAK-084,218
B-08,2026-05-06,QX-DRY-085,186
B-08,2026-05-06,QX-FRZ-086,202
B-08,2026-05-06,QX-DRY-087,132
B-08,2026-05-06,QX-PRO-088,42
B-08,2026-05-06,QX-PRO-089,72
B-08,2026-05-06,QX-DRY-090,34
B-08,2026-05-06,QX-CER-091,46
B-08,2026-05-06,QX-BWS-092,27
B-08,2026-05-06,QX-TIN-093,231
B-08,2026-05-06,QX-HHD-094,30
B-08,2026-05-06,QX-BAK-095,0
B-08,2026-05-06,QX-FRZ-096,220
B-08,2026-05-06,QX-DRY-097,156
B-08,2026-05-06,QX-DRK-098,134
B-08,2026-05-06,QX-HBC-099,8
B-08,2026-05-06,QX-PET-100,175
B-08,2026-05-06,QX-DRK-101,60
B-08,2026-05-06,QX-FRZ-102,208
B-08,2026-05-06,QX-CER-103,124
B-08,2026-05-06,QX-PRO-104,146
B-08,2026-05-06,QX-HBC-105,196
B-08,2026-05-06,QX-HBC-106,150
B-08,2026-05-06,QX-CHL-107,79
B-08,2026-05-06,QX-TIN-108,24
B-08,2026-05-06,QX-BAK-109,
B-08,2026-05-06,QX-PET-110,
B-08,2026-05-06,QX-TIN-111,170
B-08,2026-05-06,QX-CHL-112,210
B-08,2026-05-06,QX-HHD-113,51
B-08,2026-05-06,QX-CHL-114,
B-08,2026-05-06,QX-HHD-115,178
B-08,2026-05-06,QX-CHL-116,183
B-08,2026-05-06,QX-HBC-117,40
B-08,2026-05-06,QX-TIN-118,6
B-08,2026-05-06,QX-PET-119,187
B-08,2026-05-06,QX-BWS-120,240
B-08,2026-05-06,QX-TIN-121,58
B-08,2026-05-06,QX-CHL-122,153
B-08,2026-05-06,QX-CHL-123,222
B-08,2026-05-06,QX-CER-124,136
B-08,2026-05-06,QX-PET-125,152
B-08,2026-05-06,QX-DRK-126,229
B-08,2026-05-06,QX-HBC-127,74
B-08,2026-05-06,QX-DRY-128,79
B-08,2026-05-06,QX-HHD-129,188
B-08,2026-05-06,QX-BAK-130,12
B-08,2026-05-06,QX-PRO-131,192
B-08,2026-05-06,QX-CHL-132,179
B-08,2026-05-06,QX-HBC-133,221
B-08,2026-05-06,QX-DRK-134,72
B-08,2026-05-06,QX-BAK-135,194
B-08,2026-05-06,QX-HHD-136,76
B-08,2026-05-06,QX-HHD-137,192
B-08,2026-05-06,QX-TIN-138,87
B-08,2026-05-06,QX-CHL-139,60
B-08,2026-05-06,QX-BAK-140,211
B-08,2026-05-06,QX-HHD-141,66
B-08,2026-05-06,QX-CHL-142,201
B-08,2026-05-06,QX-PRO-143,238
B-08,2026-05-06,QX-DRY-144,104
B-08,2026-05-06,QX-HHD-145,190
B-08,2026-05-06,QX-FRZ-146,239
B-08,2026-05-06,QX-BWS-147,226
B-08,2026-05-06,QX-TIN-148,146
B-08,2026-05-06,QX-PRO-149,120
B-08,2026-05-06,QX-CER-150,145
B-08,2026-05-06,QX-CER-151,177
B-08,2026-05-06,QX-DRY-152,30
B-08,2026-05-06,QX-DRK-153,10
B-08,2026-05-06,QX-DRY-154,89
B-08,2026-05-06,QX-TIN-155,114
B-08,2026-05-06,QX-PRO-156,4
B-08,2026-05-06,QX-TIN-157,210
B-08,2026-05-06,QX-HHD-158,85
B-08,2026-05-06,QX-PRO-159,216
B-08,2026-05-06,QX-BAK-160,223
B-08,2026-05-06,QX-PRO-161,124
B-08,2026-05-06,QX-BAK-162,213
B-08,2026-05-06,QX-TIN-163,22
B-08,2026-05-06,QX-BWS-164,34
B-08,2026-05-06,QX-HHD-165,113
B-08,2026-05-06,QX-DRY-166,224
B-08,2026-05-06,QX-HBC-167,174
B-08,2026-05-06,QX-DRK-168,61
B-08,2026-05-06,QX-BAK-169,116
B-08,2026-05-06,QX-HBC-170,37
B-08,2026-05-06,QX-CHL-171,36
B-08,2026-05-06,QX-HBC-172,44
B-08,2026-05-06,QX-BAK-173,52
B-08,2026-05-06,QX-HBC-174,69
B-08,2026-05-06,QX-PET-175,232
B-08,2026-05-06,QX-PRO-176,58
B-08,2026-05-06,QX-TIN-177,180
B-08,2026-05-06,QX-HHD-178,161
B-08,2026-05-06,QX-DRY-179,126
B-08,2026-05-06,QX-PRO-180,103
B-08,2026-05-06,QX-BWS-181,182
B-08,2026-05-06,QX-PRO-182,142
B-08,2026-05-06,QX-HHD-183,229
B-08,2026-05-06,QX-PRO-184,212
B-08,2026-05-06,QX-HBC-185,26
B-08,2026-05-06,QX-PET-186,28
B-08,2026-05-06,QX-BAK-187,95
B-08,2026-05-06,QX-PET-188,193
B-08,2026-05-06,QX-DRY-189,183
B-08,2026-05-06,QX-CER-190,154
B-08,2026-05-06,QX-PRO-191,91
B-08,2026-05-06,QX-DRK-192,147
B-08,2026-05-06,QX-TIN-193,215
B-08,2026-05-06,QX-FRZ-194,21
B-08,2026-05-06,QX-HHD-195,178
B-08,2026-05-06,QX-BWS-196,177
B-08,2026-05-06,QX-PET-197,179
B-08,2026-05-06,QX-DRY-198,236
B-08,2026-05-06,QX-TIN-199,119
B-08,2026-05-06,QX-PET-200,157
B-08,2026-05-06,QX-CER-201,170
B-08,2026-05-06,QX-DRK-202,134
B-08,2026-05-06,QX-PRO-204,191
B-08,2026-05-06,QX-PRO-205,7
B-08,2026-05-06,QX-HBC-206,19
B-08,2026-05-06,QX-FRZ-208,14
B-08,2026-05-06,QX-HHD-209,230
B-08,2026-05-06,QX-BWS-210,151
B-08,2026-05-06,QX-PET-211,168
B-08,2026-05-06,QX-HHD-212,5
B-08,2026-05-06,QX-TIN-213,30
B-08,2026-05-06,QX-BAK-214,61
B-08,2026-05-06,QX-DRY-215,216
B-08,2026-05-06,QX-BAK-216,124
B-08,2026-05-06,QX-DRK-217,1
B-08,2026-05-06,QX-BWS-218,195
B-08,2026-05-06,QX-BAK-219,89
B-08,2026-05-06,QX-DRK-220,76
B-08,2026-05-06,QX-BAK-221,22
B-08,2026-05-06,QX-TIN-222,212
B-08,2026-05-06,QX-CER-223,154
B-08,2026-05-06,QX-BWS-224,92
B-08,2026-05-06,QX-CHL-225,117
B-08,2026-05-06,QX-PRO-226,104
B-08,2026-05-06,QX-PRO-227,159
B-08,2026-05-06,QX-PET-228,96
B-08,2026-05-06,QX-TIN-230,214
B-08,2026-05-06,QX-TIN-231,188
B-08,2026-05-06,QX-BWS-232,81
B-08,2026-05-06,QX-BWS-233,200
B-08,2026-05-06,QX-DRY-234,44
B-08,2026-05-06,QX-CER-235,109
B-08,2026-05-06,QX-CER-236,175
B-08,2026-05-06,QX-FRZ-237,64
B-08,2026-05-06,QX-PRO-238,120
B-08,2026-05-06,QX-BAK-239,173
B-08,2026-05-06,QX-HHD-240,44
B-08,2026-05-06,QX-PRO-241,121
B-08,2026-05-06,QX-DRK-242,162
B-08,2026-05-06,QX-BAK-243,206
B-08,2026-05-06,QX-DRY-244,186
B-08,2026-05-06,QX-HHD-245,15
B-08,2026-05-06,QX-PRO-246,85
B-08,2026-05-06,QX-TIN-247,17
B-08,2026-05-06,QX-PET-249,151
B-08,2026-05-06,QX-BAK-250,186
B-08,2026-05-06,QX-DRY-251,166
B-08,2026-05-06,QX-BWS-252,95
B-08,2026-05-06,QX-FRZ-253,192
B-08,2026-05-06,QX-CHL-254,183
B-08,2026-05-06,QX-PET-255,227
B-08,2026-05-06,QX-HHD-256,195
B-08,2026-05-06,QX-BAK-257,56
B-08,2026-05-06,QX-CER-258,121
B-08,2026-05-06,QX-HBC-259,219
B-08,2026-05-06,QX-DRY-260,156
B-08,2026-05-06,QX-TIN-261,143
B-08,2026-05-06,QX-BAK-262,229
B-08,2026-05-06,QX-FRZ-263,201
B-08,2026-05-06,QX-TIN-264,113
B-08,2026-05-06,QX-CER-265,153
B-08,2026-05-06,QX-DRY-266,32
B-08,2026-05-06,QX-TIN-267,115
B-08,2026-05-06,QX-HHD-268,76
B-08,2026-05-06,QX-CHL-269,8
B-08,2026-05-06,QX-CER-270,206
B-08,2026-05-06,QX-PET-271,32
B-08,2026-05-06,QX-TIN-272,226
B-08,2026-05-06,QX-CHL-274,224
B-08,2026-05-06,QX-PET-275,105
B-08,2026-05-06,QX-TIN-276,22
B-08,2026-05-06,QX-CER-277,35
B-08,2026-05-06,QX-CER-278,89
B-08,2026-05-06,QX-HBC-279,82
B-08,2026-05-06,QX-BWS-280,74
B-08,2026-05-06,QX-DRK-281,59
B-08,2026-05-06,QX-DRK-282,108
B-08,2026-05-06,QX-BWS-283,110
B-08,2026-05-06,QX-DRY-284,71
B-08,2026-05-06,QX-TIN-285,127
B-08,2026-05-06,QX-PET-286,70
B-08,2026-05-06,QX-BAK-287,89
B-08,2026-05-06,QX-BAK-288,238
B-08,2026-05-06,QX-TIN-289,70
B-08,2026-05-06,QX-TIN-291,106
B-08,2026-05-06,QX-HBC-292,155
B-08,2026-05-06,QX-DRK-293,178
B-08,2026-05-06,QX-HHD-294,25
B-08,2026-05-06,QX-TIN-296,229
B-08,2026-05-06,QX-FRZ-297,157
B-08,2026-05-06,QX-BWS-298,64
B-08,2026-05-06,QX-TIN-299,167
B-08,2026-05-06,QX-HBC-300,82
B-08,2026-05-06,QX-BAK-301,171
B-08,2026-05-06,QX-DRK-302,137
B-08,2026-05-06,QX-PRO-303,60
B-08,2026-05-06,QX-CER-304,140
B-08,2026-05-06,QX-CER-305,
B-08,2026-05-06,QX-HBC-306,
B-08,2026-05-06,QX-BWS-307,173
B-08,2026-05-06,QX-BWS-308,94
B-08,2026-05-06,QX-CER-309,123
B-08,2026-05-06,QX-TIN-311,192
B-08,2026-05-06,QX-TIN-312,181
B-08,2026-05-06,QX-DRY-314,191
B-08,2026-05-06,QX-CHL-315,25
B-08,2026-05-06,QX-BWS-316,218
B-08,2026-05-06,QX-PET-317,60
B-08,2026-05-06,QX-DRK-319,104
B-08,2026-05-06,QX-CER-320,237
B-08,2026-05-06,QX-PRO-321,81
B-08,2026-05-06,QX-TIN-322,174
B-08,2026-05-06,QX-BWS-323,134
B-08,2026-05-06,QX-HBC-324,26
B-08,2026-05-06,QX-HBC-325,177
B-08,2026-05-06,QX-BWS-326,121
B-08,2026-05-06,QX-HBC-327,160
B-08,2026-05-06,QX-TIN-328,86
B-08,2026-05-06,QX-BAK-329,231
B-08,2026-05-06,QX-HHD-330,38
B-08,2026-05-06,QX-CHL-332,136
B-08,2026-05-06,QX-CER-333,81
B-08,2026-05-06,QX-CHL-334,190
B-08,2026-05-06,QX-FRZ-336,111
B-08,2026-05-06,QX-BAK-337,122
B-08,2026-05-06,QX-FRZ-338,14
B-08,2026-05-06,QX-CHL-339,153
B-08,2026-05-06,QX-TIN-340,110
B-08,2026-05-06,QX-DRY-341,22
B-08,2026-05-06,QX-DRK-342,6
B-08,2026-05-06,QX-TIN-343,174
B-08,2026-05-06,QX-FRZ-344,53
B-08,2026-05-06,QX-CHL-345,31
B-08,2026-05-06,QX-FRZ-346,212
B-08,2026-05-06,QX-HHD-347,48
B-08,2026-05-06,QX-DRK-348,68
B-08,2026-05-06,QX-CER-349,138
B-08,2026-05-06,QX-DRY-350,177
B-08,2026-05-06,QX-BAK-351,151
B-08,2026-05-06,QX-CER-352,134
B-08,2026-05-06,QX-HHD-353,174
B-08,2026-05-06,QX-TIN-354,85
B-08,2026-05-06,QX-HBC-355,149
B-08,2026-05-06,QX-TIN-356,174
B-08,2026-05-06,QX-PET-357,122
B-08,2026-05-06,QX-CER-358,224
B-08,2026-05-06,QX-DRY-359,25
B-08,2026-05-06,QX-HHD-360,88
B-08,2026-05-06,QX-DRK-361,211
B-08,2026-05-06,QX-DRK-362,197
B-08,2026-05-06,QX-TIN-363,161
B-08,2026-05-06,QX-CER-364,23
B-08,2026-05-06,QX-TIN-365,177
B-08,2026-05-06,QX-HBC-366,66
B-08,2026-05-06,QX-CHL-367,143
B-08,2026-05-06,QX-PRO-368,75
B-08,2026-05-06,QX-DRK-369,167
B-08,2026-05-06,QX-BAK-371,179
B-08,2026-05-06,QX-HHD-372,65
B-08,2026-05-06,QX-CHL-373,157
B-08,2026-05-06,QX-BAK-374,203
B-08,2026-05-06,QX-BWS-375,1
B-08,2026-05-06,QX-CER-376,158
B-08,2026-05-06,QX-BAK-377,77
B-08,2026-05-06,QX-DRK-378,203
B-08,2026-05-06,QX-DRK-379,19
B-08,2026-05-06,QX-TIN-380,192
B-08,2026-05-06,QX-TIN-381,56
B-08,2026-05-06,QX-PET-382,89
B-08,2026-05-06,QX-TIN-383,25
B-08,2026-05-06,QX-BAK-384,153
B-08,2026-05-06,QX-FRZ-385,19
B-08,2026-05-06,QX-BAK-387,61
B-08,2026-05-06,QX-CER-388,143
B-08,2026-05-06,QX-CER-389,179
B-08,2026-05-06,QX-CER-390,225
B-08,2026-05-06,QX-DRY-391,209
B-08,2026-05-06,QX-FRZ-392,8
B-08,2026-05-06,QX-HBC-393,186
B-08,2026-05-06,QX-CER-394,158
B-08,2026-05-06,QX-BAK-395,82
B-08,2026-05-06,QX-FRZ-396,21
B-08,2026-05-06,QX-PET-398,14
B-08,2026-05-06,QX-BAK-400,115
B-08,2026-05-06,QX-HBC-401,21
B-08,2026-05-06,QX-DRY-403,130
B-08,2026-05-06,QX-PET-404,97
B-08,2026-05-06,QX-HBC-405,133
B-08,2026-05-06,QX-DRY-406,214
B-08,2026-05-06,QX-DRY-407,229
B-08,2026-05-06,QX-CHL-409,5
B-08,2026-05-06,QX-HHD-411,131
B-08,2026-05-06,QX-BWS-412,103
B-08,2026-05-06,QX-FRZ-413,201
B-08,2026-05-06,QX-FRZ-414,21
B-08,2026-05-06,QX-FRZ-415,175
B-08,2026-05-06,QX-PET-416,114
B-08,2026-05-06,QX-PET-417,144
B-08,2026-05-06,QX-HHD-418,124
B-08,2026-05-06,QX-BAK-419,37
B-08,2026-05-06,QX-DRK-420,202
B-08,2026-05-06,QX-FRZ-421,24
B-08,2026-05-06,QX-HHD-423,100
B-08,2026-05-06,QX-HBC-424,65
B-08,2026-05-06,QX-CHL-425,105
B-08,2026-05-06,QX-BAK-426,211
B-08,2026-05-06,QX-DRK-427,181
B-08,2026-05-06,QX-PET-428,89
B-08,2026-05-06,QX-CER-429,122
B-08,2026-05-06,QX-FRZ-431,151
B-08,2026-05-06,QX-CHL-432,109
B-08,2026-05-06,QX-PET-433,170
B-08,2026-05-06,QX-CER-434,16
B-08,2026-05-06,QX-PRO-435,90
B-08,2026-05-06,QX-PRO-436,129
B-08,2026-05-06,QX-FRZ-437,75
B-08,2026-05-06,QX-CHL-438,131
B-08,2026-05-06,QX-BWS-439,165
B-08,2026-05-06,QX-FRZ-440,160
B-08,2026-05-06,QX-HHD-441,
B-08,2026-05-06,QX-HBC-442,145
B-08,2026-05-06,QX-HHD-443,70
B-08,2026-05-06,QX-HHD-445,
B-08,2026-05-06,QX-PET-446,109
B-08,2026-05-06,QX-TIN-447,93
B-08,2026-05-06,QX-PET-448,71
B-08,2026-05-06,QX-HHD-449,169
B-08,2026-05-06,QX-HHD-450,
B-08,2026-05-06,QX-HBC-452,10
B-08,2026-05-06,QX-DRK-453,234
B-08,2026-05-06,QX-PRO-454,180
B-08,2026-05-06,QX-DRK-455,189
B-08,2026-05-06,QX-TIN-456,199
B-08,2026-05-06,QX-HBC-457,104
B-08,2026-05-06,QX-CER-458,233
B-08,2026-05-06,QX-CHL-459,176
B-08,2026-05-06,QX-CER-460,181
B-08,2026-05-06,QX-PET-461,55
B-08,2026-05-06,QX-BAK-462,178
B-08,2026-05-06,QX-TIN-463,
B-08,2026-05-06,QX-BAK-464,106
B-08,2026-05-06,QX-HBC-465,8
B-08,2026-05-06,QX-CHL-466,9
B-08,2026-05-06,QX-DRK-467,14
B-08,2026-05-06,QX-TIN-468,4
B-08,2026-05-06,QX-HHD-469,151
B-08,2026-05-06,QX-BWS-470,141
B-08,2026-05-06,QX-PET-471,51
B-08,2026-05-06,QX-DRY-472,109
B-08,2026-05-06,QX-CER-473,116
B-08,2026-05-06,QX-DRK-474,169
B-08,2026-05-06,QX-HBC-475,42
B-08,2026-05-06,QX-PET-476,201
B-08,2026-05-06,QX-PRO-477,131
B-08,2026-05-06,QX-FRZ-478,62
B-08,2026-05-06,QX-PET-479,135
B-08,2026-05-06,QX-DRK-480,192
B-08,2026-05-06,QX-TIN-481,14
B-08,2026-05-06,QX-HBC-482,11
B-08,2026-05-06,QX-DRY-483,179
B-08,2026-05-06,QX-TIN-484,175
B-08,2026-05-06,QX-CER-486,62
B-08,2026-05-06,QX-BAK-487,25
B-08,2026-05-06,QX-PRO-488,128
B-08,2026-05-06,QX-DRK-489,166
B-08,2026-05-06,QX-BWS-490,156
B-08,2026-05-06,QX-HBC-491,53
B-08,2026-05-06,QX-FRZ-492,31
B-08,2026-05-06,QX-CHL-493,172
B-08,2026-05-06,QX-HBC-494,160
B-08,2026-05-06,QX-FRZ-495,27
B-08,2026-05-06,QX-HHD-496,98
B-08,2026-05-06,QX-PET-497,233
B-08,2026-05-06,QX-BWS-498,
B-08,2026-05-06,QX-BAK-499,171
B-08,2026-05-06,QX-FRZ-500,160
B-08,2026-05-06,QX-BAK-501,214
B-08,2026-05-06,QX-PET-503,67
B-08,2026-05-06,QX-CER-504,79
B-08,2026-05-06,QX-CER-505,57
B-08,2026-05-06,QX-BAK-506,76
B-08,2026-05-06,QX-CER-507,142
B-08,2026-05-06,QX-DRK-508,139
B-08,2026-05-06,QX-BAK-509,151
B-08,2026-05-06,QX-CER-510,128
B-08,2026-05-06,QX-DRK-511,184
B-08,2026-05-06,QX-HHD-512,218
B-08,2026-05-06,QX-CER-513,167
B-08,2026-05-06,QX-HHD-514,20
B-08,2026-05-06,QX-HHD-515,20
B-08,2026-05-06,QX-PET-516,74
B-08,2026-05-06,QX-CHL-517,142
B-08,2026-05-06,QX-BAK-518,17
B-08,2026-05-06,QX-PET-520,130
B-08,2026-05-06,QX-BAK-521,161
B-08,2026-05-06,QX-DRY-522,239
B-08,2026-05-06,QX-PRO-523,162
B-08,2026-05-06,QX-PRO-524,35
B-08,2026-05-06,QX-FRZ-525,207
B-08,2026-05-06,QX-CER-526,177
B-08,2026-05-06,QX-CHL-527,198
B-08,2026-05-06,QX-DRK-528,228
B-08,2026-05-06,QX-CER-529,59
B-08,2026-05-06,QX-CHL-530,41
B-08,2026-05-06,QX-CER-531,4
B-08,2026-05-06,QX-HBC-532,95
B-08,2026-05-06,QX-PET-533,97
B-08,2026-05-06,QX-TIN-534,4
B-08,2026-05-06,QX-FRZ-535,107
B-08,2026-05-06,QX-PET-537,230
B-08,2026-05-06,QX-BAK-538,74
B-08,2026-05-06,QX-HBC-539,89
B-08,2026-05-06,QX-PRO-540,
B-08,2026-05-06,QX-CHL-541,104
B-08,2026-05-06,QX-CHL-542,40
B-08,2026-05-06,QX-PRO-543,58
B-08,2026-05-06,QX-DRY-544,186
B-08,2026-05-06,QX-HBC-545,30
B-08,2026-05-06,QX-DRK-546,186
B-08,2026-05-06,QX-FRZ-547,222
B-08,2026-05-06,QX-TIN-548,
B-08,2026-05-06,QX-BWS-549,231
B-08,2026-05-06,QX-CHL-550,224
B-08,2026-05-06,QX-HHD-551,171
B-08,2026-05-06,QX-TIN-552,43
B-08,2026-05-06,QX-FRZ-553,171
B-08,2026-05-06,QX-HHD-554,184
B-08,2026-05-06,QX-DRY-555,219
B-08,2026-05-06,QX-HHD-556,237
B-08,2026-05-06,QX-TIN-557,227
B-08,2026-05-06,QX-CER-558,139
B-08,2026-05-06,QX-PET-559,77
B-08,2026-05-06,QX-DRK-560,131
B-08,2026-05-06,QX-CER-561,118
B-08,2026-05-06,QX-PRO-562,164
B-08,2026-05-06,QX-HHD-563,116
B-08,2026-05-06,QX-BAK-564,45
B-08,2026-05-06,QX-BAK-565,213
B-08,2026-05-06,QX-FRZ-566,214
B-08,2026-05-06,QX-HHD-568,23
B-08,2026-05-06,QX-BAK-569,113
B-08,2026-05-06,QX-HHD-570,37
B-08,2026-05-06,QX-PET-571,53
B-08,2026-05-06,QX-PET-573,175
B-08,2026-05-06,QX-TIN-574,36
B-08,2026-05-06,QX-PET-575,165
B-08,2026-05-06,QX-HBC-576,42
B-08,2026-05-06,QX-DRY-577,80
B-08,2026-05-06,QX-FRZ-578,183
B-08,2026-05-06,QX-PRO-580,10
B-08,2026-05-06,QX-BAK-581,140
B-08,2026-05-06,QX-FRZ-582,75
B-08,2026-05-06,QX-DRK-583,40
B-08,2026-05-06,QX-HHD-584,24
B-08,2026-05-06,QX-HHD-586,210
B-08,2026-05-06,QX-PRO-587,169
B-08,2026-05-06,QX-FRZ-588,79
B-08,2026-05-06,QX-CER-589,196
B-08,2026-05-06,QX-BAK-590,158
B-08,2026-05-06,QX-HBC-591,106
B-08,2026-05-06,QX-TIN-593,155
B-08,2026-05-06,QX-CER-594,107
B-08,2026-05-06,QX-HHD-595,61
B-08,2026-05-06,QX-PRO-596,88
B-08,2026-05-06,QX-BWS-597,203
B-08,2026-05-06,QX-BAK-598,40
B-08,2026-05-06,QX-BAK-599,166
B-08,2026-05-06,QX-DRK-600,190
B-08,2026-05-06,QX-DRK-601,95
B-08,2026-05-06,QX-PET-602,105
B-08,2026-05-06,QX-DRK-603,135
B-08,2026-05-06,QX-BAK-604,75
B-08,2026-05-06,QX-CER-606,202
B-08,2026-05-06,QX-BWS-607,237
B-08,2026-05-06,QX-FRZ-608,10
B-08,2026-05-06,QX-CHL-609,221
B-08,2026-05-06,QX-BAK-610,60
B-08,2026-05-06,QX-BWS-611,24
B-08,2026-05-06,QX-BWS-612,169
B-08,2026-05-06,QX-BAK-613,52
B-08,2026-05-06,QX-FRZ-615,75
B-08,2026-05-06,QX-HHD-616,197
B-08,2026-05-06,QX-CHL-617,53
B-08,2026-05-06,QX-DRY-618,2
B-08,2026-05-06,QX-CER-619,55
B-08,2026-05-06,QX-DRY-620,202
B-08,2026-05-06,QX-HHD-621,143
B-08,2026-05-06,QX-FRZ-622,134
B-08,2026-05-06,QX-FRZ-623,117
B-08,2026-05-06,QX-DRK-624,91
B-08,2026-05-06,QX-FRZ-625,146
B-08,2026-05-06,QX-TIN-626,20
B-08,2026-05-06,QX-CHL-627,153
B-08,2026-05-06,QX-DRK-628,63
B-08,2026-05-06,QX-BAK-629,56
B-08,2026-05-06,QX-TIN-630,175
B-08,2026-05-06,QX-HHD-631,193
B-08,2026-05-06,QX-PET-632,
B-08,2026-05-06,QX-BAK-633,43
B-08,2026-05-06,QX-HHD-634,168
B-08,2026-05-06,QX-FRZ-635,112
B-08,2026-05-06,QX-HBC-636,102
B-08,2026-05-06,QX-PRO-637,210
B-08,2026-05-06,QX-BAK-638,48
B-08,2026-05-06,QX-DRK-639,44
B-08,2026-05-06,QX-DRY-640,183
B-08,2026-05-06,QX-BAK-641,77
B-08,2026-05-06,QX-CHL-642,120
B-08,2026-05-06,QX-FRZ-643,129
B-08,2026-05-06,QX-BAK-644,41
B-08,2026-05-06,QX-DRK-645,35
B-08,2026-05-06,QX-FRZ-646,118
B-08,2026-05-06,QX-CER-647,153
B-08,2026-05-06,QX-BAK-648,193
B-08,2026-05-06,QX-BWS-649,87
B-08,2026-05-06,QX-TIN-650,92
B-08,2026-05-06,QX-CER-651,12
B-08,2026-05-06,QX-DRY-652,94
B-08,2026-05-06,QX-BAK-653,219
B-08,2026-05-06,QX-PET-654,73
B-08,2026-05-06,QX-CER-655,230
B-08,2026-05-06,QX-DRK-656,153
B-08,2026-05-06,QX-TIN-657,196
B-08,2026-05-06,QX-DRY-658,223
B-08,2026-05-06,QX-BAK-659,173
B-08,2026-05-06,QX-HHD-660,101
B-08,2026-05-06,QX-DRY-661,172
B-08,2026-05-06,QX-CER-663,
B-08,2026-05-06,QX-DRY-664,30
B-08,2026-05-06,QX-HHD-665,229
B-08,2026-05-06,QX-CER-666,14
B-08,2026-05-06,QX-DRY-667,130
B-08,2026-05-06,QX-BWS-668,182
B-08,2026-05-06,QX-FRZ-669,69
B-08,2026-05-06,QX-DRK-670,181
B-08,2026-05-06,QX-CER-671,115
B-08,2026-05-06,QX-PRO-672,182
B-08,2026-05-06,QX-PET-674,235
B-08,2026-05-06,QX-TIN-677,148
B-08,2026-05-06,QX-BAK-678,87
B-08,2026-05-06,QX-FRZ-679,49
B-08,2026-05-06,QX-FRZ-680,79
B-08,2026-05-06,QX-CER-681,167
B-08,2026-05-06,QX-HHD-682,236
B-08,2026-05-06,QX-BWS-684,198
B-08,2026-05-06,QX-PRO-685,
B-08,2026-05-06,QX-DRY-686,29
B-08,2026-05-06,QX-FRZ-687,50
B-08,2026-05-06,QX-BAK-688,135
B-08,2026-05-06,QX-BAK-689,225
B-08,2026-05-06,QX-CER-690,178
B-08,2026-05-06,QX-HBC-691,68
B-08,2026-05-06,QX-BAK-692,123
B-08,2026-05-06,QX-BAK-693,89
B-08,2026-05-06,QX-PET-694,156
B-08,2026-05-06,QX-CHL-695,63
B-08,2026-05-06,QX-FRZ-696,195
B-08,2026-05-06,QX-DRY-698,190
B-08,2026-05-06,QX-PRO-699,46
B-08,2026-05-06,QX-PET-700,49
B-08,2026-05-06,QX-CER-702,27
B-08,2026-05-06,QX-BWS-703,99
B-08,2026-05-06,QX-FRZ-704,159
B-08,2026-05-06,QX-DRK-705,145
B-08,2026-05-06,QX-FRZ-706,205
B-08,2026-05-06,QX-CHL-707,56
B-08,2026-05-06,QX-PET-708,236
B-08,2026-05-06,QX-CER-709,136
B-08,2026-05-06,QX-TIN-710,21
B-08,2026-05-06,QX-BAK-711,141
B-08,2026-05-06,QX-TIN-712,9
B-08,2026-05-06,QX-PRO-713,108
B-08,2026-05-06,QX-DRK-714,140
B-08,2026-05-06,QX-BAK-715,224
B-08,2026-05-06,QX-CHL-716,195
B-08,2026-05-06,QX-PET-717,13
B-08,2026-05-06,QX-PRO-718,19
B-08,2026-05-06,QX-FRZ-719,94
B-08,2026-05-06,QX-PRO-720,222
B-08,2026-05-06,QX-TIN-721,26
B-08,2026-05-06,QX-DRK-722,188
B-08,2026-05-06,QX-CER-724,184
B-08,2026-05-06,QX-PRO-726,98
B-08,2026-05-06,QX-HBC-727,26
B-08,2026-05-06,QX-HBC-729,123
B-08,2026-05-06,QX-DRK-730,122
B-08,2026-05-06,QX-CHL-732,55
B-08,2026-05-06,QX-DRK-733,13
B-08,2026-05-06,QX-CHL-734,231
B-08,2026-05-06,QX-FRZ-735,75
B-08,2026-05-06,QX-DRK-736,43
B-08,2026-05-06,QX-HBC-737,216
B-08,2026-05-06,QX-CHL-738,145
B-08,2026-05-06,QX-PRO-739,79
B-08,2026-05-06,QX-PET-741,77
B-08,2026-05-06,QX-FRZ-742,129
B-08,2026-05-06,QX-FRZ-743,52
B-08,2026-05-06,QX-CHL-744,127
B-08,2026-05-06,QX-HHD-745,231
B-08,2026-05-06,QX-DRK-746,228
B-08,2026-05-06,QX-BWS-747,213
B-08,2026-05-06,QX-PRO-748,159
B-08,2026-05-06,QX-DRY-749,181
B-08,2026-05-06,QX-TIN-750,185
B-08,2026-05-06,QX-TIN-751,128
B-08,2026-05-06,QX-PET-752,156
B-08,2026-05-06,QX-TIN-753,147
B-08,2026-05-06,QX-FRZ-754,181
B-08,2026-05-06,QX-DRY-755,16
B-08,2026-05-06,QX-DRK-756,1
B-08,2026-05-06,QX-DRK-757,158
B-08,2026-05-06,QX-HHD-758,124
B-08,2026-05-06,QX-FRZ-759,
B-08,2026-05-06,QX-CHL-760,143
B-08,2026-05-06,QX-BAK-761,80
B-08,2026-05-06,QX-HHD-762,157
B-08,2026-05-06,QX-HBC-764,165
B-08,2026-05-06,QX-BAK-765,140
B-08,2026-05-06,QX-BAK-766,17
B-08,2026-05-06,QX-BWS-767,171
B-08,2026-05-06,QX-BAK-769,1
B-08,2026-05-06,QX-BAK-770,83
B-08,2026-05-06,QX-PET-771,195
B-08,2026-05-06,QX-DRY-772,84
B-08,2026-05-06,QX-DRY-773,141
B-08,2026-05-06,QX-FRZ-774,0
B-08,2026-05-06,QX-TIN-775,234
B-08,2026-05-06,QX-BAK-777,60
B-08,2026-05-06,QX-HBC-778,160
B-08,2026-05-06,QX-TIN-779,49
B-08,2026-05-06,QX-DRK-780,166
B-08,2026-05-06,QX-PET-781,73
B-08,2026-05-06,QX-HBC-782,232
B-08,2026-05-06,QX-BWS-783,58
B-08,2026-05-06,QX-BWS-785,184
B-08,2026-05-06,QX-CER-786,78
B-08,2026-05-06,QX-DRK-787,68
B-08,2026-05-06,QX-FRZ-788,239
B-08,2026-05-06,QX-PET-789,182
B-08,2026-05-06,QX-HHD-790,228
B-08,2026-05-06,QX-HHD-791,147
B-08,2026-05-06,QX-DRY-792,235
B-08,2026-05-06,QX-PRO-793,222
B-08,2026-05-06,QX-HBC-794,53
B-08,2026-05-06,QX-HBC-795,18
B-08,2026-05-06,QX-BAK-796,203
B-08,2026-05-06,QX-BWS-797,100
B-08,2026-05-06,QX-BWS-798,4
B-08,2026-05-06,QX-BAK-799,220
B-08,2026-05-06,QX-HBC-800,25
B-08,2026-05-06,QX-DRY-802,66
B-08,2026-05-06,QX-HHD-803,146
B-08,2026-05-06,QX-HBC-805,231
B-08,2026-05-06,QX-HBC-806,
B-08,2026-05-06,QX-PET-807,115
B-08,2026-05-06,QX-HHD-808,52
B-08,2026-05-06,QX-HHD-809,12
B-08,2026-05-06,QX-PET-810,48
B-08,2026-05-06,QX-DRY-811,5
B-08,2026-05-06,QX-BWS-814,166
B-08,2026-05-06,QX-HHD-815,4
B-08,2026-05-06,QX-BAK-816,147
B-08,2026-05-06,QX-PRO-817,91
B-08,2026-05-06,QX-BAK-818,131
B-08,2026-05-06,QX-TIN-819,69
B-08,2026-05-06,QX-BAK-820,18
B-08,2026-05-06,QX-CHL-821,2
B-08,2026-05-06,QX-PET-822,127
B-08,2026-05-06,QX-DRK-823,102
B-08,2026-05-06,QX-FRZ-824,27
B-08,2026-05-06,QX-HHD-825,14
B-08,2026-05-06,QX-HBC-826,187
B-08,2026-05-06,QX-DRK-827,171
B-08,2026-05-06,QX-HBC-828,45
B-08,2026-05-06,QX-HHD-829,172
B-08,2026-05-06,QX-BWS-830,101
B-08,2026-05-06,QX-CER-831,116
B-08,2026-05-06,QX-FRZ-832,190
B-08,2026-05-06,QX-PRO-833,99
B-08,2026-05-06,QX-DRK-834,140
B-08,2026-05-06,QX-DRK-835,225
B-08,2026-05-06,QX-BWS-837,211
B-08,2026-05-06,QX-BWS-838,167
B-08,2026-05-06,QX-DRK-839,131
B-08,2026-05-06,QX-HBC-840,
B-08,2026-05-06,QX-HHD-841,164
B-08,2026-05-06,QX-PET-842,239
B-08,2026-05-06,QX-DRK-843,232
B-08,2026-05-06,QX-HBC-844,182
B-08,2026-05-06,QX-HHD-845,156
B-08,2026-05-06,QX-CHL-846,52
B-08,2026-05-06,QX-HBC-847,0
B-08,2026-05-06,QX-DRK-849,92
B-08,2026-05-06,QX-BWS-850,59
B-08,2026-05-06,QX-DRY-851,27
B-08,2026-05-06,QX-PRO-852,123
B-08,2026-05-06,QX-PET-853,228
B-08,2026-05-06,QX-HHD-854,71
B-08,2026-05-06,QX-FRZ-855,52
B-08,2026-05-06,QX-FRZ-856,200
B-08,2026-05-06,QX-HBC-857,198
B-08,2026-05-06,QX-PRO-858,27
B-08,2026-05-06,QX-FRZ-859,185
B-08,2026-05-06,QX-BAK-860,2
B-08,2026-05-06,QX-PRO-861,148
B-08,2026-05-06,QX-CHL-862,115
B-08,2026-05-06,QX-BWS-864,222
B-08,2026-05-06,QX-TIN-865,44
B-08,2026-05-06,QX-CER-866,
B-08,2026-05-06,QX-TIN-867,104
B-08,2026-05-06,QX-HBC-868,151
B-08,2026-05-06,QX-FRZ-869,183
B-08,2026-05-06,QX-DRY-870,114
B-08,2026-05-06,QX-DRK-871,191
B-08,2026-05-06,QX-CHL-872,113
B-08,2026-05-06,QX-TIN-873,38
B-08,2026-05-06,QX-CHL-874,168
B-08,2026-05-06,QX-BWS-875,13
B-08,2026-05-06,QX-BWS-876,141
B-08,2026-05-06,QX-BAK-877,122
B-08,2026-05-06,QX-TIN-878,180
B-08,2026-05-06,QX-PRO-879,201
B-08,2026-05-06,QX-PRO-880,77
B-08,2026-05-06,QX-TIN-881,216
B-08,2026-05-06,QX-DRK-882,10
B-08,2026-05-06,QX-CHL-883,86
B-08,2026-05-06,QX-CER-884,218
B-08,2026-05-06,QX-BWS-885,58
B-08,2026-05-06,QX-CER-887,148
B-08,2026-05-06,QX-HHD-888,5
B-08,2026-05-06,QX-PRO-889,33
B-08,2026-05-06,QX-FRZ-890,20
B-08,2026-05-06,QX-CHL-891,199
B-08,2026-05-06,QX-TIN-892,189
B-08,2026-05-06,QX-CHL-893,122
B-08,2026-05-06,QX-HHD-894,88
B-08,2026-05-06,QX-HHD-895,128
B-08,2026-05-06,QX-FRZ-896,172
B-08,2026-05-06,QX-BWS-897,150
B-08,2026-05-06,QX-TIN-898,58
B-08,2026-05-06,QX-BAK-899,237
B-08,2026-05-06,QX-BAK-900,69
B-08,2026-05-06,QX-HBC-901,144
B-08,2026-05-06,QX-PET-902,16
B-08,2026-05-06,QX-DRY-903,51
B-08,2026-05-06,QX-TIN-904,107
B-08,2026-05-06,QX-FRZ-905,61
B-08,2026-05-06,QX-PRO-906,81
B-08,2026-05-06,QX-BWS-907,233
B-08,2026-05-06,QX-BWS-908,166
B-08,2026-05-06,QX-BWS-909,165
B-08,2026-05-06,QX-DRK-910,11
B-08,2026-05-06,QX-BWS-911,217
B-08,2026-05-06,QX-TIN-912,86
B-08,2026-05-06,QX-BAK-913,40
B-08,2026-05-06,QX-DRY-914,169
B-08,2026-05-06,QX-FRZ-915,143
B-08,2026-05-06,QX-PET-916,166
B-08,2026-05-06,QX-BWS-918,206
B-08,2026-05-06,QX-PET-919,27
B-08,2026-05-06,QX-FRZ-921,137
B-08,2026-05-06,QX-PRO-922,144
B-08,2026-05-06,QX-HBC-923,16
B-08,2026-05-06,QX-TIN-926,169
B-08,2026-05-06,QX-FRZ-928,38
B-08,2026-05-06,QX-BAK-929,89
B-08,2026-05-06,QX-PET-930,83
B-08,2026-05-06,QX-HBC-932,42
B-08,2026-05-06,QX-TIN-933,195
B-08,2026-05-06,QX-TIN-934,63
B-08,2026-05-06,QX-DRK-935,170
B-08,2026-05-06,QX-FRZ-936,140
B-08,2026-05-06,QX-HHD-937,235
B-08,2026-05-06,QX-CHL-938,45
B-08,2026-05-06,QX-BWS-939,99
B-08,2026-05-06,QX-DRY-940,169
B-08,2026-05-06,QX-CER-941,165
B-08,2026-05-06,QX-BAK-942,131
B-08,2026-05-06,QX-DRK-943,58
B-08,2026-05-06,QX-PRO-944,15
B-08,2026-05-06,QX-TIN-945,142
B-08,2026-05-06,QX-CHL-946,90
B-08,2026-05-06,QX-FRZ-947,36
B-08,2026-05-06,QX-HBC-948,102
B-08,2026-05-06,QX-PRO-949,179
B-08,2026-05-06,QX-BWS-950,126
B-08,2026-05-06,QX-DRY-951,23
B-08,2026-05-06,QX-PRO-952,140
B-08,2026-05-06,QX-HBC-953,
B-08,2026-05-06,QX-PRO-954,4
B-08,2026-05-06,QX-HHD-956,50
B-08,2026-05-06,QX-HHD-957,58
B-08,2026-05-06,QX-CHL-958,141
B-08,2026-05-06,QX-PRO-959,218
B-08,2026-05-06,QX-PET-960,235
B-08,2026-05-06,QX-FRZ-961,31
B-08,2026-05-06,QX-DRY-962,207
B-08,2026-05-06,QX-PRO-963,132
B-08,2026-05-06,QX-HBC-964,63
B-08,2026-05-06,QX-HBC-965,189
B-08,2026-05-06,QX-FRZ-966,118
B-08,2026-05-06,QX-HHD-967,57
B-08,2026-05-06,QX-CER-968,178
B-08,2026-05-06,QX-HHD-969,14
B-08,2026-05-06,QX-TIN-970,176
B-08,2026-05-06,QX-TIN-971,205
B-08,2026-05-06,QX-CER-972,144
B-08,2026-05-06,QX-HBC-973,81
B-08,2026-05-06,QX-DRK-974,68
B-08,2026-05-06,QX-FRZ-975,206
B-08,2026-05-06,QX-TIN-976,
B-08,2026-05-06,QX-BWS-977,220
B-08,2026-05-06,QX-PRO-978,179
B-08,2026-05-06,QX-HHD-979,10
B-08,2026-05-06,QX-FRZ-980,92
B-08,2026-05-06,QX-FRZ-981,238
B-08,2026-05-06,QX-DRY-982,83
B-08,2026-05-06,QX-FRZ-983,94
B-08,2026-05-06,QX-HBC-985,117
B-08,2026-05-06,QX-DRY-986,106
B-08,2026-05-06,QX-CER-987,175
B-08,2026-05-06,QX-HHD-989,
B-08,2026-05-06,QX-TIN-990,100
B-08,2026-05-06,QX-CER-991,210
B-08,2026-05-06,QX-BWS-992,120
B-08,2026-05-06,QX-CER-993,30
B-08,2026-05-06,QX-DRK-994,239
B-08,2026-05-06,QX-TIN-995,207
B-08,2026-05-06,QX-CER-996,39
B-08,2026-05-06,QX-FRZ-997,136
B-08,2026-05-06,QX-TIN-998,125
B-08,2026-05-06,QX-CER-999,4
B-08,2026-05-06,QX-CER-000,131
B-08,2026-05-06,QX-PRO-001,198
B-08,2026-05-06,QX-PET-002,89
B-08,2026-05-06,QX-HBC-004,213
B-08,2026-05-06,QX-BAK-005,173
B-08,2026-05-06,QX-BWS-006,129
B-08,2026-05-06,QX-DRK-007,98
B-08,2026-05-06,QX-TIN-008,155
B-08,2026-05-06,QX-TIN-009,119
B-08,2026-05-06,QX-CHL-010,66
B-08,2026-05-06,QX-HBC-011,229
B-08,2026-05-06,QX-FRZ-012,236
B-08,2026-05-06,QX-HHD-013,94
B-08,2026-05-06,QX-DRY-014,93
B-08,2026-05-06,QX-PRO-015,76
B-08,2026-05-06,QX-PET-016,187
B-08,2026-05-06,QX-TIN-017,138
B-08,2026-05-06,QX-FRZ-018,231
B-08,2026-05-06,QX-FRZ-019,6
B-08,2026-05-06,QX-CHL-021,155
B-08,2026-05-06,QX-PRO-022,80
B-08,2026-05-06,QX-HHD-023,96
B-08,2026-05-06,QX-DRK-024,207
B-08,2026-05-06,QX-FRZ-025,195
B-08,2026-05-06,QX-PRO-026,17
B-08,2026-05-06,QX-HBC-027,155
B-08,2026-05-06,QX-HHD-028,41
B-08,2026-05-06,QX-HHD-029,236
B-08,2026-05-06,QX-DRY-030,221
B-08,2026-05-06,QX-HBC-031,85
B-08,2026-05-06,QX-DRK-032,164
B-08,2026-05-06,QX-TIN-033,220
B-08,2026-05-06,QX-HHD-034,204
B-08,2026-05-06,QX-TIN-035,12
B-08,2026-05-06,QX-BAK-036,24
B-08,2026-05-06,QX-TIN-038,6
B-08,2026-05-06,QX-PRO-039,107
B-08,2026-05-06,QX-HBC-040,110
B-08,2026-05-06,QX-DRY-041,195
B-08,2026-05-06,QX-DRK-042,184
B-08,2026-05-06,QX-FRZ-043,91
B-08,2026-05-06,QX-CER-044,30
B-08,2026-05-06,QX-HHD-045,173
B-08,2026-05-06,QX-BAK-046,214
B-08,2026-05-06,QX-CER-047,209
B-08,2026-05-06,QX-HBC-048,50
B-08,2026-05-06,QX-HBC-049,31
B-08,2026-05-06,QX-BWS-050,120
B-08,2026-05-06,QX-PET-052,223
B-08,2026-05-06,QX-FRZ-053,205
B-08,2026-05-06,QX-FRZ-056,229
B-08,2026-05-06,QX-FRZ-057,180
B-08,2026-05-06,QX-DRY-058,169
B-08,2026-05-06,QX-PET-059,147
B-08,2026-05-06,QX-FRZ-060,35
B-08,2026-05-06,QX-BWS-061,125
B-08,2026-05-06,QX-BWS-062,162
B-08,2026-05-06,QX-HHD-063,202
B-08,2026-05-06,QX-FRZ-064,182
B-08,2026-05-06,QX-PET-065,159
B-08,2026-05-06,QX-TIN-066,189
B-08,2026-05-06,QX-HBC-067,138
B-08,2026-05-06,QX-TIN-068,190
B-08,2026-05-06,QX-CER-069,49
B-08,2026-05-06,QX-DRY-070,213
B-08,2026-05-06,QX-DRK-071,131
B-08,2026-05-06,QX-FRZ-072,222
B-08,2026-05-06,QX-HHD-073,13
B-08,2026-05-06,QX-BWS-074,28
B-08,2026-05-06,QX-DRY-075,196
B-08,2026-05-06,QX-DRK-076,165
B-08,2026-05-06,QX-CER-077,74
B-08,2026-05-06,QX-HBC-078,237
B-08,2026-05-06,QX-PRO-079,106
B-08,2026-05-06,QX-FRZ-080,
B-08,2026-05-06,QX-BWS-081,211
B-08,2026-05-06,QX-CER-082,13
B-08,2026-05-06,QX-DRY-083,28
B-08,2026-05-06,QX-DRY-084,189
B-08,2026-05-06,QX-DRK-085,223
B-08,2026-05-06,QX-HHD-086,68
B-08,2026-05-06,QX-BWS-087,55
B-08,2026-05-06,QX-TIN-088,47
B-08,2026-05-06,QX-HBC-089,33
B-08,2026-05-06,QX-PET-090,104
B-08,2026-05-06,QX-CHL-091,117
B-08,2026-05-06,QX-TIN-092,91
B-08,2026-05-06,QX-CER-093,190
B-08,2026-05-06,QX-FRZ-094,210
B-08,2026-05-06,QX-DRK-095,224
B-08,2026-05-06,QX-HHD-096,121
B-08,2026-05-06,QX-FRZ-097,170
B-08,2026-05-06,QX-HBC-098,198
B-08,2026-05-06,QX-BAK-099,179
B-08,2026-05-06,QX-HHD-100,97
B-08,2026-05-06,QX-PET-101,207
B-08,2026-05-06,QX-DRY-104,221
B-08,2026-05-06,QX-BAK-105,194
B-08,2026-05-06,QX-FRZ-106,119
B-08,2026-05-06,QX-HBC-107,155
B-08,2026-05-06,QX-CER-108,54
B-08,2026-05-06,QX-DRY-109,66
B-08,2026-05-06,QX-TIN-110,193
B-08,2026-05-06,QX-BWS-111,188
B-08,2026-05-06,QX-DRY-112,60
B-08,2026-05-06,QX-DRK-113,218
B-08,2026-05-06,QX-BWS-114,30
B-08,2026-05-06,QX-DRK-115,166
B-08,2026-05-06,QX-BWS-116,221
B-08,2026-05-06,QX-HHD-117,88
B-08,2026-05-06,QX-DRK-118,176
B-08,2026-05-06,QX-HHD-119,145
B-08,2026-05-06,QX-BAK-120,44
B-08,2026-05-06,QX-PRO-121,21
B-08,2026-05-06,QX-TIN-122,68
B-08,2026-05-06,QX-PET-123,77
B-08,2026-05-06,QX-DRK-124,39
B-08,2026-05-06,QX-HBC-125,120
B-08,2026-05-06,QX-DRY-126,159
B-08,2026-05-06,QX-BAK-127,216
B-08,2026-05-06,QX-PRO-128,150
B-08,2026-05-06,QX-BWS-129,151
B-08,2026-05-06,QX-DRK-130,110
B-08,2026-05-06,QX-PET-131,83
B-08,2026-05-06,QX-CER-132,219
B-08,2026-05-06,QX-DRK-133,80
B-08,2026-05-06,QX-CER-134,153
B-08,2026-05-06,QX-BWS-135,19
B-08,2026-05-06,QX-CHL-136,155
B-08,2026-05-06,QX-TIN-137,231
B-08,2026-05-06,QX-BWS-138,222
B-08,2026-05-06,QX-HHD-139,105
B-08,2026-05-06,QX-TIN-140,15
B-08,2026-05-06,QX-DRY-141,95
B-08,2026-05-06,QX-DRK-142,22
B-08,2026-05-06,QX-FRZ-143,118
B-08,2026-05-06,QX-DRK-144,125
B-08,2026-05-06,QX-FRZ-145,131
B-08,2026-05-06,QX-PRO-146,153
B-08,2026-05-06,QX-CHL-147,46
B-08,2026-05-06,QX-HBC-148,151
B-08,2026-05-06,QX-TIN-149,16
B-08,2026-05-06,QX-PRO-150,192
B-08,2026-05-06,QX-BWS-151,237
B-08,2026-05-06,QX-DRK-152,153
B-08,2026-05-06,QX-TIN-153,6
B-08,2026-05-06,QX-BAK-155,225
B-08,2026-05-06,QX-DRY-156,174
B-08,2026-05-06,QX-PRO-157,51
B-08,2026-05-06,QX-DRY-158,108
B-08,2026-05-06,QX-TIN-159,60
B-08,2026-05-06,QX-CHL-160,21
B-08,2026-05-06,QX-FRZ-161,116
B-08,2026-05-06,QX-BWS-162,76
B-08,2026-05-06,QX-PRO-163,106
B-08,2026-05-06,QX-DRK-164,176
B-08,2026-05-06,QX-BAK-165,189
B-08,2026-05-06,QX-BWS-167,98
B-08,2026-05-06,QX-HHD-168,169
B-08,2026-05-06,QX-HBC-169,118
B-08,2026-05-06,QX-HHD-170,31
B-08,2026-05-06,QX-PRO-171,207
B-08,2026-05-06,QX-CHL-172,217
B-08,2026-05-06,QX-HHD-173,86
B-08,2026-05-06,QX-BAK-174,99
B-08,2026-05-06,QX-TIN-175,40
B-08,2026-05-06,QX-DRK-176,116
B-08,2026-05-06,QX-DRK-177,15
B-08,2026-05-06,QX-CER-178,13
B-08,2026-05-06,QX-HHD-179,10
B-08,2026-05-06,QX-CHL-180,235
B-08,2026-05-06,QX-PET-181,119
B-08,2026-05-06,QX-HHD-182,13
B-08,2026-05-06,QX-DRY-183,164
B-08,2026-05-06,QX-BAK-184,1
B-08,2026-05-06,QX-FRZ-185,202
B-08,2026-05-06,QX-CHL-186,150
B-08,2026-05-06,QX-HBC-187,2
B-08,2026-05-06,QX-BAK-188,41
B-08,2026-05-06,QX-HBC-189,3
B-08,2026-05-06,QX-DRY-191,218
B-08,2026-05-06,QX-PET-192,73
B-08,2026-05-06,QX-DRY-193,148
B-08,2026-05-06,QX-HBC-194,
B-08,2026-05-06,QX-CHL-195,87
B-08,2026-05-06,QX-DRY-196,
B-08,2026-05-06,QX-HHD-197,75
B-08,2026-05-06,QX-BAK-198,46
B-08,2026-05-06,QX-DRY-199,2
B-08,2026-05-06,QX-PRO-200,186
B-08,2026-05-06,QX-TIN-202,125
B-08,2026-05-06,QX-HHD-203,221
B-08,2026-05-06,QX-CHL-205,153
B-08,2026-05-06,QX-HHD-206,181
B-08,2026-05-06,QX-CHL-207,
B-08,2026-05-06,QX-HBC-208,166
B-08,2026-05-06,QX-DRK-209,101
B-08,2026-05-06,QX-TIN-210,92
B-08,2026-05-06,QX-CHL-211,31
B-08,2026-05-06,QX-CER-213,122
B-08,2026-05-06,QX-BAK-217,214
B-08,2026-05-06,QX-HBC-220,8
B-08,2026-05-06,QX-PET-221,23
B-08,2026-05-06,QX-HBC-222,52
B-08,2026-05-06,QX-DRY-224,203
B-08,2026-05-06,QX-HHD-225,238
B-08,2026-05-06,QX-CER-228,146
B-08,2026-05-06,QX-HHD-229,213
B-08,2026-05-06,QX-BWS-230,120
B-08,2026-05-06,QX-HHD-231,145
B-08,2026-05-06,QX-CHL-232,134
B-08,2026-05-06,QX-CHL-233,198
B-08,2026-05-06,QX-PET-234,190
B-08,2026-05-06,QX-BAK-235,203
B-08,2026-05-06,QX-BWS-236,156
B-08,2026-05-06,QX-BWS-237,45
B-08,2026-05-06,QX-HHD-238,120
B-08,2026-05-06,QX-FRZ-240,217
B-08,2026-05-06,QX-DRY-241,111
B-08,2026-05-06,QX-CHL-242,184
B-08,2026-05-06,QX-DRK-243,196
B-08,2026-05-06,QX-DRK-244,196
B-08,2026-05-06,QX-CER-245,223
B-08,2026-05-06,QX-CHL-246,34
B-08,2026-05-06,QX-DRY-247,16
B-08,2026-05-06,QX-HBC-248,166
B-08,2026-05-06,QX-HHD-249,
B-08,2026-05-06,QX-CER-250,239
B-08,2026-05-06,QX-CER-251,50
B-08,2026-05-06,QX-BAK-252,43
B-08,2026-05-06,QX-CHL-253,
B-08,2026-05-06,QX-BAK-254,204
B-08,2026-05-06,QX-FRZ-255,17
B-08,2026-05-06,QX-DRK-256,49
B-08,2026-05-06,QX-TIN-257,83
B-08,2026-05-06,QX-DRY-258,139
B-08,2026-05-06,QX-DRK-259,49
B-08,2026-05-06,QX-PET-260,185
B-08,2026-05-06,QX-DRY-261,179
B-08,2026-05-06,QX-FRZ-262,211
B-08,2026-05-06,QX-HHD-263,149
B-08,2026-05-06,QX-CER-264,112
B-08,2026-05-06,QX-BWS-265,79
B-08,2026-05-06,QX-BAK-268,210
B-08,2026-05-06,QX-PET-269,176
B-08,2026-05-06,QX-BWS-270,187
B-08,2026-05-06,QX-BWS-271,72
B-08,2026-05-06,QX-CER-272,169
B-08,2026-05-06,QX-PRO-273,2
B-08,2026-05-06,QX-DRY-274,171
B-08,2026-05-06,QX-BAK-275,90
B-08,2026-05-06,QX-CER-276,172
B-08,2026-05-06,QX-TIN-277,151
B-08,2026-05-06,QX-TIN-278,229
B-08,2026-05-06,QX-DRK-279,58
B-08,2026-05-06,QX-HBC-280,53
B-08,2026-05-06,QX-BWS-281,82
B-08,2026-05-06,QX-DRY-282,21
B-08,2026-05-06,QX-PET-284,155
B-08,2026-05-06,QX-CER-285,155
B-08,2026-05-06,QX-HHD-286,140
B-08,2026-05-06,QX-CER-288,154
B-08,2026-05-06,QX-FRZ-290,193
B-08,2026-05-06,QX-DRK-291,128
B-08,2026-05-06,QX-HBC-294,56
B-08,2026-05-06,QX-HHD-295,76
B-08,2026-05-06,QX-CER-296,162
B-08,2026-05-06,QX-HBC-297,208
B-08,2026-05-06,QX-TIN-298,167
B-08,2026-05-06,QX-CHL-299,43
B-08,2026-05-06,QX-BWS-300,32
B-08,2026-05-06,QX-HBC-303,32
B-08,2026-05-06,QX-CHL-304,93
B-08,2026-05-06,QX-DRY-305,210
B-08,2026-05-06,QX-PRO-306,52
B-08,2026-05-06,QX-HBC-307,4
B-08,2026-05-06,QX-HHD-308,194
B-08,2026-05-06,QX-BWS-311,234
B-08,2026-05-06,QX-DRK-312,203
B-08,2026-05-06,QX-CHL-313,101
B-08,2026-05-06,QX-PRO-315,29
B-08,2026-05-06,QX-BAK-316,157
B-08,2026-05-06,QX-TIN-317,38
B-08,2026-05-06,QX-CHL-318,0
B-08,2026-05-06,QX-BWS-319,99
B-08,2026-05-06,QX-PRO-320,188
B-08,2026-05-06,QX-BAK-321,
B-08,2026-05-06,QX-PET-322,149
B-08,2026-05-06,QX-PET-323,92
B-08,2026-05-06,QX-DRY-324,214
B-08,2026-05-06,QX-PET-325,159
B-08,2026-05-06,QX-DRK-327,6
B-08,2026-05-06,QX-CHL-328,131
B-08,2026-05-06,QX-HBC-329,70
B-08,2026-05-06,QX-DRK-330,191
B-08,2026-05-06,QX-HBC-331,178
B-08,2026-05-06,QX-TIN-332,39
B-08,2026-05-06,QX-BWS-333,71
B-08,2026-05-06,QX-BWS-334,204
B-08,2026-05-06,QX-PET-335,125
B-08,2026-05-06,QX-CHL-336,213
B-08,2026-05-06,QX-CER-337,139
B-08,2026-05-06,QX-DRK-338,133
B-08,2026-05-06,QX-BAK-339,181
B-08,2026-05-06,QX-PRO-341,120
B-08,2026-05-06,QX-BWS-342,43
B-08,2026-05-06,QX-BWS-343,37
B-08,2026-05-06,QX-HBC-345,232
B-08,2026-05-06,QX-BAK-347,161
B-08,2026-05-06,QX-DRY-348,145
B-08,2026-05-06,QX-BWS-350,15
B-08,2026-05-06,QX-HBC-351,19
B-08,2026-05-06,QX-DRK-352,113
B-08,2026-05-06,QX-TIN-353,98
B-08,2026-05-06,QX-CHL-354,4
B-08,2026-05-06,QX-TIN-355,33
B-08,2026-05-06,QX-DRK-356,9
B-08,2026-05-06,QX-HBC-357,147
B-08,2026-05-06,QX-DRY-358,177
B-08,2026-05-06,QX-FRZ-359,85
B-08,2026-05-06,QX-DRY-361,165
B-08,2026-05-06,QX-PET-362,149
B-08,2026-05-06,QX-HHD-364,160
B-08,2026-05-06,QX-DRY-365,56
B-08,2026-05-06,QX-DRY-366,25
B-08,2026-05-06,QX-FRZ-368,197
B-08,2026-05-06,QX-CER-369,155
B-08,2026-05-06,QX-TIN-370,174
B-08,2026-05-06,QX-CER-371,229
B-08,2026-05-06,QX-PRO-373,
B-08,2026-05-06,QX-DRK-374,161
B-08,2026-05-06,QX-DRK-376,176
B-08,2026-05-06,QX-HHD-377,125
B-08,2026-05-06,QX-TIN-379,10
B-08,2026-05-06,QX-DRK-380,214
B-08,2026-05-06,QX-BWS-381,101
B-08,2026-05-06,QX-BWS-382,153
B-08,2026-05-06,QX-CER-383,239
B-08,2026-05-06,QX-CER-384,169
B-08,2026-05-06,QX-HBC-385,105
B-08,2026-05-06,QX-CER-386,167
B-08,2026-05-06,QX-BWS-388,173
B-08,2026-05-06,QX-CHL-389,174
B-08,2026-05-06,QX-DRK-390,36
B-08,2026-05-06,QX-CHL-391,71
B-08,2026-05-06,QX-CER-392,155
B-08,2026-05-06,QX-DRK-393,
B-08,2026-05-06,QX-BWS-395,35
B-08,2026-05-06,QX-BWS-397,116
B-08,2026-05-06,QX-PET-399,145
B-08,2026-05-06,QX-DRY-400,
B-08,2026-05-06,QX-DRY-401,232
B-08,2026-05-06,QX-DRK-402,227
B-08,2026-05-06,QX-CER-403,141
B-08,2026-05-06,QX-BAK-404,
B-08,2026-05-06,QX-CHL-405,176
B-08,2026-05-06,QX-DRK-406,235
B-08,2026-05-06,QX-HBC-407,146
B-08,2026-05-06,QX-BAK-408,212
B-08,2026-05-06,QX-HHD-409,47
B-08,2026-05-06,QX-PET-410,92
B-08,2026-05-06,QX-BAK-411,20
B-08,2026-05-06,QX-PRO-412,32
B-08,2026-05-06,QX-CHL-413,94
B-08,2026-05-06,QX-BAK-414,120
B-08,2026-05-06,QX-DRY-415,227
B-08,2026-05-06,QX-DRY-416,217
B-08,2026-05-06,QX-TIN-417,230
B-08,2026-05-06,QX-PRO-418,144
B-08,2026-05-06,QX-PET-420,2
B-08,2026-05-06,QX-HHD-422,110
B-08,2026-05-06,QX-CER-423,178
B-08,2026-05-06,QX-BWS-424,44
B-08,2026-05-06,QX-PRO-425,29
B-08,2026-05-06,QX-CHL-426,189
B-08,2026-05-06,QX-BWS-428,70
B-08,2026-05-06,QX-DRY-429,101
B-08,2026-05-06,QX-HBC-430,238
B-08,2026-05-06,QX-PET-431,32
B-08,2026-05-06,QX-PET-432,21
B-08,2026-05-06,QX-TIN-434,149
B-08,2026-05-06,QX-FRZ-435,29
B-08,2026-05-06,QX-CER-436,
B-08,2026-05-06,QX-TIN-437,79
B-08,2026-05-06,QX-CER-438,180
B-08,2026-05-06,QX-CHL-439,73
B-08,2026-05-06,QX-CHL-440,187
B-08,2026-05-06,QX-DRY-441,1
B-08,2026-05-06,QX-DRY-442,131
B-08,2026-05-06,QX-FRZ-443,86
B-08,2026-05-06,QX-DRK-444,50
B-08,2026-05-06,QX-FRZ-445,39
B-08,2026-05-06,QX-CER-446,133
B-08,2026-05-06,QX-CER-447,236
B-08,2026-05-06,QX-CHL-448,228
B-08,2026-05-06,QX-BAK-449,53
B-08,2026-05-06,QX-CER-451,163
B-08,2026-05-06,QX-DRY-452,24
B-09,2026-05-06,QX-CER-001,129
B-09,2026-05-06,QX-CER-002,236
B-09,2026-05-06,QX-DRK-014,69
B-09,2026-05-06,QX-DRK-021,150
B-09,2026-05-06,QX-TIN-032,174
B-09,2026-05-06,QX-TIN-045,83
B-09,2026-05-06,QX-DRY-184,103
B-09,2026-05-06,QX-CHL-007,117
B-09,2026-05-06,QX-FRZ-112,23
B-09,2026-05-06,QX-CHL-200,217
B-09,2026-05-06,QX-DRY-201,83
B-09,2026-05-06,QX-BAK-202,208
B-09,2026-05-06,QX-TIN-203,85
B-09,2026-05-06,QX-BWS-204,55
B-09,2026-05-06,QX-BAK-205,203
B-09,2026-05-06,QX-PET-206,99
B-09,2026-05-06,QX-CER-207,182
B-09,2026-05-06,QX-CER-208,138
B-09,2026-05-06,QX-BWS-209,120
B-09,2026-05-06,QX-PRO-210,
B-09,2026-05-06,QX-FRZ-211,158
B-09,2026-05-06,QX-PET-212,191
B-09,2026-05-06,QX-PRO-213,43
B-09,2026-05-06,QX-FRZ-214,31
B-09,2026-05-06,QX-CHL-215,227
B-09,2026-05-06,QX-CHL-216,28
B-09,2026-05-06,QX-PET-217,140
B-09,2026-05-06,QX-PRO-218,47
B-09,2026-05-06,QX-TIN-219,109
B-09,2026-05-06,QX-HHD-220,179
B-09,2026-05-06,QX-DRK-221,105
B-09,2026-05-06,QX-CER-222,148
B-09,2026-05-06,QX-TIN-223,18
B-09,2026-05-06,QX-DRK-224,201
B-09,2026-05-06,QX-FRZ-225,53
B-09,2026-05-06,QX-CER-226,110
B-09,2026-05-06,QX-TIN-227,126
B-09,2026-05-06,QX-DRY-228,23
B-09,2026-05-06,QX-PRO-229,228
B-09,2026-05-06,QX-CHL-230,54
B-09,2026-05-06,QX-CHL-231,125
B-09,2026-05-06,QX-PET-232,55
B-09,2026-05-06,QX-BAK-233,80
B-09,2026-05-06,QX-HBC-234,213
B-09,2026-05-06,QX-HHD-235,27
B-09,2026-05-06,QX-HHD-236,134
B-09,2026-05-06,QX-HHD-237,133
B-09,2026-05-06,QX-BWS-238,67
B-09,2026-05-06,QX-FRZ-239,212
B-09,2026-05-06,QX-HBC-240,6
B-09,2026-05-06,QX-TIN-241,232
B-09,2026-05-06,QX-PET-242,103
B-09,2026-05-06,QX-DRY-243,86
B-09,2026-05-06,QX-PRO-244,187
B-09,2026-05-06,QX-HBC-245,205
B-09,2026-05-06,QX-BWS-246,84
B-09,2026-05-06,QX-HHD-247,237
B-09,2026-05-06,QX-CER-248,61
B-09,2026-05-06,QX-FRZ-249,139
B-09,2026-05-06,QX-DRY-250,234
B-09,2026-05-06,QX-FRZ-251,145
B-09,2026-05-06,QX-HHD-252,227
B-09,2026-05-06,QX-BWS-253,115
B-09,2026-05-06,QX-DRY-254,153
B-09,2026-05-06,QX-HHD-255,23
B-09,2026-05-06,QX-CER-256,60
B-09,2026-05-06,QX-CHL-257,123
B-09,2026-05-06,QX-TIN-258,124
B-09,2026-05-06,QX-FRZ-259,191
B-09,2026-05-06,QX-HHD-260,71
B-09,2026-05-06,QX-DRK-261,70
B-09,2026-05-06,QX-PRO-262,
B-09,2026-05-06,QX-BWS-263,165
B-09,2026-05-06,QX-DRY-264,14
B-09,2026-05-06,QX-HBC-265,86
B-09,2026-05-06,QX-HBC-266,236
B-09,2026-05-06,QX-CER-267,222
B-09,2026-05-06,QX-HBC-268,200
B-09,2026-05-06,QX-BWS-269,240
B-09,2026-05-06,QX-TIN-270,130
B-09,2026-05-06,QX-TIN-271,134
B-09,2026-05-06,QX-BAK-272,81
B-09,2026-05-06,QX-FRZ-273,233
B-09,2026-05-06,QX-CER-274,32
B-09,2026-05-06,QX-CER-275,156
B-09,2026-05-06,QX-DRY-276,213
B-09,2026-05-06,QX-PET-277,208
B-09,2026-05-06,QX-DRY-278,219
B-09,2026-05-06,QX-DRY-279,50
B-09,2026-05-06,QX-DRK-280,174
B-09,2026-05-06,QX-CHL-281,67
B-09,2026-05-06,QX-CER-282,128
B-09,2026-05-06,QX-HBC-283,200
B-09,2026-05-06,QX-HBC-284,82
B-09,2026-05-06,QX-DRK-285,199
B-09,2026-05-06,QX-HBC-286,109
B-09,2026-05-06,QX-CHL-287,237
B-09,2026-05-06,QX-TIN-288,51
B-09,2026-05-06,QX-FRZ-289,194
B-09,2026-05-06,QX-PRO-290,188
B-09,2026-05-06,QX-PRO-291,57
B-09,2026-05-06,QX-BWS-292,11
B-09,2026-05-06,QX-DRY-293,150
B-09,2026-05-06,QX-BAK-294,145
B-09,2026-05-06,QX-BAK-295,96
B-09,2026-05-06,QX-DRK-296,176
B-09,2026-05-06,QX-BAK-297,107
B-09,2026-05-06,QX-PET-298,239
B-09,2026-05-06,QX-BAK-299,147
B-09,2026-05-06,QX-TIN-300,207
B-09,2026-05-06,QX-BWS-301,130
B-09,2026-05-06,QX-BWS-302,214
B-09,2026-05-06,QX-BAK-303,115
B-09,2026-05-06,QX-DRY-304,102
B-09,2026-05-06,QX-FRZ-305,143
B-09,2026-05-06,QX-FRZ-306,59
B-09,2026-05-06,QX-BAK-307,89
B-09,2026-05-06,QX-DRY-308,16
B-09,2026-05-06,QX-DRY-309,208
B-09,2026-05-06,QX-HHD-310,12
B-09,2026-05-06,QX-DRY-311,84
B-09,2026-05-06,QX-DRY-312,34
B-09,2026-05-06,QX-TIN-313,34
B-09,2026-05-06,QX-HBC-314,36
B-09,2026-05-06,QX-HHD-315,25
B-09,2026-05-06,QX-DRY-316,24
B-09,2026-05-06,QX-FRZ-317,127
B-09,2026-05-06,QX-HHD-318,28
B-09,2026-05-06,QX-DRY-319,121
B-09,2026-05-06,QX-HBC-320,28
B-09,2026-05-06,QX-CER-321,32
B-09,2026-05-06,QX-CHL-322,104
B-09,2026-05-06,QX-CER-323,71
B-09,2026-05-06,QX-BWS-324,161
B-09,2026-05-06,QX-TIN-325,114
B-09,2026-05-06,QX-CER-326,118
B-09,2026-05-06,QX-BWS-327,141
B-09,2026-05-06,QX-HHD-328,240
B-09,2026-05-06,QX-FRZ-329,93
B-09,2026-05-06,QX-FRZ-330,192
B-09,2026-05-06,QX-CER-331,168
B-09,2026-05-06,QX-HBC-332,25
B-09,2026-05-06,QX-PET-333,189
B-09,2026-05-06,QX-BAK-334,229
B-09,2026-05-06,QX-BAK-335,166
B-09,2026-05-06,QX-CER-336,
B-09,2026-05-06,QX-HHD-337,127
B-09,2026-05-06,QX-CER-338,164
B-09,2026-05-06,QX-DRY-339,92
B-09,2026-05-06,QX-BAK-340,165
B-09,2026-05-06,QX-DRK-341,181
B-09,2026-05-06,QX-BAK-342,94
B-09,2026-05-06,QX-CHL-343,139
B-09,2026-05-06,QX-HBC-344,124
B-09,2026-05-06,QX-TIN-345,87
B-09,2026-05-06,QX-HHD-346,171
B-09,2026-05-06,QX-TIN-347,75
B-09,2026-05-06,QX-CER-348,154
B-09,2026-05-06,QX-TIN-349,224
B-09,2026-05-06,QX-FRZ-350,191
B-09,2026-05-06,QX-DRY-351,28
B-09,2026-05-06,QX-PET-352,64
B-09,2026-05-06,QX-CER-353,64
B-09,2026-05-06,QX-PRO-354,42
B-09,2026-05-06,QX-PET-355,80
B-09,2026-05-06,QX-PET-356,164
B-09,2026-05-06,QX-DRY-357,129
B-09,2026-05-06,QX-CHL-358,210
B-09,2026-05-06,QX-CHL-359,201
B-09,2026-05-06,QX-BWS-360,217
B-09,2026-05-06,QX-CHL-361,210
B-09,2026-05-06,QX-CER-362,94
B-09,2026-05-06,QX-DRK-363,214
B-09,2026-05-06,QX-FRZ-364,
B-09,2026-05-06,QX-HBC-365,208
B-09,2026-05-06,QX-BWS-366,177
B-09,2026-05-06,QX-BAK-367,136
B-09,2026-05-06,QX-DRK-368,203
B-09,2026-05-06,QX-HHD-369,17
B-09,2026-05-06,QX-PRO-370,73
B-09,2026-05-06,QX-TIN-371,88
B-09,2026-05-06,QX-BWS-372,131
B-09,2026-05-06,QX-DRY-373,159
B-09,2026-05-06,QX-PET-374,67
B-09,2026-05-06,QX-CHL-375,124
B-09,2026-05-06,QX-HBC-376,144
B-09,2026-05-06,QX-TIN-377,57
B-09,2026-05-06,QX-HBC-378,8
B-09,2026-05-06,QX-CER-379,156
B-09,2026-05-06,QX-HHD-380,43
B-09,2026-05-06,QX-HBC-381,182
B-09,2026-05-06,QX-TIN-382,168
B-09,2026-05-06,QX-BWS-383,115
B-09,2026-05-06,QX-CHL-384,73
B-09,2026-05-06,QX-PET-385,48
B-09,2026-05-06,QX-BAK-386,155
B-09,2026-05-06,QX-DRK-387,177
B-09,2026-05-06,QX-CHL-388,230
B-09,2026-05-06,QX-FRZ-389,13
B-09,2026-05-06,QX-TIN-390,17
B-09,2026-05-06,QX-BWS-391,232
B-09,2026-05-06,QX-HHD-392,76
B-09,2026-05-06,QX-FRZ-393,21
B-09,2026-05-06,QX-HHD-394,160
B-09,2026-05-06,QX-HHD-395,125
B-09,2026-05-06,QX-HBC-396,56
B-09,2026-05-06,QX-HHD-397,128
B-09,2026-05-06,QX-TIN-398,218
B-09,2026-05-06,QX-CHL-399,32
B-09,2026-05-06,QX-DRK-400,11
B-09,2026-05-06,QX-CER-401,106
B-09,2026-05-06,QX-BWS-402,41
B-09,2026-05-06,QX-PRO-403,31
B-09,2026-05-06,QX-TIN-404,114
B-09,2026-05-06,QX-BWS-405,190
B-09,2026-05-06,QX-HBC-406,210
B-09,2026-05-06,QX-DRK-407,128
B-09,2026-05-06,QX-PRO-408,61
B-09,2026-05-06,QX-PRO-409,48
B-09,2026-05-06,QX-FRZ-410,188
B-09,2026-05-06,QX-PRO-411,144
B-09,2026-05-06,QX-DRK-412,146
B-09,2026-05-06,QX-BAK-413,11
B-09,2026-05-06,QX-TIN-414,91
B-09,2026-05-06,QX-PRO-415,141
B-09,2026-05-06,QX-HBC-416,138
B-09,2026-05-06,QX-CER-417,61
B-09,2026-05-06,QX-FRZ-418,214
B-09,2026-05-06,QX-HHD-419,121
B-09,2026-05-06,QX-CHL-420,155
B-09,2026-05-06,QX-DRY-421,9
B-09,2026-05-06,QX-PET-422,212
B-09,2026-05-06,QX-DRY-423,191
B-09,2026-05-06,QX-CHL-424,206
B-09,2026-05-06,QX-PET-425,224
B-09,2026-05-06,QX-DRY-426,166
B-09,2026-05-06,QX-BAK-427,32
B-09,2026-05-06,QX-PRO-428,30
B-09,2026-05-06,QX-DRK-429,235
B-09,2026-05-06,QX-DRK-430,15
B-09,2026-05-06,QX-HHD-431,134
B-09,2026-05-06,QX-PRO-432,152
B-09,2026-05-06,QX-CHL-433,24
B-09,2026-05-06,QX-PRO-434,41
B-09,2026-05-06,QX-CER-435,169
B-09,2026-05-06,QX-TIN-436,
B-09,2026-05-06,QX-BAK-437,76
B-09,2026-05-06,QX-HBC-438,69
B-09,2026-05-06,QX-FRZ-439,195
B-09,2026-05-06,QX-DRK-440,136
B-09,2026-05-06,QX-BAK-441,39
B-09,2026-05-06,QX-FRZ-442,132
B-09,2026-05-06,QX-BAK-443,222
B-09,2026-05-06,QX-CER-444,38
B-09,2026-05-06,QX-CHL-445,190
B-09,2026-05-06,QX-PRO-446,175
B-09,2026-05-06,QX-BAK-447,0
B-09,2026-05-06,QX-PRO-448,140
B-09,2026-05-06,QX-HBC-449,23
B-09,2026-05-06,QX-CER-450,88
B-09,2026-05-06,QX-FRZ-451,133
B-09,2026-05-06,QX-BAK-452,219
B-09,2026-05-06,QX-FRZ-453,162
B-09,2026-05-06,QX-PET-454,3
B-09,2026-05-06,QX-CER-455,33
B-09,2026-05-06,QX-HBC-456,95
B-09,2026-05-06,QX-PET-457,183
B-09,2026-05-06,QX-BAK-458,146
B-09,2026-05-06,QX-HBC-459,151
B-09,2026-05-06,QX-PET-460,99
B-09,2026-05-06,QX-BWS-461,87
B-09,2026-05-06,QX-HBC-462,73
B-09,2026-05-06,QX-PET-463,184
B-09,2026-05-06,QX-DRK-464,69
B-09,2026-05-06,QX-CHL-465,212
B-09,2026-05-06,QX-CER-466,23
B-09,2026-05-06,QX-PET-467,45
B-09,2026-05-06,QX-DRK-468,187
B-09,2026-05-06,QX-PRO-469,97
B-09,2026-05-06,QX-HHD-470,117
B-09,2026-05-06,QX-CER-471,21
B-09,2026-05-06,QX-CER-472,89
B-09,2026-05-06,QX-PET-473,200
B-09,2026-05-06,QX-CER-474,142
B-09,2026-05-06,QX-FRZ-475,169
B-09,2026-05-06,QX-DRY-476,39
B-09,2026-05-06,QX-TIN-477,182
B-09,2026-05-06,QX-PRO-478,157
B-09,2026-05-06,QX-BWS-479,175
B-09,2026-05-06,QX-CER-480,46
B-09,2026-05-06,QX-BWS-481,152
B-09,2026-05-06,QX-PRO-482,160
B-09,2026-05-06,QX-CHL-483,60
B-09,2026-05-06,QX-PRO-484,69
B-09,2026-05-06,QX-PRO-485,147
B-09,2026-05-06,QX-BWS-486,179
B-09,2026-05-06,QX-PRO-487,89
B-09,2026-05-06,QX-BAK-488,12
B-09,2026-05-06,QX-DRY-489,232
B-09,2026-05-06,QX-HBC-490,100
B-09,2026-05-06,QX-DRY-491,101
B-09,2026-05-06,QX-BWS-492,195
B-09,2026-05-06,QX-TIN-493,186
B-09,2026-05-06,QX-BAK-494,80
B-09,2026-05-06,QX-CER-495,10
B-09,2026-05-06,QX-BWS-496,226
B-09,2026-05-06,QX-BAK-497,217
B-09,2026-05-06,QX-DRY-498,17
B-09,2026-05-06,QX-DRY-499,235
B-09,2026-05-06,QX-CHL-500,85
B-09,2026-05-06,QX-HBC-501,193
B-09,2026-05-06,QX-DRY-502,47
B-09,2026-05-06,QX-CHL-503,41
B-09,2026-05-06,QX-DRY-504,157
B-09,2026-05-06,QX-BWS-505,101
B-09,2026-05-06,QX-DRY-506,155
B-09,2026-05-06,QX-PET-507,51
B-09,2026-05-06,QX-HHD-508,186
B-09,2026-05-06,QX-DRY-509,216
B-09,2026-05-06,QX-PET-510,164
B-09,2026-05-06,QX-HHD-511,64
B-09,2026-05-06,QX-BAK-512,42
B-09,2026-05-06,QX-DRK-513,142
B-09,2026-05-06,QX-CER-514,
B-09,2026-05-06,QX-PET-515,233
B-09,2026-05-06,QX-HHD-516,56
B-09,2026-05-06,QX-BAK-517,237
B-09,2026-05-06,QX-CER-518,198
B-09,2026-05-06,QX-BAK-519,155
B-09,2026-05-06,QX-CER-520,75
B-09,2026-05-06,QX-DRK-521,58
B-09,2026-05-06,QX-CER-522,76
B-09,2026-05-06,QX-FRZ-523,69
B-09,2026-05-06,QX-DRY-524,6
B-09,2026-05-06,QX-TIN-525,109
B-09,2026-05-06,QX-DRY-526,226
B-09,2026-05-06,QX-PRO-527,160
B-09,2026-05-06,QX-PRO-528,125
B-09,2026-05-06,QX-PET-529,8
B-09,2026-05-06,QX-FRZ-530,4
B-09,2026-05-06,QX-PRO-531,6
B-09,2026-05-06,QX-PET-532,36
B-09,2026-05-06,QX-CHL-533,13
B-09,2026-05-06,QX-BWS-534,119
B-09,2026-05-06,QX-DRY-535,146
B-09,2026-05-06,QX-DRY-536,204
B-09,2026-05-06,QX-DRK-537,121
B-09,2026-05-06,QX-TIN-538,175
B-09,2026-05-06,QX-PRO-539,192
B-09,2026-05-06,QX-PET-540,91
B-09,2026-05-06,QX-DRY-541,61
B-09,2026-05-06,QX-TIN-542,15
B-09,2026-05-06,QX-BWS-543,59
B-09,2026-05-06,QX-DRK-544,101
B-09,2026-05-06,QX-FRZ-545,90
B-09,2026-05-06,QX-BAK-546,148
B-09,2026-05-06,QX-DRK-547,163
B-09,2026-05-06,QX-HBC-548,89
B-09,2026-05-06,QX-DRY-549,40
B-09,2026-05-06,QX-HHD-550,130
B-09,2026-05-06,QX-HBC-551,
B-09,2026-05-06,QX-CER-552,134
B-09,2026-05-06,QX-BAK-553,89
B-09,2026-05-06,QX-FRZ-554,204
B-09,2026-05-06,QX-DRK-555,192
B-09,2026-05-06,QX-TIN-556,29
B-09,2026-05-06,QX-BWS-557,46
B-09,2026-05-06,QX-HHD-558,40
B-09,2026-05-06,QX-BAK-559,202
B-09,2026-05-06,QX-TIN-560,126
B-09,2026-05-06,QX-CHL-561,152
B-09,2026-05-06,QX-CHL-562,74
B-09,2026-05-06,QX-FRZ-563,12
B-09,2026-05-06,QX-HBC-564,180
B-09,2026-05-06,QX-TIN-565,47
B-09,2026-05-06,QX-PET-566,28
B-09,2026-05-06,QX-DRK-567,217
B-09,2026-05-06,QX-FRZ-568,108
B-09,2026-05-06,QX-FRZ-569,223
B-09,2026-05-06,QX-DRK-570,204
B-09,2026-05-06,QX-FRZ-571,41
B-09,2026-05-06,QX-DRY-572,169
B-09,2026-05-06,QX-TIN-573,12
B-09,2026-05-06,QX-BAK-574,118
B-09,2026-05-06,QX-HBC-575,143
B-09,2026-05-06,QX-HHD-576,78
B-09,2026-05-06,QX-CER-577,27
B-09,2026-05-06,QX-DRY-578,197
B-09,2026-05-06,QX-PET-579,51
B-09,2026-05-06,QX-FRZ-580,180
B-09,2026-05-06,QX-DRY-581,107
B-09,2026-05-06,QX-PET-582,60
B-09,2026-05-06,QX-HBC-583,163
B-09,2026-05-06,QX-DRY-584,210
B-09,2026-05-06,QX-HBC-585,19
B-09,2026-05-06,QX-CHL-586,190
B-09,2026-05-06,QX-TIN-587,115
B-09,2026-05-06,QX-HHD-588,19
B-09,2026-05-06,QX-BAK-589,132
B-09,2026-05-06,QX-DRK-590,77
B-09,2026-05-06,QX-BWS-591,21
B-09,2026-05-06,QX-BAK-592,195
B-09,2026-05-06,QX-FRZ-593,186
B-09,2026-05-06,QX-BAK-594,187
B-09,2026-05-06,QX-CHL-595,65
B-09,2026-05-06,QX-BWS-596,200
B-09,2026-05-06,QX-BAK-597,211
B-09,2026-05-06,QX-FRZ-598,84
B-09,2026-05-06,QX-CHL-599,147
B-09,2026-05-06,QX-DRY-600,34
B-09,2026-05-06,QX-HHD-601,215
B-09,2026-05-06,QX-DRY-602,239
B-09,2026-05-06,QX-DRY-603,89
B-09,2026-05-06,QX-HHD-604,82
B-09,2026-05-06,QX-PET-605,95
B-09,2026-05-06,QX-BAK-606,110
B-09,2026-05-06,QX-HHD-607,130
B-09,2026-05-06,QX-HBC-608,206
B-09,2026-05-06,QX-DRK-609,183
B-09,2026-05-06,QX-DRY-610,217
B-09,2026-05-06,QX-CER-611,18
B-09,2026-05-06,QX-HHD-612,31
B-09,2026-05-06,QX-HHD-613,130
B-09,2026-05-06,QX-BWS-614,15
B-09,2026-05-06,QX-BAK-615,154
B-09,2026-05-06,QX-DRK-616,131
B-09,2026-05-06,QX-DRY-617,14
B-09,2026-05-06,QX-HHD-618,224
B-09,2026-05-06,QX-PRO-619,124
B-09,2026-05-06,QX-HBC-620,148
B-09,2026-05-06,QX-BWS-621,11
B-09,2026-05-06,QX-PET-622,114
B-09,2026-05-06,QX-PET-623,27
B-09,2026-05-06,QX-CHL-624,102
B-09,2026-05-06,QX-HBC-625,15
B-09,2026-05-06,QX-BWS-626,233
B-09,2026-05-06,QX-BWS-627,205
B-09,2026-05-06,QX-CER-628,
B-09,2026-05-06,QX-FRZ-629,59
B-09,2026-05-06,QX-BAK-630,81
B-09,2026-05-06,QX-TIN-631,134
B-09,2026-05-06,QX-PRO-632,68
B-09,2026-05-06,QX-FRZ-633,70
B-09,2026-05-06,QX-DRK-634,185
B-09,2026-05-06,QX-TIN-635,123
B-09,2026-05-06,QX-DRY-636,156
B-09,2026-05-06,QX-BAK-637,175
B-09,2026-05-06,QX-CHL-638,9
B-09,2026-05-06,QX-BWS-639,127
B-09,2026-05-06,QX-FRZ-640,157
B-09,2026-05-06,QX-BWS-641,188
B-09,2026-05-06,QX-DRY-642,142
B-09,2026-05-06,QX-DRK-643,26
B-09,2026-05-06,QX-PRO-644,57
B-09,2026-05-06,QX-BAK-645,67
B-09,2026-05-06,QX-CER-646,141
B-09,2026-05-06,QX-TIN-647,118
B-09,2026-05-06,QX-PRO-648,182
B-09,2026-05-06,QX-TIN-649,
B-09,2026-05-06,QX-CHL-650,136
B-09,2026-05-06,QX-TIN-651,159
B-09,2026-05-06,QX-PRO-652,200
B-09,2026-05-06,QX-HBC-653,163
B-09,2026-05-06,QX-DRY-654,50
B-09,2026-05-06,QX-HBC-655,85
B-09,2026-05-06,QX-TIN-656,20
B-09,2026-05-06,QX-HBC-657,96
B-09,2026-05-06,QX-BWS-658,154
B-09,2026-05-06,QX-PRO-659,164
B-09,2026-05-06,QX-PRO-660,46
B-09,2026-05-06,QX-BWS-661,131
B-09,2026-05-06,QX-FRZ-662,227
B-09,2026-05-06,QX-HHD-663,53
B-09,2026-05-06,QX-PET-664,30
B-09,2026-05-06,QX-FRZ-665,207
B-09,2026-05-06,QX-BAK-666,146
B-09,2026-05-06,QX-HHD-667,205
B-09,2026-05-06,QX-PET-668,35
B-09,2026-05-06,QX-CHL-669,211
B-09,2026-05-06,QX-HHD-670,21
B-09,2026-05-06,QX-TIN-671,97
B-09,2026-05-06,QX-HHD-672,13
B-09,2026-05-06,QX-FRZ-673,203
B-09,2026-05-06,QX-BAK-674,60
B-09,2026-05-06,QX-BWS-675,93
B-09,2026-05-06,QX-BWS-676,6
B-09,2026-05-06,QX-CHL-677,38
B-09,2026-05-06,QX-DRK-678,209
B-09,2026-05-06,QX-PRO-679,189
B-09,2026-05-06,QX-PET-680,201
B-09,2026-05-06,QX-BWS-681,155
B-09,2026-05-06,QX-BAK-682,99
B-09,2026-05-06,QX-HBC-683,158
B-09,2026-05-06,QX-PET-684,97
B-09,2026-05-06,QX-DRK-685,123
B-09,2026-05-06,QX-BAK-686,220
B-09,2026-05-06,QX-DRY-687,16
B-09,2026-05-06,QX-PRO-688,6
B-09,2026-05-06,QX-CER-689,98
B-09,2026-05-06,QX-DRK-690,10
B-09,2026-05-06,QX-PET-691,30
B-09,2026-05-06,QX-CHL-692,12
B-09,2026-05-06,QX-PET-693,75
B-09,2026-05-06,QX-TIN-694,190
B-09,2026-05-06,QX-BAK-695,227
B-09,2026-05-06,QX-DRY-696,134
B-09,2026-05-06,QX-TIN-697,2
B-09,2026-05-06,QX-TIN-698,120
B-09,2026-05-06,QX-CHL-699,
B-09,2026-05-06,QX-HHD-700,65
B-09,2026-05-06,QX-TIN-701,117
B-09,2026-05-06,QX-BAK-702,58
B-09,2026-05-06,QX-BAK-703,22
B-09,2026-05-06,QX-BWS-704,67
B-09,2026-05-06,QX-HBC-705,102
B-09,2026-05-06,QX-BAK-706,219
B-09,2026-05-06,QX-PET-707,71
B-09,2026-05-06,QX-CHL-708,204
B-09,2026-05-06,QX-FRZ-709,123
B-09,2026-05-06,QX-PET-710,125
B-09,2026-05-06,QX-DRK-711,10
B-09,2026-05-06,QX-DRK-712,7
B-09,2026-05-06,QX-BAK-713,237
B-09,2026-05-06,QX-HHD-714,2
B-09,2026-05-06,QX-PET-715,74
B-09,2026-05-06,QX-DRK-716,97
B-09,2026-05-06,QX-HHD-717,71
B-09,2026-05-06,QX-FRZ-718,171
B-09,2026-05-06,QX-BWS-719,54
B-09,2026-05-06,QX-DRK-720,
B-09,2026-05-06,QX-PRO-721,189
B-09,2026-05-06,QX-BAK-722,49
B-09,2026-05-06,QX-CHL-723,163
B-09,2026-05-06,QX-FRZ-724,168
B-09,2026-05-06,QX-DRY-725,220
B-09,2026-05-06,QX-BAK-726,223
B-09,2026-05-06,QX-DRK-727,60
B-09,2026-05-06,QX-BWS-728,199
B-09,2026-05-06,QX-FRZ-729,197
B-09,2026-05-06,QX-HBC-730,181
B-09,2026-05-06,QX-CHL-731,147
B-09,2026-05-06,QX-HBC-732,113
B-09,2026-05-06,QX-PRO-733,105
B-09,2026-05-06,QX-FRZ-734,44
B-09,2026-05-06,QX-DRK-735,216
B-09,2026-05-06,QX-HHD-736,42
B-09,2026-05-06,QX-BAK-737,88
B-09,2026-05-06,QX-BWS-738,39
B-09,2026-05-06,QX-BAK-739,33
B-09,2026-05-06,QX-HBC-740,4
B-09,2026-05-06,QX-CER-741,222
B-09,2026-05-06,QX-PRO-742,240
B-09,2026-05-06,QX-DRK-743,87
B-09,2026-05-06,QX-DRK-744,236
B-09,2026-05-06,QX-FRZ-745,127
B-09,2026-05-06,QX-CHL-746,175
B-09,2026-05-06,QX-CHL-747,20
B-09,2026-05-06,QX-HHD-748,186
B-09,2026-05-06,QX-CHL-749,104
B-09,2026-05-06,QX-BWS-750,55
B-09,2026-05-06,QX-PRO-751,84
B-09,2026-05-06,QX-BAK-752,32
B-09,2026-05-06,QX-CHL-753,9
B-09,2026-05-06,QX-BWS-754,67
B-09,2026-05-06,QX-BWS-755,102
B-09,2026-05-06,QX-FRZ-756,128
B-09,2026-05-06,QX-CER-757,116
B-09,2026-05-06,QX-DRY-758,93
B-09,2026-05-06,QX-CHL-759,224
B-09,2026-05-06,QX-BWS-760,69
B-09,2026-05-06,QX-PRO-761,27
B-09,2026-05-06,QX-DRK-762,64
B-09,2026-05-06,QX-CHL-763,150
B-09,2026-05-06,QX-HHD-764,200
B-09,2026-05-06,QX-BWS-765,19
B-09,2026-05-06,QX-HHD-766,233
B-09,2026-05-06,QX-DRY-767,207
B-09,2026-05-06,QX-TIN-768,46
B-09,2026-05-06,QX-DRY-769,237
B-09,2026-05-06,QX-CER-770,178
B-09,2026-05-06,QX-FRZ-771,147
B-09,2026-05-06,QX-BWS-772,194
B-09,2026-05-06,QX-PRO-773,79
B-09,2026-05-06,QX-BAK-774,71
B-09,2026-05-06,QX-BAK-775,193
B-09,2026-05-06,QX-PET-776,208
B-09,2026-05-06,QX-CER-777,137
B-09,2026-05-06,QX-BWS-778,210
B-09,2026-05-06,QX-HBC-779,139
B-09,2026-05-06,QX-CER-780,205
B-09,2026-05-06,QX-CER-781,
B-09,2026-05-06,QX-CHL-782,113
B-09,2026-05-06,QX-HHD-783,19
B-09,2026-05-06,QX-CHL-784,81
B-09,2026-05-06,QX-PRO-785,55
B-09,2026-05-06,QX-HBC-786,
B-09,2026-05-06,QX-PET-787,192
B-09,2026-05-06,QX-DRY-788,14
B-09,2026-05-06,QX-PRO-789,48
B-09,2026-05-06,QX-PET-790,48
B-09,2026-05-06,QX-CER-791,141
B-09,2026-05-06,QX-CHL-792,134
B-09,2026-05-06,QX-HBC-793,47
B-09,2026-05-06,QX-BAK-794,41
B-09,2026-05-06,QX-HHD-795,223
B-09,2026-05-06,QX-DRK-796,46
B-09,2026-05-06,QX-HHD-797,129
B-09,2026-05-06,QX-HBC-798,229
B-09,2026-05-06,QX-FRZ-799,94
B-09,2026-05-06,QX-CER-800,100
B-09,2026-05-06,QX-DRK-801,158
B-09,2026-05-06,QX-FRZ-802,174
B-09,2026-05-06,QX-HBC-803,234
B-09,2026-05-06,QX-DRK-804,73
B-09,2026-05-06,QX-HHD-805,74
B-09,2026-05-06,QX-FRZ-806,139
B-09,2026-05-06,QX-CHL-807,93
B-09,2026-05-06,QX-PET-808,202
B-09,2026-05-06,QX-BAK-809,36
B-09,2026-05-06,QX-TIN-810,109
B-09,2026-05-06,QX-HBC-811,157
B-09,2026-05-06,QX-PET-812,195
B-09,2026-05-06,QX-FRZ-813,130
B-09,2026-05-06,QX-DRK-814,95
B-09,2026-05-06,QX-CHL-815,198
B-09,2026-05-06,QX-FRZ-816,170
B-09,2026-05-06,QX-DRK-817,60
B-09,2026-05-06,QX-DRY-818,49
B-09,2026-05-06,QX-CER-819,187
B-09,2026-05-06,QX-HHD-820,173
B-09,2026-05-06,QX-HHD-821,
B-09,2026-05-06,QX-DRK-822,145
B-09,2026-05-06,QX-BWS-823,7
B-09,2026-05-06,QX-PRO-824,33
B-09,2026-05-06,QX-CER-825,69
B-09,2026-05-06,QX-TIN-826,166
B-09,2026-05-06,QX-HHD-827,210
B-09,2026-05-06,QX-CER-828,226
B-09,2026-05-06,QX-PRO-829,187
B-09,2026-05-06,QX-BAK-830,215
B-09,2026-05-06,QX-BWS-831,31
B-09,2026-05-06,QX-BWS-832,213
B-09,2026-05-06,QX-HHD-833,103
B-09,2026-05-06,QX-BAK-834,147
B-09,2026-05-06,QX-DRY-835,51
B-09,2026-05-06,QX-BWS-836,22
B-09,2026-05-06,QX-BAK-837,145
B-09,2026-05-06,QX-PET-838,185
B-09,2026-05-06,QX-BWS-839,109
B-09,2026-05-06,QX-CER-840,120
B-09,2026-05-06,QX-PET-841,239
B-09,2026-05-06,QX-BWS-842,190
B-09,2026-05-06,QX-DRY-843,0
B-09,2026-05-06,QX-HHD-844,217
B-09,2026-05-06,QX-PRO-845,138
B-09,2026-05-06,QX-FRZ-846,110
B-09,2026-05-06,QX-DRK-847,
B-09,2026-05-06,QX-PRO-848,63
B-09,2026-05-06,QX-BAK-849,202
B-09,2026-05-06,QX-CER-850,181
B-09,2026-05-06,QX-BAK-851,164
B-09,2026-05-06,QX-DRK-852,20
B-09,2026-05-06,QX-TIN-853,182
B-09,2026-05-06,QX-PRO-854,74
B-09,2026-05-06,QX-HHD-855,220
B-09,2026-05-06,QX-TIN-856,237
B-09,2026-05-06,QX-CHL-857,62
B-09,2026-05-06,QX-PET-858,20
B-09,2026-05-06,QX-HHD-859,200
B-09,2026-05-06,QX-TIN-860,95
B-09,2026-05-06,QX-TIN-861,21
B-09,2026-05-06,QX-PET-862,125
B-09,2026-05-06,QX-DRK-863,219
B-09,2026-05-06,QX-BAK-864,140
B-09,2026-05-06,QX-DRY-865,26
B-09,2026-05-06,QX-DRY-866,93
B-09,2026-05-06,QX-HHD-867,15
B-09,2026-05-06,QX-CHL-868,238
B-09,2026-05-06,QX-CER-869,49
B-09,2026-05-06,QX-PRO-870,223
B-09,2026-05-06,QX-DRY-871,31
B-09,2026-05-06,QX-CER-872,179
B-09,2026-05-06,QX-PRO-873,55
B-09,2026-05-06,QX-BAK-874,191
B-09,2026-05-06,QX-TIN-875,148
B-09,2026-05-06,QX-PRO-876,114
B-09,2026-05-06,QX-HBC-877,5
B-09,2026-05-06,QX-HHD-878,45
B-09,2026-05-06,QX-BWS-879,144
B-09,2026-05-06,QX-DRY-880,17
B-09,2026-05-06,QX-PRO-881,119
B-09,2026-05-06,QX-BWS-882,112
B-09,2026-05-06,QX-DRY-883,20
B-09,2026-05-06,QX-TIN-884,224
B-09,2026-05-06,QX-PET-885,195
B-09,2026-05-06,QX-HBC-886,21
B-09,2026-05-06,QX-CHL-887,172
B-09,2026-05-06,QX-CHL-888,179
B-09,2026-05-06,QX-CER-889,222
B-09,2026-05-06,QX-HHD-890,162
B-09,2026-05-06,QX-DRK-891,221
B-09,2026-05-06,QX-HHD-892,216
B-09,2026-05-06,QX-DRY-893,191
B-09,2026-05-06,QX-BWS-894,98
B-09,2026-05-06,QX-PRO-895,129
B-09,2026-05-06,QX-PRO-896,94
B-09,2026-05-06,QX-CHL-897,188
B-09,2026-05-06,QX-PET-898,141
B-09,2026-05-06,QX-PRO-899,8
B-09,2026-05-06,QX-BWS-900,133
B-09,2026-05-06,QX-CER-901,87
B-09,2026-05-06,QX-HBC-902,236
B-09,2026-05-06,QX-PET-903,217
B-09,2026-05-06,QX-FRZ-904,200
B-09,2026-05-06,QX-DRK-905,207
B-09,2026-05-06,QX-CHL-906,225
B-09,2026-05-06,QX-FRZ-907,236
B-09,2026-05-06,QX-PET-908,175
B-09,2026-05-06,QX-HHD-909,140
B-09,2026-05-06,QX-DRY-910,95
B-09,2026-05-06,QX-HBC-911,87
B-09,2026-05-06,QX-BAK-912,
B-09,2026-05-06,QX-DRY-913,6
B-09,2026-05-06,QX-TIN-914,123
B-09,2026-05-06,QX-TIN-915,228
B-09,2026-05-06,QX-FRZ-916,236
B-09,2026-05-06,QX-PRO-917,76
B-09,2026-05-06,QX-PET-918,198
B-09,2026-05-06,QX-BAK-919,173
B-09,2026-05-06,QX-HBC-920,7
B-09,2026-05-06,QX-DRY-921,18
B-09,2026-05-06,QX-DRY-922,205
B-09,2026-05-06,QX-BAK-923,92
B-09,2026-05-06,QX-CHL-924,61
B-09,2026-05-06,QX-BAK-925,230
B-09,2026-05-06,QX-HBC-926,20
B-09,2026-05-06,QX-TIN-927,7
B-09,2026-05-06,QX-BWS-928,178
B-09,2026-05-06,QX-DRY-929,194
B-09,2026-05-06,QX-DRK-930,174
B-09,2026-05-06,QX-FRZ-931,63
B-09,2026-05-06,QX-PET-932,184
B-09,2026-05-06,QX-CER-933,44
B-09,2026-05-06,QX-PRO-934,132
B-09,2026-05-06,QX-TIN-935,219
B-09,2026-05-06,QX-CER-936,95
B-09,2026-05-06,QX-TIN-937,
B-09,2026-05-06,QX-FRZ-938,56
B-09,2026-05-06,QX-BAK-939,104
B-09,2026-05-06,QX-BWS-940,217
B-09,2026-05-06,QX-BAK-941,223
B-09,2026-05-06,QX-DRK-942,168
B-09,2026-05-06,QX-HHD-943,49
B-09,2026-05-06,QX-TIN-944,172
B-09,2026-05-06,QX-BWS-945,176
B-09,2026-05-06,QX-PET-946,93
B-09,2026-05-06,QX-BAK-947,50
B-09,2026-05-06,QX-BAK-948,47
B-09,2026-05-06,QX-DRK-949,10
B-09,2026-05-06,QX-PRO-950,50
B-09,2026-05-06,QX-TIN-951,57
B-09,2026-05-06,QX-CHL-952,126
B-09,2026-05-06,QX-BAK-953,209
B-09,2026-05-06,QX-CER-954,212
B-09,2026-05-06,QX-TIN-955,165
B-09,2026-05-06,QX-CHL-956,172
B-09,2026-05-06,QX-TIN-957,222
B-09,2026-05-06,QX-DRK-958,192
B-09,2026-05-06,QX-HBC-959,7
B-09,2026-05-06,QX-CER-960,30
B-09,2026-05-06,QX-TIN-961,62
B-09,2026-05-06,QX-BWS-962,108
B-09,2026-05-06,QX-CHL-963,106
B-09,2026-05-06,QX-BAK-964,57
B-09,2026-05-06,QX-BAK-965,171
B-09,2026-05-06,QX-CHL-966,63
B-09,2026-05-06,QX-PET-967,198
B-09,2026-05-06,QX-FRZ-968,88
B-09,2026-05-06,QX-PET-969,68
B-09,2026-05-06,QX-BAK-970,53
B-09,2026-05-06,QX-CHL-971,67
B-09,2026-05-06,QX-DRY-972,196
B-09,2026-05-06,QX-CHL-973,95
B-09,2026-05-06,QX-PET-974,66
B-09,2026-05-06,QX-BAK-975,196
B-09,2026-05-06,QX-HBC-976,186
B-09,2026-05-06,QX-PET-977,159
B-09,2026-05-06,QX-HBC-978,122
B-09,2026-05-06,QX-TIN-979,189
B-09,2026-05-06,QX-TIN-980,232
B-09,2026-05-06,QX-HBC-981,157
B-09,2026-05-06,QX-TIN-982,197
B-09,2026-05-06,QX-PET-983,137
B-09,2026-05-06,QX-FRZ-984,150
B-09,2026-05-06,QX-HHD-985,5
B-09,2026-05-06,QX-CHL-986,230
B-09,2026-05-06,QX-BWS-987,190
B-09,2026-05-06,QX-CER-988,94
B-09,2026-05-06,QX-FRZ-989,101
B-09,2026-05-06,QX-FRZ-990,
B-09,2026-05-06,QX-PET-991,206
B-09,2026-05-06,QX-HBC-992,216
B-09,2026-05-06,QX-HHD-993,182
B-09,2026-05-06,QX-TIN-994,110
B-09,2026-05-06,QX-CHL-995,24
B-09,2026-05-06,QX-BAK-996,131
B-09,2026-05-06,QX-CER-997,202
B-09,2026-05-06,QX-CHL-998,88
B-09,2026-05-06,QX-PET-999,38
B-09,2026-05-06,QX-DRK-000,
B-09,2026-05-06,QX-HHD-001,
B-09,2026-05-06,QX-TIN-002,12
B-09,2026-05-06,QX-HBC-003,123
B-09,2026-05-06,QX-CHL-004,1
B-09,2026-05-06,QX-DRK-005,34
B-09,2026-05-06,QX-HHD-006,152
B-09,2026-05-06,QX-TIN-007,7
B-09,2026-05-06,QX-BWS-008,221
B-09,2026-05-06,QX-HBC-009,168
B-09,2026-05-06,QX-PET-010,145
B-09,2026-05-06,QX-FRZ-011,186
B-09,2026-05-06,QX-DRY-012,63
B-09,2026-05-06,QX-CHL-013,144
B-09,2026-05-06,QX-FRZ-014,
B-09,2026-05-06,QX-BAK-015,63
B-09,2026-05-06,QX-DRY-016,146
B-09,2026-05-06,QX-DRY-017,34
B-09,2026-05-06,QX-CHL-018,57
B-09,2026-05-06,QX-DRY-019,219
B-09,2026-05-06,QX-DRK-020,
B-09,2026-05-06,QX-DRY-021,12
B-09,2026-05-06,QX-BWS-022,114
B-09,2026-05-06,QX-CHL-023,135
B-09,2026-05-06,QX-FRZ-024,27
B-09,2026-05-06,QX-CHL-025,
B-09,2026-05-06,QX-DRY-026,215
B-09,2026-05-06,QX-CER-027,230
B-09,2026-05-06,QX-DRK-028,136
B-09,2026-05-06,QX-TIN-029,224
B-09,2026-05-06,QX-FRZ-030,65
B-09,2026-05-06,QX-PET-031,15
B-09,2026-05-06,QX-BWS-032,185
B-09,2026-05-06,QX-DRK-033,99
B-09,2026-05-06,QX-FRZ-034,175
B-09,2026-05-06,QX-PRO-035,
B-09,2026-05-06,QX-HHD-036,210
B-09,2026-05-06,QX-PET-037,129
B-09,2026-05-06,QX-PRO-038,31
B-09,2026-05-06,QX-HBC-039,187
B-09,2026-05-06,QX-TIN-040,102
B-09,2026-05-06,QX-CER-041,33
B-09,2026-05-06,QX-CHL-042,151
B-09,2026-05-06,QX-PRO-043,102
B-09,2026-05-06,QX-DRY-044,147
B-09,2026-05-06,QX-PRO-045,233
B-09,2026-05-06,QX-CER-046,14
B-09,2026-05-06,QX-HHD-047,63
B-09,2026-05-06,QX-CHL-048,4
B-09,2026-05-06,QX-DRY-049,228
B-09,2026-05-06,QX-FRZ-050,200
B-09,2026-05-06,QX-TIN-051,150
B-09,2026-05-06,QX-DRY-052,80
B-09,2026-05-06,QX-DRY-053,74
B-09,2026-05-06,QX-TIN-054,97
B-09,2026-05-06,QX-HBC-055,212
B-09,2026-05-06,QX-DRY-056,170
B-09,2026-05-06,QX-CHL-057,183
B-09,2026-05-06,QX-PET-058,117
B-09,2026-05-06,QX-DRK-059,166
B-09,2026-05-06,QX-HBC-060,55
B-09,2026-05-06,QX-HBC-061,206
B-09,2026-05-06,QX-DRY-062,1
B-09,2026-05-06,QX-HBC-063,228
B-09,2026-05-06,QX-CER-064,30
B-09,2026-05-06,QX-BAK-065,144
B-09,2026-05-06,QX-PRO-066,153
B-09,2026-05-06,QX-CHL-067,216
B-09,2026-05-06,QX-BWS-068,55
B-09,2026-05-06,QX-HHD-069,121
B-09,2026-05-06,QX-CHL-070,6
B-09,2026-05-06,QX-PET-071,94
B-09,2026-05-06,QX-CHL-072,189
B-09,2026-05-06,QX-TIN-073,61
B-09,2026-05-06,QX-FRZ-074,18
B-09,2026-05-06,QX-CER-075,117
B-09,2026-05-06,QX-BWS-076,124
B-09,2026-05-06,QX-TIN-077,157
B-09,2026-05-06,QX-CHL-078,34
B-09,2026-05-06,QX-FRZ-079,161
B-09,2026-05-06,QX-TIN-080,226
B-09,2026-05-06,QX-TIN-081,190
B-09,2026-05-06,QX-HBC-082,38
B-09,2026-05-06,QX-PRO-083,28
B-09,2026-05-06,QX-BAK-084,46
B-09,2026-05-06,QX-DRY-085,227
B-09,2026-05-06,QX-FRZ-086,72
B-09,2026-05-06,QX-DRY-087,79
B-09,2026-05-06,QX-PRO-088,180
B-09,2026-05-06,QX-PRO-089,
B-09,2026-05-06,QX-DRY-090,60
B-09,2026-05-06,QX-CER-091,42
B-09,2026-05-06,QX-BWS-092,140
B-09,2026-05-06,QX-TIN-093,181
B-09,2026-05-06,QX-HHD-094,68
B-09,2026-05-06,QX-BAK-095,81
B-09,2026-05-06,QX-FRZ-096,231
B-09,2026-05-06,QX-DRY-097,97
B-09,2026-05-06,QX-DRK-098,57
B-09,2026-05-06,QX-HBC-099,103
B-09,2026-05-06,QX-PET-100,221
B-09,2026-05-06,QX-DRK-101,173
B-09,2026-05-06,QX-FRZ-102,207
B-09,2026-05-06,QX-CER-103,232
B-09,2026-05-06,QX-PRO-104,40
B-09,2026-05-06,QX-HBC-105,148
B-09,2026-05-06,QX-HBC-106,132
B-09,2026-05-06,QX-CHL-107,139
B-09,2026-05-06,QX-TIN-108,94
B-09,2026-05-06,QX-BAK-109,93
B-09,2026-05-06,QX-PET-110,219
B-09,2026-05-06,QX-TIN-111,66
B-09,2026-05-06,QX-CHL-112,168
B-09,2026-05-06,QX-HHD-113,14
B-09,2026-05-06,QX-CHL-114,77
B-09,2026-05-06,QX-HHD-115,84
B-09,2026-05-06,QX-CHL-116,197
B-09,2026-05-06,QX-HBC-117,76
B-09,2026-05-06,QX-TIN-118,224
B-09,2026-05-06,QX-PET-119,213
B-09,2026-05-06,QX-BWS-120,66
B-09,2026-05-06,QX-TIN-121,129
B-09,2026-05-06,QX-CHL-122,22
B-09,2026-05-06,QX-CHL-123,4
B-09,2026-05-06,QX-CER-124,60
B-09,2026-05-06,QX-PET-125,110
B-09,2026-05-06,QX-DRK-126,27
B-09,2026-05-06,QX-HBC-127,60
B-09,2026-05-06,QX-DRY-128,4
B-09,2026-05-06,QX-HHD-129,236
B-09,2026-05-06,QX-BAK-130,210
B-09,2026-05-06,QX-PRO-131,41
B-09,2026-05-06,QX-CHL-132,62
B-09,2026-05-06,QX-HBC-133,208
B-09,2026-05-06,QX-DRK-134,235
B-09,2026-05-06,QX-BAK-135,166
B-09,2026-05-06,QX-HHD-136,21
B-09,2026-05-06,QX-HHD-137,195
B-09,2026-05-06,QX-TIN-138,112
B-09,2026-05-06,QX-CHL-139,166
B-09,2026-05-06,QX-BAK-140,223
B-09,2026-05-06,QX-HHD-141,180
B-09,2026-05-06,QX-CHL-142,109
B-09,2026-05-06,QX-PRO-143,197
B-09,2026-05-06,QX-DRY-144,209
B-09,2026-05-06,QX-HHD-145,141
B-09,2026-05-06,QX-FRZ-146,160
B-09,2026-05-06,QX-BWS-147,19
B-09,2026-05-06,QX-TIN-148,100
B-09,2026-05-06,QX-PRO-149,6
B-09,2026-05-06,QX-CER-150,161
B-09,2026-05-06,QX-CER-151,1
B-09,2026-05-06,QX-DRY-152,74
B-09,2026-05-06,QX-DRK-153,85
B-09,2026-05-06,QX-DRY-154,50
B-09,2026-05-06,QX-TIN-155,222
B-09,2026-05-06,QX-PRO-156,34
B-09,2026-05-06,QX-TIN-157,25
B-09,2026-05-06,QX-HHD-158,232
B-09,2026-05-06,QX-PRO-159,25
B-09,2026-05-06,QX-BAK-160,90
B-09,2026-05-06,QX-PRO-161,131
B-09,2026-05-06,QX-BAK-162,41
B-09,2026-05-06,QX-TIN-163,112
B-09,2026-05-06,QX-BWS-164,229
B-09,2026-05-06,QX-HHD-165,65
B-09,2026-05-06,QX-DRY-166,182
B-09,2026-05-06,QX-HBC-167,194
B-09,2026-05-06,QX-DRK-168,148
B-09,2026-05-06,QX-BAK-169,51
B-09,2026-05-06,QX-HBC-170,110
B-09,2026-05-06,QX-CHL-171,9
B-09,2026-05-06,QX-HBC-172,202
B-09,2026-05-06,QX-BAK-173,199
B-09,2026-05-06,QX-HBC-174,140
B-09,2026-05-06,QX-PET-175,209
B-09,2026-05-06,QX-PRO-176,120
B-09,2026-05-06,QX-TIN-177,230
B-09,2026-05-06,QX-HHD-178,186
B-09,2026-05-06,QX-DRY-179,6
B-09,2026-05-06,QX-PRO-180,41
B-09,2026-05-06,QX-BWS-181,30
B-09,2026-05-06,QX-PRO-182,82
B-09,2026-05-06,QX-HHD-183,172
B-09,2026-05-06,QX-PRO-184,31
B-09,2026-05-06,QX-HBC-185,63
B-09,2026-05-06,QX-PET-186,228
B-09,2026-05-06,QX-BAK-187,121
B-09,2026-05-06,QX-PET-188,16
B-09,2026-05-06,QX-DRY-189,211
B-09,2026-05-06,QX-CER-190,127
B-09,2026-05-06,QX-PRO-191,128
B-09,2026-05-06,QX-DRK-192,16
B-09,2026-05-06,QX-TIN-193,234
B-09,2026-05-06,QX-FRZ-194,3
B-09,2026-05-06,QX-HHD-195,62
B-09,2026-05-06,QX-BWS-196,106
B-09,2026-05-06,QX-PET-197,8
B-09,2026-05-06,QX-DRY-198,140
B-09,2026-05-06,QX-TIN-199,60
B-09,2026-05-06,QX-PET-200,176
B-09,2026-05-06,QX-CER-201,204
B-09,2026-05-06,QX-DRK-202,158
B-09,2026-05-06,QX-PRO-204,205
B-09,2026-05-06,QX-PRO-205,155
B-09,2026-05-06,QX-HBC-206,196
B-09,2026-05-06,QX-FRZ-208,15
B-09,2026-05-06,QX-HHD-209,167
B-09,2026-05-06,QX-BWS-210,218
B-09,2026-05-06,QX-PET-211,55
B-09,2026-05-06,QX-HHD-212,173
B-09,2026-05-06,QX-TIN-213,2
B-09,2026-05-06,QX-BAK-214,175
B-09,2026-05-06,QX-DRY-215,12
B-09,2026-05-06,QX-BAK-216,118
B-09,2026-05-06,QX-DRK-217,198
B-09,2026-05-06,QX-BWS-218,134
B-09,2026-05-06,QX-BAK-219,222
B-09,2026-05-06,QX-DRK-220,53
B-09,2026-05-06,QX-BAK-221,136
B-09,2026-05-06,QX-TIN-222,48
B-09,2026-05-06,QX-CER-223,170
B-09,2026-05-06,QX-BWS-224,34
B-09,2026-05-06,QX-CHL-225,77
B-09,2026-05-06,QX-PRO-226,144
B-09,2026-05-06,QX-PRO-227,169
B-09,2026-05-06,QX-PET-228,126
B-09,2026-05-06,QX-TIN-230,201
B-09,2026-05-06,QX-TIN-231,211
B-09,2026-05-06,QX-BWS-232,213
B-09,2026-05-06,QX-BWS-233,168
B-09,2026-05-06,QX-DRY-234,111
B-09,2026-05-06,QX-CER-235,125
B-09,2026-05-06,QX-CER-236,202
B-09,2026-05-06,QX-FRZ-237,160
B-09,2026-05-06,QX-PRO-238,100
B-09,2026-05-06,QX-BAK-239,232
B-09,2026-05-06,QX-HHD-240,31
B-09,2026-05-06,QX-PRO-241,19
B-09,2026-05-06,QX-DRK-242,
B-09,2026-05-06,QX-BAK-243,14
B-09,2026-05-06,QX-DRY-244,137
B-09,2026-05-06,QX-HHD-245,160
B-09,2026-05-06,QX-PRO-246,180
B-09,2026-05-06,QX-TIN-247,184
B-09,2026-05-06,QX-PET-249,113
B-09,2026-05-06,QX-BAK-250,40
B-09,2026-05-06,QX-DRY-251,220
B-09,2026-05-06,QX-BWS-252,
B-09,2026-05-06,QX-FRZ-253,93
B-09,2026-05-06,QX-CHL-254,180
B-09,2026-05-06,QX-PET-255,178
B-09,2026-05-06,QX-HHD-256,122
B-09,2026-05-06,QX-BAK-257,76
B-09,2026-05-06,QX-CER-258,92
B-09,2026-05-06,QX-HBC-259,159
B-09,2026-05-06,QX-DRY-260,10
B-09,2026-05-06,QX-TIN-261,233
B-09,2026-05-06,QX-BAK-262,200
B-09,2026-05-06,QX-FRZ-263,192
B-09,2026-05-06,QX-TIN-264,156
B-09,2026-05-06,QX-CER-265,
B-09,2026-05-06,QX-DRY-266,40
B-09,2026-05-06,QX-TIN-267,56
B-09,2026-05-06,QX-HHD-268,128
B-09,2026-05-06,QX-CHL-269,19
B-09,2026-05-06,QX-CER-270,237
B-09,2026-05-06,QX-PET-271,41
B-09,2026-05-06,QX-TIN-272,108
B-09,2026-05-06,QX-CHL-274,83
B-09,2026-05-06,QX-PET-275,103
B-09,2026-05-06,QX-TIN-276,97
B-09,2026-05-06,QX-CER-277,11
B-09,2026-05-06,QX-CER-278,89
B-09,2026-05-06,QX-HBC-279,118
B-09,2026-05-06,QX-BWS-280,71
B-09,2026-05-06,QX-DRK-281,60
B-09,2026-05-06,QX-DRK-282,42
B-09,2026-05-06,QX-BWS-283,109
B-09,2026-05-06,QX-DRY-284,169
B-09,2026-05-06,QX-TIN-285,190
B-09,2026-05-06,QX-PET-286,10
B-09,2026-05-06,QX-BAK-287,131
B-09,2026-05-06,QX-BAK-288,125
B-09,2026-05-06,QX-TIN-289,9
B-09,2026-05-06,QX-TIN-291,222
B-09,2026-05-06,QX-HBC-292,125
B-09,2026-05-06,QX-DRK-293,110
B-09,2026-05-06,QX-HHD-294,129
B-09,2026-05-06,QX-TIN-296,4
B-09,2026-05-06,QX-FRZ-297,0
B-09,2026-05-06,QX-BWS-298,56
B-09,2026-05-06,QX-TIN-299,48
B-09,2026-05-06,QX-HBC-300,
B-09,2026-05-06,QX-BAK-301,163
B-09,2026-05-06,QX-DRK-302,7
B-09,2026-05-06,QX-PRO-303,164
B-09,2026-05-06,QX-CER-304,31
B-09,2026-05-06,QX-CER-305,200
B-09,2026-05-06,QX-HBC-306,95
B-09,2026-05-06,QX-BWS-307,240
B-09,2026-05-06,QX-BWS-308,121
B-09,2026-05-06,QX-CER-309,112
B-09,2026-05-06,QX-TIN-311,196
B-09,2026-05-06,QX-TIN-312,15
B-09,2026-05-06,QX-DRY-314,7
B-09,2026-05-06,QX-CHL-315,189
B-09,2026-05-06,QX-BWS-316,118
B-09,2026-05-06,QX-PET-317,223
B-09,2026-05-06,QX-DRK-319,227
B-09,2026-05-06,QX-CER-320,88
B-09,2026-05-06,QX-PRO-321,95
B-09,2026-05-06,QX-TIN-322,46
B-09,2026-05-06,QX-BWS-323,56
B-09,2026-05-06,QX-HBC-324,106
B-09,2026-05-06,QX-HBC-325,233
B-09,2026-05-06,QX-BWS-326,75
B-09,2026-05-06,QX-HBC-327,124
B-09,2026-05-06,QX-TIN-328,60
B-09,2026-05-06,QX-BAK-329,156
B-09,2026-05-06,QX-HHD-330,134
B-09,2026-05-06,QX-CHL-332,202
B-09,2026-05-06,QX-CER-333,74
B-09,2026-05-06,QX-CHL-334,135
B-09,2026-05-06,QX-FRZ-336,239
B-09,2026-05-06,QX-BAK-337,119
B-09,2026-05-06,QX-FRZ-338,183
B-09,2026-05-06,QX-CHL-339,99
B-09,2026-05-06,QX-TIN-340,216
B-09,2026-05-06,QX-DRY-341,202
B-09,2026-05-06,QX-DRK-342,174
B-09,2026-05-06,QX-TIN-343,22
B-09,2026-05-06,QX-FRZ-344,79
B-09,2026-05-06,QX-CHL-345,163
B-09,2026-05-06,QX-FRZ-346,169
B-09,2026-05-06,QX-HHD-347,151
B-09,2026-05-06,QX-DRK-348,204
B-09,2026-05-06,QX-CER-349,188
B-09,2026-05-06,QX-DRY-350,64
B-09,2026-05-06,QX-BAK-351,204
B-09,2026-05-06,QX-CER-352,108
B-09,2026-05-06,QX-HHD-353,180
B-09,2026-05-06,QX-TIN-354,65
B-09,2026-05-06,QX-HBC-355,206
B-09,2026-05-06,QX-TIN-356,66
B-09,2026-05-06,QX-PET-357,205
B-09,2026-05-06,QX-CER-358,87
B-09,2026-05-06,QX-DRY-359,128
B-09,2026-05-06,QX-HHD-360,161
B-09,2026-05-06,QX-DRK-361,52
B-09,2026-05-06,QX-DRK-362,54
B-09,2026-05-06,QX-TIN-363,126
B-09,2026-05-06,QX-CER-364,68
B-09,2026-05-06,QX-TIN-365,123
B-09,2026-05-06,QX-HBC-366,186
B-09,2026-05-06,QX-CHL-367,78
B-09,2026-05-06,QX-PRO-368,169
B-09,2026-05-06,QX-DRK-369,54
B-09,2026-05-06,QX-BAK-371,134
B-09,2026-05-06,QX-HHD-372,142
B-09,2026-05-06,QX-CHL-373,217
B-09,2026-05-06,QX-BAK-374,221
B-09,2026-05-06,QX-BWS-375,188
B-09,2026-05-06,QX-CER-376,101
B-09,2026-05-06,QX-BAK-377,214
B-09,2026-05-06,QX-DRK-378,145
B-09,2026-05-06,QX-DRK-379,97
B-09,2026-05-06,QX-TIN-380,215
B-09,2026-05-06,QX-TIN-381,58
B-09,2026-05-06,QX-PET-382,121
B-09,2026-05-06,QX-TIN-383,32
B-09,2026-05-06,QX-BAK-384,95
B-09,2026-05-06,QX-FRZ-385,134
B-09,2026-05-06,QX-BAK-387,79
B-09,2026-05-06,QX-CER-388,27
B-09,2026-05-06,QX-CER-389,89
B-09,2026-05-06,QX-CER-390,17
B-09,2026-05-06,QX-DRY-391,138
B-09,2026-05-06,QX-FRZ-392,13
B-09,2026-05-06,QX-HBC-393,118
B-09,2026-05-06,QX-CER-394,26
B-09,2026-05-06,QX-BAK-395,168
B-09,2026-05-06,QX-FRZ-396,201
B-09,2026-05-06,QX-PET-398,31
B-09,2026-05-06,QX-BAK-400,36
B-09,2026-05-06,QX-HBC-401,19
B-09,2026-05-06,QX-DRY-403,123
B-09,2026-05-06,QX-PET-404,187
B-09,2026-05-06,QX-HBC-405,20
B-09,2026-05-06,QX-DRY-406,113
B-09,2026-05-06,QX-DRY-407,205
B-09,2026-05-06,QX-CHL-409,171
B-09,2026-05-06,QX-HHD-411,189
B-09,2026-05-06,QX-BWS-412,97
B-09,2026-05-06,QX-FRZ-413,67
B-09,2026-05-06,QX-FRZ-414,154
B-09,2026-05-06,QX-FRZ-415,80
B-09,2026-05-06,QX-PET-416,195
B-09,2026-05-06,QX-PET-417,227
B-09,2026-05-06,QX-HHD-418,111
B-09,2026-05-06,QX-BAK-419,235
B-09,2026-05-06,QX-DRK-420,23
B-09,2026-05-06,QX-FRZ-421,69
B-09,2026-05-06,QX-HHD-423,224
B-09,2026-05-06,QX-HBC-424,31
B-09,2026-05-06,QX-CHL-425,139
B-09,2026-05-06,QX-BAK-426,27
B-09,2026-05-06,QX-DRK-427,8
B-09,2026-05-06,QX-PET-428,5
B-09,2026-05-06,QX-CER-429,30
B-09,2026-05-06,QX-FRZ-431,211
B-09,2026-05-06,QX-CHL-432,67
B-09,2026-05-06,QX-PET-433,72
B-09,2026-05-06,QX-CER-434,215
B-09,2026-05-06,QX-PRO-435,7
B-09,2026-05-06,QX-PRO-436,20
B-09,2026-05-06,QX-FRZ-437,219
B-09,2026-05-06,QX-CHL-438,15
B-09,2026-05-06,QX-BWS-439,58
B-09,2026-05-06,QX-FRZ-440,170
B-09,2026-05-06,QX-HHD-441,68
B-09,2026-05-06,QX-HBC-442,156
B-09,2026-05-06,QX-HHD-443,18
B-09,2026-05-06,QX-HHD-445,115
B-09,2026-05-06,QX-PET-446,238
B-09,2026-05-06,QX-TIN-447,100
B-09,2026-05-06,QX-PET-448,68
B-09,2026-05-06,QX-HHD-449,74
B-09,2026-05-06,QX-HHD-450,148
B-09,2026-05-06,QX-HBC-452,220
B-09,2026-05-06,QX-DRK-453,
B-09,2026-05-06,QX-PRO-454,151
B-09,2026-05-06,QX-DRK-455,107
B-09,2026-05-06,QX-TIN-456,15
B-09,2026-05-06,QX-HBC-457,238
B-09,2026-05-06,QX-CER-458,124
B-09,2026-05-06,QX-CHL-459,22
B-09,2026-05-06,QX-CER-460,153
B-09,2026-05-06,QX-PET-461,111
B-09,2026-05-06,QX-BAK-462,13
B-09,2026-05-06,QX-TIN-463,96
B-09,2026-05-06,QX-BAK-464,11
B-09,2026-05-06,QX-HBC-465,81
B-09,2026-05-06,QX-CHL-466,158
B-09,2026-05-06,QX-DRK-467,30
B-09,2026-05-06,QX-TIN-468,
B-09,2026-05-06,QX-HHD-469,30
B-09,2026-05-06,QX-BWS-470,27
B-09,2026-05-06,QX-PET-471,230
B-09,2026-05-06,QX-DRY-472,70
B-09,2026-05-06,QX-CER-473,116
B-09,2026-05-06,QX-DRK-474,163
B-09,2026-05-06,QX-HBC-475,80
B-09,2026-05-06,QX-PET-476,43
B-09,2026-05-06,QX-PRO-477,14
B-09,2026-05-06,QX-FRZ-478,85
B-09,2026-05-06,QX-PET-479,217
B-09,2026-05-06,QX-DRK-480,160
B-09,2026-05-06,QX-TIN-481,54
B-09,2026-05-06,QX-HBC-482,137
B-09,2026-05-06,QX-DRY-483,82
B-09,2026-05-06,QX-TIN-484,210
B-09,2026-05-06,QX-CER-486,234
B-09,2026-05-06,QX-BAK-487,239
B-09,2026-05-06,QX-PRO-488,18
B-09,2026-05-06,QX-DRK-489,25
B-09,2026-05-06,QX-BWS-490,89
B-09,2026-05-06,QX-HBC-491,66
B-09,2026-05-06,QX-FRZ-492,
B-09,2026-05-06,QX-CHL-493,7
B-09,2026-05-06,QX-HBC-494,77
B-09,2026-05-06,QX-FRZ-495,102
B-09,2026-05-06,QX-HHD-496,18
B-09,2026-05-06,QX-PET-497,61
B-09,2026-05-06,QX-BWS-498,169
B-09,2026-05-06,QX-BAK-499,168
B-09,2026-05-06,QX-FRZ-500,85
B-09,2026-05-06,QX-BAK-501,67
B-09,2026-05-06,QX-PET-503,119
B-09,2026-05-06,QX-CER-504,73
B-09,2026-05-06,QX-CER-505,84
B-09,2026-05-06,QX-BAK-506,138
B-09,2026-05-06,QX-CER-507,113
B-09,2026-05-06,QX-DRK-508,227
B-09,2026-05-06,QX-BAK-509,88
B-09,2026-05-06,QX-CER-510,85
B-09,2026-05-06,QX-DRK-511,151
B-09,2026-05-06,QX-HHD-512,72
B-09,2026-05-06,QX-CER-513,148
B-09,2026-05-06,QX-HHD-514,183
B-09,2026-05-06,QX-HHD-515,13
B-09,2026-05-06,QX-PET-516,109
B-09,2026-05-06,QX-CHL-517,87
B-09,2026-05-06,QX-BAK-518,200
B-09,2026-05-06,QX-PET-520,155
B-09,2026-05-06,QX-BAK-521,198
B-09,2026-05-06,QX-DRY-522,66
B-09,2026-05-06,QX-PRO-523,30
B-09,2026-05-06,QX-PRO-524,129
B-09,2026-05-06,QX-FRZ-525,84
B-09,2026-05-06,QX-CER-526,204
B-09,2026-05-06,QX-CHL-527,155
B-09,2026-05-06,QX-DRK-528,191
B-09,2026-05-06,QX-CER-529,135
B-09,2026-05-06,QX-CHL-530,7
B-09,2026-05-06,QX-CER-531,192
B-09,2026-05-06,QX-HBC-532,130
B-09,2026-05-06,QX-PET-533,53
B-09,2026-05-06,QX-TIN-534,
B-09,2026-05-06,QX-FRZ-535,220
B-09,2026-05-06,QX-PET-537,216
B-09,2026-05-06,QX-BAK-538,29
B-09,2026-05-06,QX-HBC-539,140
B-09,2026-05-06,QX-PRO-540,104
B-09,2026-05-06,QX-CHL-541,142
B-09,2026-05-06,QX-CHL-542,12
B-09,2026-05-06,QX-PRO-543,158
B-09,2026-05-06,QX-DRY-544,235
B-09,2026-05-06,QX-HBC-545,214
B-09,2026-05-06,QX-DRK-546,16
B-09,2026-05-06,QX-FRZ-547,29
B-09,2026-05-06,QX-TIN-548,43
B-09,2026-05-06,QX-BWS-549,68
B-09,2026-05-06,QX-CHL-550,3
B-09,2026-05-06,QX-HHD-551,195
B-09,2026-05-06,QX-TIN-552,95
B-09,2026-05-06,QX-FRZ-553,33
B-09,2026-05-06,QX-HHD-554,98
B-09,2026-05-06,QX-DRY-555,177
B-09,2026-05-06,QX-HHD-556,0
B-09,2026-05-06,QX-TIN-557,154
B-09,2026-05-06,QX-CER-558,156
B-09,2026-05-06,QX-PET-559,71
B-09,2026-05-06,QX-DRK-560,91
B-09,2026-05-06,QX-CER-561,124
B-09,2026-05-06,QX-PRO-562,137
B-09,2026-05-06,QX-HHD-563,137
B-09,2026-05-06,QX-BAK-564,177
B-09,2026-05-06,QX-BAK-565,204
B-09,2026-05-06,QX-FRZ-566,4
B-09,2026-05-06,QX-HHD-568,153
B-09,2026-05-06,QX-BAK-569,203
B-09,2026-05-06,QX-HHD-570,
B-09,2026-05-06,QX-PET-571,186
B-09,2026-05-06,QX-PET-573,108
B-09,2026-05-06,QX-TIN-574,159
B-09,2026-05-06,QX-PET-575,184
B-09,2026-05-06,QX-HBC-576,168
B-09,2026-05-06,QX-DRY-577,121
B-09,2026-05-06,QX-FRZ-578,
B-09,2026-05-06,QX-PRO-580,25
B-09,2026-05-06,QX-BAK-581,104
B-09,2026-05-06,QX-FRZ-582,221
B-09,2026-05-06,QX-DRK-583,27
B-09,2026-05-06,QX-HHD-584,179
B-09,2026-05-06,QX-HHD-586,203
B-09,2026-05-06,QX-PRO-587,163
B-09,2026-05-06,QX-FRZ-588,128
B-09,2026-05-06,QX-CER-589,65
B-09,2026-05-06,QX-BAK-590,223
B-09,2026-05-06,QX-HBC-591,114
B-09,2026-05-06,QX-TIN-593,100
B-09,2026-05-06,QX-CER-594,193
B-09,2026-05-06,QX-HHD-595,90
B-09,2026-05-06,QX-PRO-596,218
B-09,2026-05-06,QX-BWS-597,67
B-09,2026-05-06,QX-BAK-598,149
B-09,2026-05-06,QX-BAK-599,41
B-09,2026-05-06,QX-DRK-600,30
B-09,2026-05-06,QX-DRK-601,194
B-09,2026-05-06,QX-PET-602,115
B-09,2026-05-06,QX-DRK-603,15
B-09,2026-05-06,QX-BAK-604,187
B-09,2026-05-06,QX-CER-606,203
B-09,2026-05-06,QX-BWS-607,102
B-09,2026-05-06,QX-FRZ-608,141
B-09,2026-05-06,QX-CHL-609,120
B-09,2026-05-06,QX-BAK-610,132
B-09,2026-05-06,QX-BWS-611,117
B-09,2026-05-06,QX-BWS-612,175
B-09,2026-05-06,QX-BAK-613,144
B-09,2026-05-06,QX-FRZ-615,161
B-09,2026-05-06,QX-HHD-616,31
B-09,2026-05-06,QX-CHL-617,146
B-09,2026-05-06,QX-DRY-618,23
B-09,2026-05-06,QX-CER-619,131
B-09,2026-05-06,QX-DRY-620,74
B-09,2026-05-06,QX-HHD-621,177
B-09,2026-05-06,QX-FRZ-622,66
B-09,2026-05-06,QX-FRZ-623,205
B-09,2026-05-06,QX-DRK-624,41
B-09,2026-05-06,QX-FRZ-625,97
B-09,2026-05-06,QX-TIN-626,22
B-09,2026-05-06,QX-CHL-627,33
B-09,2026-05-06,QX-DRK-628,97
B-09,2026-05-06,QX-BAK-629,49
B-09,2026-05-06,QX-TIN-630,45
B-09,2026-05-06,QX-HHD-631,169
B-09,2026-05-06,QX-PET-632,239
B-09,2026-05-06,QX-BAK-633,39
B-09,2026-05-06,QX-HHD-634,180
B-09,2026-05-06,QX-FRZ-635,98
B-09,2026-05-06,QX-HBC-636,111
B-09,2026-05-06,QX-PRO-637,67
B-09,2026-05-06,QX-BAK-638,81
B-09,2026-05-06,QX-DRK-639,93
B-09,2026-05-06,QX-DRY-640,
B-09,2026-05-06,QX-BAK-641,156
B-09,2026-05-06,QX-CHL-642,180
B-09,2026-05-06,QX-FRZ-643,197
B-09,2026-05-06,QX-BAK-644,104
B-09,2026-05-06,QX-DRK-645,212
B-09,2026-05-06,QX-FRZ-646,70
B-09,2026-05-06,QX-CER-647,180
B-09,2026-05-06,QX-BAK-648,148
B-09,2026-05-06,QX-BWS-649,159
B-09,2026-05-06,QX-TIN-650,136
B-09,2026-05-06,QX-CER-651,129
B-09,2026-05-06,QX-DRY-652,161
B-09,2026-05-06,QX-BAK-653,133
B-09,2026-05-06,QX-PET-654,81
B-09,2026-05-06,QX-CER-655,157
B-09,2026-05-06,QX-DRK-656,123
B-09,2026-05-06,QX-TIN-657,129
B-09,2026-05-06,QX-DRY-658,202
B-09,2026-05-06,QX-BAK-659,148
B-09,2026-05-06,QX-HHD-660,184
B-09,2026-05-06,QX-DRY-661,6
B-09,2026-05-06,QX-CER-663,187
B-09,2026-05-06,QX-DRY-664,10
B-09,2026-05-06,QX-HHD-665,121
B-09,2026-05-06,QX-CER-666,203
B-09,2026-05-06,QX-DRY-667,150
B-09,2026-05-06,QX-BWS-668,1
B-09,2026-05-06,QX-FRZ-669,49
B-09,2026-05-06,QX-DRK-670,28
B-09,2026-05-06,QX-CER-671,151
B-09,2026-05-06,QX-PRO-672,177
B-09,2026-05-06,QX-PET-674,71
B-09,2026-05-06,QX-TIN-677,128
B-09,2026-05-06,QX-BAK-678,16
B-09,2026-05-06,QX-FRZ-679,192
B-09,2026-05-06,QX-FRZ-680,55
B-09,2026-05-06,QX-CER-681,57
B-09,2026-05-06,QX-HHD-682,145
B-09,2026-05-06,QX-BWS-684,221
B-09,2026-05-06,QX-PRO-685,209
B-09,2026-05-06,QX-DRY-686,20
B-09,2026-05-06,QX-FRZ-687,39
B-09,2026-05-06,QX-BAK-688,85
B-09,2026-05-06,QX-BAK-689,29
B-09,2026-05-06,QX-CER-690,3
B-09,2026-05-06,QX-HBC-691,132
B-09,2026-05-06,QX-BAK-692,32
B-09,2026-05-06,QX-BAK-693,222
B-09,2026-05-06,QX-PET-694,173
B-09,2026-05-06,QX-CHL-695,192
B-09,2026-05-06,QX-FRZ-696,19
B-09,2026-05-06,QX-DRY-698,151
B-09,2026-05-06,QX-PRO-699,90
B-09,2026-05-06,QX-PET-700,112
B-09,2026-05-06,QX-CER-702,193
B-09,2026-05-06,QX-BWS-703,88
B-09,2026-05-06,QX-FRZ-704,165
B-09,2026-05-06,QX-DRK-705,108
B-09,2026-05-06,QX-FRZ-706,128
B-09,2026-05-06,QX-CHL-707,130
B-09,2026-05-06,QX-PET-708,24
B-09,2026-05-06,QX-CER-709,171
B-09,2026-05-06,QX-TIN-710,146
B-09,2026-05-06,QX-BAK-711,72
B-09,2026-05-06,QX-TIN-712,227
B-09,2026-05-06,QX-PRO-713,103
B-09,2026-05-06,QX-DRK-714,75
B-09,2026-05-06,QX-BAK-715,149
B-09,2026-05-06,QX-CHL-716,
B-09,2026-05-06,QX-PET-717,182
B-09,2026-05-06,QX-PRO-718,19
B-09,2026-05-06,QX-FRZ-719,201
B-09,2026-05-06,QX-PRO-720,181
B-09,2026-05-06,QX-TIN-721,209
B-09,2026-05-06,QX-DRK-722,
B-09,2026-05-06,QX-CER-724,3
B-09,2026-05-06,QX-PRO-726,134
B-09,2026-05-06,QX-HBC-727,123
B-09,2026-05-06,QX-HBC-729,34
B-09,2026-05-06,QX-DRK-730,125
B-09,2026-05-06,QX-CHL-732,164
B-09,2026-05-06,QX-DRK-733,50
B-09,2026-05-06,QX-CHL-734,216
B-09,2026-05-06,QX-FRZ-735,
B-09,2026-05-06,QX-DRK-736,190
B-09,2026-05-06,QX-HBC-737,195
B-09,2026-05-06,QX-CHL-738,11
B-09,2026-05-06,QX-PRO-739,215
B-09,2026-05-06,QX-PET-741,171
B-09,2026-05-06,QX-FRZ-742,64
B-09,2026-05-06,QX-FRZ-743,169
B-09,2026-05-06,QX-CHL-744,19
B-09,2026-05-06,QX-HHD-745,122
B-09,2026-05-06,QX-DRK-746,133
B-09,2026-05-06,QX-BWS-747,64
B-09,2026-05-06,QX-PRO-748,178
B-09,2026-05-06,QX-DRY-749,164
B-09,2026-05-06,QX-TIN-750,156
B-09,2026-05-06,QX-TIN-751,128
B-09,2026-05-06,QX-PET-752,93
B-09,2026-05-06,QX-TIN-753,133
B-09,2026-05-06,QX-FRZ-754,183
B-09,2026-05-06,QX-DRY-755,208
B-09,2026-05-06,QX-DRK-756,149
B-09,2026-05-06,QX-DRK-757,229
B-09,2026-05-06,QX-HHD-758,218
B-09,2026-05-06,QX-FRZ-759,43
B-09,2026-05-06,QX-CHL-760,4
B-09,2026-05-06,QX-BAK-761,44
B-09,2026-05-06,QX-HHD-762,173
B-09,2026-05-06,QX-HBC-764,208
B-09,2026-05-06,QX-BAK-765,197
B-09,2026-05-06,QX-BAK-766,180
B-09,2026-05-06,QX-BWS-767,195
B-09,2026-05-06,QX-BAK-769,5
B-09,2026-05-06,QX-BAK-770,137
B-09,2026-05-06,QX-PET-771,178
B-09,2026-05-06,QX-DRY-772,139
B-09,2026-05-06,QX-DRY-773,42
B-09,2026-05-06,QX-FRZ-774,18
B-09,2026-05-06,QX-TIN-775,162
B-09,2026-05-06,QX-BAK-777,203
B-09,2026-05-06,QX-HBC-778,59
B-09,2026-05-06,QX-TIN-779,35
B-09,2026-05-06,QX-DRK-780,57
B-09,2026-05-06,QX-PET-781,
B-09,2026-05-06,QX-HBC-782,214
B-09,2026-05-06,QX-BWS-783,73
B-09,2026-05-06,QX-BWS-785,176
B-09,2026-05-06,QX-CER-786,35
B-09,2026-05-06,QX-DRK-787,173
B-09,2026-05-06,QX-FRZ-788,214
B-09,2026-05-06,QX-PET-789,58
B-09,2026-05-06,QX-HHD-790,2
B-09,2026-05-06,QX-HHD-791,128
B-09,2026-05-06,QX-DRY-792,18
B-09,2026-05-06,QX-PRO-793,110
B-09,2026-05-06,QX-HBC-794,
B-09,2026-05-06,QX-HBC-795,89
B-09,2026-05-06,QX-BAK-796,89
B-09,2026-05-06,QX-BWS-797,135
B-09,2026-05-06,QX-BWS-798,96
B-09,2026-05-06,QX-BAK-799,159
B-09,2026-05-06,QX-HBC-800,38
B-09,2026-05-06,QX-DRY-802,195
B-09,2026-05-06,QX-HHD-803,169
B-09,2026-05-06,QX-HBC-805,192
B-09,2026-05-06,QX-HBC-806,124
B-09,2026-05-06,QX-PET-807,107
B-09,2026-05-06,QX-HHD-808,229
B-09,2026-05-06,QX-HHD-809,77
B-09,2026-05-06,QX-PET-810,10
B-09,2026-05-06,QX-DRY-811,13
B-09,2026-05-06,QX-BWS-814,165
B-09,2026-05-06,QX-HHD-815,217
B-09,2026-05-06,QX-BAK-816,155
B-09,2026-05-06,QX-PRO-817,227
B-09,2026-05-06,QX-BAK-818,159
B-09,2026-05-06,QX-TIN-819,37
B-09,2026-05-06,QX-BAK-820,75
B-09,2026-05-06,QX-CHL-821,55
B-09,2026-05-06,QX-PET-822,105
B-09,2026-05-06,QX-DRK-823,158
B-09,2026-05-06,QX-FRZ-824,203
B-09,2026-05-06,QX-HHD-825,76
B-09,2026-05-06,QX-HBC-826,218
B-09,2026-05-06,QX-DRK-827,72
B-09,2026-05-06,QX-HBC-828,5
B-09,2026-05-06,QX-HHD-829,174
B-09,2026-05-06,QX-BWS-830,144
B-09,2026-05-06,QX-CER-831,203
B-09,2026-05-06,QX-FRZ-832,71
B-09,2026-05-06,QX-PRO-833,33
B-09,2026-05-06,QX-DRK-834,123
B-09,2026-05-06,QX-DRK-835,65
B-09,2026-05-06,QX-BWS-837,234
B-09,2026-05-06,QX-BWS-838,134
B-09,2026-05-06,QX-DRK-839,20
B-09,2026-05-06,QX-HBC-840,15
B-09,2026-05-06,QX-HHD-841,54
B-09,2026-05-06,QX-PET-842,103
B-09,2026-05-06,QX-DRK-843,114
B-09,2026-05-06,QX-HBC-844,62
B-09,2026-05-06,QX-HHD-845,90
B-09,2026-05-06,QX-CHL-846,184
B-09,2026-05-06,QX-HBC-847,39
B-09,2026-05-06,QX-DRK-849,126
B-09,2026-05-06,QX-BWS-850,77
B-09,2026-05-06,QX-DRY-851,38
B-09,2026-05-06,QX-PRO-852,42
B-09,2026-05-06,QX-PET-853,158
B-09,2026-05-06,QX-HHD-854,110
B-09,2026-05-06,QX-FRZ-855,124
B-09,2026-05-06,QX-FRZ-856,143
B-09,2026-05-06,QX-HBC-857,
B-09,2026-05-06,QX-PRO-858,192
B-09,2026-05-06,QX-FRZ-859,99
B-09,2026-05-06,QX-BAK-860,139
B-09,2026-05-06,QX-PRO-861,188
B-09,2026-05-06,QX-CHL-862,25
B-09,2026-05-06,QX-BWS-864,147
B-09,2026-05-06,QX-TIN-865,9
B-09,2026-05-06,QX-CER-866,137
B-09,2026-05-06,QX-TIN-867,127
B-09,2026-05-06,QX-HBC-868,112
B-09,2026-05-06,QX-FRZ-869,90
B-09,2026-05-06,QX-DRY-870,58
B-09,2026-05-06,QX-DRK-871,1
B-09,2026-05-06,QX-CHL-872,227
B-09,2026-05-06,QX-TIN-873,129
B-09,2026-05-06,QX-CHL-874,161
B-09,2026-05-06,QX-BWS-875,208
B-09,2026-05-06,QX-BWS-876,
B-09,2026-05-06,QX-BAK-877,189
B-09,2026-05-06,QX-TIN-878,170
B-09,2026-05-06,QX-PRO-879,150
B-09,2026-05-06,QX-PRO-880,29
B-09,2026-05-06,QX-TIN-881,211
B-09,2026-05-06,QX-DRK-882,146
B-09,2026-05-06,QX-CHL-883,50
B-09,2026-05-06,QX-CER-884,213
B-09,2026-05-06,QX-BWS-885,136
B-09,2026-05-06,QX-CER-887,203
B-09,2026-05-06,QX-HHD-888,74
B-09,2026-05-06,QX-PRO-889,5
B-09,2026-05-06,QX-FRZ-890,226
B-09,2026-05-06,QX-CHL-891,14
B-09,2026-05-06,QX-TIN-892,3
B-09,2026-05-06,QX-CHL-893,182
B-09,2026-05-06,QX-HHD-894,157
B-09,2026-05-06,QX-HHD-895,91
B-09,2026-05-06,QX-FRZ-896,230
B-09,2026-05-06,QX-BWS-897,42
B-09,2026-05-06,QX-TIN-898,30
B-09,2026-05-06,QX-BAK-899,51
B-09,2026-05-06,QX-BAK-900,153
B-09,2026-05-06,QX-HBC-901,113
B-09,2026-05-06,QX-PET-902,70
B-09,2026-05-06,QX-DRY-903,41
B-09,2026-05-06,QX-TIN-904,104
B-09,2026-05-06,QX-FRZ-905,175
B-09,2026-05-06,QX-PRO-906,94
B-09,2026-05-06,QX-BWS-907,3
B-09,2026-05-06,QX-BWS-908,169
B-09,2026-05-06,QX-BWS-909,238
B-09,2026-05-06,QX-DRK-910,39
B-09,2026-05-06,QX-BWS-911,66
B-09,2026-05-06,QX-TIN-912,132
B-09,2026-05-06,QX-BAK-913,212
B-09,2026-05-06,QX-DRY-914,183
B-09,2026-05-06,QX-FRZ-915,47
B-09,2026-05-06,QX-PET-916,34
B-09,2026-05-06,QX-BWS-918,49
B-09,2026-05-06,QX-PET-919,130
B-09,2026-05-06,QX-FRZ-921,20
B-09,2026-05-06,QX-PRO-922,153
B-09,2026-05-06,QX-HBC-923,218
B-09,2026-05-06,QX-TIN-926,163
B-09,2026-05-06,QX-FRZ-928,24
B-09,2026-05-06,QX-BAK-929,168
B-09,2026-05-06,QX-PET-930,40
B-09,2026-05-06,QX-HBC-932,18
B-09,2026-05-06,QX-TIN-933,11
B-09,2026-05-06,QX-TIN-934,201
B-09,2026-05-06,QX-DRK-935,50
B-09,2026-05-06,QX-FRZ-936,27
B-09,2026-05-06,QX-HHD-937,118
B-09,2026-05-06,QX-CHL-938,37
B-09,2026-05-06,QX-BWS-939,180
B-09,2026-05-06,QX-DRY-940,229
B-09,2026-05-06,QX-CER-941,119
B-09,2026-05-06,QX-BAK-942,108
B-09,2026-05-06,QX-DRK-943,194
B-09,2026-05-06,QX-PRO-944,182
B-09,2026-05-06,QX-TIN-945,68
B-09,2026-05-06,QX-CHL-946,182
B-09,2026-05-06,QX-FRZ-947,9
B-09,2026-05-06,QX-HBC-948,178
B-09,2026-05-06,QX-PRO-949,83
B-09,2026-05-06,QX-BWS-950,227
B-09,2026-05-06,QX-DRY-951,32
B-09,2026-05-06,QX-PRO-952,89
B-09,2026-05-06,QX-HBC-953,140
B-09,2026-05-06,QX-PRO-954,239
B-09,2026-05-06,QX-HHD-956,145
B-09,2026-05-06,QX-HHD-957,145
B-09,2026-05-06,QX-CHL-958,132
B-09,2026-05-06,QX-PRO-959,51
B-09,2026-05-06,QX-PET-960,227
B-09,2026-05-06,QX-FRZ-961,16
B-09,2026-05-06,QX-DRY-962,16
B-09,2026-05-06,QX-PRO-963,210
B-09,2026-05-06,QX-HBC-964,121
B-09,2026-05-06,QX-HBC-965,104
B-09,2026-05-06,QX-FRZ-966,131
B-09,2026-05-06,QX-HHD-967,57
B-09,2026-05-06,QX-CER-968,152
B-09,2026-05-06,QX-HHD-969,23
B-09,2026-05-06,QX-TIN-970,160
B-09,2026-05-06,QX-TIN-971,0
B-09,2026-05-06,QX-CER-972,87
B-09,2026-05-06,QX-HBC-973,94
B-09,2026-05-06,QX-DRK-974,94
B-09,2026-05-06,QX-FRZ-975,35
B-09,2026-05-06,QX-TIN-976,170
B-09,2026-05-06,QX-BWS-977,11
B-09,2026-05-06,QX-PRO-978,109
B-09,2026-05-06,QX-HHD-979,40
B-09,2026-05-06,QX-FRZ-980,15
B-09,2026-05-06,QX-FRZ-981,125
B-09,2026-05-06,QX-DRY-982,170
B-09,2026-05-06,QX-FRZ-983,229
B-09,2026-05-06,QX-HBC-985,228
B-09,2026-05-06,QX-DRY-986,103
B-09,2026-05-06,QX-CER-987,206
B-09,2026-05-06,QX-HHD-989,238
B-09,2026-05-06,QX-TIN-990,216
B-09,2026-05-06,QX-CER-991,8
B-09,2026-05-06,QX-BWS-992,199
B-09,2026-05-06,QX-CER-993,157
B-09,2026-05-06,QX-DRK-994,100
B-09,2026-05-06,QX-TIN-995,97
B-09,2026-05-06,QX-CER-996,202
B-09,2026-05-06,QX-FRZ-997,154
B-09,2026-05-06,QX-TIN-998,196
B-09,2026-05-06,QX-CER-999,33
B-09,2026-05-06,QX-CER-000,122
B-09,2026-05-06,QX-PRO-001,33
B-09,2026-05-06,QX-PET-002,73
B-09,2026-05-06,QX-HBC-004,112
B-09,2026-05-06,QX-BAK-005,12
B-09,2026-05-06,QX-BWS-006,230
B-09,2026-05-06,QX-DRK-007,51
B-09,2026-05-06,QX-TIN-008,82
B-09,2026-05-06,QX-TIN-009,234
B-09,2026-05-06,QX-CHL-010,61
B-09,2026-05-06,QX-HBC-011,161
B-09,2026-05-06,QX-FRZ-012,226
B-09,2026-05-06,QX-HHD-013,18
B-09,2026-05-06,QX-DRY-014,116
B-09,2026-05-06,QX-PRO-015,111
B-09,2026-05-06,QX-PET-016,16
B-09,2026-05-06,QX-TIN-017,212
B-09,2026-05-06,QX-FRZ-018,67
B-09,2026-05-06,QX-FRZ-019,115
B-09,2026-05-06,QX-CHL-021,219
B-09,2026-05-06,QX-PRO-022,
B-09,2026-05-06,QX-HHD-023,165
B-09,2026-05-06,QX-DRK-024,168
B-09,2026-05-06,QX-FRZ-025,2
B-09,2026-05-06,QX-PRO-026,181
B-09,2026-05-06,QX-HBC-027,175
B-09,2026-05-06,QX-HHD-028,11
B-09,2026-05-06,QX-HHD-029,163
B-09,2026-05-06,QX-DRY-030,101
B-09,2026-05-06,QX-HBC-031,39
B-09,2026-05-06,QX-DRK-032,19
B-09,2026-05-06,QX-TIN-033,171
B-09,2026-05-06,QX-HHD-034,78
B-09,2026-05-06,QX-TIN-035,143
B-09,2026-05-06,QX-BAK-036,239
B-09,2026-05-06,QX-TIN-038,82
B-09,2026-05-06,QX-PRO-039,192
B-09,2026-05-06,QX-HBC-040,235
B-09,2026-05-06,QX-DRY-041,90
B-09,2026-05-06,QX-DRK-042,95
B-09,2026-05-06,QX-FRZ-043,159
B-09,2026-05-06,QX-CER-044,185
B-09,2026-05-06,QX-HHD-045,90
B-09,2026-05-06,QX-BAK-046,48
B-09,2026-05-06,QX-CER-047,162
B-09,2026-05-06,QX-HBC-048,169
B-09,2026-05-06,QX-HBC-049,103
B-09,2026-05-06,QX-BWS-050,62
B-09,2026-05-06,QX-PET-052,82
B-09,2026-05-06,QX-FRZ-053,99
B-09,2026-05-06,QX-FRZ-056,69
B-09,2026-05-06,QX-FRZ-057,138
B-09,2026-05-06,QX-DRY-058,26
B-09,2026-05-06,QX-PET-059,199
B-09,2026-05-06,QX-FRZ-060,201
B-09,2026-05-06,QX-BWS-061,239
B-09,2026-05-06,QX-BWS-062,41
B-09,2026-05-06,QX-HHD-063,45
B-09,2026-05-06,QX-FRZ-064,61
B-09,2026-05-06,QX-PET-065,77
B-09,2026-05-06,QX-TIN-066,125
B-09,2026-05-06,QX-HBC-067,149
B-09,2026-05-06,QX-TIN-068,55
B-09,2026-05-06,QX-CER-069,93
B-09,2026-05-06,QX-DRY-070,101
B-09,2026-05-06,QX-DRK-071,189
B-09,2026-05-06,QX-FRZ-072,170
B-09,2026-05-06,QX-HHD-073,15
B-09,2026-05-06,QX-BWS-074,14
B-09,2026-05-06,QX-DRY-075,66
B-09,2026-05-06,QX-DRK-076,206
B-09,2026-05-06,QX-CER-077,40
B-09,2026-05-06,QX-HBC-078,89
B-09,2026-05-06,QX-PRO-079,182
B-09,2026-05-06,QX-FRZ-080,160
B-09,2026-05-06,QX-BWS-081,60
B-09,2026-05-06,QX-CER-082,182
B-09,2026-05-06,QX-DRY-083,17
B-09,2026-05-06,QX-DRY-084,162
B-09,2026-05-06,QX-DRK-085,121
B-09,2026-05-06,QX-HHD-086,
B-09,2026-05-06,QX-BWS-087,118
B-09,2026-05-06,QX-TIN-088,30
B-09,2026-05-06,QX-HBC-089,215
B-09,2026-05-06,QX-PET-090,42
B-09,2026-05-06,QX-CHL-091,144
B-09,2026-05-06,QX-TIN-092,99
B-09,2026-05-06,QX-CER-093,12
B-09,2026-05-06,QX-FRZ-094,224
B-09,2026-05-06,QX-DRK-095,72
B-09,2026-05-06,QX-HHD-096,232
B-09,2026-05-06,QX-FRZ-097,136
B-09,2026-05-06,QX-HBC-098,59
B-09,2026-05-06,QX-BAK-099,207
B-09,2026-05-06,QX-HHD-100,59
B-09,2026-05-06,QX-PET-101,240
B-09,2026-05-06,QX-DRY-104,61
B-09,2026-05-06,QX-BAK-105,41
B-09,2026-05-06,QX-FRZ-106,48
B-09,2026-05-06,QX-HBC-107,188
B-09,2026-05-06,QX-CER-108,211
B-09,2026-05-06,QX-DRY-109,237
B-09,2026-05-06,QX-TIN-110,235
B-09,2026-05-06,QX-BWS-111,225
B-09,2026-05-06,QX-DRY-112,117
B-09,2026-05-06,QX-DRK-113,92
B-09,2026-05-06,QX-BWS-114,125
B-09,2026-05-06,QX-DRK-115,79
B-09,2026-05-06,QX-BWS-116,36
B-09,2026-05-06,QX-HHD-117,140
B-09,2026-05-06,QX-DRK-118,45
B-09,2026-05-06,QX-HHD-119,95
B-09,2026-05-06,QX-BAK-120,172
B-09,2026-05-06,QX-PRO-121,77
B-09,2026-05-06,QX-TIN-122,146
B-09,2026-05-06,QX-PET-123,
B-09,2026-05-06,QX-DRK-124,80
B-09,2026-05-06,QX-HBC-125,45
B-09,2026-05-06,QX-DRY-126,98
B-09,2026-05-06,QX-BAK-127,69
B-09,2026-05-06,QX-PRO-128,148
B-09,2026-05-06,QX-BWS-129,103
B-09,2026-05-06,QX-DRK-130,6
B-09,2026-05-06,QX-PET-131,96
B-09,2026-05-06,QX-CER-132,143
B-09,2026-05-06,QX-DRK-133,16
B-09,2026-05-06,QX-CER-134,237
B-09,2026-05-06,QX-BWS-135,12
B-09,2026-05-06,QX-CHL-136,25
B-09,2026-05-06,QX-TIN-137,185
B-09,2026-05-06,QX-BWS-138,82
B-09,2026-05-06,QX-HHD-139,141
B-09,2026-05-06,QX-TIN-140,200
B-09,2026-05-06,QX-DRY-141,114
B-09,2026-05-06,QX-DRK-142,217
B-09,2026-05-06,QX-FRZ-143,160
B-09,2026-05-06,QX-DRK-144,32
B-09,2026-05-06,QX-FRZ-145,56
B-09,2026-05-06,QX-PRO-146,179
B-09,2026-05-06,QX-CHL-147,158
B-09,2026-05-06,QX-HBC-148,
B-09,2026-05-06,QX-TIN-149,234
B-09,2026-05-06,QX-PRO-150,33
B-09,2026-05-06,QX-BWS-151,214
B-09,2026-05-06,QX-DRK-152,182
B-09,2026-05-06,QX-TIN-153,60
B-09,2026-05-06,QX-BAK-155,92
B-09,2026-05-06,QX-DRY-156,44
B-09,2026-05-06,QX-PRO-157,118
B-09,2026-05-06,QX-DRY-158,202
B-09,2026-05-06,QX-TIN-159,231
B-09,2026-05-06,QX-CHL-160,188
B-09,2026-05-06,QX-FRZ-161,50
B-09,2026-05-06,QX-BWS-162,193
B-09,2026-05-06,QX-PRO-163,178
B-09,2026-05-06,QX-DRK-164,193
B-09,2026-05-06,QX-BAK-165,
B-09,2026-05-06,QX-BWS-167,8
B-09,2026-05-06,QX-HHD-168,103
B-09,2026-05-06,QX-HBC-169,212
B-09,2026-05-06,QX-HHD-170,30
B-09,2026-05-06,QX-PRO-171,147
B-09,2026-05-06,QX-CHL-172,10
B-09,2026-05-06,QX-HHD-173,46
B-09,2026-05-06,QX-BAK-174,81
B-09,2026-05-06,QX-TIN-175,219
B-09,2026-05-06,QX-DRK-176,177
B-09,2026-05-06,QX-DRK-177,25
B-09,2026-05-06,QX-CER-178,150
B-09,2026-05-06,QX-HHD-179,163
B-09,2026-05-06,QX-CHL-180,210
B-09,2026-05-06,QX-PET-181,51
B-09,2026-05-06,QX-HHD-182,78
B-09,2026-05-06,QX-DRY-183,101
B-09,2026-05-06,QX-BAK-184,141
B-09,2026-05-06,QX-FRZ-185,210
B-09,2026-05-06,QX-CHL-186,134
B-09,2026-05-06,QX-HBC-187,31
B-09,2026-05-06,QX-BAK-188,195
B-09,2026-05-06,QX-HBC-189,237
B-09,2026-05-06,QX-DRY-191,214
B-09,2026-05-06,QX-PET-192,10
B-09,2026-05-06,QX-DRY-193,168
B-09,2026-05-06,QX-HBC-194,66
B-09,2026-05-06,QX-CHL-195,220
B-09,2026-05-06,QX-DRY-196,122
B-09,2026-05-06,QX-HHD-197,110
B-09,2026-05-06,QX-BAK-198,117
B-09,2026-05-06,QX-DRY-199,34
B-09,2026-05-06,QX-PRO-200,21
B-09,2026-05-06,QX-TIN-202,63
B-09,2026-05-06,QX-HHD-203,145
B-09,2026-05-06,QX-CHL-205,229
B-09,2026-05-06,QX-HHD-206,182
B-09,2026-05-06,QX-CHL-207,
B-09,2026-05-06,QX-HBC-208,7
B-09,2026-05-06,QX-DRK-209,172
B-09,2026-05-06,QX-TIN-210,62
B-09,2026-05-06,QX-CHL-211,156
B-09,2026-05-06,QX-CER-213,32
B-09,2026-05-06,QX-BAK-217,85
B-09,2026-05-06,QX-HBC-220,10
B-09,2026-05-06,QX-PET-221,117
B-09,2026-05-06,QX-HBC-222,100
B-09,2026-05-06,QX-DRY-224,117
B-09,2026-05-06,QX-HHD-225,192
B-09,2026-05-06,QX-CER-228,56
B-09,2026-05-06,QX-HHD-229,215
B-09,2026-05-06,QX-BWS-230,39
B-09,2026-05-06,QX-HHD-231,80
B-09,2026-05-06,QX-CHL-232,
B-09,2026-05-06,QX-CHL-233,60
B-09,2026-05-06,QX-PET-234,146
B-09,2026-05-06,QX-BAK-235,52
B-09,2026-05-06,QX-BWS-236,229
B-09,2026-05-06,QX-BWS-237,182
B-09,2026-05-06,QX-HHD-238,3
B-09,2026-05-06,QX-FRZ-240,83
B-09,2026-05-06,QX-DRY-241,98
B-09,2026-05-06,QX-CHL-242,61
B-09,2026-05-06,QX-DRK-243,60
B-09,2026-05-06,QX-DRK-244,233
B-09,2026-05-06,QX-CER-245,6
B-09,2026-05-06,QX-CHL-246,102
B-09,2026-05-06,QX-DRY-247,138
B-09,2026-05-06,QX-HBC-248,30
B-09,2026-05-06,QX-HHD-249,203
B-09,2026-05-06,QX-CER-250,39
B-09,2026-05-06,QX-CER-251,33
B-09,2026-05-06,QX-BAK-252,0
B-09,2026-05-06,QX-CHL-253,26
B-09,2026-05-06,QX-BAK-254,218
B-09,2026-05-06,QX-FRZ-255,197
B-09,2026-05-06,QX-DRK-256,231
B-09,2026-05-06,QX-TIN-257,132
B-09,2026-05-06,QX-DRY-258,76
B-09,2026-05-06,QX-DRK-259,223
B-09,2026-05-06,QX-PET-260,56
B-09,2026-05-06,QX-DRY-261,135
B-09,2026-05-06,QX-FRZ-262,47
B-09,2026-05-06,QX-HHD-263,139
B-09,2026-05-06,QX-CER-264,54
B-09,2026-05-06,QX-BWS-265,76
B-09,2026-05-06,QX-BAK-268,109
B-09,2026-05-06,QX-PET-269,131
B-09,2026-05-06,QX-BWS-270,48
B-09,2026-05-06,QX-BWS-271,102
B-09,2026-05-06,QX-CER-272,216
B-09,2026-05-06,QX-PRO-273,42
B-09,2026-05-06,QX-DRY-274,77
B-09,2026-05-06,QX-BAK-275,103
B-09,2026-05-06,QX-CER-276,88
B-09,2026-05-06,QX-TIN-277,170
B-09,2026-05-06,QX-TIN-278,74
B-09,2026-05-06,QX-DRK-279,224
B-09,2026-05-06,QX-HBC-280,45
B-09,2026-05-06,QX-BWS-281,202
B-09,2026-05-06,QX-DRY-282,8
B-09,2026-05-06,QX-PET-284,30
B-09,2026-05-06,QX-CER-285,202
B-09,2026-05-06,QX-HHD-286,85
B-09,2026-05-06,QX-CER-288,39
B-09,2026-05-06,QX-FRZ-290,101
B-09,2026-05-06,QX-DRK-291,39
B-09,2026-05-06,QX-HBC-294,88
B-09,2026-05-06,QX-HHD-295,18
B-09,2026-05-06,QX-CER-296,93
B-09,2026-05-06,QX-HBC-297,223
B-09,2026-05-06,QX-TIN-298,147
B-09,2026-05-06,QX-CHL-299,96
B-09,2026-05-06,QX-BWS-300,150
B-09,2026-05-06,QX-HBC-303,231
B-09,2026-05-06,QX-CHL-304,0
B-09,2026-05-06,QX-DRY-305,88
B-09,2026-05-06,QX-PRO-306,210
B-09,2026-05-06,QX-HBC-307,195
B-09,2026-05-06,QX-HHD-308,19
B-09,2026-05-06,QX-BWS-311,236
B-09,2026-05-06,QX-DRK-312,200
B-09,2026-05-06,QX-CHL-313,92
B-09,2026-05-06,QX-PRO-315,225
B-09,2026-05-06,QX-BAK-316,142
B-09,2026-05-06,QX-TIN-317,57
B-09,2026-05-06,QX-CHL-318,37
B-09,2026-05-06,QX-BWS-319,19
B-09,2026-05-06,QX-PRO-320,55
B-09,2026-05-06,QX-BAK-321,17
B-09,2026-05-06,QX-PET-322,115
B-09,2026-05-06,QX-PET-323,214
B-09,2026-05-06,QX-DRY-324,119
B-09,2026-05-06,QX-PET-325,23
B-09,2026-05-06,QX-DRK-327,20
B-09,2026-05-06,QX-CHL-328,151
B-09,2026-05-06,QX-HBC-329,163
B-09,2026-05-06,QX-DRK-330,67
B-09,2026-05-06,QX-HBC-331,19
B-09,2026-05-06,QX-TIN-332,237
B-09,2026-05-06,QX-BWS-333,182
B-09,2026-05-06,QX-BWS-334,75
B-09,2026-05-06,QX-PET-335,113
B-09,2026-05-06,QX-CHL-336,16
B-09,2026-05-06,QX-CER-337,128
B-09,2026-05-06,QX-DRK-338,75
B-09,2026-05-06,QX-BAK-339,4
B-09,2026-05-06,QX-PRO-341,174
B-09,2026-05-06,QX-BWS-342,4
B-09,2026-05-06,QX-BWS-343,228
B-09,2026-05-06,QX-HBC-345,39
B-09,2026-05-06,QX-BAK-347,207
B-09,2026-05-06,QX-DRY-348,129
B-09,2026-05-06,QX-BWS-350,87
B-09,2026-05-06,QX-HBC-351,110
B-09,2026-05-06,QX-DRK-352,55
B-09,2026-05-06,QX-TIN-353,219
B-09,2026-05-06,QX-CHL-354,19
B-09,2026-05-06,QX-TIN-355,178
B-09,2026-05-06,QX-DRK-356,156
B-09,2026-05-06,QX-HBC-357,9
B-09,2026-05-06,QX-DRY-358,100
B-09,2026-05-06,QX-FRZ-359,74
B-09,2026-05-06,QX-DRY-361,5
B-09,2026-05-06,QX-PET-362,143
B-09,2026-05-06,QX-HHD-364,106
B-09,2026-05-06,QX-DRY-365,28
B-09,2026-05-06,QX-DRY-366,34
B-09,2026-05-06,QX-FRZ-368,36
B-09,2026-05-06,QX-CER-369,149
B-09,2026-05-06,QX-TIN-370,166
B-09,2026-05-06,QX-CER-371,93
B-09,2026-05-06,QX-PRO-373,174
B-09,2026-05-06,QX-DRK-374,182
B-09,2026-05-06,QX-DRK-376,68
B-09,2026-05-06,QX-HHD-377,8
B-09,2026-05-06,QX-TIN-379,162
B-09,2026-05-06,QX-DRK-380,153
B-09,2026-05-06,QX-BWS-381,44
B-09,2026-05-06,QX-BWS-382,81
B-09,2026-05-06,QX-CER-383,39
B-09,2026-05-06,QX-CER-384,93
B-09,2026-05-06,QX-HBC-385,106
B-09,2026-05-06,QX-CER-386,157
B-09,2026-05-06,QX-BWS-388,212
B-09,2026-05-06,QX-CHL-389,232
B-09,2026-05-06,QX-DRK-390,138
B-09,2026-05-06,QX-CHL-391,32
B-09,2026-05-06,QX-CER-392,48
B-09,2026-05-06,QX-DRK-393,208
B-09,2026-05-06,QX-BWS-395,35
B-09,2026-05-06,QX-BWS-397,164
B-09,2026-05-06,QX-PET-399,19
B-09,2026-05-06,QX-DRY-400,41
B-09,2026-05-06,QX-DRY-401,148
B-09,2026-05-06,QX-DRK-402,97
B-09,2026-05-06,QX-CER-403,204
B-09,2026-05-06,QX-BAK-404,148
B-09,2026-05-06,QX-CHL-405,28
B-09,2026-05-06,QX-DRK-406,55
B-09,2026-05-06,QX-HBC-407,22
B-09,2026-05-06,QX-BAK-408,170
B-09,2026-05-06,QX-HHD-409,176
B-09,2026-05-06,QX-PET-410,194
B-09,2026-05-06,QX-BAK-411,52
B-09,2026-05-06,QX-PRO-412,208
B-09,2026-05-06,QX-CHL-413,
B-09,2026-05-06,QX-BAK-414,208
B-09,2026-05-06,QX-DRY-415,232
B-09,2026-05-06,QX-DRY-416,136
B-09,2026-05-06,QX-TIN-417,35
B-09,2026-05-06,QX-PRO-418,122
B-09,2026-05-06,QX-PET-420,169
B-09,2026-05-06,QX-HHD-422,168
B-09,2026-05-06,QX-CER-423,133
B-09,2026-05-06,QX-BWS-424,119
B-09,2026-05-06,QX-PRO-425,120
B-09,2026-05-06,QX-CHL-426,167
B-09,2026-05-06,QX-BWS-428,25
B-09,2026-05-06,QX-DRY-429,131
B-09,2026-05-06,QX-HBC-430,67
B-09,2026-05-06,QX-PET-431,120
B-09,2026-05-06,QX-PET-432,148
B-09,2026-05-06,QX-TIN-434,66
B-09,2026-05-06,QX-FRZ-435,61
B-09,2026-05-06,QX-CER-436,59
B-09,2026-05-06,QX-TIN-437,61
B-09,2026-05-06,QX-CER-438,147
B-09,2026-05-06,QX-CHL-439,114
B-09,2026-05-06,QX-CHL-440,85
B-09,2026-05-06,QX-DRY-441,152
B-09,2026-05-06,QX-DRY-442,59
B-09,2026-05-06,QX-FRZ-443,236
B-09,2026-05-06,QX-DRK-444,53
B-09,2026-05-06,QX-FRZ-445,203
B-09,2026-05-06,QX-CER-446,154
B-09,2026-05-06,QX-CER-447,72
B-09,2026-05-06,QX-CHL-448,120
B-09,2026-05-06,QX-BAK-449,218
B-09,2026-05-06,QX-CER-451,8
B-09,2026-05-06,QX-DRY-452,27
B-04,2026-05-06,QX-CER-001,154
B-04,2026-05-06,QX-CER-002,80
B-04,2026-05-06,QX-DRK-014,131
B-04,2026-05-06,QX-DRK-021,172
B-04,2026-05-06,QX-TIN-032,213
B-04,2026-05-06,QX-TIN-045,124
B-04,2026-05-06,QX-DRY-184,94
B-04,2026-05-06,QX-CHL-007,80
B-04,2026-05-06,QX-FRZ-112,103
B-04,2026-05-06,QX-CHL-200,13
B-04,2026-05-06,QX-DRY-201,165
B-04,2026-05-06,QX-BAK-202,20
B-04,2026-05-06,QX-TIN-203,195
B-04,2026-05-06,QX-BWS-204,73
B-04,2026-05-06,QX-BAK-205,102
B-04,2026-05-06,QX-PET-206,131
B-04,2026-05-06,QX-CER-207,69
B-04,2026-05-06,QX-CER-208,126
B-04,2026-05-06,QX-BWS-209,90
B-04,2026-05-06,QX-PRO-210,74
B-04,2026-05-06,QX-FRZ-211,64
B-04,2026-05-06,QX-PET-212,86
B-04,2026-05-06,QX-PRO-213,82
B-04,2026-05-06,QX-FRZ-214,166
B-04,2026-05-06,QX-CHL-215,176
B-04,2026-05-06,QX-CHL-216,29
B-04,2026-05-06,QX-PET-217,233
B-04,2026-05-06,QX-PRO-218,166
B-04,2026-05-06,QX-TIN-219,105
B-04,2026-05-06,QX-HHD-220,184
B-04,2026-05-06,QX-DRK-221,38
B-04,2026-05-06,QX-CER-222,32
B-04,2026-05-06,QX-TIN-223,61
B-04,2026-05-06,QX-DRK-224,240
B-04,2026-05-06,QX-FRZ-225,88
B-04,2026-05-06,QX-CER-226,88
B-04,2026-05-06,QX-TIN-227,164
B-04,2026-05-06,QX-DRY-228,145
B-04,2026-05-06,QX-PRO-229,25
B-04,2026-05-06,QX-CHL-230,40
B-04,2026-05-06,QX-CHL-231,75
B-04,2026-05-06,QX-PET-232,106
B-04,2026-05-06,QX-BAK-233,101
B-04,2026-05-06,QX-HBC-234,131
B-04,2026-05-06,QX-HHD-235,94
B-04,2026-05-06,QX-HHD-236,226
B-04,2026-05-06,QX-HHD-237,192
B-04,2026-05-06,QX-BWS-238,197
B-04,2026-05-06,QX-FRZ-239,175
B-04,2026-05-06,QX-HBC-240,50
B-04,2026-05-06,QX-TIN-241,227
B-04,2026-05-06,QX-PET-242,191
B-04,2026-05-06,QX-DRY-243,166
B-04,2026-05-06,QX-PRO-244,52
B-04,2026-05-06,QX-HBC-245,83
B-04,2026-05-06,QX-BWS-246,62
B-04,2026-05-06,QX-HHD-247,215
B-04,2026-05-06,QX-CER-248,188
B-04,2026-05-06,QX-FRZ-249,140
B-04,2026-05-06,QX-DRY-250,
B-04,2026-05-06,QX-FRZ-251,206
B-04,2026-05-06,QX-HHD-252,164
B-04,2026-05-06,QX-BWS-253,57
B-04,2026-05-06,QX-DRY-254,72
B-04,2026-05-06,QX-HHD-255,84
B-04,2026-05-06,QX-CER-256,68
B-04,2026-05-06,QX-CHL-257,73
B-04,2026-05-06,QX-TIN-258,227
B-04,2026-05-06,QX-FRZ-259,49
B-04,2026-05-06,QX-HHD-260,218
B-04,2026-05-06,QX-DRK-261,38
B-04,2026-05-06,QX-PRO-262,212
B-04,2026-05-06,QX-BWS-263,27
B-04,2026-05-06,QX-DRY-264,49
B-04,2026-05-06,QX-HBC-265,12
B-04,2026-05-06,QX-HBC-266,5
B-04,2026-05-06,QX-CER-267,109
B-04,2026-05-06,QX-HBC-268,118
B-04,2026-05-06,QX-BWS-269,100
B-04,2026-05-06,QX-TIN-270,68
B-04,2026-05-06,QX-TIN-271,194
B-04,2026-05-06,QX-BAK-272,128
B-04,2026-05-06,QX-FRZ-273,87
B-04,2026-05-06,QX-CER-274,192
B-04,2026-05-06,QX-CER-275,170
B-04,2026-05-06,QX-DRY-276,87
B-04,2026-05-06,QX-PET-277,236
B-04,2026-05-06,QX-DRY-278,157
B-04,2026-05-06,QX-DRY-279,20
B-04,2026-05-06,QX-DRK-280,122
B-04,2026-05-06,QX-CHL-281,
B-04,2026-05-06,QX-CER-282,222
B-04,2026-05-06,QX-HBC-283,178
B-04,2026-05-06,QX-HBC-284,204
B-04,2026-05-06,QX-DRK-285,79
B-04,2026-05-06,QX-HBC-286,24
B-04,2026-05-06,QX-CHL-287,199
B-04,2026-05-06,QX-TIN-288,63
B-04,2026-05-06,QX-FRZ-289,
B-04,2026-05-06,QX-PRO-290,52
B-04,2026-05-06,QX-PRO-291,3
B-04,2026-05-06,QX-BWS-292,77
B-04,2026-05-06,QX-DRY-293,23
B-04,2026-05-06,QX-BAK-294,11
B-04,2026-05-06,QX-BAK-295,186
B-04,2026-05-06,QX-DRK-296,133
B-04,2026-05-06,QX-BAK-297,13
B-04,2026-05-06,QX-PET-298,17
B-04,2026-05-06,QX-BAK-299,165
B-04,2026-05-06,QX-TIN-300,34
B-04,2026-05-06,QX-BWS-301,9
B-04,2026-05-06,QX-BWS-302,
B-04,2026-05-06,QX-BAK-303,213
B-04,2026-05-06,QX-DRY-304,97
B-04,2026-05-06,QX-FRZ-305,32
B-04,2026-05-06,QX-FRZ-306,133
B-04,2026-05-06,QX-BAK-307,128
B-04,2026-05-06,QX-DRY-308,60
B-04,2026-05-06,QX-DRY-309,231
B-04,2026-05-06,QX-HHD-310,52
B-04,2026-05-06,QX-DRY-311,73
B-04,2026-05-06,QX-DRY-312,39
B-04,2026-05-06,QX-TIN-313,215
B-04,2026-05-06,QX-HBC-314,90
B-04,2026-05-06,QX-HHD-315,13
B-04,2026-05-06,QX-DRY-316,163
B-04,2026-05-06,QX-FRZ-317,44
B-04,2026-05-06,QX-HHD-318,53
B-04,2026-05-06,QX-DRY-319,145
B-04,2026-05-06,QX-HBC-320,11
B-04,2026-05-06,QX-CER-321,180
B-04,2026-05-06,QX-CHL-322,146
B-04,2026-05-06,QX-CER-323,142
B-04,2026-05-06,QX-BWS-324,98
B-04,2026-05-06,QX-TIN-325,143
B-04,2026-05-06,QX-CER-326,225
B-04,2026-05-06,QX-BWS-327,145
B-04,2026-05-06,QX-HHD-328,194
B-04,2026-05-06,QX-FRZ-329,91
B-04,2026-05-06,QX-FRZ-330,48
B-04,2026-05-06,QX-CER-331,23
B-04,2026-05-06,QX-HBC-332,223
B-04,2026-05-06,QX-PET-333,93
B-04,2026-05-06,QX-BAK-334,5
B-04,2026-05-06,QX-BAK-335,81
B-04,2026-05-06,QX-CER-336,184
B-04,2026-05-06,QX-HHD-337,120
B-04,2026-05-06,QX-CER-338,133
B-04,2026-05-06,QX-DRY-339,227
B-04,2026-05-06,QX-BAK-340,102
B-04,2026-05-06,QX-DRK-341,27
B-04,2026-05-06,QX-BAK-342,107
B-04,2026-05-06,QX-CHL-343,220
B-04,2026-05-06,QX-HBC-344,133
B-04,2026-05-06,QX-TIN-345,102
B-04,2026-05-06,QX-HHD-346,220
B-04,2026-05-06,QX-TIN-347,77
B-04,2026-05-06,QX-CER-348,107
B-04,2026-05-06,QX-TIN-349,239
B-04,2026-05-06,QX-FRZ-350,228
B-04,2026-05-06,QX-DRY-351,198
B-04,2026-05-06,QX-PET-352,125
B-04,2026-05-06,QX-CER-353,141
B-04,2026-05-06,QX-PRO-354,63
B-04,2026-05-06,QX-PET-355,119
B-04,2026-05-06,QX-PET-356,132
B-04,2026-05-06,QX-DRY-357,68
B-04,2026-05-06,QX-CHL-358,108
B-04,2026-05-06,QX-CHL-359,23
B-04,2026-05-06,QX-BWS-360,201
B-04,2026-05-06,QX-CHL-361,159
B-04,2026-05-06,QX-CER-362,209
B-04,2026-05-06,QX-DRK-363,202
B-04,2026-05-06,QX-FRZ-364,235
B-04,2026-05-06,QX-HBC-365,154
B-04,2026-05-06,QX-BWS-366,97
B-04,2026-05-06,QX-BAK-367,5
B-04,2026-05-06,QX-DRK-368,212
B-04,2026-05-06,QX-HHD-369,234
B-04,2026-05-06,QX-PRO-370,146
B-04,2026-05-06,QX-TIN-371,154
B-04,2026-05-06,QX-BWS-372,31
B-04,2026-05-06,QX-DRY-373,82
B-04,2026-05-06,QX-PET-374,38
B-04,2026-05-06,QX-CHL-375,20
B-04,2026-05-06,QX-HBC-376,
B-04,2026-05-06,QX-TIN-377,2
B-04,2026-05-06,QX-HBC-378,142
B-04,2026-05-06,QX-CER-379,177
B-04,2026-05-06,QX-HHD-380,144
B-04,2026-05-06,QX-HBC-381,82
B-04,2026-05-06,QX-TIN-382,220
B-04,2026-05-06,QX-BWS-383,185
B-04,2026-05-06,QX-CHL-384,30
B-04,2026-05-06,QX-PET-385,51
B-04,2026-05-06,QX-BAK-386,173
B-04,2026-05-06,QX-DRK-387,161
B-04,2026-05-06,QX-CHL-388,189
B-04,2026-05-06,QX-FRZ-389,99
B-04,2026-05-06,QX-TIN-390,183
B-04,2026-05-06,QX-BWS-391,69
B-04,2026-05-06,QX-HHD-392,50
B-04,2026-05-06,QX-FRZ-393,40
B-04,2026-05-06,QX-HHD-394,202
B-04,2026-05-06,QX-HHD-395,172
B-04,2026-05-06,QX-HBC-396,
B-04,2026-05-06,QX-HHD-397,114
B-04,2026-05-06,QX-TIN-398,154
B-04,2026-05-06,QX-CHL-399,202
B-04,2026-05-06,QX-DRK-400,54
B-04,2026-05-06,QX-CER-401,175
B-04,2026-05-06,QX-BWS-402,90
B-04,2026-05-06,QX-PRO-403,172
B-04,2026-05-06,QX-TIN-404,205
B-04,2026-05-06,QX-BWS-405,214
B-04,2026-05-06,QX-HBC-406,116
B-04,2026-05-06,QX-DRK-407,76
B-04,2026-05-06,QX-PRO-408,233
B-04,2026-05-06,QX-PRO-409,116
B-04,2026-05-06,QX-FRZ-410,142
B-04,2026-05-06,QX-PRO-411,211
B-04,2026-05-06,QX-DRK-412,221
B-04,2026-05-06,QX-BAK-413,214
B-04,2026-05-06,QX-TIN-414,182
B-04,2026-05-06,QX-PRO-415,131
B-04,2026-05-06,QX-HBC-416,40
B-04,2026-05-06,QX-CER-417,103
B-04,2026-05-06,QX-FRZ-418,97
B-04,2026-05-06,QX-HHD-419,185
B-04,2026-05-06,QX-CHL-420,210
B-04,2026-05-06,QX-DRY-421,235
B-04,2026-05-06,QX-PET-422,174
B-04,2026-05-06,QX-DRY-423,45
B-04,2026-05-06,QX-CHL-424,235
B-04,2026-05-06,QX-PET-425,220
B-04,2026-05-06,QX-DRY-426,148
B-04,2026-05-06,QX-BAK-427,235
B-04,2026-05-06,QX-PRO-428,47
B-04,2026-05-06,QX-DRK-429,149
B-04,2026-05-06,QX-DRK-430,177
B-04,2026-05-06,QX-HHD-431,177
B-04,2026-05-06,QX-PRO-432,150
B-04,2026-05-06,QX-CHL-433,90
B-04,2026-05-06,QX-PRO-434,123
B-04,2026-05-06,QX-CER-435,132
B-04,2026-05-06,QX-TIN-436,176
B-04,2026-05-06,QX-BAK-437,83
B-04,2026-05-06,QX-HBC-438,208
B-04,2026-05-06,QX-FRZ-439,46
B-04,2026-05-06,QX-DRK-440,162
B-04,2026-05-06,QX-BAK-441,196
B-04,2026-05-06,QX-FRZ-442,220
B-04,2026-05-06,QX-BAK-443,184
B-04,2026-05-06,QX-CER-444,190
B-04,2026-05-06,QX-CHL-445,202
B-04,2026-05-06,QX-PRO-446,61
B-04,2026-05-06,QX-BAK-447,130
B-04,2026-05-06,QX-PRO-448,72
B-04,2026-05-06,QX-HBC-449,58
B-04,2026-05-06,QX-CER-450,65
B-04,2026-05-06,QX-FRZ-451,93
B-04,2026-05-06,QX-BAK-452,236
B-04,2026-05-06,QX-FRZ-453,23
B-04,2026-05-06,QX-PET-454,52
B-04,2026-05-06,QX-CER-455,167
B-04,2026-05-06,QX-HBC-456,172
B-04,2026-05-06,QX-PET-457,171
B-04,2026-05-06,QX-BAK-458,73
B-04,2026-05-06,QX-HBC-459,212
B-04,2026-05-06,QX-PET-460,21
B-04,2026-05-06,QX-BWS-461,174
B-04,2026-05-06,QX-HBC-462,47
B-04,2026-05-06,QX-PET-463,94
B-04,2026-05-06,QX-DRK-464,155
B-04,2026-05-06,QX-CHL-465,213
B-04,2026-05-06,QX-CER-466,189
B-04,2026-05-06,QX-PET-467,174
B-04,2026-05-06,QX-DRK-468,28
B-04,2026-05-06,QX-PRO-469,96
B-04,2026-05-06,QX-HHD-470,60
B-04,2026-05-06,QX-CER-471,150
B-04,2026-05-06,QX-CER-472,57
B-04,2026-05-06,QX-PET-473,94
B-04,2026-05-06,QX-CER-474,142
B-04,2026-05-06,QX-FRZ-475,104
B-04,2026-05-06,QX-DRY-476,125
B-04,2026-05-06,QX-TIN-477,79
B-04,2026-05-06,QX-PRO-478,118
B-04,2026-05-06,QX-BWS-479,195
B-04,2026-05-06,QX-CER-480,142
B-04,2026-05-06,QX-BWS-481,48
B-04,2026-05-06,QX-PRO-482,159
B-04,2026-05-06,QX-CHL-483,218
B-04,2026-05-06,QX-PRO-484,210
B-04,2026-05-06,QX-PRO-485,84
B-04,2026-05-06,QX-BWS-486,166
B-04,2026-05-06,QX-PRO-487,138
B-04,2026-05-06,QX-BAK-488,113
B-04,2026-05-06,QX-DRY-489,151
B-04,2026-05-06,QX-HBC-490,127
B-04,2026-05-06,QX-DRY-491,48
B-04,2026-05-06,QX-BWS-492,15
B-04,2026-05-06,QX-TIN-493,53
B-04,2026-05-06,QX-BAK-494,68
B-04,2026-05-06,QX-CER-495,216
B-04,2026-05-06,QX-BWS-496,203
B-04,2026-05-06,QX-BAK-497,8
B-04,2026-05-06,QX-DRY-498,190
B-04,2026-05-06,QX-DRY-499,114
B-04,2026-05-06,QX-CHL-500,52
B-04,2026-05-06,QX-HBC-501,10
B-04,2026-05-06,QX-DRY-502,176
B-04,2026-05-06,QX-CHL-503,220
B-04,2026-05-06,QX-DRY-504,111
B-04,2026-05-06,QX-BWS-505,232
B-04,2026-05-06,QX-DRY-506,30
B-04,2026-05-06,QX-PET-507,45
B-04,2026-05-06,QX-HHD-508,
B-04,2026-05-06,QX-DRY-509,230
B-04,2026-05-06,QX-PET-510,31
B-04,2026-05-06,QX-HHD-511,117
B-04,2026-05-06,QX-BAK-512,234
B-04,2026-05-06,QX-DRK-513,163
B-04,2026-05-06,QX-CER-514,109
B-04,2026-05-06,QX-PET-515,73
B-04,2026-05-06,QX-HHD-516,198
B-04,2026-05-06,QX-BAK-517,228
B-04,2026-05-06,QX-CER-518,222
B-04,2026-05-06,QX-BAK-519,190
B-04,2026-05-06,QX-CER-520,239
B-04,2026-05-06,QX-DRK-521,102
B-04,2026-05-06,QX-CER-522,68
B-04,2026-05-06,QX-FRZ-523,70
B-04,2026-05-06,QX-DRY-524,93
B-04,2026-05-06,QX-TIN-525,23
B-04,2026-05-06,QX-DRY-526,146
B-04,2026-05-06,QX-PRO-527,4
B-04,2026-05-06,QX-PRO-528,71
B-04,2026-05-06,QX-PET-529,61
B-04,2026-05-06,QX-FRZ-530,177
B-04,2026-05-06,QX-PRO-531,146
B-04,2026-05-06,QX-PET-532,163
B-04,2026-05-06,QX-CHL-533,53
B-04,2026-05-06,QX-BWS-534,188
B-04,2026-05-06,QX-DRY-535,6
B-04,2026-05-06,QX-DRY-536,175
B-04,2026-05-06,QX-DRK-537,84
B-04,2026-05-06,QX-TIN-538,171
B-04,2026-05-06,QX-PRO-539,154
B-04,2026-05-06,QX-PET-540,42
B-04,2026-05-06,QX-DRY-541,11
B-04,2026-05-06,QX-TIN-542,197
B-04,2026-05-06,QX-BWS-543,158
B-04,2026-05-06,QX-DRK-544,172
B-04,2026-05-06,QX-FRZ-545,122
B-04,2026-05-06,QX-BAK-546,109
B-04,2026-05-06,QX-DRK-547,136
B-04,2026-05-06,QX-HBC-548,100
B-04,2026-05-06,QX-DRY-549,71
B-04,2026-05-06,QX-HHD-550,220
B-04,2026-05-06,QX-HBC-551,137
B-04,2026-05-06,QX-CER-552,123
B-04,2026-05-06,QX-BAK-553,10
B-04,2026-05-06,QX-FRZ-554,78
B-04,2026-05-06,QX-DRK-555,240
B-04,2026-05-06,QX-TIN-556,166
B-04,2026-05-06,QX-BWS-557,57
B-04,2026-05-06,QX-HHD-558,83
B-04,2026-05-06,QX-BAK-559,27
B-04,2026-05-06,QX-TIN-560,78
B-04,2026-05-06,QX-CHL-561,37
B-04,2026-05-06,QX-CHL-562,33
B-04,2026-05-06,QX-FRZ-563,151
B-04,2026-05-06,QX-HBC-564,223
B-04,2026-05-06,QX-TIN-565,237
B-04,2026-05-06,QX-PET-566,218
B-04,2026-05-06,QX-DRK-567,71
B-04,2026-05-06,QX-FRZ-568,189
B-04,2026-05-06,QX-FRZ-569,109
B-04,2026-05-06,QX-DRK-570,195
B-04,2026-05-06,QX-FRZ-571,53
B-04,2026-05-06,QX-DRY-572,33
B-04,2026-05-06,QX-TIN-573,28
B-04,2026-05-06,QX-BAK-574,60
B-04,2026-05-06,QX-HBC-575,58
B-04,2026-05-06,QX-HHD-576,185
B-04,2026-05-06,QX-CER-577,49
B-04,2026-05-06,QX-DRY-578,
B-04,2026-05-06,QX-PET-579,124
B-04,2026-05-06,QX-FRZ-580,65
B-04,2026-05-06,QX-DRY-581,124
B-04,2026-05-06,QX-PET-582,72
B-04,2026-05-06,QX-HBC-583,155
B-04,2026-05-06,QX-DRY-584,230
B-04,2026-05-06,QX-HBC-585,58
B-04,2026-05-06,QX-CHL-586,194
B-04,2026-05-06,QX-TIN-587,49
B-04,2026-05-06,QX-HHD-588,110
B-04,2026-05-06,QX-BAK-589,22
B-04,2026-05-06,QX-DRK-590,
B-04,2026-05-06,QX-BWS-591,109
B-04,2026-05-06,QX-BAK-592,36
B-04,2026-05-06,QX-FRZ-593,13
B-04,2026-05-06,QX-BAK-594,220
B-04,2026-05-06,QX-CHL-595,107
B-04,2026-05-06,QX-BWS-596,145
B-04,2026-05-06,QX-BAK-597,164
B-04,2026-05-06,QX-FRZ-598,153
B-04,2026-05-06,QX-CHL-599,79
B-04,2026-05-06,QX-DRY-600,201
B-04,2026-05-06,QX-HHD-601,44
B-04,2026-05-06,QX-DRY-602,66
B-04,2026-05-06,QX-DRY-603,145
B-04,2026-05-06,QX-HHD-604,120
B-04,2026-05-06,QX-PET-605,181
B-04,2026-05-06,QX-BAK-606,119
B-04,2026-05-06,QX-HHD-607,112
B-04,2026-05-06,QX-HBC-608,76
B-04,2026-05-06,QX-DRK-609,33
B-04,2026-05-06,QX-DRY-610,184
B-04,2026-05-06,QX-CER-611,210
B-04,2026-05-06,QX-HHD-612,168
B-04,2026-05-06,QX-HHD-613,96
B-04,2026-05-06,QX-BWS-614,126
B-04,2026-05-06,QX-BAK-615,149
B-04,2026-05-06,QX-DRK-616,190
B-04,2026-05-06,QX-DRY-617,22
B-04,2026-05-06,QX-HHD-618,125
B-04,2026-05-06,QX-PRO-619,130
B-04,2026-05-06,QX-HBC-620,46
B-04,2026-05-06,QX-BWS-621,45
B-04,2026-05-06,QX-PET-622,45
B-04,2026-05-06,QX-PET-623,188
B-04,2026-05-06,QX-CHL-624,37
B-04,2026-05-06,QX-HBC-625,196
B-04,2026-05-06,QX-BWS-626,196
B-04,2026-05-06,QX-BWS-627,159
B-04,2026-05-06,QX-CER-628,167
B-04,2026-05-06,QX-FRZ-629,153
B-04,2026-05-06,QX-BAK-630,174
B-04,2026-05-06,QX-TIN-631,27
B-04,2026-05-06,QX-PRO-632,25
B-04,2026-05-06,QX-FRZ-633,55
B-04,2026-05-06,QX-DRK-634,185
B-04,2026-05-06,QX-TIN-635,75
B-04,2026-05-06,QX-DRY-636,58
B-04,2026-05-06,QX-BAK-637,196
B-04,2026-05-06,QX-CHL-638,47
B-04,2026-05-06,QX-BWS-639,193
B-04,2026-05-06,QX-FRZ-640,95
B-04,2026-05-06,QX-BWS-641,11
B-04,2026-05-06,QX-DRY-642,153
B-04,2026-05-06,QX-DRK-643,61
B-04,2026-05-06,QX-PRO-644,216
B-04,2026-05-06,QX-BAK-645,173
B-04,2026-05-06,QX-CER-646,95
B-04,2026-05-06,QX-TIN-647,65
B-04,2026-05-06,QX-PRO-648,82
B-04,2026-05-06,QX-TIN-649,81
B-04,2026-05-06,QX-CHL-650,170
B-04,2026-05-06,QX-TIN-651,102
B-04,2026-05-06,QX-PRO-652,96
B-04,2026-05-06,QX-HBC-653,213
B-04,2026-05-06,QX-DRY-654,13
B-04,2026-05-06,QX-HBC-655,88
B-04,2026-05-06,QX-TIN-656,23
B-04,2026-05-06,QX-HBC-657,67
B-04,2026-05-06,QX-BWS-658,5
B-04,2026-05-06,QX-PRO-659,123
B-04,2026-05-06,QX-PRO-660,183
B-04,2026-05-06,QX-BWS-661,39
B-04,2026-05-06,QX-FRZ-662,36
B-04,2026-05-06,QX-HHD-663,90
B-04,2026-05-06,QX-PET-664,73
B-04,2026-05-06,QX-FRZ-665,182
B-04,2026-05-06,QX-BAK-666,149
B-04,2026-05-06,QX-HHD-667,172
B-04,2026-05-06,QX-PET-668,74
B-04,2026-05-06,QX-CHL-669,51
B-04,2026-05-06,QX-HHD-670,65
B-04,2026-05-06,QX-TIN-671,49
B-04,2026-05-06,QX-HHD-672,106
B-04,2026-05-06,QX-FRZ-673,141
B-04,2026-05-06,QX-BAK-674,202
B-04,2026-05-06,QX-BWS-675,144
B-04,2026-05-06,QX-BWS-676,125
B-04,2026-05-06,QX-CHL-677,108
B-04,2026-05-06,QX-DRK-678,208
B-04,2026-05-06,QX-PRO-679,32
B-04,2026-05-06,QX-PET-680,223
B-04,2026-05-06,QX-BWS-681,72
B-04,2026-05-06,QX-BAK-682,233
B-04,2026-05-06,QX-HBC-683,198
B-04,2026-05-06,QX-PET-684,77
B-04,2026-05-06,QX-DRK-685,153
B-04,2026-05-06,QX-BAK-686,
B-04,2026-05-06,QX-DRY-687,118
B-04,2026-05-06,QX-PRO-688,45
B-04,2026-05-06,QX-CER-689,211
B-04,2026-05-06,QX-DRK-690,208
B-04,2026-05-06,QX-PET-691,101
B-04,2026-05-06,QX-CHL-692,12
B-04,2026-05-06,QX-PET-693,210
B-04,2026-05-06,QX-TIN-694,85
B-04,2026-05-06,QX-BAK-695,184
B-04,2026-05-06,QX-DRY-696,
B-04,2026-05-06,QX-TIN-697,10
B-04,2026-05-06,QX-TIN-698,74
B-04,2026-05-06,QX-CHL-699,195
B-04,2026-05-06,QX-HHD-700,163
B-04,2026-05-06,QX-TIN-701,25
B-04,2026-05-06,QX-BAK-702,206
B-04,2026-05-06,QX-BAK-703,205
B-04,2026-05-06,QX-BWS-704,93
B-04,2026-05-06,QX-HBC-705,214
B-04,2026-05-06,QX-BAK-706,5
B-04,2026-05-06,QX-PET-707,43
B-04,2026-05-06,QX-CHL-708,114
B-04,2026-05-06,QX-FRZ-709,43
B-04,2026-05-06,QX-PET-710,148
B-04,2026-05-06,QX-DRK-711,222
B-04,2026-05-06,QX-DRK-712,135
B-04,2026-05-06,QX-BAK-713,86
B-04,2026-05-06,QX-HHD-714,150
B-04,2026-05-06,QX-PET-715,50
B-04,2026-05-06,QX-DRK-716,149
B-04,2026-05-06,QX-HHD-717,30
B-04,2026-05-06,QX-FRZ-718,1
B-04,2026-05-06,QX-BWS-719,
B-04,2026-05-06,QX-DRK-720,100
B-04,2026-05-06,QX-PRO-721,219
B-04,2026-05-06,QX-BAK-722,59
B-04,2026-05-06,QX-CHL-723,57
B-04,2026-05-06,QX-FRZ-724,2
B-04,2026-05-06,QX-DRY-725,165
B-04,2026-05-06,QX-BAK-726,214
B-04,2026-05-06,QX-DRK-727,33
B-04,2026-05-06,QX-BWS-728,30
B-04,2026-05-06,QX-FRZ-729,143
B-04,2026-05-06,QX-HBC-730,176
B-04,2026-05-06,QX-CHL-731,57
B-04,2026-05-06,QX-HBC-732,116
B-04,2026-05-06,QX-PRO-733,95
B-04,2026-05-06,QX-FRZ-734,52
B-04,2026-05-06,QX-DRK-735,210
B-04,2026-05-06,QX-HHD-736,71
B-04,2026-05-06,QX-BAK-737,86
B-04,2026-05-06,QX-BWS-738,74
B-04,2026-05-06,QX-BAK-739,87
B-04,2026-05-06,QX-HBC-740,129
B-04,2026-05-06,QX-CER-741,196
B-04,2026-05-06,QX-PRO-742,88
B-04,2026-05-06,QX-DRK-743,121
B-04,2026-05-06,QX-DRK-744,78
B-04,2026-05-06,QX-FRZ-745,69
B-04,2026-05-06,QX-CHL-746,88
B-04,2026-05-06,QX-CHL-747,101
B-04,2026-05-06,QX-HHD-748,65
B-04,2026-05-06,QX-CHL-749,57
B-04,2026-05-06,QX-BWS-750,230
B-04,2026-05-06,QX-PRO-751,20
B-04,2026-05-06,QX-BAK-752,189
B-04,2026-05-06,QX-CHL-753,134
B-04,2026-05-06,QX-BWS-754,16
B-04,2026-05-06,QX-BWS-755,107
B-04,2026-05-06,QX-FRZ-756,229
B-04,2026-05-06,QX-CER-757,71
B-04,2026-05-06,QX-DRY-758,238
B-04,2026-05-06,QX-CHL-759,174
B-04,2026-05-06,QX-BWS-760,3
B-04,2026-05-06,QX-PRO-761,74
B-04,2026-05-06,QX-DRK-762,158
B-04,2026-05-06,QX-CHL-763,203
B-04,2026-05-06,QX-HHD-764,83
B-04,2026-05-06,QX-BWS-765,100
B-04,2026-05-06,QX-HHD-766,189
B-04,2026-05-06,QX-DRY-767,238
B-04,2026-05-06,QX-TIN-768,54
B-04,2026-05-06,QX-DRY-769,175
B-04,2026-05-06,QX-CER-770,17
B-04,2026-05-06,QX-FRZ-771,114
B-04,2026-05-06,QX-BWS-772,27
B-04,2026-05-06,QX-PRO-773,153
B-04,2026-05-06,QX-BAK-774,94
B-04,2026-05-06,QX-BAK-775,132
B-04,2026-05-06,QX-PET-776,91
B-04,2026-05-06,QX-CER-777,37
B-04,2026-05-06,QX-BWS-778,214
B-04,2026-05-06,QX-HBC-779,108
B-04,2026-05-06,QX-CER-780,99
B-04,2026-05-06,QX-CER-781,174
B-04,2026-05-06,QX-CHL-782,86
B-04,2026-05-06,QX-HHD-783,135
B-04,2026-05-06,QX-CHL-784,109
B-04,2026-05-06,QX-PRO-785,217
B-04,2026-05-06,QX-HBC-786,20
B-04,2026-05-06,QX-PET-787,103
B-04,2026-05-06,QX-DRY-788,54
B-04,2026-05-06,QX-PRO-789,87
B-04,2026-05-06,QX-PET-790,22
B-04,2026-05-06,QX-CER-791,223
B-04,2026-05-06,QX-CHL-792,86
B-04,2026-05-06,QX-HBC-793,87
B-04,2026-05-06,QX-BAK-794,108
B-04,2026-05-06,QX-HHD-795,149
B-04,2026-05-06,QX-DRK-796,181
B-04,2026-05-06,QX-HHD-797,112
B-04,2026-05-06,QX-HBC-798,88
B-04,2026-05-06,QX-FRZ-799,236
B-04,2026-05-06,QX-CER-800,176
B-04,2026-05-06,QX-DRK-801,171
B-04,2026-05-06,QX-FRZ-802,236
B-04,2026-05-06,QX-HBC-803,233
B-04,2026-05-06,QX-DRK-804,140
B-04,2026-05-06,QX-HHD-805,170
B-04,2026-05-06,QX-FRZ-806,217
B-04,2026-05-06,QX-CHL-807,35
B-04,2026-05-06,QX-PET-808,170
B-04,2026-05-06,QX-BAK-809,
B-04,2026-05-06,QX-TIN-810,194
B-04,2026-05-06,QX-HBC-811,28
B-04,2026-05-06,QX-PET-812,
B-04,2026-05-06,QX-FRZ-813,84
B-04,2026-05-06,QX-DRK-814,149
B-04,2026-05-06,QX-CHL-815,89
B-04,2026-05-06,QX-FRZ-816,21
B-04,2026-05-06,QX-DRK-817,1
B-04,2026-05-06,QX-DRY-818,9
B-04,2026-05-06,QX-CER-819,8
B-04,2026-05-06,QX-HHD-820,234
B-04,2026-05-06,QX-HHD-821,220
B-04,2026-05-06,QX-DRK-822,77
B-04,2026-05-06,QX-BWS-823,145
B-04,2026-05-06,QX-PRO-824,213
B-04,2026-05-06,QX-CER-825,144
B-04,2026-05-06,QX-TIN-826,41
B-04,2026-05-06,QX-HHD-827,235
B-04,2026-05-06,QX-CER-828,86
B-04,2026-05-06,QX-PRO-829,163
B-04,2026-05-06,QX-BAK-830,111
B-04,2026-05-06,QX-BWS-831,118
B-04,2026-05-06,QX-BWS-832,
B-04,2026-05-06,QX-HHD-833,156
B-04,2026-05-06,QX-BAK-834,123
B-04,2026-05-06,QX-DRY-835,199
B-04,2026-05-06,QX-BWS-836,36
B-04,2026-05-06,QX-BAK-837,140
B-04,2026-05-06,QX-PET-838,184
B-04,2026-05-06,QX-BWS-839,11
B-04,2026-05-06,QX-CER-840,2
B-04,2026-05-06,QX-PET-841,43
B-04,2026-05-06,QX-BWS-842,27
B-04,2026-05-06,QX-DRY-843,57
B-04,2026-05-06,QX-HHD-844,87
B-04,2026-05-06,QX-PRO-845,211
B-04,2026-05-06,QX-FRZ-846,54
B-04,2026-05-06,QX-DRK-847,
B-04,2026-05-06,QX-PRO-848,131
B-04,2026-05-06,QX-BAK-849,201
B-04,2026-05-06,QX-CER-850,82
B-04,2026-05-06,QX-BAK-851,113
B-04,2026-05-06,QX-DRK-852,216
B-04,2026-05-06,QX-TIN-853,54
B-04,2026-05-06,QX-PRO-854,192
B-04,2026-05-06,QX-HHD-855,230
B-04,2026-05-06,QX-TIN-856,44
B-04,2026-05-06,QX-CHL-857,6
B-04,2026-05-06,QX-PET-858,64
B-04,2026-05-06,QX-HHD-859,207
B-04,2026-05-06,QX-TIN-860,65
B-04,2026-05-06,QX-TIN-861,167
B-04,2026-05-06,QX-PET-862,48
B-04,2026-05-06,QX-DRK-863,178
B-04,2026-05-06,QX-BAK-864,187
B-04,2026-05-06,QX-DRY-865,89
B-04,2026-05-06,QX-DRY-866,24
B-04,2026-05-06,QX-HHD-867,
B-04,2026-05-06,QX-CHL-868,55
B-04,2026-05-06,QX-CER-869,112
B-04,2026-05-06,QX-PRO-870,200
B-04,2026-05-06,QX-DRY-871,165
B-04,2026-05-06,QX-CER-872,94
B-04,2026-05-06,QX-PRO-873,63
B-04,2026-05-06,QX-BAK-874,28
B-04,2026-05-06,QX-TIN-875,81
B-04,2026-05-06,QX-PRO-876,24
B-04,2026-05-06,QX-HBC-877,
B-04,2026-05-06,QX-HHD-878,191
B-04,2026-05-06,QX-BWS-879,214
B-04,2026-05-06,QX-DRY-880,160
B-04,2026-05-06,QX-PRO-881,176
B-04,2026-05-06,QX-BWS-882,165
B-04,2026-05-06,QX-DRY-883,217
B-04,2026-05-06,QX-TIN-884,6
B-04,2026-05-06,QX-PET-885,24
B-04,2026-05-06,QX-HBC-886,36
B-04,2026-05-06,QX-CHL-887,
B-04,2026-05-06,QX-CHL-888,160
B-04,2026-05-06,QX-CER-889,168
B-04,2026-05-06,QX-HHD-890,97
B-04,2026-05-06,QX-DRK-891,192
B-04,2026-05-06,QX-HHD-892,176
B-04,2026-05-06,QX-DRY-893,151
B-04,2026-05-06,QX-BWS-894,96
B-04,2026-05-06,QX-PRO-895,41
B-04,2026-05-06,QX-PRO-896,184
B-04,2026-05-06,QX-CHL-897,148
B-04,2026-05-06,QX-PET-898,67
B-04,2026-05-06,QX-PRO-899,170
B-04,2026-05-06,QX-BWS-900,185
B-04,2026-05-06,QX-CER-901,10
B-04,2026-05-06,QX-HBC-902,202
B-04,2026-05-06,QX-PET-903,0
B-04,2026-05-06,QX-FRZ-904,71
B-04,2026-05-06,QX-DRK-905,5
B-04,2026-05-06,QX-CHL-906,135
B-04,2026-05-06,QX-FRZ-907,82
B-04,2026-05-06,QX-PET-908,135
B-04,2026-05-06,QX-HHD-909,26
B-04,2026-05-06,QX-DRY-910,211
B-04,2026-05-06,QX-HBC-911,116
B-04,2026-05-06,QX-BAK-912,3
B-04,2026-05-06,QX-DRY-913,132
B-04,2026-05-06,QX-TIN-914,84
B-04,2026-05-06,QX-TIN-915,114
B-04,2026-05-06,QX-FRZ-916,201
B-04,2026-05-06,QX-PRO-917,164
B-04,2026-05-06,QX-PET-918,
B-04,2026-05-06,QX-BAK-919,54
B-04,2026-05-06,QX-HBC-920,225
B-04,2026-05-06,QX-DRY-921,239
B-04,2026-05-06,QX-DRY-922,199
B-04,2026-05-06,QX-BAK-923,109
B-04,2026-05-06,QX-CHL-924,103
B-04,2026-05-06,QX-BAK-925,144
B-04,2026-05-06,QX-HBC-926,37
B-04,2026-05-06,QX-TIN-927,12
B-04,2026-05-06,QX-BWS-928,175
B-04,2026-05-06,QX-DRY-929,153
B-04,2026-05-06,QX-DRK-930,78
B-04,2026-05-06,QX-FRZ-931,225
B-04,2026-05-06,QX-PET-932,201
B-04,2026-05-06,QX-CER-933,107
B-04,2026-05-06,QX-PRO-934,161
B-04,2026-05-06,QX-TIN-935,122
B-04,2026-05-06,QX-CER-936,70
B-04,2026-05-06,QX-TIN-937,3
B-04,2026-05-06,QX-FRZ-938,27
B-04,2026-05-06,QX-BAK-939,184
B-04,2026-05-06,QX-BWS-940,132
B-04,2026-05-06,QX-BAK-941,214
B-04,2026-05-06,QX-DRK-942,29
B-04,2026-05-06,QX-HHD-943,199
B-04,2026-05-06,QX-TIN-944,128
B-04,2026-05-06,QX-BWS-945,208
B-04,2026-05-06,QX-PET-946,76
B-04,2026-05-06,QX-BAK-947,106
B-04,2026-05-06,QX-BAK-948,134
B-04,2026-05-06,QX-DRK-949,208
B-04,2026-05-06,QX-PRO-950,33
B-04,2026-05-06,QX-TIN-951,38
B-04,2026-05-06,QX-CHL-952,220
B-04,2026-05-06,QX-BAK-953,119
B-04,2026-05-06,QX-CER-954,230
B-04,2026-05-06,QX-TIN-955,216
B-04,2026-05-06,QX-CHL-956,88
B-04,2026-05-06,QX-TIN-957,78
B-04,2026-05-06,QX-DRK-958,3
B-04,2026-05-06,QX-HBC-959,228
B-04,2026-05-06,QX-CER-960,127
B-04,2026-05-06,QX-TIN-961,16
B-04,2026-05-06,QX-BWS-962,139
B-04,2026-05-06,QX-CHL-963,229
B-04,2026-05-06,QX-BAK-964,147
B-04,2026-05-06,QX-BAK-965,217
B-04,2026-05-06,QX-CHL-966,148
B-04,2026-05-06,QX-PET-967,165
B-04,2026-05-06,QX-FRZ-968,46
B-04,2026-05-06,QX-PET-969,200
B-04,2026-05-06,QX-BAK-970,142
B-04,2026-05-06,QX-CHL-971,221
B-04,2026-05-06,QX-DRY-972,129
B-04,2026-05-06,QX-CHL-973,228
B-04,2026-05-06,QX-PET-974,138
B-04,2026-05-06,QX-BAK-975,50
B-04,2026-05-06,QX-HBC-976,10
B-04,2026-05-06,QX-PET-977,144
B-04,2026-05-06,QX-HBC-978,194
B-04,2026-05-06,QX-TIN-979,136
B-04,2026-05-06,QX-TIN-980,230
B-04,2026-05-06,QX-HBC-981,59
B-04,2026-05-06,QX-TIN-982,102
B-04,2026-05-06,QX-PET-983,101
B-04,2026-05-06,QX-FRZ-984,110
B-04,2026-05-06,QX-HHD-985,117
B-04,2026-05-06,QX-CHL-986,214
B-04,2026-05-06,QX-BWS-987,66
B-04,2026-05-06,QX-CER-988,87
B-04,2026-05-06,QX-FRZ-989,220
B-04,2026-05-06,QX-FRZ-990,167
B-04,2026-05-06,QX-PET-991,220
B-04,2026-05-06,QX-HBC-992,101
B-04,2026-05-06,QX-HHD-993,94
B-04,2026-05-06,QX-TIN-994,7
B-04,2026-05-06,QX-CHL-995,208
B-04,2026-05-06,QX-BAK-996,74
B-04,2026-05-06,QX-CER-997,219
B-04,2026-05-06,QX-CHL-998,126
B-04,2026-05-06,QX-PET-999,236
B-04,2026-05-06,QX-DRK-000,155
B-04,2026-05-06,QX-HHD-001,43
B-04,2026-05-06,QX-TIN-002,129
B-04,2026-05-06,QX-HBC-003,17
B-04,2026-05-06,QX-CHL-004,17
B-04,2026-05-06,QX-DRK-005,45
B-04,2026-05-06,QX-HHD-006,137
B-04,2026-05-06,QX-TIN-007,69
B-04,2026-05-06,QX-BWS-008,35
B-04,2026-05-06,QX-HBC-009,62
B-04,2026-05-06,QX-PET-010,28
B-04,2026-05-06,QX-FRZ-011,36
B-04,2026-05-06,QX-DRY-012,53
B-04,2026-05-06,QX-CHL-013,238
B-04,2026-05-06,QX-FRZ-014,134
B-04,2026-05-06,QX-BAK-015,
B-04,2026-05-06,QX-DRY-016,92
B-04,2026-05-06,QX-DRY-017,187
B-04,2026-05-06,QX-CHL-018,55
B-04,2026-05-06,QX-DRY-019,
B-04,2026-05-06,QX-DRK-020,229
B-04,2026-05-06,QX-DRY-021,12
B-04,2026-05-06,QX-BWS-022,174
B-04,2026-05-06,QX-CHL-023,144
B-04,2026-05-06,QX-FRZ-024,221
B-04,2026-05-06,QX-CHL-025,3
B-04,2026-05-06,QX-DRY-026,186
B-04,2026-05-06,QX-CER-027,235
B-04,2026-05-06,QX-DRK-028,27
B-04,2026-05-06,QX-TIN-029,70
B-04,2026-05-06,QX-FRZ-030,199
B-04,2026-05-06,QX-PET-031,62
B-04,2026-05-06,QX-BWS-032,233
B-04,2026-05-06,QX-DRK-033,157
B-04,2026-05-06,QX-FRZ-034,170
B-04,2026-05-06,QX-PRO-035,94
B-04,2026-05-06,QX-HHD-036,199
B-04,2026-05-06,QX-PET-037,56
B-04,2026-05-06,QX-PRO-038,140
B-04,2026-05-06,QX-HBC-039,32
B-04,2026-05-06,QX-TIN-040,1
B-04,2026-05-06,QX-CER-041,232
B-04,2026-05-06,QX-CHL-042,170
B-04,2026-05-06,QX-PRO-043,57
B-04,2026-05-06,QX-DRY-044,44
B-04,2026-05-06,QX-PRO-045,234
B-04,2026-05-06,QX-CER-046,102
B-04,2026-05-06,QX-HHD-047,143
B-04,2026-05-06,QX-CHL-048,114
B-04,2026-05-06,QX-DRY-049,197
B-04,2026-05-06,QX-FRZ-050,105
B-04,2026-05-06,QX-TIN-051,110
B-04,2026-05-06,QX-DRY-052,
B-04,2026-05-06,QX-DRY-053,211
B-04,2026-05-06,QX-TIN-054,149
B-04,2026-05-06,QX-HBC-055,11
B-04,2026-05-06,QX-DRY-056,213
B-04,2026-05-06,QX-CHL-057,
B-04,2026-05-06,QX-PET-058,200
B-04,2026-05-06,QX-DRK-059,77
B-04,2026-05-06,QX-HBC-060,23
B-04,2026-05-06,QX-HBC-061,188
B-04,2026-05-06,QX-DRY-062,227
B-04,2026-05-06,QX-HBC-063,179
B-04,2026-05-06,QX-CER-064,193
B-04,2026-05-06,QX-BAK-065,239
B-04,2026-05-06,QX-PRO-066,26
B-04,2026-05-06,QX-CHL-067,24
B-04,2026-05-06,QX-BWS-068,6
B-04,2026-05-06,QX-HHD-069,0
B-04,2026-05-06,QX-CHL-070,102
B-04,2026-05-06,QX-PET-071,153
B-04,2026-05-06,QX-CHL-072,33
B-04,2026-05-06,QX-TIN-073,96
B-04,2026-05-06,QX-FRZ-074,90
B-04,2026-05-06,QX-CER-075,105
B-04,2026-05-06,QX-BWS-076,38
B-04,2026-05-06,QX-TIN-077,220
B-04,2026-05-06,QX-CHL-078,56
B-04,2026-05-06,QX-FRZ-079,157
B-04,2026-05-06,QX-TIN-080,106
B-04,2026-05-06,QX-TIN-081,47
B-04,2026-05-06,QX-HBC-082,69
B-04,2026-05-06,QX-PRO-083,
B-04,2026-05-06,QX-BAK-084,39
B-04,2026-05-06,QX-DRY-085,
B-04,2026-05-06,QX-FRZ-086,213
B-04,2026-05-06,QX-DRY-087,235
B-04,2026-05-06,QX-PRO-088,95
B-04,2026-05-06,QX-PRO-089,73
B-04,2026-05-06,QX-DRY-090,96
B-04,2026-05-06,QX-CER-091,89
B-04,2026-05-06,QX-BWS-092,135
B-04,2026-05-06,QX-TIN-093,223
B-04,2026-05-06,QX-HHD-094,83
B-04,2026-05-06,QX-BAK-095,239
B-04,2026-05-06,QX-FRZ-096,39
B-04,2026-05-06,QX-DRY-097,130
B-04,2026-05-06,QX-DRK-098,35
B-04,2026-05-06,QX-HBC-099,113
B-04,2026-05-06,QX-PET-100,32
B-04,2026-05-06,QX-DRK-101,133
B-04,2026-05-06,QX-FRZ-102,114
B-04,2026-05-06,QX-CER-103,112
B-04,2026-05-06,QX-PRO-104,177
B-04,2026-05-06,QX-HBC-105,15
B-04,2026-05-06,QX-HBC-106,62
B-04,2026-05-06,QX-CHL-107,63
B-04,2026-05-06,QX-TIN-108,61
B-04,2026-05-06,QX-BAK-109,227
B-04,2026-05-06,QX-PET-110,145
B-04,2026-05-06,QX-TIN-111,196
B-04,2026-05-06,QX-CHL-112,98
B-04,2026-05-06,QX-HHD-113,175
B-04,2026-05-06,QX-CHL-114,114
B-04,2026-05-06,QX-HHD-115,210
B-04,2026-05-06,QX-CHL-116,125
B-04,2026-05-06,QX-HBC-117,201
B-04,2026-05-06,QX-TIN-118,146
B-04,2026-05-06,QX-PET-119,75
B-04,2026-05-06,QX-BWS-120,
B-04,2026-05-06,QX-TIN-121,128
B-04,2026-05-06,QX-CHL-122,
B-04,2026-05-06,QX-CHL-123,191
B-04,2026-05-06,QX-CER-124,149
B-04,2026-05-06,QX-PET-125,40
B-04,2026-05-06,QX-DRK-126,58
B-04,2026-05-06,QX-HBC-127,8
B-04,2026-05-06,QX-DRY-128,
B-04,2026-05-06,QX-HHD-129,159
B-04,2026-05-06,QX-BAK-130,24
B-04,2026-05-06,QX-PRO-131,49
B-04,2026-05-06,QX-CHL-132,111
B-04,2026-05-06,QX-HBC-133,231
B-04,2026-05-06,QX-DRK-134,208
B-04,2026-05-06,QX-BAK-135,13
B-04,2026-05-06,QX-HHD-136,47
B-04,2026-05-06,QX-HHD-137,232
B-04,2026-05-06,QX-TIN-138,
B-04,2026-05-06,QX-CHL-139,125
B-04,2026-05-06,QX-BAK-140,222
B-04,2026-05-06,QX-HHD-141,
B-04,2026-05-06,QX-CHL-142,94
B-04,2026-05-06,QX-PRO-143,133
B-04,2026-05-06,QX-DRY-144,92
B-04,2026-05-06,QX-HHD-145,41
B-04,2026-05-06,QX-FRZ-146,6
B-04,2026-05-06,QX-BWS-147,194
B-04,2026-05-06,QX-TIN-148,126
B-04,2026-05-06,QX-PRO-149,202
B-04,2026-05-06,QX-CER-150,225
B-04,2026-05-06,QX-CER-151,16
B-04,2026-05-06,QX-DRY-152,165
B-04,2026-05-06,QX-DRK-153,210
B-04,2026-05-06,QX-DRY-154,22
B-04,2026-05-06,QX-TIN-155,74
B-04,2026-05-06,QX-PRO-156,155
B-04,2026-05-06,QX-TIN-157,122
B-04,2026-05-06,QX-HHD-158,
B-04,2026-05-06,QX-PRO-159,217
B-04,2026-05-06,QX-BAK-160,98
B-04,2026-05-06,QX-PRO-161,62
B-04,2026-05-06,QX-BAK-162,25
B-04,2026-05-06,QX-TIN-163,201
B-04,2026-05-06,QX-BWS-164,83
B-04,2026-05-06,QX-HHD-165,124
B-04,2026-05-06,QX-DRY-166,109
B-04,2026-05-06,QX-HBC-167,144
B-04,2026-05-06,QX-DRK-168,128
B-04,2026-05-06,QX-BAK-169,62
B-04,2026-05-06,QX-HBC-170,104
B-04,2026-05-06,QX-CHL-171,204
B-04,2026-05-06,QX-HBC-172,78
B-04,2026-05-06,QX-BAK-173,48
B-04,2026-05-06,QX-HBC-174,106
B-04,2026-05-06,QX-PET-175,164
B-04,2026-05-06,QX-PRO-176,60
B-04,2026-05-06,QX-TIN-177,5
B-04,2026-05-06,QX-HHD-178,213
B-04,2026-05-06,QX-DRY-179,124
B-04,2026-05-06,QX-PRO-180,28
B-04,2026-05-06,QX-BWS-181,29
B-04,2026-05-06,QX-PRO-182,239
B-04,2026-05-06,QX-HHD-183,123
B-04,2026-05-06,QX-PRO-184,39
B-04,2026-05-06,QX-HBC-185,221
B-04,2026-05-06,QX-PET-186,231
B-04,2026-05-06,QX-BAK-187,92
B-04,2026-05-06,QX-PET-188,136
B-04,2026-05-06,QX-DRY-189,30
B-04,2026-05-06,QX-CER-190,158
B-04,2026-05-06,QX-PRO-191,160
B-04,2026-05-06,QX-DRK-192,152
B-04,2026-05-06,QX-TIN-193,11
B-04,2026-05-06,QX-FRZ-194,44
B-04,2026-05-06,QX-HHD-195,205
B-04,2026-05-06,QX-BWS-196,206
B-04,2026-05-06,QX-PET-197,210
B-04,2026-05-06,QX-DRY-198,201
B-04,2026-05-06,QX-TIN-199,232
B-04,2026-05-06,QX-PET-200,79
B-04,2026-05-06,QX-CER-201,199
B-04,2026-05-06,QX-DRK-202,103
B-04,2026-05-06,QX-PRO-204,
B-04,2026-05-06,QX-PRO-205,221
B-04,2026-05-06,QX-HBC-206,63
B-04,2026-05-06,QX-FRZ-208,158
B-04,2026-05-06,QX-HHD-209,113
B-04,2026-05-06,QX-BWS-210,17
B-04,2026-05-06,QX-PET-211,50
B-04,2026-05-06,QX-HHD-212,189
B-04,2026-05-06,QX-TIN-213,141
B-04,2026-05-06,QX-BAK-214,13
B-04,2026-05-06,QX-DRY-215,175
B-04,2026-05-06,QX-BAK-216,56
B-04,2026-05-06,QX-DRK-217,231
B-04,2026-05-06,QX-BWS-218,65
B-04,2026-05-06,QX-BAK-219,127
B-04,2026-05-06,QX-DRK-220,129
B-04,2026-05-06,QX-BAK-221,3
B-04,2026-05-06,QX-TIN-222,56
B-04,2026-05-06,QX-CER-223,211
B-04,2026-05-06,QX-BWS-224,219
B-04,2026-05-06,QX-CHL-225,166
B-04,2026-05-06,QX-PRO-226,73
B-04,2026-05-06,QX-PRO-227,33
B-04,2026-05-06,QX-PET-228,61
B-04,2026-05-06,QX-TIN-230,150
B-04,2026-05-06,QX-TIN-231,125
B-04,2026-05-06,QX-BWS-232,125
B-04,2026-05-06,QX-BWS-233,126
B-04,2026-05-06,QX-DRY-234,163
B-04,2026-05-06,QX-CER-235,194
B-04,2026-05-06,QX-CER-236,18
B-04,2026-05-06,QX-FRZ-237,106
B-04,2026-05-06,QX-PRO-238,130
B-04,2026-05-06,QX-BAK-239,169
B-04,2026-05-06,QX-HHD-240,212
B-04,2026-05-06,QX-PRO-241,113
B-04,2026-05-06,QX-DRK-242,110
B-04,2026-05-06,QX-BAK-243,41
B-04,2026-05-06,QX-DRY-244,59
B-04,2026-05-06,QX-HHD-245,104
B-04,2026-05-06,QX-PRO-246,209
B-04,2026-05-06,QX-TIN-247,164
B-04,2026-05-06,QX-PET-249,224
B-04,2026-05-06,QX-BAK-250,142
B-04,2026-05-06,QX-DRY-251,59
B-04,2026-05-06,QX-BWS-252,108
B-04,2026-05-06,QX-FRZ-253,131
B-04,2026-05-06,QX-CHL-254,188
B-04,2026-05-06,QX-PET-255,195
B-04,2026-05-06,QX-HHD-256,64
B-04,2026-05-06,QX-BAK-257,66
B-04,2026-05-06,QX-CER-258,76
B-04,2026-05-06,QX-HBC-259,36
B-04,2026-05-06,QX-DRY-260,171
B-04,2026-05-06,QX-TIN-261,175
B-04,2026-05-06,QX-BAK-262,6
B-04,2026-05-06,QX-FRZ-263,59
B-04,2026-05-06,QX-TIN-264,122
B-04,2026-05-06,QX-CER-265,190
B-04,2026-05-06,QX-DRY-266,57
B-04,2026-05-06,QX-TIN-267,23
B-04,2026-05-06,QX-HHD-268,219
B-04,2026-05-06,QX-CHL-269,62
B-04,2026-05-06,QX-CER-270,158
B-04,2026-05-06,QX-PET-271,197
B-04,2026-05-06,QX-TIN-272,85
B-04,2026-05-06,QX-CHL-274,66
B-04,2026-05-06,QX-PET-275,195
B-04,2026-05-06,QX-TIN-276,82
B-04,2026-05-06,QX-CER-277,216
B-04,2026-05-06,QX-CER-278,21
B-04,2026-05-06,QX-HBC-279,87
B-04,2026-05-06,QX-BWS-280,192
B-04,2026-05-06,QX-DRK-281,127
B-04,2026-05-06,QX-DRK-282,160
B-04,2026-05-06,QX-BWS-283,34
B-04,2026-05-06,QX-DRY-284,99
B-04,2026-05-06,QX-TIN-285,74
B-04,2026-05-06,QX-PET-286,73
B-04,2026-05-06,QX-BAK-287,203
B-04,2026-05-06,QX-BAK-288,69
B-04,2026-05-06,QX-TIN-289,83
B-04,2026-05-06,QX-TIN-291,164
B-04,2026-05-06,QX-HBC-292,102
B-04,2026-05-06,QX-DRK-293,155
B-04,2026-05-06,QX-HHD-294,139
B-04,2026-05-06,QX-TIN-296,148
B-04,2026-05-06,QX-FRZ-297,43
B-04,2026-05-06,QX-BWS-298,34
B-04,2026-05-06,QX-TIN-299,215
B-04,2026-05-06,QX-HBC-300,137
B-04,2026-05-06,QX-BAK-301,208
B-04,2026-05-06,QX-DRK-302,177
B-04,2026-05-06,QX-PRO-303,212
B-04,2026-05-06,QX-CER-304,145
B-04,2026-05-06,QX-CER-305,157
B-04,2026-05-06,QX-HBC-306,22
B-04,2026-05-06,QX-BWS-307,125
B-04,2026-05-06,QX-BWS-308,117
B-04,2026-05-06,QX-CER-309,116
B-04,2026-05-06,QX-TIN-311,104
B-04,2026-05-06,QX-TIN-312,99
B-04,2026-05-06,QX-DRY-314,58
B-04,2026-05-06,QX-CHL-315,201
B-04,2026-05-06,QX-BWS-316,121
B-04,2026-05-06,QX-PET-317,12
B-04,2026-05-06,QX-DRK-319,7
B-04,2026-05-06,QX-CER-320,
B-04,2026-05-06,QX-PRO-321,7
B-04,2026-05-06,QX-TIN-322,118
B-04,2026-05-06,QX-BWS-323,229
B-04,2026-05-06,QX-HBC-324,83
B-04,2026-05-06,QX-HBC-325,10
B-04,2026-05-06,QX-BWS-326,176
B-04,2026-05-06,QX-HBC-327,56
B-04,2026-05-06,QX-TIN-328,162
B-04,2026-05-06,QX-BAK-329,65
B-04,2026-05-06,QX-HHD-330,94
B-04,2026-05-06,QX-CHL-332,47
B-04,2026-05-06,QX-CER-333,190
B-04,2026-05-06,QX-CHL-334,28
B-04,2026-05-06,QX-FRZ-336,28
B-04,2026-05-06,QX-BAK-337,107
B-04,2026-05-06,QX-FRZ-338,121
B-04,2026-05-06,QX-CHL-339,18
B-04,2026-05-06,QX-TIN-340,164
B-04,2026-05-06,QX-DRY-341,11
B-04,2026-05-06,QX-DRK-342,132
B-04,2026-05-06,QX-TIN-343,216
B-04,2026-05-06,QX-FRZ-344,148
B-04,2026-05-06,QX-CHL-345,150
B-04,2026-05-06,QX-FRZ-346,94
B-04,2026-05-06,QX-HHD-347,125
B-04,2026-05-06,QX-DRK-348,49
B-04,2026-05-06,QX-CER-349,99
B-04,2026-05-06,QX-DRY-350,9
B-04,2026-05-06,QX-BAK-351,118
B-04,2026-05-06,QX-CER-352,161
B-04,2026-05-06,QX-HHD-353,94
B-04,2026-05-06,QX-TIN-354,92
B-04,2026-05-06,QX-HBC-355,139
B-04,2026-05-06,QX-TIN-356,99
B-04,2026-05-06,QX-PET-357,183
B-04,2026-05-06,QX-CER-358,233
B-04,2026-05-06,QX-DRY-359,150
B-04,2026-05-06,QX-HHD-360,155
B-04,2026-05-06,QX-DRK-361,190
B-04,2026-05-06,QX-DRK-362,106
B-04,2026-05-06,QX-TIN-363,187
B-04,2026-05-06,QX-CER-364,74
B-04,2026-05-06,QX-TIN-365,64
B-04,2026-05-06,QX-HBC-366,67
B-04,2026-05-06,QX-CHL-367,11
B-04,2026-05-06,QX-PRO-368,101
B-04,2026-05-06,QX-DRK-369,47
B-04,2026-05-06,QX-BAK-371,70
B-04,2026-05-06,QX-HHD-372,200
B-04,2026-05-06,QX-CHL-373,210
B-04,2026-05-06,QX-BAK-374,117
B-04,2026-05-06,QX-BWS-375,40
B-04,2026-05-06,QX-CER-376,81
B-04,2026-05-06,QX-BAK-377,12
B-04,2026-05-06,QX-DRK-378,213
B-04,2026-05-06,QX-DRK-379,43
B-04,2026-05-06,QX-TIN-380,198
B-04,2026-05-06,QX-TIN-381,43
B-04,2026-05-06,QX-PET-382,
B-04,2026-05-06,QX-TIN-383,67
B-04,2026-05-06,QX-BAK-384,148
B-04,2026-05-06,QX-FRZ-385,135
B-04,2026-05-06,QX-BAK-387,226
B-04,2026-05-06,QX-CER-388,170
B-04,2026-05-06,QX-CER-389,238
B-04,2026-05-06,QX-CER-390,45
B-04,2026-05-06,QX-DRY-391,42
B-04,2026-05-06,QX-FRZ-392,38
B-04,2026-05-06,QX-HBC-393,208
B-04,2026-05-06,QX-CER-394,182
B-04,2026-05-06,QX-BAK-395,239
B-04,2026-05-06,QX-FRZ-396,126
B-04,2026-05-06,QX-PET-398,207
B-04,2026-05-06,QX-BAK-400,176
B-04,2026-05-06,QX-HBC-401,116
B-04,2026-05-06,QX-DRY-403,198
B-04,2026-05-06,QX-PET-404,90
B-04,2026-05-06,QX-HBC-405,135
B-04,2026-05-06,QX-DRY-406,13
B-04,2026-05-06,QX-DRY-407,159
B-04,2026-05-06,QX-CHL-409,178
B-04,2026-05-06,QX-HHD-411,64
B-04,2026-05-06,QX-BWS-412,205
B-04,2026-05-06,QX-FRZ-413,165
B-04,2026-05-06,QX-FRZ-414,
B-04,2026-05-06,QX-FRZ-415,64
B-04,2026-05-06,QX-PET-416,220
B-04,2026-05-06,QX-PET-417,128
B-04,2026-05-06,QX-HHD-418,37
B-04,2026-05-06,QX-BAK-419,129
B-04,2026-05-06,QX-DRK-420,80
B-04,2026-05-06,QX-FRZ-421,50
B-04,2026-05-06,QX-HHD-423,6
B-04,2026-05-06,QX-HBC-424,150
B-04,2026-05-06,QX-CHL-425,161
B-04,2026-05-06,QX-BAK-426,
B-04,2026-05-06,QX-DRK-427,176
B-04,2026-05-06,QX-PET-428,33
B-04,2026-05-06,QX-CER-429,87
B-04,2026-05-06,QX-FRZ-431,41
B-04,2026-05-06,QX-CHL-432,67
B-04,2026-05-06,QX-PET-433,59
B-04,2026-05-06,QX-CER-434,186
B-04,2026-05-06,QX-PRO-435,235
B-04,2026-05-06,QX-PRO-436,55
B-04,2026-05-06,QX-FRZ-437,220
B-04,2026-05-06,QX-CHL-438,61
B-04,2026-05-06,QX-BWS-439,71
B-04,2026-05-06,QX-FRZ-440,117
B-04,2026-05-06,QX-HHD-441,92
B-04,2026-05-06,QX-HBC-442,223
B-04,2026-05-06,QX-HHD-443,46
B-04,2026-05-06,QX-HHD-445,27
B-04,2026-05-06,QX-PET-446,205
B-04,2026-05-06,QX-TIN-447,225
B-04,2026-05-06,QX-PET-448,179
B-04,2026-05-06,QX-HHD-449,26
B-04,2026-05-06,QX-HHD-450,128
B-04,2026-05-06,QX-HBC-452,22
B-04,2026-05-06,QX-DRK-453,184
B-04,2026-05-06,QX-PRO-454,98
B-04,2026-05-06,QX-DRK-455,176
B-04,2026-05-06,QX-TIN-456,233
B-04,2026-05-06,QX-HBC-457,207
B-04,2026-05-06,QX-CER-458,235
B-04,2026-05-06,QX-CHL-459,68
B-04,2026-05-06,QX-CER-460,80
B-04,2026-05-06,QX-PET-461,113
B-04,2026-05-06,QX-BAK-462,10
B-04,2026-05-06,QX-TIN-463,54
B-04,2026-05-06,QX-BAK-464,190
B-04,2026-05-06,QX-HBC-465,61
B-04,2026-05-06,QX-CHL-466,49
B-04,2026-05-06,QX-DRK-467,132
B-04,2026-05-06,QX-TIN-468,160
B-04,2026-05-06,QX-HHD-469,160
B-04,2026-05-06,QX-BWS-470,73
B-04,2026-05-06,QX-PET-471,164
B-04,2026-05-06,QX-DRY-472,215
B-04,2026-05-06,QX-CER-473,121
B-04,2026-05-06,QX-DRK-474,171
B-04,2026-05-06,QX-HBC-475,105
B-04,2026-05-06,QX-PET-476,201
B-04,2026-05-06,QX-PRO-477,73
B-04,2026-05-06,QX-FRZ-478,11
B-04,2026-05-06,QX-PET-479,54
B-04,2026-05-06,QX-DRK-480,40
B-04,2026-05-06,QX-TIN-481,57
B-04,2026-05-06,QX-HBC-482,125
B-04,2026-05-06,QX-DRY-483,76
B-04,2026-05-06,QX-TIN-484,23
B-04,2026-05-06,QX-CER-486,13
B-04,2026-05-06,QX-BAK-487,28
B-04,2026-05-06,QX-PRO-488,227
B-04,2026-05-06,QX-DRK-489,75
B-04,2026-05-06,QX-BWS-490,203
B-04,2026-05-06,QX-HBC-491,169
B-04,2026-05-06,QX-FRZ-492,120
B-04,2026-05-06,QX-CHL-493,95
B-04,2026-05-06,QX-HBC-494,220
B-04,2026-05-06,QX-FRZ-495,106
B-04,2026-05-06,QX-HHD-496,3
B-04,2026-05-06,QX-PET-497,23
B-04,2026-05-06,QX-BWS-498,71
B-04,2026-05-06,QX-BAK-499,161
B-04,2026-05-06,QX-FRZ-500,189
B-04,2026-05-06,QX-BAK-501,113
B-04,2026-05-06,QX-PET-503,148
B-04,2026-05-06,QX-CER-504,25
B-04,2026-05-06,QX-CER-505,215
B-04,2026-05-06,QX-BAK-506,158
B-04,2026-05-06,QX-CER-507,216
B-04,2026-05-06,QX-DRK-508,
B-04,2026-05-06,QX-BAK-509,152
B-04,2026-05-06,QX-CER-510,14
B-04,2026-05-06,QX-DRK-511,11
B-04,2026-05-06,QX-HHD-512,102
B-04,2026-05-06,QX-CER-513,66
B-04,2026-05-06,QX-HHD-514,143
B-04,2026-05-06,QX-HHD-515,204
B-04,2026-05-06,QX-PET-516,239
B-04,2026-05-06,QX-CHL-517,205
B-04,2026-05-06,QX-BAK-518,125
B-04,2026-05-06,QX-PET-520,126
B-04,2026-05-06,QX-BAK-521,210
B-04,2026-05-06,QX-DRY-522,74
B-04,2026-05-06,QX-PRO-523,118
B-04,2026-05-06,QX-PRO-524,50
B-04,2026-05-06,QX-FRZ-525,114
B-04,2026-05-06,QX-CER-526,187
B-04,2026-05-06,QX-CHL-527,105
B-04,2026-05-06,QX-DRK-528,112
B-04,2026-05-06,QX-CER-529,20
B-04,2026-05-06,QX-CHL-530,143
B-04,2026-05-06,QX-CER-531,26
B-04,2026-05-06,QX-HBC-532,79
B-04,2026-05-06,QX-PET-533,225
B-04,2026-05-06,QX-TIN-534,5
B-04,2026-05-06,QX-FRZ-535,55
B-04,2026-05-06,QX-PET-537,126
B-04,2026-05-06,QX-BAK-538,185
B-04,2026-05-06,QX-HBC-539,174
B-04,2026-05-06,QX-PRO-540,111
B-04,2026-05-06,QX-CHL-541,107
B-04,2026-05-06,QX-CHL-542,22
B-04,2026-05-06,QX-PRO-543,57
B-04,2026-05-06,QX-DRY-544,142
B-04,2026-05-06,QX-HBC-545,47
B-04,2026-05-06,QX-DRK-546,178
B-04,2026-05-06,QX-FRZ-547,179
B-04,2026-05-06,QX-TIN-548,150
B-04,2026-05-06,QX-BWS-549,208
B-04,2026-05-06,QX-CHL-550,128
B-04,2026-05-06,QX-HHD-551,131
B-04,2026-05-06,QX-TIN-552,185
B-04,2026-05-06,QX-FRZ-553,32
B-04,2026-05-06,QX-HHD-554,4
B-04,2026-05-06,QX-DRY-555,90
B-04,2026-05-06,QX-HHD-556,208
B-04,2026-05-06,QX-TIN-557,116
B-04,2026-05-06,QX-CER-558,218
B-04,2026-05-06,QX-PET-559,118
B-04,2026-05-06,QX-DRK-560,114
B-04,2026-05-06,QX-CER-561,168
B-04,2026-05-06,QX-PRO-562,1
B-04,2026-05-06,QX-HHD-563,52
B-04,2026-05-06,QX-BAK-564,187
B-04,2026-05-06,QX-BAK-565,200
B-04,2026-05-06,QX-FRZ-566,110
B-04,2026-05-06,QX-HHD-568,51
B-04,2026-05-06,QX-BAK-569,9
B-04,2026-05-06,QX-HHD-570,232
B-04,2026-05-06,QX-PET-571,54
B-04,2026-05-06,QX-PET-573,94
B-04,2026-05-06,QX-TIN-574,191
B-04,2026-05-06,QX-PET-575,236
B-04,2026-05-06,QX-HBC-576,47
B-04,2026-05-06,QX-DRY-577,144
B-04,2026-05-06,QX-FRZ-578,202
B-04,2026-05-06,QX-PRO-580,155
B-04,2026-05-06,QX-BAK-581,48
B-04,2026-05-06,QX-FRZ-582,174
B-04,2026-05-06,QX-DRK-583,150
B-04,2026-05-06,QX-HHD-584,46
B-04,2026-05-06,QX-HHD-586,170
B-04,2026-05-06,QX-PRO-587,143
B-04,2026-05-06,QX-FRZ-588,50
B-04,2026-05-06,QX-CER-589,6
B-04,2026-05-06,QX-BAK-590,27
B-04,2026-05-06,QX-HBC-591,193
B-04,2026-05-06,QX-TIN-593,3
B-04,2026-05-06,QX-CER-594,229
B-04,2026-05-06,QX-HHD-595,185
B-04,2026-05-06,QX-PRO-596,209
B-04,2026-05-06,QX-BWS-597,19
B-04,2026-05-06,QX-BAK-598,113
B-04,2026-05-06,QX-BAK-599,16
B-04,2026-05-06,QX-DRK-600,147
B-04,2026-05-06,QX-DRK-601,114
B-04,2026-05-06,QX-PET-602,98
B-04,2026-05-06,QX-DRK-603,184
B-04,2026-05-06,QX-BAK-604,
B-04,2026-05-06,QX-CER-606,45
B-04,2026-05-06,QX-BWS-607,39
B-04,2026-05-06,QX-FRZ-608,7
B-04,2026-05-06,QX-CHL-609,
B-04,2026-05-06,QX-BAK-610,109
B-04,2026-05-06,QX-BWS-611,147
B-04,2026-05-06,QX-BWS-612,134
B-04,2026-05-06,QX-BAK-613,52
B-04,2026-05-06,QX-FRZ-615,74
B-04,2026-05-06,QX-HHD-616,180
B-04,2026-05-06,QX-CHL-617,193
B-04,2026-05-06,QX-DRY-618,5
B-04,2026-05-06,QX-CER-619,58
B-04,2026-05-06,QX-DRY-620,84
B-04,2026-05-06,QX-HHD-621,84
B-04,2026-05-06,QX-FRZ-622,142
B-04,2026-05-06,QX-FRZ-623,229
B-04,2026-05-06,QX-DRK-624,212
B-04,2026-05-06,QX-FRZ-625,22
B-04,2026-05-06,QX-TIN-626,193
B-04,2026-05-06,QX-CHL-627,156
B-04,2026-05-06,QX-DRK-628,94
B-04,2026-05-06,QX-BAK-629,13
B-04,2026-05-06,QX-TIN-630,85
B-04,2026-05-06,QX-HHD-631,187
B-04,2026-05-06,QX-PET-632,5
B-04,2026-05-06,QX-BAK-633,147
B-04,2026-05-06,QX-HHD-634,70
B-04,2026-05-06,QX-FRZ-635,235
B-04,2026-05-06,QX-HBC-636,3
B-04,2026-05-06,QX-PRO-637,182
B-04,2026-05-06,QX-BAK-638,143
B-04,2026-05-06,QX-DRK-639,59
B-04,2026-05-06,QX-DRY-640,99
B-04,2026-05-06,QX-BAK-641,82
B-04,2026-05-06,QX-CHL-642,159
B-04,2026-05-06,QX-FRZ-643,104
B-04,2026-05-06,QX-BAK-644,51
B-04,2026-05-06,QX-DRK-645,2
B-04,2026-05-06,QX-FRZ-646,112
B-04,2026-05-06,QX-CER-647,136
B-04,2026-05-06,QX-BAK-648,183
B-04,2026-05-06,QX-BWS-649,78
B-04,2026-05-06,QX-TIN-650,12
B-04,2026-05-06,QX-CER-651,29
B-04,2026-05-06,QX-DRY-652,14
B-04,2026-05-06,QX-BAK-653,20
B-04,2026-05-06,QX-PET-654,93
B-04,2026-05-06,QX-CER-655,140
B-04,2026-05-06,QX-DRK-656,205
B-04,2026-05-06,QX-TIN-657,96
B-04,2026-05-06,QX-DRY-658,47
B-04,2026-05-06,QX-BAK-659,211
B-04,2026-05-06,QX-HHD-660,15
B-04,2026-05-06,QX-DRY-661,190
B-04,2026-05-06,QX-CER-663,150
B-04,2026-05-06,QX-DRY-664,30
B-04,2026-05-06,QX-HHD-665,159
B-04,2026-05-06,QX-CER-666,238
B-04,2026-05-06,QX-DRY-667,225
B-04,2026-05-06,QX-BWS-668,4
B-04,2026-05-06,QX-FRZ-669,40
B-04,2026-05-06,QX-DRK-670,110
B-04,2026-05-06,QX-CER-671,76
B-04,2026-05-06,QX-PRO-672,157
B-04,2026-05-06,QX-PET-674,58
B-04,2026-05-06,QX-TIN-677,164
B-04,2026-05-06,QX-BAK-678,87
B-04,2026-05-06,QX-FRZ-679,201
B-04,2026-05-06,QX-FRZ-680,116
B-04,2026-05-06,QX-CER-681,114
B-04,2026-05-06,QX-HHD-682,
B-04,2026-05-06,QX-BWS-684,92
B-04,2026-05-06,QX-PRO-685,132
B-04,2026-05-06,QX-DRY-686,149
B-04,2026-05-06,QX-FRZ-687,195
B-04,2026-05-06,QX-BAK-688,204
B-04,2026-05-06,QX-BAK-689,232
B-04,2026-05-06,QX-CER-690,206
B-04,2026-05-06,QX-HBC-691,99
B-04,2026-05-06,QX-BAK-692,29
B-04,2026-05-06,QX-BAK-693,210
B-04,2026-05-06,QX-PET-694,87
B-04,2026-05-06,QX-CHL-695,149
B-04,2026-05-06,QX-FRZ-696,156
B-04,2026-05-06,QX-DRY-698,152
B-04,2026-05-06,QX-PRO-699,202
B-04,2026-05-06,QX-PET-700,207
B-04,2026-05-06,QX-CER-702,213
B-04,2026-05-06,QX-BWS-703,138
B-04,2026-05-06,QX-FRZ-704,176
B-04,2026-05-06,QX-DRK-705,148
B-04,2026-05-06,QX-FRZ-706,153
B-04,2026-05-06,QX-CHL-707,191
B-04,2026-05-06,QX-PET-708,34
B-04,2026-05-06,QX-CER-709,147
B-04,2026-05-06,QX-TIN-710,25
B-04,2026-05-06,QX-BAK-711,134
B-04,2026-05-06,QX-TIN-712,
B-04,2026-05-06,QX-PRO-713,172
B-04,2026-05-06,QX-DRK-714,205
B-04,2026-05-06,QX-BAK-715,100
B-04,2026-05-06,QX-CHL-716,90
B-04,2026-05-06,QX-PET-717,49
B-04,2026-05-06,QX-PRO-718,194
B-04,2026-05-06,QX-FRZ-719,229
B-04,2026-05-06,QX-PRO-720,89
B-04,2026-05-06,QX-TIN-721,86
B-04,2026-05-06,QX-DRK-722,89
B-04,2026-05-06,QX-CER-724,186
B-04,2026-05-06,QX-PRO-726,174
B-04,2026-05-06,QX-HBC-727,157
B-04,2026-05-06,QX-HBC-729,186
B-04,2026-05-06,QX-DRK-730,29
B-04,2026-05-06,QX-CHL-732,131
B-04,2026-05-06,QX-DRK-733,206
B-04,2026-05-06,QX-CHL-734,6
B-04,2026-05-06,QX-FRZ-735,138
B-04,2026-05-06,QX-DRK-736,162
B-04,2026-05-06,QX-HBC-737,167
B-04,2026-05-06,QX-CHL-738,8
B-04,2026-05-06,QX-PRO-739,190
B-04,2026-05-06,QX-PET-741,207
B-04,2026-05-06,QX-FRZ-742,97
B-04,2026-05-06,QX-FRZ-743,89
B-04,2026-05-06,QX-CHL-744,12
B-04,2026-05-06,QX-HHD-745,81
B-04,2026-05-06,QX-DRK-746,213
B-04,2026-05-06,QX-BWS-747,177
B-04,2026-05-06,QX-PRO-748,198
B-04,2026-05-06,QX-DRY-749,30
B-04,2026-05-06,QX-TIN-750,80
B-04,2026-05-06,QX-TIN-751,224
B-04,2026-05-06,QX-PET-752,14
B-04,2026-05-06,QX-TIN-753,234
B-04,2026-05-06,QX-FRZ-754,177
B-04,2026-05-06,QX-DRY-755,17
B-04,2026-05-06,QX-DRK-756,208
B-04,2026-05-06,QX-DRK-757,
B-04,2026-05-06,QX-HHD-758,130
B-04,2026-05-06,QX-FRZ-759,152
B-04,2026-05-06,QX-CHL-760,15
B-04,2026-05-06,QX-BAK-761,111
B-04,2026-05-06,QX-HHD-762,138
B-04,2026-05-06,QX-HBC-764,188
B-04,2026-05-06,QX-BAK-765,180
B-04,2026-05-06,QX-BAK-766,46
B-04,2026-05-06,QX-BWS-767,
B-04,2026-05-06,QX-BAK-769,31
B-04,2026-05-06,QX-BAK-770,102
B-04,2026-05-06,QX-PET-771,85
B-04,2026-05-06,QX-DRY-772,155
B-04,2026-05-06,QX-DRY-773,25
B-04,2026-05-06,QX-FRZ-774,110
B-04,2026-05-06,QX-TIN-775,25
B-04,2026-05-06,QX-BAK-777,181
B-04,2026-05-06,QX-HBC-778,9
B-04,2026-05-06,QX-TIN-779,13
B-04,2026-05-06,QX-DRK-780,225
B-04,2026-05-06,QX-PET-781,174
B-04,2026-05-06,QX-HBC-782,148
B-04,2026-05-06,QX-BWS-783,222
B-04,2026-05-06,QX-BWS-785,90
B-04,2026-05-06,QX-CER-786,118
B-04,2026-05-06,QX-DRK-787,41
B-04,2026-05-06,QX-FRZ-788,40
B-04,2026-05-06,QX-PET-789,223
B-04,2026-05-06,QX-HHD-790,80
B-04,2026-05-06,QX-HHD-791,79
B-04,2026-05-06,QX-DRY-792,7
B-04,2026-05-06,QX-PRO-793,8
B-04,2026-05-06,QX-HBC-794,195
B-04,2026-05-06,QX-HBC-795,223
B-04,2026-05-06,QX-BAK-796,141
B-04,2026-05-06,QX-BWS-797,223
B-04,2026-05-06,QX-BWS-798,189
B-04,2026-05-06,QX-BAK-799,15
B-04,2026-05-06,QX-HBC-800,33
B-04,2026-05-06,QX-DRY-802,87
B-04,2026-05-06,QX-HHD-803,80
B-04,2026-05-06,QX-HBC-805,119
B-04,2026-05-06,QX-HBC-806,50
B-04,2026-05-06,QX-PET-807,205
B-04,2026-05-06,QX-HHD-808,64
B-04,2026-05-06,QX-HHD-809,154
B-04,2026-05-06,QX-PET-810,49
B-04,2026-05-06,QX-DRY-811,20
B-04,2026-05-06,QX-BWS-814,226
B-04,2026-05-06,QX-HHD-815,157
B-04,2026-05-06,QX-BAK-816,96
B-04,2026-05-06,QX-PRO-817,21
B-04,2026-05-06,QX-BAK-818,205
B-04,2026-05-06,QX-TIN-819,149
B-04,2026-05-06,QX-BAK-820,41
B-04,2026-05-06,QX-CHL-821,235
B-04,2026-05-06,QX-PET-822,61
B-04,2026-05-06,QX-DRK-823,21
B-04,2026-05-06,QX-FRZ-824,177
B-04,2026-05-06,QX-HHD-825,89
B-04,2026-05-06,QX-HBC-826,109
B-04,2026-05-06,QX-DRK-827,2
B-04,2026-05-06,QX-HBC-828,90
B-04,2026-05-06,QX-HHD-829,55
B-04,2026-05-06,QX-BWS-830,127
B-04,2026-05-06,QX-CER-831,239
B-04,2026-05-06,QX-FRZ-832,184
B-04,2026-05-06,QX-PRO-833,196
B-04,2026-05-06,QX-DRK-834,207
B-04,2026-05-06,QX-DRK-835,111
B-04,2026-05-06,QX-BWS-837,89
B-04,2026-05-06,QX-BWS-838,210
B-04,2026-05-06,QX-DRK-839,45
B-04,2026-05-06,QX-HBC-840,16
B-04,2026-05-06,QX-HHD-841,100
B-04,2026-05-06,QX-PET-842,16
B-04,2026-05-06,QX-DRK-843,97
B-04,2026-05-06,QX-HBC-844,25
B-04,2026-05-06,QX-HHD-845,122
B-04,2026-05-06,QX-CHL-846,80
B-04,2026-05-06,QX-HBC-847,104
B-04,2026-05-06,QX-DRK-849,199
B-04,2026-05-06,QX-BWS-850,27
B-04,2026-05-06,QX-DRY-851,205
B-04,2026-05-06,QX-PRO-852,150
B-04,2026-05-06,QX-PET-853,91
B-04,2026-05-06,QX-HHD-854,80
B-04,2026-05-06,QX-FRZ-855,
B-04,2026-05-06,QX-FRZ-856,216
B-04,2026-05-06,QX-HBC-857,58
B-04,2026-05-06,QX-PRO-858,162
B-04,2026-05-06,QX-FRZ-859,92
B-04,2026-05-06,QX-BAK-860,225
B-04,2026-05-06,QX-PRO-861,203
B-04,2026-05-06,QX-CHL-862,194
B-04,2026-05-06,QX-BWS-864,5
B-04,2026-05-06,QX-TIN-865,93
B-04,2026-05-06,QX-CER-866,178
B-04,2026-05-06,QX-TIN-867,34
B-04,2026-05-06,QX-HBC-868,24
B-04,2026-05-06,QX-FRZ-869,144
B-04,2026-05-06,QX-DRY-870,217
B-04,2026-05-06,QX-DRK-871,105
B-04,2026-05-06,QX-CHL-872,235
B-04,2026-05-06,QX-TIN-873,156
B-04,2026-05-06,QX-CHL-874,109
B-04,2026-05-06,QX-BWS-875,91
B-04,2026-05-06,QX-BWS-876,59
B-04,2026-05-06,QX-BAK-877,17
B-04,2026-05-06,QX-TIN-878,162
B-04,2026-05-06,QX-PRO-879,45
B-04,2026-05-06,QX-PRO-880,72
B-04,2026-05-06,QX-TIN-881,45
B-04,2026-05-06,QX-DRK-882,227
B-04,2026-05-06,QX-CHL-883,96
B-04,2026-05-06,QX-CER-884,177
B-04,2026-05-06,QX-BWS-885,158
B-04,2026-05-06,QX-CER-887,66
B-04,2026-05-06,QX-HHD-888,186
B-04,2026-05-06,QX-PRO-889,86
B-04,2026-05-06,QX-FRZ-890,194
B-04,2026-05-06,QX-CHL-891,173
B-04,2026-05-06,QX-TIN-892,162
B-04,2026-05-06,QX-CHL-893,117
B-04,2026-05-06,QX-HHD-894,27
B-04,2026-05-06,QX-HHD-895,157
B-04,2026-05-06,QX-FRZ-896,179
B-04,2026-05-06,QX-BWS-897,85
B-04,2026-05-06,QX-TIN-898,1
B-04,2026-05-06,QX-BAK-899,218
B-04,2026-05-06,QX-BAK-900,185
B-04,2026-05-06,QX-HBC-901,111
B-04,2026-05-06,QX-PET-902,16
B-04,2026-05-06,QX-DRY-903,155
B-04,2026-05-06,QX-TIN-904,83
B-04,2026-05-06,QX-FRZ-905,13
B-04,2026-05-06,QX-PRO-906,176
B-04,2026-05-06,QX-BWS-907,33
B-04,2026-05-06,QX-BWS-908,101
B-04,2026-05-06,QX-BWS-909,31
B-04,2026-05-06,QX-DRK-910,123
B-04,2026-05-06,QX-BWS-911,93
B-04,2026-05-06,QX-TIN-912,131
B-04,2026-05-06,QX-BAK-913,146
B-04,2026-05-06,QX-DRY-914,156
B-04,2026-05-06,QX-FRZ-915,234
B-04,2026-05-06,QX-PET-916,80
B-04,2026-05-06,QX-BWS-918,3
B-04,2026-05-06,QX-PET-919,93
B-04,2026-05-06,QX-FRZ-921,32
B-04,2026-05-06,QX-PRO-922,140
B-04,2026-05-06,QX-HBC-923,36
B-04,2026-05-06,QX-TIN-926,38
B-04,2026-05-06,QX-FRZ-928,106
B-04,2026-05-06,QX-BAK-929,164
B-04,2026-05-06,QX-PET-930,85
B-04,2026-05-06,QX-HBC-932,56
B-04,2026-05-06,QX-TIN-933,76
B-04,2026-05-06,QX-TIN-934,83
B-04,2026-05-06,QX-DRK-935,151
B-04,2026-05-06,QX-FRZ-936,222
B-04,2026-05-06,QX-HHD-937,80
B-04,2026-05-06,QX-CHL-938,205
B-04,2026-05-06,QX-BWS-939,66
B-04,2026-05-06,QX-DRY-940,95
B-04,2026-05-06,QX-CER-941,148
B-04,2026-05-06,QX-BAK-942,17
B-04,2026-05-06,QX-DRK-943,36
B-04,2026-05-06,QX-PRO-944,5
B-04,2026-05-06,QX-TIN-945,
B-04,2026-05-06,QX-CHL-946,185
B-04,2026-05-06,QX-FRZ-947,234
B-04,2026-05-06,QX-HBC-948,115
B-04,2026-05-06,QX-PRO-949,137
B-04,2026-05-06,QX-BWS-950,164
B-04,2026-05-06,QX-DRY-951,141
B-04,2026-05-06,QX-PRO-952,228
B-04,2026-05-06,QX-HBC-953,50
B-04,2026-05-06,QX-PRO-954,197
B-04,2026-05-06,QX-HHD-956,30
B-04,2026-05-06,QX-HHD-957,120
B-04,2026-05-06,QX-CHL-958,227
B-04,2026-05-06,QX-PRO-959,16
B-04,2026-05-06,QX-PET-960,158
B-04,2026-05-06,QX-FRZ-961,106
B-04,2026-05-06,QX-DRY-962,181
B-04,2026-05-06,QX-PRO-963,104
B-04,2026-05-06,QX-HBC-964,188
B-04,2026-05-06,QX-HBC-965,161
B-04,2026-05-06,QX-FRZ-966,152
B-04,2026-05-06,QX-HHD-967,141
B-04,2026-05-06,QX-CER-968,78
B-04,2026-05-06,QX-HHD-969,116
B-04,2026-05-06,QX-TIN-970,87
B-04,2026-05-06,QX-TIN-971,89
B-04,2026-05-06,QX-CER-972,211
B-04,2026-05-06,QX-HBC-973,63
B-04,2026-05-06,QX-DRK-974,137
B-04,2026-05-06,QX-FRZ-975,103
B-04,2026-05-06,QX-TIN-976,43
B-04,2026-05-06,QX-BWS-977,95
B-04,2026-05-06,QX-PRO-978,144
B-04,2026-05-06,QX-HHD-979,47
B-04,2026-05-06,QX-FRZ-980,140
B-04,2026-05-06,QX-FRZ-981,183
B-04,2026-05-06,QX-DRY-982,37
B-04,2026-05-06,QX-FRZ-983,3
B-04,2026-05-06,QX-HBC-985,
B-04,2026-05-06,QX-DRY-986,
B-04,2026-05-06,QX-CER-987,195
B-04,2026-05-06,QX-HHD-989,217
B-04,2026-05-06,QX-TIN-990,203
B-04,2026-05-06,QX-CER-991,144
B-04,2026-05-06,QX-BWS-992,106
B-04,2026-05-06,QX-CER-993,60
B-04,2026-05-06,QX-DRK-994,89
B-04,2026-05-06,QX-TIN-995,92
B-04,2026-05-06,QX-CER-996,148
B-04,2026-05-06,QX-FRZ-997,174
B-04,2026-05-06,QX-TIN-998,174
B-04,2026-05-06,QX-CER-999,143
B-04,2026-05-06,QX-CER-000,180
B-04,2026-05-06,QX-PRO-001,160
B-04,2026-05-06,QX-PET-002,144
B-04,2026-05-06,QX-HBC-004,216
B-04,2026-05-06,QX-BAK-005,7
B-04,2026-05-06,QX-BWS-006,211
B-04,2026-05-06,QX-DRK-007,231
B-04,2026-05-06,QX-TIN-008,198
B-04,2026-05-06,QX-TIN-009,37
B-04,2026-05-06,QX-CHL-010,81
B-04,2026-05-06,QX-HBC-011,87
B-04,2026-05-06,QX-FRZ-012,5
B-04,2026-05-06,QX-HHD-013,151
B-04,2026-05-06,QX-DRY-014,129
B-04,2026-05-06,QX-PRO-015,118
B-04,2026-05-06,QX-PET-016,143
B-04,2026-05-06,QX-TIN-017,206
B-04,2026-05-06,QX-FRZ-018,165
B-04,2026-05-06,QX-FRZ-019,127
B-04,2026-05-06,QX-CHL-021,
B-04,2026-05-06,QX-PRO-022,57
B-04,2026-05-06,QX-HHD-023,86
B-04,2026-05-06,QX-DRK-024,23
B-04,2026-05-06,QX-FRZ-025,27
B-04,2026-05-06,QX-PRO-026,2
B-04,2026-05-06,QX-HBC-027,28
B-04,2026-05-06,QX-HHD-028,100
B-04,2026-05-06,QX-HHD-029,120
B-04,2026-05-06,QX-DRY-030,8
B-04,2026-05-06,QX-HBC-031,42
B-04,2026-05-06,QX-DRK-032,189
B-04,2026-05-06,QX-TIN-033,129
B-04,2026-05-06,QX-HHD-034,62
B-04,2026-05-06,QX-TIN-035,
B-04,2026-05-06,QX-BAK-036,29
B-04,2026-05-06,QX-TIN-038,191
B-04,2026-05-06,QX-PRO-039,138
B-04,2026-05-06,QX-HBC-040,89
B-04,2026-05-06,QX-DRY-041,222
B-04,2026-05-06,QX-DRK-042,134
B-04,2026-05-06,QX-FRZ-043,83
B-04,2026-05-06,QX-CER-044,161
B-04,2026-05-06,QX-HHD-045,29
B-04,2026-05-06,QX-BAK-046,215
B-04,2026-05-06,QX-CER-047,199
B-04,2026-05-06,QX-HBC-048,183
B-04,2026-05-06,QX-HBC-049,129
B-04,2026-05-06,QX-BWS-050,75
B-04,2026-05-06,QX-PET-052,82
B-04,2026-05-06,QX-FRZ-053,124
B-04,2026-05-06,QX-FRZ-056,6
B-04,2026-05-06,QX-FRZ-057,209
B-04,2026-05-06,QX-DRY-058,69
B-04,2026-05-06,QX-PET-059,96
B-04,2026-05-06,QX-FRZ-060,209
B-04,2026-05-06,QX-BWS-061,26
B-04,2026-05-06,QX-BWS-062,148
B-04,2026-05-06,QX-HHD-063,172
B-04,2026-05-06,QX-FRZ-064,60
B-04,2026-05-06,QX-PET-065,240
B-04,2026-05-06,QX-TIN-066,151
B-04,2026-05-06,QX-HBC-067,19
B-04,2026-05-06,QX-TIN-068,46
B-04,2026-05-06,QX-CER-069,186
B-04,2026-05-06,QX-DRY-070,97
B-04,2026-05-06,QX-DRK-071,115
B-04,2026-05-06,QX-FRZ-072,114
B-04,2026-05-06,QX-HHD-073,122
B-04,2026-05-06,QX-BWS-074,77
B-04,2026-05-06,QX-DRY-075,38
B-04,2026-05-06,QX-DRK-076,230
B-04,2026-05-06,QX-CER-077,227
B-04,2026-05-06,QX-HBC-078,15
B-04,2026-05-06,QX-PRO-079,138
B-04,2026-05-06,QX-FRZ-080,83
B-04,2026-05-06,QX-BWS-081,94
B-04,2026-05-06,QX-CER-082,200
B-04,2026-05-06,QX-DRY-083,39
B-04,2026-05-06,QX-DRY-084,207
B-04,2026-05-06,QX-DRK-085,206
B-04,2026-05-06,QX-HHD-086,67
B-04,2026-05-06,QX-BWS-087,196
B-04,2026-05-06,QX-TIN-088,5
B-04,2026-05-06,QX-HBC-089,212
B-04,2026-05-06,QX-PET-090,73
B-04,2026-05-06,QX-CHL-091,25
B-04,2026-05-06,QX-TIN-092,
B-04,2026-05-06,QX-CER-093,25
B-04,2026-05-06,QX-FRZ-094,163
B-04,2026-05-06,QX-DRK-095,235
B-04,2026-05-06,QX-HHD-096,215
B-04,2026-05-06,QX-FRZ-097,7
B-04,2026-05-06,QX-HBC-098,125
B-04,2026-05-06,QX-BAK-099,76
B-04,2026-05-06,QX-HHD-100,175
B-04,2026-05-06,QX-PET-101,220
B-04,2026-05-06,QX-DRY-104,11
B-04,2026-05-06,QX-BAK-105,
B-04,2026-05-06,QX-FRZ-106,14
B-04,2026-05-06,QX-HBC-107,70
B-04,2026-05-06,QX-CER-108,141
B-04,2026-05-06,QX-DRY-109,113
B-04,2026-05-06,QX-TIN-110,175
B-04,2026-05-06,QX-BWS-111,110
B-04,2026-05-06,QX-DRY-112,160
B-04,2026-05-06,QX-DRK-113,193
B-04,2026-05-06,QX-BWS-114,85
B-04,2026-05-06,QX-DRK-115,228
B-04,2026-05-06,QX-BWS-116,160
B-04,2026-05-06,QX-HHD-117,21
B-04,2026-05-06,QX-DRK-118,155
B-04,2026-05-06,QX-HHD-119,226
B-04,2026-05-06,QX-BAK-120,235
B-04,2026-05-06,QX-PRO-121,171
B-04,2026-05-06,QX-TIN-122,92
B-04,2026-05-06,QX-PET-123,3
B-04,2026-05-06,QX-DRK-124,101
B-04,2026-05-06,QX-HBC-125,214
B-04,2026-05-06,QX-DRY-126,179
B-04,2026-05-06,QX-BAK-127,74
B-04,2026-05-06,QX-PRO-128,17
B-04,2026-05-06,QX-BWS-129,138
B-04,2026-05-06,QX-DRK-130,206
B-04,2026-05-06,QX-PET-131,11
B-04,2026-05-06,QX-CER-132,204
B-04,2026-05-06,QX-DRK-133,107
B-04,2026-05-06,QX-CER-134,89
B-04,2026-05-06,QX-BWS-135,240
B-04,2026-05-06,QX-CHL-136,165
B-04,2026-05-06,QX-TIN-137,94
B-04,2026-05-06,QX-BWS-138,111
B-04,2026-05-06,QX-HHD-139,220
B-04,2026-05-06,QX-TIN-140,110
B-04,2026-05-06,QX-DRY-141,3
B-04,2026-05-06,QX-DRK-142,216
B-04,2026-05-06,QX-FRZ-143,93
B-04,2026-05-06,QX-DRK-144,162
B-04,2026-05-06,QX-FRZ-145,204
B-04,2026-05-06,QX-PRO-146,224
B-04,2026-05-06,QX-CHL-147,238
B-04,2026-05-06,QX-HBC-148,205
B-04,2026-05-06,QX-TIN-149,228
B-04,2026-05-06,QX-PRO-150,43
B-04,2026-05-06,QX-BWS-151,223
B-04,2026-05-06,QX-DRK-152,10
B-04,2026-05-06,QX-TIN-153,25
B-04,2026-05-06,QX-BAK-155,113
B-04,2026-05-06,QX-DRY-156,183
B-04,2026-05-06,QX-PRO-157,77
B-04,2026-05-06,QX-DRY-158,196
B-04,2026-05-06,QX-TIN-159,81
B-04,2026-05-06,QX-CHL-160,136
B-04,2026-05-06,QX-FRZ-161,45
B-04,2026-05-06,QX-BWS-162,157
B-04,2026-05-06,QX-PRO-163,65
B-04,2026-05-06,QX-DRK-164,229
B-04,2026-05-06,QX-BAK-165,209
B-04,2026-05-06,QX-BWS-167,112
B-04,2026-05-06,QX-HHD-168,117
B-04,2026-05-06,QX-HBC-169,81
B-04,2026-05-06,QX-HHD-170,65
B-04,2026-05-06,QX-PRO-171,156
B-04,2026-05-06,QX-CHL-172,105
B-04,2026-05-06,QX-HHD-173,1
B-04,2026-05-06,QX-BAK-174,178
B-04,2026-05-06,QX-TIN-175,206
B-04,2026-05-06,QX-DRK-176,233
B-04,2026-05-06,QX-DRK-177,217
B-04,2026-05-06,QX-CER-178,194
B-04,2026-05-06,QX-HHD-179,179
B-04,2026-05-06,QX-CHL-180,214
B-04,2026-05-06,QX-PET-181,1
B-04,2026-05-06,QX-HHD-182,78
B-04,2026-05-06,QX-DRY-183,85
B-04,2026-05-06,QX-BAK-184,65
B-04,2026-05-06,QX-FRZ-185,174
B-04,2026-05-06,QX-CHL-186,143
B-04,2026-05-06,QX-HBC-187,207
B-04,2026-05-06,QX-BAK-188,91
B-04,2026-05-06,QX-HBC-189,4
B-04,2026-05-06,QX-DRY-191,174
B-04,2026-05-06,QX-PET-192,132
B-04,2026-05-06,QX-DRY-193,136
B-04,2026-05-06,QX-HBC-194,178
B-04,2026-05-06,QX-CHL-195,84
B-04,2026-05-06,QX-DRY-196,85
B-04,2026-05-06,QX-HHD-197,66
B-04,2026-05-06,QX-BAK-198,42
B-04,2026-05-06,QX-DRY-199,145
B-04,2026-05-06,QX-PRO-200,47
B-04,2026-05-06,QX-TIN-202,85
B-04,2026-05-06,QX-HHD-203,58
B-04,2026-05-06,QX-CHL-205,41
B-04,2026-05-06,QX-HHD-206,123
B-04,2026-05-06,QX-CHL-207,71
B-04,2026-05-06,QX-HBC-208,169
B-04,2026-05-06,QX-DRK-209,26
B-04,2026-05-06,QX-TIN-210,57
B-04,2026-05-06,QX-CHL-211,217
B-04,2026-05-06,QX-CER-213,187
B-04,2026-05-06,QX-BAK-217,202
B-04,2026-05-06,QX-HBC-220,197
B-04,2026-05-06,QX-PET-221,68
B-04,2026-05-06,QX-HBC-222,110
B-04,2026-05-06,QX-DRY-224,113
B-04,2026-05-06,QX-HHD-225,100
B-04,2026-05-06,QX-CER-228,130
B-04,2026-05-06,QX-HHD-229,120
B-04,2026-05-06,QX-BWS-230,172
B-04,2026-05-06,QX-HHD-231,125
B-04,2026-05-06,QX-CHL-232,130
B-04,2026-05-06,QX-CHL-233,166
B-04,2026-05-06,QX-PET-234,44
B-04,2026-05-06,QX-BAK-235,214
B-04,2026-05-06,QX-BWS-236,169
B-04,2026-05-06,QX-BWS-237,17
B-04,2026-05-06,QX-HHD-238,70
B-04,2026-05-06,QX-FRZ-240,15
B-04,2026-05-06,QX-DRY-241,
B-04,2026-05-06,QX-CHL-242,17
B-04,2026-05-06,QX-DRK-243,151
B-04,2026-05-06,QX-DRK-244,195
B-04,2026-05-06,QX-CER-245,95
B-04,2026-05-06,QX-CHL-246,127
B-04,2026-05-06,QX-DRY-247,65
B-04,2026-05-06,QX-HBC-248,151
B-04,2026-05-06,QX-HHD-249,146
B-04,2026-05-06,QX-CER-250,233
B-04,2026-05-06,QX-CER-251,92
B-04,2026-05-06,QX-BAK-252,109
B-04,2026-05-06,QX-CHL-253,51
B-04,2026-05-06,QX-BAK-254,108
B-04,2026-05-06,QX-FRZ-255,93
B-04,2026-05-06,QX-DRK-256,41
B-04,2026-05-06,QX-TIN-257,171
B-04,2026-05-06,QX-DRY-258,85
B-04,2026-05-06,QX-DRK-259,221
B-04,2026-05-06,QX-PET-260,98
B-04,2026-05-06,QX-DRY-261,83
B-04,2026-05-06,QX-FRZ-262,196
B-04,2026-05-06,QX-HHD-263,159
B-04,2026-05-06,QX-CER-264,95
B-04,2026-05-06,QX-BWS-265,132
B-04,2026-05-06,QX-BAK-268,184
B-04,2026-05-06,QX-PET-269,150
B-04,2026-05-06,QX-BWS-270,218
B-04,2026-05-06,QX-BWS-271,157
B-04,2026-05-06,QX-CER-272,188
B-04,2026-05-06,QX-PRO-273,
B-04,2026-05-06,QX-DRY-274,148
B-04,2026-05-06,QX-BAK-275,65
B-04,2026-05-06,QX-CER-276,193
B-04,2026-05-06,QX-TIN-277,27
B-04,2026-05-06,QX-TIN-278,95
B-04,2026-05-06,QX-DRK-279,52
B-04,2026-05-06,QX-HBC-280,211
B-04,2026-05-06,QX-BWS-281,44
B-04,2026-05-06,QX-DRY-282,161
B-04,2026-05-06,QX-PET-284,61
B-04,2026-05-06,QX-CER-285,117
B-04,2026-05-06,QX-HHD-286,192
B-04,2026-05-06,QX-CER-288,66
B-04,2026-05-06,QX-FRZ-290,103
B-04,2026-05-06,QX-DRK-291,88
B-04,2026-05-06,QX-HBC-294,
B-04,2026-05-06,QX-HHD-295,92
B-04,2026-05-06,QX-CER-296,210
B-04,2026-05-06,QX-HBC-297,192
B-04,2026-05-06,QX-TIN-298,150
B-04,2026-05-06,QX-CHL-299,32
B-04,2026-05-06,QX-BWS-300,160
B-04,2026-05-06,QX-HBC-303,127
B-04,2026-05-06,QX-CHL-304,53
B-04,2026-05-06,QX-DRY-305,175
B-04,2026-05-06,QX-PRO-306,14
B-04,2026-05-06,QX-HBC-307,105
B-04,2026-05-06,QX-HHD-308,37
B-04,2026-05-06,QX-BWS-311,236
B-04,2026-05-06,QX-DRK-312,58
B-04,2026-05-06,QX-CHL-313,
B-04,2026-05-06,QX-PRO-315,225
B-04,2026-05-06,QX-BAK-316,36
B-04,2026-05-06,QX-TIN-317,65
B-04,2026-05-06,QX-CHL-318,186
B-04,2026-05-06,QX-BWS-319,19
B-04,2026-05-06,QX-PRO-320,36
B-04,2026-05-06,QX-BAK-321,25
B-04,2026-05-06,QX-PET-322,47
B-04,2026-05-06,QX-PET-323,70
B-04,2026-05-06,QX-DRY-324,154
B-04,2026-05-06,QX-PET-325,177
B-04,2026-05-06,QX-DRK-327,39
B-04,2026-05-06,QX-CHL-328,138
B-04,2026-05-06,QX-HBC-329,63
B-04,2026-05-06,QX-DRK-330,233
B-04,2026-05-06,QX-HBC-331,138
B-04,2026-05-06,QX-TIN-332,113
B-04,2026-05-06,QX-BWS-333,17
B-04,2026-05-06,QX-BWS-334,131
B-04,2026-05-06,QX-PET-335,137
B-04,2026-05-06,QX-CHL-336,66
B-04,2026-05-06,QX-CER-337,27
B-04,2026-05-06,QX-DRK-338,228
B-04,2026-05-06,QX-BAK-339,137
B-04,2026-05-06,QX-PRO-341,222
B-04,2026-05-06,QX-BWS-342,88
B-04,2026-05-06,QX-BWS-343,163
B-04,2026-05-06,QX-HBC-345,16
B-04,2026-05-06,QX-BAK-347,155
B-04,2026-05-06,QX-DRY-348,185
B-04,2026-05-06,QX-BWS-350,136
B-04,2026-05-06,QX-HBC-351,11
B-04,2026-05-06,QX-DRK-352,79
B-04,2026-05-06,QX-TIN-353,222
B-04,2026-05-06,QX-CHL-354,145
B-04,2026-05-06,QX-TIN-355,240
B-04,2026-05-06,QX-DRK-356,91
B-04,2026-05-06,QX-HBC-357,191
B-04,2026-05-06,QX-DRY-358,166
B-04,2026-05-06,QX-FRZ-359,2
B-04,2026-05-06,QX-DRY-361,115
B-04,2026-05-06,QX-PET-362,220
B-04,2026-05-06,QX-HHD-364,231
B-04,2026-05-06,QX-DRY-365,122
B-04,2026-05-06,QX-DRY-366,175
B-04,2026-05-06,QX-FRZ-368,89
B-04,2026-05-06,QX-CER-369,100
B-04,2026-05-06,QX-TIN-370,186
B-04,2026-05-06,QX-CER-371,174
B-04,2026-05-06,QX-PRO-373,24
B-04,2026-05-06,QX-DRK-374,195
B-04,2026-05-06,QX-DRK-376,142
B-04,2026-05-06,QX-HHD-377,143
B-04,2026-05-06,QX-TIN-379,135
B-04,2026-05-06,QX-DRK-380,184
B-04,2026-05-06,QX-BWS-381,219
B-04,2026-05-06,QX-BWS-382,
B-04,2026-05-06,QX-CER-383,77
B-04,2026-05-06,QX-CER-384,157
B-04,2026-05-06,QX-HBC-385,75
B-04,2026-05-06,QX-CER-386,96
B-04,2026-05-06,QX-BWS-388,68
B-04,2026-05-06,QX-CHL-389,89
B-04,2026-05-06,QX-DRK-390,28
B-04,2026-05-06,QX-CHL-391,228
B-04,2026-05-06,QX-CER-392,236
B-04,2026-05-06,QX-DRK-393,120
B-04,2026-05-06,QX-BWS-395,
B-04,2026-05-06,QX-BWS-397,125
B-04,2026-05-06,QX-PET-399,27
B-04,2026-05-06,QX-DRY-400,152
B-04,2026-05-06,QX-DRY-401,61
B-04,2026-05-06,QX-DRK-402,209
B-04,2026-05-06,QX-CER-403,
B-04,2026-05-06,QX-BAK-404,64
B-04,2026-05-06,QX-CHL-405,177
B-04,2026-05-06,QX-DRK-406,216
B-04,2026-05-06,QX-HBC-407,16
B-04,2026-05-06,QX-BAK-408,122
B-04,2026-05-06,QX-HHD-409,162
B-04,2026-05-06,QX-PET-410,7
B-04,2026-05-06,QX-BAK-411,178
B-04,2026-05-06,QX-PRO-412,162
B-04,2026-05-06,QX-CHL-413,
B-04,2026-05-06,QX-BAK-414,129
B-04,2026-05-06,QX-DRY-415,130
B-04,2026-05-06,QX-DRY-416,88
B-04,2026-05-06,QX-TIN-417,235
B-04,2026-05-06,QX-PRO-418,10
B-04,2026-05-06,QX-PET-420,110
B-04,2026-05-06,QX-HHD-422,34
B-04,2026-05-06,QX-CER-423,14
B-04,2026-05-06,QX-BWS-424,111
B-04,2026-05-06,QX-PRO-425,207
B-04,2026-05-06,QX-CHL-426,114
B-04,2026-05-06,QX-BWS-428,155
B-04,2026-05-06,QX-DRY-429,151
B-04,2026-05-06,QX-HBC-430,239
B-04,2026-05-06,QX-PET-431,44
B-04,2026-05-06,QX-PET-432,161
B-04,2026-05-06,QX-TIN-434,191
B-04,2026-05-06,QX-FRZ-435,98
B-04,2026-05-06,QX-CER-436,201
B-04,2026-05-06,QX-TIN-437,92
B-04,2026-05-06,QX-CER-438,140
B-04,2026-05-06,QX-CHL-439,222
B-04,2026-05-06,QX-CHL-440,146
B-04,2026-05-06,QX-DRY-441,172
B-04,2026-05-06,QX-DRY-442,187
B-04,2026-05-06,QX-FRZ-443,204
B-04,2026-05-06,QX-DRK-444,23
B-04,2026-05-06,QX-FRZ-445,34
B-04,2026-05-06,QX-CER-446,9
B-04,2026-05-06,QX-CER-447,153
B-04,2026-05-06,QX-CHL-448,118
B-04,2026-05-06,QX-BAK-449,74
B-04,2026-05-06,QX-CER-451,52
B-04,2026-05-06,QX-DRY-452,194
B-02,2026-05-06,QX-CER-001,239
B-02,2026-05-06,QX-CER-002,180
B-02,2026-05-06,QX-DRK-014,94
B-02,2026-05-06,QX-DRK-021,74
B-02,2026-05-06,QX-TIN-032,171
B-02,2026-05-06,QX-TIN-045,144
B-02,2026-05-06,QX-DRY-184,124
B-02,2026-05-06,QX-CHL-007,15
B-02,2026-05-06,QX-FRZ-112,168
B-02,2026-05-06,QX-CHL-200,94
B-02,2026-05-06,QX-DRY-201,155
B-02,2026-05-06,QX-BAK-202,97
B-02,2026-05-06,QX-TIN-203,234
B-02,2026-05-06,QX-BWS-204,82
B-02,2026-05-06,QX-BAK-205,176
B-02,2026-05-06,QX-PET-206,66
B-02,2026-05-06,QX-CER-207,152
B-02,2026-05-06,QX-CER-208,231
B-02,2026-05-06,QX-BWS-209,225
B-02,2026-05-06,QX-PRO-210,182
B-02,2026-05-06,QX-FRZ-211,120
B-02,2026-05-06,QX-PET-212,161
B-02,2026-05-06,QX-PRO-213,103
B-02,2026-05-06,QX-FRZ-214,36
B-02,2026-05-06,QX-CHL-215,39
B-02,2026-05-06,QX-CHL-216,233
B-02,2026-05-06,QX-PET-217,
B-02,2026-05-06,QX-PRO-218,3
B-02,2026-05-06,QX-TIN-219,36
B-02,2026-05-06,QX-HHD-220,60
B-02,2026-05-06,QX-DRK-221,207
B-02,2026-05-06,QX-CER-222,136
B-02,2026-05-06,QX-TIN-223,55
B-02,2026-05-06,QX-DRK-224,75
B-02,2026-05-06,QX-FRZ-225,4
B-02,2026-05-06,QX-CER-226,165
B-02,2026-05-06,QX-TIN-227,75
B-02,2026-05-06,QX-DRY-228,29
B-02,2026-05-06,QX-PRO-229,202
B-02,2026-05-06,QX-CHL-230,234
B-02,2026-05-06,QX-CHL-231,176
B-02,2026-05-06,QX-PET-232,32
B-02,2026-05-06,QX-BAK-233,191
B-02,2026-05-06,QX-HBC-234,51
B-02,2026-05-06,QX-HHD-235,42
B-02,2026-05-06,QX-HHD-236,227
B-02,2026-05-06,QX-HHD-237,36
B-02,2026-05-06,QX-BWS-238,163
B-02,2026-05-06,QX-FRZ-239,158
B-02,2026-05-06,QX-HBC-240,12
B-02,2026-05-06,QX-TIN-241,142
B-02,2026-05-06,QX-PET-242,123
B-02,2026-05-06,QX-DRY-243,25
B-02,2026-05-06,QX-PRO-244,190
B-02,2026-05-06,QX-HBC-245,39
B-02,2026-05-06,QX-BWS-246,37
B-02,2026-05-06,QX-HHD-247,98
B-02,2026-05-06,QX-CER-248,197
B-02,2026-05-06,QX-FRZ-249,179
B-02,2026-05-06,QX-DRY-250,108
B-02,2026-05-06,QX-FRZ-251,121
B-02,2026-05-06,QX-HHD-252,236
B-02,2026-05-06,QX-BWS-253,215
B-02,2026-05-06,QX-DRY-254,96
B-02,2026-05-06,QX-HHD-255,224
B-02,2026-05-06,QX-CER-256,47
B-02,2026-05-06,QX-CHL-257,191
B-02,2026-05-06,QX-TIN-258,179
B-02,2026-05-06,QX-FRZ-259,39
B-02,2026-05-06,QX-HHD-260,238
B-02,2026-05-06,QX-DRK-261,147
B-02,2026-05-06,QX-PRO-262,76
B-02,2026-05-06,QX-BWS-263,205
B-02,2026-05-06,QX-DRY-264,58
B-02,2026-05-06,QX-HBC-265,227
B-02,2026-05-06,QX-HBC-266,6
B-02,2026-05-06,QX-CER-267,
B-02,2026-05-06,QX-HBC-268,221
B-02,2026-05-06,QX-BWS-269,76
B-02,2026-05-06,QX-TIN-270,165
B-02,2026-05-06,QX-TIN-271,42
B-02,2026-05-06,QX-BAK-272,108
B-02,2026-05-06,QX-FRZ-273,
B-02,2026-05-06,QX-CER-274,190
B-02,2026-05-06,QX-CER-275,52
B-02,2026-05-06,QX-DRY-276,38
B-02,2026-05-06,QX-PET-277,3
B-02,2026-05-06,QX-DRY-278,228
B-02,2026-05-06,QX-DRY-279,81
B-02,2026-05-06,QX-DRK-280,149
B-02,2026-05-06,QX-CHL-281,130
B-02,2026-05-06,QX-CER-282,105
B-02,2026-05-06,QX-HBC-283,159
B-02,2026-05-06,QX-HBC-284,124
B-02,2026-05-06,QX-DRK-285,26
B-02,2026-05-06,QX-HBC-286,61
B-02,2026-05-06,QX-CHL-287,87
B-02,2026-05-06,QX-TIN-288,35
B-02,2026-05-06,QX-FRZ-289,148
B-02,2026-05-06,QX-PRO-290,130
B-02,2026-05-06,QX-PRO-291,215
B-02,2026-05-06,QX-BWS-292,162
B-02,2026-05-06,QX-DRY-293,222
B-02,2026-05-06,QX-BAK-294,46
B-02,2026-05-06,QX-BAK-295,0
B-02,2026-05-06,QX-DRK-296,235
B-02,2026-05-06,QX-BAK-297,69
B-02,2026-05-06,QX-PET-298,222
B-02,2026-05-06,QX-BAK-299,36
B-02,2026-05-06,QX-TIN-300,137
B-02,2026-05-06,QX-BWS-301,14
B-02,2026-05-06,QX-BWS-302,182
B-02,2026-05-06,QX-BAK-303,86
B-02,2026-05-06,QX-DRY-304,193
B-02,2026-05-06,QX-FRZ-305,195
B-02,2026-05-06,QX-FRZ-306,200
B-02,2026-05-06,QX-BAK-307,229
B-02,2026-05-06,QX-DRY-308,201
B-02,2026-05-06,QX-DRY-309,145
B-02,2026-05-06,QX-HHD-310,160
B-02,2026-05-06,QX-DRY-311,75
B-02,2026-05-06,QX-DRY-312,12
B-02,2026-05-06,QX-TIN-313,196
B-02,2026-05-06,QX-HBC-314,218
B-02,2026-05-06,QX-HHD-315,96
B-02,2026-05-06,QX-DRY-316,
B-02,2026-05-06,QX-FRZ-317,163
B-02,2026-05-06,QX-HHD-318,204
B-02,2026-05-06,QX-DRY-319,153
B-02,2026-05-06,QX-HBC-320,128
B-02,2026-05-06,QX-CER-321,120
B-02,2026-05-06,QX-CHL-322,179
B-02,2026-05-06,QX-CER-323,170
B-02,2026-05-06,QX-BWS-324,4
B-02,2026-05-06,QX-TIN-325,111
B-02,2026-05-06,QX-CER-326,49
B-02,2026-05-06,QX-BWS-327,165
B-02,2026-05-06,QX-HHD-328,209
B-02,2026-05-06,QX-FRZ-329,79
B-02,2026-05-06,QX-FRZ-330,53
B-02,2026-05-06,QX-CER-331,208
B-02,2026-05-06,QX-HBC-332,173
B-02,2026-05-06,QX-PET-333,115
B-02,2026-05-06,QX-BAK-334,30
B-02,2026-05-06,QX-BAK-335,127
B-02,2026-05-06,QX-CER-336,93
B-02,2026-05-06,QX-HHD-337,190
B-02,2026-05-06,QX-CER-338,115
B-02,2026-05-06,QX-DRY-339,56
B-02,2026-05-06,QX-BAK-340,191
B-02,2026-05-06,QX-DRK-341,234
B-02,2026-05-06,QX-BAK-342,48
B-02,2026-05-06,QX-CHL-343,190
B-02,2026-05-06,QX-HBC-344,222
B-02,2026-05-06,QX-TIN-345,19
B-02,2026-05-06,QX-HHD-346,137
B-02,2026-05-06,QX-TIN-347,87
B-02,2026-05-06,QX-CER-348,9
B-02,2026-05-06,QX-TIN-349,134
B-02,2026-05-06,QX-FRZ-350,56
B-02,2026-05-06,QX-DRY-351,239
B-02,2026-05-06,QX-PET-352,44
B-02,2026-05-06,QX-CER-353,237
B-02,2026-05-06,QX-PRO-354,187
B-02,2026-05-06,QX-PET-355,64
B-02,2026-05-06,QX-PET-356,123
B-02,2026-05-06,QX-DRY-357,60
B-02,2026-05-06,QX-CHL-358,
B-02,2026-05-06,QX-CHL-359,31
B-02,2026-05-06,QX-BWS-360,118
B-02,2026-05-06,QX-CHL-361,157
B-02,2026-05-06,QX-CER-362,9
B-02,2026-05-06,QX-DRK-363,94
B-02,2026-05-06,QX-FRZ-364,9
B-02,2026-05-06,QX-HBC-365,73
B-02,2026-05-06,QX-BWS-366,53
B-02,2026-05-06,QX-BAK-367,139
B-02,2026-05-06,QX-DRK-368,90
B-02,2026-05-06,QX-HHD-369,63
B-02,2026-05-06,QX-PRO-370,125
B-02,2026-05-06,QX-TIN-371,55
B-02,2026-05-06,QX-BWS-372,107
B-02,2026-05-06,QX-DRY-373,146
B-02,2026-05-06,QX-PET-374,146
B-02,2026-05-06,QX-CHL-375,23
B-02,2026-05-06,QX-HBC-376,228
B-02,2026-05-06,QX-TIN-377,
B-02,2026-05-06,QX-HBC-378,33
B-02,2026-05-06,QX-CER-379,46
B-02,2026-05-06,QX-HHD-380,219
B-02,2026-05-06,QX-HBC-381,184
B-02,2026-05-06,QX-TIN-382,181
B-02,2026-05-06,QX-BWS-383,31
B-02,2026-05-06,QX-CHL-384,47
B-02,2026-05-06,QX-PET-385,141
B-02,2026-05-06,QX-BAK-386,51
B-02,2026-05-06,QX-DRK-387,124
B-02,2026-05-06,QX-CHL-388,5
B-02,2026-05-06,QX-FRZ-389,132
B-02,2026-05-06,QX-TIN-390,231
B-02,2026-05-06,QX-BWS-391,213
B-02,2026-05-06,QX-HHD-392,218
B-02,2026-05-06,QX-FRZ-393,124
B-02,2026-05-06,QX-HHD-394,91
B-02,2026-05-06,QX-HHD-395,201
B-02,2026-05-06,QX-HBC-396,165
B-02,2026-05-06,QX-HHD-397,86
B-02,2026-05-06,QX-TIN-398,98
B-02,2026-05-06,QX-CHL-399,7
B-02,2026-05-06,QX-DRK-400,157
B-02,2026-05-06,QX-CER-401,73
B-02,2026-05-06,QX-BWS-402,127
B-02,2026-05-06,QX-PRO-403,11
B-02,2026-05-06,QX-TIN-404,65
B-02,2026-05-06,QX-BWS-405,104
B-02,2026-05-06,QX-HBC-406,224
B-02,2026-05-06,QX-DRK-407,128
B-02,2026-05-06,QX-PRO-408,136
B-02,2026-05-06,QX-PRO-409,225
B-02,2026-05-06,QX-FRZ-410,227
B-02,2026-05-06,QX-PRO-411,229
B-02,2026-05-06,QX-DRK-412,
B-02,2026-05-06,QX-BAK-413,46
B-02,2026-05-06,QX-TIN-414,191
B-02,2026-05-06,QX-PRO-415,69
B-02,2026-05-06,QX-HBC-416,94
B-02,2026-05-06,QX-CER-417,4
B-02,2026-05-06,QX-FRZ-418,145
B-02,2026-05-06,QX-HHD-419,49
B-02,2026-05-06,QX-CHL-420,225
B-02,2026-05-06,QX-DRY-421,113
B-02,2026-05-06,QX-PET-422,139
B-02,2026-05-06,QX-DRY-423,190
B-02,2026-05-06,QX-CHL-424,172
B-02,2026-05-06,QX-PET-425,197
B-02,2026-05-06,QX-DRY-426,152
B-02,2026-05-06,QX-BAK-427,193
B-02,2026-05-06,QX-PRO-428,6
B-02,2026-05-06,QX-DRK-429,61
B-02,2026-05-06,QX-DRK-430,131
B-02,2026-05-06,QX-HHD-431,114
B-02,2026-05-06,QX-PRO-432,97
B-02,2026-05-06,QX-CHL-433,189
B-02,2026-05-06,QX-PRO-434,64
B-02,2026-05-06,QX-CER-435,25
B-02,2026-05-06,QX-TIN-436,33
B-02,2026-05-06,QX-BAK-437,187
B-02,2026-05-06,QX-HBC-438,123
B-02,2026-05-06,QX-FRZ-439,43
B-02,2026-05-06,QX-DRK-440,234
B-02,2026-05-06,QX-BAK-441,222
B-02,2026-05-06,QX-FRZ-442,199
B-02,2026-05-06,QX-BAK-443,121
B-02,2026-05-06,QX-CER-444,24
B-02,2026-05-06,QX-CHL-445,41
B-02,2026-05-06,QX-PRO-446,47
B-02,2026-05-06,QX-BAK-447,56
B-02,2026-05-06,QX-PRO-448,202
B-02,2026-05-06,QX-HBC-449,92
B-02,2026-05-06,QX-CER-450,88
B-02,2026-05-06,QX-FRZ-451,184
B-02,2026-05-06,QX-BAK-452,73
B-02,2026-05-06,QX-FRZ-453,86
B-02,2026-05-06,QX-PET-454,
B-02,2026-05-06,QX-CER-455,202
B-02,2026-05-06,QX-HBC-456,158
B-02,2026-05-06,QX-PET-457,31
B-02,2026-05-06,QX-BAK-458,205
B-02,2026-05-06,QX-HBC-459,130
B-02,2026-05-06,QX-PET-460,44
B-02,2026-05-06,QX-BWS-461,18
B-02,2026-05-06,QX-HBC-462,36
B-02,2026-05-06,QX-PET-463,7
B-02,2026-05-06,QX-DRK-464,236
B-02,2026-05-06,QX-CHL-465,69
B-02,2026-05-06,QX-CER-466,19
B-02,2026-05-06,QX-PET-467,52
B-02,2026-05-06,QX-DRK-468,100
B-02,2026-05-06,QX-PRO-469,29
B-02,2026-05-06,QX-HHD-470,235
B-02,2026-05-06,QX-CER-471,96
B-02,2026-05-06,QX-CER-472,
B-02,2026-05-06,QX-PET-473,161
B-02,2026-05-06,QX-CER-474,65
B-02,2026-05-06,QX-FRZ-475,222
B-02,2026-05-06,QX-DRY-476,6
B-02,2026-05-06,QX-TIN-477,26
B-02,2026-05-06,QX-PRO-478,114
B-02,2026-05-06,QX-BWS-479,165
B-02,2026-05-06,QX-CER-480,5
B-02,2026-05-06,QX-BWS-481,30
B-02,2026-05-06,QX-PRO-482,165
B-02,2026-05-06,QX-CHL-483,138
B-02,2026-05-06,QX-PRO-484,46
B-02,2026-05-06,QX-PRO-485,218
B-02,2026-05-06,QX-BWS-486,148
B-02,2026-05-06,QX-PRO-487,205
B-02,2026-05-06,QX-BAK-488,125
B-02,2026-05-06,QX-DRY-489,219
B-02,2026-05-06,QX-HBC-490,59
B-02,2026-05-06,QX-DRY-491,144
B-02,2026-05-06,QX-BWS-492,5
B-02,2026-05-06,QX-TIN-493,195
B-02,2026-05-06,QX-BAK-494,230
B-02,2026-05-06,QX-CER-495,40
B-02,2026-05-06,QX-BWS-496,45
B-02,2026-05-06,QX-BAK-497,170
B-02,2026-05-06,QX-DRY-498,37
B-02,2026-05-06,QX-DRY-499,161
B-02,2026-05-06,QX-CHL-500,194
B-02,2026-05-06,QX-HBC-501,83
B-02,2026-05-06,QX-DRY-502,205
B-02,2026-05-06,QX-CHL-503,125
B-02,2026-05-06,QX-DRY-504,22
B-02,2026-05-06,QX-BWS-505,100
B-02,2026-05-06,QX-DRY-506,148
B-02,2026-05-06,QX-PET-507,22
B-02,2026-05-06,QX-HHD-508,166
B-02,2026-05-06,QX-DRY-509,92
B-02,2026-05-06,QX-PET-510,237
B-02,2026-05-06,QX-HHD-511,73
B-02,2026-05-06,QX-BAK-512,219
B-02,2026-05-06,QX-DRK-513,108
B-02,2026-05-06,QX-CER-514,204
B-02,2026-05-06,QX-PET-515,126
B-02,2026-05-06,QX-HHD-516,221
B-02,2026-05-06,QX-BAK-517,24
B-02,2026-05-06,QX-CER-518,
B-02,2026-05-06,QX-BAK-519,136
B-02,2026-05-06,QX-CER-520,216
B-02,2026-05-06,QX-DRK-521,165
B-02,2026-05-06,QX-CER-522,148
B-02,2026-05-06,QX-FRZ-523,116
B-02,2026-05-06,QX-DRY-524,212
B-02,2026-05-06,QX-TIN-525,223
B-02,2026-05-06,QX-DRY-526,82
B-02,2026-05-06,QX-PRO-527,120
B-02,2026-05-06,QX-PRO-528,71
B-02,2026-05-06,QX-PET-529,79
B-02,2026-05-06,QX-FRZ-530,202
B-02,2026-05-06,QX-PRO-531,85
B-02,2026-05-06,QX-PET-532,138
B-02,2026-05-06,QX-CHL-533,238
B-02,2026-05-06,QX-BWS-534,94
B-02,2026-05-06,QX-DRY-535,109
B-02,2026-05-06,QX-DRY-536,206
B-02,2026-05-06,QX-DRK-537,214
B-02,2026-05-06,QX-TIN-538,42
B-02,2026-05-06,QX-PRO-539,232
B-02,2026-05-06,QX-PET-540,84
B-02,2026-05-06,QX-DRY-541,83
B-02,2026-05-06,QX-TIN-542,180
B-02,2026-05-06,QX-BWS-543,2
B-02,2026-05-06,QX-DRK-544,60
B-02,2026-05-06,QX-FRZ-545,42
B-02,2026-05-06,QX-BAK-546,201
B-02,2026-05-06,QX-DRK-547,79
B-02,2026-05-06,QX-HBC-548,63
B-02,2026-05-06,QX-DRY-549,19
B-02,2026-05-06,QX-HHD-550,6
B-02,2026-05-06,QX-HBC-551,134
B-02,2026-05-06,QX-CER-552,128
B-02,2026-05-06,QX-BAK-553,217
B-02,2026-05-06,QX-FRZ-554,147
B-02,2026-05-06,QX-DRK-555,63
B-02,2026-05-06,QX-TIN-556,61
B-02,2026-05-06,QX-BWS-557,127
B-02,2026-05-06,QX-HHD-558,134
B-02,2026-05-06,QX-BAK-559,195
B-02,2026-05-06,QX-TIN-560,29
B-02,2026-05-06,QX-CHL-561,150
B-02,2026-05-06,QX-CHL-562,124
B-02,2026-05-06,QX-FRZ-563,45
B-02,2026-05-06,QX-HBC-564,198
B-02,2026-05-06,QX-TIN-565,66
B-02,2026-05-06,QX-PET-566,7
B-02,2026-05-06,QX-DRK-567,160
B-02,2026-05-06,QX-FRZ-568,95
B-02,2026-05-06,QX-FRZ-569,47
B-02,2026-05-06,QX-DRK-570,173
B-02,2026-05-06,QX-FRZ-571,1
B-02,2026-05-06,QX-DRY-572,105
B-02,2026-05-06,QX-TIN-573,113
B-02,2026-05-06,QX-BAK-574,152
B-02,2026-05-06,QX-HBC-575,226
B-02,2026-05-06,QX-HHD-576,40
B-02,2026-05-06,QX-CER-577,152
B-02,2026-05-06,QX-DRY-578,39
B-02,2026-05-06,QX-PET-579,157
B-02,2026-05-06,QX-FRZ-580,13
B-02,2026-05-06,QX-DRY-581,118
B-02,2026-05-06,QX-PET-582,202
B-02,2026-05-06,QX-HBC-583,219
B-02,2026-05-06,QX-DRY-584,81
B-02,2026-05-06,QX-HBC-585,75
B-02,2026-05-06,QX-CHL-586,48
B-02,2026-05-06,QX-TIN-587,228
B-02,2026-05-06,QX-HHD-588,51
B-02,2026-05-06,QX-BAK-589,229
B-02,2026-05-06,QX-DRK-590,95
B-02,2026-05-06,QX-BWS-591,82
B-02,2026-05-06,QX-BAK-592,118
B-02,2026-05-06,QX-FRZ-593,176
B-02,2026-05-06,QX-BAK-594,43
B-02,2026-05-06,QX-CHL-595,178
B-02,2026-05-06,QX-BWS-596,191
B-02,2026-05-06,QX-BAK-597,22
B-02,2026-05-06,QX-FRZ-598,76
B-02,2026-05-06,QX-CHL-599,134
B-02,2026-05-06,QX-DRY-600,109
B-02,2026-05-06,QX-HHD-601,163
B-02,2026-05-06,QX-DRY-602,25
B-02,2026-05-06,QX-DRY-603,35
B-02,2026-05-06,QX-HHD-604,4
B-02,2026-05-06,QX-PET-605,179
B-02,2026-05-06,QX-BAK-606,214
B-02,2026-05-06,QX-HHD-607,173
B-02,2026-05-06,QX-HBC-608,184
B-02,2026-05-06,QX-DRK-609,79
B-02,2026-05-06,QX-DRY-610,56
B-02,2026-05-06,QX-CER-611,47
B-02,2026-05-06,QX-HHD-612,135
B-02,2026-05-06,QX-HHD-613,109
B-02,2026-05-06,QX-BWS-614,11
B-02,2026-05-06,QX-BAK-615,130
B-02,2026-05-06,QX-DRK-616,105
B-02,2026-05-06,QX-DRY-617,
B-02,2026-05-06,QX-HHD-618,70
B-02,2026-05-06,QX-PRO-619,110
B-02,2026-05-06,QX-HBC-620,97
B-02,2026-05-06,QX-BWS-621,113
B-02,2026-05-06,QX-PET-622,20
B-02,2026-05-06,QX-PET-623,214
B-02,2026-05-06,QX-CHL-624,215
B-02,2026-05-06,QX-HBC-625,57
B-02,2026-05-06,QX-BWS-626,236
B-02,2026-05-06,QX-BWS-627,113
B-02,2026-05-06,QX-CER-628,194
B-02,2026-05-06,QX-FRZ-629,56
B-02,2026-05-06,QX-BAK-630,136
B-02,2026-05-06,QX-TIN-631,29
B-02,2026-05-06,QX-PRO-632,122
B-02,2026-05-06,QX-FRZ-633,216
B-02,2026-05-06,QX-DRK-634,
B-02,2026-05-06,QX-TIN-635,180
B-02,2026-05-06,QX-DRY-636,115
B-02,2026-05-06,QX-BAK-637,167
B-02,2026-05-06,QX-CHL-638,19
B-02,2026-05-06,QX-BWS-639,137
B-02,2026-05-06,QX-FRZ-640,97
B-02,2026-05-06,QX-BWS-641,15
B-02,2026-05-06,QX-DRY-642,177
B-02,2026-05-06,QX-DRK-643,234
B-02,2026-05-06,QX-PRO-644,96
B-02,2026-05-06,QX-BAK-645,85
B-02,2026-05-06,QX-CER-646,49
B-02,2026-05-06,QX-TIN-647,147
B-02,2026-05-06,QX-PRO-648,
B-02,2026-05-06,QX-TIN-649,42
B-02,2026-05-06,QX-CHL-650,167
B-02,2026-05-06,QX-TIN-651,25
B-02,2026-05-06,QX-PRO-652,64
B-02,2026-05-06,QX-HBC-653,149
B-02,2026-05-06,QX-DRY-654,102
B-02,2026-05-06,QX-HBC-655,9
B-02,2026-05-06,QX-TIN-656,
B-02,2026-05-06,QX-HBC-657,24
B-02,2026-05-06,QX-BWS-658,159
B-02,2026-05-06,QX-PRO-659,143
B-02,2026-05-06,QX-PRO-660,81
B-02,2026-05-06,QX-BWS-661,219
B-02,2026-05-06,QX-FRZ-662,54
B-02,2026-05-06,QX-HHD-663,161
B-02,2026-05-06,QX-PET-664,148
B-02,2026-05-06,QX-FRZ-665,179
B-02,2026-05-06,QX-BAK-666,160
B-02,2026-05-06,QX-HHD-667,55
B-02,2026-05-06,QX-PET-668,137
B-02,2026-05-06,QX-CHL-669,91
B-02,2026-05-06,QX-HHD-670,94
B-02,2026-05-06,QX-TIN-671,35
B-02,2026-05-06,QX-HHD-672,239
B-02,2026-05-06,QX-FRZ-673,74
B-02,2026-05-06,QX-BAK-674,199
B-02,2026-05-06,QX-BWS-675,115
B-02,2026-05-06,QX-BWS-676,
B-02,2026-05-06,QX-CHL-677,70
B-02,2026-05-06,QX-DRK-678,70
B-02,2026-05-06,QX-PRO-679,107
B-02,2026-05-06,QX-PET-680,83
B-02,2026-05-06,QX-BWS-681,162
B-02,2026-05-06,QX-BAK-682,184
B-02,2026-05-06,QX-HBC-683,234
B-02,2026-05-06,QX-PET-684,125
B-02,2026-05-06,QX-DRK-685,117
B-02,2026-05-06,QX-BAK-686,55
B-02,2026-05-06,QX-DRY-687,138
B-02,2026-05-06,QX-PRO-688,19
B-02,2026-05-06,QX-CER-689,201
B-02,2026-05-06,QX-DRK-690,199
B-02,2026-05-06,QX-PET-691,112
B-02,2026-05-06,QX-CHL-692,107
B-02,2026-05-06,QX-PET-693,232
B-02,2026-05-06,QX-TIN-694,238
B-02,2026-05-06,QX-BAK-695,200
B-02,2026-05-06,QX-DRY-696,69
B-02,2026-05-06,QX-TIN-697,4
B-02,2026-05-06,QX-TIN-698,135
B-02,2026-05-06,QX-CHL-699,137
B-02,2026-05-06,QX-HHD-700,205
B-02,2026-05-06,QX-TIN-701,176
B-02,2026-05-06,QX-BAK-702,48
B-02,2026-05-06,QX-BAK-703,44
B-02,2026-05-06,QX-BWS-704,107
B-02,2026-05-06,QX-HBC-705,5
B-02,2026-05-06,QX-BAK-706,57
B-02,2026-05-06,QX-PET-707,179
B-02,2026-05-06,QX-CHL-708,33
B-02,2026-05-06,QX-FRZ-709,77
B-02,2026-05-06,QX-PET-710,7
B-02,2026-05-06,QX-DRK-711,36
B-02,2026-05-06,QX-DRK-712,141
B-02,2026-05-06,QX-BAK-713,94
B-02,2026-05-06,QX-HHD-714,114
B-02,2026-05-06,QX-PET-715,30
B-02,2026-05-06,QX-DRK-716,17
B-02,2026-05-06,QX-HHD-717,38
B-02,2026-05-06,QX-FRZ-718,121
B-02,2026-05-06,QX-BWS-719,117
B-02,2026-05-06,QX-DRK-720,94
B-02,2026-05-06,QX-PRO-721,20
B-02,2026-05-06,QX-BAK-722,18
B-02,2026-05-06,QX-CHL-723,36
B-02,2026-05-06,QX-FRZ-724,171
B-02,2026-05-06,QX-DRY-725,171
B-02,2026-05-06,QX-BAK-726,147
B-02,2026-05-06,QX-DRK-727,111
B-02,2026-05-06,QX-BWS-728,151
B-02,2026-05-06,QX-FRZ-729,219
B-02,2026-05-06,QX-HBC-730,38
B-02,2026-05-06,QX-CHL-731,72
B-02,2026-05-06,QX-HBC-732,98
B-02,2026-05-06,QX-PRO-733,99
B-02,2026-05-06,QX-FRZ-734,122
B-02,2026-05-06,QX-DRK-735,41
B-02,2026-05-06,QX-HHD-736,228
B-02,2026-05-06,QX-BAK-737,169
B-02,2026-05-06,QX-BWS-738,190
B-02,2026-05-06,QX-BAK-739,188
B-02,2026-05-06,QX-HBC-740,126
B-02,2026-05-06,QX-CER-741,128
B-02,2026-05-06,QX-PRO-742,221
B-02,2026-05-06,QX-DRK-743,118
B-02,2026-05-06,QX-DRK-744,112
B-02,2026-05-06,QX-FRZ-745,103
B-02,2026-05-06,QX-CHL-746,147
B-02,2026-05-06,QX-CHL-747,53
B-02,2026-05-06,QX-HHD-748,107
B-02,2026-05-06,QX-CHL-749,213
B-02,2026-05-06,QX-BWS-750,185
B-02,2026-05-06,QX-PRO-751,128
B-02,2026-05-06,QX-BAK-752,75
B-02,2026-05-06,QX-CHL-753,217
B-02,2026-05-06,QX-BWS-754,105
B-02,2026-05-06,QX-BWS-755,53
B-02,2026-05-06,QX-FRZ-756,
B-02,2026-05-06,QX-CER-757,123
B-02,2026-05-06,QX-DRY-758,157
B-02,2026-05-06,QX-CHL-759,25
B-02,2026-05-06,QX-BWS-760,164
B-02,2026-05-06,QX-PRO-761,116
B-02,2026-05-06,QX-DRK-762,122
B-02,2026-05-06,QX-CHL-763,42
B-02,2026-05-06,QX-HHD-764,40
B-02,2026-05-06,QX-BWS-765,15
B-02,2026-05-06,QX-HHD-766,91
B-02,2026-05-06,QX-DRY-767,198
B-02,2026-05-06,QX-TIN-768,205
B-02,2026-05-06,QX-DRY-769,175
B-02,2026-05-06,QX-CER-770,33
B-02,2026-05-06,QX-FRZ-771,139
B-02,2026-05-06,QX-BWS-772,135
B-02,2026-05-06,QX-PRO-773,210
B-02,2026-05-06,QX-BAK-774,196
B-02,2026-05-06,QX-BAK-775,159
B-02,2026-05-06,QX-PET-776,171
B-02,2026-05-06,QX-CER-777,75
B-02,2026-05-06,QX-BWS-778,176
B-02,2026-05-06,QX-HBC-779,3
B-02,2026-05-06,QX-CER-780,182
B-02,2026-05-06,QX-CER-781,70
B-02,2026-05-06,QX-CHL-782,206
B-02,2026-05-06,QX-HHD-783,175
B-02,2026-05-06,QX-CHL-784,55
B-02,2026-05-06,QX-PRO-785,235
B-02,2026-05-06,QX-HBC-786,8
B-02,2026-05-06,QX-PET-787,81
B-02,2026-05-06,QX-DRY-788,
B-02,2026-05-06,QX-PRO-789,90
B-02,2026-05-06,QX-PET-790,27
B-02,2026-05-06,QX-CER-791,64
B-02,2026-05-06,QX-CHL-792,188
B-02,2026-05-06,QX-HBC-793,230
B-02,2026-05-06,QX-BAK-794,33
B-02,2026-05-06,QX-HHD-795,63
B-02,2026-05-06,QX-DRK-796,126
B-02,2026-05-06,QX-HHD-797,223
B-02,2026-05-06,QX-HBC-798,200
B-02,2026-05-06,QX-FRZ-799,138
B-02,2026-05-06,QX-CER-800,
B-02,2026-05-06,QX-DRK-801,
B-02,2026-05-06,QX-FRZ-802,207
B-02,2026-05-06,QX-HBC-803,22
B-02,2026-05-06,QX-DRK-804,166
B-02,2026-05-06,QX-HHD-805,84
B-02,2026-05-06,QX-FRZ-806,198
B-02,2026-05-06,QX-CHL-807,208
B-02,2026-05-06,QX-PET-808,202
B-02,2026-05-06,QX-BAK-809,40
B-02,2026-05-06,QX-TIN-810,57
B-02,2026-05-06,QX-HBC-811,114
B-02,2026-05-06,QX-PET-812,233
B-02,2026-05-06,QX-FRZ-813,128
B-02,2026-05-06,QX-DRK-814,153
B-02,2026-05-06,QX-CHL-815,58
B-02,2026-05-06,QX-FRZ-816,146
B-02,2026-05-06,QX-DRK-817,15
B-02,2026-05-06,QX-DRY-818,105
B-02,2026-05-06,QX-CER-819,194
B-02,2026-05-06,QX-HHD-820,211
B-02,2026-05-06,QX-HHD-821,190
B-02,2026-05-06,QX-DRK-822,89
B-02,2026-05-06,QX-BWS-823,112
B-02,2026-05-06,QX-PRO-824,207
B-02,2026-05-06,QX-CER-825,70
B-02,2026-05-06,QX-TIN-826,224
B-02,2026-05-06,QX-HHD-827,79
B-02,2026-05-06,QX-CER-828,203
B-02,2026-05-06,QX-PRO-829,89
B-02,2026-05-06,QX-BAK-830,17
B-02,2026-05-06,QX-BWS-831,107
B-02,2026-05-06,QX-BWS-832,189
B-02,2026-05-06,QX-HHD-833,52
B-02,2026-05-06,QX-BAK-834,193
B-02,2026-05-06,QX-DRY-835,20
B-02,2026-05-06,QX-BWS-836,122
B-02,2026-05-06,QX-BAK-837,227
B-02,2026-05-06,QX-PET-838,9
B-02,2026-05-06,QX-BWS-839,128
B-02,2026-05-06,QX-CER-840,52
B-02,2026-05-06,QX-PET-841,234
B-02,2026-05-06,QX-BWS-842,218
B-02,2026-05-06,QX-DRY-843,43
B-02,2026-05-06,QX-HHD-844,94
B-02,2026-05-06,QX-PRO-845,34
B-02,2026-05-06,QX-FRZ-846,23
B-02,2026-05-06,QX-DRK-847,56
B-02,2026-05-06,QX-PRO-848,89
B-02,2026-05-06,QX-BAK-849,8
B-02,2026-05-06,QX-CER-850,170
B-02,2026-05-06,QX-BAK-851,169
B-02,2026-05-06,QX-DRK-852,229
B-02,2026-05-06,QX-TIN-853,81
B-02,2026-05-06,QX-PRO-854,162
B-02,2026-05-06,QX-HHD-855,187
B-02,2026-05-06,QX-TIN-856,187
B-02,2026-05-06,QX-CHL-857,188
B-02,2026-05-06,QX-PET-858,2
B-02,2026-05-06,QX-HHD-859,107
B-02,2026-05-06,QX-TIN-860,70
B-02,2026-05-06,QX-TIN-861,109
B-02,2026-05-06,QX-PET-862,197
B-02,2026-05-06,QX-DRK-863,29
B-02,2026-05-06,QX-BAK-864,237
B-02,2026-05-06,QX-DRY-865,189
B-02,2026-05-06,QX-DRY-866,84
B-02,2026-05-06,QX-HHD-867,65
B-02,2026-05-06,QX-CHL-868,210
B-02,2026-05-06,QX-CER-869,38
B-02,2026-05-06,QX-PRO-870,48
B-02,2026-05-06,QX-DRY-871,205
B-02,2026-05-06,QX-CER-872,101
B-02,2026-05-06,QX-PRO-873,188
B-02,2026-05-06,QX-BAK-874,60
B-02,2026-05-06,QX-TIN-875,26
B-02,2026-05-06,QX-PRO-876,5
B-02,2026-05-06,QX-HBC-877,60
B-02,2026-05-06,QX-HHD-878,99
B-02,2026-05-06,QX-BWS-879,166
B-02,2026-05-06,QX-DRY-880,10
B-02,2026-05-06,QX-PRO-881,110
B-02,2026-05-06,QX-BWS-882,196
B-02,2026-05-06,QX-DRY-883,135
B-02,2026-05-06,QX-TIN-884,170
B-02,2026-05-06,QX-PET-885,19
B-02,2026-05-06,QX-HBC-886,148
B-02,2026-05-06,QX-CHL-887,225
B-02,2026-05-06,QX-CHL-888,146
B-02,2026-05-06,QX-CER-889,86
B-02,2026-05-06,QX-HHD-890,160
B-02,2026-05-06,QX-DRK-891,127
B-02,2026-05-06,QX-HHD-892,227
B-02,2026-05-06,QX-DRY-893,211
B-02,2026-05-06,QX-BWS-894,82
B-02,2026-05-06,QX-PRO-895,81
B-02,2026-05-06,QX-PRO-896,215
B-02,2026-05-06,QX-CHL-897,24
B-02,2026-05-06,QX-PET-898,216
B-02,2026-05-06,QX-PRO-899,195
B-02,2026-05-06,QX-BWS-900,152
B-02,2026-05-06,QX-CER-901,
B-02,2026-05-06,QX-HBC-902,235
B-02,2026-05-06,QX-PET-903,138
B-02,2026-05-06,QX-FRZ-904,175
B-02,2026-05-06,QX-DRK-905,101
B-02,2026-05-06,QX-CHL-906,132
B-02,2026-05-06,QX-FRZ-907,142
B-02,2026-05-06,QX-PET-908,120
B-02,2026-05-06,QX-HHD-909,38
B-02,2026-05-06,QX-DRY-910,7
B-02,2026-05-06,QX-HBC-911,209
B-02,2026-05-06,QX-BAK-912,178
B-02,2026-05-06,QX-DRY-913,102
B-02,2026-05-06,QX-TIN-914,87
B-02,2026-05-06,QX-TIN-915,155
B-02,2026-05-06,QX-FRZ-916,2
B-02,2026-05-06,QX-PRO-917,131
B-02,2026-05-06,QX-PET-918,165
B-02,2026-05-06,QX-BAK-919,
B-02,2026-05-06,QX-HBC-920,128
B-02,2026-05-06,QX-DRY-921,173
B-02,2026-05-06,QX-DRY-922,97
B-02,2026-05-06,QX-BAK-923,110
B-02,2026-05-06,QX-CHL-924,222
B-02,2026-05-06,QX-BAK-925,4
B-02,2026-05-06,QX-HBC-926,217
B-02,2026-05-06,QX-TIN-927,166
B-02,2026-05-06,QX-BWS-928,127
B-02,2026-05-06,QX-DRY-929,193
B-02,2026-05-06,QX-DRK-930,76
B-02,2026-05-06,QX-FRZ-931,
B-02,2026-05-06,QX-PET-932,7
B-02,2026-05-06,QX-CER-933,17
B-02,2026-05-06,QX-PRO-934,
B-02,2026-05-06,QX-TIN-935,53
B-02,2026-05-06,QX-CER-936,124
B-02,2026-05-06,QX-TIN-937,156
B-02,2026-05-06,QX-FRZ-938,47
B-02,2026-05-06,QX-BAK-939,3
B-02,2026-05-06,QX-BWS-940,163
B-02,2026-05-06,QX-BAK-941,144
B-02,2026-05-06,QX-DRK-942,216
B-02,2026-05-06,QX-HHD-943,174
B-02,2026-05-06,QX-TIN-944,190
B-02,2026-05-06,QX-BWS-945,71
B-02,2026-05-06,QX-PET-946,185
B-02,2026-05-06,QX-BAK-947,19
B-02,2026-05-06,QX-BAK-948,32
B-02,2026-05-06,QX-DRK-949,133
B-02,2026-05-06,QX-PRO-950,182
B-02,2026-05-06,QX-TIN-951,10
B-02,2026-05-06,QX-CHL-952,83
B-02,2026-05-06,QX-BAK-953,91
B-02,2026-05-06,QX-CER-954,58
B-02,2026-05-06,QX-TIN-955,7
B-02,2026-05-06,QX-CHL-956,87
B-02,2026-05-06,QX-TIN-957,99
B-02,2026-05-06,QX-DRK-958,24
B-02,2026-05-06,QX-HBC-959,168
B-02,2026-05-06,QX-CER-960,109
B-02,2026-05-06,QX-TIN-961,27
B-02,2026-05-06,QX-BWS-962,36
B-02,2026-05-06,QX-CHL-963,95
B-02,2026-05-06,QX-BAK-964,48
B-02,2026-05-06,QX-BAK-965,100
B-02,2026-05-06,QX-CHL-966,40
B-02,2026-05-06,QX-PET-967,92
B-02,2026-05-06,QX-FRZ-968,149
B-02,2026-05-06,QX-PET-969,164
B-02,2026-05-06,QX-BAK-970,151
B-02,2026-05-06,QX-CHL-971,124
B-02,2026-05-06,QX-DRY-972,84
B-02,2026-05-06,QX-CHL-973,178
B-02,2026-05-06,QX-PET-974,202
B-02,2026-05-06,QX-BAK-975,184
B-02,2026-05-06,QX-HBC-976,48
B-02,2026-05-06,QX-PET-977,201
B-02,2026-05-06,QX-HBC-978,144
B-02,2026-05-06,QX-TIN-979,88
B-02,2026-05-06,QX-TIN-980,118
B-02,2026-05-06,QX-HBC-981,225
B-02,2026-05-06,QX-TIN-982,124
B-02,2026-05-06,QX-PET-983,227
B-02,2026-05-06,QX-FRZ-984,87
B-02,2026-05-06,QX-HHD-985,186
B-02,2026-05-06,QX-CHL-986,21
B-02,2026-05-06,QX-BWS-987,107
B-02,2026-05-06,QX-CER-988,11
B-02,2026-05-06,QX-FRZ-989,238
B-02,2026-05-06,QX-FRZ-990,161
B-02,2026-05-06,QX-PET-991,212
B-02,2026-05-06,QX-HBC-992,231
B-02,2026-05-06,QX-HHD-993,82
B-02,2026-05-06,QX-TIN-994,171
B-02,2026-05-06,QX-CHL-995,194
B-02,2026-05-06,QX-BAK-996,179
B-02,2026-05-06,QX-CER-997,183
B-02,2026-05-06,QX-CHL-998,65
B-02,2026-05-06,QX-PET-999,217
B-02,2026-05-06,QX-DRK-000,101
B-02,2026-05-06,QX-HHD-001,81
B-02,2026-05-06,QX-TIN-002,79
B-02,2026-05-06,QX-HBC-003,58
B-02,2026-05-06,QX-CHL-004,
B-02,2026-05-06,QX-DRK-005,165
B-02,2026-05-06,QX-HHD-006,146
B-02,2026-05-06,QX-TIN-007,171
B-02,2026-05-06,QX-BWS-008,78
B-02,2026-05-06,QX-HBC-009,2
B-02,2026-05-06,QX-PET-010,203
B-02,2026-05-06,QX-FRZ-011,206
B-02,2026-05-06,QX-DRY-012,93
B-02,2026-05-06,QX-CHL-013,118
B-02,2026-05-06,QX-FRZ-014,92
B-02,2026-05-06,QX-BAK-015,209
B-02,2026-05-06,QX-DRY-016,170
B-02,2026-05-06,QX-DRY-017,218
B-02,2026-05-06,QX-CHL-018,72
B-02,2026-05-06,QX-DRY-019,196
B-02,2026-05-06,QX-DRK-020,143
B-02,2026-05-06,QX-DRY-021,231
B-02,2026-05-06,QX-BWS-022,21
B-02,2026-05-06,QX-CHL-023,45
B-02,2026-05-06,QX-FRZ-024,107
B-02,2026-05-06,QX-CHL-025,153
B-02,2026-05-06,QX-DRY-026,57
B-02,2026-05-06,QX-CER-027,204
B-02,2026-05-06,QX-DRK-028,
B-02,2026-05-06,QX-TIN-029,161
B-02,2026-05-06,QX-FRZ-030,177
B-02,2026-05-06,QX-PET-031,216
B-02,2026-05-06,QX-BWS-032,201
B-02,2026-05-06,QX-DRK-033,142
B-02,2026-05-06,QX-FRZ-034,64
B-02,2026-05-06,QX-PRO-035,216
B-02,2026-05-06,QX-HHD-036,42
B-02,2026-05-06,QX-PET-037,62
B-02,2026-05-06,QX-PRO-038,174
B-02,2026-05-06,QX-HBC-039,150
B-02,2026-05-06,QX-TIN-040,146
B-02,2026-05-06,QX-CER-041,214
B-02,2026-05-06,QX-CHL-042,83
B-02,2026-05-06,QX-PRO-043,159
B-02,2026-05-06,QX-DRY-044,102
B-02,2026-05-06,QX-PRO-045,167
B-02,2026-05-06,QX-CER-046,213
B-02,2026-05-06,QX-HHD-047,9
B-02,2026-05-06,QX-CHL-048,142
B-02,2026-05-06,QX-DRY-049,235
B-02,2026-05-06,QX-FRZ-050,48
B-02,2026-05-06,QX-TIN-051,67
B-02,2026-05-06,QX-DRY-052,51
B-02,2026-05-06,QX-DRY-053,182
B-02,2026-05-06,QX-TIN-054,221
B-02,2026-05-06,QX-HBC-055,175
B-02,2026-05-06,QX-DRY-056,228
B-02,2026-05-06,QX-CHL-057,175
B-02,2026-05-06,QX-PET-058,143
B-02,2026-05-06,QX-DRK-059,89
B-02,2026-05-06,QX-HBC-060,186
B-02,2026-05-06,QX-HBC-061,10
B-02,2026-05-06,QX-DRY-062,
B-02,2026-05-06,QX-HBC-063,229
B-02,2026-05-06,QX-CER-064,164
B-02,2026-05-06,QX-BAK-065,38
B-02,2026-05-06,QX-PRO-066,49
B-02,2026-05-06,QX-CHL-067,159
B-02,2026-05-06,QX-BWS-068,156
B-02,2026-05-06,QX-HHD-069,16
B-02,2026-05-06,QX-CHL-070,215
B-02,2026-05-06,QX-PET-071,181
B-02,2026-05-06,QX-CHL-072,170
B-02,2026-05-06,QX-TIN-073,8
B-02,2026-05-06,QX-FRZ-074,67
B-02,2026-05-06,QX-CER-075,189
B-02,2026-05-06,QX-BWS-076,27
B-02,2026-05-06,QX-TIN-077,40
B-02,2026-05-06,QX-CHL-078,152
B-02,2026-05-06,QX-FRZ-079,63
B-02,2026-05-06,QX-TIN-080,94
B-02,2026-05-06,QX-TIN-081,23
B-02,2026-05-06,QX-HBC-082,236
B-02,2026-05-06,QX-PRO-083,7
B-02,2026-05-06,QX-BAK-084,211
B-02,2026-05-06,QX-DRY-085,22
B-02,2026-05-06,QX-FRZ-086,173
B-02,2026-05-06,QX-DRY-087,77
B-02,2026-05-06,QX-PRO-088,
B-02,2026-05-06,QX-PRO-089,74
B-02,2026-05-06,QX-DRY-090,47
B-02,2026-05-06,QX-CER-091,167
B-02,2026-05-06,QX-BWS-092,154
B-02,2026-05-06,QX-TIN-093,213
B-02,2026-05-06,QX-HHD-094,4
B-02,2026-05-06,QX-BAK-095,6
B-02,2026-05-06,QX-FRZ-096,174
B-02,2026-05-06,QX-DRY-097,59
B-02,2026-05-06,QX-DRK-098,45
B-02,2026-05-06,QX-HBC-099,120
B-02,2026-05-06,QX-PET-100,49
B-02,2026-05-06,QX-DRK-101,54
B-02,2026-05-06,QX-FRZ-102,60
B-02,2026-05-06,QX-CER-103,163
B-02,2026-05-06,QX-PRO-104,191
B-02,2026-05-06,QX-HBC-105,44
B-02,2026-05-06,QX-HBC-106,65
B-02,2026-05-06,QX-CHL-107,223
B-02,2026-05-06,QX-TIN-108,190
B-02,2026-05-06,QX-BAK-109,160
B-02,2026-05-06,QX-PET-110,71
B-02,2026-05-06,QX-TIN-111,192
B-02,2026-05-06,QX-CHL-112,27
B-02,2026-05-06,QX-HHD-113,12
B-02,2026-05-06,QX-CHL-114,239
B-02,2026-05-06,QX-HHD-115,106
B-02,2026-05-06,QX-CHL-116,222
B-02,2026-05-06,QX-HBC-117,134
B-02,2026-05-06,QX-TIN-118,57
B-02,2026-05-06,QX-PET-119,188
B-02,2026-05-06,QX-BWS-120,172
B-02,2026-05-06,QX-TIN-121,239
B-02,2026-05-06,QX-CHL-122,208
B-02,2026-05-06,QX-CHL-123,7
B-02,2026-05-06,QX-CER-124,107
B-02,2026-05-06,QX-PET-125,10
B-02,2026-05-06,QX-DRK-126,42
B-02,2026-05-06,QX-HBC-127,205
B-02,2026-05-06,QX-DRY-128,10
B-02,2026-05-06,QX-HHD-129,128
B-02,2026-05-06,QX-BAK-130,13
B-02,2026-05-06,QX-PRO-131,7
B-02,2026-05-06,QX-CHL-132,52
B-02,2026-05-06,QX-HBC-133,142
B-02,2026-05-06,QX-DRK-134,198
B-02,2026-05-06,QX-BAK-135,85
B-02,2026-05-06,QX-HHD-136,122
B-02,2026-05-06,QX-HHD-137,200
B-02,2026-05-06,QX-TIN-138,153
B-02,2026-05-06,QX-CHL-139,43
B-02,2026-05-06,QX-BAK-140,233
B-02,2026-05-06,QX-HHD-141,136
B-02,2026-05-06,QX-CHL-142,230
B-02,2026-05-06,QX-PRO-143,229
B-02,2026-05-06,QX-DRY-144,180
B-02,2026-05-06,QX-HHD-145,11
B-02,2026-05-06,QX-FRZ-146,97
B-02,2026-05-06,QX-BWS-147,73
B-02,2026-05-06,QX-TIN-148,110
B-02,2026-05-06,QX-PRO-149,
B-02,2026-05-06,QX-CER-150,234
B-02,2026-05-06,QX-CER-151,188
B-02,2026-05-06,QX-DRY-152,72
B-02,2026-05-06,QX-DRK-153,183
B-02,2026-05-06,QX-DRY-154,126
B-02,2026-05-06,QX-TIN-155,51
B-02,2026-05-06,QX-PRO-156,193
B-02,2026-05-06,QX-TIN-157,69
B-02,2026-05-06,QX-HHD-158,138
B-02,2026-05-06,QX-PRO-159,83
B-02,2026-05-06,QX-BAK-160,133
B-02,2026-05-06,QX-PRO-161,218
B-02,2026-05-06,QX-BAK-162,232
B-02,2026-05-06,QX-TIN-163,67
B-02,2026-05-06,QX-BWS-164,18
B-02,2026-05-06,QX-HHD-165,174
B-02,2026-05-06,QX-DRY-166,82
B-02,2026-05-06,QX-HBC-167,72
B-02,2026-05-06,QX-DRK-168,220
B-02,2026-05-06,QX-BAK-169,24
B-02,2026-05-06,QX-HBC-170,40
B-02,2026-05-06,QX-CHL-171,96
B-02,2026-05-06,QX-HBC-172,74
B-02,2026-05-06,QX-BAK-173,98
B-02,2026-05-06,QX-HBC-174,203
B-02,2026-05-06,QX-PET-175,213
B-02,2026-05-06,QX-PRO-176,85
B-02,2026-05-06,QX-TIN-177,43
B-02,2026-05-06,QX-HHD-178,62
B-02,2026-05-06,QX-DRY-179,105
B-02,2026-05-06,QX-PRO-180,74
B-02,2026-05-06,QX-BWS-181,30
B-02,2026-05-06,QX-PRO-182,192
B-02,2026-05-06,QX-HHD-183,226
B-02,2026-05-06,QX-PRO-184,113
B-02,2026-05-06,QX-HBC-185,198
B-02,2026-05-06,QX-PET-186,120
B-02,2026-05-06,QX-BAK-187,153
B-02,2026-05-06,QX-PET-188,217
B-02,2026-05-06,QX-DRY-189,176
B-02,2026-05-06,QX-CER-190,94
B-02,2026-05-06,QX-PRO-191,220
B-02,2026-05-06,QX-DRK-192,22
B-02,2026-05-06,QX-TIN-193,212
B-02,2026-05-06,QX-FRZ-194,42
B-02,2026-05-06,QX-HHD-195,10
B-02,2026-05-06,QX-BWS-196,139
B-02,2026-05-06,QX-PET-197,191
B-02,2026-05-06,QX-DRY-198,128
B-02,2026-05-06,QX-TIN-199,7
B-02,2026-05-06,QX-PET-200,194
B-02,2026-05-06,QX-CER-201,79
B-02,2026-05-06,QX-DRK-202,178
B-02,2026-05-06,QX-PRO-204,93
B-02,2026-05-06,QX-PRO-205,128
B-02,2026-05-06,QX-HBC-206,89
B-02,2026-05-06,QX-FRZ-208,204
B-02,2026-05-06,QX-HHD-209,137
B-02,2026-05-06,QX-BWS-210,205
B-02,2026-05-06,QX-PET-211,174
B-02,2026-05-06,QX-HHD-212,156
B-02,2026-05-06,QX-TIN-213,149
B-02,2026-05-06,QX-BAK-214,144
B-02,2026-05-06,QX-DRY-215,116
B-02,2026-05-06,QX-BAK-216,5
B-02,2026-05-06,QX-DRK-217,92
B-02,2026-05-06,QX-BWS-218,61
B-02,2026-05-06,QX-BAK-219,76
B-02,2026-05-06,QX-DRK-220,108
B-02,2026-05-06,QX-BAK-221,143
B-02,2026-05-06,QX-TIN-222,135
B-02,2026-05-06,QX-CER-223,229
B-02,2026-05-06,QX-BWS-224,53
B-02,2026-05-06,QX-CHL-225,198
B-02,2026-05-06,QX-PRO-226,200
B-02,2026-05-06,QX-PRO-227,222
B-02,2026-05-06,QX-PET-228,223
B-02,2026-05-06,QX-TIN-230,171
B-02,2026-05-06,QX-TIN-231,144
B-02,2026-05-06,QX-BWS-232,150
B-02,2026-05-06,QX-BWS-233,17
B-02,2026-05-06,QX-DRY-234,75
B-02,2026-05-06,QX-CER-235,7
B-02,2026-05-06,QX-CER-236,154
B-02,2026-05-06,QX-FRZ-237,87
B-02,2026-05-06,QX-PRO-238,66
B-02,2026-05-06,QX-BAK-239,47
B-02,2026-05-06,QX-HHD-240,68
B-02,2026-05-06,QX-PRO-241,239
B-02,2026-05-06,QX-DRK-242,189
B-02,2026-05-06,QX-BAK-243,86
B-02,2026-05-06,QX-DRY-244,70
B-02,2026-05-06,QX-HHD-245,14
B-02,2026-05-06,QX-PRO-246,2
B-02,2026-05-06,QX-TIN-247,85
B-02,2026-05-06,QX-PET-249,1
B-02,2026-05-06,QX-BAK-250,85
B-02,2026-05-06,QX-DRY-251,123
B-02,2026-05-06,QX-BWS-252,239
B-02,2026-05-06,QX-FRZ-253,188
B-02,2026-05-06,QX-CHL-254,60
B-02,2026-05-06,QX-PET-255,138
B-02,2026-05-06,QX-HHD-256,173
B-02,2026-05-06,QX-BAK-257,82
B-02,2026-05-06,QX-CER-258,189
B-02,2026-05-06,QX-HBC-259,72
B-02,2026-05-06,QX-DRY-260,41
B-02,2026-05-06,QX-TIN-261,219
B-02,2026-05-06,QX-BAK-262,210
B-02,2026-05-06,QX-FRZ-263,180
B-02,2026-05-06,QX-TIN-264,37
B-02,2026-05-06,QX-CER-265,16
B-02,2026-05-06,QX-DRY-266,78
B-02,2026-05-06,QX-TIN-267,178
B-02,2026-05-06,QX-HHD-268,
B-02,2026-05-06,QX-CHL-269,49
B-02,2026-05-06,QX-CER-270,3
B-02,2026-05-06,QX-PET-271,225
B-02,2026-05-06,QX-TIN-272,199
B-02,2026-05-06,QX-CHL-274,49
B-02,2026-05-06,QX-PET-275,164
B-02,2026-05-06,QX-TIN-276,11
B-02,2026-05-06,QX-CER-277,60
B-02,2026-05-06,QX-CER-278,108
B-02,2026-05-06,QX-HBC-279,15
B-02,2026-05-06,QX-BWS-280,190
B-02,2026-05-06,QX-DRK-281,42
B-02,2026-05-06,QX-DRK-282,68
B-02,2026-05-06,QX-BWS-283,9
B-02,2026-05-06,QX-DRY-284,192
B-02,2026-05-06,QX-TIN-285,62
B-02,2026-05-06,QX-PET-286,240
B-02,2026-05-06,QX-BAK-287,3
B-02,2026-05-06,QX-BAK-288,163
B-02,2026-05-06,QX-TIN-289,139
B-02,2026-05-06,QX-TIN-291,120
B-02,2026-05-06,QX-HBC-292,84
B-02,2026-05-06,QX-DRK-293,44
B-02,2026-05-06,QX-HHD-294,127
B-02,2026-05-06,QX-TIN-296,193
B-02,2026-05-06,QX-FRZ-297,208
B-02,2026-05-06,QX-BWS-298,199
B-02,2026-05-06,QX-TIN-299,150
B-02,2026-05-06,QX-HBC-300,47
B-02,2026-05-06,QX-BAK-301,130
B-02,2026-05-06,QX-DRK-302,
B-02,2026-05-06,QX-PRO-303,102
B-02,2026-05-06,QX-CER-304,
B-02,2026-05-06,QX-CER-305,92
B-02,2026-05-06,QX-HBC-306,158
B-02,2026-05-06,QX-BWS-307,53
B-02,2026-05-06,QX-BWS-308,182
B-02,2026-05-06,QX-CER-309,195
B-02,2026-05-06,QX-TIN-311,48
B-02,2026-05-06,QX-TIN-312,30
B-02,2026-05-06,QX-DRY-314,193
B-02,2026-05-06,QX-CHL-315,77
B-02,2026-05-06,QX-BWS-316,193
B-02,2026-05-06,QX-PET-317,63
B-02,2026-05-06,QX-DRK-319,217
B-02,2026-05-06,QX-CER-320,12
B-02,2026-05-06,QX-PRO-321,68
B-02,2026-05-06,QX-TIN-322,232
B-02,2026-05-06,QX-BWS-323,92
B-02,2026-05-06,QX-HBC-324,214
B-02,2026-05-06,QX-HBC-325,217
B-02,2026-05-06,QX-BWS-326,23
B-02,2026-05-06,QX-HBC-327,116
B-02,2026-05-06,QX-TIN-328,139
B-02,2026-05-06,QX-BAK-329,67
B-02,2026-05-06,QX-HHD-330,76
B-02,2026-05-06,QX-CHL-332,88
B-02,2026-05-06,QX-CER-333,52
B-02,2026-05-06,QX-CHL-334,176
B-02,2026-05-06,QX-FRZ-336,215
B-02,2026-05-06,QX-BAK-337,191
B-02,2026-05-06,QX-FRZ-338,209
B-02,2026-05-06,QX-CHL-339,31
B-02,2026-05-06,QX-TIN-340,34
B-02,2026-05-06,QX-DRY-341,177
B-02,2026-05-06,QX-DRK-342,195
B-02,2026-05-06,QX-TIN-343,167
B-02,2026-05-06,QX-FRZ-344,36
B-02,2026-05-06,QX-CHL-345,28
B-02,2026-05-06,QX-FRZ-346,159
B-02,2026-05-06,QX-HHD-347,146
B-02,2026-05-06,QX-DRK-348,65
B-02,2026-05-06,QX-CER-349,124
B-02,2026-05-06,QX-DRY-350,207
B-02,2026-05-06,QX-BAK-351,155
B-02,2026-05-06,QX-CER-352,179
B-02,2026-05-06,QX-HHD-353,70
B-02,2026-05-06,QX-TIN-354,28
B-02,2026-05-06,QX-HBC-355,53
B-02,2026-05-06,QX-TIN-356,223
B-02,2026-05-06,QX-PET-357,212
B-02,2026-05-06,QX-CER-358,114
B-02,2026-05-06,QX-DRY-359,84
B-02,2026-05-06,QX-HHD-360,56
B-02,2026-05-06,QX-DRK-361,6
B-02,2026-05-06,QX-DRK-362,32
B-02,2026-05-06,QX-TIN-363,
B-02,2026-05-06,QX-CER-364,168
B-02,2026-05-06,QX-TIN-365,126
B-02,2026-05-06,QX-HBC-366,54
B-02,2026-05-06,QX-CHL-367,36
B-02,2026-05-06,QX-PRO-368,172
B-02,2026-05-06,QX-DRK-369,133
B-02,2026-05-06,QX-BAK-371,100
B-02,2026-05-06,QX-HHD-372,167
B-02,2026-05-06,QX-CHL-373,15
B-02,2026-05-06,QX-BAK-374,72
B-02,2026-05-06,QX-BWS-375,121
B-02,2026-05-06,QX-CER-376,27
B-02,2026-05-06,QX-BAK-377,153
B-02,2026-05-06,QX-DRK-378,209
B-02,2026-05-06,QX-DRK-379,201
B-02,2026-05-06,QX-TIN-380,116
B-02,2026-05-06,QX-TIN-381,141
B-02,2026-05-06,QX-PET-382,81
B-02,2026-05-06,QX-TIN-383,124
B-02,2026-05-06,QX-BAK-384,185
B-02,2026-05-06,QX-FRZ-385,43
B-02,2026-05-06,QX-BAK-387,108
B-02,2026-05-06,QX-CER-388,98
B-02,2026-05-06,QX-CER-389,36
B-02,2026-05-06,QX-CER-390,148
B-02,2026-05-06,QX-DRY-391,18
B-02,2026-05-06,QX-FRZ-392,125
B-02,2026-05-06,QX-HBC-393,126
B-02,2026-05-06,QX-CER-394,127
B-02,2026-05-06,QX-BAK-395,109
B-02,2026-05-06,QX-FRZ-396,77
B-02,2026-05-06,QX-PET-398,50
B-02,2026-05-06,QX-BAK-400,34
B-02,2026-05-06,QX-HBC-401,8
B-02,2026-05-06,QX-DRY-403,20
B-02,2026-05-06,QX-PET-404,223
B-02,2026-05-06,QX-HBC-405,166
B-02,2026-05-06,QX-DRY-406,55
B-02,2026-05-06,QX-DRY-407,132
B-02,2026-05-06,QX-CHL-409,88
B-02,2026-05-06,QX-HHD-411,149
B-02,2026-05-06,QX-BWS-412,95
B-02,2026-05-06,QX-FRZ-413,92
B-02,2026-05-06,QX-FRZ-414,122
B-02,2026-05-06,QX-FRZ-415,205
B-02,2026-05-06,QX-PET-416,203
B-02,2026-05-06,QX-PET-417,88
B-02,2026-05-06,QX-HHD-418,238
B-02,2026-05-06,QX-BAK-419,90
B-02,2026-05-06,QX-DRK-420,118
B-02,2026-05-06,QX-FRZ-421,204
B-02,2026-05-06,QX-HHD-423,196
B-02,2026-05-06,QX-HBC-424,165
B-02,2026-05-06,QX-CHL-425,155
B-02,2026-05-06,QX-BAK-426,89
B-02,2026-05-06,QX-DRK-427,7
B-02,2026-05-06,QX-PET-428,6
B-02,2026-05-06,QX-CER-429,41
B-02,2026-05-06,QX-FRZ-431,144
B-02,2026-05-06,QX-CHL-432,221
B-02,2026-05-06,QX-PET-433,161
B-02,2026-05-06,QX-CER-434,69
B-02,2026-05-06,QX-PRO-435,215
B-02,2026-05-06,QX-PRO-436,140
B-02,2026-05-06,QX-FRZ-437,152
B-02,2026-05-06,QX-CHL-438,67
B-02,2026-05-06,QX-BWS-439,25
B-02,2026-05-06,QX-FRZ-440,213
B-02,2026-05-06,QX-HHD-441,199
B-02,2026-05-06,QX-HBC-442,169
B-02,2026-05-06,QX-HHD-443,24
B-02,2026-05-06,QX-HHD-445,130
B-02,2026-05-06,QX-PET-446,108
B-02,2026-05-06,QX-TIN-447,235
B-02,2026-05-06,QX-PET-448,48
B-02,2026-05-06,QX-HHD-449,170
B-02,2026-05-06,QX-HHD-450,
B-02,2026-05-06,QX-HBC-452,
B-02,2026-05-06,QX-DRK-453,234
B-02,2026-05-06,QX-PRO-454,233
B-02,2026-05-06,QX-DRK-455,129
B-02,2026-05-06,QX-TIN-456,143
B-02,2026-05-06,QX-HBC-457,59
B-02,2026-05-06,QX-CER-458,113
B-02,2026-05-06,QX-CHL-459,57
B-02,2026-05-06,QX-CER-460,179
B-02,2026-05-06,QX-PET-461,136
B-02,2026-05-06,QX-BAK-462,169
B-02,2026-05-06,QX-TIN-463,9
B-02,2026-05-06,QX-BAK-464,114
B-02,2026-05-06,QX-HBC-465,210
B-02,2026-05-06,QX-CHL-466,174
B-02,2026-05-06,QX-DRK-467,164
B-02,2026-05-06,QX-TIN-468,145
B-02,2026-05-06,QX-HHD-469,52
B-02,2026-05-06,QX-BWS-470,215
B-02,2026-05-06,QX-PET-471,62
B-02,2026-05-06,QX-DRY-472,109
B-02,2026-05-06,QX-CER-473,10
B-02,2026-05-06,QX-DRK-474,2
B-02,2026-05-06,QX-HBC-475,239
B-02,2026-05-06,QX-PET-476,234
B-02,2026-05-06,QX-PRO-477,212
B-02,2026-05-06,QX-FRZ-478,97
B-02,2026-05-06,QX-PET-479,203
B-02,2026-05-06,QX-DRK-480,177
B-02,2026-05-06,QX-TIN-481,76
B-02,2026-05-06,QX-HBC-482,49
B-02,2026-05-06,QX-DRY-483,182
B-02,2026-05-06,QX-TIN-484,6
B-02,2026-05-06,QX-CER-486,237
B-02,2026-05-06,QX-BAK-487,189
B-02,2026-05-06,QX-PRO-488,228
B-02,2026-05-06,QX-DRK-489,227
B-02,2026-05-06,QX-BWS-490,88
B-02,2026-05-06,QX-HBC-491,104
B-02,2026-05-06,QX-FRZ-492,115
B-02,2026-05-06,QX-CHL-493,76
B-02,2026-05-06,QX-HBC-494,141
B-02,2026-05-06,QX-FRZ-495,70
B-02,2026-05-06,QX-HHD-496,50
B-02,2026-05-06,QX-PET-497,156
B-02,2026-05-06,QX-BWS-498,187
B-02,2026-05-06,QX-BAK-499,237
B-02,2026-05-06,QX-FRZ-500,78
B-02,2026-05-06,QX-BAK-501,122
B-02,2026-05-06,QX-PET-503,
B-02,2026-05-06,QX-CER-504,55
B-02,2026-05-06,QX-CER-505,5
B-02,2026-05-06,QX-BAK-506,126
B-02,2026-05-06,QX-CER-507,
B-02,2026-05-06,QX-DRK-508,126
B-02,2026-05-06,QX-BAK-509,156
B-02,2026-05-06,QX-CER-510,156
B-02,2026-05-06,QX-DRK-511,178
B-02,2026-05-06,QX-HHD-512,88
B-02,2026-05-06,QX-CER-513,141
B-02,2026-05-06,QX-HHD-514,41
B-02,2026-05-06,QX-HHD-515,36
B-02,2026-05-06,QX-PET-516,175
B-02,2026-05-06,QX-CHL-517,144
B-02,2026-05-06,QX-BAK-518,141
B-02,2026-05-06,QX-PET-520,75
B-02,2026-05-06,QX-BAK-521,145
B-02,2026-05-06,QX-DRY-522,4
B-02,2026-05-06,QX-PRO-523,63
B-02,2026-05-06,QX-PRO-524,112
B-02,2026-05-06,QX-FRZ-525,160
B-02,2026-05-06,QX-CER-526,201
B-02,2026-05-06,QX-CHL-527,218
B-02,2026-05-06,QX-DRK-528,119
B-02,2026-05-06,QX-CER-529,98
B-02,2026-05-06,QX-CHL-530,22
B-02,2026-05-06,QX-CER-531,84
B-02,2026-05-06,QX-HBC-532,153
B-02,2026-05-06,QX-PET-533,71
B-02,2026-05-06,QX-TIN-534,28
B-02,2026-05-06,QX-FRZ-535,187
B-02,2026-05-06,QX-PET-537,73
B-02,2026-05-06,QX-BAK-538,193
B-02,2026-05-06,QX-HBC-539,85
B-02,2026-05-06,QX-PRO-540,57
B-02,2026-05-06,QX-CHL-541,89
B-02,2026-05-06,QX-CHL-542,39
B-02,2026-05-06,QX-PRO-543,9
B-02,2026-05-06,QX-DRY-544,183
B-02,2026-05-06,QX-HBC-545,154
B-02,2026-05-06,QX-DRK-546,83
B-02,2026-05-06,QX-FRZ-547,228
B-02,2026-05-06,QX-TIN-548,209
B-02,2026-05-06,QX-BWS-549,154
B-02,2026-05-06,QX-CHL-550,
B-02,2026-05-06,QX-HHD-551,
B-02,2026-05-06,QX-TIN-552,121
B-02,2026-05-06,QX-FRZ-553,198
B-02,2026-05-06,QX-HHD-554,4
B-02,2026-05-06,QX-DRY-555,31
B-02,2026-05-06,QX-HHD-556,176
B-02,2026-05-06,QX-TIN-557,28
B-02,2026-05-06,QX-CER-558,61
B-02,2026-05-06,QX-PET-559,209
B-02,2026-05-06,QX-DRK-560,107
B-02,2026-05-06,QX-CER-561,222
B-02,2026-05-06,QX-PRO-562,138
B-02,2026-05-06,QX-HHD-563,81
B-02,2026-05-06,QX-BAK-564,63
B-02,2026-05-06,QX-BAK-565,200
B-02,2026-05-06,QX-FRZ-566,231
B-02,2026-05-06,QX-HHD-568,137
B-02,2026-05-06,QX-BAK-569,8
B-02,2026-05-06,QX-HHD-570,61
B-02,2026-05-06,QX-PET-571,100
B-02,2026-05-06,QX-PET-573,107
B-02,2026-05-06,QX-TIN-574,160
B-02,2026-05-06,QX-PET-575,77
B-02,2026-05-06,QX-HBC-576,229
B-02,2026-05-06,QX-DRY-577,22
B-02,2026-05-06,QX-FRZ-578,220
B-02,2026-05-06,QX-PRO-580,74
B-02,2026-05-06,QX-BAK-581,26
B-02,2026-05-06,QX-FRZ-582,4
B-02,2026-05-06,QX-DRK-583,
B-02,2026-05-06,QX-HHD-584,21
B-02,2026-05-06,QX-HHD-586,201
B-02,2026-05-06,QX-PRO-587,198
B-02,2026-05-06,QX-FRZ-588,235
B-02,2026-05-06,QX-CER-589,6
B-02,2026-05-06,QX-BAK-590,6
B-02,2026-05-06,QX-HBC-591,139
B-02,2026-05-06,QX-TIN-593,220
B-02,2026-05-06,QX-CER-594,231
B-02,2026-05-06,QX-HHD-595,116
B-02,2026-05-06,QX-PRO-596,223
B-02,2026-05-06,QX-BWS-597,123
B-02,2026-05-06,QX-BAK-598,189
B-02,2026-05-06,QX-BAK-599,170
B-02,2026-05-06,QX-DRK-600,106
B-02,2026-05-06,QX-DRK-601,52
B-02,2026-05-06,QX-PET-602,164
B-02,2026-05-06,QX-DRK-603,10
B-02,2026-05-06,QX-BAK-604,186
B-02,2026-05-06,QX-CER-606,217
B-02,2026-05-06,QX-BWS-607,114
B-02,2026-05-06,QX-FRZ-608,7
B-02,2026-05-06,QX-CHL-609,107
B-02,2026-05-06,QX-BAK-610,197
B-02,2026-05-06,QX-BWS-611,34
B-02,2026-05-06,QX-BWS-612,196
B-02,2026-05-06,QX-BAK-613,78
B-02,2026-05-06,QX-FRZ-615,91
B-02,2026-05-06,QX-HHD-616,213
B-02,2026-05-06,QX-CHL-617,32
B-02,2026-05-06,QX-DRY-618,120
B-02,2026-05-06,QX-CER-619,29
B-02,2026-05-06,QX-DRY-620,186
B-02,2026-05-06,QX-HHD-621,204
B-02,2026-05-06,QX-FRZ-622,0
B-02,2026-05-06,QX-FRZ-623,13
B-02,2026-05-06,QX-DRK-624,220
B-02,2026-05-06,QX-FRZ-625,79
B-02,2026-05-06,QX-TIN-626,64
B-02,2026-05-06,QX-CHL-627,149
B-02,2026-05-06,QX-DRK-628,233
B-02,2026-05-06,QX-BAK-629,159
B-02,2026-05-06,QX-TIN-630,97
B-02,2026-05-06,QX-HHD-631,31
B-02,2026-05-06,QX-PET-632,128
B-02,2026-05-06,QX-BAK-633,73
B-02,2026-05-06,QX-HHD-634,
B-02,2026-05-06,QX-FRZ-635,105
B-02,2026-05-06,QX-HBC-636,9
B-02,2026-05-06,QX-PRO-637,203
B-02,2026-05-06,QX-BAK-638,21
B-02,2026-05-06,QX-DRK-639,128
B-02,2026-05-06,QX-DRY-640,240
B-02,2026-05-06,QX-BAK-641,112
B-02,2026-05-06,QX-CHL-642,147
B-02,2026-05-06,QX-FRZ-643,
B-02,2026-05-06,QX-BAK-644,202
B-02,2026-05-06,QX-DRK-645,5
B-02,2026-05-06,QX-FRZ-646,14
B-02,2026-05-06,QX-CER-647,16
B-02,2026-05-06,QX-BAK-648,196
B-02,2026-05-06,QX-BWS-649,179
B-02,2026-05-06,QX-TIN-650,22
B-02,2026-05-06,QX-CER-651,214
B-02,2026-05-06,QX-DRY-652,212
B-02,2026-05-06,QX-BAK-653,218
B-02,2026-05-06,QX-PET-654,156
B-02,2026-05-06,QX-CER-655,
B-02,2026-05-06,QX-DRK-656,67
B-02,2026-05-06,QX-TIN-657,158
B-02,2026-05-06,QX-DRY-658,137
B-02,2026-05-06,QX-BAK-659,188
B-02,2026-05-06,QX-HHD-660,34
B-02,2026-05-06,QX-DRY-661,98
B-02,2026-05-06,QX-CER-663,105
B-02,2026-05-06,QX-DRY-664,213
B-02,2026-05-06,QX-HHD-665,134
B-02,2026-05-06,QX-CER-666,1
B-02,2026-05-06,QX-DRY-667,167
B-02,2026-05-06,QX-BWS-668,119
B-02,2026-05-06,QX-FRZ-669,175
B-02,2026-05-06,QX-DRK-670,147
B-02,2026-05-06,QX-CER-671,31
B-02,2026-05-06,QX-PRO-672,74
B-02,2026-05-06,QX-PET-674,186
B-02,2026-05-06,QX-TIN-677,
B-02,2026-05-06,QX-BAK-678,
B-02,2026-05-06,QX-FRZ-679,67
B-02,2026-05-06,QX-FRZ-680,178
B-02,2026-05-06,QX-CER-681,234
B-02,2026-05-06,QX-HHD-682,27
B-02,2026-05-06,QX-BWS-684,127
B-02,2026-05-06,QX-PRO-685,37
B-02,2026-05-06,QX-DRY-686,103
B-02,2026-05-06,QX-FRZ-687,51
B-02,2026-05-06,QX-BAK-688,45
B-02,2026-05-06,QX-BAK-689,4
B-02,2026-05-06,QX-CER-690,71
B-02,2026-05-06,QX-HBC-691,55
B-02,2026-05-06,QX-BAK-692,187
B-02,2026-05-06,QX-BAK-693,212
B-02,2026-05-06,QX-PET-694,114
B-02,2026-05-06,QX-CHL-695,41
B-02,2026-05-06,QX-FRZ-696,73
B-02,2026-05-06,QX-DRY-698,38
B-02,2026-05-06,QX-PRO-699,237
B-02,2026-05-06,QX-PET-700,196
B-02,2026-05-06,QX-CER-702,113
B-02,2026-05-06,QX-BWS-703,165
B-02,2026-05-06,QX-FRZ-704,
B-02,2026-05-06,QX-DRK-705,214
B-02,2026-05-06,QX-FRZ-706,40
B-02,2026-05-06,QX-CHL-707,132
B-02,2026-05-06,QX-PET-708,42
B-02,2026-05-06,QX-CER-709,141
B-02,2026-05-06,QX-TIN-710,169
B-02,2026-05-06,QX-BAK-711,144
B-02,2026-05-06,QX-TIN-712,3
B-02,2026-05-06,QX-PRO-713,85
B-02,2026-05-06,QX-DRK-714,43
B-02,2026-05-06,QX-BAK-715,214
B-02,2026-05-06,QX-CHL-716,144
B-02,2026-05-06,QX-PET-717,71
B-02,2026-05-06,QX-PRO-718,91
B-02,2026-05-06,QX-FRZ-719,113
B-02,2026-05-06,QX-PRO-720,44
B-02,2026-05-06,QX-TIN-721,222
B-02,2026-05-06,QX-DRK-722,180
B-02,2026-05-06,QX-CER-724,109
B-02,2026-05-06,QX-PRO-726,75
B-02,2026-05-06,QX-HBC-727,181
B-02,2026-05-06,QX-HBC-729,208
B-02,2026-05-06,QX-DRK-730,206
B-02,2026-05-06,QX-CHL-732,178
B-02,2026-05-06,QX-DRK-733,103
B-02,2026-05-06,QX-CHL-734,123
B-02,2026-05-06,QX-FRZ-735,2
B-02,2026-05-06,QX-DRK-736,228
B-02,2026-05-06,QX-HBC-737,7
B-02,2026-05-06,QX-CHL-738,28
B-02,2026-05-06,QX-PRO-739,31
B-02,2026-05-06,QX-PET-741,65
B-02,2026-05-06,QX-FRZ-742,181
B-02,2026-05-06,QX-FRZ-743,115
B-02,2026-05-06,QX-CHL-744,12
B-02,2026-05-06,QX-HHD-745,93
B-02,2026-05-06,QX-DRK-746,202
B-02,2026-05-06,QX-BWS-747,168
B-02,2026-05-06,QX-PRO-748,78
B-02,2026-05-06,QX-DRY-749,189
B-02,2026-05-06,QX-TIN-750,223
B-02,2026-05-06,QX-TIN-751,234
B-02,2026-05-06,QX-PET-752,187
B-02,2026-05-06,QX-TIN-753,212
B-02,2026-05-06,QX-FRZ-754,163
B-02,2026-05-06,QX-DRY-755,125
B-02,2026-05-06,QX-DRK-756,
B-02,2026-05-06,QX-DRK-757,227
B-02,2026-05-06,QX-HHD-758,140
B-02,2026-05-06,QX-FRZ-759,135
B-02,2026-05-06,QX-CHL-760,113
B-02,2026-05-06,QX-BAK-761,238
B-02,2026-05-06,QX-HHD-762,89
B-02,2026-05-06,QX-HBC-764,145
B-02,2026-05-06,QX-BAK-765,190
B-02,2026-05-06,QX-BAK-766,122
B-02,2026-05-06,QX-BWS-767,58
B-02,2026-05-06,QX-BAK-769,187
B-02,2026-05-06,QX-BAK-770,214
B-02,2026-05-06,QX-PET-771,200
B-02,2026-05-06,QX-DRY-772,161
B-02,2026-05-06,QX-DRY-773,190
B-02,2026-05-06,QX-FRZ-774,32
B-02,2026-05-06,QX-TIN-775,135
B-02,2026-05-06,QX-BAK-777,198
B-02,2026-05-06,QX-HBC-778,152
B-02,2026-05-06,QX-TIN-779,179
B-02,2026-05-06,QX-DRK-780,194
B-02,2026-05-06,QX-PET-781,108
B-02,2026-05-06,QX-HBC-782,145
B-02,2026-05-06,QX-BWS-783,83
B-02,2026-05-06,QX-BWS-785,219
B-02,2026-05-06,QX-CER-786,160
B-02,2026-05-06,QX-DRK-787,220
B-02,2026-05-06,QX-FRZ-788,68
B-02,2026-05-06,QX-PET-789,24
B-02,2026-05-06,QX-HHD-790,237
B-02,2026-05-06,QX-HHD-791,99
B-02,2026-05-06,QX-DRY-792,156
B-02,2026-05-06,QX-PRO-793,220
B-02,2026-05-06,QX-HBC-794,50
B-02,2026-05-06,QX-HBC-795,236
B-02,2026-05-06,QX-BAK-796,178
B-02,2026-05-06,QX-BWS-797,239
B-02,2026-05-06,QX-BWS-798,35
B-02,2026-05-06,QX-BAK-799,161
B-02,2026-05-06,QX-HBC-800,29
B-02,2026-05-06,QX-DRY-802,28
B-02,2026-05-06,QX-HHD-803,62
B-02,2026-05-06,QX-HBC-805,100
B-02,2026-05-06,QX-HBC-806,54
B-02,2026-05-06,QX-PET-807,109
B-02,2026-05-06,QX-HHD-808,26
B-02,2026-05-06,QX-HHD-809,48
B-02,2026-05-06,QX-PET-810,226
B-02,2026-05-06,QX-DRY-811,78
B-02,2026-05-06,QX-BWS-814,165
B-02,2026-05-06,QX-HHD-815,117
B-02,2026-05-06,QX-BAK-816,46
B-02,2026-05-06,QX-PRO-817,200
B-02,2026-05-06,QX-BAK-818,8
B-02,2026-05-06,QX-TIN-819,86
B-02,2026-05-06,QX-BAK-820,90
B-02,2026-05-06,QX-CHL-821,169
B-02,2026-05-06,QX-PET-822,1
B-02,2026-05-06,QX-DRK-823,112
B-02,2026-05-06,QX-FRZ-824,225
B-02,2026-05-06,QX-HHD-825,
B-02,2026-05-06,QX-HBC-826,233
B-02,2026-05-06,QX-DRK-827,215
B-02,2026-05-06,QX-HBC-828,107
B-02,2026-05-06,QX-HHD-829,136
B-02,2026-05-06,QX-BWS-830,154
B-02,2026-05-06,QX-CER-831,167
B-02,2026-05-06,QX-FRZ-832,95
B-02,2026-05-06,QX-PRO-833,237
B-02,2026-05-06,QX-DRK-834,111
B-02,2026-05-06,QX-DRK-835,168
B-02,2026-05-06,QX-BWS-837,189
B-02,2026-05-06,QX-BWS-838,157
B-02,2026-05-06,QX-DRK-839,187
B-02,2026-05-06,QX-HBC-840,152
B-02,2026-05-06,QX-HHD-841,90
B-02,2026-05-06,QX-PET-842,6
B-02,2026-05-06,QX-DRK-843,68
B-02,2026-05-06,QX-HBC-844,200
B-02,2026-05-06,QX-HHD-845,141
B-02,2026-05-06,QX-CHL-846,22
B-02,2026-05-06,QX-HBC-847,196
B-02,2026-05-06,QX-DRK-849,36
B-02,2026-05-06,QX-BWS-850,186
B-02,2026-05-06,QX-DRY-851,94
B-02,2026-05-06,QX-PRO-852,149
B-02,2026-05-06,QX-PET-853,44
B-02,2026-05-06,QX-HHD-854,186
B-02,2026-05-06,QX-FRZ-855,0
B-02,2026-05-06,QX-FRZ-856,194
B-02,2026-05-06,QX-HBC-857,7
B-02,2026-05-06,QX-PRO-858,71
B-02,2026-05-06,QX-FRZ-859,24
B-02,2026-05-06,QX-BAK-860,164
B-02,2026-05-06,QX-PRO-861,64
B-02,2026-05-06,QX-CHL-862,237
B-02,2026-05-06,QX-BWS-864,147
B-02,2026-05-06,QX-TIN-865,187
B-02,2026-05-06,QX-CER-866,219
B-02,2026-05-06,QX-TIN-867,189
B-02,2026-05-06,QX-HBC-868,195
B-02,2026-05-06,QX-FRZ-869,79
B-02,2026-05-06,QX-DRY-870,164
B-02,2026-05-06,QX-DRK-871,115
B-02,2026-05-06,QX-CHL-872,167
B-02,2026-05-06,QX-TIN-873,217
B-02,2026-05-06,QX-CHL-874,94
B-02,2026-05-06,QX-BWS-875,102
B-02,2026-05-06,QX-BWS-876,164
B-02,2026-05-06,QX-BAK-877,153
B-02,2026-05-06,QX-TIN-878,199
B-02,2026-05-06,QX-PRO-879,201
B-02,2026-05-06,QX-PRO-880,84
B-02,2026-05-06,QX-TIN-881,238
B-02,2026-05-06,QX-DRK-882,190
B-02,2026-05-06,QX-CHL-883,197
B-02,2026-05-06,QX-CER-884,77
B-02,2026-05-06,QX-BWS-885,6
B-02,2026-05-06,QX-CER-887,79
B-02,2026-05-06,QX-HHD-888,184
B-02,2026-05-06,QX-PRO-889,217
B-02,2026-05-06,QX-FRZ-890,110
B-02,2026-05-06,QX-CHL-891,185
B-02,2026-05-06,QX-TIN-892,17
B-02,2026-05-06,QX-CHL-893,127
B-02,2026-05-06,QX-HHD-894,235
B-02,2026-05-06,QX-HHD-895,185
B-02,2026-05-06,QX-FRZ-896,101
B-02,2026-05-06,QX-BWS-897,11
B-02,2026-05-06,QX-TIN-898,220
B-02,2026-05-06,QX-BAK-899,137
B-02,2026-05-06,QX-BAK-900,100
B-02,2026-05-06,QX-HBC-901,3
B-02,2026-05-06,QX-PET-902,139
B-02,2026-05-06,QX-DRY-903,96
B-02,2026-05-06,QX-TIN-904,78
B-02,2026-05-06,QX-FRZ-905,
B-02,2026-05-06,QX-PRO-906,49
B-02,2026-05-06,QX-BWS-907,138
B-02,2026-05-06,QX-BWS-908,87
B-02,2026-05-06,QX-BWS-909,100
B-02,2026-05-06,QX-DRK-910,133
B-02,2026-05-06,QX-BWS-911,184
B-02,2026-05-06,QX-TIN-912,200
B-02,2026-05-06,QX-BAK-913,14
B-02,2026-05-06,QX-DRY-914,130
B-02,2026-05-06,QX-FRZ-915,40
B-02,2026-05-06,QX-PET-916,88
B-02,2026-05-06,QX-BWS-918,87
B-02,2026-05-06,QX-PET-919,184
B-02,2026-05-06,QX-FRZ-921,59
B-02,2026-05-06,QX-PRO-922,125
B-02,2026-05-06,QX-HBC-923,153
B-02,2026-05-06,QX-TIN-926,146
B-02,2026-05-06,QX-FRZ-928,31
B-02,2026-05-06,QX-BAK-929,162
B-02,2026-05-06,QX-PET-930,118
B-02,2026-05-06,QX-HBC-932,141
B-02,2026-05-06,QX-TIN-933,
B-02,2026-05-06,QX-TIN-934,130
B-02,2026-05-06,QX-DRK-935,226
B-02,2026-05-06,QX-FRZ-936,194
B-02,2026-05-06,QX-HHD-937,80
B-02,2026-05-06,QX-CHL-938,82
B-02,2026-05-06,QX-BWS-939,107
B-02,2026-05-06,QX-DRY-940,126
B-02,2026-05-06,QX-CER-941,82
B-02,2026-05-06,QX-BAK-942,84
B-02,2026-05-06,QX-DRK-943,132
B-02,2026-05-06,QX-PRO-944,199
B-02,2026-05-06,QX-TIN-945,124
B-02,2026-05-06,QX-CHL-946,227
B-02,2026-05-06,QX-FRZ-947,166
B-02,2026-05-06,QX-HBC-948,153
B-02,2026-05-06,QX-PRO-949,224
B-02,2026-05-06,QX-BWS-950,164
B-02,2026-05-06,QX-DRY-951,156
B-02,2026-05-06,QX-PRO-952,99
B-02,2026-05-06,QX-HBC-953,78
B-02,2026-05-06,QX-PRO-954,167
B-02,2026-05-06,QX-HHD-956,68
B-02,2026-05-06,QX-HHD-957,208
B-02,2026-05-06,QX-CHL-958,25
B-02,2026-05-06,QX-PRO-959,25
B-02,2026-05-06,QX-PET-960,0
B-02,2026-05-06,QX-FRZ-961,189
B-02,2026-05-06,QX-DRY-962,46
B-02,2026-05-06,QX-PRO-963,210
B-02,2026-05-06,QX-HBC-964,
B-02,2026-05-06,QX-HBC-965,48
B-02,2026-05-06,QX-FRZ-966,98
B-02,2026-05-06,QX-HHD-967,216
B-02,2026-05-06,QX-CER-968,239
B-02,2026-05-06,QX-HHD-969,202
B-02,2026-05-06,QX-TIN-970,15
B-02,2026-05-06,QX-TIN-971,221
B-02,2026-05-06,QX-CER-972,37
B-02,2026-05-06,QX-HBC-973,103
B-02,2026-05-06,QX-DRK-974,115
B-02,2026-05-06,QX-FRZ-975,157
B-02,2026-05-06,QX-TIN-976,102
B-02,2026-05-06,QX-BWS-977,133
B-02,2026-05-06,QX-PRO-978,177
B-02,2026-05-06,QX-HHD-979,211
B-02,2026-05-06,QX-FRZ-980,89
B-02,2026-05-06,QX-FRZ-981,35
B-02,2026-05-06,QX-DRY-982,105
B-02,2026-05-06,QX-FRZ-983,139
B-02,2026-05-06,QX-HBC-985,60
B-02,2026-05-06,QX-DRY-986,184
B-02,2026-05-06,QX-CER-987,178
B-02,2026-05-06,QX-HHD-989,75
B-02,2026-05-06,QX-TIN-990,149
B-02,2026-05-06,QX-CER-991,171
B-02,2026-05-06,QX-BWS-992,5
B-02,2026-05-06,QX-CER-993,132
B-02,2026-05-06,QX-DRK-994,11
B-02,2026-05-06,QX-TIN-995,50
B-02,2026-05-06,QX-CER-996,74
B-02,2026-05-06,QX-FRZ-997,25
B-02,2026-05-06,QX-TIN-998,186
B-02,2026-05-06,QX-CER-999,201
B-02,2026-05-06,QX-CER-000,233
B-02,2026-05-06,QX-PRO-001,213
B-02,2026-05-06,QX-PET-002,104
B-02,2026-05-06,QX-HBC-004,153
B-02,2026-05-06,QX-BAK-005,5
B-02,2026-05-06,QX-BWS-006,3
B-02,2026-05-06,QX-DRK-007,66
B-02,2026-05-06,QX-TIN-008,96
B-02,2026-05-06,QX-TIN-009,161
B-02,2026-05-06,QX-CHL-010,164
B-02,2026-05-06,QX-HBC-011,177
B-02,2026-05-06,QX-FRZ-012,40
B-02,2026-05-06,QX-HHD-013,202
B-02,2026-05-06,QX-DRY-014,117
B-02,2026-05-06,QX-PRO-015,17
B-02,2026-05-06,QX-PET-016,166
B-02,2026-05-06,QX-TIN-017,196
B-02,2026-05-06,QX-FRZ-018,145
B-02,2026-05-06,QX-FRZ-019,131
B-02,2026-05-06,QX-CHL-021,187
B-02,2026-05-06,QX-PRO-022,72
B-02,2026-05-06,QX-HHD-023,24
B-02,2026-05-06,QX-DRK-024,230
B-02,2026-05-06,QX-FRZ-025,174
B-02,2026-05-06,QX-PRO-026,24
B-02,2026-05-06,QX-HBC-027,81
B-02,2026-05-06,QX-HHD-028,108
B-02,2026-05-06,QX-HHD-029,20
B-02,2026-05-06,QX-DRY-030,194
B-02,2026-05-06,QX-HBC-031,117
B-02,2026-05-06,QX-DRK-032,91
B-02,2026-05-06,QX-TIN-033,73
B-02,2026-05-06,QX-HHD-034,4
B-02,2026-05-06,QX-TIN-035,221
B-02,2026-05-06,QX-BAK-036,193
B-02,2026-05-06,QX-TIN-038,178
B-02,2026-05-06,QX-PRO-039,188
B-02,2026-05-06,QX-HBC-040,187
B-02,2026-05-06,QX-DRY-041,164
B-02,2026-05-06,QX-DRK-042,201
B-02,2026-05-06,QX-FRZ-043,118
B-02,2026-05-06,QX-CER-044,224
B-02,2026-05-06,QX-HHD-045,32
B-02,2026-05-06,QX-BAK-046,31
B-02,2026-05-06,QX-CER-047,73
B-02,2026-05-06,QX-HBC-048,233
B-02,2026-05-06,QX-HBC-049,223
B-02,2026-05-06,QX-BWS-050,95
B-02,2026-05-06,QX-PET-052,160
B-02,2026-05-06,QX-FRZ-053,14
B-02,2026-05-06,QX-FRZ-056,117
B-02,2026-05-06,QX-FRZ-057,233
B-02,2026-05-06,QX-DRY-058,220
B-02,2026-05-06,QX-PET-059,36
B-02,2026-05-06,QX-FRZ-060,71
B-02,2026-05-06,QX-BWS-061,222
B-02,2026-05-06,QX-BWS-062,145
B-02,2026-05-06,QX-HHD-063,144
B-02,2026-05-06,QX-FRZ-064,165
B-02,2026-05-06,QX-PET-065,74
B-02,2026-05-06,QX-TIN-066,43
B-02,2026-05-06,QX-HBC-067,187
B-02,2026-05-06,QX-TIN-068,140
B-02,2026-05-06,QX-CER-069,78
B-02,2026-05-06,QX-DRY-070,204
B-02,2026-05-06,QX-DRK-071,8
B-02,2026-05-06,QX-FRZ-072,230
B-02,2026-05-06,QX-HHD-073,4
B-02,2026-05-06,QX-BWS-074,29
B-02,2026-05-06,QX-DRY-075,15
B-02,2026-05-06,QX-DRK-076,127
B-02,2026-05-06,QX-CER-077,64
B-02,2026-05-06,QX-HBC-078,160
B-02,2026-05-06,QX-PRO-079,108
B-02,2026-05-06,QX-FRZ-080,146
B-02,2026-05-06,QX-BWS-081,7
B-02,2026-05-06,QX-CER-082,131
B-02,2026-05-06,QX-DRY-083,6
B-02,2026-05-06,QX-DRY-084,79
B-02,2026-05-06,QX-DRK-085,148
B-02,2026-05-06,QX-HHD-086,11
B-02,2026-05-06,QX-BWS-087,204
B-02,2026-05-06,QX-TIN-088,
B-02,2026-05-06,QX-HBC-089,173
B-02,2026-05-06,QX-PET-090,215
B-02,2026-05-06,QX-CHL-091,51
B-02,2026-05-06,QX-TIN-092,204
B-02,2026-05-06,QX-CER-093,106
B-02,2026-05-06,QX-FRZ-094,99
B-02,2026-05-06,QX-DRK-095,68
B-02,2026-05-06,QX-HHD-096,95
B-02,2026-05-06,QX-FRZ-097,237
B-02,2026-05-06,QX-HBC-098,135
B-02,2026-05-06,QX-BAK-099,214
B-02,2026-05-06,QX-HHD-100,55
B-02,2026-05-06,QX-PET-101,178
B-02,2026-05-06,QX-DRY-104,64
B-02,2026-05-06,QX-BAK-105,143
B-02,2026-05-06,QX-FRZ-106,191
B-02,2026-05-06,QX-HBC-107,174
B-02,2026-05-06,QX-CER-108,183
B-02,2026-05-06,QX-DRY-109,66
B-02,2026-05-06,QX-TIN-110,118
B-02,2026-05-06,QX-BWS-111,111
B-02,2026-05-06,QX-DRY-112,209
B-02,2026-05-06,QX-DRK-113,18
B-02,2026-05-06,QX-BWS-114,187
B-02,2026-05-06,QX-DRK-115,89
B-02,2026-05-06,QX-BWS-116,73
B-02,2026-05-06,QX-HHD-117,8
B-02,2026-05-06,QX-DRK-118,107
B-02,2026-05-06,QX-HHD-119,198
B-02,2026-05-06,QX-BAK-120,213
B-02,2026-05-06,QX-PRO-121,200
B-02,2026-05-06,QX-TIN-122,58
B-02,2026-05-06,QX-PET-123,138
B-02,2026-05-06,QX-DRK-124,27
B-02,2026-05-06,QX-HBC-125,135
B-02,2026-05-06,QX-DRY-126,17
B-02,2026-05-06,QX-BAK-127,55
B-02,2026-05-06,QX-PRO-128,194
B-02,2026-05-06,QX-BWS-129,238
B-02,2026-05-06,QX-DRK-130,212
B-02,2026-05-06,QX-PET-131,121
B-02,2026-05-06,QX-CER-132,21
B-02,2026-05-06,QX-DRK-133,147
B-02,2026-05-06,QX-CER-134,212
B-02,2026-05-06,QX-BWS-135,
B-02,2026-05-06,QX-CHL-136,119
B-02,2026-05-06,QX-TIN-137,15
B-02,2026-05-06,QX-BWS-138,131
B-02,2026-05-06,QX-HHD-139,115
B-02,2026-05-06,QX-TIN-140,92
B-02,2026-05-06,QX-DRY-141,178
B-02,2026-05-06,QX-DRK-142,205
B-02,2026-05-06,QX-FRZ-143,47
B-02,2026-05-06,QX-DRK-144,66
B-02,2026-05-06,QX-FRZ-145,132
B-02,2026-05-06,QX-PRO-146,195
B-02,2026-05-06,QX-CHL-147,186
B-02,2026-05-06,QX-HBC-148,191
B-02,2026-05-06,QX-TIN-149,89
B-02,2026-05-06,QX-PRO-150,178
B-02,2026-05-06,QX-BWS-151,93
B-02,2026-05-06,QX-DRK-152,55
B-02,2026-05-06,QX-TIN-153,131
B-02,2026-05-06,QX-BAK-155,221
B-02,2026-05-06,QX-DRY-156,29
B-02,2026-05-06,QX-PRO-157,45
B-02,2026-05-06,QX-DRY-158,190
B-02,2026-05-06,QX-TIN-159,67
B-02,2026-05-06,QX-CHL-160,128
B-02,2026-05-06,QX-FRZ-161,109
B-02,2026-05-06,QX-BWS-162,218
B-02,2026-05-06,QX-PRO-163,26
B-02,2026-05-06,QX-DRK-164,92
B-02,2026-05-06,QX-BAK-165,17
B-02,2026-05-06,QX-BWS-167,60
B-02,2026-05-06,QX-HHD-168,39
B-02,2026-05-06,QX-HBC-169,136
B-02,2026-05-06,QX-HHD-170,130
B-02,2026-05-06,QX-PRO-171,84
B-02,2026-05-06,QX-CHL-172,238
B-02,2026-05-06,QX-HHD-173,111
B-02,2026-05-06,QX-BAK-174,231
B-02,2026-05-06,QX-TIN-175,193
B-02,2026-05-06,QX-DRK-176,39
B-02,2026-05-06,QX-DRK-177,204
B-02,2026-05-06,QX-CER-178,165
B-02,2026-05-06,QX-HHD-179,32
B-02,2026-05-06,QX-CHL-180,198
B-02,2026-05-06,QX-PET-181,223
B-02,2026-05-06,QX-HHD-182,150
B-02,2026-05-06,QX-DRY-183,120
B-02,2026-05-06,QX-BAK-184,239
B-02,2026-05-06,QX-FRZ-185,223
B-02,2026-05-06,QX-CHL-186,195
B-02,2026-05-06,QX-HBC-187,117
B-02,2026-05-06,QX-BAK-188,
B-02,2026-05-06,QX-HBC-189,192
B-02,2026-05-06,QX-DRY-191,224
B-02,2026-05-06,QX-PET-192,
B-02,2026-05-06,QX-DRY-193,33
B-02,2026-05-06,QX-HBC-194,53
B-02,2026-05-06,QX-CHL-195,122
B-02,2026-05-06,QX-DRY-196,153
B-02,2026-05-06,QX-HHD-197,221
B-02,2026-05-06,QX-BAK-198,32
B-02,2026-05-06,QX-DRY-199,
B-02,2026-05-06,QX-PRO-200,60
B-02,2026-05-06,QX-TIN-202,106
B-02,2026-05-06,QX-HHD-203,36
B-02,2026-05-06,QX-CHL-205,238
B-02,2026-05-06,QX-HHD-206,94
B-02,2026-05-06,QX-CHL-207,70
B-02,2026-05-06,QX-HBC-208,188
B-02,2026-05-06,QX-DRK-209,85
B-02,2026-05-06,QX-TIN-210,37
B-02,2026-05-06,QX-CHL-211,211
B-02,2026-05-06,QX-CER-213,24
B-02,2026-05-06,QX-BAK-217,231
B-02,2026-05-06,QX-HBC-220,90
B-02,2026-05-06,QX-PET-221,105
B-02,2026-05-06,QX-HBC-222,26
B-02,2026-05-06,QX-DRY-224,9
B-02,2026-05-06,QX-HHD-225,231
B-02,2026-05-06,QX-CER-228,85
B-02,2026-05-06,QX-HHD-229,169
B-02,2026-05-06,QX-BWS-230,206
B-02,2026-05-06,QX-HHD-231,26
B-02,2026-05-06,QX-CHL-232,28
B-02,2026-05-06,QX-CHL-233,44
B-02,2026-05-06,QX-PET-234,26
B-02,2026-05-06,QX-BAK-235,192
B-02,2026-05-06,QX-BWS-236,75
B-02,2026-05-06,QX-BWS-237,10
B-02,2026-05-06,QX-HHD-238,43
B-02,2026-05-06,QX-FRZ-240,181
B-02,2026-05-06,QX-DRY-241,206
B-02,2026-05-06,QX-CHL-242,164
B-02,2026-05-06,QX-DRK-243,58
B-02,2026-05-06,QX-DRK-244,72
B-02,2026-05-06,QX-CER-245,108
B-02,2026-05-06,QX-CHL-246,229
B-02,2026-05-06,QX-DRY-247,48
B-02,2026-05-06,QX-HBC-248,87
B-02,2026-05-06,QX-HHD-249,157
B-02,2026-05-06,QX-CER-250,84
B-02,2026-05-06,QX-CER-251,219
B-02,2026-05-06,QX-BAK-252,235
B-02,2026-05-06,QX-CHL-253,206
B-02,2026-05-06,QX-BAK-254,126
B-02,2026-05-06,QX-FRZ-255,23
B-02,2026-05-06,QX-DRK-256,44
B-02,2026-05-06,QX-TIN-257,225
B-02,2026-05-06,QX-DRY-258,108
B-02,2026-05-06,QX-DRK-259,32
B-02,2026-05-06,QX-PET-260,114
B-02,2026-05-06,QX-DRY-261,52
B-02,2026-05-06,QX-FRZ-262,237
B-02,2026-05-06,QX-HHD-263,100
B-02,2026-05-06,QX-CER-264,89
B-02,2026-05-06,QX-BWS-265,
B-02,2026-05-06,QX-BAK-268,231
B-02,2026-05-06,QX-PET-269,114
B-02,2026-05-06,QX-BWS-270,15
B-02,2026-05-06,QX-BWS-271,238
B-02,2026-05-06,QX-CER-272,183
B-02,2026-05-06,QX-PRO-273,97
B-02,2026-05-06,QX-DRY-274,54
B-02,2026-05-06,QX-BAK-275,30
B-02,2026-05-06,QX-CER-276,55
B-02,2026-05-06,QX-TIN-277,15
B-02,2026-05-06,QX-TIN-278,180
B-02,2026-05-06,QX-DRK-279,65
B-02,2026-05-06,QX-HBC-280,188
B-02,2026-05-06,QX-BWS-281,186
B-02,2026-05-06,QX-DRY-282,85
B-02,2026-05-06,QX-PET-284,2
B-02,2026-05-06,QX-CER-285,94
B-02,2026-05-06,QX-HHD-286,62
B-02,2026-05-06,QX-CER-288,66
B-02,2026-05-06,QX-FRZ-290,199
B-02,2026-05-06,QX-DRK-291,88
B-02,2026-05-06,QX-HBC-294,97
B-02,2026-05-06,QX-HHD-295,2
B-02,2026-05-06,QX-CER-296,136
B-02,2026-05-06,QX-HBC-297,40
B-02,2026-05-06,QX-TIN-298,43
B-02,2026-05-06,QX-CHL-299,4
B-02,2026-05-06,QX-BWS-300,170
B-02,2026-05-06,QX-HBC-303,159
B-02,2026-05-06,QX-CHL-304,85
B-02,2026-05-06,QX-DRY-305,101
B-02,2026-05-06,QX-PRO-306,139
B-02,2026-05-06,QX-HBC-307,104
B-02,2026-05-06,QX-HHD-308,228
B-02,2026-05-06,QX-BWS-311,90
B-02,2026-05-06,QX-DRK-312,152
B-02,2026-05-06,QX-CHL-313,39
B-02,2026-05-06,QX-PRO-315,172
B-02,2026-05-06,QX-BAK-316,160
B-02,2026-05-06,QX-TIN-317,38
B-02,2026-05-06,QX-CHL-318,58
B-02,2026-05-06,QX-BWS-319,95
B-02,2026-05-06,QX-PRO-320,188
B-02,2026-05-06,QX-BAK-321,42
B-02,2026-05-06,QX-PET-322,68
B-02,2026-05-06,QX-PET-323,160
B-02,2026-05-06,QX-DRY-324,177
B-02,2026-05-06,QX-PET-325,76
B-02,2026-05-06,QX-DRK-327,236
B-02,2026-05-06,QX-CHL-328,94
B-02,2026-05-06,QX-HBC-329,106
B-02,2026-05-06,QX-DRK-330,111
B-02,2026-05-06,QX-HBC-331,112
B-02,2026-05-06,QX-TIN-332,168
B-02,2026-05-06,QX-BWS-333,88
B-02,2026-05-06,QX-BWS-334,238
B-02,2026-05-06,QX-PET-335,150
B-02,2026-05-06,QX-CHL-336,236
B-02,2026-05-06,QX-CER-337,211
B-02,2026-05-06,QX-DRK-338,120
B-02,2026-05-06,QX-BAK-339,239
B-02,2026-05-06,QX-PRO-341,152
B-02,2026-05-06,QX-BWS-342,
B-02,2026-05-06,QX-BWS-343,134
B-02,2026-05-06,QX-HBC-345,162
B-02,2026-05-06,QX-BAK-347,11
B-02,2026-05-06,QX-DRY-348,75
B-02,2026-05-06,QX-BWS-350,220
B-02,2026-05-06,QX-HBC-351,208
B-02,2026-05-06,QX-DRK-352,60
B-02,2026-05-06,QX-TIN-353,26
B-02,2026-05-06,QX-CHL-354,50
B-02,2026-05-06,QX-TIN-355,28
B-02,2026-05-06,QX-DRK-356,18
B-02,2026-05-06,QX-HBC-357,109
B-02,2026-05-06,QX-DRY-358,77
B-02,2026-05-06,QX-FRZ-359,30
B-02,2026-05-06,QX-DRY-361,79
B-02,2026-05-06,QX-PET-362,158
B-02,2026-05-06,QX-HHD-364,166
B-02,2026-05-06,QX-DRY-365,20
B-02,2026-05-06,QX-DRY-366,126
B-02,2026-05-06,QX-FRZ-368,85
B-02,2026-05-06,QX-CER-369,61
B-02,2026-05-06,QX-TIN-370,
B-02,2026-05-06,QX-CER-371,147
B-02,2026-05-06,QX-PRO-373,36
B-02,2026-05-06,QX-DRK-374,221
B-02,2026-05-06,QX-DRK-376,148
B-02,2026-05-06,QX-HHD-377,
B-02,2026-05-06,QX-TIN-379,222
B-02,2026-05-06,QX-DRK-380,63
B-02,2026-05-06,QX-BWS-381,31
B-02,2026-05-06,QX-BWS-382,83
B-02,2026-05-06,QX-CER-383,153
B-02,2026-05-06,QX-CER-384,214
B-02,2026-05-06,QX-HBC-385,179
B-02,2026-05-06,QX-CER-386,93
B-02,2026-05-06,QX-BWS-388,83
B-02,2026-05-06,QX-CHL-389,163
B-02,2026-05-06,QX-DRK-390,180
B-02,2026-05-06,QX-CHL-391,172
B-02,2026-05-06,QX-CER-392,92
B-02,2026-05-06,QX-DRK-393,231
B-02,2026-05-06,QX-BWS-395,
B-02,2026-05-06,QX-BWS-397,148
B-02,2026-05-06,QX-PET-399,37
B-02,2026-05-06,QX-DRY-400,4
B-02,2026-05-06,QX-DRY-401,160
B-02,2026-05-06,QX-DRK-402,165
B-02,2026-05-06,QX-CER-403,230
B-02,2026-05-06,QX-BAK-404,150
B-02,2026-05-06,QX-CHL-405,67
B-02,2026-05-06,QX-DRK-406,170
B-02,2026-05-06,QX-HBC-407,181
B-02,2026-05-06,QX-BAK-408,85
B-02,2026-05-06,QX-HHD-409,138
B-02,2026-05-06,QX-PET-410,143
B-02,2026-05-06,QX-BAK-411,40
B-02,2026-05-06,QX-PRO-412,162
B-02,2026-05-06,QX-CHL-413,191
B-02,2026-05-06,QX-BAK-414,97
B-02,2026-05-06,QX-DRY-415,192
B-02,2026-05-06,QX-DRY-416,218
B-02,2026-05-06,QX-TIN-417,101
B-02,2026-05-06,QX-PRO-418,234
B-02,2026-05-06,QX-PET-420,150
B-02,2026-05-06,QX-HHD-422,43
B-02,2026-05-06,QX-CER-423,126
B-02,2026-05-06,QX-BWS-424,
B-02,2026-05-06,QX-PRO-425,
B-02,2026-05-06,QX-CHL-426,233
B-02,2026-05-06,QX-BWS-428,80
B-02,2026-05-06,QX-DRY-429,121
B-02,2026-05-06,QX-HBC-430,202
B-02,2026-05-06,QX-PET-431,124
B-02,2026-05-06,QX-PET-432,190
B-02,2026-05-06,QX-TIN-434,106
B-02,2026-05-06,QX-FRZ-435,194
B-02,2026-05-06,QX-CER-436,53
B-02,2026-05-06,QX-TIN-437,104
B-02,2026-05-06,QX-CER-438,74
B-02,2026-05-06,QX-CHL-439,119
B-02,2026-05-06,QX-CHL-440,200
B-02,2026-05-06,QX-DRY-441,143
B-02,2026-05-06,QX-DRY-442,55
B-02,2026-05-06,QX-FRZ-443,16
B-02,2026-05-06,QX-DRK-444,88
B-02,2026-05-06,QX-FRZ-445,38
B-02,2026-05-06,QX-CER-446,151
B-02,2026-05-06,QX-CER-447,202
B-02,2026-05-06,QX-CHL-448,118
B-02,2026-05-06,QX-BAK-449,196
B-02,2026-05-06,QX-CER-451,32
B-02,2026-05-06,QX-DRY-452,59
B-01,2026-05-06,QX-CER-001,133
B-01,2026-05-06,QX-CER-002,64
B-01,2026-05-06,QX-DRK-014,144
B-01,2026-05-06,QX-DRK-021,234
B-01,2026-05-06,QX-TIN-032,154
B-01,2026-05-06,QX-TIN-045,73
B-01,2026-05-06,QX-DRY-184,16
B-01,2026-05-06,QX-CHL-007,236
B-01,2026-05-06,QX-FRZ-112,82
B-01,2026-05-06,QX-CHL-200,90
B-01,2026-05-06,QX-DRY-201,172
B-01,2026-05-06,QX-BAK-202,22
B-01,2026-05-06,QX-TIN-203,33
B-01,2026-05-06,QX-BWS-204,111
B-01,2026-05-06,QX-BAK-205,78
B-01,2026-05-06,QX-PET-206,85
B-01,2026-05-06,QX-CER-207,88
B-01,2026-05-06,QX-CER-208,25
B-01,2026-05-06,QX-BWS-209,195
B-01,2026-05-06,QX-PRO-210,103
B-01,2026-05-06,QX-FRZ-211,
B-01,2026-05-06,QX-PET-212,224
B-01,2026-05-06,QX-PRO-213,229
B-01,2026-05-06,QX-FRZ-214,13
B-01,2026-05-06,QX-CHL-215,216
B-01,2026-05-06,QX-CHL-216,58
B-01,2026-05-06,QX-PET-217,159
B-01,2026-05-06,QX-PRO-218,87
B-01,2026-05-06,QX-TIN-219,178
B-01,2026-05-06,QX-HHD-220,113
B-01,2026-05-06,QX-DRK-221,228
B-01,2026-05-06,QX-CER-222,170
B-01,2026-05-06,QX-TIN-223,70
B-01,2026-05-06,QX-DRK-224,203
B-01,2026-05-06,QX-FRZ-225,8
B-01,2026-05-06,QX-CER-226,181
B-01,2026-05-06,QX-TIN-227,64
B-01,2026-05-06,QX-DRY-228,191
B-01,2026-05-06,QX-PRO-229,124
B-01,2026-05-06,QX-CHL-230,15
B-01,2026-05-06,QX-CHL-231,232
B-01,2026-05-06,QX-PET-232,54
B-01,2026-05-06,QX-BAK-233,228
B-01,2026-05-06,QX-HBC-234,42
B-01,2026-05-06,QX-HHD-235,63
B-01,2026-05-06,QX-HHD-236,176
B-01,2026-05-06,QX-HHD-237,96
B-01,2026-05-06,QX-BWS-238,133
B-01,2026-05-06,QX-FRZ-239,231
B-01,2026-05-06,QX-HBC-240,91
B-01,2026-05-06,QX-TIN-241,130
B-01,2026-05-06,QX-PET-242,90
B-01,2026-05-06,QX-DRY-243,5
B-01,2026-05-06,QX-PRO-244,72
B-01,2026-05-06,QX-HBC-245,200
B-01,2026-05-06,QX-BWS-246,14
B-01,2026-05-06,QX-HHD-247,85
B-01,2026-05-06,QX-CER-248,3
B-01,2026-05-06,QX-FRZ-249,37
B-01,2026-05-06,QX-DRY-250,157
B-01,2026-05-06,QX-FRZ-251,209
B-01,2026-05-06,QX-HHD-252,57
B-01,2026-05-06,QX-BWS-253,
B-01,2026-05-06,QX-DRY-254,49
B-01,2026-05-06,QX-HHD-255,5
B-01,2026-05-06,QX-CER-256,211
B-01,2026-05-06,QX-CHL-257,206
B-01,2026-05-06,QX-TIN-258,19
B-01,2026-05-06,QX-FRZ-259,145
B-01,2026-05-06,QX-HHD-260,16
B-01,2026-05-06,QX-DRK-261,201
B-01,2026-05-06,QX-PRO-262,208
B-01,2026-05-06,QX-BWS-263,12
B-01,2026-05-06,QX-DRY-264,201
B-01,2026-05-06,QX-HBC-265,34
B-01,2026-05-06,QX-HBC-266,90
B-01,2026-05-06,QX-CER-267,111
B-01,2026-05-06,QX-HBC-268,45
B-01,2026-05-06,QX-BWS-269,76
B-01,2026-05-06,QX-TIN-270,193
B-01,2026-05-06,QX-TIN-271,137
B-01,2026-05-06,QX-BAK-272,194
B-01,2026-05-06,QX-FRZ-273,6
B-01,2026-05-06,QX-CER-274,150
B-01,2026-05-06,QX-CER-275,176
B-01,2026-05-06,QX-DRY-276,70
B-01,2026-05-06,QX-PET-277,178
B-01,2026-05-06,QX-DRY-278,6
B-01,2026-05-06,QX-DRY-279,190
B-01,2026-05-06,QX-DRK-280,203
B-01,2026-05-06,QX-CHL-281,135
B-01,2026-05-06,QX-CER-282,17
B-01,2026-05-06,QX-HBC-283,155
B-01,2026-05-06,QX-HBC-284,11
B-01,2026-05-06,QX-DRK-285,106
B-01,2026-05-06,QX-HBC-286,202
B-01,2026-05-06,QX-CHL-287,28
B-01,2026-05-06,QX-TIN-288,136
B-01,2026-05-06,QX-FRZ-289,45
B-01,2026-05-06,QX-PRO-290,177
B-01,2026-05-06,QX-PRO-291,9
B-01,2026-05-06,QX-BWS-292,123
B-01,2026-05-06,QX-DRY-293,94
B-01,2026-05-06,QX-BAK-294,185
B-01,2026-05-06,QX-BAK-295,99
B-01,2026-05-06,QX-DRK-296,70
B-01,2026-05-06,QX-BAK-297,43
B-01,2026-05-06,QX-PET-298,55
B-01,2026-05-06,QX-BAK-299,78
B-01,2026-05-06,QX-TIN-300,211
B-01,2026-05-06,QX-BWS-301,135
B-01,2026-05-06,QX-BWS-302,82
B-01,2026-05-06,QX-BAK-303,215
B-01,2026-05-06,QX-DRY-304,136
B-01,2026-05-06,QX-FRZ-305,67
B-01,2026-05-06,QX-FRZ-306,218
B-01,2026-05-06,QX-BAK-307,41
B-01,2026-05-06,QX-DRY-308,141
B-01,2026-05-06,QX-DRY-309,102
B-01,2026-05-06,QX-HHD-310,36
B-01,2026-05-06,QX-DRY-311,107
B-01,2026-05-06,QX-DRY-312,179
B-01,2026-05-06,QX-TIN-313,175
B-01,2026-05-06,QX-HBC-314,217
B-01,2026-05-06,QX-HHD-315,30
B-01,2026-05-06,QX-DRY-316,35
B-01,2026-05-06,QX-FRZ-317,170
B-01,2026-05-06,QX-HHD-318,190
B-01,2026-05-06,QX-DRY-319,90
B-01,2026-05-06,QX-HBC-320,166
B-01,2026-05-06,QX-CER-321,62
B-01,2026-05-06,QX-CHL-322,80
B-01,2026-05-06,QX-CER-323,96
B-01,2026-05-06,QX-BWS-324,40
B-01,2026-05-06,QX-TIN-325,74
B-01,2026-05-06,QX-CER-326,4
B-01,2026-05-06,QX-BWS-327,181
B-01,2026-05-06,QX-HHD-328,76
B-01,2026-05-06,QX-FRZ-329,190
B-01,2026-05-06,QX-FRZ-330,192
B-01,2026-05-06,QX-CER-331,191
B-01,2026-05-06,QX-HBC-332,6
B-01,2026-05-06,QX-PET-333,22
B-01,2026-05-06,QX-BAK-334,109
B-01,2026-05-06,QX-BAK-335,114
B-01,2026-05-06,QX-CER-336,133
B-01,2026-05-06,QX-HHD-337,201
B-01,2026-05-06,QX-CER-338,183
B-01,2026-05-06,QX-DRY-339,25
B-01,2026-05-06,QX-BAK-340,30
B-01,2026-05-06,QX-DRK-341,78
B-01,2026-05-06,QX-BAK-342,92
B-01,2026-05-06,QX-CHL-343,86
B-01,2026-05-06,QX-HBC-344,76
B-01,2026-05-06,QX-TIN-345,208
B-01,2026-05-06,QX-HHD-346,159
B-01,2026-05-06,QX-TIN-347,20
B-01,2026-05-06,QX-CER-348,62
B-01,2026-05-06,QX-TIN-349,10
B-01,2026-05-06,QX-FRZ-350,116
B-01,2026-05-06,QX-DRY-351,19
B-01,2026-05-06,QX-PET-352,149
B-01,2026-05-06,QX-CER-353,119
B-01,2026-05-06,QX-PRO-354,64
B-01,2026-05-06,QX-PET-355,162
B-01,2026-05-06,QX-PET-356,54
B-01,2026-05-06,QX-DRY-357,167
B-01,2026-05-06,QX-CHL-358,206
B-01,2026-05-06,QX-CHL-359,7
B-01,2026-05-06,QX-BWS-360,81
B-01,2026-05-06,QX-CHL-361,170
B-01,2026-05-06,QX-CER-362,224
B-01,2026-05-06,QX-DRK-363,102
B-01,2026-05-06,QX-FRZ-364,90
B-01,2026-05-06,QX-HBC-365,82
B-01,2026-05-06,QX-BWS-366,8
B-01,2026-05-06,QX-BAK-367,149
B-01,2026-05-06,QX-DRK-368,4
B-01,2026-05-06,QX-HHD-369,89
B-01,2026-05-06,QX-PRO-370,98
B-01,2026-05-06,QX-TIN-371,0
B-01,2026-05-06,QX-BWS-372,210
B-01,2026-05-06,QX-DRY-373,78
B-01,2026-05-06,QX-PET-374,183
B-01,2026-05-06,QX-CHL-375,198
B-01,2026-05-06,QX-HBC-376,185
B-01,2026-05-06,QX-TIN-377,127
B-01,2026-05-06,QX-HBC-378,191
B-01,2026-05-06,QX-CER-379,205
B-01,2026-05-06,QX-HHD-380,159
B-01,2026-05-06,QX-HBC-381,26
B-01,2026-05-06,QX-TIN-382,206
B-01,2026-05-06,QX-BWS-383,74
B-01,2026-05-06,QX-CHL-384,188
B-01,2026-05-06,QX-PET-385,204
B-01,2026-05-06,QX-BAK-386,85
B-01,2026-05-06,QX-DRK-387,74
B-01,2026-05-06,QX-CHL-388,23
B-01,2026-05-06,QX-FRZ-389,9
B-01,2026-05-06,QX-TIN-390,142
B-01,2026-05-06,QX-BWS-391,36
B-01,2026-05-06,QX-HHD-392,132
B-01,2026-05-06,QX-FRZ-393,92
B-01,2026-05-06,QX-HHD-394,163
B-01,2026-05-06,QX-HHD-395,206
B-01,2026-05-06,QX-HBC-396,15
B-01,2026-05-06,QX-HHD-397,174
B-01,2026-05-06,QX-TIN-398,1
B-01,2026-05-06,QX-CHL-399,174
B-01,2026-05-06,QX-DRK-400,36
B-01,2026-05-06,QX-CER-401,208
B-01,2026-05-06,QX-BWS-402,71
B-01,2026-05-06,QX-PRO-403,2
B-01,2026-05-06,QX-TIN-404,135
B-01,2026-05-06,QX-BWS-405,169
B-01,2026-05-06,QX-HBC-406,213
B-01,2026-05-06,QX-DRK-407,46
B-01,2026-05-06,QX-PRO-408,14
B-01,2026-05-06,QX-PRO-409,239
B-01,2026-05-06,QX-FRZ-410,120
B-01,2026-05-06,QX-PRO-411,203
B-01,2026-05-06,QX-DRK-412,220
B-01,2026-05-06,QX-BAK-413,205
B-01,2026-05-06,QX-TIN-414,150
B-01,2026-05-06,QX-PRO-415,8
B-01,2026-05-06,QX-HBC-416,238
B-01,2026-05-06,QX-CER-417,50
B-01,2026-05-06,QX-FRZ-418,183
B-01,2026-05-06,QX-HHD-419,103
B-01,2026-05-06,QX-CHL-420,87
B-01,2026-05-06,QX-DRY-421,97
B-01,2026-05-06,QX-PET-422,78
B-01,2026-05-06,QX-DRY-423,147
B-01,2026-05-06,QX-CHL-424,101
B-01,2026-05-06,QX-PET-425,205
B-01,2026-05-06,QX-DRY-426,193
B-01,2026-05-06,QX-BAK-427,34
B-01,2026-05-06,QX-PRO-428,187
B-01,2026-05-06,QX-DRK-429,147
B-01,2026-05-06,QX-DRK-430,19
B-01,2026-05-06,QX-HHD-431,195
B-01,2026-05-06,QX-PRO-432,109
B-01,2026-05-06,QX-CHL-433,76
B-01,2026-05-06,QX-PRO-434,63
B-01,2026-05-06,QX-CER-435,65
B-01,2026-05-06,QX-TIN-436,92
B-01,2026-05-06,QX-BAK-437,235
B-01,2026-05-06,QX-HBC-438,114
B-01,2026-05-06,QX-FRZ-439,214
B-01,2026-05-06,QX-DRK-440,8
B-01,2026-05-06,QX-BAK-441,240
B-01,2026-05-06,QX-FRZ-442,62
B-01,2026-05-06,QX-BAK-443,229
B-01,2026-05-06,QX-CER-444,218
B-01,2026-05-06,QX-CHL-445,168
B-01,2026-05-06,QX-PRO-446,209
B-01,2026-05-06,QX-BAK-447,145
B-01,2026-05-06,QX-PRO-448,61
B-01,2026-05-06,QX-HBC-449,221
B-01,2026-05-06,QX-CER-450,216
B-01,2026-05-06,QX-FRZ-451,116
B-01,2026-05-06,QX-BAK-452,105
B-01,2026-05-06,QX-FRZ-453,2
B-01,2026-05-06,QX-PET-454,186
B-01,2026-05-06,QX-CER-455,185
B-01,2026-05-06,QX-HBC-456,203
B-01,2026-05-06,QX-PET-457,130
B-01,2026-05-06,QX-BAK-458,152
B-01,2026-05-06,QX-HBC-459,
B-01,2026-05-06,QX-PET-460,10
B-01,2026-05-06,QX-BWS-461,87
B-01,2026-05-06,QX-HBC-462,194
B-01,2026-05-06,QX-PET-463,219
B-01,2026-05-06,QX-DRK-464,79
B-01,2026-05-06,QX-CHL-465,147
B-01,2026-05-06,QX-CER-466,142
B-01,2026-05-06,QX-PET-467,224
B-01,2026-05-06,QX-DRK-468,20
B-01,2026-05-06,QX-PRO-469,116
B-01,2026-05-06,QX-HHD-470,10
B-01,2026-05-06,QX-CER-471,113
B-01,2026-05-06,QX-CER-472,74
B-01,2026-05-06,QX-PET-473,54
B-01,2026-05-06,QX-CER-474,21
B-01,2026-05-06,QX-FRZ-475,81
B-01,2026-05-06,QX-DRY-476,21
B-01,2026-05-06,QX-TIN-477,195
B-01,2026-05-06,QX-PRO-478,47
B-01,2026-05-06,QX-BWS-479,49
B-01,2026-05-06,QX-CER-480,123
B-01,2026-05-06,QX-BWS-481,234
B-01,2026-05-06,QX-PRO-482,184
B-01,2026-05-06,QX-CHL-483,96
B-01,2026-05-06,QX-PRO-484,58
B-01,2026-05-06,QX-PRO-485,99
B-01,2026-05-06,QX-BWS-486,106
B-01,2026-05-06,QX-PRO-487,160
B-01,2026-05-06,QX-BAK-488,212
B-01,2026-05-06,QX-DRY-489,123
B-01,2026-05-06,QX-HBC-490,155
B-01,2026-05-06,QX-DRY-491,97
B-01,2026-05-06,QX-BWS-492,65
B-01,2026-05-06,QX-TIN-493,176
B-01,2026-05-06,QX-BAK-494,94
B-01,2026-05-06,QX-CER-495,131
B-01,2026-05-06,QX-BWS-496,217
B-01,2026-05-06,QX-BAK-497,240
B-01,2026-05-06,QX-DRY-498,179
B-01,2026-05-06,QX-DRY-499,46
B-01,2026-05-06,QX-CHL-500,204
B-01,2026-05-06,QX-HBC-501,96
B-01,2026-05-06,QX-DRY-502,160
B-01,2026-05-06,QX-CHL-503,141
B-01,2026-05-06,QX-DRY-504,189
B-01,2026-05-06,QX-BWS-505,69
B-01,2026-05-06,QX-DRY-506,109
B-01,2026-05-06,QX-PET-507,71
B-01,2026-05-06,QX-HHD-508,196
B-01,2026-05-06,QX-DRY-509,13
B-01,2026-05-06,QX-PET-510,220
B-01,2026-05-06,QX-HHD-511,58
B-01,2026-05-06,QX-BAK-512,43
B-01,2026-05-06,QX-DRK-513,22
B-01,2026-05-06,QX-CER-514,208
B-01,2026-05-06,QX-PET-515,112
B-01,2026-05-06,QX-HHD-516,97
B-01,2026-05-06,QX-BAK-517,4
B-01,2026-05-06,QX-CER-518,166
B-01,2026-05-06,QX-BAK-519,43
B-01,2026-05-06,QX-CER-520,99
B-01,2026-05-06,QX-DRK-521,188
B-01,2026-05-06,QX-CER-522,206
B-01,2026-05-06,QX-FRZ-523,150
B-01,2026-05-06,QX-DRY-524,190
B-01,2026-05-06,QX-TIN-525,204
B-01,2026-05-06,QX-DRY-526,119
B-01,2026-05-06,QX-PRO-527,68
B-01,2026-05-06,QX-PRO-528,196
B-01,2026-05-06,QX-PET-529,6
B-01,2026-05-06,QX-FRZ-530,92
B-01,2026-05-06,QX-PRO-531,2
B-01,2026-05-06,QX-PET-532,200
B-01,2026-05-06,QX-CHL-533,123
B-01,2026-05-06,QX-BWS-534,65
B-01,2026-05-06,QX-DRY-535,215
B-01,2026-05-06,QX-DRY-536,136
B-01,2026-05-06,QX-DRK-537,229
B-01,2026-05-06,QX-TIN-538,133
B-01,2026-05-06,QX-PRO-539,176
B-01,2026-05-06,QX-PET-540,230
B-01,2026-05-06,QX-DRY-541,148
B-01,2026-05-06,QX-TIN-542,111
B-01,2026-05-06,QX-BWS-543,82
B-01,2026-05-06,QX-DRK-544,199
B-01,2026-05-06,QX-FRZ-545,233
B-01,2026-05-06,QX-BAK-546,164
B-01,2026-05-06,QX-DRK-547,2
B-01,2026-05-06,QX-HBC-548,40
B-01,2026-05-06,QX-DRY-549,79
B-01,2026-05-06,QX-HHD-550,75
B-01,2026-05-06,QX-HBC-551,21
B-01,2026-05-06,QX-CER-552,103
B-01,2026-05-06,QX-BAK-553,19
B-01,2026-05-06,QX-FRZ-554,100
B-01,2026-05-06,QX-DRK-555,192
B-01,2026-05-06,QX-TIN-556,126
B-01,2026-05-06,QX-BWS-557,102
B-01,2026-05-06,QX-HHD-558,47
B-01,2026-05-06,QX-BAK-559,114
B-01,2026-05-06,QX-TIN-560,149
B-01,2026-05-06,QX-CHL-561,209
B-01,2026-05-06,QX-CHL-562,55
B-01,2026-05-06,QX-FRZ-563,24
B-01,2026-05-06,QX-HBC-564,216
B-01,2026-05-06,QX-TIN-565,227
B-01,2026-05-06,QX-PET-566,30
B-01,2026-05-06,QX-DRK-567,96
B-01,2026-05-06,QX-FRZ-568,131
B-01,2026-05-06,QX-FRZ-569,125
B-01,2026-05-06,QX-DRK-570,145
B-01,2026-05-06,QX-FRZ-571,68
B-01,2026-05-06,QX-DRY-572,94
B-01,2026-05-06,QX-TIN-573,55
B-01,2026-05-06,QX-BAK-574,45
B-01,2026-05-06,QX-HBC-575,230
B-01,2026-05-06,QX-HHD-576,139
B-01,2026-05-06,QX-CER-577,41
B-01,2026-05-06,QX-DRY-578,62
B-01,2026-05-06,QX-PET-579,96
B-01,2026-05-06,QX-FRZ-580,60
B-01,2026-05-06,QX-DRY-581,152
B-01,2026-05-06,QX-PET-582,87
B-01,2026-05-06,QX-HBC-583,77
B-01,2026-05-06,QX-DRY-584,154
B-01,2026-05-06,QX-HBC-585,140
B-01,2026-05-06,QX-CHL-586,225
B-01,2026-05-06,QX-TIN-587,83
B-01,2026-05-06,QX-HHD-588,180
B-01,2026-05-06,QX-BAK-589,182
B-01,2026-05-06,QX-DRK-590,18
B-01,2026-05-06,QX-BWS-591,149
B-01,2026-05-06,QX-BAK-592,182
B-01,2026-05-06,QX-FRZ-593,112
B-01,2026-05-06,QX-BAK-594,99
B-01,2026-05-06,QX-CHL-595,134
B-01,2026-05-06,QX-BWS-596,18
B-01,2026-05-06,QX-BAK-597,28
B-01,2026-05-06,QX-FRZ-598,218
B-01,2026-05-06,QX-CHL-599,122
B-01,2026-05-06,QX-DRY-600,217
B-01,2026-05-06,QX-HHD-601,39
B-01,2026-05-06,QX-DRY-602,206
B-01,2026-05-06,QX-DRY-603,168
B-01,2026-05-06,QX-HHD-604,135
B-01,2026-05-06,QX-PET-605,209
B-01,2026-05-06,QX-BAK-606,142
B-01,2026-05-06,QX-HHD-607,152
B-01,2026-05-06,QX-HBC-608,73
B-01,2026-05-06,QX-DRK-609,85
B-01,2026-05-06,QX-DRY-610,93
B-01,2026-05-06,QX-CER-611,52
B-01,2026-05-06,QX-HHD-612,143
B-01,2026-05-06,QX-HHD-613,224
B-01,2026-05-06,QX-BWS-614,47
B-01,2026-05-06,QX-BAK-615,122
B-01,2026-05-06,QX-DRK-616,
B-01,2026-05-06,QX-DRY-617,73
B-01,2026-05-06,QX-HHD-618,23
B-01,2026-05-06,QX-PRO-619,1
B-01,2026-05-06,QX-HBC-620,220
B-01,2026-05-06,QX-BWS-621,198
B-01,2026-05-06,QX-PET-622,224
B-01,2026-05-06,QX-PET-623,43
B-01,2026-05-06,QX-CHL-624,43
B-01,2026-05-06,QX-HBC-625,168
B-01,2026-05-06,QX-BWS-626,65
B-01,2026-05-06,QX-BWS-627,36
B-01,2026-05-06,QX-CER-628,10
B-01,2026-05-06,QX-FRZ-629,193
B-01,2026-05-06,QX-BAK-630,226
B-01,2026-05-06,QX-TIN-631,231
B-01,2026-05-06,QX-PRO-632,135
B-01,2026-05-06,QX-FRZ-633,110
B-01,2026-05-06,QX-DRK-634,
B-01,2026-05-06,QX-TIN-635,100
B-01,2026-05-06,QX-DRY-636,197
B-01,2026-05-06,QX-BAK-637,187
B-01,2026-05-06,QX-CHL-638,173
B-01,2026-05-06,QX-BWS-639,82
B-01,2026-05-06,QX-FRZ-640,8
B-01,2026-05-06,QX-BWS-641,81
B-01,2026-05-06,QX-DRY-642,96
B-01,2026-05-06,QX-DRK-643,20
B-01,2026-05-06,QX-PRO-644,40
B-01,2026-05-06,QX-BAK-645,184
B-01,2026-05-06,QX-CER-646,48
B-01,2026-05-06,QX-TIN-647,10
B-01,2026-05-06,QX-PRO-648,41
B-01,2026-05-06,QX-TIN-649,40
B-01,2026-05-06,QX-CHL-650,89
B-01,2026-05-06,QX-TIN-651,168
B-01,2026-05-06,QX-PRO-652,44
B-01,2026-05-06,QX-HBC-653,121
B-01,2026-05-06,QX-DRY-654,78
B-01,2026-05-06,QX-HBC-655,200
B-01,2026-05-06,QX-TIN-656,
B-01,2026-05-06,QX-HBC-657,109
B-01,2026-05-06,QX-BWS-658,
B-01,2026-05-06,QX-PRO-659,109
B-01,2026-05-06,QX-PRO-660,18
B-01,2026-05-06,QX-BWS-661,109
B-01,2026-05-06,QX-FRZ-662,131
B-01,2026-05-06,QX-HHD-663,62
B-01,2026-05-06,QX-PET-664,18
B-01,2026-05-06,QX-FRZ-665,172
B-01,2026-05-06,QX-BAK-666,160
B-01,2026-05-06,QX-HHD-667,177
B-01,2026-05-06,QX-PET-668,178
B-01,2026-05-06,QX-CHL-669,173
B-01,2026-05-06,QX-HHD-670,177
B-01,2026-05-06,QX-TIN-671,172
B-01,2026-05-06,QX-HHD-672,210
B-01,2026-05-06,QX-FRZ-673,119
B-01,2026-05-06,QX-BAK-674,99
B-01,2026-05-06,QX-BWS-675,135
B-01,2026-05-06,QX-BWS-676,6
B-01,2026-05-06,QX-CHL-677,209
B-01,2026-05-06,QX-DRK-678,71
B-01,2026-05-06,QX-PRO-679,75
B-01,2026-05-06,QX-PET-680,195
B-01,2026-05-06,QX-BWS-681,235
B-01,2026-05-06,QX-BAK-682,233
B-01,2026-05-06,QX-HBC-683,163
B-01,2026-05-06,QX-PET-684,222
B-01,2026-05-06,QX-DRK-685,187
B-01,2026-05-06,QX-BAK-686,113
B-01,2026-05-06,QX-DRY-687,235
B-01,2026-05-06,QX-PRO-688,155
B-01,2026-05-06,QX-CER-689,239
B-01,2026-05-06,QX-DRK-690,107
B-01,2026-05-06,QX-PET-691,230
B-01,2026-05-06,QX-CHL-692,74
B-01,2026-05-06,QX-PET-693,237
B-01,2026-05-06,QX-TIN-694,191
B-01,2026-05-06,QX-BAK-695,59
B-01,2026-05-06,QX-DRY-696,163
B-01,2026-05-06,QX-TIN-697,239
B-01,2026-05-06,QX-TIN-698,81
B-01,2026-05-06,QX-CHL-699,81
B-01,2026-05-06,QX-HHD-700,141
B-01,2026-05-06,QX-TIN-701,154
B-01,2026-05-06,QX-BAK-702,74
B-01,2026-05-06,QX-BAK-703,227
B-01,2026-05-06,QX-BWS-704,143
B-01,2026-05-06,QX-HBC-705,98
B-01,2026-05-06,QX-BAK-706,197
B-01,2026-05-06,QX-PET-707,151
B-01,2026-05-06,QX-CHL-708,112
B-01,2026-05-06,QX-FRZ-709,114
B-01,2026-05-06,QX-PET-710,208
B-01,2026-05-06,QX-DRK-711,142
B-01,2026-05-06,QX-DRK-712,61
B-01,2026-05-06,QX-BAK-713,89
B-01,2026-05-06,QX-HHD-714,156
B-01,2026-05-06,QX-PET-715,235
B-01,2026-05-06,QX-DRK-716,188
B-01,2026-05-06,QX-HHD-717,138
B-01,2026-05-06,QX-FRZ-718,197
B-01,2026-05-06,QX-BWS-719,178
B-01,2026-05-06,QX-DRK-720,203
B-01,2026-05-06,QX-PRO-721,83
B-01,2026-05-06,QX-BAK-722,202
B-01,2026-05-06,QX-CHL-723,40
B-01,2026-05-06,QX-FRZ-724,209
B-01,2026-05-06,QX-DRY-725,136
B-01,2026-05-06,QX-BAK-726,33
B-01,2026-05-06,QX-DRK-727,67
B-01,2026-05-06,QX-BWS-728,121
B-01,2026-05-06,QX-FRZ-729,206
B-01,2026-05-06,QX-HBC-730,179
B-01,2026-05-06,QX-CHL-731,
B-01,2026-05-06,QX-HBC-732,230
B-01,2026-05-06,QX-PRO-733,27
B-01,2026-05-06,QX-FRZ-734,217
B-01,2026-05-06,QX-DRK-735,210
B-01,2026-05-06,QX-HHD-736,61
B-01,2026-05-06,QX-BAK-737,134
B-01,2026-05-06,QX-BWS-738,145
B-01,2026-05-06,QX-BAK-739,226
B-01,2026-05-06,QX-HBC-740,135
B-01,2026-05-06,QX-CER-741,139
B-01,2026-05-06,QX-PRO-742,
B-01,2026-05-06,QX-DRK-743,190
B-01,2026-05-06,QX-DRK-744,42
B-01,2026-05-06,QX-FRZ-745,
B-01,2026-05-06,QX-CHL-746,191
B-01,2026-05-06,QX-CHL-747,128
B-01,2026-05-06,QX-HHD-748,102
B-01,2026-05-06,QX-CHL-749,9
B-01,2026-05-06,QX-BWS-750,48
B-01,2026-05-06,QX-PRO-751,190
B-01,2026-05-06,QX-BAK-752,80
B-01,2026-05-06,QX-CHL-753,159
B-01,2026-05-06,QX-BWS-754,193
B-01,2026-05-06,QX-BWS-755,127
B-01,2026-05-06,QX-FRZ-756,167
B-01,2026-05-06,QX-CER-757,175
B-01,2026-05-06,QX-DRY-758,222
B-01,2026-05-06,QX-CHL-759,2
B-01,2026-05-06,QX-BWS-760,128
B-01,2026-05-06,QX-PRO-761,32
B-01,2026-05-06,QX-DRK-762,56
B-01,2026-05-06,QX-CHL-763,177
B-01,2026-05-06,QX-HHD-764,81
B-01,2026-05-06,QX-BWS-765,1
B-01,2026-05-06,QX-HHD-766,87
B-01,2026-05-06,QX-DRY-767,59
B-01,2026-05-06,QX-TIN-768,199
B-01,2026-05-06,QX-DRY-769,188
B-01,2026-05-06,QX-CER-770,215
B-01,2026-05-06,QX-FRZ-771,202
B-01,2026-05-06,QX-BWS-772,54
B-01,2026-05-06,QX-PRO-773,182
B-01,2026-05-06,QX-BAK-774,70
B-01,2026-05-06,QX-BAK-775,
B-01,2026-05-06,QX-PET-776,76
B-01,2026-05-06,QX-CER-777,57
B-01,2026-05-06,QX-BWS-778,190
B-01,2026-05-06,QX-HBC-779,30
B-01,2026-05-06,QX-CER-780,237
B-01,2026-05-06,QX-CER-781,92
B-01,2026-05-06,QX-CHL-782,166
B-01,2026-05-06,QX-HHD-783,150
B-01,2026-05-06,QX-CHL-784,150
B-01,2026-05-06,QX-PRO-785,129
B-01,2026-05-06,QX-HBC-786,102
B-01,2026-05-06,QX-PET-787,155
B-01,2026-05-06,QX-DRY-788,20
B-01,2026-05-06,QX-PRO-789,48
B-01,2026-05-06,QX-PET-790,202
B-01,2026-05-06,QX-CER-791,1
B-01,2026-05-06,QX-CHL-792,149
B-01,2026-05-06,QX-HBC-793,74
B-01,2026-05-06,QX-BAK-794,56
B-01,2026-05-06,QX-HHD-795,91
B-01,2026-05-06,QX-DRK-796,189
B-01,2026-05-06,QX-HHD-797,117
B-01,2026-05-06,QX-HBC-798,126
B-01,2026-05-06,QX-FRZ-799,
B-01,2026-05-06,QX-CER-800,238
B-01,2026-05-06,QX-DRK-801,232
B-01,2026-05-06,QX-FRZ-802,138
B-01,2026-05-06,QX-HBC-803,22
B-01,2026-05-06,QX-DRK-804,234
B-01,2026-05-06,QX-HHD-805,215
B-01,2026-05-06,QX-FRZ-806,143
B-01,2026-05-06,QX-CHL-807,90
B-01,2026-05-06,QX-PET-808,126
B-01,2026-05-06,QX-BAK-809,111
B-01,2026-05-06,QX-TIN-810,74
B-01,2026-05-06,QX-HBC-811,182
B-01,2026-05-06,QX-PET-812,59
B-01,2026-05-06,QX-FRZ-813,174
B-01,2026-05-06,QX-DRK-814,51
B-01,2026-05-06,QX-CHL-815,119
B-01,2026-05-06,QX-FRZ-816,40
B-01,2026-05-06,QX-DRK-817,55
B-01,2026-05-06,QX-DRY-818,221
B-01,2026-05-06,QX-CER-819,33
B-01,2026-05-06,QX-HHD-820,170
B-01,2026-05-06,QX-HHD-821,102
B-01,2026-05-06,QX-DRK-822,129
B-01,2026-05-06,QX-BWS-823,110
B-01,2026-05-06,QX-PRO-824,111
B-01,2026-05-06,QX-CER-825,168
B-01,2026-05-06,QX-TIN-826,107
B-01,2026-05-06,QX-HHD-827,147
B-01,2026-05-06,QX-CER-828,208
B-01,2026-05-06,QX-PRO-829,155
B-01,2026-05-06,QX-BAK-830,189
B-01,2026-05-06,QX-BWS-831,178
B-01,2026-05-06,QX-BWS-832,
B-01,2026-05-06,QX-HHD-833,16
B-01,2026-05-06,QX-BAK-834,234
B-01,2026-05-06,QX-DRY-835,19
B-01,2026-05-06,QX-BWS-836,49
B-01,2026-05-06,QX-BAK-837,92
B-01,2026-05-06,QX-PET-838,183
B-01,2026-05-06,QX-BWS-839,183
B-01,2026-05-06,QX-CER-840,
B-01,2026-05-06,QX-PET-841,29
B-01,2026-05-06,QX-BWS-842,151
B-01,2026-05-06,QX-DRY-843,29
B-01,2026-05-06,QX-HHD-844,16
B-01,2026-05-06,QX-PRO-845,2
B-01,2026-05-06,QX-FRZ-846,131
B-01,2026-05-06,QX-DRK-847,17
B-01,2026-05-06,QX-PRO-848,183
B-01,2026-05-06,QX-BAK-849,1
B-01,2026-05-06,QX-CER-850,20
B-01,2026-05-06,QX-BAK-851,75
B-01,2026-05-06,QX-DRK-852,30
B-01,2026-05-06,QX-TIN-853,227
B-01,2026-05-06,QX-PRO-854,226
B-01,2026-05-06,QX-HHD-855,27
B-01,2026-05-06,QX-TIN-856,217
B-01,2026-05-06,QX-CHL-857,208
B-01,2026-05-06,QX-PET-858,217
B-01,2026-05-06,QX-HHD-859,39
B-01,2026-05-06,QX-TIN-860,126
B-01,2026-05-06,QX-TIN-861,16
B-01,2026-05-06,QX-PET-862,240
B-01,2026-05-06,QX-DRK-863,73
B-01,2026-05-06,QX-BAK-864,119
B-01,2026-05-06,QX-DRY-865,60
B-01,2026-05-06,QX-DRY-866,240
B-01,2026-05-06,QX-HHD-867,149
B-01,2026-05-06,QX-CHL-868,88
B-01,2026-05-06,QX-CER-869,17
B-01,2026-05-06,QX-PRO-870,91
B-01,2026-05-06,QX-DRY-871,194
B-01,2026-05-06,QX-CER-872,53
B-01,2026-05-06,QX-PRO-873,22
B-01,2026-05-06,QX-BAK-874,42
B-01,2026-05-06,QX-TIN-875,26
B-01,2026-05-06,QX-PRO-876,78
B-01,2026-05-06,QX-HBC-877,54
B-01,2026-05-06,QX-HHD-878,79
B-01,2026-05-06,QX-BWS-879,224
B-01,2026-05-06,QX-DRY-880,94
B-01,2026-05-06,QX-PRO-881,94
B-01,2026-05-06,QX-BWS-882,228
B-01,2026-05-06,QX-DRY-883,237
B-01,2026-05-06,QX-TIN-884,83
B-01,2026-05-06,QX-PET-885,61
B-01,2026-05-06,QX-HBC-886,147
B-01,2026-05-06,QX-CHL-887,56
B-01,2026-05-06,QX-CHL-888,222
B-01,2026-05-06,QX-CER-889,82
B-01,2026-05-06,QX-HHD-890,239
B-01,2026-05-06,QX-DRK-891,30
B-01,2026-05-06,QX-HHD-892,208
B-01,2026-05-06,QX-DRY-893,53
B-01,2026-05-06,QX-BWS-894,139
B-01,2026-05-06,QX-PRO-895,205
B-01,2026-05-06,QX-PRO-896,19
B-01,2026-05-06,QX-CHL-897,186
B-01,2026-05-06,QX-PET-898,1
B-01,2026-05-06,QX-PRO-899,81
B-01,2026-05-06,QX-BWS-900,25
B-01,2026-05-06,QX-CER-901,96
B-01,2026-05-06,QX-HBC-902,73
B-01,2026-05-06,QX-PET-903,
B-01,2026-05-06,QX-FRZ-904,169
B-01,2026-05-06,QX-DRK-905,170
B-01,2026-05-06,QX-CHL-906,106
B-01,2026-05-06,QX-FRZ-907,132
B-01,2026-05-06,QX-PET-908,74
B-01,2026-05-06,QX-HHD-909,
B-01,2026-05-06,QX-DRY-910,197
B-01,2026-05-06,QX-HBC-911,156
B-01,2026-05-06,QX-BAK-912,87
B-01,2026-05-06,QX-DRY-913,132
B-01,2026-05-06,QX-TIN-914,92
B-01,2026-05-06,QX-TIN-915,30
B-01,2026-05-06,QX-FRZ-916,1
B-01,2026-05-06,QX-PRO-917,133
B-01,2026-05-06,QX-PET-918,127
B-01,2026-05-06,QX-BAK-919,7
B-01,2026-05-06,QX-HBC-920,129
B-01,2026-05-06,QX-DRY-921,185
B-01,2026-05-06,QX-DRY-922,98
B-01,2026-05-06,QX-BAK-923,178
B-01,2026-05-06,QX-CHL-924,17
B-01,2026-05-06,QX-BAK-925,147
B-01,2026-05-06,QX-HBC-926,97
B-01,2026-05-06,QX-TIN-927,97
B-01,2026-05-06,QX-BWS-928,18
B-01,2026-05-06,QX-DRY-929,72
B-01,2026-05-06,QX-DRK-930,150
B-01,2026-05-06,QX-FRZ-931,65
B-01,2026-05-06,QX-PET-932,
B-01,2026-05-06,QX-CER-933,212
B-01,2026-05-06,QX-PRO-934,18
B-01,2026-05-06,QX-TIN-935,74
B-01,2026-05-06,QX-CER-936,93
B-01,2026-05-06,QX-TIN-937,56
B-01,2026-05-06,QX-FRZ-938,136
B-01,2026-05-06,QX-BAK-939,155
B-01,2026-05-06,QX-BWS-940,120
B-01,2026-05-06,QX-BAK-941,
B-01,2026-05-06,QX-DRK-942,109
B-01,2026-05-06,QX-HHD-943,112
B-01,2026-05-06,QX-TIN-944,60
B-01,2026-05-06,QX-BWS-945,16
B-01,2026-05-06,QX-PET-946,28
B-01,2026-05-06,QX-BAK-947,57
B-01,2026-05-06,QX-BAK-948,18
B-01,2026-05-06,QX-DRK-949,232
B-01,2026-05-06,QX-PRO-950,39
B-01,2026-05-06,QX-TIN-951,1
B-01,2026-05-06,QX-CHL-952,169
B-01,2026-05-06,QX-BAK-953,3
B-01,2026-05-06,QX-CER-954,222
B-01,2026-05-06,QX-TIN-955,143
B-01,2026-05-06,QX-CHL-956,225
B-01,2026-05-06,QX-TIN-957,61
B-01,2026-05-06,QX-DRK-958,88
B-01,2026-05-06,QX-HBC-959,156
B-01,2026-05-06,QX-CER-960,56
B-01,2026-05-06,QX-TIN-961,136
B-01,2026-05-06,QX-BWS-962,56
B-01,2026-05-06,QX-CHL-963,
B-01,2026-05-06,QX-BAK-964,67
B-01,2026-05-06,QX-BAK-965,139
B-01,2026-05-06,QX-CHL-966,233
B-01,2026-05-06,QX-PET-967,38
B-01,2026-05-06,QX-FRZ-968,151
B-01,2026-05-06,QX-PET-969,39
B-01,2026-05-06,QX-BAK-970,112
B-01,2026-05-06,QX-CHL-971,25
B-01,2026-05-06,QX-DRY-972,138
B-01,2026-05-06,QX-CHL-973,165
B-01,2026-05-06,QX-PET-974,37
B-01,2026-05-06,QX-BAK-975,200
B-01,2026-05-06,QX-HBC-976,212
B-01,2026-05-06,QX-PET-977,40
B-01,2026-05-06,QX-HBC-978,218
B-01,2026-05-06,QX-TIN-979,205
B-01,2026-05-06,QX-TIN-980,10
B-01,2026-05-06,QX-HBC-981,105
B-01,2026-05-06,QX-TIN-982,182
B-01,2026-05-06,QX-PET-983,173
B-01,2026-05-06,QX-FRZ-984,163
B-01,2026-05-06,QX-HHD-985,103
B-01,2026-05-06,QX-CHL-986,48
B-01,2026-05-06,QX-BWS-987,1
B-01,2026-05-06,QX-CER-988,179
B-01,2026-05-06,QX-FRZ-989,194
B-01,2026-05-06,QX-FRZ-990,62
B-01,2026-05-06,QX-PET-991,154
B-01,2026-05-06,QX-HBC-992,67
B-01,2026-05-06,QX-HHD-993,40
B-01,2026-05-06,QX-TIN-994,109
B-01,2026-05-06,QX-CHL-995,32
B-01,2026-05-06,QX-BAK-996,209
B-01,2026-05-06,QX-CER-997,236
B-01,2026-05-06,QX-CHL-998,228
B-01,2026-05-06,QX-PET-999,189
B-01,2026-05-06,QX-DRK-000,157
B-01,2026-05-06,QX-HHD-001,210
B-01,2026-05-06,QX-TIN-002,6
B-01,2026-05-06,QX-HBC-003,21
B-01,2026-05-06,QX-CHL-004,23
B-01,2026-05-06,QX-DRK-005,147
B-01,2026-05-06,QX-HHD-006,23
B-01,2026-05-06,QX-TIN-007,21
B-01,2026-05-06,QX-BWS-008,173
B-01,2026-05-06,QX-HBC-009,34
B-01,2026-05-06,QX-PET-010,110
B-01,2026-05-06,QX-FRZ-011,149
B-01,2026-05-06,QX-DRY-012,159
B-01,2026-05-06,QX-CHL-013,132
B-01,2026-05-06,QX-FRZ-014,120
B-01,2026-05-06,QX-BAK-015,144
B-01,2026-05-06,QX-DRY-016,140
B-01,2026-05-06,QX-DRY-017,216
B-01,2026-05-06,QX-CHL-018,92
B-01,2026-05-06,QX-DRY-019,77
B-01,2026-05-06,QX-DRK-020,28
B-01,2026-05-06,QX-DRY-021,196
B-01,2026-05-06,QX-BWS-022,211
B-01,2026-05-06,QX-CHL-023,149
B-01,2026-05-06,QX-FRZ-024,70
B-01,2026-05-06,QX-CHL-025,125
B-01,2026-05-06,QX-DRY-026,64
B-01,2026-05-06,QX-CER-027,215
B-01,2026-05-06,QX-DRK-028,134
B-01,2026-05-06,QX-TIN-029,184
B-01,2026-05-06,QX-FRZ-030,26
B-01,2026-05-06,QX-PET-031,237
B-01,2026-05-06,QX-BWS-032,113
B-01,2026-05-06,QX-DRK-033,36
B-01,2026-05-06,QX-FRZ-034,58
B-01,2026-05-06,QX-PRO-035,172
B-01,2026-05-06,QX-HHD-036,189
B-01,2026-05-06,QX-PET-037,6
B-01,2026-05-06,QX-PRO-038,138
B-01,2026-05-06,QX-HBC-039,229
B-01,2026-05-06,QX-TIN-040,17
B-01,2026-05-06,QX-CER-041,19
B-01,2026-05-06,QX-CHL-042,154
B-01,2026-05-06,QX-PRO-043,132
B-01,2026-05-06,QX-DRY-044,85
B-01,2026-05-06,QX-PRO-045,121
B-01,2026-05-06,QX-CER-046,98
B-01,2026-05-06,QX-HHD-047,87
B-01,2026-05-06,QX-CHL-048,104
B-01,2026-05-06,QX-DRY-049,47
B-01,2026-05-06,QX-FRZ-050,78
B-01,2026-05-06,QX-TIN-051,212
B-01,2026-05-06,QX-DRY-052,100
B-01,2026-05-06,QX-DRY-053,214
B-01,2026-05-06,QX-TIN-054,144
B-01,2026-05-06,QX-HBC-055,208
B-01,2026-05-06,QX-DRY-056,37
B-01,2026-05-06,QX-CHL-057,58
B-01,2026-05-06,QX-PET-058,134
B-01,2026-05-06,QX-DRK-059,110
B-01,2026-05-06,QX-HBC-060,166
B-01,2026-05-06,QX-HBC-061,11
B-01,2026-05-06,QX-DRY-062,149
B-01,2026-05-06,QX-HBC-063,230
B-01,2026-05-06,QX-CER-064,166
B-01,2026-05-06,QX-BAK-065,234
B-01,2026-05-06,QX-PRO-066,159
B-01,2026-05-06,QX-CHL-067,33
B-01,2026-05-06,QX-BWS-068,150
B-01,2026-05-06,QX-HHD-069,14
B-01,2026-05-06,QX-CHL-070,24
B-01,2026-05-06,QX-PET-071,8
B-01,2026-05-06,QX-CHL-072,34
B-01,2026-05-06,QX-TIN-073,29
B-01,2026-05-06,QX-FRZ-074,100
B-01,2026-05-06,QX-CER-075,18
B-01,2026-05-06,QX-BWS-076,48
B-01,2026-05-06,QX-TIN-077,144
B-01,2026-05-06,QX-CHL-078,8
B-01,2026-05-06,QX-FRZ-079,207
B-01,2026-05-06,QX-TIN-080,105
B-01,2026-05-06,QX-TIN-081,218
B-01,2026-05-06,QX-HBC-082,162
B-01,2026-05-06,QX-PRO-083,156
B-01,2026-05-06,QX-BAK-084,157
B-01,2026-05-06,QX-DRY-085,105
B-01,2026-05-06,QX-FRZ-086,167
B-01,2026-05-06,QX-DRY-087,38
B-01,2026-05-06,QX-PRO-088,19
B-01,2026-05-06,QX-PRO-089,60
B-01,2026-05-06,QX-DRY-090,217
B-01,2026-05-06,QX-CER-091,15
B-01,2026-05-06,QX-BWS-092,196
B-01,2026-05-06,QX-TIN-093,30
B-01,2026-05-06,QX-HHD-094,208
B-01,2026-05-06,QX-BAK-095,34
B-01,2026-05-06,QX-FRZ-096,57
B-01,2026-05-06,QX-DRY-097,220
B-01,2026-05-06,QX-DRK-098,197
B-01,2026-05-06,QX-HBC-099,188
B-01,2026-05-06,QX-PET-100,142
B-01,2026-05-06,QX-DRK-101,18
B-01,2026-05-06,QX-FRZ-102,65
B-01,2026-05-06,QX-CER-103,79
B-01,2026-05-06,QX-PRO-104,169
B-01,2026-05-06,QX-HBC-105,199
B-01,2026-05-06,QX-HBC-106,121
B-01,2026-05-06,QX-CHL-107,26
B-01,2026-05-06,QX-TIN-108,205
B-01,2026-05-06,QX-BAK-109,114
B-01,2026-05-06,QX-PET-110,98
B-01,2026-05-06,QX-TIN-111,23
B-01,2026-05-06,QX-CHL-112,150
B-01,2026-05-06,QX-HHD-113,61
B-01,2026-05-06,QX-CHL-114,178
B-01,2026-05-06,QX-HHD-115,122
B-01,2026-05-06,QX-CHL-116,118
B-01,2026-05-06,QX-HBC-117,210
B-01,2026-05-06,QX-TIN-118,33
B-01,2026-05-06,QX-PET-119,31
B-01,2026-05-06,QX-BWS-120,174
B-01,2026-05-06,QX-TIN-121,142
B-01,2026-05-06,QX-CHL-122,137
B-01,2026-05-06,QX-CHL-123,197
B-01,2026-05-06,QX-CER-124,76
B-01,2026-05-06,QX-PET-125,196
B-01,2026-05-06,QX-DRK-126,168
B-01,2026-05-06,QX-HBC-127,189
B-01,2026-05-06,QX-DRY-128,139
B-01,2026-05-06,QX-HHD-129,45
B-01,2026-05-06,QX-BAK-130,84
B-01,2026-05-06,QX-PRO-131,155
B-01,2026-05-06,QX-CHL-132,143
B-01,2026-05-06,QX-HBC-133,140
B-01,2026-05-06,QX-DRK-134,187
B-01,2026-05-06,QX-BAK-135,118
B-01,2026-05-06,QX-HHD-136,45
B-01,2026-05-06,QX-HHD-137,142
B-01,2026-05-06,QX-TIN-138,31
B-01,2026-05-06,QX-CHL-139,1
B-01,2026-05-06,QX-BAK-140,185
B-01,2026-05-06,QX-HHD-141,132
B-01,2026-05-06,QX-CHL-142,84
B-01,2026-05-06,QX-PRO-143,31
B-01,2026-05-06,QX-DRY-144,148
B-01,2026-05-06,QX-HHD-145,144
B-01,2026-05-06,QX-FRZ-146,215
B-01,2026-05-06,QX-BWS-147,237
B-01,2026-05-06,QX-TIN-148,231
B-01,2026-05-06,QX-PRO-149,74
B-01,2026-05-06,QX-CER-150,12
B-01,2026-05-06,QX-CER-151,25
B-01,2026-05-06,QX-DRY-152,173
B-01,2026-05-06,QX-DRK-153,13
B-01,2026-05-06,QX-DRY-154,95
B-01,2026-05-06,QX-TIN-155,24
B-01,2026-05-06,QX-PRO-156,191
B-01,2026-05-06,QX-TIN-157,225
B-01,2026-05-06,QX-HHD-158,91
B-01,2026-05-06,QX-PRO-159,73
B-01,2026-05-06,QX-BAK-160,113
B-01,2026-05-06,QX-PRO-161,118
B-01,2026-05-06,QX-BAK-162,154
B-01,2026-05-06,QX-TIN-163,181
B-01,2026-05-06,QX-BWS-164,135
B-01,2026-05-06,QX-HHD-165,53
B-01,2026-05-06,QX-DRY-166,161
B-01,2026-05-06,QX-HBC-167,65
B-01,2026-05-06,QX-DRK-168,201
B-01,2026-05-06,QX-BAK-169,132
B-01,2026-05-06,QX-HBC-170,59
B-01,2026-05-06,QX-CHL-171,135
B-01,2026-05-06,QX-HBC-172,62
B-01,2026-05-06,QX-BAK-173,80
B-01,2026-05-06,QX-HBC-174,105
B-01,2026-05-06,QX-PET-175,119
B-01,2026-05-06,QX-PRO-176,190
B-01,2026-05-06,QX-TIN-177,149
B-01,2026-05-06,QX-HHD-178,64
B-01,2026-05-06,QX-DRY-179,8
B-01,2026-05-06,QX-PRO-180,84
B-01,2026-05-06,QX-BWS-181,93
B-01,2026-05-06,QX-PRO-182,136
B-01,2026-05-06,QX-HHD-183,47
B-01,2026-05-06,QX-PRO-184,238
B-01,2026-05-06,QX-HBC-185,67
B-01,2026-05-06,QX-PET-186,57
B-01,2026-05-06,QX-BAK-187,186
B-01,2026-05-06,QX-PET-188,40
B-01,2026-05-06,QX-DRY-189,121
B-01,2026-05-06,QX-CER-190,159
B-01,2026-05-06,QX-PRO-191,48
B-01,2026-05-06,QX-DRK-192,20
B-01,2026-05-06,QX-TIN-193,7
B-01,2026-05-06,QX-FRZ-194,145
B-01,2026-05-06,QX-HHD-195,19
B-01,2026-05-06,QX-BWS-196,204
B-01,2026-05-06,QX-PET-197,99
B-01,2026-05-06,QX-DRY-198,47
B-01,2026-05-06,QX-TIN-199,103
B-01,2026-05-06,QX-PET-200,35
B-01,2026-05-06,QX-CER-201,168
B-01,2026-05-06,QX-DRK-202,230
B-01,2026-05-06,QX-PRO-204,139
B-01,2026-05-06,QX-PRO-205,35
B-01,2026-05-06,QX-HBC-206,50
B-01,2026-05-06,QX-FRZ-208,55
B-01,2026-05-06,QX-HHD-209,146
B-01,2026-05-06,QX-BWS-210,162
B-01,2026-05-06,QX-PET-211,137
B-01,2026-05-06,QX-HHD-212,76
B-01,2026-05-06,QX-TIN-213,206
B-01,2026-05-06,QX-BAK-214,190
B-01,2026-05-06,QX-DRY-215,143
B-01,2026-05-06,QX-BAK-216,116
B-01,2026-05-06,QX-DRK-217,61
B-01,2026-05-06,QX-BWS-218,35
B-01,2026-05-06,QX-BAK-219,173
B-01,2026-05-06,QX-DRK-220,16
B-01,2026-05-06,QX-BAK-221,194
B-01,2026-05-06,QX-TIN-222,169
B-01,2026-05-06,QX-CER-223,86
B-01,2026-05-06,QX-BWS-224,159
B-01,2026-05-06,QX-CHL-225,176
B-01,2026-05-06,QX-PRO-226,40
B-01,2026-05-06,QX-PRO-227,81
B-01,2026-05-06,QX-PET-228,168
B-01,2026-05-06,QX-TIN-230,210
B-01,2026-05-06,QX-TIN-231,145
B-01,2026-05-06,QX-BWS-232,38
B-01,2026-05-06,QX-BWS-233,157
B-01,2026-05-06,QX-DRY-234,29
B-01,2026-05-06,QX-CER-235,112
B-01,2026-05-06,QX-CER-236,11
B-01,2026-05-06,QX-FRZ-237,135
B-01,2026-05-06,QX-PRO-238,188
B-01,2026-05-06,QX-BAK-239,63
B-01,2026-05-06,QX-HHD-240,42
B-01,2026-05-06,QX-PRO-241,57
B-01,2026-05-06,QX-DRK-242,187
B-01,2026-05-06,QX-BAK-243,120
B-01,2026-05-06,QX-DRY-244,201
B-01,2026-05-06,QX-HHD-245,142
B-01,2026-05-06,QX-PRO-246,2
B-01,2026-05-06,QX-TIN-247,235
B-01,2026-05-06,QX-PET-249,74
B-01,2026-05-06,QX-BAK-250,108
B-01,2026-05-06,QX-DRY-251,16
B-01,2026-05-06,QX-BWS-252,92
B-01,2026-05-06,QX-FRZ-253,93
B-01,2026-05-06,QX-CHL-254,
B-01,2026-05-06,QX-PET-255,147
B-01,2026-05-06,QX-HHD-256,56
B-01,2026-05-06,QX-BAK-257,226
B-01,2026-05-06,QX-CER-258,96
B-01,2026-05-06,QX-HBC-259,57
B-01,2026-05-06,QX-DRY-260,88
B-01,2026-05-06,QX-TIN-261,47
B-01,2026-05-06,QX-BAK-262,20
B-01,2026-05-06,QX-FRZ-263,124
B-01,2026-05-06,QX-TIN-264,240
B-01,2026-05-06,QX-CER-265,148
B-01,2026-05-06,QX-DRY-266,9
B-01,2026-05-06,QX-TIN-267,112
B-01,2026-05-06,QX-HHD-268,64
B-01,2026-05-06,QX-CHL-269,121
B-01,2026-05-06,QX-CER-270,165
B-01,2026-05-06,QX-PET-271,111
B-01,2026-05-06,QX-TIN-272,189
B-01,2026-05-06,QX-CHL-274,164
B-01,2026-05-06,QX-PET-275,85
B-01,2026-05-06,QX-TIN-276,20
B-01,2026-05-06,QX-CER-277,62
B-01,2026-05-06,QX-CER-278,85
B-01,2026-05-06,QX-HBC-279,49
B-01,2026-05-06,QX-BWS-280,88
B-01,2026-05-06,QX-DRK-281,170
B-01,2026-05-06,QX-DRK-282,219
B-01,2026-05-06,QX-BWS-283,216
B-01,2026-05-06,QX-DRY-284,171
B-01,2026-05-06,QX-TIN-285,210
B-01,2026-05-06,QX-PET-286,
B-01,2026-05-06,QX-BAK-287,57
B-01,2026-05-06,QX-BAK-288,226
B-01,2026-05-06,QX-TIN-289,115
B-01,2026-05-06,QX-TIN-291,130
B-01,2026-05-06,QX-HBC-292,28
B-01,2026-05-06,QX-DRK-293,172
B-01,2026-05-06,QX-HHD-294,233
B-01,2026-05-06,QX-TIN-296,71
B-01,2026-05-06,QX-FRZ-297,86
B-01,2026-05-06,QX-BWS-298,123
B-01,2026-05-06,QX-TIN-299,171
B-01,2026-05-06,QX-HBC-300,153
B-01,2026-05-06,QX-BAK-301,152
B-01,2026-05-06,QX-DRK-302,51
B-01,2026-05-06,QX-PRO-303,123
B-01,2026-05-06,QX-CER-304,161
B-01,2026-05-06,QX-CER-305,58
B-01,2026-05-06,QX-HBC-306,139
B-01,2026-05-06,QX-BWS-307,
B-01,2026-05-06,QX-BWS-308,142
B-01,2026-05-06,QX-CER-309,99
B-01,2026-05-06,QX-TIN-311,86
B-01,2026-05-06,QX-TIN-312,121
B-01,2026-05-06,QX-DRY-314,101
B-01,2026-05-06,QX-CHL-315,25
B-01,2026-05-06,QX-BWS-316,201
B-01,2026-05-06,QX-PET-317,29
B-01,2026-05-06,QX-DRK-319,
B-01,2026-05-06,QX-CER-320,143
B-01,2026-05-06,QX-PRO-321,15
B-01,2026-05-06,QX-TIN-322,49
B-01,2026-05-06,QX-BWS-323,32
B-01,2026-05-06,QX-HBC-324,94
B-01,2026-05-06,QX-HBC-325,184
B-01,2026-05-06,QX-BWS-326,6
B-01,2026-05-06,QX-HBC-327,97
B-01,2026-05-06,QX-TIN-328,64
B-01,2026-05-06,QX-BAK-329,57
B-01,2026-05-06,QX-HHD-330,237
B-01,2026-05-06,QX-CHL-332,56
B-01,2026-05-06,QX-CER-333,38
B-01,2026-05-06,QX-CHL-334,177
B-01,2026-05-06,QX-FRZ-336,238
B-01,2026-05-06,QX-BAK-337,86
B-01,2026-05-06,QX-FRZ-338,192
B-01,2026-05-06,QX-CHL-339,71
B-01,2026-05-06,QX-TIN-340,220
B-01,2026-05-06,QX-DRY-341,205
B-01,2026-05-06,QX-DRK-342,174
B-01,2026-05-06,QX-TIN-343,62
B-01,2026-05-06,QX-FRZ-344,209
B-01,2026-05-06,QX-CHL-345,33
B-01,2026-05-06,QX-FRZ-346,151
B-01,2026-05-06,QX-HHD-347,120
B-01,2026-05-06,QX-DRK-348,211
B-01,2026-05-06,QX-CER-349,195
B-01,2026-05-06,QX-DRY-350,125
B-01,2026-05-06,QX-BAK-351,62
B-01,2026-05-06,QX-CER-352,217
B-01,2026-05-06,QX-HHD-353,236
B-01,2026-05-06,QX-TIN-354,7
B-01,2026-05-06,QX-HBC-355,137
B-01,2026-05-06,QX-TIN-356,121
B-01,2026-05-06,QX-PET-357,49
B-01,2026-05-06,QX-CER-358,31
B-01,2026-05-06,QX-DRY-359,138
B-01,2026-05-06,QX-HHD-360,200
B-01,2026-05-06,QX-DRK-361,59
B-01,2026-05-06,QX-DRK-362,6
B-01,2026-05-06,QX-TIN-363,79
B-01,2026-05-06,QX-CER-364,89
B-01,2026-05-06,QX-TIN-365,110
B-01,2026-05-06,QX-HBC-366,64
B-01,2026-05-06,QX-CHL-367,42
B-01,2026-05-06,QX-PRO-368,120
B-01,2026-05-06,QX-DRK-369,231
B-01,2026-05-06,QX-BAK-371,14
B-01,2026-05-06,QX-HHD-372,154
B-01,2026-05-06,QX-CHL-373,183
B-01,2026-05-06,QX-BAK-374,66
B-01,2026-05-06,QX-BWS-375,110
B-01,2026-05-06,QX-CER-376,87
B-01,2026-05-06,QX-BAK-377,115
B-01,2026-05-06,QX-DRK-378,197
B-01,2026-05-06,QX-DRK-379,47
B-01,2026-05-06,QX-TIN-380,194
B-01,2026-05-06,QX-TIN-381,
B-01,2026-05-06,QX-PET-382,33
B-01,2026-05-06,QX-TIN-383,19
B-01,2026-05-06,QX-BAK-384,138
B-01,2026-05-06,QX-FRZ-385,135
B-01,2026-05-06,QX-BAK-387,81
B-01,2026-05-06,QX-CER-388,193
B-01,2026-05-06,QX-CER-389,43
B-01,2026-05-06,QX-CER-390,42
B-01,2026-05-06,QX-DRY-391,153
B-01,2026-05-06,QX-FRZ-392,132
B-01,2026-05-06,QX-HBC-393,214
B-01,2026-05-06,QX-CER-394,114
B-01,2026-05-06,QX-BAK-395,210
B-01,2026-05-06,QX-FRZ-396,84
B-01,2026-05-06,QX-PET-398,204
B-01,2026-05-06,QX-BAK-400,239
B-01,2026-05-06,QX-HBC-401,4
B-01,2026-05-06,QX-DRY-403,87
B-01,2026-05-06,QX-PET-404,205
B-01,2026-05-06,QX-HBC-405,85
B-01,2026-05-06,QX-DRY-406,191
B-01,2026-05-06,QX-DRY-407,21
B-01,2026-05-06,QX-CHL-409,202
B-01,2026-05-06,QX-HHD-411,199
B-01,2026-05-06,QX-BWS-412,24
B-01,2026-05-06,QX-FRZ-413,50
B-01,2026-05-06,QX-FRZ-414,94
B-01,2026-05-06,QX-FRZ-415,48
B-01,2026-05-06,QX-PET-416,60
B-01,2026-05-06,QX-PET-417,234
B-01,2026-05-06,QX-HHD-418,16
B-01,2026-05-06,QX-BAK-419,158
B-01,2026-05-06,QX-DRK-420,156
B-01,2026-05-06,QX-FRZ-421,22
B-01,2026-05-06,QX-HHD-423,144
B-01,2026-05-06,QX-HBC-424,98
B-01,2026-05-06,QX-CHL-425,157
B-01,2026-05-06,QX-BAK-426,232
B-01,2026-05-06,QX-DRK-427,221
B-01,2026-05-06,QX-PET-428,183
B-01,2026-05-06,QX-CER-429,18
B-01,2026-05-06,QX-FRZ-431,35
B-01,2026-05-06,QX-CHL-432,77
B-01,2026-05-06,QX-PET-433,28
B-01,2026-05-06,QX-CER-434,222
B-01,2026-05-06,QX-PRO-435,160
B-01,2026-05-06,QX-PRO-436,54
B-01,2026-05-06,QX-FRZ-437,203
B-01,2026-05-06,QX-CHL-438,213
B-01,2026-05-06,QX-BWS-439,134
B-01,2026-05-06,QX-FRZ-440,236
B-01,2026-05-06,QX-HHD-441,24
B-01,2026-05-06,QX-HBC-442,84
B-01,2026-05-06,QX-HHD-443,179
B-01,2026-05-06,QX-HHD-445,150
B-01,2026-05-06,QX-PET-446,101
B-01,2026-05-06,QX-TIN-447,58
B-01,2026-05-06,QX-PET-448,187
B-01,2026-05-06,QX-HHD-449,12
B-01,2026-05-06,QX-HHD-450,124
B-01,2026-05-06,QX-HBC-452,200
B-01,2026-05-06,QX-DRK-453,4
B-01,2026-05-06,QX-PRO-454,44
B-01,2026-05-06,QX-DRK-455,119
B-01,2026-05-06,QX-TIN-456,209
B-01,2026-05-06,QX-HBC-457,79
B-01,2026-05-06,QX-CER-458,165
B-01,2026-05-06,QX-CHL-459,92
B-01,2026-05-06,QX-CER-460,139
B-01,2026-05-06,QX-PET-461,44
B-01,2026-05-06,QX-BAK-462,229
B-01,2026-05-06,QX-TIN-463,164
B-01,2026-05-06,QX-BAK-464,140
B-01,2026-05-06,QX-HBC-465,48
B-01,2026-05-06,QX-CHL-466,
B-01,2026-05-06,QX-DRK-467,152
B-01,2026-05-06,QX-TIN-468,32
B-01,2026-05-06,QX-HHD-469,133
B-01,2026-05-06,QX-BWS-470,165
B-01,2026-05-06,QX-PET-471,89
B-01,2026-05-06,QX-DRY-472,127
B-01,2026-05-06,QX-CER-473,155
B-01,2026-05-06,QX-DRK-474,180
B-01,2026-05-06,QX-HBC-475,144
B-01,2026-05-06,QX-PET-476,
B-01,2026-05-06,QX-PRO-477,61
B-01,2026-05-06,QX-FRZ-478,17
B-01,2026-05-06,QX-PET-479,110
B-01,2026-05-06,QX-DRK-480,70
B-01,2026-05-06,QX-TIN-481,116
B-01,2026-05-06,QX-HBC-482,15
B-01,2026-05-06,QX-DRY-483,201
B-01,2026-05-06,QX-TIN-484,3
B-01,2026-05-06,QX-CER-486,132
B-01,2026-05-06,QX-BAK-487,4
B-01,2026-05-06,QX-PRO-488,156
B-01,2026-05-06,QX-DRK-489,160
B-01,2026-05-06,QX-BWS-490,219
B-01,2026-05-06,QX-HBC-491,1
B-01,2026-05-06,QX-FRZ-492,100
B-01,2026-05-06,QX-CHL-493,232
B-01,2026-05-06,QX-HBC-494,6
B-01,2026-05-06,QX-FRZ-495,73
B-01,2026-05-06,QX-HHD-496,77
B-01,2026-05-06,QX-PET-497,193
B-01,2026-05-06,QX-BWS-498,210
B-01,2026-05-06,QX-BAK-499,119
B-01,2026-05-06,QX-FRZ-500,178
B-01,2026-05-06,QX-BAK-501,123
B-01,2026-05-06,QX-PET-503,41
B-01,2026-05-06,QX-CER-504,208
B-01,2026-05-06,QX-CER-505,143
B-01,2026-05-06,QX-BAK-506,86
B-01,2026-05-06,QX-CER-507,80
B-01,2026-05-06,QX-DRK-508,41
B-01,2026-05-06,QX-BAK-509,12
B-01,2026-05-06,QX-CER-510,134
B-01,2026-05-06,QX-DRK-511,224
B-01,2026-05-06,QX-HHD-512,183
B-01,2026-05-06,QX-CER-513,225
B-01,2026-05-06,QX-HHD-514,84
B-01,2026-05-06,QX-HHD-515,87
B-01,2026-05-06,QX-PET-516,129
B-01,2026-05-06,QX-CHL-517,225
B-01,2026-05-06,QX-BAK-518,210
B-01,2026-05-06,QX-PET-520,57
B-01,2026-05-06,QX-BAK-521,88
B-01,2026-05-06,QX-DRY-522,61
B-01,2026-05-06,QX-PRO-523,237
B-01,2026-05-06,QX-PRO-524,51
B-01,2026-05-06,QX-FRZ-525,101
B-01,2026-05-06,QX-CER-526,239
B-01,2026-05-06,QX-CHL-527,99
B-01,2026-05-06,QX-DRK-528,195
B-01,2026-05-06,QX-CER-529,233
B-01,2026-05-06,QX-CHL-530,104
B-01,2026-05-06,QX-CER-531,154
B-01,2026-05-06,QX-HBC-532,140
B-01,2026-05-06,QX-PET-533,235
B-01,2026-05-06,QX-TIN-534,13
B-01,2026-05-06,QX-FRZ-535,89
B-01,2026-05-06,QX-PET-537,50
B-01,2026-05-06,QX-BAK-538,14
B-01,2026-05-06,QX-HBC-539,93
B-01,2026-05-06,QX-PRO-540,11
B-01,2026-05-06,QX-CHL-541,180
B-01,2026-05-06,QX-CHL-542,170
B-01,2026-05-06,QX-PRO-543,141
B-01,2026-05-06,QX-DRY-544,159
B-01,2026-05-06,QX-HBC-545,
B-01,2026-05-06,QX-DRK-546,91
B-01,2026-05-06,QX-FRZ-547,120
B-01,2026-05-06,QX-TIN-548,21
B-01,2026-05-06,QX-BWS-549,197
B-01,2026-05-06,QX-CHL-550,36
B-01,2026-05-06,QX-HHD-551,205
B-01,2026-05-06,QX-TIN-552,74
B-01,2026-05-06,QX-FRZ-553,195
B-01,2026-05-06,QX-HHD-554,2
B-01,2026-05-06,QX-DRY-555,90
B-01,2026-05-06,QX-HHD-556,184
B-01,2026-05-06,QX-TIN-557,230
B-01,2026-05-06,QX-CER-558,187
B-01,2026-05-06,QX-PET-559,65
B-01,2026-05-06,QX-DRK-560,196
B-01,2026-05-06,QX-CER-561,101
B-01,2026-05-06,QX-PRO-562,39
B-01,2026-05-06,QX-HHD-563,96
B-01,2026-05-06,QX-BAK-564,8
B-01,2026-05-06,QX-BAK-565,5
B-01,2026-05-06,QX-FRZ-566,18
B-01,2026-05-06,QX-HHD-568,28
B-01,2026-05-06,QX-BAK-569,155
B-01,2026-05-06,QX-HHD-570,10
B-01,2026-05-06,QX-PET-571,61
B-01,2026-05-06,QX-PET-573,191
B-01,2026-05-06,QX-TIN-574,119
B-01,2026-05-06,QX-PET-575,12
B-01,2026-05-06,QX-HBC-576,175
B-01,2026-05-06,QX-DRY-577,165
B-01,2026-05-06,QX-FRZ-578,116
B-01,2026-05-06,QX-PRO-580,235
B-01,2026-05-06,QX-BAK-581,168
B-01,2026-05-06,QX-FRZ-582,105
B-01,2026-05-06,QX-DRK-583,145
B-01,2026-05-06,QX-HHD-584,125
B-01,2026-05-06,QX-HHD-586,202
B-01,2026-05-06,QX-PRO-587,24
B-01,2026-05-06,QX-FRZ-588,23
B-01,2026-05-06,QX-CER-589,140
B-01,2026-05-06,QX-BAK-590,187
B-01,2026-05-06,QX-HBC-591,61
B-01,2026-05-06,QX-TIN-593,117
B-01,2026-05-06,QX-CER-594,73
B-01,2026-05-06,QX-HHD-595,177
B-01,2026-05-06,QX-PRO-596,167
B-01,2026-05-06,QX-BWS-597,6
B-01,2026-05-06,QX-BAK-598,99
B-01,2026-05-06,QX-BAK-599,83
B-01,2026-05-06,QX-DRK-600,39
B-01,2026-05-06,QX-DRK-601,149
B-01,2026-05-06,QX-PET-602,60
B-01,2026-05-06,QX-DRK-603,125
B-01,2026-05-06,QX-BAK-604,34
B-01,2026-05-06,QX-CER-606,44
B-01,2026-05-06,QX-BWS-607,74
B-01,2026-05-06,QX-FRZ-608,149
B-01,2026-05-06,QX-CHL-609,
B-01,2026-05-06,QX-BAK-610,236
B-01,2026-05-06,QX-BWS-611,25
B-01,2026-05-06,QX-BWS-612,66
B-01,2026-05-06,QX-BAK-613,238
B-01,2026-05-06,QX-FRZ-615,116
B-01,2026-05-06,QX-HHD-616,36
B-01,2026-05-06,QX-CHL-617,233
B-01,2026-05-06,QX-DRY-618,116
B-01,2026-05-06,QX-CER-619,215
B-01,2026-05-06,QX-DRY-620,138
B-01,2026-05-06,QX-HHD-621,82
B-01,2026-05-06,QX-FRZ-622,50
B-01,2026-05-06,QX-FRZ-623,152
B-01,2026-05-06,QX-DRK-624,48
B-01,2026-05-06,QX-FRZ-625,80
B-01,2026-05-06,QX-TIN-626,173
B-01,2026-05-06,QX-CHL-627,81
B-01,2026-05-06,QX-DRK-628,155
B-01,2026-05-06,QX-BAK-629,151
B-01,2026-05-06,QX-TIN-630,85
B-01,2026-05-06,QX-HHD-631,151
B-01,2026-05-06,QX-PET-632,223
B-01,2026-05-06,QX-BAK-633,141
B-01,2026-05-06,QX-HHD-634,16
B-01,2026-05-06,QX-FRZ-635,154
B-01,2026-05-06,QX-HBC-636,74
B-01,2026-05-06,QX-PRO-637,76
B-01,2026-05-06,QX-BAK-638,85
B-01,2026-05-06,QX-DRK-639,238
B-01,2026-05-06,QX-DRY-640,6
B-01,2026-05-06,QX-BAK-641,214
B-01,2026-05-06,QX-CHL-642,96
B-01,2026-05-06,QX-FRZ-643,212
B-01,2026-05-06,QX-BAK-644,85
B-01,2026-05-06,QX-DRK-645,123
B-01,2026-05-06,QX-FRZ-646,49
B-01,2026-05-06,QX-CER-647,51
B-01,2026-05-06,QX-BAK-648,107
B-01,2026-05-06,QX-BWS-649,
B-01,2026-05-06,QX-TIN-650,131
B-01,2026-05-06,QX-CER-651,2
B-01,2026-05-06,QX-DRY-652,167
B-01,2026-05-06,QX-BAK-653,6
B-01,2026-05-06,QX-PET-654,87
B-01,2026-05-06,QX-CER-655,76
B-01,2026-05-06,QX-DRK-656,166
B-01,2026-05-06,QX-TIN-657,186
B-01,2026-05-06,QX-DRY-658,19
B-01,2026-05-06,QX-BAK-659,105
B-01,2026-05-06,QX-HHD-660,213
B-01,2026-05-06,QX-DRY-661,79
B-01,2026-05-06,QX-CER-663,137
B-01,2026-05-06,QX-DRY-664,77
B-01,2026-05-06,QX-HHD-665,53
B-01,2026-05-06,QX-CER-666,5
B-01,2026-05-06,QX-DRY-667,179
B-01,2026-05-06,QX-BWS-668,114
B-01,2026-05-06,QX-FRZ-669,153
B-01,2026-05-06,QX-DRK-670,180
B-01,2026-05-06,QX-CER-671,212
B-01,2026-05-06,QX-PRO-672,55
B-01,2026-05-06,QX-PET-674,106
B-01,2026-05-06,QX-TIN-677,114
B-01,2026-05-06,QX-BAK-678,117
B-01,2026-05-06,QX-FRZ-679,197
B-01,2026-05-06,QX-FRZ-680,93
B-01,2026-05-06,QX-CER-681,19
B-01,2026-05-06,QX-HHD-682,30
B-01,2026-05-06,QX-BWS-684,217
B-01,2026-05-06,QX-PRO-685,164
B-01,2026-05-06,QX-DRY-686,72
B-01,2026-05-06,QX-FRZ-687,105
B-01,2026-05-06,QX-BAK-688,77
B-01,2026-05-06,QX-BAK-689,225
B-01,2026-05-06,QX-CER-690,35
B-01,2026-05-06,QX-HBC-691,71
B-01,2026-05-06,QX-BAK-692,138
B-01,2026-05-06,QX-BAK-693,173
B-01,2026-05-06,QX-PET-694,220
B-01,2026-05-06,QX-CHL-695,185
B-01,2026-05-06,QX-FRZ-696,110
B-01,2026-05-06,QX-DRY-698,164
B-01,2026-05-06,QX-PRO-699,65
B-01,2026-05-06,QX-PET-700,16
B-01,2026-05-06,QX-CER-702,64
B-01,2026-05-06,QX-BWS-703,195
B-01,2026-05-06,QX-FRZ-704,152
B-01,2026-05-06,QX-DRK-705,183
B-01,2026-05-06,QX-FRZ-706,33
B-01,2026-05-06,QX-CHL-707,137
B-01,2026-05-06,QX-PET-708,170
B-01,2026-05-06,QX-CER-709,116
B-01,2026-05-06,QX-TIN-710,191
B-01,2026-05-06,QX-BAK-711,108
B-01,2026-05-06,QX-TIN-712,113
B-01,2026-05-06,QX-PRO-713,146
B-01,2026-05-06,QX-DRK-714,160
B-01,2026-05-06,QX-BAK-715,207
B-01,2026-05-06,QX-CHL-716,69
B-01,2026-05-06,QX-PET-717,184
B-01,2026-05-06,QX-PRO-718,208
B-01,2026-05-06,QX-FRZ-719,84
B-01,2026-05-06,QX-PRO-720,39
B-01,2026-05-06,QX-TIN-721,144
B-01,2026-05-06,QX-DRK-722,95
B-01,2026-05-06,QX-CER-724,164
B-01,2026-05-06,QX-PRO-726,160
B-01,2026-05-06,QX-HBC-727,110
B-01,2026-05-06,QX-HBC-729,199
B-01,2026-05-06,QX-DRK-730,199
B-01,2026-05-06,QX-CHL-732,233
B-01,2026-05-06,QX-DRK-733,59
B-01,2026-05-06,QX-CHL-734,143
B-01,2026-05-06,QX-FRZ-735,140
B-01,2026-05-06,QX-DRK-736,151
B-01,2026-05-06,QX-HBC-737,188
B-01,2026-05-06,QX-CHL-738,139
B-01,2026-05-06,QX-PRO-739,211
B-01,2026-05-06,QX-PET-741,26
B-01,2026-05-06,QX-FRZ-742,189
B-01,2026-05-06,QX-FRZ-743,172
B-01,2026-05-06,QX-CHL-744,170
B-01,2026-05-06,QX-HHD-745,114
B-01,2026-05-06,QX-DRK-746,189
B-01,2026-05-06,QX-BWS-747,233
B-01,2026-05-06,QX-PRO-748,104
B-01,2026-05-06,QX-DRY-749,135
B-01,2026-05-06,QX-TIN-750,75
B-01,2026-05-06,QX-TIN-751,
B-01,2026-05-06,QX-PET-752,236
B-01,2026-05-06,QX-TIN-753,120
B-01,2026-05-06,QX-FRZ-754,155
B-01,2026-05-06,QX-DRY-755,214
B-01,2026-05-06,QX-DRK-756,23
B-01,2026-05-06,QX-DRK-757,56
B-01,2026-05-06,QX-HHD-758,44
B-01,2026-05-06,QX-FRZ-759,176
B-01,2026-05-06,QX-CHL-760,210
B-01,2026-05-06,QX-BAK-761,5
B-01,2026-05-06,QX-HHD-762,64
B-01,2026-05-06,QX-HBC-764,125
B-01,2026-05-06,QX-BAK-765,157
B-01,2026-05-06,QX-BAK-766,
B-01,2026-05-06,QX-BWS-767,231
B-01,2026-05-06,QX-BAK-769,198
B-01,2026-05-06,QX-BAK-770,202
B-01,2026-05-06,QX-PET-771,130
B-01,2026-05-06,QX-DRY-772,211
B-01,2026-05-06,QX-DRY-773,214
B-01,2026-05-06,QX-FRZ-774,37
B-01,2026-05-06,QX-TIN-775,170
B-01,2026-05-06,QX-BAK-777,227
B-01,2026-05-06,QX-HBC-778,218
B-01,2026-05-06,QX-TIN-779,32
B-01,2026-05-06,QX-DRK-780,197
B-01,2026-05-06,QX-PET-781,146
B-01,2026-05-06,QX-HBC-782,216
B-01,2026-05-06,QX-BWS-783,174
B-01,2026-05-06,QX-BWS-785,114
B-01,2026-05-06,QX-CER-786,137
B-01,2026-05-06,QX-DRK-787,218
B-01,2026-05-06,QX-FRZ-788,64
B-01,2026-05-06,QX-PET-789,172
B-01,2026-05-06,QX-HHD-790,2
B-01,2026-05-06,QX-HHD-791,21
B-01,2026-05-06,QX-DRY-792,65
B-01,2026-05-06,QX-PRO-793,51
B-01,2026-05-06,QX-HBC-794,16
B-01,2026-05-06,QX-HBC-795,112
B-01,2026-05-06,QX-BAK-796,55
B-01,2026-05-06,QX-BWS-797,56
B-01,2026-05-06,QX-BWS-798,113
B-01,2026-05-06,QX-BAK-799,18
B-01,2026-05-06,QX-HBC-800,38
B-01,2026-05-06,QX-DRY-802,153
B-01,2026-05-06,QX-HHD-803,44
B-01,2026-05-06,QX-HBC-805,
B-01,2026-05-06,QX-HBC-806,162
B-01,2026-05-06,QX-PET-807,36
B-01,2026-05-06,QX-HHD-808,209
B-01,2026-05-06,QX-HHD-809,22
B-01,2026-05-06,QX-PET-810,138
B-01,2026-05-06,QX-DRY-811,200
B-01,2026-05-06,QX-BWS-814,146
B-01,2026-05-06,QX-HHD-815,232
B-01,2026-05-06,QX-BAK-816,117
B-01,2026-05-06,QX-PRO-817,32
B-01,2026-05-06,QX-BAK-818,122
B-01,2026-05-06,QX-TIN-819,234
B-01,2026-05-06,QX-BAK-820,63
B-01,2026-05-06,QX-CHL-821,151
B-01,2026-05-06,QX-PET-822,238
B-01,2026-05-06,QX-DRK-823,
B-01,2026-05-06,QX-FRZ-824,42
B-01,2026-05-06,QX-HHD-825,171
B-01,2026-05-06,QX-HBC-826,230
B-01,2026-05-06,QX-DRK-827,107
B-01,2026-05-06,QX-HBC-828,20
B-01,2026-05-06,QX-HHD-829,38
B-01,2026-05-06,QX-BWS-830,76
B-01,2026-05-06,QX-CER-831,
B-01,2026-05-06,QX-FRZ-832,147
B-01,2026-05-06,QX-PRO-833,62
B-01,2026-05-06,QX-DRK-834,157
B-01,2026-05-06,QX-DRK-835,37
B-01,2026-05-06,QX-BWS-837,24
B-01,2026-05-06,QX-BWS-838,186
B-01,2026-05-06,QX-DRK-839,182
B-01,2026-05-06,QX-HBC-840,
B-01,2026-05-06,QX-HHD-841,115
B-01,2026-05-06,QX-PET-842,193
B-01,2026-05-06,QX-DRK-843,204
B-01,2026-05-06,QX-HBC-844,42
B-01,2026-05-06,QX-HHD-845,213
B-01,2026-05-06,QX-CHL-846,7
B-01,2026-05-06,QX-HBC-847,228
B-01,2026-05-06,QX-DRK-849,180
B-01,2026-05-06,QX-BWS-850,200
B-01,2026-05-06,QX-DRY-851,126
B-01,2026-05-06,QX-PRO-852,50
B-01,2026-05-06,QX-PET-853,83
B-01,2026-05-06,QX-HHD-854,
B-01,2026-05-06,QX-FRZ-855,38
B-01,2026-05-06,QX-FRZ-856,103
B-01,2026-05-06,QX-HBC-857,171
B-01,2026-05-06,QX-PRO-858,53
B-01,2026-05-06,QX-FRZ-859,142
B-01,2026-05-06,QX-BAK-860,155
B-01,2026-05-06,QX-PRO-861,96
B-01,2026-05-06,QX-CHL-862,151
B-01,2026-05-06,QX-BWS-864,108
B-01,2026-05-06,QX-TIN-865,161
B-01,2026-05-06,QX-CER-866,198
B-01,2026-05-06,QX-TIN-867,208
B-01,2026-05-06,QX-HBC-868,
B-01,2026-05-06,QX-FRZ-869,84
B-01,2026-05-06,QX-DRY-870,36
B-01,2026-05-06,QX-DRK-871,237
B-01,2026-05-06,QX-CHL-872,34
B-01,2026-05-06,QX-TIN-873,151
B-01,2026-05-06,QX-CHL-874,163
B-01,2026-05-06,QX-BWS-875,15
B-01,2026-05-06,QX-BWS-876,2
B-01,2026-05-06,QX-BAK-877,209
B-01,2026-05-06,QX-TIN-878,110
B-01,2026-05-06,QX-PRO-879,165
B-01,2026-05-06,QX-PRO-880,106
B-01,2026-05-06,QX-TIN-881,100
B-01,2026-05-06,QX-DRK-882,88
B-01,2026-05-06,QX-CHL-883,175
B-01,2026-05-06,QX-CER-884,60
B-01,2026-05-06,QX-BWS-885,11
B-01,2026-05-06,QX-CER-887,100
B-01,2026-05-06,QX-HHD-888,154
B-01,2026-05-06,QX-PRO-889,2
B-01,2026-05-06,QX-FRZ-890,62
B-01,2026-05-06,QX-CHL-891,196
B-01,2026-05-06,QX-TIN-892,144
B-01,2026-05-06,QX-CHL-893,52
B-01,2026-05-06,QX-HHD-894,3
B-01,2026-05-06,QX-HHD-895,154
B-01,2026-05-06,QX-FRZ-896,71
B-01,2026-05-06,QX-BWS-897,166
B-01,2026-05-06,QX-TIN-898,217
B-01,2026-05-06,QX-BAK-899,169
B-01,2026-05-06,QX-BAK-900,228
B-01,2026-05-06,QX-HBC-901,174
B-01,2026-05-06,QX-PET-902,105
B-01,2026-05-06,QX-DRY-903,207
B-01,2026-05-06,QX-TIN-904,21
B-01,2026-05-06,QX-FRZ-905,26
B-01,2026-05-06,QX-PRO-906,107
B-01,2026-05-06,QX-BWS-907,31
B-01,2026-05-06,QX-BWS-908,92
B-01,2026-05-06,QX-BWS-909,206
B-01,2026-05-06,QX-DRK-910,221
B-01,2026-05-06,QX-BWS-911,214
B-01,2026-05-06,QX-TIN-912,201
B-01,2026-05-06,QX-BAK-913,205
B-01,2026-05-06,QX-DRY-914,
B-01,2026-05-06,QX-FRZ-915,104
B-01,2026-05-06,QX-PET-916,123
B-01,2026-05-06,QX-BWS-918,76
B-01,2026-05-06,QX-PET-919,170
B-01,2026-05-06,QX-FRZ-921,167
B-01,2026-05-06,QX-PRO-922,59
B-01,2026-05-06,QX-HBC-923,79
B-01,2026-05-06,QX-TIN-926,192
B-01,2026-05-06,QX-FRZ-928,9
B-01,2026-05-06,QX-BAK-929,175
B-01,2026-05-06,QX-PET-930,112
B-01,2026-05-06,QX-HBC-932,2
B-01,2026-05-06,QX-TIN-933,133
B-01,2026-05-06,QX-TIN-934,147
B-01,2026-05-06,QX-DRK-935,138
B-01,2026-05-06,QX-FRZ-936,24
B-01,2026-05-06,QX-HHD-937,175
B-01,2026-05-06,QX-CHL-938,139
B-01,2026-05-06,QX-BWS-939,87
B-01,2026-05-06,QX-DRY-940,5
B-01,2026-05-06,QX-CER-941,99
B-01,2026-05-06,QX-BAK-942,178
B-01,2026-05-06,QX-DRK-943,160
B-01,2026-05-06,QX-PRO-944,161
B-01,2026-05-06,QX-TIN-945,25
B-01,2026-05-06,QX-CHL-946,130
B-01,2026-05-06,QX-FRZ-947,216
B-01,2026-05-06,QX-HBC-948,220
B-01,2026-05-06,QX-PRO-949,132
B-01,2026-05-06,QX-BWS-950,20
B-01,2026-05-06,QX-DRY-951,232
B-01,2026-05-06,QX-PRO-952,228
B-01,2026-05-06,QX-HBC-953,138
B-01,2026-05-06,QX-PRO-954,14
B-01,2026-05-06,QX-HHD-956,108
B-01,2026-05-06,QX-HHD-957,115
B-01,2026-05-06,QX-CHL-958,99
B-01,2026-05-06,QX-PRO-959,236
B-01,2026-05-06,QX-PET-960,189
B-01,2026-05-06,QX-FRZ-961,67
B-01,2026-05-06,QX-DRY-962,217
B-01,2026-05-06,QX-PRO-963,74
B-01,2026-05-06,QX-HBC-964,89
B-01,2026-05-06,QX-HBC-965,67
B-01,2026-05-06,QX-FRZ-966,196
B-01,2026-05-06,QX-HHD-967,
B-01,2026-05-06,QX-CER-968,18
B-01,2026-05-06,QX-HHD-969,9
B-01,2026-05-06,QX-TIN-970,85
B-01,2026-05-06,QX-TIN-971,229
B-01,2026-05-06,QX-CER-972,180
B-01,2026-05-06,QX-HBC-973,92
B-01,2026-05-06,QX-DRK-974,75
B-01,2026-05-06,QX-FRZ-975,156
B-01,2026-05-06,QX-TIN-976,29
B-01,2026-05-06,QX-BWS-977,171
B-01,2026-05-06,QX-PRO-978,168
B-01,2026-05-06,QX-HHD-979,67
B-01,2026-05-06,QX-FRZ-980,88
B-01,2026-05-06,QX-FRZ-981,115
B-01,2026-05-06,QX-DRY-982,106
B-01,2026-05-06,QX-FRZ-983,75
B-01,2026-05-06,QX-HBC-985,86
B-01,2026-05-06,QX-DRY-986,122
B-01,2026-05-06,QX-CER-987,207
B-01,2026-05-06,QX-HHD-989,19
B-01,2026-05-06,QX-TIN-990,133
B-01,2026-05-06,QX-CER-991,223
B-01,2026-05-06,QX-BWS-992,
B-01,2026-05-06,QX-CER-993,133
B-01,2026-05-06,QX-DRK-994,36
B-01,2026-05-06,QX-TIN-995,53
B-01,2026-05-06,QX-CER-996,36
B-01,2026-05-06,QX-FRZ-997,76
B-01,2026-05-06,QX-TIN-998,108
B-01,2026-05-06,QX-CER-999,3
B-01,2026-05-06,QX-CER-000,34
B-01,2026-05-06,QX-PRO-001,184
B-01,2026-05-06,QX-PET-002,13
B-01,2026-05-06,QX-HBC-004,27
B-01,2026-05-06,QX-BAK-005,51
B-01,2026-05-06,QX-BWS-006,13
B-01,2026-05-06,QX-DRK-007,210
B-01,2026-05-06,QX-TIN-008,165
B-01,2026-05-06,QX-TIN-009,54
B-01,2026-05-06,QX-CHL-010,59
B-01,2026-05-06,QX-HBC-011,107
B-01,2026-05-06,QX-FRZ-012,217
B-01,2026-05-06,QX-HHD-013,179
B-01,2026-05-06,QX-DRY-014,51
B-01,2026-05-06,QX-PRO-015,197
B-01,2026-05-06,QX-PET-016,133
B-01,2026-05-06,QX-TIN-017,232
B-01,2026-05-06,QX-FRZ-018,41
B-01,2026-05-06,QX-FRZ-019,216
B-01,2026-05-06,QX-CHL-021,33
B-01,2026-05-06,QX-PRO-022,26
B-01,2026-05-06,QX-HHD-023,
B-01,2026-05-06,QX-DRK-024,2
B-01,2026-05-06,QX-FRZ-025,202
B-01,2026-05-06,QX-PRO-026,177
B-01,2026-05-06,QX-HBC-027,95
B-01,2026-05-06,QX-HHD-028,125
B-01,2026-05-06,QX-HHD-029,96
B-01,2026-05-06,QX-DRY-030,77
B-01,2026-05-06,QX-HBC-031,223
B-01,2026-05-06,QX-DRK-032,139
B-01,2026-05-06,QX-TIN-033,137
B-01,2026-05-06,QX-HHD-034,201
B-01,2026-05-06,QX-TIN-035,151
B-01,2026-05-06,QX-BAK-036,213
B-01,2026-05-06,QX-TIN-038,213
B-01,2026-05-06,QX-PRO-039,72
B-01,2026-05-06,QX-HBC-040,44
B-01,2026-05-06,QX-DRY-041,60
B-01,2026-05-06,QX-DRK-042,103
B-01,2026-05-06,QX-FRZ-043,1
B-01,2026-05-06,QX-CER-044,15
B-01,2026-05-06,QX-HHD-045,14
B-01,2026-05-06,QX-BAK-046,194
B-01,2026-05-06,QX-CER-047,141
B-01,2026-05-06,QX-HBC-048,124
B-01,2026-05-06,QX-HBC-049,37
B-01,2026-05-06,QX-BWS-050,80
B-01,2026-05-06,QX-PET-052,205
B-01,2026-05-06,QX-FRZ-053,168
B-01,2026-05-06,QX-FRZ-056,113
B-01,2026-05-06,QX-FRZ-057,168
B-01,2026-05-06,QX-DRY-058,6
B-01,2026-05-06,QX-PET-059,
B-01,2026-05-06,QX-FRZ-060,174
B-01,2026-05-06,QX-BWS-061,185
B-01,2026-05-06,QX-BWS-062,91
B-01,2026-05-06,QX-HHD-063,219
B-01,2026-05-06,QX-FRZ-064,236
B-01,2026-05-06,QX-PET-065,68
B-01,2026-05-06,QX-TIN-066,49
B-01,2026-05-06,QX-HBC-067,84
B-01,2026-05-06,QX-TIN-068,103
B-01,2026-05-06,QX-CER-069,86
B-01,2026-05-06,QX-DRY-070,232
B-01,2026-05-06,QX-DRK-071,96
B-01,2026-05-06,QX-FRZ-072,232
B-01,2026-05-06,QX-HHD-073,57
B-01,2026-05-06,QX-BWS-074,217
B-01,2026-05-06,QX-DRY-075,5
B-01,2026-05-06,QX-DRK-076,221
B-01,2026-05-06,QX-CER-077,
B-01,2026-05-06,QX-HBC-078,12
B-01,2026-05-06,QX-PRO-079,118
B-01,2026-05-06,QX-FRZ-080,45
B-01,2026-05-06,QX-BWS-081,199
B-01,2026-05-06,QX-CER-082,234
B-01,2026-05-06,QX-DRY-083,12
B-01,2026-05-06,QX-DRY-084,123
B-01,2026-05-06,QX-DRK-085,49
B-01,2026-05-06,QX-HHD-086,237
B-01,2026-05-06,QX-BWS-087,117
B-01,2026-05-06,QX-TIN-088,174
B-01,2026-05-06,QX-HBC-089,33
B-01,2026-05-06,QX-PET-090,43
B-01,2026-05-06,QX-CHL-091,129
B-01,2026-05-06,QX-TIN-092,20
B-01,2026-05-06,QX-CER-093,122
B-01,2026-05-06,QX-FRZ-094,96
B-01,2026-05-06,QX-DRK-095,104
B-01,2026-05-06,QX-HHD-096,124
B-01,2026-05-06,QX-FRZ-097,99
B-01,2026-05-06,QX-HBC-098,18
B-01,2026-05-06,QX-BAK-099,74
B-01,2026-05-06,QX-HHD-100,109
B-01,2026-05-06,QX-PET-101,52
B-01,2026-05-06,QX-DRY-104,50
B-01,2026-05-06,QX-BAK-105,208
B-01,2026-05-06,QX-FRZ-106,68
B-01,2026-05-06,QX-HBC-107,23
B-01,2026-05-06,QX-CER-108,60
B-01,2026-05-06,QX-DRY-109,142
B-01,2026-05-06,QX-TIN-110,183
B-01,2026-05-06,QX-BWS-111,81
B-01,2026-05-06,QX-DRY-112,214
B-01,2026-05-06,QX-DRK-113,82
B-01,2026-05-06,QX-BWS-114,127
B-01,2026-05-06,QX-DRK-115,202
B-01,2026-05-06,QX-BWS-116,95
B-01,2026-05-06,QX-HHD-117,47
B-01,2026-05-06,QX-DRK-118,11
B-01,2026-05-06,QX-HHD-119,58
B-01,2026-05-06,QX-BAK-120,27
B-01,2026-05-06,QX-PRO-121,83
B-01,2026-05-06,QX-TIN-122,174
B-01,2026-05-06,QX-PET-123,103
B-01,2026-05-06,QX-DRK-124,36
B-01,2026-05-06,QX-HBC-125,206
B-01,2026-05-06,QX-DRY-126,216
B-01,2026-05-06,QX-BAK-127,48
B-01,2026-05-06,QX-PRO-128,
B-01,2026-05-06,QX-BWS-129,88
B-01,2026-05-06,QX-DRK-130,99
B-01,2026-05-06,QX-PET-131,137
B-01,2026-05-06,QX-CER-132,185
B-01,2026-05-06,QX-DRK-133,28
B-01,2026-05-06,QX-CER-134,194
B-01,2026-05-06,QX-BWS-135,199
B-01,2026-05-06,QX-CHL-136,78
B-01,2026-05-06,QX-TIN-137,220
B-01,2026-05-06,QX-BWS-138,194
B-01,2026-05-06,QX-HHD-139,18
B-01,2026-05-06,QX-TIN-140,208
B-01,2026-05-06,QX-DRY-141,159
B-01,2026-05-06,QX-DRK-142,210
B-01,2026-05-06,QX-FRZ-143,95
B-01,2026-05-06,QX-DRK-144,230
B-01,2026-05-06,QX-FRZ-145,46
B-01,2026-05-06,QX-PRO-146,106
B-01,2026-05-06,QX-CHL-147,7
B-01,2026-05-06,QX-HBC-148,17
B-01,2026-05-06,QX-TIN-149,126
B-01,2026-05-06,QX-PRO-150,38
B-01,2026-05-06,QX-BWS-151,75
B-01,2026-05-06,QX-DRK-152,225
B-01,2026-05-06,QX-TIN-153,190
B-01,2026-05-06,QX-BAK-155,206
B-01,2026-05-06,QX-DRY-156,176
B-01,2026-05-06,QX-PRO-157,185
B-01,2026-05-06,QX-DRY-158,48
B-01,2026-05-06,QX-TIN-159,209
B-01,2026-05-06,QX-CHL-160,188
B-01,2026-05-06,QX-FRZ-161,39
B-01,2026-05-06,QX-BWS-162,163
B-01,2026-05-06,QX-PRO-163,70
B-01,2026-05-06,QX-DRK-164,171
B-01,2026-05-06,QX-BAK-165,101
B-01,2026-05-06,QX-BWS-167,20
B-01,2026-05-06,QX-HHD-168,5
B-01,2026-05-06,QX-HBC-169,178
B-01,2026-05-06,QX-HHD-170,31
B-01,2026-05-06,QX-PRO-171,39
B-01,2026-05-06,QX-CHL-172,57
B-01,2026-05-06,QX-HHD-173,194
B-01,2026-05-06,QX-BAK-174,25
B-01,2026-05-06,QX-TIN-175,161
B-01,2026-05-06,QX-DRK-176,222
B-01,2026-05-06,QX-DRK-177,187
B-01,2026-05-06,QX-CER-178,25
B-01,2026-05-06,QX-HHD-179,37
B-01,2026-05-06,QX-CHL-180,126
B-01,2026-05-06,QX-PET-181,84
B-01,2026-05-06,QX-HHD-182,211
B-01,2026-05-06,QX-DRY-183,56
B-01,2026-05-06,QX-BAK-184,107
B-01,2026-05-06,QX-FRZ-185,159
B-01,2026-05-06,QX-CHL-186,91
B-01,2026-05-06,QX-HBC-187,39
B-01,2026-05-06,QX-BAK-188,154
B-01,2026-05-06,QX-HBC-189,219
B-01,2026-05-06,QX-DRY-191,16
B-01,2026-05-06,QX-PET-192,143
B-01,2026-05-06,QX-DRY-193,47
B-01,2026-05-06,QX-HBC-194,4
B-01,2026-05-06,QX-CHL-195,
B-01,2026-05-06,QX-DRY-196,119
B-01,2026-05-06,QX-HHD-197,126
B-01,2026-05-06,QX-BAK-198,30
B-01,2026-05-06,QX-DRY-199,155
B-01,2026-05-06,QX-PRO-200,21
B-01,2026-05-06,QX-TIN-202,120
B-01,2026-05-06,QX-HHD-203,132
B-01,2026-05-06,QX-CHL-205,157
B-01,2026-05-06,QX-HHD-206,127
B-01,2026-05-06,QX-CHL-207,82
B-01,2026-05-06,QX-HBC-208,128
B-01,2026-05-06,QX-DRK-209,13
B-01,2026-05-06,QX-TIN-210,
B-01,2026-05-06,QX-CHL-211,2
B-01,2026-05-06,QX-CER-213,82
B-01,2026-05-06,QX-BAK-217,49
B-01,2026-05-06,QX-HBC-220,194
B-01,2026-05-06,QX-PET-221,113
B-01,2026-05-06,QX-HBC-222,238
B-01,2026-05-06,QX-DRY-224,104
B-01,2026-05-06,QX-HHD-225,127
B-01,2026-05-06,QX-CER-228,95
B-01,2026-05-06,QX-HHD-229,42
B-01,2026-05-06,QX-BWS-230,50
B-01,2026-05-06,QX-HHD-231,71
B-01,2026-05-06,QX-CHL-232,60
B-01,2026-05-06,QX-CHL-233,9
B-01,2026-05-06,QX-PET-234,87
B-01,2026-05-06,QX-BAK-235,
B-01,2026-05-06,QX-BWS-236,13
B-01,2026-05-06,QX-BWS-237,182
B-01,2026-05-06,QX-HHD-238,107
B-01,2026-05-06,QX-FRZ-240,141
B-01,2026-05-06,QX-DRY-241,29
B-01,2026-05-06,QX-CHL-242,142
B-01,2026-05-06,QX-DRK-243,113
B-01,2026-05-06,QX-DRK-244,49
B-01,2026-05-06,QX-CER-245,142
B-01,2026-05-06,QX-CHL-246,138
B-01,2026-05-06,QX-DRY-247,147
B-01,2026-05-06,QX-HBC-248,108
B-01,2026-05-06,QX-HHD-249,44
B-01,2026-05-06,QX-CER-250,206
B-01,2026-05-06,QX-CER-251,58
B-01,2026-05-06,QX-BAK-252,145
B-01,2026-05-06,QX-CHL-253,106
B-01,2026-05-06,QX-BAK-254,180
B-01,2026-05-06,QX-FRZ-255,12
B-01,2026-05-06,QX-DRK-256,27
B-01,2026-05-06,QX-TIN-257,30
B-01,2026-05-06,QX-DRY-258,65
B-01,2026-05-06,QX-DRK-259,191
B-01,2026-05-06,QX-PET-260,174
B-01,2026-05-06,QX-DRY-261,43
B-01,2026-05-06,QX-FRZ-262,230
B-01,2026-05-06,QX-HHD-263,
B-01,2026-05-06,QX-CER-264,226
B-01,2026-05-06,QX-BWS-265,21
B-01,2026-05-06,QX-BAK-268,105
B-01,2026-05-06,QX-PET-269,123
B-01,2026-05-06,QX-BWS-270,214
B-01,2026-05-06,QX-BWS-271,207
B-01,2026-05-06,QX-CER-272,68
B-01,2026-05-06,QX-PRO-273,111
B-01,2026-05-06,QX-DRY-274,20
B-01,2026-05-06,QX-BAK-275,228
B-01,2026-05-06,QX-CER-276,
B-01,2026-05-06,QX-TIN-277,161
B-01,2026-05-06,QX-TIN-278,197
B-01,2026-05-06,QX-DRK-279,71
B-01,2026-05-06,QX-HBC-280,145
B-01,2026-05-06,QX-BWS-281,177
B-01,2026-05-06,QX-DRY-282,66
B-01,2026-05-06,QX-PET-284,34
B-01,2026-05-06,QX-CER-285,79
B-01,2026-05-06,QX-HHD-286,
B-01,2026-05-06,QX-CER-288,108
B-01,2026-05-06,QX-FRZ-290,21
B-01,2026-05-06,QX-DRK-291,116
B-01,2026-05-06,QX-HBC-294,49
B-01,2026-05-06,QX-HHD-295,16
B-01,2026-05-06,QX-CER-296,18
B-01,2026-05-06,QX-HBC-297,193
B-01,2026-05-06,QX-TIN-298,60
B-01,2026-05-06,QX-CHL-299,45
B-01,2026-05-06,QX-BWS-300,2
B-01,2026-05-06,QX-HBC-303,3
B-01,2026-05-06,QX-CHL-304,167
B-01,2026-05-06,QX-DRY-305,238
B-01,2026-05-06,QX-PRO-306,239
B-01,2026-05-06,QX-HBC-307,238
B-01,2026-05-06,QX-HHD-308,107
B-01,2026-05-06,QX-BWS-311,206
B-01,2026-05-06,QX-DRK-312,106
B-01,2026-05-06,QX-CHL-313,80
B-01,2026-05-06,QX-PRO-315,28
B-01,2026-05-06,QX-BAK-316,89
B-01,2026-05-06,QX-TIN-317,98
B-01,2026-05-06,QX-CHL-318,236
B-01,2026-05-06,QX-BWS-319,141
B-01,2026-05-06,QX-PRO-320,105
B-01,2026-05-06,QX-BAK-321,197
B-01,2026-05-06,QX-PET-322,224
B-01,2026-05-06,QX-PET-323,14
B-01,2026-05-06,QX-DRY-324,48
B-01,2026-05-06,QX-PET-325,141
B-01,2026-05-06,QX-DRK-327,4
B-01,2026-05-06,QX-CHL-328,23
B-01,2026-05-06,QX-HBC-329,80
B-01,2026-05-06,QX-DRK-330,80
B-01,2026-05-06,QX-HBC-331,60
B-01,2026-05-06,QX-TIN-332,65
B-01,2026-05-06,QX-BWS-333,191
B-01,2026-05-06,QX-BWS-334,116
B-01,2026-05-06,QX-PET-335,163
B-01,2026-05-06,QX-CHL-336,187
B-01,2026-05-06,QX-CER-337,197
B-01,2026-05-06,QX-DRK-338,68
B-01,2026-05-06,QX-BAK-339,191
B-01,2026-05-06,QX-PRO-341,210
B-01,2026-05-06,QX-BWS-342,200
B-01,2026-05-06,QX-BWS-343,215
B-01,2026-05-06,QX-HBC-345,194
B-01,2026-05-06,QX-BAK-347,191
B-01,2026-05-06,QX-DRY-348,84
B-01,2026-05-06,QX-BWS-350,171
B-01,2026-05-06,QX-HBC-351,66
B-01,2026-05-06,QX-DRK-352,97
B-01,2026-05-06,QX-TIN-353,118
B-01,2026-05-06,QX-CHL-354,211
B-01,2026-05-06,QX-TIN-355,161
B-01,2026-05-06,QX-DRK-356,36
B-01,2026-05-06,QX-HBC-357,161
B-01,2026-05-06,QX-DRY-358,157
B-01,2026-05-06,QX-FRZ-359,30
B-01,2026-05-06,QX-DRY-361,60
B-01,2026-05-06,QX-PET-362,238
B-01,2026-05-06,QX-HHD-364,237
B-01,2026-05-06,QX-DRY-365,140
B-01,2026-05-06,QX-DRY-366,135
B-01,2026-05-06,QX-FRZ-368,42
B-01,2026-05-06,QX-CER-369,201
B-01,2026-05-06,QX-TIN-370,198
B-01,2026-05-06,QX-CER-371,191
B-01,2026-05-06,QX-PRO-373,24
B-01,2026-05-06,QX-DRK-374,142
B-01,2026-05-06,QX-DRK-376,221
B-01,2026-05-06,QX-HHD-377,60
B-01,2026-05-06,QX-TIN-379,161
B-01,2026-05-06,QX-DRK-380,219
B-01,2026-05-06,QX-BWS-381,42
B-01,2026-05-06,QX-BWS-382,
B-01,2026-05-06,QX-CER-383,141
B-01,2026-05-06,QX-CER-384,83
B-01,2026-05-06,QX-HBC-385,223
B-01,2026-05-06,QX-CER-386,204
B-01,2026-05-06,QX-BWS-388,143
B-01,2026-05-06,QX-CHL-389,8
B-01,2026-05-06,QX-DRK-390,194
B-01,2026-05-06,QX-CHL-391,102
B-01,2026-05-06,QX-CER-392,97
B-01,2026-05-06,QX-DRK-393,101
B-01,2026-05-06,QX-BWS-395,203
B-01,2026-05-06,QX-BWS-397,130
B-01,2026-05-06,QX-PET-399,233
B-01,2026-05-06,QX-DRY-400,171
B-01,2026-05-06,QX-DRY-401,114
B-01,2026-05-06,QX-DRK-402,22
B-01,2026-05-06,QX-CER-403,110
B-01,2026-05-06,QX-BAK-404,238
B-01,2026-05-06,QX-CHL-405,170
B-01,2026-05-06,QX-DRK-406,133
B-01,2026-05-06,QX-HBC-407,11
B-01,2026-05-06,QX-BAK-408,60
B-01,2026-05-06,QX-HHD-409,231
B-01,2026-05-06,QX-PET-410,42
B-01,2026-05-06,QX-BAK-411,66
B-01,2026-05-06,QX-PRO-412,121
B-01,2026-05-06,QX-CHL-413,105
B-01,2026-05-06,QX-BAK-414,172
B-01,2026-05-06,QX-DRY-415,122
B-01,2026-05-06,QX-DRY-416,
B-01,2026-05-06,QX-TIN-417,88
B-01,2026-05-06,QX-PRO-418,218
B-01,2026-05-06,QX-PET-420,87
B-01,2026-05-06,QX-HHD-422,230
B-01,2026-05-06,QX-CER-423,25
B-01,2026-05-06,QX-BWS-424,110
B-01,2026-05-06,QX-PRO-425,66
B-01,2026-05-06,QX-CHL-426,89
B-01,2026-05-06,QX-BWS-428,226
B-01,2026-05-06,QX-DRY-429,32
B-01,2026-05-06,QX-HBC-430,135
B-01,2026-05-06,QX-PET-431,14
B-01,2026-05-06,QX-PET-432,80
B-01,2026-05-06,QX-TIN-434,96
B-01,2026-05-06,QX-FRZ-435,188
B-01,2026-05-06,QX-CER-436,183
B-01,2026-05-06,QX-TIN-437,75
B-01,2026-05-06,QX-CER-438,132
B-01,2026-05-06,QX-CHL-439,43
B-01,2026-05-06,QX-CHL-440,35
B-01,2026-05-06,QX-DRY-441,82
B-01,2026-05-06,QX-DRY-442,100
B-01,2026-05-06,QX-FRZ-443,43
B-01,2026-05-06,QX-DRK-444,189
B-01,2026-05-06,QX-FRZ-445,75
B-01,2026-05-06,QX-CER-446,199
B-01,2026-05-06,QX-CER-447,38
B-01,2026-05-06,QX-CHL-448,11
B-01,2026-05-06,QX-BAK-449,95
B-01,2026-05-06,QX-CER-451,196
B-01,2026-05-06,QX-DRY-452,218
