sku,valid_from,valid_to,price
QX-CER-001,2024-12-27,2025-08-06,2.41
QX-CER-001,2025-08-06,2025-12-13,2.44
QX-CER-001,2025-12-13,2025-12-13,2.48
QX-CER-001,2025-12-13,2025-12-13,2.61
QX-CER-001,2025-12-13,2026-02-28,2.81
QX-CER-001,2026-02-28,2026-02-28,2.89
QX-CER-001,2026-02-28,,2.85
QX-CER-002,2023-12-02,2025-07-04,1.86
QX-CER-002,2025-07-04,2026-01-10,1.90
QX-CER-002,2026-01-10,,2.10
QX-DRK-014,2025-04-05,2025-10-24,1.78
QX-DRK-014,2025-10-24,2025-10-24,1.89
QX-DRK-014,2025-10-24,2025-10-25,1.98
QX-DRK-014,2025-10-25,2026-02-16,2.08
QX-DRK-014,2026-02-16,2026-03-09,2.15
QX-DRK-014,2026-03-09,,2.15
QX-DRK-021,2023-10-21,2025-08-13,0.72
QX-DRK-021,2025-08-13,2025-08-13,0.76
QX-DRK-021,2025-08-13,2025-09-26,0.81
QX-DRK-021,2025-09-26,2025-09-26,0.85
QX-DRK-021,2025-09-26,,0.85
QX-TIN-032,2024-11-14,2025-07-05,0.83
QX-TIN-032,2025-07-05,,0.95
QX-TIN-045,2024-04-03,2025-12-24,0.91
QX-TIN-045,2025-12-24,2025-12-24,0.96
QX-TIN-045,2025-12-24,2026-01-06,1.01
QX-TIN-045,2026-01-06,2026-01-06,1.07
QX-TIN-045,2026-01-06,2026-01-29,1.17
QX-TIN-045,2026-01-29,,1.05
QX-DRY-184,2024-11-19,2026-02-06,1.73
QX-DRY-184,2026-02-06,2026-02-15,1.83
QX-DRY-184,2026-02-15,,1.90
QX-CHL-007,2024-08-25,2025-07-23,2.05
QX-CHL-007,2025-07-23,2026-02-26,2.07
QX-CHL-007,2026-02-26,2026-02-26,2.13
QX-CHL-007,2026-02-26,,2.40
QX-FRZ-112,2025-05-26,2026-03-08,1.53
QX-FRZ-112,2026-03-08,2026-03-08,1.55
QX-FRZ-112,2026-03-08,,1.75
QX-CHL-200,2024-06-06,2026-03-11,6.20
QX-CHL-200,2026-03-11,2026-03-11,6.69
QX-CHL-200,2026-03-11,2026-03-11,7.10
QX-CHL-200,2026-03-11,,7.19
QX-DRY-201,2024-03-20,2025-09-12,3.97
QX-DRY-201,2025-09-12,2025-11-29,4.04
QX-DRY-201,2025-11-29,2025-11-29,4.36
QX-DRY-201,2025-11-29,2026-01-31,4.52
QX-DRY-201,2026-01-31,,4.30
QX-BAK-202,2024-04-28,2025-07-02,3.02
QX-BAK-202,2025-07-02,2025-11-27,3.22
QX-BAK-202,2025-11-27,,3.42
QX-TIN-203,2023-10-27,2026-02-04,1.85
QX-TIN-203,2026-02-04,2026-03-23,1.91
QX-TIN-203,2026-03-23,,2.07
QX-BWS-204,2025-05-09,2025-07-15,31.14
QX-BWS-204,2025-07-15,2026-03-09,32.48
QX-BWS-204,2026-03-09,,34.16
QX-BAK-205,2024-05-20,2025-11-15,6.45
QX-BAK-205,2025-11-15,2025-11-15,6.57
QX-BAK-205,2025-11-15,,6.78
QX-PET-206,2023-11-20,2025-09-03,7.84
QX-PET-206,2025-09-03,2025-11-09,8.47
QX-PET-206,2025-11-09,,8.38
QX-CER-207,2024-03-05,2026-03-31,3.96
QX-CER-207,2026-03-31,,4.15
QX-CER-208,2024-10-05,2025-07-31,1.29
QX-CER-208,2025-07-31,2026-01-03,1.36
QX-CER-208,2026-01-03,2026-01-03,1.44
QX-CER-208,2026-01-03,2026-01-03,1.55
QX-CER-208,2026-01-03,,1.36
QX-BWS-209,2024-12-12,2025-11-23,23.03
QX-BWS-209,2025-11-23,2025-11-23,23.99
QX-BWS-209,2025-11-23,,26.68
QX-PRO-210,2024-11-09,2025-10-15,1.33
QX-PRO-210,2025-10-15,2026-03-25,1.41
QX-PRO-210,2026-03-25,,1.51
QX-FRZ-211,2025-04-21,2026-01-07,7.20
QX-FRZ-211,2026-01-07,2026-03-06,7.75
QX-FRZ-211,2026-03-06,2026-03-06,8.04
QX-FRZ-211,2026-03-06,2026-03-06,8.26
QX-FRZ-211,2026-03-06,2026-03-06,8.79
QX-FRZ-211,2026-03-06,,8.45
QX-PET-212,2024-10-16,2025-08-21,1.85
QX-PET-212,2025-08-21,2025-08-21,1.97
QX-PET-212,2025-08-21,2025-09-06,2.14
QX-PET-212,2025-09-06,2026-02-07,2.22
QX-PET-212,2026-02-07,,2.05
QX-PRO-213,2023-12-21,2026-02-12,4.57
QX-PRO-213,2026-02-12,2026-02-12,4.91
QX-PRO-213,2026-02-12,2026-03-20,5.01
QX-PRO-213,2026-03-20,,5.11
QX-FRZ-214,2023-10-22,2026-01-15,2.59
QX-FRZ-214,2026-01-15,2026-01-15,2.62
QX-FRZ-214,2026-01-15,2026-01-15,2.67
QX-FRZ-214,2026-01-15,,2.73
QX-CHL-215,2024-04-11,2026-01-05,11.61
QX-CHL-215,2026-01-05,2026-03-11,12.11
QX-CHL-215,2026-03-11,2026-03-11,12.63
QX-CHL-215,2026-03-11,2026-03-11,13.19
QX-CHL-215,2026-03-11,,13.89
QX-CHL-216,2024-08-20,2025-07-07,6.68
QX-CHL-216,2025-07-07,2025-08-18,6.75
QX-CHL-216,2025-08-18,2026-02-10,7.30
QX-CHL-216,2026-02-10,2026-02-14,7.94
QX-CHL-216,2026-02-14,2026-02-14,8.21
QX-CHL-216,2026-02-14,2026-02-24,8.76
QX-CHL-216,2026-02-24,,7.50
QX-PET-217,2023-11-19,2025-11-30,7.20
QX-PET-217,2025-11-30,,7.65
QX-PRO-218,2024-01-30,2025-12-16,2.19
QX-PRO-218,2025-12-16,2025-12-16,2.30
QX-PRO-218,2025-12-16,2026-03-19,2.45
QX-PRO-218,2026-03-19,2026-03-19,2.48
QX-PRO-218,2026-03-19,,2.40
QX-TIN-219,2024-08-11,2026-01-15,1.07
QX-TIN-219,2026-01-15,,1.15
QX-HHD-220,2024-09-06,2025-11-14,5.54
QX-HHD-220,2025-11-14,,6.21
QX-DRK-221,2024-10-29,2026-02-17,0.58
QX-DRK-221,2026-02-17,2026-02-17,0.59
QX-DRK-221,2026-02-17,,0.64
QX-CER-222,2024-08-13,2026-03-10,4.11
QX-CER-222,2026-03-10,2026-03-10,4.15
QX-CER-222,2026-03-10,2026-03-30,4.39
QX-CER-222,2026-03-30,2026-03-30,4.72
QX-CER-222,2026-03-30,,4.48
QX-TIN-223,2025-06-03,2025-08-14,1.83
QX-TIN-223,2025-08-14,2025-10-26,1.92
QX-TIN-223,2025-10-26,2025-11-10,2.03
QX-TIN-223,2025-11-10,,1.92
QX-DRK-224,2024-09-07,2025-08-01,2.51
QX-DRK-224,2025-08-01,,3.04
QX-FRZ-225,2024-07-03,2025-08-15,6.16
QX-FRZ-225,2025-08-15,2026-03-30,6.66
QX-FRZ-225,2026-03-30,,6.90
QX-CER-226,2023-12-19,2025-08-29,3.38
QX-CER-226,2025-08-29,2026-01-17,3.44
QX-CER-226,2026-01-17,2026-01-17,3.62
QX-CER-226,2026-01-17,,4.02
QX-TIN-227,2024-01-11,2025-08-26,2.48
QX-TIN-227,2025-08-26,2025-09-16,2.65
QX-TIN-227,2025-09-16,2025-12-08,2.77
QX-TIN-227,2025-12-08,2026-01-24,2.96
QX-TIN-227,2026-01-24,,2.87
QX-DRY-228,2024-11-05,2025-11-15,6.13
QX-DRY-228,2025-11-15,2026-02-19,6.54
QX-DRY-228,2026-02-19,2026-02-19,7.05
QX-DRY-228,2026-02-19,2026-02-19,7.67
QX-DRY-228,2026-02-19,,6.78
QX-PRO-229,2024-05-24,2025-07-02,2.53
QX-PRO-229,2025-07-02,2026-02-20,2.65
QX-PRO-229,2026-02-20,2026-02-20,2.86
QX-PRO-229,2026-02-20,2026-02-20,3.05
QX-PRO-229,2026-02-20,2026-02-20,3.25
QX-PRO-229,2026-02-20,,2.93
QX-CHL-230,2023-11-20,2026-01-25,3.10
QX-CHL-230,2026-01-25,2026-01-25,3.15
QX-CHL-230,2026-01-25,2026-01-25,3.32
QX-CHL-230,2026-01-25,2026-01-25,3.61
QX-CHL-230,2026-01-25,2026-02-24,3.75
QX-CHL-230,2026-02-24,,3.70
QX-CHL-231,2025-04-11,2025-10-15,7.70
QX-CHL-231,2025-10-15,2026-01-25,8.06
QX-CHL-231,2026-01-25,,8.06
QX-PET-232,2024-10-10,2025-08-01,4.36
QX-PET-232,2025-08-01,2025-11-22,4.45
QX-PET-232,2025-11-22,2025-11-22,4.59
QX-PET-232,2025-11-22,,4.59
QX-BAK-233,2025-03-26,2025-11-07,3.28
QX-BAK-233,2025-11-07,2025-11-07,3.55
QX-BAK-233,2025-11-07,2025-11-24,3.79
QX-BAK-233,2025-11-24,2026-03-14,4.05
QX-BAK-233,2026-03-14,,3.66
QX-HBC-234,2025-01-07,2025-07-06,13.26
QX-HBC-234,2025-07-06,2025-10-23,13.74
QX-HBC-234,2025-10-23,,14.16
QX-HHD-235,2024-11-12,2025-07-12,1.42
QX-HHD-235,2025-07-12,2025-11-16,1.53
QX-HHD-235,2025-11-16,2025-11-16,1.56
QX-HHD-235,2025-11-16,2025-11-16,1.63
QX-HHD-235,2025-11-16,2026-03-20,1.73
QX-HHD-235,2026-03-20,2026-03-20,1.84
QX-HHD-235,2026-03-20,,1.60
QX-HHD-236,2024-04-19,2025-07-27,11.25
QX-HHD-236,2025-07-27,2025-08-02,11.37
QX-HHD-236,2025-08-02,,11.92
QX-HHD-237,2025-01-11,2026-01-30,8.13
QX-HHD-237,2026-01-30,2026-01-30,8.51
QX-HHD-237,2026-01-30,,9.70
QX-BWS-238,2024-10-07,2025-10-15,5.78
QX-BWS-238,2025-10-15,2025-10-15,5.98
QX-BWS-238,2025-10-15,2025-12-24,6.05
QX-BWS-238,2025-12-24,2026-03-07,6.30
QX-BWS-238,2026-03-07,,6.11
QX-FRZ-239,2024-05-19,2026-01-23,2.42
QX-FRZ-239,2026-01-23,2026-01-23,2.45
QX-FRZ-239,2026-01-23,,2.57
QX-HBC-240,2024-01-22,2025-09-25,6.24
QX-HBC-240,2025-09-25,2025-12-05,6.56
QX-HBC-240,2025-12-05,2026-01-08,6.77
QX-HBC-240,2026-01-08,,6.80
QX-TIN-241,2024-06-01,2025-10-15,1.53
QX-TIN-241,2025-10-15,2025-12-17,1.57
QX-TIN-241,2025-12-17,2025-12-17,1.62
QX-TIN-241,2025-12-17,,1.60
QX-PET-242,2024-07-06,2025-10-16,5.94
QX-PET-242,2025-10-16,2025-10-16,6.46
QX-PET-242,2025-10-16,,7.12
QX-DRY-243,2025-04-18,2026-02-03,4.64
QX-DRY-243,2026-02-03,2026-02-03,4.74
QX-DRY-243,2026-02-03,2026-02-07,4.79
QX-DRY-243,2026-02-07,2026-02-07,5.18
QX-DRY-243,2026-02-07,,5.03
QX-PRO-244,2024-03-24,2025-12-21,1.79
QX-PRO-244,2025-12-21,2025-12-21,1.85
QX-PRO-244,2025-12-21,2025-12-21,1.98
QX-PRO-244,2025-12-21,2025-12-21,2.03
QX-PRO-244,2025-12-21,2025-12-21,2.08
QX-PRO-244,2025-12-21,,2.12
QX-HBC-245,2024-10-26,2026-03-21,7.07
QX-HBC-245,2026-03-21,2026-03-21,7.55
QX-HBC-245,2026-03-21,2026-03-21,8.22
QX-HBC-245,2026-03-21,2026-03-21,8.46
QX-HBC-245,2026-03-21,2026-03-21,8.65
QX-HBC-245,2026-03-21,,8.57
QX-BWS-246,2024-07-23,2025-10-17,23.90
QX-BWS-246,2025-10-17,2025-10-17,25.81
QX-BWS-246,2025-10-17,2025-12-12,27.13
QX-BWS-246,2025-12-12,2025-12-12,29.29
QX-BWS-246,2025-12-12,,26.62
QX-HHD-247,2024-02-14,2026-01-18,9.13
QX-HHD-247,2026-01-18,2026-01-18,9.29
QX-HHD-247,2026-01-18,2026-01-18,9.39
QX-HHD-247,2026-01-18,2026-01-20,9.60
QX-HHD-247,2026-01-20,2026-01-20,9.94
QX-HHD-247,2026-01-20,2026-01-20,10.58
QX-HHD-247,2026-01-20,,9.68
QX-CER-248,2024-09-09,2025-11-10,2.55
QX-CER-248,2025-11-10,,2.86
QX-FRZ-249,2024-10-06,2026-02-19,3.02
QX-FRZ-249,2026-02-19,2026-02-19,3.21
QX-FRZ-249,2026-02-19,2026-02-19,3.46
QX-FRZ-249,2026-02-19,,3.15
QX-DRY-250,2025-05-19,2025-12-31,2.65
QX-DRY-250,2025-12-31,2026-01-31,2.87
QX-DRY-250,2026-01-31,2026-01-31,3.01
QX-DRY-250,2026-01-31,,3.12
QX-FRZ-251,2024-11-17,2025-08-11,4.57
QX-FRZ-251,2025-08-11,2025-09-17,4.79
QX-FRZ-251,2025-09-17,,5.18
QX-HHD-252,2025-04-17,2025-11-24,1.90
QX-HHD-252,2025-11-24,2026-02-15,2.04
QX-HHD-252,2026-02-15,2026-02-15,2.21
QX-HHD-252,2026-02-15,2026-02-15,2.30
QX-HHD-252,2026-02-15,2026-02-15,2.44
QX-HHD-252,2026-02-15,2026-02-15,2.51
QX-HHD-252,2026-02-15,,2.18
QX-BWS-253,2023-12-19,2026-01-09,4.84
QX-BWS-253,2026-01-09,2026-01-09,4.93
QX-BWS-253,2026-01-09,2026-01-09,5.04
QX-BWS-253,2026-01-09,,5.50
QX-DRY-254,2024-02-28,2025-10-25,5.54
QX-DRY-254,2025-10-25,2025-10-25,6.03
QX-DRY-254,2025-10-25,,6.62
QX-HHD-255,2024-12-29,2025-12-28,3.86
QX-HHD-255,2025-12-28,2026-01-07,4.08
QX-HHD-255,2026-01-07,2026-02-07,4.27
QX-HHD-255,2026-02-07,2026-02-07,4.43
QX-HHD-255,2026-02-07,2026-02-07,4.52
QX-HHD-255,2026-02-07,2026-02-07,4.89
QX-HHD-255,2026-02-07,,4.21
QX-CER-256,2025-04-21,2026-01-18,3.82
QX-CER-256,2026-01-18,2026-01-18,4.04
QX-CER-256,2026-01-18,2026-03-27,4.37
QX-CER-256,2026-03-27,2026-03-27,4.71
QX-CER-256,2026-03-27,2026-03-27,5.08
QX-CER-256,2026-03-27,,4.57
QX-CHL-257,2024-11-10,2025-07-14,7.29
QX-CHL-257,2025-07-14,2025-10-24,7.47
QX-CHL-257,2025-10-24,2026-02-17,8.10
QX-CHL-257,2026-02-17,,8.17
QX-TIN-258,2025-02-15,2026-01-11,2.22
QX-TIN-258,2026-01-11,2026-01-11,2.42
QX-TIN-258,2026-01-11,,2.49
QX-FRZ-259,2024-04-26,2025-12-12,5.16
QX-FRZ-259,2025-12-12,2025-12-12,5.40
QX-FRZ-259,2025-12-12,2025-12-12,5.46
QX-FRZ-259,2025-12-12,,6.03
QX-HHD-260,2024-10-30,2025-11-03,8.07
QX-HHD-260,2025-11-03,2026-01-27,8.69
QX-HHD-260,2026-01-27,2026-01-27,9.01
QX-HHD-260,2026-01-27,2026-02-17,9.35
QX-HHD-260,2026-02-17,2026-02-17,9.74
QX-HHD-260,2026-02-17,2026-02-17,10.30
QX-HHD-260,2026-02-17,,9.59
QX-DRK-261,2024-10-07,2025-07-08,1.50
QX-DRK-261,2025-07-08,2025-08-11,1.61
QX-DRK-261,2025-08-11,2025-09-17,1.63
QX-DRK-261,2025-09-17,2026-02-21,1.76
QX-DRK-261,2026-02-21,,1.77
QX-PRO-262,2025-02-05,2026-03-15,2.46
QX-PRO-262,2026-03-15,2026-03-15,2.60
QX-PRO-262,2026-03-15,2026-03-15,2.72
QX-PRO-262,2026-03-15,2026-03-15,2.88
QX-PRO-262,2026-03-15,,2.64
QX-BWS-263,2024-04-21,2025-12-10,9.35
QX-BWS-263,2025-12-10,2025-12-10,10.02
QX-BWS-263,2025-12-10,2025-12-10,10.13
QX-BWS-263,2025-12-10,2025-12-22,10.56
QX-BWS-263,2025-12-22,2025-12-22,11.50
QX-BWS-263,2025-12-22,,9.99
QX-DRY-264,2024-05-09,2025-09-24,1.86
QX-DRY-264,2025-09-24,2025-09-24,1.89
QX-DRY-264,2025-09-24,2025-12-20,1.94
QX-DRY-264,2025-12-20,2025-12-20,2.11
QX-DRY-264,2025-12-20,,2.21
QX-HBC-265,2023-10-29,2025-07-06,8.67
QX-HBC-265,2025-07-06,2025-07-21,9.38
QX-HBC-265,2025-07-21,2026-03-31,9.84
QX-HBC-265,2026-03-31,,9.35
QX-HBC-266,2024-01-10,2025-12-28,8.49
QX-HBC-266,2025-12-28,2026-03-30,8.60
QX-HBC-266,2026-03-30,2026-03-30,9.24
QX-HBC-266,2026-03-30,,8.97
QX-CER-267,2023-11-12,2025-11-27,3.03
QX-CER-267,2025-11-27,2026-02-05,3.19
QX-CER-267,2026-02-05,,3.32
QX-HBC-268,2024-08-31,2025-08-11,3.08
QX-HBC-268,2025-08-11,2025-09-04,3.19
QX-HBC-268,2025-09-04,,3.63
QX-BWS-269,2025-02-14,2025-09-07,22.20
QX-BWS-269,2025-09-07,2025-12-24,23.52
QX-BWS-269,2025-12-24,2025-12-24,24.99
QX-BWS-269,2025-12-24,,25.55
QX-TIN-270,2024-04-17,2025-12-31,1.96
QX-TIN-270,2025-12-31,2025-12-31,2.01
QX-TIN-270,2025-12-31,,2.24
QX-TIN-271,2024-06-02,2026-03-31,0.74
QX-TIN-271,2026-03-31,2026-03-31,0.74
QX-TIN-271,2026-03-31,2026-03-31,0.81
QX-TIN-271,2026-03-31,2026-03-31,0.88
QX-TIN-271,2026-03-31,2026-03-31,0.89
QX-TIN-271,2026-03-31,,0.81
QX-BAK-272,2024-12-10,2026-01-03,1.90
QX-BAK-272,2026-01-03,2026-01-03,2.03
QX-BAK-272,2026-01-03,2026-01-03,2.09
QX-BAK-272,2026-01-03,2026-02-12,2.17
QX-BAK-272,2026-02-12,,2.08
QX-FRZ-273,2024-01-09,2026-02-07,6.54
QX-FRZ-273,2026-02-07,2026-02-07,6.98
QX-FRZ-273,2026-02-07,2026-02-07,7.58
QX-FRZ-273,2026-02-07,2026-02-07,8.10
QX-FRZ-273,2026-02-07,,7.24
QX-CER-274,2024-11-16,2025-12-29,2.90
QX-CER-274,2025-12-29,2025-12-29,2.98
QX-CER-274,2025-12-29,2025-12-29,3.18
QX-CER-274,2025-12-29,2025-12-29,3.21
QX-CER-274,2025-12-29,2025-12-29,3.32
QX-CER-274,2025-12-29,2026-03-17,3.47
QX-CER-274,2026-03-17,,3.41
QX-CER-275,2024-01-25,2025-06-29,3.35
QX-CER-275,2025-06-29,2025-08-04,3.61
QX-CER-275,2025-08-04,2025-08-04,3.74
QX-CER-275,2025-08-04,2025-10-23,4.06
QX-CER-275,2025-10-23,,3.66
QX-DRY-276,2024-04-26,2025-10-13,5.45
QX-DRY-276,2025-10-13,,6.23
QX-PET-277,2024-08-15,2025-06-28,4.04
QX-PET-277,2025-06-28,2026-03-17,4.25
QX-PET-277,2026-03-17,2026-03-17,4.49
QX-PET-277,2026-03-17,2026-03-17,4.67
QX-PET-277,2026-03-17,2026-03-17,4.86
QX-PET-277,2026-03-17,,4.39
QX-DRY-278,2024-11-27,2025-08-20,0.94
QX-DRY-278,2025-08-20,2025-11-21,1.01
QX-DRY-278,2025-11-21,2026-02-16,1.04
QX-DRY-278,2026-02-16,,1.13
QX-DRY-279,2024-07-16,2025-08-13,6.16
QX-DRY-279,2025-08-13,2026-01-04,6.55
QX-DRY-279,2026-01-04,2026-01-04,6.76
QX-DRY-279,2026-01-04,2026-01-04,7.02
QX-DRY-279,2026-01-04,2026-01-04,7.38
QX-DRY-279,2026-01-04,,6.88
QX-DRK-280,2024-09-12,2025-08-21,2.38
QX-DRK-280,2025-08-21,2025-11-08,2.44
QX-DRK-280,2025-11-08,2025-12-15,2.58
QX-DRK-280,2025-12-15,2026-02-21,2.75
QX-DRK-280,2026-02-21,2026-02-21,2.94
QX-DRK-280,2026-02-21,2026-02-21,3.08
QX-DRK-280,2026-02-21,,2.48
QX-CHL-281,2023-12-02,2025-08-21,1.55
QX-CHL-281,2025-08-21,2025-10-02,1.65
QX-CHL-281,2025-10-02,,1.68
QX-CER-282,2024-03-19,2025-09-24,2.84
QX-CER-282,2025-09-24,2025-09-24,3.08
QX-CER-282,2025-09-24,2026-03-01,3.12
QX-CER-282,2026-03-01,2026-03-01,3.21
QX-CER-282,2026-03-01,,3.14
QX-HBC-283,2023-12-08,2025-12-17,10.05
QX-HBC-283,2025-12-17,2025-12-17,10.91
QX-HBC-283,2025-12-17,2025-12-17,11.16
QX-HBC-283,2025-12-17,2026-01-04,12.08
QX-HBC-283,2026-01-04,,11.52
QX-HBC-284,2024-07-30,2025-09-16,11.94
QX-HBC-284,2025-09-16,2025-11-18,12.99
QX-HBC-284,2025-11-18,2026-02-11,13.65
QX-HBC-284,2026-02-11,2026-02-11,14.48
QX-HBC-284,2026-02-11,2026-02-11,15.53
QX-HBC-284,2026-02-11,2026-02-11,16.85
QX-HBC-284,2026-02-11,,14.04
QX-DRK-285,2023-11-29,2025-10-08,4.35
QX-DRK-285,2025-10-08,2026-02-03,4.73
QX-DRK-285,2026-02-03,,4.91
QX-HBC-286,2023-12-31,2025-07-08,6.42
QX-HBC-286,2025-07-08,2025-07-14,6.93
QX-HBC-286,2025-07-14,2025-10-04,7.38
QX-HBC-286,2025-10-04,2025-10-09,7.63
QX-HBC-286,2025-10-09,,7.55
QX-CHL-287,2024-07-04,2025-10-08,2.77
QX-CHL-287,2025-10-08,2025-10-08,2.88
QX-CHL-287,2025-10-08,2025-10-08,3.00
QX-CHL-287,2025-10-08,2026-02-06,3.12
QX-CHL-287,2026-02-06,2026-02-06,3.37
QX-CHL-287,2026-02-06,,3.03
QX-TIN-288,2024-03-19,2025-10-10,0.96
QX-TIN-288,2025-10-10,2025-10-10,1.03
QX-TIN-288,2025-10-10,2025-10-17,1.06
QX-TIN-288,2025-10-17,2025-10-17,1.10
QX-TIN-288,2025-10-17,2025-10-17,1.14
QX-TIN-288,2025-10-17,,1.11
QX-FRZ-289,2024-11-04,2025-08-23,7.40
QX-FRZ-289,2025-08-23,2025-12-24,8.06
QX-FRZ-289,2025-12-24,2025-12-24,8.71
QX-FRZ-289,2025-12-24,2025-12-24,8.94
QX-FRZ-289,2025-12-24,2026-01-11,9.74
QX-FRZ-289,2026-01-11,2026-01-11,10.10
QX-FRZ-289,2026-01-11,,8.22
QX-PRO-290,2024-05-29,2025-11-19,1.22
QX-PRO-290,2025-11-19,2025-11-19,1.29
QX-PRO-290,2025-11-19,2025-11-19,1.35
QX-PRO-290,2025-11-19,2025-11-19,1.38
QX-PRO-290,2025-11-19,,1.28
QX-PRO-291,2024-08-22,2025-11-14,2.99
QX-PRO-291,2025-11-14,2025-11-14,3.08
QX-PRO-291,2025-11-14,2026-03-29,3.33
QX-PRO-291,2026-03-29,,3.17
QX-BWS-292,2025-05-03,2025-12-11,6.50
QX-BWS-292,2025-12-11,2026-03-10,6.75
QX-BWS-292,2026-03-10,2026-03-10,7.20
QX-BWS-292,2026-03-10,,7.73
QX-DRY-293,2025-05-20,2025-07-20,0.89
QX-DRY-293,2025-07-20,2025-08-12,0.93
QX-DRY-293,2025-08-12,2026-01-27,0.97
QX-DRY-293,2026-01-27,2026-02-02,1.04
QX-DRY-293,2026-02-02,2026-02-02,1.13
QX-DRY-293,2026-02-02,2026-02-02,1.21
QX-DRY-293,2026-02-02,,1.02
QX-BAK-294,2024-07-21,2025-12-11,1.42
QX-BAK-294,2025-12-11,2026-02-18,1.48
QX-BAK-294,2026-02-18,2026-02-18,1.58
QX-BAK-294,2026-02-18,2026-02-18,1.67
QX-BAK-294,2026-02-18,,1.68
QX-BAK-295,2024-07-15,2026-03-18,3.58
QX-BAK-295,2026-03-18,2026-03-18,3.76
QX-BAK-295,2026-03-18,2026-03-23,3.86
QX-BAK-295,2026-03-23,2026-03-23,4.18
QX-BAK-295,2026-03-23,,3.98
QX-DRK-296,2023-11-04,2026-01-07,4.16
QX-DRK-296,2026-01-07,2026-01-07,4.25
QX-DRK-296,2026-01-07,2026-03-22,4.35
QX-DRK-296,2026-03-22,2026-03-22,4.72
QX-DRK-296,2026-03-22,2026-03-22,5.04
QX-DRK-296,2026-03-22,,4.98
QX-BAK-297,2024-07-29,2025-08-15,7.34
QX-BAK-297,2025-08-15,2025-10-27,7.99
QX-BAK-297,2025-10-27,,7.76
QX-PET-298,2024-11-13,2026-03-08,8.18
QX-PET-298,2026-03-08,2026-03-08,8.82
QX-PET-298,2026-03-08,2026-03-08,9.25
QX-PET-298,2026-03-08,,8.97
QX-BAK-299,2024-06-22,2026-03-09,6.56
QX-BAK-299,2026-03-09,2026-03-18,7.07
QX-BAK-299,2026-03-18,2026-03-18,7.31
QX-BAK-299,2026-03-18,2026-03-18,7.90
QX-BAK-299,2026-03-18,2026-03-18,8.17
QX-BAK-299,2026-03-18,2026-03-18,8.33
QX-BAK-299,2026-03-18,,7.00
QX-TIN-300,2025-03-16,2025-09-22,2.26
QX-TIN-300,2025-09-22,2025-09-22,2.35
QX-TIN-300,2025-09-22,2025-09-22,2.42
QX-TIN-300,2025-09-22,,2.43
QX-BWS-301,2024-11-08,2025-10-27,21.76
QX-BWS-301,2025-10-27,2025-10-27,22.03
QX-BWS-301,2025-10-27,,22.81
QX-BWS-302,2024-11-10,2025-11-08,26.31
QX-BWS-302,2025-11-08,,30.59
QX-BAK-303,2024-01-31,2025-07-28,2.52
QX-BAK-303,2025-07-28,2025-10-04,2.66
QX-BAK-303,2025-10-04,2026-02-23,2.84
QX-BAK-303,2026-02-23,2026-03-06,2.89
QX-BAK-303,2026-03-06,2026-03-06,2.96
QX-BAK-303,2026-03-06,,2.63
QX-DRY-304,2025-02-20,2025-09-16,5.02
QX-DRY-304,2025-09-16,2025-11-24,5.14
QX-DRY-304,2025-11-24,2025-12-01,5.21
QX-DRY-304,2025-12-01,2026-02-12,5.61
QX-DRY-304,2026-02-12,2026-02-12,5.88
QX-DRY-304,2026-02-12,,5.24
QX-FRZ-305,2024-06-09,2026-03-16,5.37
QX-FRZ-305,2026-03-16,2026-03-16,5.52
QX-FRZ-305,2026-03-16,2026-03-16,5.82
QX-FRZ-305,2026-03-16,2026-03-16,6.11
QX-FRZ-305,2026-03-16,2026-03-16,6.46
QX-FRZ-305,2026-03-16,,5.69
QX-FRZ-306,2024-06-08,2025-09-16,3.95
QX-FRZ-306,2025-09-16,2026-02-02,4.13
QX-FRZ-306,2026-02-02,2026-03-12,4.48
QX-FRZ-306,2026-03-12,2026-03-12,4.71
QX-FRZ-306,2026-03-12,,4.36
QX-BAK-307,2024-02-09,2026-02-23,1.41
QX-BAK-307,2026-02-23,2026-02-23,1.43
QX-BAK-307,2026-02-23,,1.66
QX-DRY-308,2024-09-03,2025-12-15,4.35
QX-DRY-308,2025-12-15,2025-12-15,4.71
QX-DRY-308,2025-12-15,2026-01-19,5.02
QX-DRY-308,2026-01-19,2026-01-19,5.39
QX-DRY-308,2026-01-19,2026-01-19,5.81
QX-DRY-308,2026-01-19,,5.14
QX-DRY-309,2023-11-14,2025-10-15,2.48
QX-DRY-309,2025-10-15,2026-03-18,2.56
QX-DRY-309,2026-03-18,2026-03-18,2.62
QX-DRY-309,2026-03-18,2026-03-18,2.74
QX-DRY-309,2026-03-18,2026-03-18,2.90
QX-DRY-309,2026-03-18,,2.79
QX-HHD-310,2025-02-25,2025-07-04,2.71
QX-HHD-310,2025-07-04,2025-07-23,2.92
QX-HHD-310,2025-07-23,2025-08-24,3.18
QX-HHD-310,2025-08-24,2025-08-24,3.34
QX-HHD-310,2025-08-24,2025-10-11,3.57
QX-HHD-310,2025-10-11,2026-02-09,3.82
QX-HHD-310,2026-02-09,,2.87
QX-DRY-311,2024-03-26,2025-08-21,2.73
QX-DRY-311,2025-08-21,2025-08-21,2.82
QX-DRY-311,2025-08-21,2025-12-04,2.87
QX-DRY-311,2025-12-04,,3.28
QX-DRY-312,2024-05-16,2025-09-17,1.70
QX-DRY-312,2025-09-17,2026-01-14,1.83
QX-DRY-312,2026-01-14,2026-01-14,1.96
QX-DRY-312,2026-01-14,2026-01-14,2.03
QX-DRY-312,2026-01-14,,2.00
QX-TIN-313,2024-10-13,2025-08-05,2.26
QX-TIN-313,2025-08-05,2026-03-20,2.40
QX-TIN-313,2026-03-20,2026-03-20,2.55
QX-TIN-313,2026-03-20,,2.43
QX-HBC-314,2025-01-02,2025-09-29,4.22
QX-HBC-314,2025-09-29,2025-10-27,4.33
QX-HBC-314,2025-10-27,2026-02-27,4.53
QX-HBC-314,2026-02-27,2026-03-02,4.75
QX-HBC-314,2026-03-02,2026-03-02,5.10
QX-HBC-314,2026-03-02,,4.85
QX-HHD-315,2024-07-13,2025-11-29,1.74
QX-HHD-315,2025-11-29,2025-12-02,1.80
QX-HHD-315,2025-12-02,2025-12-02,1.96
QX-HHD-315,2025-12-02,,1.85
QX-DRY-316,2023-12-04,2026-02-12,3.50
QX-DRY-316,2026-02-12,2026-02-12,3.76
QX-DRY-316,2026-02-12,,3.70
QX-FRZ-317,2024-11-03,2025-12-21,6.10
QX-FRZ-317,2025-12-21,2025-12-21,6.57
QX-FRZ-317,2025-12-21,2025-12-21,7.05
QX-FRZ-317,2025-12-21,2025-12-21,7.58
QX-FRZ-317,2025-12-21,2026-02-19,8.26
QX-FRZ-317,2026-02-19,2026-02-19,8.98
QX-FRZ-317,2026-02-19,,6.36
QX-HHD-318,2024-05-22,2026-02-04,6.18
QX-HHD-318,2026-02-04,2026-02-04,6.50
QX-HHD-318,2026-02-04,2026-02-04,6.80
QX-HHD-318,2026-02-04,2026-02-04,7.10
QX-HHD-318,2026-02-04,,7.01
QX-DRY-319,2025-04-15,2025-07-26,1.38
QX-DRY-319,2025-07-26,2026-03-06,1.47
QX-DRY-319,2026-03-06,2026-03-06,1.57
QX-DRY-319,2026-03-06,2026-03-06,1.59
QX-DRY-319,2026-03-06,2026-03-06,1.68
QX-DRY-319,2026-03-06,,1.68
QX-HBC-320,2025-01-18,2026-01-12,3.44
QX-HBC-320,2026-01-12,2026-02-18,3.58
QX-HBC-320,2026-02-18,2026-02-18,3.88
QX-HBC-320,2026-02-18,2026-02-22,4.20
QX-HBC-320,2026-02-22,2026-03-26,4.58
QX-HBC-320,2026-03-26,,4.17
QX-CER-321,2024-11-04,2025-08-16,3.64
QX-CER-321,2025-08-16,2025-12-05,3.95
QX-CER-321,2025-12-05,2026-02-12,4.03
QX-CER-321,2026-02-12,2026-02-12,4.32
QX-CER-321,2026-02-12,,4.28
QX-CHL-322,2025-01-06,2025-11-17,1.74
QX-CHL-322,2025-11-17,2025-11-17,1.76
QX-CHL-322,2025-11-17,,1.84
QX-CER-323,2024-02-18,2026-01-30,2.05
QX-CER-323,2026-01-30,2026-01-30,2.13
QX-CER-323,2026-01-30,,2.29
QX-BWS-324,2025-01-05,2025-08-28,12.25
QX-BWS-324,2025-08-28,2025-10-05,12.81
QX-BWS-324,2025-10-05,2025-10-05,13.27
QX-BWS-324,2025-10-05,2026-01-05,14.29
QX-BWS-324,2026-01-05,,13.89
QX-TIN-325,2024-09-15,2025-08-25,1.68
QX-TIN-325,2025-08-25,,1.88
QX-CER-326,2023-12-08,2025-09-28,3.32
QX-CER-326,2025-09-28,2026-01-11,3.37
QX-CER-326,2026-01-11,2026-01-11,3.66
QX-CER-326,2026-01-11,2026-01-11,3.82
QX-CER-326,2026-01-11,2026-01-11,3.91
QX-CER-326,2026-01-11,,3.69
QX-BWS-327,2024-12-28,2025-08-26,14.07
QX-BWS-327,2025-08-26,,16.15
QX-HHD-328,2025-03-06,2026-02-26,9.22
QX-HHD-328,2026-02-26,2026-02-26,9.64
QX-HHD-328,2026-02-26,2026-02-26,9.92
QX-HHD-328,2026-02-26,,10.21
QX-FRZ-329,2024-03-08,2025-10-29,1.87
QX-FRZ-329,2025-10-29,2025-12-12,1.92
QX-FRZ-329,2025-12-12,2026-02-27,2.05
QX-FRZ-329,2026-02-27,2026-03-02,2.09
QX-FRZ-329,2026-03-02,2026-03-02,2.16
QX-FRZ-329,2026-03-02,,2.25
QX-FRZ-330,2025-02-02,2026-03-03,7.24
QX-FRZ-330,2026-03-03,2026-03-03,7.37
QX-FRZ-330,2026-03-03,2026-03-03,7.75
QX-FRZ-330,2026-03-03,,8.24
QX-CER-331,2024-07-02,2025-12-28,2.56
QX-CER-331,2025-12-28,2026-01-21,2.60
QX-CER-331,2026-01-21,2026-01-21,2.78
QX-CER-331,2026-01-21,,3.09
QX-HBC-332,2024-05-16,2025-10-15,3.27
QX-HBC-332,2025-10-15,,3.79
QX-PET-333,2025-02-03,2025-09-06,5.07
QX-PET-333,2025-09-06,2025-09-06,5.30
QX-PET-333,2025-09-06,2025-11-05,5.52
QX-PET-333,2025-11-05,2026-01-19,5.68
QX-PET-333,2026-01-19,,5.66
QX-BAK-334,2024-06-14,2025-11-08,2.01
QX-BAK-334,2025-11-08,2026-02-17,2.09
QX-BAK-334,2026-02-17,,2.19
QX-BAK-335,2024-08-05,2025-12-22,3.44
QX-BAK-335,2025-12-22,2025-12-22,3.48
QX-BAK-335,2025-12-22,2025-12-22,3.59
QX-BAK-335,2025-12-22,2025-12-22,3.86
QX-BAK-335,2025-12-22,2025-12-22,4.10
QX-BAK-335,2025-12-22,,3.85
QX-CER-336,2024-01-05,2025-06-27,3.63
QX-CER-336,2025-06-27,2025-08-24,3.83
QX-CER-336,2025-08-24,2025-08-24,3.99
QX-CER-336,2025-08-24,,4.22
QX-HHD-337,2025-02-25,2025-07-28,5.12
QX-HHD-337,2025-07-28,2026-01-02,5.50
QX-HHD-337,2026-01-02,,6.03
QX-CER-338,2024-08-29,2026-03-03,3.57
QX-CER-338,2026-03-03,2026-03-03,3.86
QX-CER-338,2026-03-03,2026-03-03,4.01
QX-CER-338,2026-03-03,,4.10
QX-DRY-339,2023-10-23,2026-01-18,1.47
QX-DRY-339,2026-01-18,2026-01-18,1.53
QX-DRY-339,2026-01-18,,1.53
QX-BAK-340,2025-03-22,2025-12-12,0.88
QX-BAK-340,2025-12-12,2025-12-12,0.90
QX-BAK-340,2025-12-12,2025-12-12,0.97
QX-BAK-340,2025-12-12,2025-12-12,1.04
QX-BAK-340,2025-12-12,2025-12-12,1.10
QX-BAK-340,2025-12-12,2025-12-12,1.16
QX-BAK-340,2025-12-12,,0.97
QX-DRK-341,2025-03-29,2026-01-21,1.34
QX-DRK-341,2026-01-21,2026-01-22,1.37
QX-DRK-341,2026-01-22,2026-01-22,1.43
QX-DRK-341,2026-01-22,2026-01-22,1.54
QX-DRK-341,2026-01-22,2026-01-22,1.62
QX-DRK-341,2026-01-22,,1.58
QX-BAK-342,2024-06-10,2026-01-25,3.18
QX-BAK-342,2026-01-25,2026-01-25,3.26
QX-BAK-342,2026-01-25,2026-01-25,3.51
QX-BAK-342,2026-01-25,2026-01-25,3.72
QX-BAK-342,2026-01-25,,3.47
QX-CHL-343,2023-12-14,2025-10-19,5.96
QX-CHL-343,2025-10-19,,6.48
QX-HBC-344,2025-03-13,2025-09-25,12.33
QX-HBC-344,2025-09-25,2026-01-15,12.64
QX-HBC-344,2026-01-15,2026-01-15,13.22
QX-HBC-344,2026-01-15,2026-01-15,14.23
QX-HBC-344,2026-01-15,2026-03-20,14.45
QX-HBC-344,2026-03-20,2026-03-20,14.63
QX-HBC-344,2026-03-20,,14.40
QX-TIN-345,2025-02-13,2025-11-30,0.43
QX-TIN-345,2025-11-30,2026-01-19,0.46
QX-TIN-345,2026-01-19,2026-01-19,0.49
QX-TIN-345,2026-01-19,2026-01-19,0.50
QX-TIN-345,2026-01-19,,0.52
QX-HHD-346,2024-07-01,2025-07-21,1.56
QX-HHD-346,2025-07-21,2025-09-11,1.68
QX-HHD-346,2025-09-11,2026-01-29,1.71
QX-HHD-346,2026-01-29,,1.73
QX-TIN-347,2025-05-23,2025-07-18,2.22
QX-TIN-347,2025-07-18,2026-02-18,2.29
QX-TIN-347,2026-02-18,,2.42
QX-CER-348,2024-12-23,2025-07-05,1.30
QX-CER-348,2025-07-05,2025-11-03,1.38
QX-CER-348,2025-11-03,2025-11-03,1.41
QX-CER-348,2025-11-03,,1.37
QX-TIN-349,2024-12-20,2025-09-11,0.44
QX-TIN-349,2025-09-11,2025-12-06,0.46
QX-TIN-349,2025-12-06,2025-12-06,0.49
QX-TIN-349,2025-12-06,2026-03-12,0.51
QX-TIN-349,2026-03-12,2026-03-12,0.53
QX-TIN-349,2026-03-12,2026-03-12,0.56
QX-TIN-349,2026-03-12,,0.53
QX-FRZ-350,2025-02-04,2026-03-12,1.37
QX-FRZ-350,2026-03-12,2026-03-12,1.39
QX-FRZ-350,2026-03-12,2026-03-12,1.47
QX-FRZ-350,2026-03-12,2026-03-12,1.51
QX-FRZ-350,2026-03-12,,1.59
QX-DRY-351,2024-08-25,2026-01-12,3.16
QX-DRY-351,2026-01-12,,3.54
QX-PET-352,2025-05-07,2025-07-01,6.05
QX-PET-352,2025-07-01,2026-03-07,6.49
QX-PET-352,2026-03-07,2026-03-07,7.07
QX-PET-352,2026-03-07,2026-03-07,7.20
QX-PET-352,2026-03-07,2026-03-07,7.81
QX-PET-352,2026-03-07,,6.99
QX-CER-353,2024-11-28,2025-06-30,1.14
QX-CER-353,2025-06-30,2025-12-12,1.21
QX-CER-353,2025-12-12,2025-12-12,1.31
QX-CER-353,2025-12-12,,1.20
QX-PRO-354,2025-04-26,2026-01-20,1.69
QX-PRO-354,2026-01-20,2026-01-20,1.72
QX-PRO-354,2026-01-20,2026-01-20,1.79
QX-PRO-354,2026-01-20,2026-01-20,1.84
QX-PRO-354,2026-01-20,,2.01
QX-PET-355,2025-02-20,2025-10-04,5.03
QX-PET-355,2025-10-04,,5.76
QX-PET-356,2024-06-03,2026-03-20,5.37
QX-PET-356,2026-03-20,2026-03-20,5.62
QX-PET-356,2026-03-20,2026-03-20,5.91
QX-PET-356,2026-03-20,,6.51
QX-DRY-357,2024-06-13,2026-03-25,5.76
QX-DRY-357,2026-03-25,2026-03-25,6.17
QX-DRY-357,2026-03-25,2026-03-25,6.29
QX-DRY-357,2026-03-25,2026-03-25,6.51
QX-DRY-357,2026-03-25,2026-03-25,6.65
QX-DRY-357,2026-03-25,,6.18
QX-CHL-358,2025-02-27,2025-10-27,2.50
QX-CHL-358,2025-10-27,2025-10-27,2.70
QX-CHL-358,2025-10-27,,2.81
QX-CHL-359,2024-11-25,2025-12-03,5.92
QX-CHL-359,2025-12-03,2026-02-17,6.02
QX-CHL-359,2026-02-17,,6.61
QX-BWS-360,2024-03-12,2025-12-04,33.51
QX-BWS-360,2025-12-04,2025-12-04,34.56
QX-BWS-360,2025-12-04,2025-12-04,35.85
QX-BWS-360,2025-12-04,,35.22
QX-CHL-361,2024-07-03,2025-08-12,1.31
QX-CHL-361,2025-08-12,2026-01-14,1.36
QX-CHL-361,2026-01-14,2026-01-14,1.48
QX-CHL-361,2026-01-14,2026-01-14,1.54
QX-CHL-361,2026-01-14,,1.59
QX-CER-362,2024-03-06,2026-03-04,2.73
QX-CER-362,2026-03-04,2026-03-04,2.83
QX-CER-362,2026-03-04,2026-03-04,2.86
QX-CER-362,2026-03-04,2026-03-04,3.08
QX-CER-362,2026-03-04,2026-03-04,3.26
QX-CER-362,2026-03-04,,3.06
QX-DRK-363,2023-11-01,2025-08-26,4.65
QX-DRK-363,2025-08-26,2026-03-27,4.99
QX-DRK-363,2026-03-27,,5.48
QX-FRZ-364,2024-03-29,2026-03-07,5.89
QX-FRZ-364,2026-03-07,2026-03-07,5.96
QX-FRZ-364,2026-03-07,2026-03-07,6.49
QX-FRZ-364,2026-03-07,2026-03-07,6.91
QX-FRZ-364,2026-03-07,,6.89
QX-HBC-365,2024-12-23,2025-07-20,10.31
QX-HBC-365,2025-07-20,2026-02-04,10.70
QX-HBC-365,2026-02-04,2026-02-04,10.90
QX-HBC-365,2026-02-04,2026-02-04,11.12
QX-HBC-365,2026-02-04,2026-02-04,11.24
QX-HBC-365,2026-02-04,,11.43
QX-BWS-366,2025-05-21,2026-02-13,13.81
QX-BWS-366,2026-02-13,2026-02-13,14.47
QX-BWS-366,2026-02-13,,15.92
QX-BAK-367,2024-08-12,2025-11-08,6.86
QX-BAK-367,2025-11-08,2025-11-08,7.07
QX-BAK-367,2025-11-08,2025-11-08,7.54
QX-BAK-367,2025-11-08,2026-03-26,7.99
QX-BAK-367,2026-03-26,2026-03-26,8.52
QX-BAK-367,2026-03-26,2026-03-26,9.02
QX-BAK-367,2026-03-26,,8.05
QX-DRK-368,2023-10-24,2026-03-19,0.59
QX-DRK-368,2026-03-19,,0.63
QX-HHD-369,2024-12-17,2026-03-25,3.89
QX-HHD-369,2026-03-25,2026-03-25,4.00
QX-HHD-369,2026-03-25,,4.46
QX-PRO-370,2024-09-24,2025-10-27,3.98
QX-PRO-370,2025-10-27,2025-10-27,4.16
QX-PRO-370,2025-10-27,,4.40
QX-TIN-371,2025-03-01,2025-07-25,1.56
QX-TIN-371,2025-07-25,2025-08-26,1.63
QX-TIN-371,2025-08-26,2026-03-06,1.68
QX-TIN-371,2026-03-06,2026-03-06,1.70
QX-TIN-371,2026-03-06,2026-03-06,1.77
QX-TIN-371,2026-03-06,,1.83
QX-BWS-372,2024-03-01,2026-03-05,12.92
QX-BWS-372,2026-03-05,2026-03-05,13.35
QX-BWS-372,2026-03-05,2026-03-05,14.25
QX-BWS-372,2026-03-05,2026-03-06,14.83
QX-BWS-372,2026-03-06,,15.21
QX-DRY-373,2024-01-30,2025-12-14,2.34
QX-DRY-373,2025-12-14,2025-12-14,2.54
QX-DRY-373,2025-12-14,2026-02-18,2.70
QX-DRY-373,2026-02-18,,2.48
QX-PET-374,2025-04-08,2026-02-25,0.86
QX-PET-374,2026-02-25,2026-02-25,0.88
QX-PET-374,2026-02-25,2026-03-28,0.91
QX-PET-374,2026-03-28,,0.93
QX-CHL-375,2024-06-12,2026-02-28,1.12
QX-CHL-375,2026-02-28,2026-02-28,1.18
QX-CHL-375,2026-02-28,2026-02-28,1.22
QX-CHL-375,2026-02-28,2026-02-28,1.25
QX-CHL-375,2026-02-28,2026-02-28,1.28
QX-CHL-375,2026-02-28,,1.35
QX-HBC-376,2024-12-27,2025-12-11,5.07
QX-HBC-376,2025-12-11,2026-02-27,5.38
QX-HBC-376,2026-02-27,2026-03-02,5.56
QX-HBC-376,2026-03-02,,5.31
QX-TIN-377,2025-03-05,2026-01-18,1.25
QX-TIN-377,2026-01-18,2026-03-15,1.29
QX-TIN-377,2026-03-15,2026-03-15,1.32
QX-TIN-377,2026-03-15,2026-03-15,1.38
QX-TIN-377,2026-03-15,,1.37
QX-HBC-378,2025-05-10,2026-03-23,5.75
QX-HBC-378,2026-03-23,2026-03-23,6.20
QX-HBC-378,2026-03-23,2026-03-23,6.29
QX-HBC-378,2026-03-23,2026-03-23,6.81
QX-HBC-378,2026-03-23,,6.57
QX-CER-379,2025-02-06,2025-12-23,1.94
QX-CER-379,2025-12-23,,2.24
QX-HHD-380,2025-01-11,2025-12-25,6.75
QX-HHD-380,2025-12-25,2026-02-19,7.23
QX-HHD-380,2026-02-19,,8.12
QX-HBC-381,2024-04-20,2026-02-20,12.94
QX-HBC-381,2026-02-20,2026-02-20,13.09
QX-HBC-381,2026-02-20,2026-02-20,13.77
QX-HBC-381,2026-02-20,2026-02-20,14.98
QX-HBC-381,2026-02-20,2026-02-20,15.91
QX-HBC-381,2026-02-20,2026-02-20,17.23
QX-HBC-381,2026-02-20,,13.92
QX-TIN-382,2025-01-11,2026-03-26,2.25
QX-TIN-382,2026-03-26,2026-03-30,2.31
QX-TIN-382,2026-03-30,2026-03-30,2.41
QX-TIN-382,2026-03-30,2026-03-30,2.61
QX-TIN-382,2026-03-30,2026-03-30,2.82
QX-TIN-382,2026-03-30,,2.52
QX-BWS-383,2024-07-14,2026-03-04,23.69
QX-BWS-383,2026-03-04,2026-03-04,25.04
QX-BWS-383,2026-03-04,2026-03-04,26.71
QX-BWS-383,2026-03-04,2026-03-04,29.01
QX-BWS-383,2026-03-04,2026-03-04,29.41
QX-BWS-383,2026-03-04,,25.64
QX-CHL-384,2024-02-02,2026-03-02,14.59
QX-CHL-384,2026-03-02,,15.70
QX-PET-385,2024-05-18,2026-03-12,6.72
QX-PET-385,2026-03-12,2026-03-12,6.81
QX-PET-385,2026-03-12,2026-03-12,7.21
QX-PET-385,2026-03-12,2026-03-12,7.46
QX-PET-385,2026-03-12,2026-03-12,8.09
QX-PET-385,2026-03-12,,8.01
QX-BAK-386,2024-07-12,2025-12-24,3.68
QX-BAK-386,2025-12-24,2026-01-03,3.76
QX-BAK-386,2026-01-03,2026-01-03,3.86
QX-BAK-386,2026-01-03,2026-01-03,4.21
QX-BAK-386,2026-01-03,2026-02-26,4.52
QX-BAK-386,2026-02-26,,4.08
QX-DRK-387,2023-11-30,2026-02-08,6.17
QX-DRK-387,2026-02-08,2026-02-08,6.58
QX-DRK-387,2026-02-08,2026-02-12,6.78
QX-DRK-387,2026-02-12,2026-02-12,7.20
QX-DRK-387,2026-02-12,2026-02-12,7.35
QX-DRK-387,2026-02-12,,6.44
QX-CHL-388,2024-10-19,2025-07-09,3.04
QX-CHL-388,2025-07-09,2025-10-11,3.14
QX-CHL-388,2025-10-11,2025-12-12,3.27
QX-CHL-388,2025-12-12,2026-01-11,3.51
QX-CHL-388,2026-01-11,2026-01-11,3.73
QX-CHL-388,2026-01-11,,3.37
QX-FRZ-389,2024-09-03,2026-03-20,4.19
QX-FRZ-389,2026-03-20,,4.79
QX-TIN-390,2025-03-31,2025-10-07,1.09
QX-TIN-390,2025-10-07,,1.26
QX-BWS-391,2024-04-13,2025-12-13,18.48
QX-BWS-391,2025-12-13,2025-12-13,18.89
QX-BWS-391,2025-12-13,2026-02-26,20.20
QX-BWS-391,2026-02-26,2026-03-03,21.94
QX-BWS-391,2026-03-03,,21.54
QX-HHD-392,2024-08-25,2026-02-28,8.94
QX-HHD-392,2026-02-28,2026-02-28,9.04
QX-HHD-392,2026-02-28,2026-02-28,9.14
QX-HHD-392,2026-02-28,2026-02-28,9.47
QX-HHD-392,2026-02-28,2026-02-28,9.79
QX-HHD-392,2026-02-28,,10.05
QX-FRZ-393,2024-03-02,2025-08-20,7.64
QX-FRZ-393,2025-08-20,2025-11-12,8.25
QX-FRZ-393,2025-11-12,2025-11-12,8.72
QX-FRZ-393,2025-11-12,2026-02-18,9.16
QX-FRZ-393,2026-02-18,2026-03-05,9.53
QX-FRZ-393,2026-03-05,2026-03-05,10.04
QX-FRZ-393,2026-03-05,,8.20
QX-HHD-394,2024-01-06,2025-08-21,5.08
QX-HHD-394,2025-08-21,2026-03-16,5.32
QX-HHD-394,2026-03-16,,5.66
QX-HHD-395,2024-01-31,2025-12-04,10.09
QX-HHD-395,2025-12-04,2026-03-01,10.42
QX-HHD-395,2026-03-01,2026-03-01,11.36
QX-HHD-395,2026-03-01,2026-03-01,11.61
QX-HHD-395,2026-03-01,2026-03-01,12.37
QX-HHD-395,2026-03-01,,11.07
QX-HBC-396,2025-01-04,2025-09-18,11.75
QX-HBC-396,2025-09-18,2025-10-02,12.03
QX-HBC-396,2025-10-02,2025-10-02,12.17
QX-HBC-396,2025-10-02,2025-10-15,12.91
QX-HBC-396,2025-10-15,2026-01-28,13.97
QX-HBC-396,2026-01-28,,12.55
QX-HHD-397,2024-09-05,2026-03-17,0.96
QX-HHD-397,2026-03-17,2026-03-17,0.98
QX-HHD-397,2026-03-17,2026-03-17,1.01
QX-HHD-397,2026-03-17,,1.12
QX-TIN-398,2024-11-02,2026-01-16,1.15
QX-TIN-398,2026-01-16,2026-01-16,1.18
QX-TIN-398,2026-01-16,2026-01-16,1.23
QX-TIN-398,2026-01-16,,1.29
QX-CHL-399,2025-04-02,2026-02-23,7.91
QX-CHL-399,2026-02-23,2026-03-21,8.55
QX-CHL-399,2026-03-21,2026-03-21,9.29
QX-CHL-399,2026-03-21,,9.16
QX-DRK-400,2025-03-19,2025-07-28,5.29
QX-DRK-400,2025-07-28,2026-01-16,5.60
QX-DRK-400,2026-01-16,2026-01-16,5.66
QX-DRK-400,2026-01-16,2026-01-16,5.73
QX-DRK-400,2026-01-16,2026-01-16,5.91
QX-DRK-400,2026-01-16,2026-01-16,5.99
QX-DRK-400,2026-01-16,,6.14
QX-CER-401,2024-01-11,2025-06-30,2.46
QX-CER-401,2025-06-30,,2.64
QX-BWS-402,2024-03-01,2026-03-02,12.76
QX-BWS-402,2026-03-02,2026-03-02,13.44
QX-BWS-402,2026-03-02,2026-03-02,14.21
QX-BWS-402,2026-03-02,2026-03-02,14.93
QX-BWS-402,2026-03-02,,14.80
QX-PRO-403,2024-07-22,2025-09-27,3.94
QX-PRO-403,2025-09-27,2025-12-03,4.15
QX-PRO-403,2025-12-03,2025-12-17,4.44
QX-PRO-403,2025-12-17,2025-12-17,4.75
QX-PRO-403,2025-12-17,2025-12-17,4.96
QX-PRO-403,2025-12-17,2026-03-22,5.31
QX-PRO-403,2026-03-22,,4.23
QX-TIN-404,2024-09-19,2025-07-30,0.98
QX-TIN-404,2025-07-30,2025-07-30,1.06
QX-TIN-404,2025-07-30,2025-07-30,1.12
QX-TIN-404,2025-07-30,2025-08-23,1.21
QX-TIN-404,2025-08-23,2025-09-03,1.32
QX-TIN-404,2025-09-03,,1.17
QX-BWS-405,2024-11-29,2025-10-24,25.13
QX-BWS-405,2025-10-24,2025-12-13,27.27
QX-BWS-405,2025-12-13,2025-12-13,27.61
QX-BWS-405,2025-12-13,,28.84
QX-HBC-406,2023-10-21,2026-02-26,5.44
QX-HBC-406,2026-02-26,2026-02-26,5.77
QX-HBC-406,2026-02-26,2026-02-26,6.08
QX-HBC-406,2026-02-26,2026-02-26,6.42
QX-HBC-406,2026-02-26,,5.82
QX-DRK-407,2024-04-10,2026-03-25,1.30
QX-DRK-407,2026-03-25,2026-03-25,1.40
QX-DRK-407,2026-03-25,2026-03-25,1.51
QX-DRK-407,2026-03-25,2026-03-25,1.62
QX-DRK-407,2026-03-25,,1.50
QX-PRO-408,2024-05-15,2025-12-13,4.00
QX-PRO-408,2025-12-13,2025-12-13,4.18
QX-PRO-408,2025-12-13,2026-02-22,4.27
QX-PRO-408,2026-02-22,2026-02-22,4.42
QX-PRO-408,2026-02-22,,4.47
QX-PRO-409,2024-02-14,2025-11-11,0.90
QX-PRO-409,2025-11-11,2025-12-12,0.94
QX-PRO-409,2025-12-12,2025-12-12,0.97
QX-PRO-409,2025-12-12,,0.94
QX-FRZ-410,2024-04-06,2025-09-07,3.43
QX-FRZ-410,2025-09-07,2025-09-20,3.59
QX-FRZ-410,2025-09-20,2026-02-04,3.71
QX-FRZ-410,2026-02-04,,3.72
QX-PRO-411,2024-10-25,2026-01-10,4.60
QX-PRO-411,2026-01-10,2026-01-10,4.93
QX-PRO-411,2026-01-10,2026-01-10,5.19
QX-PRO-411,2026-01-10,2026-02-19,5.57
QX-PRO-411,2026-02-19,2026-02-19,6.02
QX-PRO-411,2026-02-19,,5.22
QX-DRK-412,2024-09-20,2025-09-13,5.80
QX-DRK-412,2025-09-13,2025-09-13,6.26
QX-DRK-412,2025-09-13,2025-11-17,6.42
QX-DRK-412,2025-11-17,2025-11-17,6.68
QX-DRK-412,2025-11-17,,6.11
QX-BAK-413,2024-09-23,2025-06-28,1.38
QX-BAK-413,2025-06-28,2025-10-26,1.49
QX-BAK-413,2025-10-26,2025-11-13,1.58
QX-BAK-413,2025-11-13,,1.61
QX-TIN-414,2025-01-30,2025-09-16,1.64
QX-TIN-414,2025-09-16,2025-12-10,1.71
QX-TIN-414,2025-12-10,2025-12-10,1.84
QX-TIN-414,2025-12-10,2025-12-10,1.92
QX-TIN-414,2025-12-10,2025-12-11,1.97
QX-TIN-414,2025-12-11,,1.77
QX-PRO-415,2025-03-31,2025-11-13,1.39
QX-PRO-415,2025-11-13,2026-03-02,1.45
QX-PRO-415,2026-03-02,2026-03-02,1.47
QX-PRO-415,2026-03-02,2026-03-02,1.53
QX-PRO-415,2026-03-02,2026-03-02,1.56
QX-PRO-415,2026-03-02,2026-03-02,1.62
QX-PRO-415,2026-03-02,,1.60
QX-HBC-416,2024-06-18,2026-01-02,4.67
QX-HBC-416,2026-01-02,2026-03-23,4.78
QX-HBC-416,2026-03-23,2026-03-23,4.90
QX-HBC-416,2026-03-23,2026-03-23,4.98
QX-HBC-416,2026-03-23,2026-03-23,5.37
QX-HBC-416,2026-03-23,2026-03-23,5.76
QX-HBC-416,2026-03-23,,5.18
QX-CER-417,2024-09-01,2025-11-29,2.83
QX-CER-417,2025-11-29,2025-11-29,2.93
QX-CER-417,2025-11-29,2026-03-20,3.12
QX-CER-417,2026-03-20,,3.33
QX-FRZ-418,2025-01-11,2025-08-10,5.72
QX-FRZ-418,2025-08-10,2025-10-01,5.78
QX-FRZ-418,2025-10-01,,6.52
QX-HHD-419,2025-01-21,2025-12-06,10.42
QX-HHD-419,2025-12-06,2025-12-06,11.21
QX-HHD-419,2025-12-06,2025-12-06,12.00
QX-HHD-419,2025-12-06,2025-12-06,12.87
QX-HHD-419,2025-12-06,,11.00
QX-CHL-420,2023-12-19,2025-12-14,11.48
QX-CHL-420,2025-12-14,2025-12-14,12.01
QX-CHL-420,2025-12-14,,13.98
QX-DRY-421,2023-11-22,2025-07-13,0.99
QX-DRY-421,2025-07-13,2025-09-28,1.08
QX-DRY-421,2025-09-28,2026-02-25,1.12
QX-DRY-421,2026-02-25,,1.08
QX-PET-422,2025-05-31,2026-01-25,3.12
QX-PET-422,2026-01-25,,3.68
QX-DRY-423,2024-02-01,2026-01-15,5.68
QX-DRY-423,2026-01-15,2026-01-15,6.06
QX-DRY-423,2026-01-15,,6.82
QX-CHL-424,2025-03-21,2026-03-03,18.51
QX-CHL-424,2026-03-03,2026-03-03,19.78
QX-CHL-424,2026-03-03,2026-03-03,20.46
QX-CHL-424,2026-03-03,2026-03-03,21.88
QX-CHL-424,2026-03-03,,19.89
QX-PET-425,2024-05-25,2026-03-26,9.11
QX-PET-425,2026-03-26,2026-03-26,9.60
QX-PET-425,2026-03-26,2026-03-26,9.71
QX-PET-425,2026-03-26,2026-03-26,10.41
QX-PET-425,2026-03-26,2026-03-26,10.90
QX-PET-425,2026-03-26,,10.32
QX-DRY-426,2024-09-02,2026-01-15,1.75
QX-DRY-426,2026-01-15,2026-01-15,1.79
QX-DRY-426,2026-01-15,2026-01-15,1.88
QX-DRY-426,2026-01-15,2026-01-15,1.99
QX-DRY-426,2026-01-15,2026-01-15,2.03
QX-DRY-426,2026-01-15,,1.88
QX-BAK-427,2023-12-19,2026-01-03,1.86
QX-BAK-427,2026-01-03,2026-01-03,1.89
QX-BAK-427,2026-01-03,2026-01-03,1.98
QX-BAK-427,2026-01-03,,2.09
QX-PRO-428,2024-11-28,2025-07-07,3.05
QX-PRO-428,2025-07-07,2025-07-07,3.23
QX-PRO-428,2025-07-07,2025-11-26,3.32
QX-PRO-428,2025-11-26,,3.53
QX-DRK-429,2024-09-05,2025-09-26,5.47
QX-DRK-429,2025-09-26,,5.96
QX-DRK-430,2024-03-02,2025-12-16,1.75
QX-DRK-430,2025-12-16,2025-12-16,1.88
QX-DRK-430,2025-12-16,2026-01-28,2.02
QX-DRK-430,2026-01-28,,2.09
QX-HHD-431,2025-04-08,2025-07-08,8.24
QX-HHD-431,2025-07-08,2025-08-28,8.42
QX-HHD-431,2025-08-28,2025-08-31,8.66
QX-HHD-431,2025-08-31,2025-11-06,9.25
QX-HHD-431,2025-11-06,2026-01-17,9.81
QX-HHD-431,2026-01-17,,8.61
QX-PRO-432,2024-11-30,2026-03-05,3.23
QX-PRO-432,2026-03-05,2026-03-05,3.34
QX-PRO-432,2026-03-05,2026-03-25,3.57
QX-PRO-432,2026-03-25,2026-03-25,3.64
QX-PRO-432,2026-03-25,,3.80
QX-CHL-433,2024-06-01,2025-10-20,7.19
QX-CHL-433,2025-10-20,2026-02-08,7.69
QX-CHL-433,2026-02-08,2026-02-08,7.84
QX-CHL-433,2026-02-08,,8.37
QX-PRO-434,2024-10-15,2025-08-01,2.75
QX-PRO-434,2025-08-01,2025-09-10,2.83
QX-PRO-434,2025-09-10,2026-01-25,2.98
QX-PRO-434,2026-01-25,2026-02-01,3.23
QX-PRO-434,2026-02-01,2026-02-01,3.45
QX-PRO-434,2026-02-01,,3.07
QX-CER-435,2024-03-11,2026-01-22,3.49
QX-CER-435,2026-01-22,2026-01-22,3.58
QX-CER-435,2026-01-22,2026-01-22,3.67
QX-CER-435,2026-01-22,2026-01-22,3.99
QX-CER-435,2026-01-22,2026-03-05,4.06
QX-CER-435,2026-03-05,2026-03-05,4.31
QX-CER-435,2026-03-05,,4.00
QX-TIN-436,2025-01-04,2026-01-11,2.26
QX-TIN-436,2026-01-11,2026-01-11,2.36
QX-TIN-436,2026-01-11,2026-01-11,2.44
QX-TIN-436,2026-01-11,2026-01-11,2.63
QX-TIN-436,2026-01-11,,2.66
QX-BAK-437,2025-03-19,2026-01-27,6.20
QX-BAK-437,2026-01-27,2026-03-12,6.44
QX-BAK-437,2026-03-12,,6.56
QX-HBC-438,2023-12-30,2025-06-27,10.15
QX-HBC-438,2025-06-27,2025-06-29,10.33
QX-HBC-438,2025-06-29,2026-01-12,10.47
QX-HBC-438,2026-01-12,2026-01-12,10.60
QX-HBC-438,2026-01-12,,12.16
QX-FRZ-439,2024-02-25,2025-09-30,7.42
QX-FRZ-439,2025-09-30,2025-09-30,8.03
QX-FRZ-439,2025-09-30,,8.18
QX-DRK-440,2023-11-13,2026-03-28,4.71
QX-DRK-440,2026-03-28,2026-03-28,4.83
QX-DRK-440,2026-03-28,,5.54
QX-BAK-441,2025-04-16,2025-08-15,3.63
QX-BAK-441,2025-08-15,2025-08-23,3.69
QX-BAK-441,2025-08-23,,3.87
QX-FRZ-442,2024-06-07,2025-08-20,6.47
QX-FRZ-442,2025-08-20,2025-10-15,6.98
QX-FRZ-442,2025-10-15,,7.89
QX-BAK-443,2024-11-08,2025-10-26,5.93
QX-BAK-443,2025-10-26,2025-12-06,6.13
QX-BAK-443,2025-12-06,2026-02-03,6.39
QX-BAK-443,2026-02-03,2026-02-03,6.94
QX-BAK-443,2026-02-03,2026-02-03,7.53
QX-BAK-443,2026-02-03,2026-02-03,7.65
QX-BAK-443,2026-02-03,,7.08
QX-CER-444,2024-04-02,2025-10-29,1.45
QX-CER-444,2025-10-29,2025-10-29,1.49
QX-CER-444,2025-10-29,,1.75
QX-CHL-445,2024-03-07,2026-02-03,5.23
QX-CHL-445,2026-02-03,2026-02-03,5.32
QX-CHL-445,2026-02-03,2026-02-03,5.47
QX-CHL-445,2026-02-03,,5.48
QX-PRO-446,2023-12-02,2025-12-25,1.18
QX-PRO-446,2025-12-25,2025-12-25,1.28
QX-PRO-446,2025-12-25,2026-02-24,1.35
QX-PRO-446,2026-02-24,2026-02-24,1.41
QX-PRO-446,2026-02-24,2026-02-24,1.44
QX-PRO-446,2026-02-24,,1.35
QX-BAK-447,2024-11-18,2026-01-07,1.58
QX-BAK-447,2026-01-07,2026-01-07,1.68
QX-BAK-447,2026-01-07,2026-02-12,1.77
QX-BAK-447,2026-02-12,2026-03-23,1.80
QX-BAK-447,2026-03-23,2026-03-23,1.84
QX-BAK-447,2026-03-23,,1.69
QX-PRO-448,2025-05-09,2025-10-19,4.58
QX-PRO-448,2025-10-19,2025-10-19,4.81
QX-PRO-448,2025-10-19,2025-11-15,4.91
QX-PRO-448,2025-11-15,2025-11-18,5.30
QX-PRO-448,2025-11-18,2025-11-18,5.64
QX-PRO-448,2025-11-18,,5.50
QX-HBC-449,2025-05-28,2026-02-16,11.77
QX-HBC-449,2026-02-16,2026-02-16,12.51
QX-HBC-449,2026-02-16,2026-02-16,13.01
QX-HBC-449,2026-02-16,2026-03-06,13.50
QX-HBC-449,2026-03-06,,12.89
QX-CER-450,2024-05-27,2025-08-02,3.75
QX-CER-450,2025-08-02,2025-09-26,4.03
QX-CER-450,2025-09-26,,4.27
QX-FRZ-451,2025-01-14,2025-08-02,5.89
QX-FRZ-451,2025-08-02,2026-02-07,6.16
QX-FRZ-451,2026-02-07,2026-02-07,6.56
QX-FRZ-451,2026-02-07,2026-02-07,6.67
QX-FRZ-451,2026-02-07,2026-02-07,7.08
QX-FRZ-451,2026-02-07,,6.64
QX-BAK-452,2025-01-07,2026-01-22,2.60
QX-BAK-452,2026-01-22,2026-03-11,2.75
QX-BAK-452,2026-03-11,,2.79
QX-FRZ-453,2024-07-09,2025-11-30,5.72
QX-FRZ-453,2025-11-30,2025-11-30,6.22
QX-FRZ-453,2025-11-30,,6.45
QX-PET-454,2024-12-06,2026-03-14,1.10
QX-PET-454,2026-03-14,2026-03-14,1.15
QX-PET-454,2026-03-14,2026-03-14,1.24
QX-PET-454,2026-03-14,,1.23
QX-CER-455,2024-04-16,2026-01-31,1.27
QX-CER-455,2026-01-31,2026-01-31,1.31
QX-CER-455,2026-01-31,2026-02-22,1.33
QX-CER-455,2026-02-22,2026-03-18,1.36
QX-CER-455,2026-03-18,,1.52
QX-HBC-456,2024-05-27,2026-01-30,4.90
QX-HBC-456,2026-01-30,2026-01-30,5.14
QX-HBC-456,2026-01-30,2026-02-20,5.22
QX-HBC-456,2026-02-20,2026-02-20,5.45
QX-HBC-456,2026-02-20,,5.85
QX-PET-457,2025-02-28,2026-03-04,1.11
QX-PET-457,2026-03-04,2026-03-04,1.14
QX-PET-457,2026-03-04,2026-03-04,1.16
QX-PET-457,2026-03-04,2026-03-04,1.25
QX-PET-457,2026-03-04,2026-03-04,1.27
QX-PET-457,2026-03-04,,1.19
QX-BAK-458,2024-08-12,2025-12-27,3.55
QX-BAK-458,2025-12-27,2026-03-14,3.71
QX-BAK-458,2026-03-14,2026-03-14,3.89
QX-BAK-458,2026-03-14,,3.97
QX-HBC-459,2024-12-12,2025-08-30,8.38
QX-HBC-459,2025-08-30,,9.57
QX-PET-460,2024-01-20,2026-03-30,6.83
QX-PET-460,2026-03-30,2026-03-30,7.42
QX-PET-460,2026-03-30,2026-03-30,8.08
QX-PET-460,2026-03-30,2026-03-30,8.66
QX-PET-460,2026-03-30,,8.29
QX-BWS-461,2024-08-16,2025-06-29,32.59
QX-BWS-461,2025-06-29,2025-12-23,34.84
QX-BWS-461,2025-12-23,2026-01-20,36.08
QX-BWS-461,2026-01-20,,34.90
QX-HBC-462,2025-01-14,2025-10-25,8.05
QX-HBC-462,2025-10-25,,9.24
QX-PET-463,2023-11-25,2025-08-24,1.04
QX-PET-463,2025-08-24,2026-03-27,1.06
QX-PET-463,2026-03-27,2026-03-27,1.14
QX-PET-463,2026-03-27,2026-03-27,1.16
QX-PET-463,2026-03-27,2026-03-27,1.20
QX-PET-463,2026-03-27,2026-03-27,1.27
QX-PET-463,2026-03-27,,1.15
QX-DRK-464,2024-04-13,2026-01-31,2.82
QX-DRK-464,2026-01-31,2026-01-31,3.04
QX-DRK-464,2026-01-31,2026-01-31,3.24
QX-DRK-464,2026-01-31,2026-03-04,3.42
QX-DRK-464,2026-03-04,2026-03-19,3.71
QX-DRK-464,2026-03-19,2026-03-19,4.02
QX-DRK-464,2026-03-19,,2.99
QX-CHL-465,2023-12-25,2025-09-04,7.76
QX-CHL-465,2025-09-04,2025-12-07,7.89
QX-CHL-465,2025-12-07,2025-12-07,7.99
QX-CHL-465,2025-12-07,,8.63
QX-CER-466,2025-04-01,2025-07-21,3.62
QX-CER-466,2025-07-21,2025-08-27,3.89
QX-CER-466,2025-08-27,,4.16
QX-PET-467,2023-12-02,2025-10-03,1.13
QX-PET-467,2025-10-03,2026-01-25,1.19
QX-PET-467,2026-01-25,2026-01-25,1.22
QX-PET-467,2026-01-25,2026-03-21,1.29
QX-PET-467,2026-03-21,2026-03-21,1.31
QX-PET-467,2026-03-21,2026-03-21,1.33
QX-PET-467,2026-03-21,,1.19
QX-DRK-468,2023-11-01,2025-10-08,4.21
QX-DRK-468,2025-10-08,2025-10-08,4.27
QX-DRK-468,2025-10-08,,4.76
QX-PRO-469,2024-02-23,2026-03-30,1.80
QX-PRO-469,2026-03-30,2026-03-30,1.85
QX-PRO-469,2026-03-30,2026-03-30,1.99
QX-PRO-469,2026-03-30,,2.15
QX-HHD-470,2024-10-18,2025-12-21,2.46
QX-HHD-470,2025-12-21,2025-12-21,2.57
QX-HHD-470,2025-12-21,2025-12-21,2.71
QX-HHD-470,2025-12-21,2026-03-06,2.92
QX-HHD-470,2026-03-06,2026-03-06,3.05
QX-HHD-470,2026-03-06,2026-03-06,3.14
QX-HHD-470,2026-03-06,,2.67
QX-CER-471,2024-07-02,2025-12-22,1.24
QX-CER-471,2025-12-22,2025-12-22,1.34
QX-CER-471,2025-12-22,2025-12-22,1.39
QX-CER-471,2025-12-22,2025-12-22,1.46
QX-CER-471,2025-12-22,2025-12-22,1.54
QX-CER-471,2025-12-22,2025-12-22,1.57
QX-CER-471,2025-12-22,,1.51
QX-CER-472,2025-05-05,2025-10-09,1.76
QX-CER-472,2025-10-09,2025-10-09,1.87
QX-CER-472,2025-10-09,2026-02-21,2.02
QX-CER-472,2026-02-21,2026-03-26,2.17
QX-CER-472,2026-03-26,,2.06
QX-PET-473,2025-03-18,2026-01-18,5.61
QX-PET-473,2026-01-18,2026-01-18,5.98
QX-PET-473,2026-01-18,,6.21
QX-CER-474,2025-02-19,2025-11-03,1.83
QX-CER-474,2025-11-03,,2.18
QX-FRZ-475,2024-06-07,2026-03-28,4.91
QX-FRZ-475,2026-03-28,2026-03-28,5.13
QX-FRZ-475,2026-03-28,2026-03-28,5.41
QX-FRZ-475,2026-03-28,,5.50
QX-DRY-476,2024-02-29,2025-10-13,4.79
QX-DRY-476,2025-10-13,2025-11-30,5.21
QX-DRY-476,2025-11-30,2025-12-03,5.47
QX-DRY-476,2025-12-03,2025-12-03,5.89
QX-DRY-476,2025-12-03,2026-03-16,6.10
QX-DRY-476,2026-03-16,,5.27
QX-TIN-477,2025-01-16,2025-10-08,1.57
QX-TIN-477,2025-10-08,2025-10-08,1.71
QX-TIN-477,2025-10-08,,1.69
QX-PRO-478,2024-07-17,2025-07-19,1.11
QX-PRO-478,2025-07-19,2025-08-24,1.18
QX-PRO-478,2025-08-24,2025-10-14,1.21
QX-PRO-478,2025-10-14,2026-02-09,1.25
QX-PRO-478,2026-02-09,,1.23
QX-BWS-479,2023-12-19,2025-12-19,20.18
QX-BWS-479,2025-12-19,2025-12-19,20.78
QX-BWS-479,2025-12-19,,21.34
QX-CER-480,2024-09-03,2025-08-06,3.41
QX-CER-480,2025-08-06,2025-08-16,3.57
QX-CER-480,2025-08-16,2025-12-10,3.66
QX-CER-480,2025-12-10,2025-12-10,3.70
QX-CER-480,2025-12-10,2025-12-10,3.99
QX-CER-480,2025-12-10,,3.63
QX-BWS-481,2025-05-21,2025-07-23,19.93
QX-BWS-481,2025-07-23,2025-07-23,21.29
QX-BWS-481,2025-07-23,2025-09-14,23.11
QX-BWS-481,2025-09-14,2025-11-11,23.63
QX-BWS-481,2025-11-11,,21.07
QX-PRO-482,2024-10-31,2026-03-02,0.86
QX-PRO-482,2026-03-02,2026-03-02,0.89
QX-PRO-482,2026-03-02,2026-03-23,0.92
QX-PRO-482,2026-03-23,2026-03-23,0.94
QX-PRO-482,2026-03-23,2026-03-23,0.96
QX-PRO-482,2026-03-23,,0.91
QX-CHL-483,2024-11-22,2025-08-30,19.45
QX-CHL-483,2025-08-30,2026-03-28,20.59
QX-CHL-483,2026-03-28,2026-03-28,22.28
QX-CHL-483,2026-03-28,2026-03-28,23.99
QX-CHL-483,2026-03-28,,20.26
QX-PRO-484,2024-06-06,2026-01-21,4.08
QX-PRO-484,2026-01-21,2026-01-21,4.24
QX-PRO-484,2026-01-21,,4.83
QX-PRO-485,2025-01-26,2025-07-06,3.83
QX-PRO-485,2025-07-06,2026-03-09,4.00
QX-PRO-485,2026-03-09,,4.27
QX-BWS-486,2024-08-17,2026-03-06,4.51
QX-BWS-486,2026-03-06,2026-03-16,4.58
QX-BWS-486,2026-03-16,2026-03-16,4.70
QX-BWS-486,2026-03-16,,5.36
QX-PRO-487,2024-05-20,2025-09-25,3.75
QX-PRO-487,2025-09-25,2025-11-26,3.96
QX-PRO-487,2025-11-26,2025-11-26,4.14
QX-PRO-487,2025-11-26,2026-01-19,4.39
QX-PRO-487,2026-01-19,2026-01-19,4.77
QX-PRO-487,2026-01-19,,4.12
QX-BAK-488,2023-10-21,2026-03-17,0.94
QX-BAK-488,2026-03-17,2026-03-17,1.01
QX-BAK-488,2026-03-17,,1.03
QX-DRY-489,2025-04-04,2026-03-10,2.81
QX-DRY-489,2026-03-10,2026-03-10,2.90
QX-DRY-489,2026-03-10,,3.00
QX-HBC-490,2024-10-14,2025-07-19,2.30
QX-HBC-490,2025-07-19,2025-11-16,2.48
QX-HBC-490,2025-11-16,2025-11-16,2.52
QX-HBC-490,2025-11-16,2025-11-16,2.62
QX-HBC-490,2025-11-16,,2.48
QX-DRY-491,2023-12-07,2025-12-12,2.28
QX-DRY-491,2025-12-12,2025-12-12,2.37
QX-DRY-491,2025-12-12,,2.75
QX-BWS-492,2025-03-03,2025-08-31,22.55
QX-BWS-492,2025-08-31,2026-03-05,24.45
QX-BWS-492,2026-03-05,2026-03-29,25.15
QX-BWS-492,2026-03-29,2026-03-29,26.12
QX-BWS-492,2026-03-29,2026-03-29,27.28
QX-BWS-492,2026-03-29,,26.72
QX-TIN-493,2024-09-17,2026-03-09,1.78
QX-TIN-493,2026-03-09,2026-03-09,1.83
QX-TIN-493,2026-03-09,2026-03-09,1.93
QX-TIN-493,2026-03-09,2026-03-09,2.07
QX-TIN-493,2026-03-09,2026-03-09,2.13
QX-TIN-493,2026-03-09,,1.94
QX-BAK-494,2025-04-07,2025-06-28,5.82
QX-BAK-494,2025-06-28,2026-02-19,6.17
QX-BAK-494,2026-02-19,2026-02-19,6.51
QX-BAK-494,2026-02-19,2026-03-01,6.84
QX-BAK-494,2026-03-01,2026-03-01,7.19
QX-BAK-494,2026-03-01,2026-03-01,7.46
QX-BAK-494,2026-03-01,,6.67
QX-CER-495,2025-05-09,2025-12-21,3.36
QX-CER-495,2025-12-21,2026-03-03,3.63
QX-CER-495,2026-03-03,2026-03-03,3.72
QX-CER-495,2026-03-03,2026-03-03,3.76
QX-CER-495,2026-03-03,,3.99
QX-BWS-496,2025-01-20,2026-03-03,29.53
QX-BWS-496,2026-03-03,2026-03-03,30.16
QX-BWS-496,2026-03-03,2026-03-03,30.55
QX-BWS-496,2026-03-03,2026-03-03,33.20
QX-BWS-496,2026-03-03,2026-03-03,34.33
QX-BWS-496,2026-03-03,,33.75
QX-BAK-497,2023-11-05,2026-01-14,1.78
QX-BAK-497,2026-01-14,2026-01-14,1.92
QX-BAK-497,2026-01-14,2026-01-14,2.06
QX-BAK-497,2026-01-14,,1.99
QX-DRY-498,2023-10-18,2026-03-12,5.89
QX-DRY-498,2026-03-12,2026-03-12,6.04
QX-DRY-498,2026-03-12,,6.77
QX-DRY-499,2024-05-08,2026-01-22,3.88
QX-DRY-499,2026-01-22,2026-01-22,3.94
QX-DRY-499,2026-01-22,2026-01-22,4.09
QX-DRY-499,2026-01-22,2026-03-04,4.39
QX-DRY-499,2026-03-04,,4.65
QX-CHL-500,2023-11-22,2025-10-12,10.90
QX-CHL-500,2025-10-12,2025-12-22,11.30
QX-CHL-500,2025-12-22,,11.87
QX-HBC-501,2025-01-22,2026-02-22,4.08
QX-HBC-501,2026-02-22,2026-02-22,4.13
QX-HBC-501,2026-02-22,2026-03-25,4.36
QX-HBC-501,2026-03-25,2026-03-25,4.47
QX-HBC-501,2026-03-25,2026-03-25,4.86
QX-HBC-501,2026-03-25,,4.81
QX-DRY-502,2023-11-27,2025-09-01,2.86
QX-DRY-502,2025-09-01,2026-01-27,3.08
QX-DRY-502,2026-01-27,2026-01-27,3.23
QX-DRY-502,2026-01-27,2026-01-27,3.51
QX-DRY-502,2026-01-27,2026-02-17,3.78
QX-DRY-502,2026-02-17,,3.33
QX-CHL-503,2024-08-25,2025-11-22,19.38
QX-CHL-503,2025-11-22,2025-11-22,20.86
QX-CHL-503,2025-11-22,2025-11-22,22.25
QX-CHL-503,2025-11-22,2026-02-20,22.87
QX-CHL-503,2026-02-20,,21.93
QX-DRY-504,2024-10-25,2025-07-25,1.22
QX-DRY-504,2025-07-25,2025-07-25,1.24
QX-DRY-504,2025-07-25,2026-01-26,1.26
QX-DRY-504,2026-01-26,,1.37
QX-BWS-505,2024-01-01,2026-02-12,20.33
QX-BWS-505,2026-02-12,2026-02-12,21.02
QX-BWS-505,2026-02-12,2026-02-12,22.75
QX-BWS-505,2026-02-12,2026-02-12,24.35
QX-BWS-505,2026-02-12,2026-02-12,25.21
QX-BWS-505,2026-02-12,,24.12
QX-DRY-506,2024-07-13,2026-01-12,4.57
QX-DRY-506,2026-01-12,2026-01-12,4.69
QX-DRY-506,2026-01-12,2026-01-12,4.76
QX-DRY-506,2026-01-12,2026-01-12,4.97
QX-DRY-506,2026-01-12,2026-03-26,5.39
QX-DRY-506,2026-03-26,,5.53
QX-PET-507,2024-12-03,2026-02-23,9.64
QX-PET-507,2026-02-23,2026-02-27,9.95
QX-PET-507,2026-02-27,,10.26
QX-HHD-508,2024-03-01,2025-11-12,0.88
QX-HHD-508,2025-11-12,,0.98
QX-DRY-509,2025-03-05,2025-11-21,3.36
QX-DRY-509,2025-11-21,2025-11-21,3.62
QX-DRY-509,2025-11-21,2025-11-21,3.92
QX-DRY-509,2025-11-21,2025-11-28,4.25
QX-DRY-509,2025-11-28,2025-11-28,4.47
QX-DRY-509,2025-11-28,,4.05
QX-PET-510,2024-05-27,2026-01-22,2.31
QX-PET-510,2026-01-22,2026-03-06,2.39
QX-PET-510,2026-03-06,2026-03-11,2.59
QX-PET-510,2026-03-11,2026-03-11,2.73
QX-PET-510,2026-03-11,2026-03-11,2.95
QX-PET-510,2026-03-11,,2.76
QX-HHD-511,2024-03-09,2026-03-13,10.07
QX-HHD-511,2026-03-13,2026-03-13,10.68
QX-HHD-511,2026-03-13,,11.91
QX-BAK-512,2025-02-18,2025-11-16,2.30
QX-BAK-512,2025-11-16,2025-11-16,2.39
QX-BAK-512,2025-11-16,2025-11-16,2.54
QX-BAK-512,2025-11-16,,2.63
QX-DRK-513,2024-02-20,2025-08-28,2.45
QX-DRK-513,2025-08-28,2025-11-24,2.65
QX-DRK-513,2025-11-24,2026-01-10,2.79
QX-DRK-513,2026-01-10,2026-03-12,2.85
QX-DRK-513,2026-03-12,,2.91
QX-CER-514,2024-07-20,2025-11-10,2.91
QX-CER-514,2025-11-10,2026-01-30,3.15
QX-CER-514,2026-01-30,,3.09
QX-PET-515,2023-11-08,2025-07-01,1.21
QX-PET-515,2025-07-01,2026-03-13,1.27
QX-PET-515,2026-03-13,,1.38
QX-HHD-516,2024-04-13,2025-09-13,4.98
QX-HHD-516,2025-09-13,2025-11-09,5.05
QX-HHD-516,2025-11-09,2025-11-09,5.26
QX-HHD-516,2025-11-09,,5.24
QX-BAK-517,2024-04-11,2025-10-14,2.52
QX-BAK-517,2025-10-14,2025-10-14,2.70
QX-BAK-517,2025-10-14,2025-10-14,2.77
QX-BAK-517,2025-10-14,2026-02-13,2.93
QX-BAK-517,2026-02-13,2026-02-13,3.16
QX-BAK-517,2026-02-13,,2.68
QX-CER-518,2023-10-24,2025-10-19,3.11
QX-CER-518,2025-10-19,2025-10-19,3.19
QX-CER-518,2025-10-19,2026-01-07,3.35
QX-CER-518,2026-01-07,2026-01-07,3.64
QX-CER-518,2026-01-07,2026-01-07,3.87
QX-CER-518,2026-01-07,2026-01-07,4.19
QX-CER-518,2026-01-07,,3.26
QX-BAK-519,2024-05-15,2025-07-05,3.52
QX-BAK-519,2025-07-05,2025-12-25,3.78
QX-BAK-519,2025-12-25,2025-12-25,3.92
QX-BAK-519,2025-12-25,,4.25
QX-CER-520,2025-02-14,2025-07-05,1.68
QX-CER-520,2025-07-05,2026-03-10,1.72
QX-CER-520,2026-03-10,2026-03-10,1.82
QX-CER-520,2026-03-10,2026-03-10,1.87
QX-CER-520,2026-03-10,2026-03-10,2.03
QX-CER-520,2026-03-10,,1.83
QX-DRK-521,2024-06-11,2025-09-01,5.54
QX-DRK-521,2025-09-01,2025-12-30,5.78
QX-DRK-521,2025-12-30,2026-02-11,6.18
QX-DRK-521,2026-02-11,2026-02-11,6.33
QX-DRK-521,2026-02-11,2026-02-11,6.57
QX-DRK-521,2026-02-11,,5.99
QX-CER-522,2024-10-16,2025-10-21,1.15
QX-CER-522,2025-10-21,2025-10-21,1.17
QX-CER-522,2025-10-21,2025-10-21,1.21
QX-CER-522,2025-10-21,2025-12-28,1.26
QX-CER-522,2025-12-28,,1.24
QX-FRZ-523,2024-10-24,2026-01-08,6.99
QX-FRZ-523,2026-01-08,2026-01-08,7.39
QX-FRZ-523,2026-01-08,,8.45
QX-DRY-524,2024-05-16,2025-08-08,1.01
QX-DRY-524,2025-08-08,2026-03-05,1.10
QX-DRY-524,2026-03-05,2026-03-05,1.11
QX-DRY-524,2026-03-05,2026-03-05,1.21
QX-DRY-524,2026-03-05,,1.20
QX-TIN-525,2023-11-18,2026-03-28,1.63
QX-TIN-525,2026-03-28,2026-03-28,1.72
QX-TIN-525,2026-03-28,2026-03-28,1.85
QX-TIN-525,2026-03-28,2026-03-28,1.98
QX-TIN-525,2026-03-28,2026-03-28,2.05
QX-TIN-525,2026-03-28,,1.82
QX-DRY-526,2024-08-26,2026-03-18,1.05
QX-DRY-526,2026-03-18,2026-03-18,1.10
QX-DRY-526,2026-03-18,2026-03-18,1.14
QX-DRY-526,2026-03-18,2026-03-18,1.21
QX-DRY-526,2026-03-18,2026-03-18,1.24
QX-DRY-526,2026-03-18,,1.16
QX-PRO-527,2024-05-14,2025-12-22,1.18
QX-PRO-527,2025-12-22,,1.37
QX-PRO-528,2025-02-09,2026-02-18,3.27
QX-PRO-528,2026-02-18,2026-02-18,3.42
QX-PRO-528,2026-02-18,2026-02-18,3.54
QX-PRO-528,2026-02-18,,3.97
QX-PET-529,2023-12-03,2025-10-07,2.93
QX-PET-529,2025-10-07,,3.27
QX-FRZ-530,2025-03-08,2026-01-15,1.29
QX-FRZ-530,2026-01-15,2026-01-15,1.37
QX-FRZ-530,2026-01-15,2026-01-15,1.48
QX-FRZ-530,2026-01-15,2026-01-15,1.57
QX-FRZ-530,2026-01-15,,1.57
QX-PRO-531,2024-01-23,2025-11-19,2.60
QX-PRO-531,2025-11-19,2026-01-17,2.67
QX-PRO-531,2026-01-17,2026-01-17,2.73
QX-PRO-531,2026-01-17,2026-03-15,2.92
QX-PRO-531,2026-03-15,2026-03-15,2.96
QX-PRO-531,2026-03-15,2026-03-15,3.02
QX-PRO-531,2026-03-15,,2.75
QX-PET-532,2024-09-27,2025-08-30,4.44
QX-PET-532,2025-08-30,2025-11-01,4.74
QX-PET-532,2025-11-01,2026-02-02,4.98
QX-PET-532,2026-02-02,2026-03-10,5.33
QX-PET-532,2026-03-10,2026-03-10,5.46
QX-PET-532,2026-03-10,,4.83
QX-CHL-533,2024-04-27,2025-11-07,2.23
QX-CHL-533,2025-11-07,2025-12-26,2.39
QX-CHL-533,2025-12-26,2026-03-08,2.50
QX-CHL-533,2026-03-08,2026-03-08,2.68
QX-CHL-533,2026-03-08,2026-03-08,2.83
QX-CHL-533,2026-03-08,2026-03-08,2.93
QX-CHL-533,2026-03-08,,2.56
QX-BWS-534,2024-04-12,2025-08-15,32.07
QX-BWS-534,2025-08-15,2026-02-22,34.53
QX-BWS-534,2026-02-22,2026-02-22,35.86
QX-BWS-534,2026-02-22,,36.01
QX-DRY-535,2024-07-03,2025-09-30,3.86
QX-DRY-535,2025-09-30,2025-09-30,4.03
QX-DRY-535,2025-09-30,2025-09-30,4.08
QX-DRY-535,2025-09-30,2026-01-03,4.20
QX-DRY-535,2026-01-03,2026-01-03,4.48
QX-DRY-535,2026-01-03,,4.09
QX-DRY-536,2024-04-05,2026-02-28,2.57
QX-DRY-536,2026-02-28,2026-02-28,2.63
QX-DRY-536,2026-02-28,2026-02-28,2.68
QX-DRY-536,2026-02-28,2026-02-28,2.79
QX-DRY-536,2026-02-28,,3.03
QX-DRK-537,2024-10-13,2025-06-29,5.73
QX-DRK-537,2025-06-29,2025-10-13,5.93
QX-DRK-537,2025-10-13,2026-01-07,6.03
QX-DRK-537,2026-01-07,2026-02-14,6.31
QX-DRK-537,2026-02-14,2026-02-14,6.53
QX-DRK-537,2026-02-14,,6.15
QX-TIN-538,2023-11-01,2026-03-29,1.71
QX-TIN-538,2026-03-29,2026-03-29,1.81
QX-TIN-538,2026-03-29,2026-03-29,1.95
QX-TIN-538,2026-03-29,2026-03-29,2.08
QX-TIN-538,2026-03-29,2026-03-29,2.11
QX-TIN-538,2026-03-29,,1.90
QX-PRO-539,2024-11-22,2026-01-07,4.11
QX-PRO-539,2026-01-07,2026-01-07,4.44
QX-PRO-539,2026-01-07,,4.84
QX-PET-540,2024-12-21,2025-08-14,8.44
QX-PET-540,2025-08-14,2026-01-20,8.81
QX-PET-540,2026-01-20,2026-01-20,9.02
QX-PET-540,2026-01-20,2026-01-20,9.61
QX-PET-540,2026-01-20,2026-03-28,10.40
QX-PET-540,2026-03-28,2026-03-28,11.00
QX-PET-540,2026-03-28,,9.96
QX-DRY-541,2024-09-13,2025-12-18,3.08
QX-DRY-541,2025-12-18,2026-03-15,3.34
QX-DRY-541,2026-03-15,2026-03-15,3.57
QX-DRY-541,2026-03-15,,3.54
QX-TIN-542,2024-11-07,2026-02-07,2.05
QX-TIN-542,2026-02-07,2026-02-17,2.13
QX-TIN-542,2026-02-17,2026-02-17,2.15
QX-TIN-542,2026-02-17,2026-02-17,2.24
QX-TIN-542,2026-02-17,2026-02-17,2.37
QX-TIN-542,2026-02-17,,2.44
QX-BWS-543,2025-03-20,2026-02-14,10.46
QX-BWS-543,2026-02-14,2026-02-14,11.33
QX-BWS-543,2026-02-14,2026-02-14,12.35
QX-BWS-543,2026-02-14,,11.60
QX-DRK-544,2023-11-21,2026-03-24,2.84
QX-DRK-544,2026-03-24,,3.04
QX-FRZ-545,2024-01-13,2026-01-12,1.20
QX-FRZ-545,2026-01-12,2026-01-23,1.27
QX-FRZ-545,2026-01-23,2026-01-23,1.31
QX-FRZ-545,2026-01-23,2026-01-23,1.42
QX-FRZ-545,2026-01-23,,1.27
QX-BAK-546,2024-05-01,2025-11-23,3.43
QX-BAK-546,2025-11-23,2026-02-06,3.52
QX-BAK-546,2026-02-06,2026-03-31,3.82
QX-BAK-546,2026-03-31,2026-03-31,4.08
QX-BAK-546,2026-03-31,2026-03-31,4.43
QX-BAK-546,2026-03-31,,4.17
QX-DRK-547,2024-11-07,2025-07-26,5.40
QX-DRK-547,2025-07-26,2025-08-01,5.63
QX-DRK-547,2025-08-01,,6.32
QX-HBC-548,2025-06-01,2025-11-30,9.66
QX-HBC-548,2025-11-30,2025-11-30,10.50
QX-HBC-548,2025-11-30,2025-11-30,11.24
QX-HBC-548,2025-11-30,2025-12-29,11.52
QX-HBC-548,2025-12-29,2026-02-28,11.86
QX-HBC-548,2026-02-28,2026-02-28,12.50
QX-HBC-548,2026-02-28,,10.17
QX-DRY-549,2024-05-19,2025-11-01,3.46
QX-DRY-549,2025-11-01,2025-11-01,3.77
QX-DRY-549,2025-11-01,,3.65
QX-HHD-550,2025-03-17,2026-03-09,11.03
QX-HHD-550,2026-03-09,2026-03-09,11.43
QX-HHD-550,2026-03-09,2026-03-09,11.86
QX-HHD-550,2026-03-09,2026-03-09,12.41
QX-HHD-550,2026-03-09,2026-03-09,13.36
QX-HHD-550,2026-03-09,,11.91
QX-HBC-551,2025-02-06,2025-11-21,2.67
QX-HBC-551,2025-11-21,2025-11-21,2.80
QX-HBC-551,2025-11-21,2026-01-03,2.93
QX-HBC-551,2026-01-03,2026-01-03,3.19
QX-HBC-551,2026-01-03,2026-01-03,3.28
QX-HBC-551,2026-01-03,,2.96
QX-CER-552,2024-04-09,2026-01-11,4.25
QX-CER-552,2026-01-11,2026-02-22,4.61
QX-CER-552,2026-02-22,2026-02-22,4.74
QX-CER-552,2026-02-22,2026-02-22,5.05
QX-CER-552,2026-02-22,2026-02-22,5.49
QX-CER-552,2026-02-22,,4.56
QX-BAK-553,2023-12-09,2025-08-28,3.36
QX-BAK-553,2025-08-28,2025-10-04,3.58
QX-BAK-553,2025-10-04,2025-11-04,3.67
QX-BAK-553,2025-11-04,2026-03-25,3.90
QX-BAK-553,2026-03-25,2026-03-25,4.05
QX-BAK-553,2026-03-25,,3.59
QX-FRZ-554,2025-02-17,2025-07-28,6.82
QX-FRZ-554,2025-07-28,2025-09-10,7.38
QX-FRZ-554,2025-09-10,2025-10-23,7.53
QX-FRZ-554,2025-10-23,2025-10-29,8.19
QX-FRZ-554,2025-10-29,2025-10-29,8.55
QX-FRZ-554,2025-10-29,,8.17
QX-DRK-555,2024-10-06,2025-10-25,0.70
QX-DRK-555,2025-10-25,2026-01-10,0.71
QX-DRK-555,2026-01-10,2026-01-10,0.76
QX-DRK-555,2026-01-10,2026-02-03,0.80
QX-DRK-555,2026-02-03,2026-02-03,0.83
QX-DRK-555,2026-02-03,2026-03-04,0.88
QX-DRK-555,2026-03-04,,0.78
QX-TIN-556,2023-11-26,2026-02-12,0.52
QX-TIN-556,2026-02-12,2026-02-12,0.54
QX-TIN-556,2026-02-12,2026-03-09,0.55
QX-TIN-556,2026-03-09,2026-03-09,0.57
QX-TIN-556,2026-03-09,,0.56
QX-BWS-557,2024-04-17,2025-07-27,16.38
QX-BWS-557,2025-07-27,,17.40
QX-HHD-558,2023-12-21,2026-01-13,3.58
QX-HHD-558,2026-01-13,2026-01-13,3.80
QX-HHD-558,2026-01-13,2026-01-13,4.06
QX-HHD-558,2026-01-13,2026-01-13,4.39
QX-HHD-558,2026-01-13,2026-01-13,4.67
QX-HHD-558,2026-01-13,,4.26
QX-BAK-559,2024-08-10,2026-03-17,5.01
QX-BAK-559,2026-03-17,2026-03-17,5.44
QX-BAK-559,2026-03-17,,5.84
QX-TIN-560,2024-02-16,2026-03-01,1.85
QX-TIN-560,2026-03-01,,2.14
QX-CHL-561,2023-12-09,2025-09-17,4.72
QX-CHL-561,2025-09-17,2026-02-17,5.10
QX-CHL-561,2026-02-17,2026-02-17,5.17
QX-CHL-561,2026-02-17,2026-02-17,5.53
QX-CHL-561,2026-02-17,,5.60
QX-CHL-562,2024-05-31,2026-03-24,14.11
QX-CHL-562,2026-03-24,2026-03-24,15.09
QX-CHL-562,2026-03-24,2026-03-24,15.90
QX-CHL-562,2026-03-24,2026-03-24,17.22
QX-CHL-562,2026-03-24,,16.03
QX-FRZ-563,2024-06-02,2025-07-10,4.31
QX-FRZ-563,2025-07-10,2025-12-15,4.64
QX-FRZ-563,2025-12-15,2026-01-19,4.96
QX-FRZ-563,2026-01-19,,5.14
QX-HBC-564,2024-05-12,2025-11-25,4.83
QX-HBC-564,2025-11-25,2025-11-25,4.94
QX-HBC-564,2025-11-25,,5.27
QX-TIN-565,2024-04-13,2025-09-06,1.85
QX-TIN-565,2025-09-06,2025-09-06,1.94
QX-TIN-565,2025-09-06,2026-01-17,1.98
QX-TIN-565,2026-01-17,2026-03-07,2.02
QX-TIN-565,2026-03-07,,1.95
QX-PET-566,2024-06-06,2025-11-16,3.35
QX-PET-566,2025-11-16,2026-02-23,3.46
QX-PET-566,2026-02-23,2026-03-28,3.52
QX-PET-566,2026-03-28,,3.63
QX-DRK-567,2024-06-12,2026-01-11,2.16
QX-DRK-567,2026-01-11,2026-01-11,2.32
QX-DRK-567,2026-01-11,2026-01-11,2.39
QX-DRK-567,2026-01-11,,2.47
QX-FRZ-568,2023-11-05,2025-09-23,6.32
QX-FRZ-568,2025-09-23,2025-11-13,6.72
QX-FRZ-568,2025-11-13,2025-11-13,7.26
QX-FRZ-568,2025-11-13,2026-02-27,7.75
QX-FRZ-568,2026-02-27,,6.80
QX-FRZ-569,2024-11-26,2025-11-09,1.84
QX-FRZ-569,2025-11-09,2026-01-17,1.86
QX-FRZ-569,2026-01-17,2026-03-01,1.96
QX-FRZ-569,2026-03-01,2026-03-22,2.08
QX-FRZ-569,2026-03-22,2026-03-22,2.24
QX-FRZ-569,2026-03-22,2026-03-22,2.44
QX-FRZ-569,2026-03-22,,1.99
QX-DRK-570,2024-05-04,2025-07-29,0.58
QX-DRK-570,2025-07-29,,0.69
QX-FRZ-571,2024-05-18,2026-01-15,3.65
QX-FRZ-571,2026-01-15,2026-01-15,3.79
QX-FRZ-571,2026-01-15,2026-01-15,3.92
QX-FRZ-571,2026-01-15,2026-01-15,3.99
QX-FRZ-571,2026-01-15,2026-01-15,4.12
QX-FRZ-571,2026-01-15,2026-01-15,4.30
QX-FRZ-571,2026-01-15,,4.14
QX-DRY-572,2025-05-07,2025-09-10,1.46
QX-DRY-572,2025-09-10,2026-03-20,1.56
QX-DRY-572,2026-03-20,2026-03-20,1.67
QX-DRY-572,2026-03-20,,1.58
QX-TIN-573,2024-08-22,2025-11-05,1.56
QX-TIN-573,2025-11-05,2026-03-09,1.68
QX-TIN-573,2026-03-09,2026-03-09,1.74
QX-TIN-573,2026-03-09,,1.65
QX-BAK-574,2024-07-28,2025-07-18,4.50
QX-BAK-574,2025-07-18,2025-07-30,4.72
QX-BAK-574,2025-07-30,2025-07-30,4.90
QX-BAK-574,2025-07-30,2025-12-12,5.01
QX-BAK-574,2025-12-12,,5.17
QX-HBC-575,2024-12-29,2025-08-03,2.50
QX-HBC-575,2025-08-03,2026-01-18,2.71
QX-HBC-575,2026-01-18,2026-01-18,2.93
QX-HBC-575,2026-01-18,,2.97
QX-HHD-576,2023-11-05,2026-03-16,7.05
QX-HHD-576,2026-03-16,2026-03-16,7.68
QX-HHD-576,2026-03-16,2026-03-25,8.20
QX-HHD-576,2026-03-25,,7.54
QX-CER-577,2024-06-03,2025-10-31,2.47
QX-CER-577,2025-10-31,2026-03-02,2.62
QX-CER-577,2026-03-02,2026-03-02,2.76
QX-CER-577,2026-03-02,2026-03-02,2.90
QX-CER-577,2026-03-02,,2.77
QX-DRY-578,2024-09-21,2026-02-14,2.63
QX-DRY-578,2026-02-14,,3.10
QX-PET-579,2024-02-27,2025-11-12,2.03
QX-PET-579,2025-11-12,2025-11-12,2.18
QX-PET-579,2025-11-12,2025-11-12,2.36
QX-PET-579,2025-11-12,,2.18
QX-FRZ-580,2025-02-12,2025-08-10,1.28
QX-FRZ-580,2025-08-10,2025-10-08,1.36
QX-FRZ-580,2025-10-08,2026-03-19,1.41
QX-FRZ-580,2026-03-19,2026-03-19,1.52
QX-FRZ-580,2026-03-19,2026-03-19,1.55
QX-FRZ-580,2026-03-19,,1.43
QX-DRY-581,2025-02-11,2025-07-15,1.39
QX-DRY-581,2025-07-15,2026-02-27,1.42
QX-DRY-581,2026-02-27,2026-02-27,1.52
QX-DRY-581,2026-02-27,2026-03-22,1.59
QX-DRY-581,2026-03-22,2026-03-22,1.66
QX-DRY-581,2026-03-22,,1.52
QX-PET-582,2025-03-29,2025-07-11,5.90
QX-PET-582,2025-07-11,2025-07-11,6.30
QX-PET-582,2025-07-11,,6.41
QX-HBC-583,2024-11-05,2026-02-11,3.28
QX-HBC-583,2026-02-11,2026-02-11,3.53
QX-HBC-583,2026-02-11,2026-02-11,3.60
QX-HBC-583,2026-02-11,2026-02-11,3.72
QX-HBC-583,2026-02-11,2026-02-11,3.83
QX-HBC-583,2026-02-11,,3.78
QX-DRY-584,2025-02-06,2025-08-12,1.14
QX-DRY-584,2025-08-12,2026-01-14,1.24
QX-DRY-584,2026-01-14,,1.31
QX-HBC-585,2025-02-16,2025-09-22,5.92
QX-HBC-585,2025-09-22,2025-09-22,6.20
QX-HBC-585,2025-09-22,2026-02-02,6.58
QX-HBC-585,2026-02-02,2026-02-02,7.12
QX-HBC-585,2026-02-02,,6.26
QX-CHL-586,2024-09-30,2025-12-06,18.39
QX-CHL-586,2025-12-06,,21.52
QX-TIN-587,2024-02-28,2025-12-05,2.31
QX-TIN-587,2025-12-05,2025-12-05,2.38
QX-TIN-587,2025-12-05,2026-02-25,2.44
QX-TIN-587,2026-02-25,2026-02-25,2.48
QX-TIN-587,2026-02-25,,2.46
QX-HHD-588,2024-10-10,2025-10-02,3.39
QX-HHD-588,2025-10-02,2025-12-27,3.60
QX-HHD-588,2025-12-27,2025-12-27,3.71
QX-HHD-588,2025-12-27,2025-12-27,3.90
QX-HHD-588,2025-12-27,2025-12-27,4.17
QX-HHD-588,2025-12-27,2025-12-27,4.48
QX-HHD-588,2025-12-27,,3.95
QX-BAK-589,2025-03-21,2025-12-14,3.06
QX-BAK-589,2025-12-14,,3.42
QX-DRK-590,2025-04-03,2025-08-29,0.98
QX-DRK-590,2025-08-29,2025-10-06,1.01
QX-DRK-590,2025-10-06,2025-10-06,1.06
QX-DRK-590,2025-10-06,2026-03-02,1.10
QX-DRK-590,2026-03-02,2026-03-02,1.11
QX-DRK-590,2026-03-02,,1.19
QX-BWS-591,2025-05-15,2026-02-24,10.73
QX-BWS-591,2026-02-24,2026-02-24,11.07
QX-BWS-591,2026-02-24,2026-02-24,11.44
QX-BWS-591,2026-02-24,2026-02-24,12.42
QX-BWS-591,2026-02-24,,11.25
QX-BAK-592,2024-02-20,2026-02-06,1.81
QX-BAK-592,2026-02-06,2026-03-06,1.94
QX-BAK-592,2026-03-06,2026-03-06,1.96
QX-BAK-592,2026-03-06,2026-03-06,2.00
QX-BAK-592,2026-03-06,2026-03-06,2.18
QX-BAK-592,2026-03-06,,2.10
QX-FRZ-593,2025-05-17,2025-10-23,6.73
QX-FRZ-593,2025-10-23,2025-10-23,6.92
QX-FRZ-593,2025-10-23,,7.15
QX-BAK-594,2024-11-18,2026-02-20,1.26
QX-BAK-594,2026-02-20,2026-02-20,1.37
QX-BAK-594,2026-02-20,2026-02-20,1.45
QX-BAK-594,2026-02-20,2026-02-20,1.57
QX-BAK-594,2026-02-20,,1.35
QX-CHL-595,2024-09-15,2025-11-27,6.83
QX-CHL-595,2025-11-27,,7.78
QX-BWS-596,2024-09-17,2025-08-07,10.45
QX-BWS-596,2025-08-07,2025-08-15,11.05
QX-BWS-596,2025-08-15,,11.44
QX-BAK-597,2023-11-01,2025-07-02,2.76
QX-BAK-597,2025-07-02,2025-10-15,2.83
QX-BAK-597,2025-10-15,2025-11-24,2.98
QX-BAK-597,2025-11-24,2026-03-16,3.23
QX-BAK-597,2026-03-16,2026-03-16,3.31
QX-BAK-597,2026-03-16,2026-03-16,3.55
QX-BAK-597,2026-03-16,,2.99
QX-FRZ-598,2024-09-21,2026-03-16,3.98
QX-FRZ-598,2026-03-16,2026-03-16,4.19
QX-FRZ-598,2026-03-16,2026-03-16,4.36
QX-FRZ-598,2026-03-16,2026-03-16,4.68
QX-FRZ-598,2026-03-16,,4.41
QX-CHL-599,2025-02-20,2025-09-07,6.90
QX-CHL-599,2025-09-07,2025-09-11,7.31
QX-CHL-599,2025-09-11,,7.22
QX-DRY-600,2025-03-20,2025-11-22,2.38
QX-DRY-600,2025-11-22,2025-11-22,2.59
QX-DRY-600,2025-11-22,2025-11-22,2.63
QX-DRY-600,2025-11-22,2025-11-22,2.85
QX-DRY-600,2025-11-22,2025-11-22,3.04
QX-DRY-600,2025-11-22,2026-03-20,3.26
QX-DRY-600,2026-03-20,,2.71
QX-HHD-601,2024-05-02,2026-03-02,2.88
QX-HHD-601,2026-03-02,,3.32
QX-DRY-602,2025-01-24,2026-03-26,2.86
QX-DRY-602,2026-03-26,2026-03-26,2.93
QX-DRY-602,2026-03-26,2026-03-26,3.15
QX-DRY-602,2026-03-26,2026-03-26,3.34
QX-DRY-602,2026-03-26,2026-03-26,3.52
QX-DRY-602,2026-03-26,,3.31
QX-DRY-603,2024-06-01,2025-09-02,4.33
QX-DRY-603,2025-09-02,2026-03-06,4.51
QX-DRY-603,2026-03-06,2026-03-06,4.68
QX-DRY-603,2026-03-06,,4.72
QX-HHD-604,2024-06-29,2025-07-16,3.74
QX-HHD-604,2025-07-16,2025-11-03,3.82
QX-HHD-604,2025-11-03,2025-11-03,4.09
QX-HHD-604,2025-11-03,,4.14
QX-PET-605,2024-07-16,2025-07-19,8.54
QX-PET-605,2025-07-19,2026-02-21,9.01
QX-PET-605,2026-02-21,2026-02-21,9.60
QX-PET-605,2026-02-21,2026-02-21,10.32
QX-PET-605,2026-02-21,2026-02-21,10.44
QX-PET-605,2026-02-21,,10.10
QX-BAK-606,2024-02-11,2026-02-05,2.49
QX-BAK-606,2026-02-05,2026-02-05,2.70
QX-BAK-606,2026-02-05,2026-02-05,2.85
QX-BAK-606,2026-02-05,2026-02-05,3.08
QX-BAK-606,2026-02-05,,2.80
QX-HHD-607,2024-09-04,2026-02-21,10.80
QX-HHD-607,2026-02-21,2026-02-21,11.55
QX-HHD-607,2026-02-21,,11.60
QX-HBC-608,2025-03-09,2025-12-23,1.85
QX-HBC-608,2025-12-23,,2.06
QX-DRK-609,2025-04-17,2025-11-22,4.30
QX-DRK-609,2025-11-22,2026-03-08,4.65
QX-DRK-609,2026-03-08,2026-03-08,4.82
QX-DRK-609,2026-03-08,2026-03-08,5.24
QX-DRK-609,2026-03-08,2026-03-08,5.55
QX-DRK-609,2026-03-08,,4.54
QX-DRY-610,2025-06-03,2025-11-24,3.06
QX-DRY-610,2025-11-24,2026-01-07,3.23
QX-DRY-610,2026-01-07,,3.32
QX-CER-611,2024-09-06,2025-07-05,2.46
QX-CER-611,2025-07-05,2026-01-24,2.64
QX-CER-611,2026-01-24,2026-01-24,2.75
QX-CER-611,2026-01-24,,2.61
QX-HHD-612,2025-03-23,2026-01-12,8.29
QX-HHD-612,2026-01-12,2026-01-12,8.98
QX-HHD-612,2026-01-12,2026-01-12,9.45
QX-HHD-612,2026-01-12,,9.31
QX-HHD-613,2025-02-24,2025-11-04,6.79
QX-HHD-613,2025-11-04,,7.21
QX-BWS-614,2024-11-15,2026-02-27,21.78
QX-BWS-614,2026-02-27,2026-02-27,22.35
QX-BWS-614,2026-02-27,2026-02-27,24.28
QX-BWS-614,2026-02-27,,23.00
QX-BAK-615,2024-07-31,2026-01-19,1.90
QX-BAK-615,2026-01-19,2026-01-19,2.03
QX-BAK-615,2026-01-19,,2.12
QX-DRK-616,2024-10-23,2025-12-19,4.86
QX-DRK-616,2025-12-19,2025-12-30,5.15
QX-DRK-616,2025-12-30,2026-03-05,5.21
QX-DRK-616,2026-03-05,2026-03-05,5.33
QX-DRK-616,2026-03-05,2026-03-05,5.41
QX-DRK-616,2026-03-05,2026-03-05,5.47
QX-DRK-616,2026-03-05,,5.86
QX-DRY-617,2024-04-05,2026-01-22,2.58
QX-DRY-617,2026-01-22,2026-01-22,2.80
QX-DRY-617,2026-01-22,,3.05
QX-HHD-618,2024-09-09,2025-11-27,2.19
QX-HHD-618,2025-11-27,2025-12-10,2.25
QX-HHD-618,2025-12-10,2026-02-17,2.35
QX-HHD-618,2026-02-17,2026-02-17,2.49
QX-HHD-618,2026-02-17,2026-02-17,2.66
QX-HHD-618,2026-02-17,2026-03-27,2.77
QX-HHD-618,2026-03-27,,2.32
QX-PRO-619,2024-09-22,2025-11-18,3.85
QX-PRO-619,2025-11-18,2026-01-04,4.13
QX-PRO-619,2026-01-04,2026-02-17,4.33
QX-PRO-619,2026-02-17,2026-02-17,4.48
QX-PRO-619,2026-02-17,,4.07
QX-HBC-620,2023-12-05,2025-11-09,2.64
QX-HBC-620,2025-11-09,2026-02-14,2.78
QX-HBC-620,2026-02-14,2026-03-14,2.94
QX-HBC-620,2026-03-14,2026-03-14,3.10
QX-HBC-620,2026-03-14,2026-03-14,3.21
QX-HBC-620,2026-03-14,2026-03-14,3.38
QX-HBC-620,2026-03-14,,2.89
QX-BWS-621,2024-03-11,2026-02-22,20.52
QX-BWS-621,2026-02-22,2026-02-22,21.57
QX-BWS-621,2026-02-22,2026-02-22,23.10
QX-BWS-621,2026-02-22,2026-03-12,24.84
QX-BWS-621,2026-03-12,2026-03-12,25.90
QX-BWS-621,2026-03-12,,24.27
QX-PET-622,2024-07-31,2026-03-18,7.47
QX-PET-622,2026-03-18,2026-03-18,7.89
QX-PET-622,2026-03-18,,8.09
QX-PET-623,2024-04-08,2026-01-20,8.61
QX-PET-623,2026-01-20,2026-01-20,9.21
QX-PET-623,2026-01-20,2026-01-20,9.87
QX-PET-623,2026-01-20,,9.72
QX-CHL-624,2024-12-05,2025-09-18,2.27
QX-CHL-624,2025-09-18,2025-10-19,2.47
QX-CHL-624,2025-10-19,2026-03-06,2.55
QX-CHL-624,2026-03-06,2026-03-06,2.78
QX-CHL-624,2026-03-06,2026-03-08,2.96
QX-CHL-624,2026-03-08,2026-03-08,3.19
QX-CHL-624,2026-03-08,,2.50
QX-HBC-625,2024-09-01,2025-11-13,11.50
QX-HBC-625,2025-11-13,2026-02-03,11.62
QX-HBC-625,2026-02-03,2026-02-03,12.05
QX-HBC-625,2026-02-03,2026-02-03,12.88
QX-HBC-625,2026-02-03,2026-02-03,13.80
QX-HBC-625,2026-02-03,,12.82
QX-BWS-626,2024-01-28,2025-09-07,16.96
QX-BWS-626,2025-09-07,2025-09-07,17.56
QX-BWS-626,2025-09-07,2025-09-07,18.70
QX-BWS-626,2025-09-07,,20.32
QX-BWS-627,2024-01-29,2025-12-04,31.26
QX-BWS-627,2025-12-04,2026-01-31,32.10
QX-BWS-627,2026-01-31,2026-01-31,33.44
QX-BWS-627,2026-01-31,,32.71
QX-CER-628,2024-11-04,2025-12-01,3.18
QX-CER-628,2025-12-01,2025-12-01,3.34
QX-CER-628,2025-12-01,2026-03-25,3.48
QX-CER-628,2026-03-25,,3.36
QX-FRZ-629,2025-04-05,2025-09-16,5.81
QX-FRZ-629,2025-09-16,2026-01-06,5.90
QX-FRZ-629,2026-01-06,2026-01-06,6.42
QX-FRZ-629,2026-01-06,,7.04
QX-BAK-630,2024-11-16,2025-09-06,2.03
QX-BAK-630,2025-09-06,2025-09-06,2.14
QX-BAK-630,2025-09-06,2025-11-17,2.22
QX-BAK-630,2025-11-17,,2.40
QX-TIN-631,2024-08-29,2025-07-09,2.54
QX-TIN-631,2025-07-09,2026-03-15,2.60
QX-TIN-631,2026-03-15,2026-03-15,2.68
QX-TIN-631,2026-03-15,2026-03-15,2.74
QX-TIN-631,2026-03-15,2026-03-15,2.94
QX-TIN-631,2026-03-15,2026-03-15,3.13
QX-TIN-631,2026-03-15,,2.68
QX-PRO-632,2025-02-21,2025-07-12,3.18
QX-PRO-632,2025-07-12,2025-12-01,3.21
QX-PRO-632,2025-12-01,2025-12-01,3.39
QX-PRO-632,2025-12-01,,3.56
QX-FRZ-633,2025-03-21,2026-02-11,1.28
QX-FRZ-633,2026-02-11,2026-02-11,1.39
QX-FRZ-633,2026-02-11,2026-02-11,1.50
QX-FRZ-633,2026-02-11,2026-02-11,1.63
QX-FRZ-633,2026-02-11,2026-02-11,1.72
QX-FRZ-633,2026-02-11,,1.51
QX-DRK-634,2024-12-12,2025-11-09,1.97
QX-DRK-634,2025-11-09,2025-11-17,2.10
QX-DRK-634,2025-11-17,,2.08
QX-TIN-635,2024-03-29,2025-10-26,0.78
QX-TIN-635,2025-10-26,,0.89
QX-DRY-636,2024-10-28,2025-10-27,3.47
QX-DRY-636,2025-10-27,2025-10-27,3.56
QX-DRY-636,2025-10-27,2026-03-17,3.63
QX-DRY-636,2026-03-17,2026-03-17,3.67
QX-DRY-636,2026-03-17,2026-03-17,3.76
QX-DRY-636,2026-03-17,,3.78
QX-BAK-637,2025-01-12,2025-10-25,0.96
QX-BAK-637,2025-10-25,2026-01-14,1.04
QX-BAK-637,2026-01-14,2026-01-14,1.13
QX-BAK-637,2026-01-14,2026-02-12,1.16
QX-BAK-637,2026-02-12,,1.02
QX-CHL-638,2024-12-23,2026-02-04,3.21
QX-CHL-638,2026-02-04,2026-02-04,3.48
QX-CHL-638,2026-02-04,2026-02-04,3.69
QX-CHL-638,2026-02-04,,3.38
QX-BWS-639,2025-02-21,2025-06-30,4.21
QX-BWS-639,2025-06-30,2026-01-28,4.27
QX-BWS-639,2026-01-28,2026-03-04,4.49
QX-BWS-639,2026-03-04,2026-03-04,4.72
QX-BWS-639,2026-03-04,2026-03-04,4.85
QX-BWS-639,2026-03-04,2026-03-04,5.02
QX-BWS-639,2026-03-04,,5.05
QX-FRZ-640,2024-03-31,2025-11-12,3.60
QX-FRZ-640,2025-11-12,2026-01-27,3.69
QX-FRZ-640,2026-01-27,,3.75
QX-BWS-641,2025-02-21,2025-10-17,4.10
QX-BWS-641,2025-10-17,,4.92
QX-DRY-642,2024-12-06,2025-07-08,2.62
QX-DRY-642,2025-07-08,2026-02-11,2.80
QX-DRY-642,2026-02-11,2026-02-11,3.04
QX-DRY-642,2026-02-11,2026-02-11,3.26
QX-DRY-642,2026-02-11,,2.78
QX-DRK-643,2024-02-05,2025-07-06,1.56
QX-DRK-643,2025-07-06,2025-07-06,1.59
QX-DRK-643,2025-07-06,2025-11-13,1.61
QX-DRK-643,2025-11-13,2025-12-09,1.71
QX-DRK-643,2025-12-09,,1.74
QX-PRO-644,2024-08-20,2025-10-13,2.77
QX-PRO-644,2025-10-13,2025-10-13,2.97
QX-PRO-644,2025-10-13,,3.16
QX-BAK-645,2025-02-22,2025-11-09,2.05
QX-BAK-645,2025-11-09,2026-03-12,2.10
QX-BAK-645,2026-03-12,2026-03-12,2.21
QX-BAK-645,2026-03-12,2026-03-12,2.32
QX-BAK-645,2026-03-12,2026-03-12,2.49
QX-BAK-645,2026-03-12,,2.33
QX-CER-646,2024-08-15,2025-12-09,4.22
QX-CER-646,2025-12-09,2025-12-09,4.30
QX-CER-646,2025-12-09,2025-12-09,4.39
QX-CER-646,2025-12-09,,4.76
QX-TIN-647,2025-01-21,2025-08-18,0.93
QX-TIN-647,2025-08-18,2025-12-20,0.98
QX-TIN-647,2025-12-20,2025-12-20,0.99
QX-TIN-647,2025-12-20,2026-03-21,1.03
QX-TIN-647,2026-03-21,2026-03-21,1.09
QX-TIN-647,2026-03-21,2026-03-21,1.15
QX-TIN-647,2026-03-21,,1.05
QX-PRO-648,2025-05-13,2025-08-11,3.10
QX-PRO-648,2025-08-11,2025-10-09,3.37
QX-PRO-648,2025-10-09,2025-10-09,3.44
QX-PRO-648,2025-10-09,2025-11-28,3.70
QX-PRO-648,2025-11-28,2025-11-28,3.95
QX-PRO-648,2025-11-28,,3.31
QX-TIN-649,2025-04-19,2025-11-27,2.53
QX-TIN-649,2025-11-27,2025-11-27,2.74
QX-TIN-649,2025-11-27,2026-03-10,2.86
QX-TIN-649,2026-03-10,,2.70
QX-CHL-650,2024-01-12,2026-01-13,11.25
QX-CHL-650,2026-01-13,2026-01-13,12.04
QX-CHL-650,2026-01-13,2026-01-13,12.82
QX-CHL-650,2026-01-13,2026-01-13,13.03
QX-CHL-650,2026-01-13,2026-01-13,13.93
QX-CHL-650,2026-01-13,,13.57
QX-TIN-651,2025-02-03,2026-02-11,0.68
QX-TIN-651,2026-02-11,,0.82
QX-PRO-652,2024-11-09,2025-11-29,1.63
QX-PRO-652,2025-11-29,2026-02-09,1.71
QX-PRO-652,2026-02-09,,1.81
QX-HBC-653,2025-02-04,2025-10-17,12.89
QX-HBC-653,2025-10-17,2025-12-14,13.93
QX-HBC-653,2025-12-14,2025-12-14,14.08
QX-HBC-653,2025-12-14,2026-02-22,15.09
QX-HBC-653,2026-02-22,,13.85
QX-DRY-654,2024-01-25,2025-09-20,5.89
QX-DRY-654,2025-09-20,2025-09-23,6.31
QX-DRY-654,2025-09-23,2025-09-23,6.43
QX-DRY-654,2025-09-23,2026-01-20,6.79
QX-DRY-654,2026-01-20,2026-01-20,7.16
QX-DRY-654,2026-01-20,,6.36
QX-HBC-655,2025-03-10,2026-01-11,1.93
QX-HBC-655,2026-01-11,2026-02-04,2.03
QX-HBC-655,2026-02-04,2026-02-04,2.14
QX-HBC-655,2026-02-04,,2.17
QX-TIN-656,2025-03-22,2026-02-09,1.64
QX-TIN-656,2026-02-09,2026-02-09,1.71
QX-TIN-656,2026-02-09,2026-02-09,1.77
QX-TIN-656,2026-02-09,2026-02-09,1.89
QX-TIN-656,2026-02-09,,1.98
QX-HBC-657,2024-10-11,2025-10-25,8.73
QX-HBC-657,2025-10-25,,9.99
QX-BWS-658,2024-04-08,2025-11-10,28.38
QX-BWS-658,2025-11-10,2025-11-10,29.84
QX-BWS-658,2025-11-10,2025-11-10,31.47
QX-BWS-658,2025-11-10,,32.43
QX-PRO-659,2024-03-26,2026-03-16,3.15
QX-PRO-659,2026-03-16,2026-03-16,3.42
QX-PRO-659,2026-03-16,2026-03-16,3.63
QX-PRO-659,2026-03-16,,3.48
QX-PRO-660,2023-12-13,2025-12-16,1.14
QX-PRO-660,2025-12-16,2026-03-08,1.21
QX-PRO-660,2026-03-08,2026-03-08,1.24
QX-PRO-660,2026-03-08,2026-03-25,1.26
QX-PRO-660,2026-03-25,2026-03-25,1.32
QX-PRO-660,2026-03-25,,1.35
QX-BWS-661,2024-04-17,2026-03-05,5.68
QX-BWS-661,2026-03-05,2026-03-05,6.16
QX-BWS-661,2026-03-05,2026-03-31,6.39
QX-BWS-661,2026-03-31,2026-03-31,6.83
QX-BWS-661,2026-03-31,2026-03-31,6.91
QX-BWS-661,2026-03-31,,6.64
QX-FRZ-662,2025-02-11,2025-10-30,6.06
QX-FRZ-662,2025-10-30,2026-02-03,6.29
QX-FRZ-662,2026-02-03,2026-02-03,6.81
QX-FRZ-662,2026-02-03,2026-02-03,7.32
QX-FRZ-662,2026-02-03,,7.33
QX-HHD-663,2025-04-19,2026-02-16,0.94
QX-HHD-663,2026-02-16,2026-02-16,1.02
QX-HHD-663,2026-02-16,,1.12
QX-PET-664,2024-11-18,2025-08-14,9.17
QX-PET-664,2025-08-14,2025-09-24,9.93
QX-PET-664,2025-09-24,2025-09-24,10.52
QX-PET-664,2025-09-24,,9.64
QX-FRZ-665,2025-03-30,2025-08-25,2.23
QX-FRZ-665,2025-08-25,2025-08-25,2.41
QX-FRZ-665,2025-08-25,2026-01-28,2.59
QX-FRZ-665,2026-01-28,2026-03-13,2.64
QX-FRZ-665,2026-03-13,2026-03-13,2.73
QX-FRZ-665,2026-03-13,,2.41
QX-BAK-666,2024-05-20,2025-08-31,1.95
QX-BAK-666,2025-08-31,2025-08-31,2.08
QX-BAK-666,2025-08-31,2026-02-20,2.18
QX-BAK-666,2026-02-20,2026-02-20,2.31
QX-BAK-666,2026-02-20,2026-02-20,2.47
QX-BAK-666,2026-02-20,,2.20
QX-HHD-667,2024-04-23,2026-03-12,6.87
QX-HHD-667,2026-03-12,2026-03-12,6.97
QX-HHD-667,2026-03-12,2026-03-12,7.56
QX-HHD-667,2026-03-12,2026-03-12,8.22
QX-HHD-667,2026-03-12,2026-03-12,8.65
QX-HHD-667,2026-03-12,,7.99
QX-PET-668,2024-08-02,2025-07-10,3.14
QX-PET-668,2025-07-10,,3.32
QX-CHL-669,2023-12-02,2025-07-22,12.34
QX-CHL-669,2025-07-22,,14.30
QX-HHD-670,2024-04-18,2026-01-14,4.57
QX-HHD-670,2026-01-14,2026-01-14,4.75
QX-HHD-670,2026-01-14,2026-01-14,5.17
QX-HHD-670,2026-01-14,2026-01-14,5.57
QX-HHD-670,2026-01-14,2026-01-14,5.94
QX-HHD-670,2026-01-14,,5.49
QX-TIN-671,2025-04-24,2025-08-27,1.11
QX-TIN-671,2025-08-27,2026-01-11,1.16
QX-TIN-671,2026-01-11,2026-02-28,1.20
QX-TIN-671,2026-02-28,2026-02-28,1.24
QX-TIN-671,2026-02-28,,1.21
QX-HHD-672,2024-09-13,2025-09-02,10.95
QX-HHD-672,2025-09-02,2025-09-02,11.43
QX-HHD-672,2025-09-02,2025-11-06,12.14
QX-HHD-672,2025-11-06,2025-11-06,12.89
QX-HHD-672,2025-11-06,,11.61
QX-FRZ-673,2024-06-19,2025-08-22,5.79
QX-FRZ-673,2025-08-22,2025-08-29,5.85
QX-FRZ-673,2025-08-29,,6.42
QX-BAK-674,2023-11-24,2026-02-02,2.14
QX-BAK-674,2026-02-02,2026-02-02,2.31
QX-BAK-674,2026-02-02,2026-03-16,2.44
QX-BAK-674,2026-03-16,2026-03-16,2.60
QX-BAK-674,2026-03-16,2026-03-16,2.72
QX-BAK-674,2026-03-16,,2.60
QX-BWS-675,2024-08-16,2026-02-12,4.37
QX-BWS-675,2026-02-12,2026-02-12,4.69
QX-BWS-675,2026-02-12,2026-02-12,5.00
QX-BWS-675,2026-02-12,2026-02-12,5.10
QX-BWS-675,2026-02-12,,5.27
QX-BWS-676,2024-03-27,2025-12-01,12.08
QX-BWS-676,2025-12-01,,14.49
QX-CHL-677,2024-12-28,2026-01-22,2.34
QX-CHL-677,2026-01-22,2026-01-22,2.44
QX-CHL-677,2026-01-22,2026-02-11,2.52
QX-CHL-677,2026-02-11,2026-02-11,2.68
QX-CHL-677,2026-02-11,2026-02-28,2.84
QX-CHL-677,2026-02-28,2026-03-12,2.95
QX-CHL-677,2026-03-12,,2.74
QX-DRK-678,2025-01-20,2025-09-16,3.74
QX-DRK-678,2025-09-16,2025-09-16,3.86
QX-DRK-678,2025-09-16,2025-09-16,4.05
QX-DRK-678,2025-09-16,2025-11-20,4.25
QX-DRK-678,2025-11-20,,4.52
QX-PRO-679,2023-12-09,2026-03-25,1.33
QX-PRO-679,2026-03-25,,1.45
QX-PET-680,2024-09-22,2025-08-11,4.31
QX-PET-680,2025-08-11,2025-08-12,4.42
QX-PET-680,2025-08-12,2025-08-12,4.52
QX-PET-680,2025-08-12,2025-08-12,4.61
QX-PET-680,2025-08-12,2025-11-13,4.69
QX-PET-680,2025-11-13,,4.90
QX-BWS-681,2025-04-15,2026-02-05,8.23
QX-BWS-681,2026-02-05,2026-02-05,8.58
QX-BWS-681,2026-02-05,2026-02-05,9.09
QX-BWS-681,2026-02-05,2026-02-05,9.38
QX-BWS-681,2026-02-05,,8.71
QX-BAK-682,2024-05-22,2025-12-02,1.74
QX-BAK-682,2025-12-02,2026-01-08,1.78
QX-BAK-682,2026-01-08,2026-01-08,1.84
QX-BAK-682,2026-01-08,2026-02-23,1.96
QX-BAK-682,2026-02-23,2026-03-01,2.06
QX-BAK-682,2026-03-01,,2.07
QX-HBC-683,2024-02-17,2025-10-06,8.35
QX-HBC-683,2025-10-06,2025-10-06,8.68
QX-HBC-683,2025-10-06,2026-03-17,9.23
QX-HBC-683,2026-03-17,2026-03-17,9.41
QX-HBC-683,2026-03-17,2026-03-17,9.98
QX-HBC-683,2026-03-17,,8.92
QX-PET-684,2024-03-17,2025-07-29,6.09
QX-PET-684,2025-07-29,,6.51
QX-DRK-685,2025-01-18,2025-07-15,2.68
QX-DRK-685,2025-07-15,2025-07-31,2.86
QX-DRK-685,2025-07-31,2025-12-21,3.05
QX-DRK-685,2025-12-21,,2.90
QX-BAK-686,2023-11-22,2025-07-22,3.37
QX-BAK-686,2025-07-22,2026-01-26,3.61
QX-BAK-686,2026-01-26,,3.59
QX-DRY-687,2024-05-19,2025-11-06,1.67
QX-DRY-687,2025-11-06,,2.00
QX-PRO-688,2024-03-15,2025-12-09,3.13
QX-PRO-688,2025-12-09,,3.35
QX-CER-689,2025-03-19,2025-10-08,3.16
QX-CER-689,2025-10-08,,3.39
QX-DRK-690,2024-07-30,2026-01-14,2.30
QX-DRK-690,2026-01-14,2026-01-14,2.37
QX-DRK-690,2026-01-14,2026-01-14,2.58
QX-DRK-690,2026-01-14,,2.43
QX-PET-691,2024-12-10,2025-12-13,2.03
QX-PET-691,2025-12-13,2026-02-15,2.13
QX-PET-691,2026-02-15,,2.31
QX-CHL-692,2023-10-24,2025-09-19,4.82
QX-CHL-692,2025-09-19,2025-10-07,5.03
QX-CHL-692,2025-10-07,2025-12-02,5.16
QX-CHL-692,2025-12-02,,5.56
QX-PET-693,2023-10-22,2025-08-18,0.84
QX-PET-693,2025-08-18,2026-01-15,0.86
QX-PET-693,2026-01-15,2026-01-15,0.90
QX-PET-693,2026-01-15,2026-01-15,0.97
QX-PET-693,2026-01-15,2026-01-15,1.00
QX-PET-693,2026-01-15,,0.93
QX-TIN-694,2025-05-12,2025-10-17,0.51
QX-TIN-694,2025-10-17,2025-11-07,0.53
QX-TIN-694,2025-11-07,,0.58
QX-BAK-695,2024-02-25,2026-01-23,1.60
QX-BAK-695,2026-01-23,2026-01-23,1.71
QX-BAK-695,2026-01-23,2026-01-25,1.81
QX-BAK-695,2026-01-25,,1.78
QX-DRY-696,2024-03-31,2025-07-08,1.11
QX-DRY-696,2025-07-08,2026-01-16,1.15
QX-DRY-696,2026-01-16,2026-01-16,1.20
QX-DRY-696,2026-01-16,,1.32
QX-TIN-697,2025-04-15,2026-01-05,1.14
QX-TIN-697,2026-01-05,2026-01-05,1.21
QX-TIN-697,2026-01-05,2026-01-05,1.25
QX-TIN-697,2026-01-05,2026-02-21,1.31
QX-TIN-697,2026-02-21,2026-02-25,1.36
QX-TIN-697,2026-02-25,2026-02-25,1.48
QX-TIN-697,2026-02-25,,1.20
QX-TIN-698,2024-09-09,2025-08-08,2.02
QX-TIN-698,2025-08-08,2025-11-27,2.16
QX-TIN-698,2025-11-27,2025-11-27,2.19
QX-TIN-698,2025-11-27,2025-11-27,2.22
QX-TIN-698,2025-11-27,,2.41
QX-CHL-699,2024-12-04,2026-02-27,17.40
QX-CHL-699,2026-02-27,2026-02-27,18.76
QX-CHL-699,2026-02-27,2026-02-27,19.86
QX-CHL-699,2026-02-27,,18.87
QX-HHD-700,2025-03-22,2025-10-13,6.68
QX-HHD-700,2025-10-13,2026-02-22,6.89
QX-HHD-700,2026-02-22,2026-03-20,7.42
QX-HHD-700,2026-03-20,,7.87
QX-TIN-701,2024-09-16,2025-12-01,0.52
QX-TIN-701,2025-12-01,2025-12-01,0.55
QX-TIN-701,2025-12-01,2025-12-01,0.56
QX-TIN-701,2025-12-01,,0.63
QX-BAK-702,2023-11-01,2025-09-20,5.53
QX-BAK-702,2025-09-20,2025-09-20,5.97
QX-BAK-702,2025-09-20,2025-11-25,6.33
QX-BAK-702,2025-11-25,2026-02-03,6.52
QX-BAK-702,2026-02-03,2026-02-03,6.87
QX-BAK-702,2026-02-03,,6.28
QX-BAK-703,2024-02-01,2025-10-10,2.84
QX-BAK-703,2025-10-10,,3.42
QX-BWS-704,2024-11-11,2025-09-21,34.81
QX-BWS-704,2025-09-21,2025-12-15,37.90
QX-BWS-704,2025-12-15,2026-03-08,38.37
QX-BWS-704,2026-03-08,,36.33
QX-HBC-705,2024-10-31,2026-03-10,5.57
QX-HBC-705,2026-03-10,2026-03-10,5.68
QX-HBC-705,2026-03-10,2026-03-10,5.78
QX-HBC-705,2026-03-10,,6.53
QX-BAK-706,2024-12-06,2026-03-12,2.62
QX-BAK-706,2026-03-12,,3.12
QX-PET-707,2024-02-21,2025-10-22,3.00
QX-PET-707,2025-10-22,2026-03-03,3.26
QX-PET-707,2026-03-03,2026-03-03,3.35
QX-PET-707,2026-03-03,2026-03-03,3.50
QX-PET-707,2026-03-03,,3.37
QX-CHL-708,2024-10-22,2025-10-09,2.38
QX-CHL-708,2025-10-09,2026-03-09,2.55
QX-CHL-708,2026-03-09,2026-03-09,2.59
QX-CHL-708,2026-03-09,,2.76
QX-FRZ-709,2025-02-05,2025-11-08,1.51
QX-FRZ-709,2025-11-08,2025-11-08,1.53
QX-FRZ-709,2025-11-08,2025-11-08,1.55
QX-FRZ-709,2025-11-08,2025-11-08,1.57
QX-FRZ-709,2025-11-08,,1.73
QX-PET-710,2024-07-09,2025-10-07,6.44
QX-PET-710,2025-10-07,,7.38
QX-DRK-711,2024-05-14,2026-01-14,0.88
QX-DRK-711,2026-01-14,2026-01-14,0.91
QX-DRK-711,2026-01-14,2026-01-14,0.99
QX-DRK-711,2026-01-14,2026-01-14,1.07
QX-DRK-711,2026-01-14,,1.01
QX-DRK-712,2023-11-27,2025-11-30,4.97
QX-DRK-712,2025-11-30,2025-11-30,5.25
QX-DRK-712,2025-11-30,2025-11-30,5.52
QX-DRK-712,2025-11-30,2026-02-21,5.71
QX-DRK-712,2026-02-21,2026-02-21,5.95
QX-DRK-712,2026-02-21,,5.25
QX-BAK-713,2024-05-21,2025-12-24,1.92
QX-BAK-713,2025-12-24,2025-12-24,1.95
QX-BAK-713,2025-12-24,2025-12-24,2.13
QX-BAK-713,2025-12-24,,2.07
QX-HHD-714,2024-10-23,2025-09-27,9.27
QX-HHD-714,2025-09-27,2025-09-27,9.74
QX-HHD-714,2025-09-27,2025-09-27,10.45
QX-HHD-714,2025-09-27,2026-03-01,10.69
QX-HHD-714,2026-03-01,2026-03-03,11.64
QX-HHD-714,2026-03-03,2026-03-03,12.64
QX-HHD-714,2026-03-03,,9.83
QX-PET-715,2025-06-04,2025-07-17,8.66
QX-PET-715,2025-07-17,2025-09-03,9.25
QX-PET-715,2025-09-03,2026-01-05,9.73
QX-PET-715,2026-01-05,,9.21
QX-DRK-716,2023-12-20,2025-10-23,1.15
QX-DRK-716,2025-10-23,2026-03-01,1.25
QX-DRK-716,2026-03-01,2026-03-24,1.30
QX-DRK-716,2026-03-24,,1.30
QX-HHD-717,2024-08-08,2026-03-30,2.57
QX-HHD-717,2026-03-30,2026-03-30,2.70
QX-HHD-717,2026-03-30,2026-03-30,2.92
QX-HHD-717,2026-03-30,,3.09
QX-FRZ-718,2024-03-06,2026-03-17,3.87
QX-FRZ-718,2026-03-17,,4.64
QX-BWS-719,2025-05-25,2026-02-17,14.34
QX-BWS-719,2026-02-17,2026-02-17,14.68
QX-BWS-719,2026-02-17,2026-02-17,15.50
QX-BWS-719,2026-02-17,2026-02-17,16.76
QX-BWS-719,2026-02-17,2026-02-17,16.95
QX-BWS-719,2026-02-17,,15.76
QX-DRK-720,2025-03-29,2025-12-03,3.15
QX-DRK-720,2025-12-03,2026-03-30,3.19
QX-DRK-720,2026-03-30,2026-03-30,3.38
QX-DRK-720,2026-03-30,2026-03-30,3.61
QX-DRK-720,2026-03-30,,3.46
QX-PRO-721,2023-11-07,2025-08-17,2.42
QX-PRO-721,2025-08-17,2025-10-22,2.54
QX-PRO-721,2025-10-22,2025-10-22,2.75
QX-PRO-721,2025-10-22,2025-10-22,2.79
QX-PRO-721,2025-10-22,2025-10-22,2.94
QX-PRO-721,2025-10-22,,2.59
QX-BAK-722,2024-05-13,2025-08-12,3.24
QX-BAK-722,2025-08-12,2025-08-12,3.41
QX-BAK-722,2025-08-12,2025-10-20,3.53
QX-BAK-722,2025-10-20,,3.54
QX-CHL-723,2025-02-13,2025-08-10,17.25
QX-CHL-723,2025-08-10,2026-02-06,17.89
QX-CHL-723,2026-02-06,2026-02-06,18.76
QX-CHL-723,2026-02-06,,18.14
QX-FRZ-724,2024-08-21,2025-07-28,5.52
QX-FRZ-724,2025-07-28,,5.99
QX-DRY-725,2024-01-29,2025-10-02,5.51
QX-DRY-725,2025-10-02,,6.63
QX-BAK-726,2024-02-02,2026-01-14,2.20
QX-BAK-726,2026-01-14,2026-01-14,2.30
QX-BAK-726,2026-01-14,,2.35
QX-DRK-727,2024-10-25,2025-07-23,5.76
QX-DRK-727,2025-07-23,2025-12-01,6.22
QX-DRK-727,2025-12-01,2026-01-18,6.50
QX-DRK-727,2026-01-18,,6.35
QX-BWS-728,2024-08-15,2026-03-22,21.98
QX-BWS-728,2026-03-22,2026-03-22,22.35
QX-BWS-728,2026-03-22,2026-03-22,24.34
QX-BWS-728,2026-03-22,,25.48
QX-FRZ-729,2024-09-24,2026-03-15,3.97
QX-FRZ-729,2026-03-15,2026-03-15,4.19
QX-FRZ-729,2026-03-15,,4.39
QX-HBC-730,2024-11-17,2025-12-14,10.49
QX-HBC-730,2025-12-14,2026-03-30,10.94
QX-HBC-730,2026-03-30,,11.49
QX-CHL-731,2024-04-11,2025-08-25,6.82
QX-CHL-731,2025-08-25,2026-03-02,7.02
QX-CHL-731,2026-03-02,2026-03-02,7.39
QX-CHL-731,2026-03-02,,7.99
QX-HBC-732,2024-03-18,2025-09-16,12.30
QX-HBC-732,2025-09-16,2025-12-27,12.92
QX-HBC-732,2025-12-27,2025-12-27,13.38
QX-HBC-732,2025-12-27,,13.93
QX-PRO-733,2025-02-16,2025-11-05,0.90
QX-PRO-733,2025-11-05,2025-11-05,0.94
QX-PRO-733,2025-11-05,2026-03-09,0.96
QX-PRO-733,2026-03-09,2026-03-09,0.99
QX-PRO-733,2026-03-09,2026-03-09,1.02
QX-PRO-733,2026-03-09,2026-03-09,1.04
QX-PRO-733,2026-03-09,,0.94
QX-FRZ-734,2024-03-29,2025-11-27,6.78
QX-FRZ-734,2025-11-27,,8.19
QX-DRK-735,2025-05-27,2025-09-25,5.43
QX-DRK-735,2025-09-25,2026-01-24,5.68
QX-DRK-735,2026-01-24,2026-01-24,5.77
QX-DRK-735,2026-01-24,2026-01-24,6.23
QX-DRK-735,2026-01-24,2026-01-24,6.53
QX-DRK-735,2026-01-24,,5.90
QX-HHD-736,2023-12-17,2026-02-22,6.91
QX-HHD-736,2026-02-22,2026-02-22,6.99
QX-HHD-736,2026-02-22,2026-02-22,7.49
QX-HHD-736,2026-02-22,,7.45
QX-BAK-737,2025-02-23,2026-02-03,1.24
QX-BAK-737,2026-02-03,2026-02-27,1.27
QX-BAK-737,2026-02-27,2026-02-27,1.35
QX-BAK-737,2026-02-27,,1.51
QX-BWS-738,2024-04-25,2025-09-28,19.93
QX-BWS-738,2025-09-28,2025-12-19,21.40
QX-BWS-738,2025-12-19,2025-12-19,22.75
QX-BWS-738,2025-12-19,2026-03-22,23.42
QX-BWS-738,2026-03-22,2026-03-22,24.98
QX-BWS-738,2026-03-22,,21.54
QX-BAK-739,2024-04-08,2026-03-23,3.43
QX-BAK-739,2026-03-23,2026-03-23,3.69
QX-BAK-739,2026-03-23,2026-03-23,3.84
QX-BAK-739,2026-03-23,,4.05
QX-HBC-740,2024-10-13,2025-07-07,2.21
QX-HBC-740,2025-07-07,,2.58
QX-CER-741,2025-05-31,2026-02-03,2.75
QX-CER-741,2026-02-03,2026-02-03,2.78
QX-CER-741,2026-02-03,2026-02-03,2.90
QX-CER-741,2026-02-03,,3.02
QX-PRO-742,2025-02-18,2025-12-13,3.52
QX-PRO-742,2025-12-13,2025-12-13,3.74
QX-PRO-742,2025-12-13,2025-12-13,3.83
QX-PRO-742,2025-12-13,,3.97
QX-DRK-743,2024-09-11,2025-06-30,5.28
QX-DRK-743,2025-06-30,2026-01-11,5.34
QX-DRK-743,2026-01-11,2026-01-11,5.48
QX-DRK-743,2026-01-11,2026-02-12,5.70
QX-DRK-743,2026-02-12,2026-02-12,6.18
QX-DRK-743,2026-02-12,,6.06
QX-DRK-744,2025-05-06,2025-10-21,2.01
QX-DRK-744,2025-10-21,2025-12-23,2.13
QX-DRK-744,2025-12-23,2025-12-23,2.27
QX-DRK-744,2025-12-23,2025-12-23,2.45
QX-DRK-744,2025-12-23,2025-12-23,2.66
QX-DRK-744,2025-12-23,2026-03-03,2.77
QX-DRK-744,2026-03-03,,2.15
QX-FRZ-745,2024-06-19,2025-08-27,4.87
QX-FRZ-745,2025-08-27,,5.42
QX-CHL-746,2024-11-17,2026-03-02,2.83
QX-CHL-746,2026-03-02,2026-03-02,3.06
QX-CHL-746,2026-03-02,,3.40
QX-CHL-747,2025-02-22,2025-10-15,5.81
QX-CHL-747,2025-10-15,,6.06
QX-HHD-748,2024-05-27,2026-01-05,10.00
QX-HHD-748,2026-01-05,,10.58
QX-CHL-749,2024-10-25,2025-09-19,14.28
QX-CHL-749,2025-09-19,2025-09-19,14.82
QX-CHL-749,2025-09-19,2025-09-19,16.14
QX-CHL-749,2025-09-19,,16.56
QX-BWS-750,2023-10-21,2025-10-09,35.10
QX-BWS-750,2025-10-09,2025-10-18,36.08
QX-BWS-750,2025-10-18,2025-10-18,36.76
QX-BWS-750,2025-10-18,2026-02-13,38.14
QX-BWS-750,2026-02-13,,37.92
QX-PRO-751,2023-10-27,2025-09-29,2.43
QX-PRO-751,2025-09-29,2025-11-13,2.62
QX-PRO-751,2025-11-13,2025-11-13,2.80
QX-PRO-751,2025-11-13,,2.57
QX-BAK-752,2025-02-09,2026-02-10,2.49
QX-BAK-752,2026-02-10,2026-02-10,2.64
QX-BAK-752,2026-02-10,2026-02-10,2.72
QX-BAK-752,2026-02-10,,2.92
QX-CHL-753,2024-06-20,2026-02-19,3.05
QX-CHL-753,2026-02-19,2026-02-19,3.20
QX-CHL-753,2026-02-19,2026-02-19,3.29
QX-CHL-753,2026-02-19,,3.69
QX-BWS-754,2023-12-10,2026-01-28,24.09
QX-BWS-754,2026-01-28,2026-01-28,25.21
QX-BWS-754,2026-01-28,2026-01-28,26.11
QX-BWS-754,2026-01-28,2026-02-11,26.98
QX-BWS-754,2026-02-11,2026-02-11,28.88
QX-BWS-754,2026-02-11,,25.44
QX-BWS-755,2024-06-19,2025-10-21,25.01
QX-BWS-755,2025-10-21,2025-10-21,26.22
QX-BWS-755,2025-10-21,2025-10-21,27.55
QX-BWS-755,2025-10-21,2025-11-11,29.72
QX-BWS-755,2025-11-11,2025-11-11,32.23
QX-BWS-755,2025-11-11,2025-11-11,33.88
QX-BWS-755,2025-11-11,,26.24
QX-FRZ-756,2024-12-25,2025-11-16,5.25
QX-FRZ-756,2025-11-16,2026-03-26,5.63
QX-FRZ-756,2026-03-26,2026-03-26,5.74
QX-FRZ-756,2026-03-26,2026-03-26,6.16
QX-FRZ-756,2026-03-26,,6.28
QX-CER-757,2024-08-12,2026-02-22,2.76
QX-CER-757,2026-02-22,2026-02-22,2.84
QX-CER-757,2026-02-22,2026-02-22,3.02
QX-CER-757,2026-02-22,,3.18
QX-DRY-758,2024-12-01,2025-12-28,3.71
QX-DRY-758,2025-12-28,2025-12-28,3.91
QX-DRY-758,2025-12-28,2025-12-28,4.03
QX-DRY-758,2025-12-28,2026-03-27,4.14
QX-DRY-758,2026-03-27,,4.29
QX-CHL-759,2024-12-09,2026-03-27,5.95
QX-CHL-759,2026-03-27,2026-03-27,6.31
QX-CHL-759,2026-03-27,2026-03-27,6.66
QX-CHL-759,2026-03-27,2026-03-27,6.97
QX-CHL-759,2026-03-27,,6.49
QX-BWS-760,2023-12-05,2025-09-21,6.14
QX-BWS-760,2025-09-21,2025-11-13,6.50
QX-BWS-760,2025-11-13,,7.08
QX-PRO-761,2025-05-15,2025-07-10,1.85
QX-PRO-761,2025-07-10,2025-12-05,2.00
QX-PRO-761,2025-12-05,,2.01
QX-DRK-762,2024-04-15,2025-11-14,4.39
QX-DRK-762,2025-11-14,,5.31
QX-CHL-763,2025-04-29,2025-09-01,5.23
QX-CHL-763,2025-09-01,2025-11-30,5.51
QX-CHL-763,2025-11-30,2026-01-03,5.74
QX-CHL-763,2026-01-03,,5.97
QX-HHD-764,2025-04-01,2026-02-10,9.81
QX-HHD-764,2026-02-10,2026-02-10,10.35
QX-HHD-764,2026-02-10,2026-02-10,10.81
QX-HHD-764,2026-02-10,2026-03-10,11.02
QX-HHD-764,2026-03-10,2026-03-10,11.53
QX-HHD-764,2026-03-10,,11.66
QX-BWS-765,2025-05-22,2025-09-12,29.96
QX-BWS-765,2025-09-12,2025-09-12,31.57
QX-BWS-765,2025-09-12,,36.12
QX-HHD-766,2025-01-16,2025-12-05,2.87
QX-HHD-766,2025-12-05,2026-03-07,3.09
QX-HHD-766,2026-03-07,2026-03-07,3.34
QX-HHD-766,2026-03-07,,3.00
QX-DRY-767,2025-04-24,2025-07-11,1.61
QX-DRY-767,2025-07-11,2025-11-03,1.67
QX-DRY-767,2025-11-03,,1.80
QX-TIN-768,2024-12-11,2025-06-29,0.47
QX-TIN-768,2025-06-29,2025-07-26,0.49
QX-TIN-768,2025-07-26,,0.51
QX-DRY-769,2024-11-08,2025-11-21,2.29
QX-DRY-769,2025-11-21,2025-11-21,2.43
QX-DRY-769,2025-11-21,2025-12-27,2.46
QX-DRY-769,2025-12-27,2026-03-07,2.57
QX-DRY-769,2026-03-07,2026-03-07,2.79
QX-DRY-769,2026-03-07,,2.53
QX-CER-770,2024-08-28,2025-10-02,1.44
QX-CER-770,2025-10-02,2026-01-06,1.56
QX-CER-770,2026-01-06,,1.66
QX-FRZ-771,2024-03-03,2025-10-03,5.64
QX-FRZ-771,2025-10-03,2026-02-21,5.84
QX-FRZ-771,2026-02-21,,6.83
QX-BWS-772,2025-06-03,2026-01-18,6.57
QX-BWS-772,2026-01-18,2026-01-18,6.77
QX-BWS-772,2026-01-18,2026-03-28,7.29
QX-BWS-772,2026-03-28,2026-03-28,7.53
QX-BWS-772,2026-03-28,2026-03-28,7.70
QX-BWS-772,2026-03-28,,7.77
QX-PRO-773,2024-10-12,2025-09-26,4.24
QX-PRO-773,2025-09-26,2025-09-26,4.40
QX-PRO-773,2025-09-26,2025-10-31,4.46
QX-PRO-773,2025-10-31,2026-03-30,4.52
QX-PRO-773,2026-03-30,,4.48
QX-BAK-774,2025-03-19,2025-11-25,3.40
QX-BAK-774,2025-11-25,2025-11-25,3.54
QX-BAK-774,2025-11-25,,3.96
QX-BAK-775,2024-03-15,2025-12-26,3.82
QX-BAK-775,2025-12-26,2025-12-26,4.01
QX-BAK-775,2025-12-26,2026-03-12,4.06
QX-BAK-775,2026-03-12,2026-03-12,4.42
QX-BAK-775,2026-03-12,2026-03-12,4.76
QX-BAK-775,2026-03-12,2026-03-12,5.12
QX-BAK-775,2026-03-12,,4.59
QX-PET-776,2025-05-14,2025-10-15,7.16
QX-PET-776,2025-10-15,2025-12-08,7.43
QX-PET-776,2025-12-08,2025-12-10,7.88
QX-PET-776,2025-12-10,,7.80
QX-CER-777,2025-04-04,2025-10-13,2.15
QX-CER-777,2025-10-13,2025-11-08,2.22
QX-CER-777,2025-11-08,,2.38
QX-BWS-778,2023-12-20,2026-02-16,20.58
QX-BWS-778,2026-02-16,2026-03-03,22.22
QX-BWS-778,2026-03-03,2026-03-03,23.74
QX-BWS-778,2026-03-03,2026-03-03,24.54
QX-BWS-778,2026-03-03,2026-03-03,25.08
QX-BWS-778,2026-03-03,,24.11
QX-HBC-779,2024-03-30,2026-02-13,5.49
QX-HBC-779,2026-02-13,,6.13
QX-CER-780,2024-04-29,2026-02-10,2.45
QX-CER-780,2026-02-10,,2.76
QX-CER-781,2023-12-21,2025-09-29,2.16
QX-CER-781,2025-09-29,2026-01-18,2.26
QX-CER-781,2026-01-18,,2.35
QX-CHL-782,2024-05-21,2025-07-11,4.37
QX-CHL-782,2025-07-11,,4.95
QX-HHD-783,2024-07-22,2026-01-11,1.42
QX-HHD-783,2026-01-11,2026-03-05,1.48
QX-HHD-783,2026-03-05,,1.73
QX-CHL-784,2024-02-16,2025-07-31,15.31
QX-CHL-784,2025-07-31,2025-08-30,16.35
QX-CHL-784,2025-08-30,2025-12-26,16.83
QX-CHL-784,2025-12-26,2025-12-26,18.15
QX-CHL-784,2025-12-26,2025-12-26,19.49
QX-CHL-784,2025-12-26,2025-12-26,20.43
QX-CHL-784,2025-12-26,,17.19
QX-PRO-785,2024-09-15,2025-09-07,3.11
QX-PRO-785,2025-09-07,2025-12-20,3.30
QX-PRO-785,2025-12-20,,3.42
QX-HBC-786,2025-01-18,2026-03-05,4.61
QX-HBC-786,2026-03-05,2026-03-05,4.72
QX-HBC-786,2026-03-05,2026-03-05,4.84
QX-HBC-786,2026-03-05,,5.44
QX-PET-787,2023-11-09,2025-12-31,3.05
QX-PET-787,2025-12-31,2026-01-03,3.12
QX-PET-787,2026-01-03,,3.28
QX-DRY-788,2024-12-07,2025-10-04,1.94
QX-DRY-788,2025-10-04,2025-10-04,2.04
QX-DRY-788,2025-10-04,2025-10-04,2.19
QX-DRY-788,2025-10-04,,2.29
QX-PRO-789,2024-03-24,2025-09-28,3.39
QX-PRO-789,2025-09-28,2025-11-11,3.57
QX-PRO-789,2025-11-11,2026-01-05,3.62
QX-PRO-789,2026-01-05,,3.59
QX-PET-790,2025-01-11,2026-02-23,4.58
QX-PET-790,2026-02-23,2026-02-23,4.71
QX-PET-790,2026-02-23,2026-02-23,5.01
QX-PET-790,2026-02-23,2026-02-23,5.27
QX-PET-790,2026-02-23,,5.00
QX-CER-791,2023-10-15,2025-07-03,2.00
QX-CER-791,2025-07-03,2026-03-11,2.14
QX-CER-791,2026-03-11,,2.41
QX-CHL-792,2024-02-20,2026-02-27,4.26
QX-CHL-792,2026-02-27,2026-02-27,4.47
QX-CHL-792,2026-02-27,2026-02-27,4.84
QX-CHL-792,2026-02-27,2026-02-27,5.23
QX-CHL-792,2026-02-27,2026-02-27,5.59
QX-CHL-792,2026-02-27,2026-02-27,5.93
QX-CHL-792,2026-02-27,,4.63
QX-HBC-793,2024-12-17,2025-12-19,11.14
QX-HBC-793,2025-12-19,2025-12-19,11.63
QX-HBC-793,2025-12-19,2026-03-24,11.89
QX-HBC-793,2026-03-24,2026-03-24,12.67
QX-HBC-793,2026-03-24,,12.20
QX-BAK-794,2025-01-09,2025-10-24,3.73
QX-BAK-794,2025-10-24,2025-10-24,4.01
QX-BAK-794,2025-10-24,,3.96
QX-HHD-795,2025-02-16,2025-11-19,5.32
QX-HHD-795,2025-11-19,2026-02-20,5.60
QX-HHD-795,2026-02-20,,5.91
QX-DRK-796,2025-02-08,2025-12-19,0.79
QX-DRK-796,2025-12-19,,0.90
QX-HHD-797,2023-11-18,2025-10-22,4.26
QX-HHD-797,2025-10-22,2026-03-02,4.35
QX-HHD-797,2026-03-02,2026-03-02,4.64
QX-HHD-797,2026-03-02,2026-03-02,4.91
QX-HHD-797,2026-03-02,2026-03-02,5.00
QX-HHD-797,2026-03-02,,4.75
QX-HBC-798,2025-04-22,2025-10-30,4.46
QX-HBC-798,2025-10-30,2025-10-30,4.63
QX-HBC-798,2025-10-30,2025-12-25,5.03
QX-HBC-798,2025-12-25,,4.67
QX-FRZ-799,2024-06-08,2025-11-06,7.07
QX-FRZ-799,2025-11-06,2025-11-06,7.28
QX-FRZ-799,2025-11-06,,8.27
QX-CER-800,2024-10-15,2025-08-24,3.84
QX-CER-800,2025-08-24,2026-01-19,4.00
QX-CER-800,2026-01-19,2026-02-27,4.04
QX-CER-800,2026-02-27,2026-02-27,4.20
QX-CER-800,2026-02-27,2026-02-27,4.25
QX-CER-800,2026-02-27,,4.56
QX-DRK-801,2025-05-24,2026-02-04,3.62
QX-DRK-801,2026-02-04,2026-02-04,3.70
QX-DRK-801,2026-02-04,,3.89
QX-FRZ-802,2024-03-30,2025-08-20,4.86
QX-FRZ-802,2025-08-20,2025-11-19,5.29
QX-FRZ-802,2025-11-19,2026-03-02,5.42
QX-FRZ-802,2026-03-02,2026-03-02,5.85
QX-FRZ-802,2026-03-02,,5.41
QX-HBC-803,2024-09-12,2025-08-06,12.72
QX-HBC-803,2025-08-06,2026-03-17,12.90
QX-HBC-803,2026-03-17,2026-03-17,13.69
QX-HBC-803,2026-03-17,2026-03-17,14.79
QX-HBC-803,2026-03-17,,13.84
QX-DRK-804,2024-05-25,2026-01-04,2.58
QX-DRK-804,2026-01-04,2026-01-07,2.80
QX-DRK-804,2026-01-07,2026-03-27,3.05
QX-DRK-804,2026-03-27,,3.10
QX-HHD-805,2023-12-06,2025-09-06,10.82
QX-HHD-805,2025-09-06,2026-03-08,11.46
QX-HHD-805,2026-03-08,2026-03-08,12.07
QX-HHD-805,2026-03-08,,11.49
QX-FRZ-806,2024-06-24,2025-12-31,1.74
QX-FRZ-806,2025-12-31,2026-02-01,1.85
QX-FRZ-806,2026-02-01,,1.96
QX-CHL-807,2024-07-06,2025-08-09,5.04
QX-CHL-807,2025-08-09,2025-12-15,5.21
QX-CHL-807,2025-12-15,2025-12-15,5.41
QX-CHL-807,2025-12-15,2026-03-02,5.72
QX-CHL-807,2026-03-02,2026-03-02,5.77
QX-CHL-807,2026-03-02,,5.49
QX-PET-808,2025-03-06,2025-07-06,1.08
QX-PET-808,2025-07-06,2025-12-21,1.18
QX-PET-808,2025-12-21,,1.29
QX-BAK-809,2024-10-24,2026-03-15,7.08
QX-BAK-809,2026-03-15,2026-03-15,7.56
QX-BAK-809,2026-03-15,2026-03-15,7.90
QX-BAK-809,2026-03-15,2026-03-15,8.49
QX-BAK-809,2026-03-15,,7.70
QX-TIN-810,2023-10-30,2025-08-22,0.88
QX-TIN-810,2025-08-22,2025-08-22,0.90
QX-TIN-810,2025-08-22,2025-11-08,0.94
QX-TIN-810,2025-11-08,2025-11-08,1.01
QX-TIN-810,2025-11-08,,0.94
QX-HBC-811,2024-10-17,2025-07-07,6.12
QX-HBC-811,2025-07-07,2025-11-15,6.39
QX-HBC-811,2025-11-15,2025-11-15,6.70
QX-HBC-811,2025-11-15,2026-03-28,7.27
QX-HBC-811,2026-03-28,,7.01
QX-PET-812,2024-10-09,2025-08-12,7.34
QX-PET-812,2025-08-12,2026-01-26,7.80
QX-PET-812,2026-01-26,2026-01-26,8.06
QX-PET-812,2026-01-26,2026-01-26,8.41
QX-PET-812,2026-01-26,2026-03-01,8.65
QX-PET-812,2026-03-01,,8.74
QX-FRZ-813,2025-03-24,2025-07-28,3.73
QX-FRZ-813,2025-07-28,2025-07-28,3.79
QX-FRZ-813,2025-07-28,2025-08-17,4.02
QX-FRZ-813,2025-08-17,2026-01-05,4.36
QX-FRZ-813,2026-01-05,2026-03-07,4.44
QX-FRZ-813,2026-03-07,2026-03-13,4.69
QX-FRZ-813,2026-03-13,,4.09
QX-DRK-814,2025-02-19,2026-02-09,2.72
QX-DRK-814,2026-02-09,2026-02-09,2.81
QX-DRK-814,2026-02-09,2026-02-09,3.04
QX-DRK-814,2026-02-09,2026-02-09,3.13
QX-DRK-814,2026-02-09,,2.91
QX-CHL-815,2025-01-12,2025-11-17,3.28
QX-CHL-815,2025-11-17,2025-11-17,3.49
QX-CHL-815,2025-11-17,2026-02-10,3.76
QX-CHL-815,2026-02-10,2026-03-01,3.97
QX-CHL-815,2026-03-01,,3.89
QX-FRZ-816,2024-06-08,2025-08-28,2.24
QX-FRZ-816,2025-08-28,2026-02-08,2.38
QX-FRZ-816,2026-02-08,2026-02-08,2.43
QX-FRZ-816,2026-02-08,2026-02-08,2.54
QX-FRZ-816,2026-02-08,,2.55
QX-DRK-817,2024-10-26,2025-08-31,5.09
QX-DRK-817,2025-08-31,2025-10-23,5.53
QX-DRK-817,2025-10-23,2026-03-08,5.77
QX-DRK-817,2026-03-08,2026-03-08,5.89
QX-DRK-817,2026-03-08,2026-03-08,6.41
QX-DRK-817,2026-03-08,,5.42
QX-DRY-818,2025-04-01,2025-09-21,2.81
QX-DRY-818,2025-09-21,2025-09-21,2.98
QX-DRY-818,2025-09-21,2025-12-19,3.07
QX-DRY-818,2025-12-19,,3.29
QX-CER-819,2024-02-29,2025-12-12,2.63
QX-CER-819,2025-12-12,2025-12-12,2.73
QX-CER-819,2025-12-12,2025-12-12,2.76
QX-CER-819,2025-12-12,2025-12-12,2.83
QX-CER-819,2025-12-12,2025-12-12,2.92
QX-CER-819,2025-12-12,2026-03-06,3.16
QX-CER-819,2026-03-06,,2.78
QX-HHD-820,2024-04-20,2025-09-03,5.37
QX-HHD-820,2025-09-03,2025-09-03,5.49
QX-HHD-820,2025-09-03,2025-12-05,5.86
QX-HHD-820,2025-12-05,2025-12-05,5.97
QX-HHD-820,2025-12-05,2025-12-05,6.18
QX-HHD-820,2025-12-05,2025-12-05,6.33
QX-HHD-820,2025-12-05,,6.00
QX-HHD-821,2024-05-03,2026-01-15,6.80
QX-HHD-821,2026-01-15,2026-01-15,7.37
QX-HHD-821,2026-01-15,2026-02-26,7.89
QX-HHD-821,2026-02-26,,8.11
QX-DRK-822,2024-04-29,2026-01-19,3.02
QX-DRK-822,2026-01-19,2026-01-19,3.26
QX-DRK-822,2026-01-19,2026-02-02,3.35
QX-DRK-822,2026-02-02,2026-02-14,3.57
QX-DRK-822,2026-02-14,2026-02-14,3.70
QX-DRK-822,2026-02-14,,3.57
QX-BWS-823,2024-04-26,2026-01-23,17.49
QX-BWS-823,2026-01-23,2026-01-23,18.28
QX-BWS-823,2026-01-23,2026-01-23,19.76
QX-BWS-823,2026-01-23,,19.86
QX-PRO-824,2024-03-07,2025-07-04,1.04
QX-PRO-824,2025-07-04,2025-09-29,1.10
QX-PRO-824,2025-09-29,2025-09-29,1.19
QX-PRO-824,2025-09-29,2026-01-03,1.21
QX-PRO-824,2026-01-03,,1.23
QX-CER-825,2024-08-26,2025-12-09,3.64
QX-CER-825,2025-12-09,2026-03-16,3.89
QX-CER-825,2026-03-16,2026-03-16,4.24
QX-CER-825,2026-03-16,,3.90
QX-TIN-826,2024-01-09,2025-07-31,1.08
QX-TIN-826,2025-07-31,2025-07-31,1.18
QX-TIN-826,2025-07-31,2025-07-31,1.20
QX-TIN-826,2025-07-31,,1.24
QX-HHD-827,2024-02-13,2025-10-22,3.98
QX-HHD-827,2025-10-22,2025-10-22,4.25
QX-HHD-827,2025-10-22,2026-03-11,4.62
QX-HHD-827,2026-03-11,,4.50
QX-CER-828,2024-03-25,2026-03-21,4.01
QX-CER-828,2026-03-21,2026-03-21,4.18
QX-CER-828,2026-03-21,2026-03-21,4.42
QX-CER-828,2026-03-21,,4.71
QX-PRO-829,2024-09-24,2025-08-01,2.36
QX-PRO-829,2025-08-01,,2.57
QX-BAK-830,2024-02-15,2025-11-25,7.24
QX-BAK-830,2025-11-25,2026-03-20,7.36
QX-BAK-830,2026-03-20,2026-03-20,7.48
QX-BAK-830,2026-03-20,2026-03-20,7.62
QX-BAK-830,2026-03-20,2026-03-20,8.16
QX-BAK-830,2026-03-20,,8.54
QX-BWS-831,2024-09-20,2025-08-19,30.62
QX-BWS-831,2025-08-19,2025-09-26,32.37
QX-BWS-831,2025-09-26,2025-11-01,35.12
QX-BWS-831,2025-11-01,2025-11-01,36.09
QX-BWS-831,2025-11-01,,35.20
QX-BWS-832,2024-12-28,2026-01-15,17.28
QX-BWS-832,2026-01-15,,19.51
QX-HHD-833,2024-11-22,2025-09-25,5.55
QX-HHD-833,2025-09-25,,5.79
QX-BAK-834,2025-03-13,2025-09-21,1.08
QX-BAK-834,2025-09-21,2025-12-11,1.11
QX-BAK-834,2025-12-11,2025-12-11,1.17
QX-BAK-834,2025-12-11,2026-01-14,1.24
QX-BAK-834,2026-01-14,2026-01-14,1.34
QX-BAK-834,2026-01-14,,1.13
QX-DRY-835,2024-09-16,2026-02-05,1.34
QX-DRY-835,2026-02-05,2026-02-05,1.43
QX-DRY-835,2026-02-05,2026-02-05,1.54
QX-DRY-835,2026-02-05,,1.51
QX-BWS-836,2024-06-23,2026-03-14,25.16
QX-BWS-836,2026-03-14,2026-03-14,26.24
QX-BWS-836,2026-03-14,2026-03-14,28.09
QX-BWS-836,2026-03-14,2026-03-14,28.41
QX-BWS-836,2026-03-14,2026-03-14,29.74
QX-BWS-836,2026-03-14,2026-03-14,31.52
QX-BWS-836,2026-03-14,,27.20
QX-BAK-837,2024-11-05,2025-07-08,0.69
QX-BAK-837,2025-07-08,2025-11-26,0.75
QX-BAK-837,2025-11-26,,0.83
QX-PET-838,2024-07-04,2025-07-21,2.73
QX-PET-838,2025-07-21,2025-12-31,2.81
QX-PET-838,2025-12-31,2026-03-13,3.05
QX-PET-838,2026-03-13,,2.94
QX-BWS-839,2025-01-14,2025-12-14,9.30
QX-BWS-839,2025-12-14,2025-12-25,10.07
QX-BWS-839,2025-12-25,2025-12-25,10.90
QX-BWS-839,2025-12-25,2025-12-25,11.74
QX-BWS-839,2025-12-25,2025-12-25,12.38
QX-BWS-839,2025-12-25,2026-01-31,13.24
QX-BWS-839,2026-01-31,,10.62
QX-CER-840,2025-06-05,2025-12-06,3.73
QX-CER-840,2025-12-06,2025-12-06,3.79
QX-CER-840,2025-12-06,2025-12-06,4.01
QX-CER-840,2025-12-06,2025-12-07,4.24
QX-CER-840,2025-12-07,2025-12-07,4.46
QX-CER-840,2025-12-07,,4.03
QX-PET-841,2024-07-28,2025-10-22,8.81
QX-PET-841,2025-10-22,2026-01-02,9.44
QX-PET-841,2026-01-02,2026-01-15,10.18
QX-PET-841,2026-01-15,2026-01-15,10.95
QX-PET-841,2026-01-15,2026-02-03,11.32
QX-PET-841,2026-02-03,,9.62
QX-BWS-842,2024-01-24,2026-02-25,22.67
QX-BWS-842,2026-02-25,,25.57
QX-DRY-843,2024-05-31,2025-08-27,2.86
QX-DRY-843,2025-08-27,2025-09-28,2.91
QX-DRY-843,2025-09-28,2026-01-16,3.16
QX-DRY-843,2026-01-16,2026-03-20,3.24
QX-DRY-843,2026-03-20,,3.34
QX-HHD-844,2024-04-14,2025-07-31,3.46
QX-HHD-844,2025-07-31,2026-03-27,3.55
QX-HHD-844,2026-03-27,2026-03-27,3.62
QX-HHD-844,2026-03-27,2026-03-27,3.90
QX-HHD-844,2026-03-27,2026-03-27,4.07
QX-HHD-844,2026-03-27,,3.67
QX-PRO-845,2024-07-22,2025-07-26,3.46
QX-PRO-845,2025-07-26,2025-07-26,3.68
QX-PRO-845,2025-07-26,,3.95
QX-FRZ-846,2024-02-24,2025-08-23,7.08
QX-FRZ-846,2025-08-23,,8.45
QX-DRK-847,2024-11-20,2026-03-21,4.87
QX-DRK-847,2026-03-21,2026-03-21,5.16
QX-DRK-847,2026-03-21,2026-03-21,5.36
QX-DRK-847,2026-03-21,,5.73
QX-PRO-848,2024-08-29,2026-01-05,3.40
QX-PRO-848,2026-01-05,,3.74
QX-BAK-849,2024-05-16,2025-07-08,3.09
QX-BAK-849,2025-07-08,2026-02-03,3.27
QX-BAK-849,2026-02-03,2026-02-03,3.43
QX-BAK-849,2026-02-03,,3.34
QX-CER-850,2024-12-29,2025-10-23,1.01
QX-CER-850,2025-10-23,2025-10-23,1.07
QX-CER-850,2025-10-23,,1.21
QX-BAK-851,2025-03-20,2025-12-07,5.20
QX-BAK-851,2025-12-07,,5.91
QX-DRK-852,2023-11-23,2025-10-24,3.80
QX-DRK-852,2025-10-24,2025-12-08,3.93
QX-DRK-852,2025-12-08,2025-12-08,4.14
QX-DRK-852,2025-12-08,2025-12-08,4.25
QX-DRK-852,2025-12-08,2025-12-08,4.31
QX-DRK-852,2025-12-08,,4.54
QX-TIN-853,2024-12-30,2026-01-11,0.74
QX-TIN-853,2026-01-11,2026-02-22,0.79
QX-TIN-853,2026-02-22,2026-02-22,0.81
QX-TIN-853,2026-02-22,2026-02-22,0.88
QX-TIN-853,2026-02-22,2026-02-22,0.94
QX-TIN-853,2026-02-22,2026-02-22,0.97
QX-TIN-853,2026-02-22,,0.90
QX-PRO-854,2024-08-31,2026-02-19,0.49
QX-PRO-854,2026-02-19,2026-02-19,0.52
QX-PRO-854,2026-02-19,,0.58
QX-HHD-855,2024-09-07,2026-03-15,6.88
QX-HHD-855,2026-03-15,,7.42
QX-TIN-856,2024-03-09,2025-11-16,1.92
QX-TIN-856,2025-11-16,2025-11-16,2.09
QX-TIN-856,2025-11-16,2025-11-22,2.20
QX-TIN-856,2025-11-22,2025-11-22,2.37
QX-TIN-856,2025-11-22,2025-11-22,2.46
QX-TIN-856,2025-11-22,,2.07
QX-CHL-857,2025-01-15,2026-02-17,5.52
QX-CHL-857,2026-02-17,,6.21
QX-PET-858,2024-07-22,2025-09-19,7.18
QX-PET-858,2025-09-19,2025-09-19,7.49
QX-PET-858,2025-09-19,2026-03-16,8.01
QX-PET-858,2026-03-16,2026-03-16,8.26
QX-PET-858,2026-03-16,2026-03-16,8.90
QX-PET-858,2026-03-16,2026-03-16,9.20
QX-PET-858,2026-03-16,,7.84
QX-HHD-859,2024-04-18,2025-10-14,3.49
QX-HHD-859,2025-10-14,2025-10-16,3.60
QX-HHD-859,2025-10-16,2025-10-22,3.92
QX-HHD-859,2025-10-22,,3.65
QX-TIN-860,2024-07-24,2026-01-30,1.52
QX-TIN-860,2026-01-30,2026-01-30,1.63
QX-TIN-860,2026-01-30,2026-01-30,1.77
QX-TIN-860,2026-01-30,,1.59
QX-TIN-861,2023-10-17,2025-12-02,0.97
QX-TIN-861,2025-12-02,2025-12-02,1.05
QX-TIN-861,2025-12-02,2025-12-06,1.09
QX-TIN-861,2025-12-06,2025-12-06,1.13
QX-TIN-861,2025-12-06,,1.03
QX-PET-862,2025-03-05,2026-02-20,1.20
QX-PET-862,2026-02-20,2026-02-20,1.29
QX-PET-862,2026-02-20,,1.38
QX-DRK-863,2024-02-10,2025-10-17,4.47
QX-DRK-863,2025-10-17,2026-03-08,4.64
QX-DRK-863,2026-03-08,,4.80
QX-BAK-864,2025-03-11,2025-09-01,3.31
QX-BAK-864,2025-09-01,2025-11-11,3.57
QX-BAK-864,2025-11-11,2025-11-11,3.84
QX-BAK-864,2025-11-11,2025-11-11,4.01
QX-BAK-864,2025-11-11,2025-11-11,4.11
QX-BAK-864,2025-11-11,,3.83
QX-DRY-865,2025-03-24,2025-06-29,2.34
QX-DRY-865,2025-06-29,,2.62
QX-DRY-866,2024-07-03,2025-11-15,2.99
QX-DRY-866,2025-11-15,2026-02-27,3.22
QX-DRY-866,2026-02-27,2026-02-27,3.27
QX-DRY-866,2026-02-27,2026-02-27,3.41
QX-DRY-866,2026-02-27,2026-02-27,3.50
QX-DRY-866,2026-02-27,2026-02-27,3.73
QX-DRY-866,2026-02-27,,3.55
QX-HHD-867,2025-05-20,2026-01-20,4.09
QX-HHD-867,2026-01-20,2026-01-20,4.43
QX-HHD-867,2026-01-20,2026-01-20,4.70
QX-HHD-867,2026-01-20,2026-03-26,5.02
QX-HHD-867,2026-03-26,,4.48
QX-CHL-868,2025-01-27,2026-01-26,11.52
QX-CHL-868,2026-01-26,2026-03-24,12.37
QX-CHL-868,2026-03-24,2026-03-24,12.76
QX-CHL-868,2026-03-24,,12.11
QX-CER-869,2024-09-05,2026-01-11,1.45
QX-CER-869,2026-01-11,2026-02-22,1.47
QX-CER-869,2026-02-22,2026-02-22,1.55
QX-CER-869,2026-02-22,2026-03-22,1.62
QX-CER-869,2026-03-22,,1.63
QX-PRO-870,2024-07-26,2025-07-14,0.70
QX-PRO-870,2025-07-14,2025-09-24,0.72
QX-PRO-870,2025-09-24,2025-09-24,0.78
QX-PRO-870,2025-09-24,2025-12-26,0.81
QX-PRO-870,2025-12-26,,0.79
QX-DRY-871,2024-08-19,2026-02-24,1.38
QX-DRY-871,2026-02-24,2026-02-24,1.49
QX-DRY-871,2026-02-24,,1.66
QX-CER-872,2025-01-21,2025-10-07,2.57
QX-CER-872,2025-10-07,2026-01-22,2.60
QX-CER-872,2026-01-22,2026-01-22,2.79
QX-CER-872,2026-01-22,2026-01-22,2.96
QX-CER-872,2026-01-22,2026-01-22,3.03
QX-CER-872,2026-01-22,2026-01-22,3.22
QX-CER-872,2026-01-22,,2.95
QX-PRO-873,2023-12-11,2026-02-24,3.53
QX-PRO-873,2026-02-24,2026-02-24,3.83
QX-PRO-873,2026-02-24,2026-02-24,3.92
QX-PRO-873,2026-02-24,2026-02-24,4.26
QX-PRO-873,2026-02-24,2026-02-24,4.42
QX-PRO-873,2026-02-24,,4.27
QX-BAK-874,2024-11-01,2025-11-12,2.27
QX-BAK-874,2025-11-12,2025-11-12,2.30
QX-BAK-874,2025-11-12,2025-11-12,2.43
QX-BAK-874,2025-11-12,2025-11-12,2.52
QX-BAK-874,2025-11-12,,2.59
QX-TIN-875,2024-09-18,2026-01-12,0.76
QX-TIN-875,2026-01-12,2026-01-12,0.77
QX-TIN-875,2026-01-12,2026-01-12,0.83
QX-TIN-875,2026-01-12,2026-01-12,0.85
QX-TIN-875,2026-01-12,2026-01-12,0.87
QX-TIN-875,2026-01-12,,0.90
QX-PRO-876,2024-10-30,2026-02-18,0.95
QX-PRO-876,2026-02-18,2026-02-18,0.96
QX-PRO-876,2026-02-18,2026-02-18,1.00
QX-PRO-876,2026-02-18,2026-02-18,1.05
QX-PRO-876,2026-02-18,,1.05
QX-HBC-877,2023-12-21,2025-11-05,2.81
QX-HBC-877,2025-11-05,2025-11-05,2.94
QX-HBC-877,2025-11-05,2025-11-05,3.16
QX-HBC-877,2025-11-05,,3.26
QX-HHD-878,2023-11-25,2026-03-08,8.66
QX-HHD-878,2026-03-08,2026-03-08,8.92
QX-HHD-878,2026-03-08,2026-03-08,9.61
QX-HHD-878,2026-03-08,,9.18
QX-BWS-879,2024-06-10,2025-11-03,26.50
QX-BWS-879,2025-11-03,2025-11-20,27.92
QX-BWS-879,2025-11-20,,28.19
QX-DRY-880,2024-12-24,2025-11-09,5.41
QX-DRY-880,2025-11-09,2025-12-30,5.73
QX-DRY-880,2025-12-30,2025-12-30,5.81
QX-DRY-880,2025-12-30,2026-03-31,6.26
QX-DRY-880,2026-03-31,,6.33
QX-PRO-881,2024-01-18,2026-01-02,1.05
QX-PRO-881,2026-01-02,2026-02-09,1.13
QX-PRO-881,2026-02-09,2026-02-09,1.20
QX-PRO-881,2026-02-09,2026-02-09,1.23
QX-PRO-881,2026-02-09,2026-02-09,1.32
QX-PRO-881,2026-02-09,,1.23
QX-BWS-882,2025-03-03,2025-10-16,29.58
QX-BWS-882,2025-10-16,2025-12-01,30.86
QX-BWS-882,2025-12-01,2026-01-14,33.33
QX-BWS-882,2026-01-14,2026-01-14,34.69
QX-BWS-882,2026-01-14,2026-01-28,37.11
QX-BWS-882,2026-01-28,2026-01-28,39.27
QX-BWS-882,2026-01-28,,34.41
QX-DRY-883,2024-03-12,2026-03-19,3.12
QX-DRY-883,2026-03-19,2026-03-19,3.29
QX-DRY-883,2026-03-19,2026-03-19,3.40
QX-DRY-883,2026-03-19,,3.62
QX-TIN-884,2025-02-08,2025-11-10,2.36
QX-TIN-884,2025-11-10,2025-12-29,2.47
QX-TIN-884,2025-12-29,2026-02-16,2.69
QX-TIN-884,2026-02-16,2026-02-16,2.86
QX-TIN-884,2026-02-16,2026-02-16,2.91
QX-TIN-884,2026-02-16,,2.81
QX-PET-885,2024-07-08,2025-11-01,3.34
QX-PET-885,2025-11-01,2025-11-03,3.45
QX-PET-885,2025-11-03,2025-11-03,3.75
QX-PET-885,2025-11-03,,3.97
QX-HBC-886,2025-01-21,2025-09-30,5.18
QX-HBC-886,2025-09-30,2026-03-02,5.57
QX-HBC-886,2026-03-02,2026-03-02,6.01
QX-HBC-886,2026-03-02,,6.15
QX-CHL-887,2024-09-19,2026-03-01,2.22
QX-CHL-887,2026-03-01,2026-03-01,2.35
QX-CHL-887,2026-03-01,2026-03-01,2.44
QX-CHL-887,2026-03-01,2026-03-01,2.63
QX-CHL-887,2026-03-01,2026-03-01,2.83
QX-CHL-887,2026-03-01,,2.37
QX-CHL-888,2025-01-17,2025-08-03,5.13
QX-CHL-888,2025-08-03,2026-02-18,5.27
QX-CHL-888,2026-02-18,2026-02-18,5.32
QX-CHL-888,2026-02-18,2026-03-12,5.39
QX-CHL-888,2026-03-12,2026-03-12,5.62
QX-CHL-888,2026-03-12,,6.16
QX-CER-889,2024-06-04,2025-10-19,2.78
QX-CER-889,2025-10-19,2025-10-19,2.82
QX-CER-889,2025-10-19,2025-10-19,2.93
QX-CER-889,2025-10-19,2025-10-19,2.99
QX-CER-889,2025-10-19,2026-03-10,3.25
QX-CER-889,2026-03-10,,3.35
QX-HHD-890,2024-11-26,2025-09-11,9.60
QX-HHD-890,2025-09-11,2025-09-11,10.05
QX-HHD-890,2025-09-11,,11.09
QX-DRK-891,2024-04-25,2025-09-20,1.53
QX-DRK-891,2025-09-20,2026-02-16,1.64
QX-DRK-891,2026-02-16,2026-02-16,1.69
QX-DRK-891,2026-02-16,2026-02-16,1.79
QX-DRK-891,2026-02-16,2026-02-16,1.82
QX-DRK-891,2026-02-16,,1.73
QX-HHD-892,2024-07-30,2025-12-27,3.77
QX-HHD-892,2025-12-27,,4.22
QX-DRY-893,2025-02-20,2025-12-06,5.96
QX-DRY-893,2025-12-06,2025-12-06,6.39
QX-DRY-893,2025-12-06,2025-12-06,6.52
QX-DRY-893,2025-12-06,2026-02-12,6.68
QX-DRY-893,2026-02-12,,6.91
QX-BWS-894,2024-10-02,2025-12-17,20.60
QX-BWS-894,2025-12-17,,22.53
QX-PRO-895,2024-09-28,2026-03-20,2.44
QX-PRO-895,2026-03-20,,2.94
QX-PRO-896,2024-04-07,2025-07-14,1.22
QX-PRO-896,2025-07-14,2025-07-14,1.33
QX-PRO-896,2025-07-14,2026-01-09,1.39
QX-PRO-896,2026-01-09,2026-01-09,1.43
QX-PRO-896,2026-01-09,2026-01-09,1.46
QX-PRO-896,2026-01-09,2026-01-09,1.47
QX-PRO-896,2026-01-09,,1.38
QX-CHL-897,2024-09-27,2025-08-12,4.23
QX-CHL-897,2025-08-12,2025-08-12,4.32
QX-CHL-897,2025-08-12,2025-09-06,4.69
QX-CHL-897,2025-09-06,,4.62
QX-PET-898,2024-07-13,2025-08-05,10.22
QX-PET-898,2025-08-05,2025-09-10,10.63
QX-PET-898,2025-09-10,2025-10-19,11.15
QX-PET-898,2025-10-19,2025-10-19,11.40
QX-PET-898,2025-10-19,,10.90
QX-PRO-899,2024-10-07,2026-01-28,2.55
QX-PRO-899,2026-01-28,2026-03-30,2.69
QX-PRO-899,2026-03-30,,2.91
QX-BWS-900,2024-06-13,2026-01-14,29.66
QX-BWS-900,2026-01-14,2026-01-14,30.63
QX-BWS-900,2026-01-14,2026-01-29,31.70
QX-BWS-900,2026-01-29,2026-01-29,33.69
QX-BWS-900,2026-01-29,2026-01-29,35.82
QX-BWS-900,2026-01-29,2026-01-29,36.37
QX-BWS-900,2026-01-29,,33.45
QX-CER-901,2024-03-20,2025-09-03,3.62
QX-CER-901,2025-09-03,2026-02-11,3.86
QX-CER-901,2026-02-11,2026-02-11,4.07
QX-CER-901,2026-02-11,2026-02-11,4.26
QX-CER-901,2026-02-11,,3.83
QX-HBC-902,2023-12-19,2026-02-07,5.12
QX-HBC-902,2026-02-07,2026-02-07,5.55
QX-HBC-902,2026-02-07,2026-02-07,5.83
QX-HBC-902,2026-02-07,,5.76
QX-PET-903,2024-10-23,2025-10-15,0.70
QX-PET-903,2025-10-15,2025-10-15,0.71
QX-PET-903,2025-10-15,,0.83
QX-FRZ-904,2025-01-16,2025-08-03,5.12
QX-FRZ-904,2025-08-03,2025-11-14,5.26
QX-FRZ-904,2025-11-14,2025-11-14,5.62
QX-FRZ-904,2025-11-14,,5.42
QX-DRK-905,2024-06-08,2026-02-10,2.07
QX-DRK-905,2026-02-10,2026-02-10,2.26
QX-DRK-905,2026-02-10,,2.41
QX-CHL-906,2024-10-24,2025-11-10,6.25
QX-CHL-906,2025-11-10,,6.88
QX-FRZ-907,2025-04-26,2025-10-31,6.50
QX-FRZ-907,2025-10-31,2026-01-12,6.93
QX-FRZ-907,2026-01-12,2026-01-12,7.29
QX-FRZ-907,2026-01-12,2026-01-12,7.52
QX-FRZ-907,2026-01-12,2026-01-12,7.86
QX-FRZ-907,2026-01-12,,7.00
QX-PET-908,2025-03-26,2026-01-12,3.56
QX-PET-908,2026-01-12,2026-01-12,3.84
QX-PET-908,2026-01-12,2026-01-12,3.99
QX-PET-908,2026-01-12,2026-01-12,4.32
QX-PET-908,2026-01-12,2026-01-12,4.40
QX-PET-908,2026-01-12,,4.12
QX-HHD-909,2024-02-26,2025-09-29,8.80
QX-HHD-909,2025-09-29,2025-09-29,9.49
QX-HHD-909,2025-09-29,2026-01-12,9.95
QX-HHD-909,2026-01-12,2026-01-12,10.47
QX-HHD-909,2026-01-12,2026-01-12,11.36
QX-HHD-909,2026-01-12,2026-01-12,11.78
QX-HHD-909,2026-01-12,,9.56
QX-DRY-910,2024-08-20,2025-10-19,2.34
QX-DRY-910,2025-10-19,2026-03-22,2.45
QX-DRY-910,2026-03-22,2026-03-22,2.49
QX-DRY-910,2026-03-22,2026-03-22,2.71
QX-DRY-910,2026-03-22,2026-03-22,2.90
QX-DRY-910,2026-03-22,,2.72
QX-HBC-911,2023-12-11,2026-03-19,9.12
QX-HBC-911,2026-03-19,2026-03-19,9.44
QX-HBC-911,2026-03-19,,10.98
QX-BAK-912,2024-10-24,2025-08-27,3.54
QX-BAK-912,2025-08-27,2026-03-19,3.86
QX-BAK-912,2026-03-19,2026-03-19,4.18
QX-BAK-912,2026-03-19,,3.88
QX-DRY-913,2025-04-08,2025-10-21,5.01
QX-DRY-913,2025-10-21,2025-10-21,5.22
QX-DRY-913,2025-10-21,2025-10-21,5.30
QX-DRY-913,2025-10-21,,5.32
QX-TIN-914,2024-08-26,2025-07-16,0.45
QX-TIN-914,2025-07-16,2025-11-29,0.48
QX-TIN-914,2025-11-29,2025-11-29,0.53
QX-TIN-914,2025-11-29,,0.55
QX-TIN-915,2024-07-16,2025-09-10,2.03
QX-TIN-915,2025-09-10,2025-09-29,2.07
QX-TIN-915,2025-09-29,2025-12-18,2.24
QX-TIN-915,2025-12-18,2026-01-23,2.41
QX-TIN-915,2026-01-23,,2.31
QX-FRZ-916,2023-10-25,2026-03-06,2.30
QX-FRZ-916,2026-03-06,2026-03-06,2.37
QX-FRZ-916,2026-03-06,2026-03-06,2.41
QX-FRZ-916,2026-03-06,2026-03-12,2.44
QX-FRZ-916,2026-03-12,2026-03-12,2.52
QX-FRZ-916,2026-03-12,,2.55
QX-PRO-917,2024-03-17,2026-02-11,2.39
QX-PRO-917,2026-02-11,2026-03-09,2.50
QX-PRO-917,2026-03-09,,2.77
QX-PET-918,2025-04-16,2025-07-30,3.94
QX-PET-918,2025-07-30,2025-09-15,4.03
QX-PET-918,2025-09-15,,4.53
QX-BAK-919,2024-01-02,2025-11-26,6.45
QX-BAK-919,2025-11-26,2026-03-28,6.67
QX-BAK-919,2026-03-28,2026-03-28,6.91
QX-BAK-919,2026-03-28,2026-03-28,7.24
QX-BAK-919,2026-03-28,2026-03-28,7.49
QX-BAK-919,2026-03-28,,7.09
QX-HBC-920,2024-05-26,2025-08-24,1.59
QX-HBC-920,2025-08-24,2026-02-27,1.72
QX-HBC-920,2026-02-27,2026-02-27,1.78
QX-HBC-920,2026-02-27,2026-02-27,1.94
QX-HBC-920,2026-02-27,2026-02-27,2.11
QX-HBC-920,2026-02-27,,1.82
QX-DRY-921,2025-02-13,2026-02-23,3.77
QX-DRY-921,2026-02-23,2026-02-23,3.90
QX-DRY-921,2026-02-23,2026-02-23,4.03
QX-DRY-921,2026-02-23,,4.51
QX-DRY-922,2024-01-04,2025-08-18,5.74
QX-DRY-922,2025-08-18,2026-01-09,6.09
QX-DRY-922,2026-01-09,2026-01-09,6.33
QX-DRY-922,2026-01-09,,6.64
QX-BAK-923,2025-02-26,2026-01-06,3.35
QX-BAK-923,2026-01-06,2026-03-24,3.56
QX-BAK-923,2026-03-24,2026-03-24,3.62
QX-BAK-923,2026-03-24,,4.02
QX-CHL-924,2024-08-13,2025-12-08,5.18
QX-CHL-924,2025-12-08,2026-02-18,5.61
QX-CHL-924,2026-02-18,2026-02-18,5.68
QX-CHL-924,2026-02-18,2026-02-18,5.91
QX-CHL-924,2026-02-18,2026-02-18,6.15
QX-CHL-924,2026-02-18,2026-02-18,6.61
QX-CHL-924,2026-02-18,,5.90
QX-BAK-925,2023-12-26,2025-07-25,5.84
QX-BAK-925,2025-07-25,2025-09-25,6.23
QX-BAK-925,2025-09-25,2025-09-25,6.60
QX-BAK-925,2025-09-25,2025-11-24,6.74
QX-BAK-925,2025-11-24,,6.47
QX-HBC-926,2024-06-04,2025-07-19,2.16
QX-HBC-926,2025-07-19,2026-01-09,2.29
QX-HBC-926,2026-01-09,,2.52
QX-TIN-927,2024-11-09,2026-02-10,1.70
QX-TIN-927,2026-02-10,2026-02-10,1.75
QX-TIN-927,2026-02-10,2026-03-21,1.85
QX-TIN-927,2026-03-21,2026-03-21,2.00
QX-TIN-927,2026-03-21,,1.96
QX-BWS-928,2024-01-29,2025-11-27,16.71
QX-BWS-928,2025-11-27,2025-11-27,17.87
QX-BWS-928,2025-11-27,2025-11-27,18.51
QX-BWS-928,2025-11-27,,18.76
QX-DRY-929,2024-05-13,2026-01-20,1.67
QX-DRY-929,2026-01-20,2026-02-17,1.77
QX-DRY-929,2026-02-17,2026-02-17,1.80
QX-DRY-929,2026-02-17,2026-02-17,1.94
QX-DRY-929,2026-02-17,,1.90
QX-DRK-930,2025-04-16,2025-07-15,5.19
QX-DRK-930,2025-07-15,,5.66
QX-FRZ-931,2025-02-21,2025-10-15,1.79
QX-FRZ-931,2025-10-15,2025-11-03,1.84
QX-FRZ-931,2025-11-03,2025-11-03,1.89
QX-FRZ-931,2025-11-03,,1.97
QX-PET-932,2024-07-20,2025-11-28,0.82
QX-PET-932,2025-11-28,,0.88
QX-CER-933,2024-01-18,2025-08-27,1.11
QX-CER-933,2025-08-27,,1.25
QX-PRO-934,2023-11-10,2026-03-24,0.46
QX-PRO-934,2026-03-24,2026-03-24,0.48
QX-PRO-934,2026-03-24,2026-03-24,0.50
QX-PRO-934,2026-03-24,,0.50
QX-TIN-935,2024-07-17,2025-07-31,2.45
QX-TIN-935,2025-07-31,2026-03-13,2.65
QX-TIN-935,2026-03-13,2026-03-13,2.84
QX-TIN-935,2026-03-13,,2.77
QX-CER-936,2023-11-08,2025-07-09,1.59
QX-CER-936,2025-07-09,2025-09-23,1.61
QX-CER-936,2025-09-23,2026-02-08,1.70
QX-CER-936,2026-02-08,2026-02-08,1.79
QX-CER-936,2026-02-08,2026-02-08,1.86
QX-CER-936,2026-02-08,2026-02-08,1.94
QX-CER-936,2026-02-08,,1.90
QX-TIN-937,2025-03-30,2025-08-31,0.46
QX-TIN-937,2025-08-31,2025-09-11,0.48
QX-TIN-937,2025-09-11,2025-12-27,0.50
QX-TIN-937,2025-12-27,,0.55
QX-FRZ-938,2024-04-18,2025-10-10,7.48
QX-FRZ-938,2025-10-10,2026-01-06,7.74
QX-FRZ-938,2026-01-06,2026-01-06,8.15
QX-FRZ-938,2026-01-06,2026-01-06,8.36
QX-FRZ-938,2026-01-06,2026-01-06,8.49
QX-FRZ-938,2026-01-06,,8.59
QX-BAK-939,2024-08-19,2025-10-18,4.97
QX-BAK-939,2025-10-18,2026-03-11,5.17
QX-BAK-939,2026-03-11,2026-03-11,5.42
QX-BAK-939,2026-03-11,2026-03-13,5.84
QX-BAK-939,2026-03-13,,5.52
QX-BWS-940,2024-10-10,2025-12-31,8.34
QX-BWS-940,2025-12-31,2025-12-31,9.08
QX-BWS-940,2025-12-31,2025-12-31,9.34
QX-BWS-940,2025-12-31,2025-12-31,10.08
QX-BWS-940,2025-12-31,,10.06
QX-BAK-941,2024-10-03,2025-11-04,1.14
QX-BAK-941,2025-11-04,2025-11-04,1.22
QX-BAK-941,2025-11-04,,1.31
QX-DRK-942,2025-01-08,2026-01-08,4.59
QX-DRK-942,2026-01-08,2026-03-22,5.00
QX-DRK-942,2026-03-22,2026-03-22,5.37
QX-DRK-942,2026-03-22,,5.10
QX-HHD-943,2024-10-20,2026-03-03,7.21
QX-HHD-943,2026-03-03,2026-03-03,7.45
QX-HHD-943,2026-03-03,,8.00
QX-TIN-944,2023-11-09,2025-11-18,1.74
QX-TIN-944,2025-11-18,2025-11-18,1.88
QX-TIN-944,2025-11-18,2025-11-18,1.95
QX-TIN-944,2025-11-18,,2.11
QX-BWS-945,2024-01-19,2026-02-08,23.02
QX-BWS-945,2026-02-08,2026-02-08,24.80
QX-BWS-945,2026-02-08,2026-02-08,26.49
QX-BWS-945,2026-02-08,2026-02-08,26.93
QX-BWS-945,2026-02-08,2026-02-08,27.70
QX-BWS-945,2026-02-08,2026-02-08,28.96
QX-BWS-945,2026-02-08,,26.79
QX-PET-946,2024-12-10,2025-07-05,3.45
QX-PET-946,2025-07-05,2025-08-27,3.57
QX-PET-946,2025-08-27,,4.02
QX-BAK-947,2025-06-04,2025-12-19,2.86
QX-BAK-947,2025-12-19,2026-02-24,2.95
QX-BAK-947,2026-02-24,2026-02-24,3.02
QX-BAK-947,2026-02-24,2026-02-24,3.21
QX-BAK-947,2026-02-24,2026-02-24,3.37
QX-BAK-947,2026-02-24,2026-03-17,3.43
QX-BAK-947,2026-03-17,,3.23
QX-BAK-948,2024-09-01,2025-11-03,2.12
QX-BAK-948,2025-11-03,,2.58
QX-DRK-949,2024-11-11,2025-10-31,1.42
QX-DRK-949,2025-10-31,2026-02-04,1.53
QX-DRK-949,2026-02-04,,1.58
QX-PRO-950,2024-03-21,2025-12-04,1.66
QX-PRO-950,2025-12-04,2025-12-14,1.72
QX-PRO-950,2025-12-14,2026-02-10,1.80
QX-PRO-950,2026-02-10,2026-02-10,1.96
QX-PRO-950,2026-02-10,2026-02-10,2.01
QX-PRO-950,2026-02-10,,1.73
QX-TIN-951,2025-01-24,2025-11-08,1.23
QX-TIN-951,2025-11-08,2025-11-08,1.25
QX-TIN-951,2025-11-08,2025-12-31,1.27
QX-TIN-951,2025-12-31,2026-03-09,1.30
QX-TIN-951,2026-03-09,2026-03-09,1.32
QX-TIN-951,2026-03-09,2026-03-22,1.44
QX-TIN-951,2026-03-22,,1.36
QX-CHL-952,2024-06-25,2025-08-08,5.13
QX-CHL-952,2025-08-08,2025-12-31,5.34
QX-CHL-952,2025-12-31,2025-12-31,5.67
QX-CHL-952,2025-12-31,2025-12-31,5.77
QX-CHL-952,2025-12-31,2025-12-31,6.27
QX-CHL-952,2025-12-31,,5.35
QX-BAK-953,2024-03-06,2025-10-31,3.71
QX-BAK-953,2025-10-31,2026-01-04,3.82
QX-BAK-953,2026-01-04,2026-03-19,4.12
QX-BAK-953,2026-03-19,2026-03-19,4.18
QX-BAK-953,2026-03-19,,4.17
QX-CER-954,2025-05-10,2026-01-11,2.71
QX-CER-954,2026-01-11,2026-02-19,2.85
QX-CER-954,2026-02-19,,3.26
QX-TIN-955,2024-08-27,2026-01-18,1.78
QX-TIN-955,2026-01-18,2026-01-18,1.82
QX-TIN-955,2026-01-18,2026-01-18,1.95
QX-TIN-955,2026-01-18,2026-01-18,2.03
QX-TIN-955,2026-01-18,2026-01-18,2.11
QX-TIN-955,2026-01-18,2026-01-18,2.22
QX-TIN-955,2026-01-18,,2.08
QX-CHL-956,2025-02-02,2025-10-01,4.35
QX-CHL-956,2025-10-01,2026-01-10,4.70
QX-CHL-956,2026-01-10,,4.82
QX-TIN-957,2024-10-11,2025-09-11,2.03
QX-TIN-957,2025-09-11,2025-09-11,2.18
QX-TIN-957,2025-09-11,,2.15
QX-DRK-958,2024-04-10,2026-02-06,0.74
QX-DRK-958,2026-02-06,2026-02-06,0.77
QX-DRK-958,2026-02-06,2026-02-06,0.82
QX-DRK-958,2026-02-06,2026-02-06,0.84
QX-DRK-958,2026-02-06,2026-02-06,0.85
QX-DRK-958,2026-02-06,,0.79
QX-HBC-959,2023-11-19,2025-10-25,11.86
QX-HBC-959,2025-10-25,2025-10-25,12.63
QX-HBC-959,2025-10-25,,13.97
QX-CER-960,2023-12-07,2025-10-12,1.66
QX-CER-960,2025-10-12,2026-02-04,1.80
QX-CER-960,2026-02-04,,1.91
QX-TIN-961,2024-09-18,2025-10-23,0.58
QX-TIN-961,2025-10-23,2026-01-08,0.59
QX-TIN-961,2026-01-08,2026-01-08,0.63
QX-TIN-961,2026-01-08,,0.61
QX-BWS-962,2023-10-24,2025-12-14,31.86
QX-BWS-962,2025-12-14,2025-12-14,33.38
QX-BWS-962,2025-12-14,,36.72
QX-CHL-963,2024-05-16,2025-12-04,1.37
QX-CHL-963,2025-12-04,2025-12-04,1.45
QX-CHL-963,2025-12-04,2025-12-04,1.46
QX-CHL-963,2025-12-04,,1.51
QX-BAK-964,2024-02-01,2025-08-06,1.03
QX-BAK-964,2025-08-06,2025-11-15,1.06
QX-BAK-964,2025-11-15,2025-11-15,1.13
QX-BAK-964,2025-11-15,2025-11-15,1.21
QX-BAK-964,2025-11-15,2025-11-15,1.30
QX-BAK-964,2025-11-15,2025-11-15,1.41
QX-BAK-964,2025-11-15,,1.19
QX-BAK-965,2024-06-02,2025-08-03,1.75
QX-BAK-965,2025-08-03,2025-08-27,1.90
QX-BAK-965,2025-08-27,,1.84
QX-CHL-966,2025-03-16,2025-08-01,3.40
QX-CHL-966,2025-08-01,2025-08-15,3.57
QX-CHL-966,2025-08-15,2025-08-15,3.80
QX-CHL-966,2025-08-15,2026-01-12,4.04
QX-CHL-966,2026-01-12,2026-01-12,4.37
QX-CHL-966,2026-01-12,,3.72
QX-PET-967,2025-05-14,2025-12-22,3.47
QX-PET-967,2025-12-22,2026-02-20,3.74
QX-PET-967,2026-02-20,2026-02-20,3.98
QX-PET-967,2026-02-20,2026-02-20,4.26
QX-PET-967,2026-02-20,2026-02-20,4.46
QX-PET-967,2026-02-20,2026-03-09,4.84
QX-PET-967,2026-03-09,,3.95
QX-FRZ-968,2025-03-10,2025-10-22,6.93
QX-FRZ-968,2025-10-22,2025-10-22,7.50
QX-FRZ-968,2025-10-22,2026-02-02,7.87
QX-FRZ-968,2026-02-02,2026-02-02,8.39
QX-FRZ-968,2026-02-02,2026-02-02,8.76
QX-FRZ-968,2026-02-02,2026-02-02,9.05
QX-FRZ-968,2026-02-02,,8.01
QX-PET-969,2024-02-12,2025-09-13,9.70
QX-PET-969,2025-09-13,,10.92
QX-BAK-970,2023-10-18,2025-08-26,3.26
QX-BAK-970,2025-08-26,2026-02-18,3.54
QX-BAK-970,2026-02-18,2026-02-18,3.70
QX-BAK-970,2026-02-18,2026-02-18,4.00
QX-BAK-970,2026-02-18,2026-02-18,4.09
QX-BAK-970,2026-02-18,,3.79
QX-CHL-971,2025-01-18,2025-09-07,15.62
QX-CHL-971,2025-09-07,2025-09-18,16.70
QX-CHL-971,2025-09-18,2025-09-18,17.01
QX-CHL-971,2025-09-18,2026-03-08,17.59
QX-CHL-971,2026-03-08,,16.48
QX-DRY-972,2024-11-13,2025-09-26,3.09
QX-DRY-972,2025-09-26,2026-01-13,3.20
QX-DRY-972,2026-01-13,,3.36
QX-CHL-973,2025-04-20,2025-10-31,19.64
QX-CHL-973,2025-10-31,2026-01-05,21.38
QX-CHL-973,2026-01-05,2026-01-05,22.96
QX-CHL-973,2026-01-05,2026-01-05,23.92
QX-CHL-973,2026-01-05,2026-01-05,25.29
QX-CHL-973,2026-01-05,2026-01-05,27.12
QX-CHL-973,2026-01-05,,22.77
QX-PET-974,2024-03-17,2025-09-22,1.94
QX-PET-974,2025-09-22,2026-01-02,2.06
QX-PET-974,2026-01-02,,2.18
QX-BAK-975,2024-04-09,2025-08-22,3.31
QX-BAK-975,2025-08-22,2026-03-14,3.53
QX-BAK-975,2026-03-14,,3.74
QX-HBC-976,2024-03-28,2026-03-14,3.68
QX-HBC-976,2026-03-14,2026-03-14,3.79
QX-HBC-976,2026-03-14,2026-03-14,3.85
QX-HBC-976,2026-03-14,,4.33
QX-PET-977,2024-10-09,2025-07-02,7.91
QX-PET-977,2025-07-02,2025-07-23,8.59
QX-PET-977,2025-07-23,,8.55
QX-HBC-978,2024-07-20,2025-07-06,12.95
QX-HBC-978,2025-07-06,,14.34
QX-TIN-979,2024-01-28,2025-07-20,1.89
QX-TIN-979,2025-07-20,2026-03-06,2.04
QX-TIN-979,2026-03-06,2026-03-06,2.09
QX-TIN-979,2026-03-06,2026-03-06,2.23
QX-TIN-979,2026-03-06,2026-03-06,2.36
QX-TIN-979,2026-03-06,,2.15
QX-TIN-980,2024-05-11,2025-08-05,1.55
QX-TIN-980,2025-08-05,2025-09-13,1.67
QX-TIN-980,2025-09-13,2025-10-16,1.73
QX-TIN-980,2025-10-16,2026-03-24,1.82
QX-TIN-980,2026-03-24,,1.79
QX-HBC-981,2024-05-23,2025-08-25,5.09
QX-HBC-981,2025-08-25,2025-10-14,5.19
QX-HBC-981,2025-10-14,2025-10-31,5.48
QX-HBC-981,2025-10-31,2025-10-31,5.88
QX-HBC-981,2025-10-31,,5.42
QX-TIN-982,2024-06-15,2025-08-28,2.08
QX-TIN-982,2025-08-28,2025-08-28,2.14
QX-TIN-982,2025-08-28,2025-08-28,2.33
QX-TIN-982,2025-08-28,,2.42
QX-PET-983,2024-06-04,2025-11-20,1.80
QX-PET-983,2025-11-20,2026-03-31,1.94
QX-PET-983,2026-03-31,2026-03-31,2.07
QX-PET-983,2026-03-31,2026-03-31,2.13
QX-PET-983,2026-03-31,,2.01
QX-FRZ-984,2023-12-07,2025-07-24,5.04
QX-FRZ-984,2025-07-24,2025-07-24,5.20
QX-FRZ-984,2025-07-24,,6.06
QX-HHD-985,2023-10-25,2026-02-06,6.36
QX-HHD-985,2026-02-06,2026-02-06,6.88
QX-HHD-985,2026-02-06,2026-02-06,7.02
QX-HHD-985,2026-02-06,2026-02-06,7.30
QX-HHD-985,2026-02-06,2026-02-06,7.84
QX-HHD-985,2026-02-06,2026-02-06,8.16
QX-HHD-985,2026-02-06,,6.95
QX-CHL-986,2025-05-29,2025-07-27,4.71
QX-CHL-986,2025-07-27,2026-02-24,5.06
QX-CHL-986,2026-02-24,2026-02-24,5.29
QX-CHL-986,2026-02-24,2026-02-24,5.65
QX-CHL-986,2026-02-24,2026-02-24,5.80
QX-CHL-986,2026-02-24,,5.65
QX-BWS-987,2025-04-23,2025-11-24,9.85
QX-BWS-987,2025-11-24,2025-11-24,10.32
QX-BWS-987,2025-11-24,2025-11-24,10.92
QX-BWS-987,2025-11-24,,11.32
QX-CER-988,2024-02-24,2025-12-02,3.64
QX-CER-988,2025-12-02,2026-02-28,3.75
QX-CER-988,2026-02-28,2026-02-28,4.03
QX-CER-988,2026-02-28,,3.87
QX-FRZ-989,2024-10-11,2025-11-08,6.28
QX-FRZ-989,2025-11-08,2026-01-15,6.60
QX-FRZ-989,2026-01-15,,7.03
QX-FRZ-990,2024-07-09,2026-02-04,6.50
QX-FRZ-990,2026-02-04,2026-02-04,7.08
QX-FRZ-990,2026-02-04,2026-02-23,7.28
QX-FRZ-990,2026-02-23,2026-02-23,7.74
QX-FRZ-990,2026-02-23,2026-02-27,8.05
QX-FRZ-990,2026-02-27,2026-02-27,8.13
QX-FRZ-990,2026-02-27,,6.98
QX-PET-991,2024-07-10,2025-07-28,6.02
QX-PET-991,2025-07-28,2025-07-28,6.39
QX-PET-991,2025-07-28,2025-09-09,6.57
QX-PET-991,2025-09-09,2025-12-08,7.15
QX-PET-991,2025-12-08,,6.62
QX-HBC-992,2023-12-31,2025-08-16,4.51
QX-HBC-992,2025-08-16,2025-12-22,4.76
QX-HBC-992,2025-12-22,2025-12-24,5.03
QX-HBC-992,2025-12-24,2025-12-24,5.17
QX-HBC-992,2025-12-24,2025-12-24,5.51
QX-HBC-992,2025-12-24,2025-12-24,5.60
QX-HBC-992,2025-12-24,,5.04
QX-HHD-993,2024-07-26,2026-02-28,1.68
QX-HHD-993,2026-02-28,2026-02-28,1.83
QX-HHD-993,2026-02-28,2026-02-28,1.92
QX-HHD-993,2026-02-28,,2.03
QX-TIN-994,2023-10-17,2025-09-06,0.87
QX-TIN-994,2025-09-06,,1.05
QX-CHL-995,2024-12-25,2025-08-23,5.82
QX-CHL-995,2025-08-23,2025-09-21,6.24
QX-CHL-995,2025-09-21,,6.67
QX-BAK-996,2024-07-10,2025-08-01,2.21
QX-BAK-996,2025-08-01,2026-01-05,2.31
QX-BAK-996,2026-01-05,2026-03-22,2.51
QX-BAK-996,2026-03-22,2026-03-22,2.72
QX-BAK-996,2026-03-22,2026-03-28,2.83
QX-BAK-996,2026-03-28,2026-03-28,3.00
QX-BAK-996,2026-03-28,,2.43
QX-CER-997,2025-04-09,2025-07-13,1.89
QX-CER-997,2025-07-13,2025-12-25,2.02
QX-CER-997,2025-12-25,2025-12-25,2.15
QX-CER-997,2025-12-25,2025-12-25,2.34
QX-CER-997,2025-12-25,,2.25
QX-CHL-998,2024-09-15,2025-07-08,1.37
QX-CHL-998,2025-07-08,2025-07-08,1.46
QX-CHL-998,2025-07-08,2026-03-27,1.58
QX-CHL-998,2026-03-27,2026-03-27,1.64
QX-CHL-998,2026-03-27,2026-03-27,1.69
QX-CHL-998,2026-03-27,2026-03-27,1.74
QX-CHL-998,2026-03-27,,1.64
QX-PET-999,2025-01-18,2026-01-28,4.35
QX-PET-999,2026-01-28,2026-02-01,4.71
QX-PET-999,2026-02-01,2026-02-01,5.09
QX-PET-999,2026-02-01,2026-02-01,5.38
QX-PET-999,2026-02-01,2026-02-01,5.62
QX-PET-999,2026-02-01,,5.15
QX-DRK-000,2025-02-27,2025-09-21,4.22
QX-DRK-000,2025-09-21,2026-01-02,4.31
QX-DRK-000,2026-01-02,2026-01-02,4.45
QX-DRK-000,2026-01-02,2026-01-02,4.67
QX-DRK-000,2026-01-02,2026-01-02,4.91
QX-DRK-000,2026-01-02,2026-01-14,5.01
QX-DRK-000,2026-01-14,,5.14
QX-HHD-001,2025-03-30,2026-01-18,3.64
QX-HHD-001,2026-01-18,2026-01-18,3.79
QX-HHD-001,2026-01-18,2026-01-18,4.01
QX-HHD-001,2026-01-18,,4.42
QX-TIN-002,2025-03-20,2025-07-14,0.90
QX-TIN-002,2025-07-14,2026-03-07,0.93
QX-TIN-002,2026-03-07,2026-03-07,0.98
QX-TIN-002,2026-03-07,2026-03-07,1.07
QX-TIN-002,2026-03-07,2026-03-07,1.09
QX-TIN-002,2026-03-07,2026-03-20,1.13
QX-TIN-002,2026-03-20,,0.96
QX-HBC-003,2024-07-07,2026-01-04,10.58
QX-HBC-003,2026-01-04,2026-02-25,10.94
QX-HBC-003,2026-02-25,2026-02-25,11.28
QX-HBC-003,2026-02-25,2026-02-25,12.18
QX-HBC-003,2026-02-25,2026-02-25,13.10
QX-HBC-003,2026-02-25,2026-02-25,14.16
QX-HBC-003,2026-02-25,,11.03
QX-CHL-004,2025-02-09,2025-09-01,16.60
QX-CHL-004,2025-09-01,2025-11-19,18.01
QX-CHL-004,2025-11-19,2025-11-19,18.93
QX-CHL-004,2025-11-19,,18.59
QX-DRK-005,2025-04-23,2025-07-12,1.58
QX-DRK-005,2025-07-12,2025-08-24,1.64
QX-DRK-005,2025-08-24,2026-01-02,1.76
QX-DRK-005,2026-01-02,2026-01-02,1.86
QX-DRK-005,2026-01-02,,1.84
QX-HHD-006,2024-04-23,2025-11-19,4.72
QX-HHD-006,2025-11-19,2025-11-19,4.85
QX-HHD-006,2025-11-19,2025-11-19,5.02
QX-HHD-006,2025-11-19,2025-11-19,5.09
QX-HHD-006,2025-11-19,,5.17
QX-TIN-007,2024-08-01,2025-08-31,1.01
QX-TIN-007,2025-08-31,2025-08-31,1.07
QX-TIN-007,2025-08-31,2025-08-31,1.11
QX-TIN-007,2025-08-31,,1.07
QX-BWS-008,2024-09-24,2025-12-18,29.83
QX-BWS-008,2025-12-18,,35.57
QX-HBC-009,2025-04-17,2026-02-27,11.33
QX-HBC-009,2026-02-27,2026-02-27,11.79
QX-HBC-009,2026-02-27,2026-03-16,12.45
QX-HBC-009,2026-03-16,,12.47
QX-PET-010,2025-04-10,2025-11-13,9.01
QX-PET-010,2025-11-13,2025-11-13,9.59
QX-PET-010,2025-11-13,2026-02-09,10.13
QX-PET-010,2026-02-09,,10.71
QX-FRZ-011,2024-04-05,2025-10-23,4.66
QX-FRZ-011,2025-10-23,2026-02-11,5.06
QX-FRZ-011,2026-02-11,2026-02-11,5.22
QX-FRZ-011,2026-02-11,2026-03-20,5.55
QX-FRZ-011,2026-03-20,2026-03-20,5.61
QX-FRZ-011,2026-03-20,,5.52
QX-DRY-012,2025-05-23,2025-10-22,2.01
QX-DRY-012,2025-10-22,2025-10-22,2.16
QX-DRY-012,2025-10-22,2025-10-22,2.29
QX-DRY-012,2025-10-22,2025-10-22,2.46
QX-DRY-012,2025-10-22,,2.35
QX-CHL-013,2024-11-11,2026-01-01,3.08
QX-CHL-013,2026-01-01,2026-02-21,3.14
QX-CHL-013,2026-02-21,2026-02-21,3.30
QX-CHL-013,2026-02-21,2026-02-21,3.54
QX-CHL-013,2026-02-21,,3.40
QX-FRZ-014,2025-01-01,2025-06-28,2.31
QX-FRZ-014,2025-06-28,2026-03-13,2.38
QX-FRZ-014,2026-03-13,2026-03-13,2.54
QX-FRZ-014,2026-03-13,2026-03-13,2.73
QX-FRZ-014,2026-03-13,,2.79
QX-BAK-015,2024-11-06,2026-02-17,6.13
QX-BAK-015,2026-02-17,2026-02-17,6.65
QX-BAK-015,2026-02-17,2026-02-17,6.78
QX-BAK-015,2026-02-17,2026-02-17,6.95
QX-BAK-015,2026-02-17,,7.30
QX-DRY-016,2024-05-01,2025-09-24,2.69
QX-DRY-016,2025-09-24,2025-09-24,2.92
QX-DRY-016,2025-09-24,2025-12-14,3.04
QX-DRY-016,2025-12-14,,3.13
QX-DRY-017,2025-04-01,2025-10-08,4.25
QX-DRY-017,2025-10-08,2026-03-18,4.56
QX-DRY-017,2026-03-18,,4.71
QX-CHL-018,2024-02-28,2026-01-08,9.86
QX-CHL-018,2026-01-08,2026-01-08,9.99
QX-CHL-018,2026-01-08,2026-01-08,10.77
QX-CHL-018,2026-01-08,,11.61
QX-DRY-019,2024-08-31,2025-11-10,3.93
QX-DRY-019,2025-11-10,2026-02-01,4.03
QX-DRY-019,2026-02-01,2026-02-01,4.21
QX-DRY-019,2026-02-01,2026-03-10,4.39
QX-DRY-019,2026-03-10,,4.20
QX-DRK-020,2024-03-22,2026-02-03,1.38
QX-DRK-020,2026-02-03,,1.57
QX-DRY-021,2025-02-17,2025-08-11,1.26
QX-DRY-021,2025-08-11,2025-08-11,1.29
QX-DRY-021,2025-08-11,2026-01-24,1.31
QX-DRY-021,2026-01-24,2026-01-24,1.33
QX-DRY-021,2026-01-24,,1.39
QX-BWS-022,2024-02-02,2026-01-03,4.33
QX-BWS-022,2026-01-03,2026-01-03,4.49
QX-BWS-022,2026-01-03,2026-01-03,4.63
QX-BWS-022,2026-01-03,2026-01-03,4.93
QX-BWS-022,2026-01-03,2026-01-03,5.15
QX-BWS-022,2026-01-03,,4.58
QX-CHL-023,2025-02-13,2026-01-06,14.15
QX-CHL-023,2026-01-06,2026-01-06,15.08
QX-CHL-023,2026-01-06,,14.81
QX-FRZ-024,2025-03-06,2026-01-10,5.38
QX-FRZ-024,2026-01-10,2026-01-10,5.73
QX-FRZ-024,2026-01-10,2026-01-10,6.12
QX-FRZ-024,2026-01-10,2026-01-10,6.34
QX-FRZ-024,2026-01-10,2026-01-12,6.41
QX-FRZ-024,2026-01-12,,6.45
QX-CHL-025,2024-06-24,2025-07-29,7.00
QX-CHL-025,2025-07-29,2026-03-04,7.34
QX-CHL-025,2026-03-04,2026-03-04,7.51
QX-CHL-025,2026-03-04,2026-03-04,7.93
QX-CHL-025,2026-03-04,,7.39
QX-DRY-026,2024-03-03,2025-12-16,0.96
QX-DRY-026,2025-12-16,2026-02-26,1.04
QX-DRY-026,2026-02-26,2026-02-26,1.09
QX-DRY-026,2026-02-26,2026-02-26,1.12
QX-DRY-026,2026-02-26,,1.14
QX-CER-027,2023-10-30,2026-03-23,3.43
QX-CER-027,2026-03-23,2026-03-23,3.64
QX-CER-027,2026-03-23,2026-03-23,3.72
QX-CER-027,2026-03-23,2026-03-23,3.86
QX-CER-027,2026-03-23,2026-03-23,4.16
QX-CER-027,2026-03-23,,4.08
QX-DRK-028,2024-10-14,2026-01-28,4.08
QX-DRK-028,2026-01-28,2026-01-28,4.42
QX-DRK-028,2026-01-28,2026-03-11,4.78
QX-DRK-028,2026-03-11,2026-03-11,4.84
QX-DRK-028,2026-03-11,2026-03-11,4.96
QX-DRK-028,2026-03-11,,4.46
QX-TIN-029,2024-10-24,2026-03-05,2.43
QX-TIN-029,2026-03-05,2026-03-05,2.62
QX-TIN-029,2026-03-05,2026-03-05,2.81
QX-TIN-029,2026-03-05,2026-03-05,2.84
QX-TIN-029,2026-03-05,2026-03-05,3.08
QX-TIN-029,2026-03-05,,2.81
QX-FRZ-030,2024-06-25,2025-10-11,7.32
QX-FRZ-030,2025-10-11,2025-10-11,7.46
QX-FRZ-030,2025-10-11,2025-12-08,8.11
QX-FRZ-030,2025-12-08,2025-12-08,8.62
QX-FRZ-030,2025-12-08,2026-03-15,8.97
QX-FRZ-030,2026-03-15,2026-03-15,9.12
QX-FRZ-030,2026-03-15,,8.42
QX-PET-031,2024-05-27,2026-03-29,1.13
QX-PET-031,2026-03-29,2026-03-29,1.16
QX-PET-031,2026-03-29,2026-03-29,1.26
QX-PET-031,2026-03-29,2026-03-29,1.32
QX-PET-031,2026-03-29,2026-03-29,1.39
QX-PET-031,2026-03-29,,1.33
QX-BWS-032,2024-04-27,2026-02-11,10.39
QX-BWS-032,2026-02-11,,12.04
QX-DRK-033,2023-12-03,2026-02-10,2.24
QX-DRK-033,2026-02-10,2026-02-10,2.30
QX-DRK-033,2026-02-10,2026-02-10,2.51
QX-DRK-033,2026-02-10,2026-02-19,2.65
QX-DRK-033,2026-02-19,,2.58
QX-FRZ-034,2024-03-31,2025-12-18,2.49
QX-FRZ-034,2025-12-18,2025-12-18,2.64
QX-FRZ-034,2025-12-18,2025-12-18,2.72
QX-FRZ-034,2025-12-18,2026-03-30,2.82
QX-FRZ-034,2026-03-30,,2.74
QX-PRO-035,2023-10-30,2026-01-06,0.99
QX-PRO-035,2026-01-06,,1.07
QX-HHD-036,2024-06-12,2026-01-03,8.15
QX-HHD-036,2026-01-03,2026-01-03,8.29
QX-HHD-036,2026-01-03,2026-01-03,8.85
QX-HHD-036,2026-01-03,2026-02-25,9.59
QX-HHD-036,2026-02-25,2026-02-25,10.19
QX-HHD-036,2026-02-25,,9.20
QX-PET-037,2024-08-31,2025-07-17,4.57
QX-PET-037,2025-07-17,2025-12-24,4.94
QX-PET-037,2025-12-24,2025-12-24,5.27
QX-PET-037,2025-12-24,2026-03-04,5.55
QX-PET-037,2026-03-04,2026-03-04,5.86
QX-PET-037,2026-03-04,2026-03-04,6.32
QX-PET-037,2026-03-04,,5.53
QX-PRO-038,2024-03-05,2025-09-17,3.31
QX-PRO-038,2025-09-17,2025-09-23,3.47
QX-PRO-038,2025-09-23,,3.58
QX-HBC-039,2023-12-16,2026-01-03,11.16
QX-HBC-039,2026-01-03,2026-02-16,11.84
QX-HBC-039,2026-02-16,2026-02-16,12.33
QX-HBC-039,2026-02-16,,12.17
QX-TIN-040,2024-02-05,2025-07-14,0.91
QX-TIN-040,2025-07-14,2025-11-07,0.94
QX-TIN-040,2025-11-07,,1.05
QX-CER-041,2024-05-16,2025-08-24,3.55
QX-CER-041,2025-08-24,,4.25
QX-CHL-042,2023-12-18,2025-08-10,4.53
QX-CHL-042,2025-08-10,2025-08-23,4.58
QX-CHL-042,2025-08-23,,5.40
QX-PRO-043,2025-02-25,2025-10-28,0.97
QX-PRO-043,2025-10-28,2026-03-30,1.03
QX-PRO-043,2026-03-30,,1.08
QX-DRY-044,2024-10-04,2025-10-22,4.95
QX-DRY-044,2025-10-22,2025-12-18,5.02
QX-DRY-044,2025-12-18,2026-03-12,5.36
QX-DRY-044,2026-03-12,2026-03-12,5.75
QX-DRY-044,2026-03-12,2026-03-12,6.09
QX-DRY-044,2026-03-12,2026-03-12,6.33
QX-DRY-044,2026-03-12,,5.26
QX-PRO-045,2024-01-05,2025-12-01,3.50
QX-PRO-045,2025-12-01,2025-12-01,3.62
QX-PRO-045,2025-12-01,,4.11
QX-CER-046,2024-10-06,2025-08-20,1.94
QX-CER-046,2025-08-20,2026-02-05,2.10
QX-CER-046,2026-02-05,2026-02-05,2.26
QX-CER-046,2026-02-05,,2.13
QX-HHD-047,2024-11-29,2025-09-23,7.46
QX-HHD-047,2025-09-23,2025-10-29,7.83
QX-HHD-047,2025-10-29,2026-01-25,8.42
QX-HHD-047,2026-01-25,2026-03-03,8.69
QX-HHD-047,2026-03-03,,7.88
QX-CHL-048,2025-03-13,2026-01-15,5.89
QX-CHL-048,2026-01-15,,7.07
QX-DRY-049,2024-02-22,2026-01-03,1.20
QX-DRY-049,2026-01-03,2026-01-03,1.26
QX-DRY-049,2026-01-03,,1.35
QX-FRZ-050,2024-02-13,2025-12-22,7.57
QX-FRZ-050,2025-12-22,2026-01-03,7.65
QX-FRZ-050,2026-01-03,,8.28
QX-TIN-051,2024-11-06,2026-01-09,1.04
QX-TIN-051,2026-01-09,,1.17
QX-DRY-052,2024-07-17,2025-07-14,3.59
QX-DRY-052,2025-07-14,2025-10-25,3.82
QX-DRY-052,2025-10-25,2025-10-25,4.05
QX-DRY-052,2025-10-25,2025-10-25,4.22
QX-DRY-052,2025-10-25,2025-10-25,4.57
QX-DRY-052,2025-10-25,,4.28
QX-DRY-053,2024-03-07,2026-02-26,5.48
QX-DRY-053,2026-02-26,2026-03-29,5.89
QX-DRY-053,2026-03-29,2026-03-29,6.17
QX-DRY-053,2026-03-29,2026-03-29,6.32
QX-DRY-053,2026-03-29,2026-03-29,6.76
QX-DRY-053,2026-03-29,,6.63
QX-TIN-054,2025-03-23,2025-09-28,1.85
QX-TIN-054,2025-09-28,2025-11-10,1.93
QX-TIN-054,2025-11-10,2026-03-08,2.05
QX-TIN-054,2026-03-08,2026-03-08,2.08
QX-TIN-054,2026-03-08,,2.13
QX-HBC-055,2024-10-05,2025-12-09,1.68
QX-HBC-055,2025-12-09,,1.76
QX-DRY-056,2023-12-21,2025-10-26,6.76
QX-DRY-056,2025-10-26,2026-03-26,7.19
QX-DRY-056,2026-03-26,2026-03-26,7.36
QX-DRY-056,2026-03-26,2026-03-26,7.71
QX-DRY-056,2026-03-26,,7.11
QX-CHL-057,2025-03-08,2026-02-19,3.98
QX-CHL-057,2026-02-19,2026-02-19,4.19
QX-CHL-057,2026-02-19,2026-02-19,4.45
QX-CHL-057,2026-02-19,2026-02-19,4.80
QX-CHL-057,2026-02-19,2026-02-19,5.18
QX-CHL-057,2026-02-19,2026-02-19,5.54
QX-CHL-057,2026-02-19,,4.41
QX-PET-058,2023-12-25,2025-10-20,4.59
QX-PET-058,2025-10-20,,5.36
QX-DRK-059,2024-07-22,2025-07-17,5.94
QX-DRK-059,2025-07-17,2026-01-18,6.32
QX-DRK-059,2026-01-18,2026-01-30,6.43
QX-DRK-059,2026-01-30,2026-03-24,6.91
QX-DRK-059,2026-03-24,,6.46
QX-HBC-060,2024-11-21,2025-12-28,4.60
QX-HBC-060,2025-12-28,,4.90
QX-HBC-061,2024-05-06,2025-07-05,3.47
QX-HBC-061,2025-07-05,2025-10-08,3.52
QX-HBC-061,2025-10-08,2026-03-11,3.65
QX-HBC-061,2026-03-11,2026-03-11,3.84
QX-HBC-061,2026-03-11,,3.81
QX-DRY-062,2024-08-06,2026-03-08,1.23
QX-DRY-062,2026-03-08,2026-03-08,1.28
QX-DRY-062,2026-03-08,,1.42
QX-HBC-063,2024-09-26,2025-08-14,6.72
QX-HBC-063,2025-08-14,2026-01-28,7.23
QX-HBC-063,2026-01-28,,7.06
QX-CER-064,2024-11-07,2025-10-20,1.65
QX-CER-064,2025-10-20,2025-10-30,1.76
QX-CER-064,2025-10-30,2025-10-30,1.89
QX-CER-064,2025-10-30,2025-12-18,2.03
QX-CER-064,2025-12-18,,1.81
QX-BAK-065,2024-06-14,2026-03-05,2.23
QX-BAK-065,2026-03-05,2026-03-05,2.31
QX-BAK-065,2026-03-05,2026-03-05,2.39
QX-BAK-065,2026-03-05,2026-03-05,2.56
QX-BAK-065,2026-03-05,2026-03-05,2.70
QX-BAK-065,2026-03-05,,2.32
QX-PRO-066,2024-08-11,2026-02-11,3.35
QX-PRO-066,2026-02-11,2026-02-11,3.64
QX-PRO-066,2026-02-11,2026-02-11,3.92
QX-PRO-066,2026-02-11,,4.02
QX-CHL-067,2023-12-19,2026-02-15,7.99
QX-CHL-067,2026-02-15,2026-02-15,8.60
QX-CHL-067,2026-02-15,,8.45
QX-BWS-068,2024-05-15,2025-09-06,5.88
QX-BWS-068,2025-09-06,2025-10-06,6.11
QX-BWS-068,2025-10-06,2025-10-06,6.36
QX-BWS-068,2025-10-06,2026-02-19,6.89
QX-BWS-068,2026-02-19,,6.86
QX-HHD-069,2025-02-11,2026-01-30,2.02
QX-HHD-069,2026-01-30,2026-01-30,2.17
QX-HHD-069,2026-01-30,2026-01-30,2.28
QX-HHD-069,2026-01-30,,2.13
QX-CHL-070,2025-03-02,2025-12-07,19.95
QX-CHL-070,2025-12-07,2025-12-07,21.62
QX-CHL-070,2025-12-07,2025-12-07,21.94
QX-CHL-070,2025-12-07,,22.89
QX-PET-071,2024-12-01,2025-07-21,3.88
QX-PET-071,2025-07-21,2026-03-31,4.04
QX-PET-071,2026-03-31,2026-03-31,4.23
QX-PET-071,2026-03-31,2026-03-31,4.36
QX-PET-071,2026-03-31,,4.30
QX-CHL-072,2024-12-21,2025-09-27,11.53
QX-CHL-072,2025-09-27,2026-03-30,11.92
QX-CHL-072,2026-03-30,,14.00
QX-TIN-073,2024-12-01,2026-02-16,0.47
QX-TIN-073,2026-02-16,2026-02-16,0.50
QX-TIN-073,2026-02-16,,0.55
QX-FRZ-074,2024-12-18,2026-03-30,2.13
QX-FRZ-074,2026-03-30,2026-03-30,2.25
QX-FRZ-074,2026-03-30,2026-03-30,2.33
QX-FRZ-074,2026-03-30,2026-03-30,2.38
QX-FRZ-074,2026-03-30,,2.44
QX-CER-075,2025-05-06,2025-08-18,2.56
QX-CER-075,2025-08-18,2026-03-08,2.71
QX-CER-075,2026-03-08,2026-03-08,2.89
QX-CER-075,2026-03-08,2026-03-08,3.13
QX-CER-075,2026-03-08,2026-03-08,3.32
QX-CER-075,2026-03-08,,3.03
QX-BWS-076,2024-07-14,2026-03-08,23.80
QX-BWS-076,2026-03-08,2026-03-08,25.88
QX-BWS-076,2026-03-08,2026-03-08,26.14
QX-BWS-076,2026-03-08,2026-03-08,28.11
QX-BWS-076,2026-03-08,2026-03-26,30.07
QX-BWS-076,2026-03-26,,25.16
QX-TIN-077,2024-06-26,2025-08-23,2.34
QX-TIN-077,2025-08-23,2025-10-27,2.48
QX-TIN-077,2025-10-27,2025-10-27,2.63
QX-TIN-077,2025-10-27,2026-02-16,2.81
QX-TIN-077,2026-02-16,2026-03-13,3.06
QX-TIN-077,2026-03-13,,2.57
QX-CHL-078,2024-07-10,2025-09-11,0.91
QX-CHL-078,2025-09-11,2025-09-11,0.99
QX-CHL-078,2025-09-11,,1.11
QX-FRZ-079,2024-06-04,2025-08-23,1.41
QX-FRZ-079,2025-08-23,2026-03-09,1.47
QX-FRZ-079,2026-03-09,,1.49
QX-TIN-080,2024-05-11,2025-09-26,2.37
QX-TIN-080,2025-09-26,2025-09-26,2.56
QX-TIN-080,2025-09-26,2025-09-26,2.61
QX-TIN-080,2025-09-26,2025-09-26,2.75
QX-TIN-080,2025-09-26,2025-09-26,2.85
QX-TIN-080,2025-09-26,,2.58
QX-TIN-081,2024-03-08,2025-12-30,2.68
QX-TIN-081,2025-12-30,2026-03-25,2.74
QX-TIN-081,2026-03-25,2026-03-25,2.96
QX-TIN-081,2026-03-25,2026-03-25,3.09
QX-TIN-081,2026-03-25,2026-03-25,3.13
QX-TIN-081,2026-03-25,,2.80
QX-HBC-082,2025-01-11,2025-07-15,4.19
QX-HBC-082,2025-07-15,2025-11-12,4.41
QX-HBC-082,2025-11-12,2026-02-24,4.57
QX-HBC-082,2026-02-24,,4.78
QX-PRO-083,2024-04-25,2026-03-21,2.45
QX-PRO-083,2026-03-21,2026-03-21,2.62
QX-PRO-083,2026-03-21,2026-03-21,2.72
QX-PRO-083,2026-03-21,,2.73
QX-BAK-084,2023-11-18,2025-08-16,2.59
QX-BAK-084,2025-08-16,,3.08
QX-DRY-085,2024-04-27,2026-03-13,1.53
QX-DRY-085,2026-03-13,2026-03-13,1.59
QX-DRY-085,2026-03-13,2026-03-13,1.70
QX-DRY-085,2026-03-13,2026-03-13,1.75
QX-DRY-085,2026-03-13,2026-03-13,1.87
QX-DRY-085,2026-03-13,2026-03-13,1.93
QX-DRY-085,2026-03-13,,1.65
QX-FRZ-086,2025-01-13,2026-01-21,2.28
QX-FRZ-086,2026-01-21,2026-01-21,2.43
QX-FRZ-086,2026-01-21,2026-01-21,2.47
QX-FRZ-086,2026-01-21,2026-01-21,2.62
QX-FRZ-086,2026-01-21,2026-01-21,2.65
QX-FRZ-086,2026-01-21,2026-01-27,2.79
QX-FRZ-086,2026-01-27,,2.48
QX-DRY-087,2025-01-05,2026-01-28,5.62
QX-DRY-087,2026-01-28,2026-01-28,6.03
QX-DRY-087,2026-01-28,2026-01-28,6.47
QX-DRY-087,2026-01-28,2026-01-28,6.86
QX-DRY-087,2026-01-28,2026-01-28,7.18
QX-DRY-087,2026-01-28,2026-01-28,7.68
QX-DRY-087,2026-01-28,,6.66
QX-PRO-088,2024-05-28,2026-03-04,3.60
QX-PRO-088,2026-03-04,2026-03-04,3.64
QX-PRO-088,2026-03-04,2026-03-04,3.82
QX-PRO-088,2026-03-04,2026-03-04,4.01
QX-PRO-088,2026-03-04,,4.37
QX-PRO-089,2024-05-08,2025-07-23,0.88
QX-PRO-089,2025-07-23,2025-08-15,0.93
QX-PRO-089,2025-08-15,,0.92
QX-DRY-090,2025-03-12,2025-12-26,4.17
QX-DRY-090,2025-12-26,,4.88
QX-CER-091,2024-04-26,2026-03-24,1.58
QX-CER-091,2026-03-24,2026-03-24,1.70
QX-CER-091,2026-03-24,2026-03-24,1.77
QX-CER-091,2026-03-24,,1.80
QX-BWS-092,2025-04-22,2025-11-06,22.17
QX-BWS-092,2025-11-06,2025-11-06,24.01
QX-BWS-092,2025-11-06,2025-11-06,26.06
QX-BWS-092,2025-11-06,2025-11-06,27.80
QX-BWS-092,2025-11-06,2026-01-22,28.11
QX-BWS-092,2026-01-22,,23.73
QX-TIN-093,2024-10-31,2025-07-29,1.77
QX-TIN-093,2025-07-29,2026-03-27,1.92
QX-TIN-093,2026-03-27,2026-03-27,1.95
QX-TIN-093,2026-03-27,,2.14
QX-HHD-094,2024-10-03,2025-10-01,1.62
QX-HHD-094,2025-10-01,2025-10-01,1.64
QX-HHD-094,2025-10-01,2025-10-01,1.72
QX-HHD-094,2025-10-01,2025-10-12,1.77
QX-HHD-094,2025-10-12,2026-03-04,1.89
QX-HHD-094,2026-03-04,2026-03-04,1.94
QX-HHD-094,2026-03-04,,1.72
QX-BAK-095,2024-01-08,2025-08-13,1.99
QX-BAK-095,2025-08-13,2025-10-09,2.16
QX-BAK-095,2025-10-09,2025-10-23,2.26
QX-BAK-095,2025-10-23,2026-01-06,2.34
QX-BAK-095,2026-01-06,,2.11
QX-FRZ-096,2024-03-04,2026-03-17,2.43
QX-FRZ-096,2026-03-17,2026-03-17,2.55
QX-FRZ-096,2026-03-17,,2.73
QX-DRY-097,2023-10-19,2025-09-02,4.71
QX-DRY-097,2025-09-02,2025-12-18,5.11
QX-DRY-097,2025-12-18,,5.47
QX-DRK-098,2024-04-12,2025-12-08,4.23
QX-DRK-098,2025-12-08,,4.61
QX-HBC-099,2025-05-28,2025-09-28,8.00
QX-HBC-099,2025-09-28,2025-12-23,8.11
QX-HBC-099,2025-12-23,2026-02-07,8.84
QX-HBC-099,2026-02-07,,8.51
QX-PET-100,2024-08-12,2026-01-04,1.25
QX-PET-100,2026-01-04,2026-01-04,1.32
QX-PET-100,2026-01-04,2026-03-13,1.37
QX-PET-100,2026-03-13,,1.43
QX-DRK-101,2025-01-12,2025-08-07,3.97
QX-DRK-101,2025-08-07,2025-08-28,4.32
QX-DRK-101,2025-08-28,2025-12-18,4.38
QX-DRK-101,2025-12-18,2025-12-18,4.50
QX-DRK-101,2025-12-18,2025-12-18,4.60
QX-DRK-101,2025-12-18,,4.33
QX-FRZ-102,2024-06-28,2026-03-24,6.18
QX-FRZ-102,2026-03-24,2026-03-24,6.40
QX-FRZ-102,2026-03-24,2026-03-24,6.72
QX-FRZ-102,2026-03-24,2026-03-24,7.01
QX-FRZ-102,2026-03-24,2026-03-24,7.21
QX-FRZ-102,2026-03-24,,6.58
QX-CER-103,2024-08-25,2026-01-28,3.71
QX-CER-103,2026-01-28,2026-01-28,3.85
QX-CER-103,2026-01-28,,4.41
QX-PRO-104,2024-03-22,2025-08-07,3.59
QX-PRO-104,2025-08-07,2025-08-07,3.63
QX-PRO-104,2025-08-07,,4.27
QX-HBC-105,2025-01-11,2026-03-02,5.92
QX-HBC-105,2026-03-02,2026-03-02,6.27
QX-HBC-105,2026-03-02,2026-03-02,6.54
QX-HBC-105,2026-03-02,,6.87
QX-HBC-106,2024-05-30,2025-08-09,9.23
QX-HBC-106,2025-08-09,2025-08-09,10.00
QX-HBC-106,2025-08-09,2026-03-09,10.49
QX-HBC-106,2026-03-09,,10.48
QX-CHL-107,2024-05-28,2025-09-04,4.35
QX-CHL-107,2025-09-04,,4.58
QX-TIN-108,2024-04-27,2026-01-21,1.94
QX-TIN-108,2026-01-21,2026-01-21,1.98
QX-TIN-108,2026-01-21,2026-01-21,2.00
QX-TIN-108,2026-01-21,,2.26
QX-BAK-109,2024-02-08,2025-12-28,1.36
QX-BAK-109,2025-12-28,2026-02-06,1.38
QX-BAK-109,2026-02-06,,1.57
QX-PET-110,2024-12-29,2026-03-03,1.60
QX-PET-110,2026-03-03,2026-03-03,1.66
QX-PET-110,2026-03-03,2026-03-03,1.80
QX-PET-110,2026-03-03,,1.91
QX-TIN-111,2025-01-27,2025-09-30,2.43
QX-TIN-111,2025-09-30,2026-01-21,2.63
QX-TIN-111,2026-01-21,2026-01-21,2.79
QX-TIN-111,2026-01-21,2026-01-21,3.03
QX-TIN-111,2026-01-21,2026-01-21,3.30
QX-TIN-111,2026-01-21,2026-03-07,3.43
QX-TIN-111,2026-03-07,,2.83
QX-CHL-112,2024-02-10,2026-02-18,4.50
QX-CHL-112,2026-02-18,2026-03-06,4.70
QX-CHL-112,2026-03-06,,4.82
QX-HHD-113,2024-05-09,2026-01-29,6.38
QX-HHD-113,2026-01-29,2026-02-26,6.74
QX-HHD-113,2026-02-26,2026-02-26,7.19
QX-HHD-113,2026-02-26,2026-02-26,7.50
QX-HHD-113,2026-02-26,2026-02-26,8.00
QX-HHD-113,2026-02-26,2026-02-26,8.10
QX-HHD-113,2026-02-26,,7.60
QX-CHL-114,2024-05-24,2026-02-05,5.71
QX-CHL-114,2026-02-05,2026-02-05,6.09
QX-CHL-114,2026-02-05,,6.56
QX-HHD-115,2024-11-14,2025-08-06,9.78
QX-HHD-115,2025-08-06,2025-08-06,10.57
QX-HHD-115,2025-08-06,2026-03-13,10.97
QX-HHD-115,2026-03-13,,11.49
QX-CHL-116,2024-04-05,2026-03-02,0.91
QX-CHL-116,2026-03-02,2026-03-02,0.98
QX-CHL-116,2026-03-02,2026-03-02,1.02
QX-CHL-116,2026-03-02,,1.00
QX-HBC-117,2024-09-04,2026-03-24,5.93
QX-HBC-117,2026-03-24,2026-03-24,6.18
QX-HBC-117,2026-03-24,2026-03-24,6.39
QX-HBC-117,2026-03-24,2026-03-24,6.81
QX-HBC-117,2026-03-24,2026-03-24,7.14
QX-HBC-117,2026-03-24,,6.50
QX-TIN-118,2024-05-28,2026-03-08,0.87
QX-TIN-118,2026-03-08,2026-03-08,0.91
QX-TIN-118,2026-03-08,2026-03-08,0.97
QX-TIN-118,2026-03-08,2026-03-08,0.99
QX-TIN-118,2026-03-08,2026-03-08,1.04
QX-TIN-118,2026-03-08,2026-03-08,1.09
QX-TIN-118,2026-03-08,,0.96
QX-PET-119,2024-10-15,2026-03-18,8.32
QX-PET-119,2026-03-18,2026-03-18,8.76
QX-PET-119,2026-03-18,,8.89
QX-BWS-120,2025-02-21,2025-07-30,19.35
QX-BWS-120,2025-07-30,2025-07-30,20.23
QX-BWS-120,2025-07-30,2025-12-25,21.76
QX-BWS-120,2025-12-25,2025-12-25,22.11
QX-BWS-120,2025-12-25,,22.42
QX-TIN-121,2023-12-16,2026-03-30,0.61
QX-TIN-121,2026-03-30,,0.68
QX-CHL-122,2024-06-30,2025-07-22,7.78
QX-CHL-122,2025-07-22,2026-01-08,8.43
QX-CHL-122,2026-01-08,,8.58
QX-CHL-123,2025-05-02,2026-02-20,14.32
QX-CHL-123,2026-02-20,2026-02-20,15.43
QX-CHL-123,2026-02-20,2026-02-20,16.48
QX-CHL-123,2026-02-20,2026-02-20,17.74
QX-CHL-123,2026-02-20,,16.12
QX-CER-124,2024-11-25,2026-02-27,1.76
QX-CER-124,2026-02-27,2026-02-27,1.89
QX-CER-124,2026-02-27,2026-02-27,1.99
QX-CER-124,2026-02-27,2026-02-27,2.01
QX-CER-124,2026-02-27,2026-03-05,2.04
QX-CER-124,2026-03-05,,2.01
QX-PET-125,2024-09-22,2025-09-11,6.81
QX-PET-125,2025-09-11,2026-01-14,7.11
QX-PET-125,2026-01-14,2026-01-14,7.73
QX-PET-125,2026-01-14,2026-01-14,8.28
QX-PET-125,2026-01-14,2026-01-14,8.48
QX-PET-125,2026-01-14,,7.27
QX-DRK-126,2024-07-18,2026-01-29,3.60
QX-DRK-126,2026-01-29,2026-01-29,3.90
QX-DRK-126,2026-01-29,2026-03-29,4.09
QX-DRK-126,2026-03-29,2026-03-29,4.28
QX-DRK-126,2026-03-29,,4.01
QX-HBC-127,2024-01-01,2025-07-25,4.86
QX-HBC-127,2025-07-25,2026-02-27,5.26
QX-HBC-127,2026-02-27,2026-03-04,5.44
QX-HBC-127,2026-03-04,,5.67
QX-DRY-128,2025-05-08,2025-07-01,5.46
QX-DRY-128,2025-07-01,2026-02-21,5.61
QX-DRY-128,2026-02-21,2026-02-21,5.97
QX-DRY-128,2026-02-21,2026-02-21,6.08
QX-DRY-128,2026-02-21,2026-02-21,6.25
QX-DRY-128,2026-02-21,,6.64
QX-HHD-129,2024-12-12,2026-02-13,10.29
QX-HHD-129,2026-02-13,2026-02-13,10.42
QX-HHD-129,2026-02-13,,11.84
QX-BAK-130,2025-05-01,2025-11-19,0.69
QX-BAK-130,2025-11-19,2025-11-19,0.72
QX-BAK-130,2025-11-19,,0.80
QX-PRO-131,2024-03-26,2025-07-19,4.42
QX-PRO-131,2025-07-19,2025-09-24,4.58
QX-PRO-131,2025-09-24,2025-09-24,4.79
QX-PRO-131,2025-09-24,2026-01-30,4.88
QX-PRO-131,2026-01-30,,4.79
QX-CHL-132,2024-01-16,2025-10-29,7.35
QX-CHL-132,2025-10-29,2026-02-01,7.63
QX-CHL-132,2026-02-01,2026-02-01,7.99
QX-CHL-132,2026-02-01,2026-02-01,8.20
QX-CHL-132,2026-02-01,2026-02-01,8.41
QX-CHL-132,2026-02-01,,8.30
QX-HBC-133,2024-03-03,2025-08-28,11.56
QX-HBC-133,2025-08-28,2026-02-21,11.89
QX-HBC-133,2026-02-21,2026-02-21,12.12
QX-HBC-133,2026-02-21,2026-02-21,13.13
QX-HBC-133,2026-02-21,,12.09
QX-DRK-134,2024-11-07,2026-03-23,3.83
QX-DRK-134,2026-03-23,2026-03-23,4.17
QX-DRK-134,2026-03-23,2026-03-23,4.43
QX-DRK-134,2026-03-23,,4.62
QX-BAK-135,2025-05-11,2025-12-12,3.62
QX-BAK-135,2025-12-12,2025-12-12,3.67
QX-BAK-135,2025-12-12,2025-12-12,3.91
QX-BAK-135,2025-12-12,,3.96
QX-HHD-136,2023-12-21,2026-01-06,7.11
QX-HHD-136,2026-01-06,2026-01-06,7.55
QX-HHD-136,2026-01-06,2026-01-06,8.06
QX-HHD-136,2026-01-06,2026-03-24,8.78
QX-HHD-136,2026-03-24,,7.81
QX-HHD-137,2025-02-09,2025-09-07,6.20
QX-HHD-137,2025-09-07,2026-02-08,6.45
QX-HHD-137,2026-02-08,,6.61
QX-TIN-138,2024-07-26,2025-07-05,2.26
QX-TIN-138,2025-07-05,2025-08-17,2.42
QX-TIN-138,2025-08-17,2025-10-27,2.49
QX-TIN-138,2025-10-27,2026-03-30,2.61
QX-TIN-138,2026-03-30,,2.70
QX-CHL-139,2024-08-29,2025-12-16,4.19
QX-CHL-139,2025-12-16,2026-03-10,4.47
QX-CHL-139,2026-03-10,,4.67
QX-BAK-140,2025-01-05,2025-12-13,3.57
QX-BAK-140,2025-12-13,2026-02-06,3.71
QX-BAK-140,2026-02-06,2026-02-06,3.96
QX-BAK-140,2026-02-06,2026-02-06,4.24
QX-BAK-140,2026-02-06,,3.96
QX-HHD-141,2024-08-05,2026-01-27,11.19
QX-HHD-141,2026-01-27,2026-02-20,11.65
QX-HHD-141,2026-02-20,2026-02-20,12.22
QX-HHD-141,2026-02-20,,11.96
QX-CHL-142,2024-09-21,2025-08-02,11.66
QX-CHL-142,2025-08-02,2026-02-18,12.40
QX-CHL-142,2026-02-18,,12.99
QX-PRO-143,2025-03-15,2025-11-10,3.49
QX-PRO-143,2025-11-10,2026-03-13,3.65
QX-PRO-143,2026-03-13,2026-03-13,3.92
QX-PRO-143,2026-03-13,,4.23
QX-DRY-144,2024-10-28,2025-06-27,4.01
QX-DRY-144,2025-06-27,2025-11-14,4.26
QX-DRY-144,2025-11-14,2025-12-15,4.60
QX-DRY-144,2025-12-15,2025-12-15,4.72
QX-DRY-144,2025-12-15,,4.40
QX-HHD-145,2024-12-30,2025-08-31,3.25
QX-HHD-145,2025-08-31,,3.61
QX-FRZ-146,2024-07-07,2026-03-06,3.63
QX-FRZ-146,2026-03-06,2026-03-06,3.89
QX-FRZ-146,2026-03-06,,4.37
QX-BWS-147,2024-09-02,2026-03-26,18.87
QX-BWS-147,2026-03-26,2026-03-26,19.50
QX-BWS-147,2026-03-26,2026-03-26,20.82
QX-BWS-147,2026-03-26,2026-03-26,22.44
QX-BWS-147,2026-03-26,2026-03-26,23.83
QX-BWS-147,2026-03-26,,22.66
QX-TIN-148,2024-05-26,2026-01-13,1.64
QX-TIN-148,2026-01-13,2026-01-13,1.71
QX-TIN-148,2026-01-13,,1.87
QX-PRO-149,2025-03-08,2025-11-01,3.84
QX-PRO-149,2025-11-01,2025-11-01,4.08
QX-PRO-149,2025-11-01,2025-11-18,4.35
QX-PRO-149,2025-11-18,2026-01-26,4.42
QX-PRO-149,2026-01-26,2026-01-26,4.81
QX-PRO-149,2026-01-26,,4.03
QX-CER-150,2024-12-03,2025-08-18,3.55
QX-CER-150,2025-08-18,2025-12-05,3.60
QX-CER-150,2025-12-05,2025-12-05,3.64
QX-CER-150,2025-12-05,,3.71
QX-CER-151,2024-04-17,2026-03-23,3.30
QX-CER-151,2026-03-23,,3.89
QX-DRY-152,2025-01-24,2025-10-25,5.09
QX-DRY-152,2025-10-25,2026-03-20,5.15
QX-DRY-152,2026-03-20,2026-03-20,5.50
QX-DRY-152,2026-03-20,2026-03-20,5.64
QX-DRY-152,2026-03-20,2026-03-20,5.99
QX-DRY-152,2026-03-20,2026-03-20,6.37
QX-DRY-152,2026-03-20,,6.16
QX-DRK-153,2024-05-21,2025-08-28,6.11
QX-DRK-153,2025-08-28,2025-09-15,6.61
QX-DRK-153,2025-09-15,2025-12-17,7.06
QX-DRK-153,2025-12-17,2025-12-17,7.60
QX-DRK-153,2025-12-17,,6.38
QX-DRY-154,2023-10-29,2026-01-14,3.79
QX-DRY-154,2026-01-14,2026-02-23,4.06
QX-DRY-154,2026-02-23,2026-02-23,4.23
QX-DRY-154,2026-02-23,2026-02-23,4.31
QX-DRY-154,2026-02-23,,3.97
QX-TIN-155,2024-09-01,2025-08-17,0.85
QX-TIN-155,2025-08-17,2025-08-17,0.87
QX-TIN-155,2025-08-17,2025-08-17,0.92
QX-TIN-155,2025-08-17,2026-02-22,0.95
QX-TIN-155,2026-02-22,2026-02-22,1.01
QX-TIN-155,2026-02-22,,0.91
QX-PRO-156,2024-08-18,2026-02-15,1.28
QX-PRO-156,2026-02-15,2026-02-15,1.38
QX-PRO-156,2026-02-15,2026-02-15,1.45
QX-PRO-156,2026-02-15,2026-02-15,1.50
QX-PRO-156,2026-02-15,,1.45
QX-TIN-157,2024-05-02,2025-06-29,1.73
QX-TIN-157,2025-06-29,2026-03-16,1.87
QX-TIN-157,2026-03-16,2026-03-16,2.00
QX-TIN-157,2026-03-16,2026-03-16,2.12
QX-TIN-157,2026-03-16,2026-03-16,2.23
QX-TIN-157,2026-03-16,,1.92
QX-HHD-158,2024-09-01,2025-11-04,2.57
QX-HHD-158,2025-11-04,2025-11-04,2.65
QX-HHD-158,2025-11-04,2025-11-17,2.72
QX-HHD-158,2025-11-17,2026-03-26,2.88
QX-HHD-158,2026-03-26,,2.80
QX-PRO-159,2024-10-05,2025-08-22,3.28
QX-PRO-159,2025-08-22,2025-12-28,3.43
QX-PRO-159,2025-12-28,2026-03-31,3.56
QX-PRO-159,2026-03-31,2026-03-31,3.84
QX-PRO-159,2026-03-31,2026-03-31,4.13
QX-PRO-159,2026-03-31,2026-03-31,4.48
QX-PRO-159,2026-03-31,,3.88
QX-BAK-160,2025-05-07,2025-06-27,7.81
QX-BAK-160,2025-06-27,2025-12-10,8.04
QX-BAK-160,2025-12-10,2026-03-05,8.16
QX-BAK-160,2026-03-05,,8.65
QX-PRO-161,2023-11-07,2025-07-08,1.38
QX-PRO-161,2025-07-08,2025-11-23,1.44
QX-PRO-161,2025-11-23,2026-03-30,1.56
QX-PRO-161,2026-03-30,2026-03-30,1.61
QX-PRO-161,2026-03-30,2026-03-30,1.73
QX-PRO-161,2026-03-30,2026-03-30,1.85
QX-PRO-161,2026-03-30,,1.52
QX-BAK-162,2024-09-06,2026-02-05,2.21
QX-BAK-162,2026-02-05,2026-02-05,2.24
QX-BAK-162,2026-02-05,2026-02-05,2.32
QX-BAK-162,2026-02-05,2026-02-05,2.50
QX-BAK-162,2026-02-05,2026-02-20,2.66
QX-BAK-162,2026-02-20,2026-02-20,2.71
QX-BAK-162,2026-02-20,,2.39
QX-TIN-163,2024-05-24,2025-12-26,0.77
QX-TIN-163,2025-12-26,2025-12-26,0.84
QX-TIN-163,2025-12-26,,0.87
QX-BWS-164,2023-11-16,2025-12-08,25.56
QX-BWS-164,2025-12-08,2025-12-08,27.40
QX-BWS-164,2025-12-08,2025-12-08,29.22
QX-BWS-164,2025-12-08,,31.01
QX-HHD-165,2024-02-07,2025-10-14,3.08
QX-HHD-165,2025-10-14,2026-02-14,3.13
QX-HHD-165,2026-02-14,2026-02-14,3.33
QX-HHD-165,2026-02-14,,3.26
QX-DRY-166,2024-04-03,2025-11-18,3.54
QX-DRY-166,2025-11-18,2025-11-18,3.71
QX-DRY-166,2025-11-18,2025-11-18,4.03
QX-DRY-166,2025-11-18,2025-11-18,4.12
QX-DRY-166,2025-11-18,2025-12-29,4.38
QX-DRY-166,2025-12-29,2026-02-03,4.76
QX-DRY-166,2026-02-03,,3.96
QX-HBC-167,2025-02-04,2026-01-02,11.93
QX-HBC-167,2026-01-02,2026-01-02,12.99
QX-HBC-167,2026-01-02,2026-03-04,13.29
QX-HBC-167,2026-03-04,,12.99
QX-DRK-168,2024-01-10,2025-11-21,3.89
QX-DRK-168,2025-11-21,2025-11-30,3.95
QX-DRK-168,2025-11-30,2026-02-20,4.08
QX-DRK-168,2026-02-20,2026-02-20,4.39
QX-DRK-168,2026-02-20,,4.18
QX-BAK-169,2024-09-07,2026-03-19,3.41
QX-BAK-169,2026-03-19,2026-03-19,3.65
QX-BAK-169,2026-03-19,2026-03-19,3.79
QX-BAK-169,2026-03-19,2026-03-19,4.11
QX-BAK-169,2026-03-19,2026-03-19,4.29
QX-BAK-169,2026-03-19,2026-03-19,4.61
QX-BAK-169,2026-03-19,,4.03
QX-HBC-170,2023-11-01,2026-01-02,4.60
QX-HBC-170,2026-01-02,2026-02-23,4.93
QX-HBC-170,2026-02-23,2026-02-23,5.17
QX-HBC-170,2026-02-23,2026-02-23,5.51
QX-HBC-170,2026-02-23,2026-02-28,5.57
QX-HBC-170,2026-02-28,2026-02-28,6.04
QX-HBC-170,2026-02-28,,4.87
QX-CHL-171,2025-01-04,2026-03-03,7.17
QX-CHL-171,2026-03-03,2026-03-03,7.53
QX-CHL-171,2026-03-03,,7.84
QX-HBC-172,2024-11-19,2026-02-12,11.47
QX-HBC-172,2026-02-12,2026-02-12,12.08
QX-HBC-172,2026-02-12,2026-02-12,12.85
QX-HBC-172,2026-02-12,2026-02-12,13.89
QX-HBC-172,2026-02-12,,13.19
QX-BAK-173,2024-08-22,2025-10-14,3.49
QX-BAK-173,2025-10-14,,4.12
QX-HBC-174,2025-01-17,2025-12-10,10.90
QX-HBC-174,2025-12-10,,13.26
QX-PET-175,2024-12-15,2025-07-28,8.65
QX-PET-175,2025-07-28,2026-02-10,9.05
QX-PET-175,2026-02-10,2026-03-07,9.73
QX-PET-175,2026-03-07,2026-03-07,10.26
QX-PET-175,2026-03-07,,9.38
QX-PRO-176,2024-07-15,2025-11-09,2.17
QX-PRO-176,2025-11-09,2025-11-10,2.25
QX-PRO-176,2025-11-10,2025-11-23,2.46
QX-PRO-176,2025-11-23,,2.30
QX-TIN-177,2025-05-24,2025-09-16,0.47
QX-TIN-177,2025-09-16,,0.55
QX-HHD-178,2025-05-07,2026-02-26,3.31
QX-HHD-178,2026-02-26,2026-02-26,3.55
QX-HHD-178,2026-02-26,2026-02-26,3.73
QX-HHD-178,2026-02-26,2026-02-26,4.04
QX-HHD-178,2026-02-26,2026-02-26,4.22
QX-HHD-178,2026-02-26,,3.93
QX-DRY-179,2024-09-12,2025-11-25,2.22
QX-DRY-179,2025-11-25,,2.63
QX-PRO-180,2025-01-21,2025-12-28,1.48
QX-PRO-180,2025-12-28,2025-12-28,1.52
QX-PRO-180,2025-12-28,2026-03-18,1.53
QX-PRO-180,2026-03-18,2026-03-18,1.57
QX-PRO-180,2026-03-18,2026-03-18,1.71
QX-PRO-180,2026-03-18,,1.77
QX-BWS-181,2024-06-30,2025-11-29,17.94
QX-BWS-181,2025-11-29,2025-11-29,18.25
QX-BWS-181,2025-11-29,,20.40
QX-PRO-182,2024-02-16,2026-01-08,0.90
QX-PRO-182,2026-01-08,2026-03-22,0.93
QX-PRO-182,2026-03-22,2026-03-22,0.97
QX-PRO-182,2026-03-22,,1.03
QX-HHD-183,2024-02-20,2025-09-01,6.03
QX-HHD-183,2025-09-01,2025-09-17,6.30
QX-HHD-183,2025-09-17,2025-11-11,6.42
QX-HHD-183,2025-11-11,,7.15
QX-PRO-184,2025-01-04,2025-06-30,0.79
QX-PRO-184,2025-06-30,2025-08-08,0.85
QX-PRO-184,2025-08-08,2025-11-01,0.90
QX-PRO-184,2025-11-01,2025-11-01,0.97
QX-PRO-184,2025-11-01,2025-11-01,1.02
QX-PRO-184,2025-11-01,,0.91
QX-HBC-185,2024-05-02,2025-12-14,4.97
QX-HBC-185,2025-12-14,2025-12-14,5.19
QX-HBC-185,2025-12-14,2026-02-17,5.52
QX-HBC-185,2026-02-17,2026-02-17,5.75
QX-HBC-185,2026-02-17,2026-02-17,6.01
QX-HBC-185,2026-02-17,,6.01
QX-PET-186,2025-02-17,2026-03-14,1.01
QX-PET-186,2026-03-14,2026-03-14,1.09
QX-PET-186,2026-03-14,2026-03-14,1.18
QX-PET-186,2026-03-14,2026-03-14,1.24
QX-PET-186,2026-03-14,,1.23
QX-BAK-187,2025-03-25,2025-09-16,0.89
QX-BAK-187,2025-09-16,2025-09-27,0.94
QX-BAK-187,2025-09-27,2025-09-27,0.95
QX-BAK-187,2025-09-27,2025-09-27,0.98
QX-BAK-187,2025-09-27,2026-03-06,1.00
QX-BAK-187,2026-03-06,2026-03-06,1.07
QX-BAK-187,2026-03-06,,1.07
QX-PET-188,2024-07-11,2025-10-03,6.83
QX-PET-188,2025-10-03,2026-03-07,6.93
QX-PET-188,2026-03-07,,8.02
QX-DRY-189,2024-06-01,2026-03-08,4.75
QX-DRY-189,2026-03-08,2026-03-08,5.14
QX-DRY-189,2026-03-08,2026-03-08,5.36
QX-DRY-189,2026-03-08,2026-03-08,5.58
QX-DRY-189,2026-03-08,2026-03-08,5.73
QX-DRY-189,2026-03-08,2026-03-08,6.21
QX-DRY-189,2026-03-08,,5.54
QX-CER-190,2024-01-21,2025-08-29,1.46
QX-CER-190,2025-08-29,2026-01-22,1.59
QX-CER-190,2026-01-22,2026-01-22,1.72
QX-CER-190,2026-01-22,,1.62
QX-PRO-191,2025-05-23,2025-11-03,2.51
QX-PRO-191,2025-11-03,2025-11-03,2.70
QX-PRO-191,2025-11-03,,2.73
QX-DRK-192,2025-06-01,2026-01-01,0.59
QX-DRK-192,2026-01-01,2026-02-16,0.63
QX-DRK-192,2026-02-16,,0.71
QX-TIN-193,2023-11-27,2026-02-05,0.48
QX-TIN-193,2026-02-05,2026-02-05,0.50
QX-TIN-193,2026-02-05,,0.59
QX-FRZ-194,2024-02-18,2026-01-23,1.46
QX-FRZ-194,2026-01-23,,1.63
QX-HHD-195,2024-02-20,2025-07-04,4.01
QX-HHD-195,2025-07-04,,4.64
QX-BWS-196,2024-12-08,2025-10-12,17.80
QX-BWS-196,2025-10-12,2025-10-12,18.89
QX-BWS-196,2025-10-12,2026-02-03,19.10
QX-BWS-196,2026-02-03,2026-02-03,20.22
QX-BWS-196,2026-02-03,,21.00
QX-PET-197,2024-01-30,2025-10-25,6.29
QX-PET-197,2025-10-25,2025-10-25,6.46
QX-PET-197,2025-10-25,2025-10-25,6.99
QX-PET-197,2025-10-25,2025-10-25,7.50
QX-PET-197,2025-10-25,2026-03-04,8.17
QX-PET-197,2026-03-04,,6.92
QX-DRY-198,2024-08-25,2025-08-31,1.23
QX-DRY-198,2025-08-31,2026-01-29,1.33
QX-DRY-198,2026-01-29,2026-01-29,1.36
QX-DRY-198,2026-01-29,2026-01-29,1.44
QX-DRY-198,2026-01-29,2026-01-29,1.56
QX-DRY-198,2026-01-29,2026-01-29,1.61
QX-DRY-198,2026-01-29,,1.35
QX-TIN-199,2024-09-04,2026-03-28,2.71
QX-TIN-199,2026-03-28,2026-03-28,2.92
QX-TIN-199,2026-03-28,2026-03-28,3.15
QX-TIN-199,2026-03-28,2026-03-28,3.43
QX-TIN-199,2026-03-28,2026-03-28,3.59
QX-TIN-199,2026-03-28,,2.83
QX-PET-200,2024-06-13,2025-09-07,4.31
QX-PET-200,2025-09-07,2026-01-16,4.52
QX-PET-200,2026-01-16,2026-02-05,4.60
QX-PET-200,2026-02-05,,4.66
QX-CER-201,2023-11-07,2026-03-27,2.71
QX-CER-201,2026-03-27,2026-03-27,2.84
QX-CER-201,2026-03-27,2026-03-27,3.09
QX-CER-201,2026-03-27,,3.30
QX-DRK-202,2025-01-19,2026-03-23,0.58
QX-DRK-202,2026-03-23,2026-03-23,0.62
QX-DRK-202,2026-03-23,2026-03-23,0.68
QX-DRK-202,2026-03-23,,0.68
QX-PRO-204,2024-05-16,2026-01-25,3.74
QX-PRO-204,2026-01-25,2026-01-25,3.93
QX-PRO-204,2026-01-25,,4.50
QX-PRO-205,2024-12-26,2026-03-27,2.62
QX-PRO-205,2026-03-27,,3.14
QX-HBC-206,2025-03-26,2026-01-23,5.82
QX-HBC-206,2026-01-23,2026-01-23,6.19
QX-HBC-206,2026-01-23,2026-01-23,6.75
QX-HBC-206,2026-01-23,2026-01-23,6.98
QX-HBC-206,2026-01-23,,6.82
QX-FRZ-208,2024-10-19,2025-12-28,1.00
QX-FRZ-208,2025-12-28,2025-12-28,1.09
QX-FRZ-208,2025-12-28,2025-12-28,1.14
QX-FRZ-208,2025-12-28,2025-12-28,1.21
QX-FRZ-208,2025-12-28,,1.18
QX-HHD-209,2025-04-19,2026-02-07,5.30
QX-HHD-209,2026-02-07,2026-02-07,5.66
QX-HHD-209,2026-02-07,2026-02-07,5.74
QX-HHD-209,2026-02-07,2026-03-22,5.82
QX-HHD-209,2026-03-22,,5.54
QX-BWS-210,2024-12-09,2025-12-02,4.66
QX-BWS-210,2025-12-02,2025-12-02,4.79
QX-BWS-210,2025-12-02,2025-12-02,5.02
QX-BWS-210,2025-12-02,2025-12-02,5.34
QX-BWS-210,2025-12-02,2025-12-02,5.70
QX-BWS-210,2025-12-02,,4.91
QX-PET-211,2023-10-31,2025-10-17,2.96
QX-PET-211,2025-10-17,2025-10-17,3.11
QX-PET-211,2025-10-17,,3.26
QX-HHD-212,2023-10-28,2025-09-02,2.20
QX-HHD-212,2025-09-02,2025-09-02,2.25
QX-HHD-212,2025-09-02,2026-02-05,2.40
QX-HHD-212,2026-02-05,2026-02-05,2.47
QX-HHD-212,2026-02-05,2026-02-05,2.57
QX-HHD-212,2026-02-05,,2.61
QX-TIN-213,2025-01-04,2025-07-21,1.16
QX-TIN-213,2025-07-21,2026-02-18,1.23
QX-TIN-213,2026-02-18,2026-02-18,1.26
QX-TIN-213,2026-02-18,2026-02-18,1.29
QX-TIN-213,2026-02-18,2026-02-18,1.32
QX-TIN-213,2026-02-18,,1.37
QX-BAK-214,2024-08-30,2025-10-14,3.81
QX-BAK-214,2025-10-14,2026-03-28,4.00
QX-BAK-214,2026-03-28,2026-03-28,4.28
QX-BAK-214,2026-03-28,,4.12
QX-DRY-215,2023-10-17,2026-01-23,1.19
QX-DRY-215,2026-01-23,2026-02-12,1.21
QX-DRY-215,2026-02-12,2026-02-12,1.25
QX-DRY-215,2026-02-12,,1.29
QX-BAK-216,2024-03-30,2025-10-14,1.53
QX-BAK-216,2025-10-14,2026-02-21,1.62
QX-BAK-216,2026-02-21,2026-03-23,1.73
QX-BAK-216,2026-03-23,2026-03-23,1.81
QX-BAK-216,2026-03-23,,1.73
QX-DRK-217,2025-06-02,2025-10-13,1.01
QX-DRK-217,2025-10-13,2025-10-13,1.07
QX-DRK-217,2025-10-13,,1.07
QX-BWS-218,2024-10-17,2025-12-10,17.47
QX-BWS-218,2025-12-10,2025-12-10,17.94
QX-BWS-218,2025-12-10,2025-12-10,18.26
QX-BWS-218,2025-12-10,2025-12-10,18.47
QX-BWS-218,2025-12-10,,18.81
QX-BAK-219,2024-08-25,2026-02-21,0.66
QX-BAK-219,2026-02-21,2026-02-21,0.69
QX-BAK-219,2026-02-21,2026-02-21,0.73
QX-BAK-219,2026-02-21,2026-02-21,0.77
QX-BAK-219,2026-02-21,2026-02-21,0.80
QX-BAK-219,2026-02-21,,0.70
QX-DRK-220,2025-01-24,2025-10-20,4.87
QX-DRK-220,2025-10-20,2026-03-18,5.04
QX-DRK-220,2026-03-18,,5.47
QX-BAK-221,2024-03-30,2025-11-02,3.40
QX-BAK-221,2025-11-02,2026-03-09,3.52
QX-BAK-221,2026-03-09,,3.65
QX-TIN-222,2024-06-07,2025-06-30,2.32
QX-TIN-222,2025-06-30,2025-08-19,2.39
QX-TIN-222,2025-08-19,2025-12-02,2.60
QX-TIN-222,2025-12-02,2026-01-31,2.63
QX-TIN-222,2026-01-31,2026-01-31,2.78
QX-TIN-222,2026-01-31,,2.79
QX-CER-223,2023-11-20,2025-07-09,1.68
QX-CER-223,2025-07-09,2025-11-06,1.78
QX-CER-223,2025-11-06,,2.02
QX-BWS-224,2025-04-22,2025-11-13,8.41
QX-BWS-224,2025-11-13,2025-11-16,8.81
QX-BWS-224,2025-11-16,2026-03-22,9.28
QX-BWS-224,2026-03-22,2026-03-22,9.96
QX-BWS-224,2026-03-22,,9.28
QX-CHL-225,2024-12-31,2026-03-26,11.37
QX-CHL-225,2026-03-26,2026-03-26,12.30
QX-CHL-225,2026-03-26,2026-03-26,13.39
QX-CHL-225,2026-03-26,,12.11
QX-PRO-226,2024-11-24,2025-10-17,3.46
QX-PRO-226,2025-10-17,2025-12-15,3.51
QX-PRO-226,2025-12-15,,3.86
QX-PRO-227,2024-08-06,2025-09-25,0.50
QX-PRO-227,2025-09-25,2025-12-04,0.52
QX-PRO-227,2025-12-04,2026-02-17,0.56
QX-PRO-227,2026-02-17,2026-03-18,0.59
QX-PRO-227,2026-03-18,,0.56
QX-PET-228,2024-08-12,2025-09-13,8.64
QX-PET-228,2025-09-13,2025-10-15,9.41
QX-PET-228,2025-10-15,,9.55
QX-TIN-230,2024-12-13,2025-08-08,2.31
QX-TIN-230,2025-08-08,2025-11-15,2.37
QX-TIN-230,2025-11-15,2026-02-14,2.41
QX-TIN-230,2026-02-14,2026-02-14,2.49
QX-TIN-230,2026-02-14,2026-02-14,2.59
QX-TIN-230,2026-02-14,2026-02-14,2.82
QX-TIN-230,2026-02-14,,2.61
QX-TIN-231,2023-12-03,2025-12-22,2.20
QX-TIN-231,2025-12-22,,2.51
QX-BWS-232,2025-03-20,2025-09-12,31.37
QX-BWS-232,2025-09-12,2025-09-12,33.99
QX-BWS-232,2025-09-12,,34.22
QX-BWS-233,2024-05-01,2025-06-29,19.90
QX-BWS-233,2025-06-29,2025-10-31,21.09
QX-BWS-233,2025-10-31,2026-03-23,21.37
QX-BWS-233,2026-03-23,2026-03-23,22.99
QX-BWS-233,2026-03-23,,22.31
QX-DRY-234,2024-05-14,2025-12-11,2.85
QX-DRY-234,2025-12-11,2026-01-05,3.01
QX-DRY-234,2026-01-05,,3.02
QX-CER-235,2024-09-25,2026-01-13,2.07
QX-CER-235,2026-01-13,2026-03-12,2.24
QX-CER-235,2026-03-12,,2.42
QX-CER-236,2024-08-09,2025-10-16,2.69
QX-CER-236,2025-10-16,2026-01-06,2.83
QX-CER-236,2026-01-06,2026-01-06,3.05
QX-CER-236,2026-01-06,2026-02-09,3.15
QX-CER-236,2026-02-09,,2.95
QX-FRZ-237,2024-11-08,2025-12-13,6.81
QX-FRZ-237,2025-12-13,2026-03-18,6.91
QX-FRZ-237,2026-03-18,2026-03-18,7.30
QX-FRZ-237,2026-03-18,2026-03-18,7.40
QX-FRZ-237,2026-03-18,2026-03-18,7.57
QX-FRZ-237,2026-03-18,2026-03-18,7.75
QX-FRZ-237,2026-03-18,,8.22
QX-PRO-238,2023-12-05,2025-12-02,1.97
QX-PRO-238,2025-12-02,2025-12-02,2.08
QX-PRO-238,2025-12-02,2025-12-02,2.20
QX-PRO-238,2025-12-02,,2.21
QX-BAK-239,2024-02-09,2025-12-29,4.55
QX-BAK-239,2025-12-29,2025-12-29,4.67
QX-BAK-239,2025-12-29,,5.04
QX-HHD-240,2024-08-12,2025-09-13,9.46
QX-HHD-240,2025-09-13,2025-09-13,10.16
QX-HHD-240,2025-09-13,,11.50
QX-PRO-241,2025-05-30,2025-12-03,2.30
QX-PRO-241,2025-12-03,,2.75
QX-DRK-242,2024-07-31,2026-03-06,1.90
QX-DRK-242,2026-03-06,2026-03-06,1.95
QX-DRK-242,2026-03-06,,2.19
QX-BAK-243,2025-04-15,2025-12-29,5.87
QX-BAK-243,2025-12-29,2025-12-29,5.99
QX-BAK-243,2025-12-29,,6.43
QX-DRY-244,2025-01-11,2026-03-03,3.16
QX-DRY-244,2026-03-03,,3.40
QX-HHD-245,2024-06-18,2025-08-22,3.26
QX-HHD-245,2025-08-22,2025-11-17,3.32
QX-HHD-245,2025-11-17,2026-01-25,3.48
QX-HHD-245,2026-01-25,2026-01-25,3.53
QX-HHD-245,2026-01-25,2026-01-25,3.61
QX-HHD-245,2026-01-25,,3.53
QX-PRO-246,2024-11-06,2025-07-07,4.25
QX-PRO-246,2025-07-07,2025-10-13,4.53
QX-PRO-246,2025-10-13,2025-10-13,4.87
QX-PRO-246,2025-10-13,2026-01-16,5.06
QX-PRO-246,2026-01-16,,4.93
QX-TIN-247,2025-03-15,2025-12-26,0.53
QX-TIN-247,2025-12-26,2025-12-26,0.56
QX-TIN-247,2025-12-26,2026-02-27,0.59
QX-TIN-247,2026-02-27,2026-02-27,0.62
QX-TIN-247,2026-02-27,2026-02-27,0.65
QX-TIN-247,2026-02-27,,0.56
QX-PET-249,2025-02-24,2025-09-14,7.80
QX-PET-249,2025-09-14,2025-09-14,7.93
QX-PET-249,2025-09-14,2025-10-26,8.42
QX-PET-249,2025-10-26,,8.42
QX-BAK-250,2024-08-15,2026-03-15,7.79
QX-BAK-250,2026-03-15,2026-03-15,8.07
QX-BAK-250,2026-03-15,2026-03-15,8.23
QX-BAK-250,2026-03-15,,8.47
QX-DRY-251,2025-01-21,2025-09-30,3.75
QX-DRY-251,2025-09-30,2025-09-30,4.05
QX-DRY-251,2025-09-30,,4.53
QX-BWS-252,2025-01-02,2025-07-16,22.77
QX-BWS-252,2025-07-16,2025-09-12,24.30
QX-BWS-252,2025-09-12,2025-09-12,24.56
QX-BWS-252,2025-09-12,,23.86
QX-FRZ-253,2025-04-02,2025-07-18,6.49
QX-FRZ-253,2025-07-18,2026-01-06,6.93
QX-FRZ-253,2026-01-06,,6.93
QX-CHL-254,2025-03-30,2025-11-11,3.93
QX-CHL-254,2025-11-11,,4.21
QX-PET-255,2024-10-16,2025-09-11,2.38
QX-PET-255,2025-09-11,2025-10-26,2.53
QX-PET-255,2025-10-26,2026-03-08,2.60
QX-PET-255,2026-03-08,2026-03-08,2.78
QX-PET-255,2026-03-08,,2.79
QX-HHD-256,2025-03-05,2025-12-17,8.09
QX-HHD-256,2025-12-17,2026-03-31,8.52
QX-HHD-256,2026-03-31,2026-03-31,8.99
QX-HHD-256,2026-03-31,2026-03-31,9.38
QX-HHD-256,2026-03-31,,8.71
QX-BAK-257,2024-09-06,2025-09-13,0.84
QX-BAK-257,2025-09-13,2025-11-28,0.90
QX-BAK-257,2025-11-28,2025-11-28,0.93
QX-BAK-257,2025-11-28,2026-01-13,0.94
QX-BAK-257,2026-01-13,,1.01
QX-CER-258,2025-05-12,2025-07-11,1.64
QX-CER-258,2025-07-11,,1.95
QX-HBC-259,2024-08-28,2026-03-04,7.61
QX-HBC-259,2026-03-04,2026-03-04,7.83
QX-HBC-259,2026-03-04,2026-03-04,8.51
QX-HBC-259,2026-03-04,,8.62
QX-DRY-260,2024-03-29,2025-09-16,6.08
QX-DRY-260,2025-09-16,2025-09-16,6.31
QX-DRY-260,2025-09-16,2025-10-01,6.52
QX-DRY-260,2025-10-01,2025-12-29,7.04
QX-DRY-260,2025-12-29,,6.36
QX-TIN-261,2025-01-20,2025-10-17,1.64
QX-TIN-261,2025-10-17,2025-12-22,1.78
QX-TIN-261,2025-12-22,2026-02-25,1.84
QX-TIN-261,2026-02-25,2026-02-25,1.87
QX-TIN-261,2026-02-25,2026-02-25,1.91
QX-TIN-261,2026-02-25,2026-02-25,2.01
QX-TIN-261,2026-02-25,,1.84
QX-BAK-262,2024-12-16,2026-01-15,3.09
QX-BAK-262,2026-01-15,2026-03-12,3.32
QX-BAK-262,2026-03-12,2026-03-12,3.41
QX-BAK-262,2026-03-12,2026-03-12,3.50
QX-BAK-262,2026-03-12,,3.46
QX-FRZ-263,2024-07-25,2025-12-09,4.88
QX-FRZ-263,2025-12-09,2026-01-07,5.18
QX-FRZ-263,2026-01-07,2026-01-07,5.31
QX-FRZ-263,2026-01-07,2026-03-19,5.72
QX-FRZ-263,2026-03-19,2026-03-19,6.10
QX-FRZ-263,2026-03-19,2026-03-19,6.44
QX-FRZ-263,2026-03-19,,5.56
QX-TIN-264,2024-12-11,2025-10-02,1.82
QX-TIN-264,2025-10-02,2025-10-02,1.98
QX-TIN-264,2025-10-02,2025-10-02,2.03
QX-TIN-264,2025-10-02,,2.04
QX-CER-265,2023-11-29,2025-11-28,2.86
QX-CER-265,2025-11-28,,3.24
QX-DRY-266,2024-03-27,2026-02-25,4.42
QX-DRY-266,2026-02-25,2026-03-31,4.47
QX-DRY-266,2026-03-31,2026-03-31,4.87
QX-DRY-266,2026-03-31,2026-03-31,5.14
QX-DRY-266,2026-03-31,,5.14
QX-TIN-267,2024-09-08,2025-09-17,1.42
QX-TIN-267,2025-09-17,2025-11-29,1.55
QX-TIN-267,2025-11-29,2025-11-29,1.63
QX-TIN-267,2025-11-29,,1.55
QX-HHD-268,2024-06-15,2025-09-29,7.18
QX-HHD-268,2025-09-29,2025-10-14,7.38
QX-HHD-268,2025-10-14,,8.55
QX-CHL-269,2025-04-05,2026-01-14,1.47
QX-CHL-269,2026-01-14,2026-01-14,1.57
QX-CHL-269,2026-01-14,2026-01-14,1.63
QX-CHL-269,2026-01-14,2026-01-14,1.74
QX-CHL-269,2026-01-14,2026-01-14,1.88
QX-CHL-269,2026-01-14,,1.62
QX-CER-270,2024-03-10,2025-07-20,3.42
QX-CER-270,2025-07-20,2025-12-01,3.52
QX-CER-270,2025-12-01,2025-12-01,3.74
QX-CER-270,2025-12-01,2025-12-01,3.88
QX-CER-270,2025-12-01,2025-12-01,4.10
QX-CER-270,2025-12-01,,3.84
QX-PET-271,2024-09-01,2025-08-29,3.24
QX-PET-271,2025-08-29,2025-08-29,3.43
QX-PET-271,2025-08-29,2025-10-02,3.71
QX-PET-271,2025-10-02,,3.73
QX-TIN-272,2024-03-31,2025-10-21,1.68
QX-TIN-272,2025-10-21,,1.83
QX-CHL-274,2024-10-01,2025-08-19,5.94
QX-CHL-274,2025-08-19,2025-08-26,6.38
QX-CHL-274,2025-08-26,2026-02-02,6.84
QX-CHL-274,2026-02-02,2026-02-02,7.24
QX-CHL-274,2026-02-02,2026-02-02,7.82
QX-CHL-274,2026-02-02,2026-02-02,8.05
QX-CHL-274,2026-02-02,,6.79
QX-PET-275,2023-11-18,2026-03-26,6.63
QX-PET-275,2026-03-26,2026-03-26,6.95
QX-PET-275,2026-03-26,2026-03-26,7.21
QX-PET-275,2026-03-26,2026-03-26,7.84
QX-PET-275,2026-03-26,2026-03-26,8.02
QX-PET-275,2026-03-26,,7.92
QX-TIN-276,2025-03-12,2025-10-31,2.00
QX-TIN-276,2025-10-31,2026-01-31,2.15
QX-TIN-276,2026-01-31,2026-01-31,2.29
QX-TIN-276,2026-01-31,,2.20
QX-CER-277,2025-04-03,2025-08-14,2.69
QX-CER-277,2025-08-14,2026-02-22,2.90
QX-CER-277,2026-02-22,2026-02-22,3.16
QX-CER-277,2026-02-22,2026-02-22,3.29
QX-CER-277,2026-02-22,2026-02-22,3.37
QX-CER-277,2026-02-22,2026-02-22,3.54
QX-CER-277,2026-02-22,,3.12
QX-CER-278,2024-10-07,2025-11-05,2.21
QX-CER-278,2025-11-05,2026-02-14,2.33
QX-CER-278,2026-02-14,,2.53
QX-HBC-279,2025-04-21,2025-07-30,1.46
QX-HBC-279,2025-07-30,2025-09-25,1.57
QX-HBC-279,2025-09-25,2025-09-25,1.70
QX-HBC-279,2025-09-25,,1.75
QX-BWS-280,2023-11-10,2026-01-29,13.00
QX-BWS-280,2026-01-29,2026-01-29,13.25
QX-BWS-280,2026-01-29,2026-01-29,13.93
QX-BWS-280,2026-01-29,2026-01-29,14.81
QX-BWS-280,2026-01-29,2026-02-13,15.54
QX-BWS-280,2026-02-13,,13.61
QX-DRK-281,2025-01-22,2025-11-25,5.31
QX-DRK-281,2025-11-25,2025-12-25,5.44
QX-DRK-281,2025-12-25,2025-12-25,5.90
QX-DRK-281,2025-12-25,2025-12-25,6.12
QX-DRK-281,2025-12-25,,6.11
QX-DRK-282,2024-06-06,2025-10-20,5.11
QX-DRK-282,2025-10-20,2026-02-19,5.55
QX-DRK-282,2026-02-19,2026-02-19,5.80
QX-DRK-282,2026-02-19,2026-02-19,6.11
QX-DRK-282,2026-02-19,,6.18
QX-BWS-283,2025-04-18,2025-07-03,9.90
QX-BWS-283,2025-07-03,2026-03-24,10.16
QX-BWS-283,2026-03-24,2026-03-24,10.26
QX-BWS-283,2026-03-24,2026-03-24,10.56
QX-BWS-283,2026-03-24,2026-03-24,10.77
QX-BWS-283,2026-03-24,,11.12
QX-DRY-284,2024-08-02,2025-10-29,5.55
QX-DRY-284,2025-10-29,2026-03-16,5.83
QX-DRY-284,2026-03-16,2026-03-16,6.27
QX-DRY-284,2026-03-16,2026-03-16,6.40
QX-DRY-284,2026-03-16,,6.66
QX-TIN-285,2024-08-29,2026-02-11,0.76
QX-TIN-285,2026-02-11,2026-03-28,0.81
QX-TIN-285,2026-03-28,,0.84
QX-PET-286,2024-10-01,2025-07-18,2.02
QX-PET-286,2025-07-18,2026-01-23,2.15
QX-PET-286,2026-01-23,2026-01-23,2.32
QX-PET-286,2026-01-23,,2.36
QX-BAK-287,2025-05-29,2026-01-27,5.40
QX-BAK-287,2026-01-27,2026-01-27,5.46
QX-BAK-287,2026-01-27,2026-01-27,5.67
QX-BAK-287,2026-01-27,,6.07
QX-BAK-288,2024-07-06,2025-12-12,4.18
QX-BAK-288,2025-12-12,2026-02-05,4.45
QX-BAK-288,2026-02-05,2026-02-17,4.58
QX-BAK-288,2026-02-17,,4.91
QX-TIN-289,2025-02-14,2026-01-29,2.25
QX-TIN-289,2026-01-29,2026-03-17,2.40
QX-TIN-289,2026-03-17,2026-03-17,2.57
QX-TIN-289,2026-03-17,2026-03-17,2.68
QX-TIN-289,2026-03-17,,2.56
QX-TIN-291,2023-11-19,2025-10-05,1.65
QX-TIN-291,2025-10-05,2025-10-05,1.79
QX-TIN-291,2025-10-05,2025-12-06,1.84
QX-TIN-291,2025-12-06,,1.92
QX-HBC-292,2024-07-06,2026-03-27,1.13
QX-HBC-292,2026-03-27,2026-03-27,1.20
QX-HBC-292,2026-03-27,,1.23
QX-DRK-293,2024-11-13,2025-12-18,4.22
QX-DRK-293,2025-12-18,2025-12-18,4.33
QX-DRK-293,2025-12-18,,4.95
QX-HHD-294,2024-04-14,2026-02-14,1.68
QX-HHD-294,2026-02-14,2026-02-28,1.74
QX-HHD-294,2026-02-28,2026-03-16,1.82
QX-HHD-294,2026-03-16,,2.02
QX-TIN-296,2024-06-24,2025-07-05,1.07
QX-TIN-296,2025-07-05,2025-07-05,1.12
QX-TIN-296,2025-07-05,2025-12-04,1.20
QX-TIN-296,2025-12-04,2025-12-04,1.27
QX-TIN-296,2025-12-04,2025-12-04,1.36
QX-TIN-296,2025-12-04,,1.30
QX-FRZ-297,2024-11-02,2026-03-18,5.73
QX-FRZ-297,2026-03-18,2026-03-18,6.15
QX-FRZ-297,2026-03-18,2026-03-18,6.36
QX-FRZ-297,2026-03-18,2026-03-18,6.54
QX-FRZ-297,2026-03-18,2026-03-18,7.01
QX-FRZ-297,2026-03-18,,6.90
QX-BWS-298,2024-08-02,2026-02-13,6.10
QX-BWS-298,2026-02-13,2026-02-13,6.21
QX-BWS-298,2026-02-13,,6.82
QX-TIN-299,2024-11-18,2025-07-14,1.76
QX-TIN-299,2025-07-14,2025-12-16,1.88
QX-TIN-299,2025-12-16,2025-12-16,1.95
QX-TIN-299,2025-12-16,2026-03-12,2.07
QX-TIN-299,2026-03-12,2026-03-12,2.24
QX-TIN-299,2026-03-12,,1.86
QX-HBC-300,2025-03-01,2025-08-09,11.45
QX-HBC-300,2025-08-09,2025-08-09,11.72
QX-HBC-300,2025-08-09,2026-03-04,11.90
QX-HBC-300,2026-03-04,2026-03-04,12.32
QX-HBC-300,2026-03-04,2026-03-04,12.86
QX-HBC-300,2026-03-04,2026-03-04,13.53
QX-HBC-300,2026-03-04,,13.04
QX-BAK-301,2023-12-31,2025-09-27,8.10
QX-BAK-301,2025-09-27,2026-01-21,8.43
QX-BAK-301,2026-01-21,2026-02-02,8.75
QX-BAK-301,2026-02-02,,8.67
QX-DRK-302,2024-11-02,2025-12-02,3.07
QX-DRK-302,2025-12-02,,3.34
QX-PRO-303,2025-05-10,2025-11-07,2.13
QX-PRO-303,2025-11-07,,2.53
QX-CER-304,2024-03-20,2026-02-11,1.98
QX-CER-304,2026-02-11,2026-02-11,2.08
QX-CER-304,2026-02-11,,2.25
QX-CER-305,2025-04-29,2025-08-18,3.83
QX-CER-305,2025-08-18,,4.53
QX-HBC-306,2024-04-30,2026-02-16,7.13
QX-HBC-306,2026-02-16,2026-03-28,7.22
QX-HBC-306,2026-03-28,,8.23
QX-BWS-307,2025-01-10,2025-08-08,31.07
QX-BWS-307,2025-08-08,2025-12-04,33.39
QX-BWS-307,2025-12-04,2025-12-04,36.16
QX-BWS-307,2025-12-04,2025-12-21,38.44
QX-BWS-307,2025-12-21,,33.64
QX-BWS-308,2025-02-27,2025-12-08,17.30
QX-BWS-308,2025-12-08,2025-12-08,17.48
QX-BWS-308,2025-12-08,2026-02-20,18.59
QX-BWS-308,2026-02-20,2026-02-24,19.77
QX-BWS-308,2026-02-24,2026-02-24,19.99
QX-BWS-308,2026-02-24,,19.22
QX-CER-309,2024-07-13,2025-08-09,2.48
QX-CER-309,2025-08-09,2025-08-09,2.67
QX-CER-309,2025-08-09,2025-08-12,2.71
QX-CER-309,2025-08-12,,2.92
QX-TIN-311,2024-10-22,2025-07-04,0.57
QX-TIN-311,2025-07-04,2025-11-04,0.61
QX-TIN-311,2025-11-04,2025-11-04,0.64
QX-TIN-311,2025-11-04,2025-11-04,0.68
QX-TIN-311,2025-11-04,2025-12-03,0.71
QX-TIN-311,2025-12-03,2026-03-23,0.75
QX-TIN-311,2026-03-23,,0.66
QX-TIN-312,2024-10-21,2025-12-20,2.08
QX-TIN-312,2025-12-20,,2.43
QX-DRY-314,2024-06-01,2025-09-14,2.42
QX-DRY-314,2025-09-14,2026-02-13,2.60
QX-DRY-314,2026-02-13,,2.58
QX-CHL-315,2024-05-30,2025-06-28,1.41
QX-CHL-315,2025-06-28,2026-01-20,1.50
QX-CHL-315,2026-01-20,2026-01-20,1.59
QX-CHL-315,2026-01-20,2026-03-27,1.67
QX-CHL-315,2026-03-27,,1.62
QX-BWS-316,2023-11-21,2026-03-04,4.71
QX-BWS-316,2026-03-04,2026-03-04,5.06
QX-BWS-316,2026-03-04,2026-03-04,5.34
QX-BWS-316,2026-03-04,2026-03-04,5.58
QX-BWS-316,2026-03-04,2026-03-04,5.93
QX-BWS-316,2026-03-04,2026-03-04,6.35
QX-BWS-316,2026-03-04,,5.50
QX-PET-317,2024-09-15,2026-03-28,5.69
QX-PET-317,2026-03-28,2026-03-28,6.05
QX-PET-317,2026-03-28,2026-03-28,6.46
QX-PET-317,2026-03-28,,6.29
QX-DRK-319,2024-09-27,2026-03-28,2.10
QX-DRK-319,2026-03-28,2026-03-28,2.18
QX-DRK-319,2026-03-28,2026-03-28,2.22
QX-DRK-319,2026-03-28,,2.42
QX-CER-320,2024-10-31,2025-09-09,1.99
QX-CER-320,2025-09-09,2026-03-31,2.03
QX-CER-320,2026-03-31,2026-03-31,2.08
QX-CER-320,2026-03-31,2026-03-31,2.15
QX-CER-320,2026-03-31,2026-03-31,2.21
QX-CER-320,2026-03-31,,2.11
QX-PRO-321,2023-12-07,2025-11-03,3.04
QX-PRO-321,2025-11-03,2025-11-03,3.19
QX-PRO-321,2025-11-03,,3.54
QX-TIN-322,2025-05-05,2025-09-15,0.66
QX-TIN-322,2025-09-15,2025-12-04,0.70
QX-TIN-322,2025-12-04,,0.77
QX-BWS-323,2025-03-06,2025-07-10,27.40
QX-BWS-323,2025-07-10,2025-08-28,29.12
QX-BWS-323,2025-08-28,,30.24
QX-HBC-324,2024-12-19,2026-02-20,3.72
QX-HBC-324,2026-02-20,2026-02-20,3.76
QX-HBC-324,2026-02-20,2026-02-20,4.02
QX-HBC-324,2026-02-20,2026-03-07,4.16
QX-HBC-324,2026-03-07,2026-03-07,4.37
QX-HBC-324,2026-03-07,,4.49
QX-HBC-325,2024-07-18,2026-01-11,2.79
QX-HBC-325,2026-01-11,2026-01-11,3.03
QX-HBC-325,2026-01-11,2026-01-11,3.23
QX-HBC-325,2026-01-11,2026-01-11,3.38
QX-HBC-325,2026-01-11,2026-02-04,3.60
QX-HBC-325,2026-02-04,2026-02-04,3.78
QX-HBC-325,2026-02-04,,2.91
QX-BWS-326,2025-04-19,2026-01-04,11.39
QX-BWS-326,2026-01-04,2026-03-20,11.59
QX-BWS-326,2026-03-20,,13.59
QX-HBC-327,2025-05-08,2025-08-21,5.02
QX-HBC-327,2025-08-21,2026-01-07,5.15
QX-HBC-327,2026-01-07,2026-01-07,5.35
QX-HBC-327,2026-01-07,,5.26
QX-TIN-328,2025-02-24,2025-10-27,2.16
QX-TIN-328,2025-10-27,2025-10-27,2.22
QX-TIN-328,2025-10-27,2026-02-06,2.37
QX-TIN-328,2026-02-06,,2.54
QX-BAK-329,2023-10-21,2025-07-05,7.03
QX-BAK-329,2025-07-05,2025-11-07,7.50
QX-BAK-329,2025-11-07,2025-11-07,8.16
QX-BAK-329,2025-11-07,2025-11-07,8.63
QX-BAK-329,2025-11-07,,8.46
QX-HHD-330,2023-10-30,2026-02-18,1.63
QX-HHD-330,2026-02-18,,1.80
QX-CHL-332,2024-10-20,2025-11-05,6.93
QX-CHL-332,2025-11-05,2025-11-05,7.33
QX-CHL-332,2025-11-05,2025-11-05,7.46
QX-CHL-332,2025-11-05,2025-11-05,8.05
QX-CHL-332,2025-11-05,2025-11-19,8.70
QX-CHL-332,2025-11-19,2025-11-19,9.02
QX-CHL-332,2025-11-19,,7.89
QX-CER-333,2025-04-04,2026-02-02,3.53
QX-CER-333,2026-02-02,2026-02-02,3.84
QX-CER-333,2026-02-02,2026-02-02,3.94
QX-CER-333,2026-02-02,2026-03-03,4.23
QX-CER-333,2026-03-03,,3.93
QX-CHL-334,2024-10-06,2025-11-11,15.48
QX-CHL-334,2025-11-11,2025-11-11,15.86
QX-CHL-334,2025-11-11,2025-11-11,16.73
QX-CHL-334,2025-11-11,2025-11-11,17.58
QX-CHL-334,2025-11-11,,17.72
QX-FRZ-336,2023-11-04,2025-12-02,7.36
QX-FRZ-336,2025-12-02,2025-12-15,7.50
QX-FRZ-336,2025-12-15,2026-03-30,7.74
QX-FRZ-336,2026-03-30,,7.93
QX-BAK-337,2023-11-05,2025-07-13,3.64
QX-BAK-337,2025-07-13,2025-08-13,3.90
QX-BAK-337,2025-08-13,,3.84
QX-FRZ-338,2023-10-25,2025-08-11,6.60
QX-FRZ-338,2025-08-11,2025-08-18,7.07
QX-FRZ-338,2025-08-18,2026-01-12,7.52
QX-FRZ-338,2026-01-12,2026-01-12,8.17
QX-FRZ-338,2026-01-12,2026-02-23,8.54
QX-FRZ-338,2026-02-23,2026-02-25,8.86
QX-FRZ-338,2026-02-25,,7.03
QX-CHL-339,2025-02-12,2026-01-04,6.86
QX-CHL-339,2026-01-04,2026-01-04,7.45
QX-CHL-339,2026-01-04,2026-01-04,7.57
QX-CHL-339,2026-01-04,,8.21
QX-TIN-340,2024-01-31,2025-11-21,2.23
QX-TIN-340,2025-11-21,2025-11-21,2.32
QX-TIN-340,2025-11-21,,2.64
QX-DRY-341,2025-03-31,2025-07-07,5.71
QX-DRY-341,2025-07-07,2025-09-19,5.88
QX-DRY-341,2025-09-19,2025-11-03,6.36
QX-DRY-341,2025-11-03,2025-11-03,6.48
QX-DRY-341,2025-11-03,2025-11-25,6.84
QX-DRY-341,2025-11-25,,6.29
QX-DRK-342,2025-02-15,2026-02-16,1.23
QX-DRK-342,2026-02-16,2026-02-16,1.33
QX-DRK-342,2026-02-16,,1.41
QX-TIN-343,2025-04-13,2026-01-31,1.59
QX-TIN-343,2026-01-31,2026-01-31,1.65
QX-TIN-343,2026-01-31,2026-03-13,1.70
QX-TIN-343,2026-03-13,2026-03-13,1.76
QX-TIN-343,2026-03-13,2026-03-13,1.80
QX-TIN-343,2026-03-13,,1.79
QX-FRZ-344,2024-11-30,2026-03-19,5.94
QX-FRZ-344,2026-03-19,2026-03-19,6.09
QX-FRZ-344,2026-03-19,2026-03-19,6.35
QX-FRZ-344,2026-03-19,2026-03-19,6.61
QX-FRZ-344,2026-03-19,2026-03-19,6.72
QX-FRZ-344,2026-03-19,,6.34
QX-CHL-345,2024-05-14,2025-11-27,3.18
QX-CHL-345,2025-11-27,2025-11-27,3.36
QX-CHL-345,2025-11-27,2026-03-26,3.50
QX-CHL-345,2026-03-26,,3.53
QX-FRZ-346,2024-03-03,2025-12-06,1.31
QX-FRZ-346,2025-12-06,2026-01-05,1.36
QX-FRZ-346,2026-01-05,2026-01-05,1.40
QX-FRZ-346,2026-01-05,2026-01-29,1.46
QX-FRZ-346,2026-01-29,,1.53
QX-HHD-347,2024-05-26,2025-12-11,5.24
QX-HHD-347,2025-12-11,2025-12-26,5.47
QX-HHD-347,2025-12-26,2025-12-26,5.88
QX-HHD-347,2025-12-26,2025-12-26,5.95
QX-HHD-347,2025-12-26,2025-12-26,6.09
QX-HHD-347,2025-12-26,,6.19
QX-DRK-348,2025-03-02,2025-10-21,3.80
QX-DRK-348,2025-10-21,2025-11-15,3.99
QX-DRK-348,2025-11-15,2025-11-15,4.21
QX-DRK-348,2025-11-15,2025-11-15,4.48
QX-DRK-348,2025-11-15,,4.08
QX-CER-349,2024-10-30,2025-08-20,3.84
QX-CER-349,2025-08-20,2026-01-18,3.98
QX-CER-349,2026-01-18,2026-03-11,4.31
QX-CER-349,2026-03-11,,4.09
QX-DRY-350,2024-02-07,2026-01-15,2.03
QX-DRY-350,2026-01-15,2026-02-07,2.16
QX-DRY-350,2026-02-07,2026-02-07,2.33
QX-DRY-350,2026-02-07,,2.40
QX-BAK-351,2024-06-27,2025-12-05,3.54
QX-BAK-351,2025-12-05,2025-12-05,3.60
QX-BAK-351,2025-12-05,,4.13
QX-CER-352,2023-11-07,2025-12-12,1.41
QX-CER-352,2025-12-12,2025-12-12,1.46
QX-CER-352,2025-12-12,2026-02-03,1.56
QX-CER-352,2026-02-03,2026-02-03,1.69
QX-CER-352,2026-02-03,2026-02-25,1.80
QX-CER-352,2026-02-25,,1.52
QX-HHD-353,2023-11-09,2025-08-06,3.49
QX-HHD-353,2025-08-06,2025-12-16,3.74
QX-HHD-353,2025-12-16,2025-12-16,3.96
QX-HHD-353,2025-12-16,,3.93
QX-TIN-354,2024-01-06,2025-07-23,1.79
QX-TIN-354,2025-07-23,2025-09-06,1.87
QX-TIN-354,2025-09-06,2025-09-06,1.99
QX-TIN-354,2025-09-06,2025-09-06,2.08
QX-TIN-354,2025-09-06,,1.88
QX-HBC-355,2024-11-24,2025-10-21,11.67
QX-HBC-355,2025-10-21,2025-10-21,12.56
QX-HBC-355,2025-10-21,2025-10-21,13.30
QX-HBC-355,2025-10-21,2025-10-21,14.42
QX-HBC-355,2025-10-21,2026-01-21,15.70
QX-HBC-355,2026-01-21,,14.11
QX-TIN-356,2024-02-23,2025-09-06,2.55
QX-TIN-356,2025-09-06,2026-03-23,2.59
QX-TIN-356,2026-03-23,2026-03-23,2.67
QX-TIN-356,2026-03-23,2026-03-23,2.85
QX-TIN-356,2026-03-23,,2.69
QX-PET-357,2024-07-17,2026-01-24,0.96
QX-PET-357,2026-01-24,2026-03-07,1.02
QX-PET-357,2026-03-07,2026-03-07,1.05
QX-PET-357,2026-03-07,,1.11
QX-CER-358,2024-01-24,2026-03-15,3.86
QX-CER-358,2026-03-15,,4.37
QX-DRY-359,2024-09-12,2025-07-02,3.17
QX-DRY-359,2025-07-02,2026-03-25,3.30
QX-DRY-359,2026-03-25,2026-03-25,3.35
QX-DRY-359,2026-03-25,2026-03-25,3.53
QX-DRY-359,2026-03-25,,3.59
QX-HHD-360,2023-11-20,2026-02-07,7.33
QX-HHD-360,2026-02-07,,8.90
QX-DRK-361,2024-02-18,2026-01-15,4.09
QX-DRK-361,2026-01-15,2026-01-15,4.21
QX-DRK-361,2026-01-15,2026-01-15,4.55
QX-DRK-361,2026-01-15,2026-01-15,4.93
QX-DRK-361,2026-01-15,2026-03-24,5.22
QX-DRK-361,2026-03-24,2026-03-24,5.58
QX-DRK-361,2026-03-24,,4.29
QX-DRK-362,2024-07-11,2025-09-19,3.14
QX-DRK-362,2025-09-19,2025-10-14,3.33
QX-DRK-362,2025-10-14,2026-01-30,3.50
QX-DRK-362,2026-01-30,2026-01-30,3.54
QX-DRK-362,2026-01-30,2026-01-30,3.67
QX-DRK-362,2026-01-30,,3.46
QX-TIN-363,2023-12-21,2025-09-13,1.11
QX-TIN-363,2025-09-13,2025-09-25,1.15
QX-TIN-363,2025-09-25,2025-10-08,1.24
QX-TIN-363,2025-10-08,,1.21
QX-CER-364,2023-12-08,2026-02-25,2.23
QX-CER-364,2026-02-25,2026-02-25,2.39
QX-CER-364,2026-02-25,2026-03-03,2.52
QX-CER-364,2026-03-03,,2.47
QX-TIN-365,2024-07-04,2026-01-22,0.70
QX-TIN-365,2026-01-22,2026-01-22,0.71
QX-TIN-365,2026-01-22,2026-01-22,0.76
QX-TIN-365,2026-01-22,2026-01-22,0.77
QX-TIN-365,2026-01-22,2026-01-22,0.81
QX-TIN-365,2026-01-22,2026-01-22,0.84
QX-TIN-365,2026-01-22,,0.76
QX-HBC-366,2023-12-21,2025-08-14,11.75
QX-HBC-366,2025-08-14,2025-09-24,12.58
QX-HBC-366,2025-09-24,2025-09-28,13.09
QX-HBC-366,2025-09-28,,13.31
QX-CHL-367,2024-12-16,2025-12-22,3.62
QX-CHL-367,2025-12-22,2026-02-05,3.69
QX-CHL-367,2026-02-05,2026-03-07,3.92
QX-CHL-367,2026-03-07,,4.20
QX-PRO-368,2024-09-30,2026-01-28,2.57
QX-PRO-368,2026-01-28,2026-01-28,2.72
QX-PRO-368,2026-01-28,2026-01-28,2.86
QX-PRO-368,2026-01-28,2026-01-28,2.97
QX-PRO-368,2026-01-28,2026-03-27,3.14
QX-PRO-368,2026-03-27,2026-03-27,3.21
QX-PRO-368,2026-03-27,,2.69
QX-DRK-369,2024-10-11,2026-02-19,5.31
QX-DRK-369,2026-02-19,2026-02-19,5.76
QX-DRK-369,2026-02-19,2026-02-19,6.09
QX-DRK-369,2026-02-19,2026-02-19,6.50
QX-DRK-369,2026-02-19,2026-02-19,6.97
QX-DRK-369,2026-02-19,,6.46
QX-BAK-371,2024-10-26,2025-07-06,2.94
QX-BAK-371,2025-07-06,2025-07-06,3.03
QX-BAK-371,2025-07-06,2025-09-21,3.26
QX-BAK-371,2025-09-21,2025-11-10,3.55
QX-BAK-371,2025-11-10,,3.54
QX-HHD-372,2024-05-03,2025-08-07,7.45
QX-HHD-372,2025-08-07,2025-11-09,7.90
QX-HHD-372,2025-11-09,,8.30
QX-CHL-373,2023-12-02,2025-08-03,5.11
QX-CHL-373,2025-08-03,2025-08-03,5.54
QX-CHL-373,2025-08-03,2025-11-10,6.04
QX-CHL-373,2025-11-10,2025-11-10,6.50
QX-CHL-373,2025-11-10,2026-01-31,6.93
QX-CHL-373,2026-01-31,,5.48
QX-BAK-374,2023-12-23,2026-03-20,2.97
QX-BAK-374,2026-03-20,,3.11
QX-BWS-375,2025-05-03,2025-09-13,6.28
QX-BWS-375,2025-09-13,2025-11-30,6.51
QX-BWS-375,2025-11-30,2026-01-20,6.65
QX-BWS-375,2026-01-20,,6.59
QX-CER-376,2024-01-15,2025-11-06,1.54
QX-CER-376,2025-11-06,2025-11-06,1.61
QX-CER-376,2025-11-06,2025-12-24,1.65
QX-CER-376,2025-12-24,2025-12-24,1.69
QX-CER-376,2025-12-24,,1.72
QX-BAK-377,2024-10-21,2025-08-18,5.08
QX-BAK-377,2025-08-18,2025-09-22,5.48
QX-BAK-377,2025-09-22,2025-12-07,5.78
QX-BAK-377,2025-12-07,,6.02
QX-DRK-378,2024-04-25,2026-01-18,1.64
QX-DRK-378,2026-01-18,2026-01-18,1.73
QX-DRK-378,2026-01-18,2026-01-18,1.86
QX-DRK-378,2026-01-18,2026-03-22,1.97
QX-DRK-378,2026-03-22,2026-03-22,2.01
QX-DRK-378,2026-03-22,2026-03-22,2.18
QX-DRK-378,2026-03-22,,1.92
QX-DRK-379,2025-01-12,2025-10-03,4.92
QX-DRK-379,2025-10-03,,5.21
QX-TIN-380,2025-05-03,2025-09-18,1.88
QX-TIN-380,2025-09-18,2026-02-02,2.00
QX-TIN-380,2026-02-02,2026-03-24,2.05
QX-TIN-380,2026-03-24,,2.11
QX-TIN-381,2024-08-04,2025-12-09,2.01
QX-TIN-381,2025-12-09,2025-12-09,2.08
QX-TIN-381,2025-12-09,2025-12-09,2.21
QX-TIN-381,2025-12-09,2026-01-23,2.36
QX-TIN-381,2026-01-23,,2.30
QX-PET-382,2024-07-03,2026-02-15,2.36
QX-PET-382,2026-02-15,2026-02-15,2.53
QX-PET-382,2026-02-15,,2.86
QX-TIN-383,2024-03-01,2026-02-11,1.99
QX-TIN-383,2026-02-11,2026-03-14,2.08
QX-TIN-383,2026-03-14,2026-03-14,2.19
QX-TIN-383,2026-03-14,2026-03-14,2.24
QX-TIN-383,2026-03-14,,2.21
QX-BAK-384,2024-08-21,2025-12-22,4.07
QX-BAK-384,2025-12-22,2025-12-22,4.36
QX-BAK-384,2025-12-22,2025-12-22,4.58
QX-BAK-384,2025-12-22,2025-12-28,4.89
QX-BAK-384,2025-12-28,2025-12-28,5.02
QX-BAK-384,2025-12-28,2025-12-28,5.27
QX-BAK-384,2025-12-28,,4.30
QX-FRZ-385,2024-08-31,2025-11-05,2.04
QX-FRZ-385,2025-11-05,2026-02-17,2.08
QX-FRZ-385,2026-02-17,2026-02-17,2.22
QX-FRZ-385,2026-02-17,,2.24
QX-BAK-387,2024-11-09,2025-09-07,2.34
QX-BAK-387,2025-09-07,2025-09-22,2.52
QX-BAK-387,2025-09-22,2025-10-15,2.56
QX-BAK-387,2025-10-15,2026-03-14,2.70
QX-BAK-387,2026-03-14,2026-03-14,2.75
QX-BAK-387,2026-03-14,,2.52
QX-CER-388,2024-12-15,2026-01-04,3.59
QX-CER-388,2026-01-04,2026-03-02,3.81
QX-CER-388,2026-03-02,2026-03-02,3.99
QX-CER-388,2026-03-02,2026-03-02,4.13
QX-CER-388,2026-03-02,2026-03-02,4.43
QX-CER-388,2026-03-02,2026-03-02,4.75
QX-CER-388,2026-03-02,,4.35
QX-CER-389,2024-03-14,2026-02-22,3.74
QX-CER-389,2026-02-22,2026-02-22,3.93
QX-CER-389,2026-02-22,2026-02-22,4.04
QX-CER-389,2026-02-22,2026-02-22,4.25
QX-CER-389,2026-02-22,,4.30
QX-CER-390,2024-06-16,2025-09-20,1.42
QX-CER-390,2025-09-20,2025-11-05,1.46
QX-CER-390,2025-11-05,,1.70
QX-DRY-391,2024-08-20,2025-09-12,3.03
QX-DRY-391,2025-09-12,2026-02-06,3.25
QX-DRY-391,2026-02-06,,3.40
QX-FRZ-392,2024-03-14,2025-12-13,5.12
QX-FRZ-392,2025-12-13,2026-03-01,5.37
QX-FRZ-392,2026-03-01,2026-03-06,5.70
QX-FRZ-392,2026-03-06,2026-03-06,5.88
QX-FRZ-392,2026-03-06,,6.24
QX-HBC-393,2024-06-27,2025-11-29,11.37
QX-HBC-393,2025-11-29,2026-02-06,11.86
QX-HBC-393,2026-02-06,,13.42
QX-CER-394,2023-11-04,2025-10-01,4.06
QX-CER-394,2025-10-01,2026-03-09,4.17
QX-CER-394,2026-03-09,,4.35
QX-BAK-395,2024-07-31,2026-03-12,4.63
QX-BAK-395,2026-03-12,2026-03-12,4.74
QX-BAK-395,2026-03-12,,4.90
QX-FRZ-396,2023-11-07,2026-01-05,7.52
QX-FRZ-396,2026-01-05,2026-01-05,7.94
QX-FRZ-396,2026-01-05,,8.27
QX-PET-398,2024-01-07,2025-08-08,1.16
QX-PET-398,2025-08-08,2025-12-18,1.21
QX-PET-398,2025-12-18,2025-12-18,1.25
QX-PET-398,2025-12-18,,1.27
QX-BAK-400,2024-06-15,2025-11-12,3.60
QX-BAK-400,2025-11-12,2026-02-01,3.65
QX-BAK-400,2026-02-01,2026-02-01,3.85
QX-BAK-400,2026-02-01,2026-03-12,4.14
QX-BAK-400,2026-03-12,2026-03-12,4.40
QX-BAK-400,2026-03-12,,3.78
QX-HBC-401,2025-05-28,2025-09-07,5.47
QX-HBC-401,2025-09-07,2026-02-05,5.70
QX-HBC-401,2026-02-05,2026-02-24,5.98
QX-HBC-401,2026-02-24,2026-02-24,6.40
QX-HBC-401,2026-02-24,2026-02-24,6.59
QX-HBC-401,2026-02-24,,5.71
QX-DRY-403,2024-02-24,2026-01-04,2.11
QX-DRY-403,2026-01-04,2026-02-17,2.18
QX-DRY-403,2026-02-17,2026-03-21,2.28
QX-DRY-403,2026-03-21,,2.34
QX-PET-404,2024-07-20,2025-09-27,10.15
QX-PET-404,2025-09-27,2026-02-16,10.61
QX-PET-404,2026-02-16,2026-03-25,11.31
QX-PET-404,2026-03-25,2026-03-25,11.69
QX-PET-404,2026-03-25,,10.96
QX-HBC-405,2025-01-27,2025-07-15,12.20
QX-HBC-405,2025-07-15,2025-11-14,12.48
QX-HBC-405,2025-11-14,,13.83
QX-DRY-406,2024-05-22,2025-12-31,6.13
QX-DRY-406,2025-12-31,2025-12-31,6.37
QX-DRY-406,2025-12-31,2026-01-21,6.51
QX-DRY-406,2026-01-21,2026-01-21,7.05
QX-DRY-406,2026-01-21,2026-01-21,7.56
QX-DRY-406,2026-01-21,,6.78
QX-DRY-407,2023-11-10,2026-02-21,1.29
QX-DRY-407,2026-02-21,2026-02-21,1.33
QX-DRY-407,2026-02-21,2026-02-21,1.42
QX-DRY-407,2026-02-21,,1.44
QX-CHL-409,2024-04-21,2025-07-28,3.77
QX-CHL-409,2025-07-28,2025-11-11,4.09
QX-CHL-409,2025-11-11,2025-11-11,4.44
QX-CHL-409,2025-11-11,2025-11-11,4.63
QX-CHL-409,2025-11-11,,4.31
QX-HHD-411,2024-05-19,2025-07-17,5.53
QX-HHD-411,2025-07-17,,6.05
QX-BWS-412,2024-10-14,2025-07-07,7.23
QX-BWS-412,2025-07-07,2025-07-07,7.55
QX-BWS-412,2025-07-07,2025-12-29,7.82
QX-BWS-412,2025-12-29,2026-03-30,8.42
QX-BWS-412,2026-03-30,,7.59
QX-FRZ-413,2024-10-13,2026-02-12,4.30
QX-FRZ-413,2026-02-12,2026-02-12,4.64
QX-FRZ-413,2026-02-12,2026-02-12,4.80
QX-FRZ-413,2026-02-12,2026-02-16,4.88
QX-FRZ-413,2026-02-16,,5.03
QX-FRZ-414,2024-05-29,2025-07-02,3.64
QX-FRZ-414,2025-07-02,2025-08-21,3.78
QX-FRZ-414,2025-08-21,2026-03-29,4.03
QX-FRZ-414,2026-03-29,2026-03-29,4.30
QX-FRZ-414,2026-03-29,2026-03-29,4.49
QX-FRZ-414,2026-03-29,,4.01
QX-FRZ-415,2025-02-18,2026-01-07,7.76
QX-FRZ-415,2026-01-07,2026-01-07,8.00
QX-FRZ-415,2026-01-07,2026-01-07,8.12
QX-FRZ-415,2026-01-07,,8.38
QX-PET-416,2024-04-08,2025-07-05,4.08
QX-PET-416,2025-07-05,2025-09-07,4.31
QX-PET-416,2025-09-07,2025-09-11,4.60
QX-PET-416,2025-09-11,2025-09-11,4.72
QX-PET-416,2025-09-11,2025-12-14,5.03
QX-PET-416,2025-12-14,,4.30
QX-PET-417,2025-04-21,2025-07-25,3.75
QX-PET-417,2025-07-25,2026-02-27,3.87
QX-PET-417,2026-02-27,,4.20
QX-HHD-418,2024-04-28,2025-10-28,7.20
QX-HHD-418,2025-10-28,2026-02-08,7.32
QX-HHD-418,2026-02-08,2026-02-08,7.79
QX-HHD-418,2026-02-08,2026-02-08,8.41
QX-HHD-418,2026-02-08,,7.52
QX-BAK-419,2024-07-06,2025-07-01,6.00
QX-BAK-419,2025-07-01,2026-02-25,6.42
QX-BAK-419,2026-02-25,2026-02-25,6.55
QX-BAK-419,2026-02-25,2026-02-25,6.83
QX-BAK-419,2026-02-25,,6.96
QX-DRK-420,2023-11-05,2025-07-13,0.54
QX-DRK-420,2025-07-13,2025-12-07,0.55
QX-DRK-420,2025-12-07,2025-12-07,0.57
QX-DRK-420,2025-12-07,2025-12-07,0.62
QX-DRK-420,2025-12-07,2025-12-07,0.63
QX-DRK-420,2025-12-07,2025-12-07,0.67
QX-DRK-420,2025-12-07,,0.64
QX-FRZ-421,2024-10-06,2026-02-28,6.05
QX-FRZ-421,2026-02-28,2026-02-28,6.59
QX-FRZ-421,2026-02-28,,6.56
QX-HHD-423,2024-04-14,2025-12-13,6.81
QX-HHD-423,2025-12-13,2025-12-13,6.96
QX-HHD-423,2025-12-13,2025-12-13,7.38
QX-HHD-423,2025-12-13,2026-01-24,7.63
QX-HHD-423,2026-01-24,2026-01-24,7.97
QX-HHD-423,2026-01-24,,7.41
QX-HBC-424,2025-01-23,2026-02-02,4.75
QX-HBC-424,2026-02-02,2026-02-02,5.02
QX-HBC-424,2026-02-02,2026-02-02,5.34
QX-HBC-424,2026-02-02,,5.73
QX-CHL-425,2024-12-07,2025-10-08,18.78
QX-CHL-425,2025-10-08,2025-10-08,20.07
QX-CHL-425,2025-10-08,2026-03-23,20.41
QX-CHL-425,2026-03-23,2026-03-23,20.67
QX-CHL-425,2026-03-23,2026-03-23,22.45
QX-CHL-425,2026-03-23,2026-03-23,24.28
QX-CHL-425,2026-03-23,,22.14
QX-BAK-426,2024-04-23,2025-12-07,1.49
QX-BAK-426,2025-12-07,2025-12-07,1.53
QX-BAK-426,2025-12-07,2026-01-08,1.63
QX-BAK-426,2026-01-08,,1.81
QX-DRK-427,2025-02-24,2026-02-12,1.58
QX-DRK-427,2026-02-12,2026-02-12,1.70
QX-DRK-427,2026-02-12,2026-02-12,1.77
QX-DRK-427,2026-02-12,2026-02-12,1.81
QX-DRK-427,2026-02-12,2026-02-12,1.92
QX-DRK-427,2026-02-12,,1.87
QX-PET-428,2024-09-07,2025-07-09,3.33
QX-PET-428,2025-07-09,2025-10-25,3.43
QX-PET-428,2025-10-25,2025-11-18,3.70
QX-PET-428,2025-11-18,2025-11-18,3.75
QX-PET-428,2025-11-18,2025-11-18,3.84
QX-PET-428,2025-11-18,,3.48
QX-CER-429,2025-01-09,2026-01-01,4.11
QX-CER-429,2026-01-01,2026-01-01,4.35
QX-CER-429,2026-01-01,2026-01-01,4.43
QX-CER-429,2026-01-01,2026-01-01,4.50
QX-CER-429,2026-01-01,2026-03-08,4.79
QX-CER-429,2026-03-08,,4.69
QX-FRZ-431,2023-12-15,2025-07-02,1.46
QX-FRZ-431,2025-07-02,2025-12-05,1.58
QX-FRZ-431,2025-12-05,,1.68
QX-CHL-432,2024-01-21,2025-09-23,4.43
QX-CHL-432,2025-09-23,2025-09-23,4.76
QX-CHL-432,2025-09-23,2026-03-19,5.17
QX-CHL-432,2026-03-19,,5.14
QX-PET-433,2024-11-20,2025-09-01,7.61
QX-PET-433,2025-09-01,2026-03-10,7.98
QX-PET-433,2026-03-10,2026-03-10,8.42
QX-PET-433,2026-03-10,,8.11
QX-CER-434,2024-12-03,2025-11-28,3.66
QX-CER-434,2025-11-28,2025-11-28,3.94
QX-CER-434,2025-11-28,2025-11-28,4.06
QX-CER-434,2025-11-28,2026-03-13,4.20
QX-CER-434,2026-03-13,2026-03-13,4.46
QX-CER-434,2026-03-13,,4.34
QX-PRO-435,2024-03-01,2025-07-14,1.11
QX-PRO-435,2025-07-14,2025-12-18,1.16
QX-PRO-435,2025-12-18,2025-12-25,1.23
QX-PRO-435,2025-12-25,2025-12-25,1.28
QX-PRO-435,2025-12-25,2025-12-25,1.30
QX-PRO-435,2025-12-25,2025-12-25,1.37
QX-PRO-435,2025-12-25,,1.26
QX-PRO-436,2024-10-04,2025-09-11,2.11
QX-PRO-436,2025-09-11,2025-11-28,2.15
QX-PRO-436,2025-11-28,2025-11-28,2.28
QX-PRO-436,2025-11-28,2026-03-03,2.38
QX-PRO-436,2026-03-03,,2.30
QX-FRZ-437,2024-10-28,2026-01-25,3.13
QX-FRZ-437,2026-01-25,2026-01-29,3.19
QX-FRZ-437,2026-01-29,2026-01-29,3.38
QX-FRZ-437,2026-01-29,2026-01-29,3.61
QX-FRZ-437,2026-01-29,2026-01-29,3.81
QX-FRZ-437,2026-01-29,,3.32
QX-CHL-438,2024-07-20,2025-11-19,4.85
QX-CHL-438,2025-11-19,2025-11-19,5.00
QX-CHL-438,2025-11-19,2026-03-08,5.16
QX-CHL-438,2026-03-08,,5.82
QX-BWS-439,2024-10-18,2025-08-18,5.93
QX-BWS-439,2025-08-18,2026-02-06,6.04
QX-BWS-439,2026-02-06,2026-02-06,6.38
QX-BWS-439,2026-02-06,2026-02-06,6.87
QX-BWS-439,2026-02-06,2026-02-10,7.35
QX-BWS-439,2026-02-10,,6.77
QX-FRZ-440,2023-12-16,2025-10-22,2.59
QX-FRZ-440,2025-10-22,2025-10-22,2.76
QX-FRZ-440,2025-10-22,2026-01-21,2.89
QX-FRZ-440,2026-01-21,,3.02
QX-HHD-441,2024-09-08,2026-02-20,5.98
QX-HHD-441,2026-02-20,2026-03-03,6.38
QX-HHD-441,2026-03-03,,7.03
QX-HBC-442,2024-05-21,2025-12-29,6.77
QX-HBC-442,2025-12-29,2025-12-29,6.87
QX-HBC-442,2025-12-29,2025-12-29,7.39
QX-HBC-442,2025-12-29,2025-12-29,8.05
QX-HBC-442,2025-12-29,,7.43
QX-HHD-443,2024-02-14,2026-02-17,4.51
QX-HHD-443,2026-02-17,2026-02-17,4.77
QX-HHD-443,2026-02-17,2026-02-17,4.95
QX-HHD-443,2026-02-17,2026-02-17,5.31
QX-HHD-443,2026-02-17,,5.12
QX-HHD-445,2023-12-06,2025-10-02,4.46
QX-HHD-445,2025-10-02,2025-10-02,4.58
QX-HHD-445,2025-10-02,,4.85
QX-PET-446,2024-08-12,2025-12-24,1.45
QX-PET-446,2025-12-24,2025-12-24,1.50
QX-PET-446,2025-12-24,2026-03-19,1.52
QX-PET-446,2026-03-19,2026-03-19,1.61
QX-PET-446,2026-03-19,,1.52
QX-TIN-447,2023-11-01,2025-07-05,2.48
QX-TIN-447,2025-07-05,2025-12-17,2.66
QX-TIN-447,2025-12-17,2025-12-17,2.82
QX-TIN-447,2025-12-17,2025-12-22,2.92
QX-TIN-447,2025-12-22,,2.66
QX-PET-448,2023-10-26,2025-10-16,8.63
QX-PET-448,2025-10-16,2025-10-16,8.82
QX-PET-448,2025-10-16,2025-10-16,9.27
QX-PET-448,2025-10-16,2026-01-20,9.93
QX-PET-448,2026-01-20,2026-01-20,10.42
QX-PET-448,2026-01-20,,10.27
QX-HHD-449,2025-05-08,2025-10-21,7.70
QX-HHD-449,2025-10-21,2025-10-21,8.30
QX-HHD-449,2025-10-21,2025-10-21,8.75
QX-HHD-449,2025-10-21,2026-02-28,8.96
QX-HHD-449,2026-02-28,2026-02-28,9.67
QX-HHD-449,2026-02-28,,9.16
QX-HHD-450,2024-12-28,2026-02-12,1.96
QX-HHD-450,2026-02-12,2026-02-12,1.99
QX-HHD-450,2026-02-12,2026-02-12,2.11
QX-HHD-450,2026-02-12,2026-02-12,2.23
QX-HHD-450,2026-02-12,2026-02-12,2.34
QX-HHD-450,2026-02-12,2026-02-12,2.41
QX-HHD-450,2026-02-12,,2.10
QX-HBC-452,2024-09-05,2025-08-25,11.68
QX-HBC-452,2025-08-25,2025-09-04,12.30
QX-HBC-452,2025-09-04,2025-11-16,12.56
QX-HBC-452,2025-11-16,,13.26
QX-DRK-453,2023-11-13,2025-06-26,2.36
QX-DRK-453,2025-06-26,2025-12-08,2.57
QX-DRK-453,2025-12-08,2026-02-09,2.79
QX-DRK-453,2026-02-09,2026-02-22,2.98
QX-DRK-453,2026-02-22,2026-02-22,3.13
QX-DRK-453,2026-02-22,2026-02-22,3.25
QX-DRK-453,2026-02-22,,2.78
QX-PRO-454,2024-09-01,2025-07-15,2.74
QX-PRO-454,2025-07-15,,3.19
QX-DRK-455,2024-06-23,2025-07-05,1.71
QX-DRK-455,2025-07-05,2026-02-25,1.86
QX-DRK-455,2026-02-25,2026-02-25,1.90
QX-DRK-455,2026-02-25,2026-02-25,2.04
QX-DRK-455,2026-02-25,,1.89
QX-TIN-456,2024-02-15,2025-09-23,0.88
QX-TIN-456,2025-09-23,2025-09-23,0.90
QX-TIN-456,2025-09-23,2025-12-22,0.94
QX-TIN-456,2025-12-22,2026-01-07,1.02
QX-TIN-456,2026-01-07,2026-02-10,1.04
QX-TIN-456,2026-02-10,2026-02-23,1.12
QX-TIN-456,2026-02-23,,0.94
QX-HBC-457,2025-04-13,2025-11-08,4.22
QX-HBC-457,2025-11-08,,4.99
QX-CER-458,2024-10-28,2025-11-20,2.34
QX-CER-458,2025-11-20,2026-02-14,2.38
QX-CER-458,2026-02-14,2026-03-01,2.58
QX-CER-458,2026-03-01,2026-03-01,2.76
QX-CER-458,2026-03-01,,2.72
QX-CHL-459,2024-05-31,2026-03-18,5.65
QX-CHL-459,2026-03-18,2026-03-28,5.76
QX-CHL-459,2026-03-28,,6.52
QX-CER-460,2025-03-10,2025-09-10,1.57
QX-CER-460,2025-09-10,2025-09-10,1.62
QX-CER-460,2025-09-10,2026-02-15,1.64
QX-CER-460,2026-02-15,2026-02-15,1.71
QX-CER-460,2026-02-15,2026-02-15,1.80
QX-CER-460,2026-02-15,,1.75
QX-PET-461,2024-06-21,2025-12-11,1.44
QX-PET-461,2025-12-11,2025-12-11,1.53
QX-PET-461,2025-12-11,2026-03-15,1.63
QX-PET-461,2026-03-15,,1.56
QX-BAK-462,2024-03-21,2025-08-03,1.23
QX-BAK-462,2025-08-03,2025-12-06,1.32
QX-BAK-462,2025-12-06,2026-01-04,1.40
QX-BAK-462,2026-01-04,,1.33
QX-TIN-463,2023-12-05,2025-10-19,1.61
QX-TIN-463,2025-10-19,2025-10-19,1.70
QX-TIN-463,2025-10-19,2025-10-19,1.76
QX-TIN-463,2025-10-19,,1.70
QX-BAK-464,2024-04-01,2026-01-21,6.75
QX-BAK-464,2026-01-21,2026-01-23,7.31
QX-BAK-464,2026-01-23,2026-01-23,7.81
QX-BAK-464,2026-01-23,2026-03-12,8.17
QX-BAK-464,2026-03-12,2026-03-12,8.40
QX-BAK-464,2026-03-12,,7.09
QX-HBC-465,2025-01-11,2025-08-27,10.51
QX-HBC-465,2025-08-27,2025-10-11,10.74
QX-HBC-465,2025-10-11,,12.22
QX-CHL-466,2024-02-14,2026-01-29,17.53
QX-CHL-466,2026-01-29,2026-01-29,19.09
QX-CHL-466,2026-01-29,2026-01-29,19.57
QX-CHL-466,2026-01-29,,19.97
QX-DRK-467,2024-11-05,2025-07-21,0.55
QX-DRK-467,2025-07-21,2025-09-24,0.58
QX-DRK-467,2025-09-24,2026-02-10,0.59
QX-DRK-467,2026-02-10,,0.64
QX-TIN-468,2025-02-07,2025-08-07,1.48
QX-TIN-468,2025-08-07,2026-01-10,1.55
QX-TIN-468,2026-01-10,,1.67
QX-HHD-469,2024-02-29,2026-02-26,5.25
QX-HHD-469,2026-02-26,2026-02-26,5.68
QX-HHD-469,2026-02-26,2026-02-26,6.01
QX-HHD-469,2026-02-26,,6.24
QX-BWS-470,2025-02-16,2025-09-25,18.41
QX-BWS-470,2025-09-25,2026-03-05,18.79
QX-BWS-470,2026-03-05,2026-03-05,19.96
QX-BWS-470,2026-03-05,,22.18
QX-PET-471,2023-11-17,2025-12-10,8.78
QX-PET-471,2025-12-10,2025-12-10,9.55
QX-PET-471,2025-12-10,2025-12-25,9.68
QX-PET-471,2025-12-25,2026-03-02,10.27
QX-PET-471,2026-03-02,2026-03-02,10.42
QX-PET-471,2026-03-02,,9.82
QX-DRY-472,2025-03-17,2026-02-28,2.29
QX-DRY-472,2026-02-28,2026-02-28,2.31
QX-DRY-472,2026-02-28,2026-02-28,2.49
QX-DRY-472,2026-02-28,2026-02-28,2.70
QX-DRY-472,2026-02-28,2026-02-28,2.77
QX-DRY-472,2026-02-28,,2.56
QX-CER-473,2024-08-10,2026-02-20,3.99
QX-CER-473,2026-02-20,2026-02-20,4.21
QX-CER-473,2026-02-20,2026-02-20,4.29
QX-CER-473,2026-02-20,2026-03-08,4.68
QX-CER-473,2026-03-08,2026-03-08,5.02
QX-CER-473,2026-03-08,,4.73
QX-DRK-474,2025-01-13,2025-12-16,5.24
QX-DRK-474,2025-12-16,2025-12-30,5.64
QX-DRK-474,2025-12-30,2025-12-30,5.85
QX-DRK-474,2025-12-30,2026-01-17,5.97
QX-DRK-474,2026-01-17,2026-01-17,6.04
QX-DRK-474,2026-01-17,,5.89
QX-HBC-475,2024-07-20,2026-03-08,11.93
QX-HBC-475,2026-03-08,2026-03-08,12.35
QX-HBC-475,2026-03-08,2026-03-16,13.32
QX-HBC-475,2026-03-16,2026-03-16,14.49
QX-HBC-475,2026-03-16,,13.36
QX-PET-476,2024-12-11,2025-07-29,6.12
QX-PET-476,2025-07-29,2025-07-29,6.40
QX-PET-476,2025-07-29,,6.64
QX-PRO-477,2024-09-11,2025-10-22,0.47
QX-PRO-477,2025-10-22,2026-02-09,0.50
QX-PRO-477,2026-02-09,2026-02-09,0.51
QX-PRO-477,2026-02-09,,0.55
QX-FRZ-478,2024-11-15,2025-07-20,6.36
QX-FRZ-478,2025-07-20,2025-07-20,6.49
QX-FRZ-478,2025-07-20,2025-07-31,6.66
QX-FRZ-478,2025-07-31,2026-01-28,7.18
QX-FRZ-478,2026-01-28,2026-03-15,7.68
QX-FRZ-478,2026-03-15,2026-03-15,8.08
QX-FRZ-478,2026-03-15,,7.75
QX-PET-479,2024-03-23,2026-02-26,6.04
QX-PET-479,2026-02-26,,7.31
QX-DRK-480,2024-03-25,2026-03-09,0.75
QX-DRK-480,2026-03-09,2026-03-09,0.81
QX-DRK-480,2026-03-09,,0.88
QX-TIN-481,2023-12-05,2025-09-28,0.53
QX-TIN-481,2025-09-28,2025-09-28,0.55
QX-TIN-481,2025-09-28,2026-01-21,0.56
QX-TIN-481,2026-01-21,2026-01-21,0.61
QX-TIN-481,2026-01-21,,0.62
QX-HBC-482,2024-11-12,2026-01-08,10.53
QX-HBC-482,2026-01-08,2026-01-08,11.18
QX-HBC-482,2026-01-08,2026-02-02,11.57
QX-HBC-482,2026-02-02,2026-03-25,11.94
QX-HBC-482,2026-03-25,,11.60
QX-DRY-483,2024-10-21,2026-02-01,1.89
QX-DRY-483,2026-02-01,2026-02-01,1.93
QX-DRY-483,2026-02-01,,2.25
QX-TIN-484,2024-02-23,2026-02-11,1.53
QX-TIN-484,2026-02-11,2026-02-11,1.55
QX-TIN-484,2026-02-11,2026-03-09,1.65
QX-TIN-484,2026-03-09,2026-03-09,1.71
QX-TIN-484,2026-03-09,2026-03-09,1.85
QX-TIN-484,2026-03-09,,1.77
QX-CER-486,2024-04-13,2025-12-26,1.98
QX-CER-486,2025-12-26,2025-12-26,2.06
QX-CER-486,2025-12-26,2025-12-26,2.11
QX-CER-486,2025-12-26,,2.33
QX-BAK-487,2025-03-26,2026-03-31,2.25
QX-BAK-487,2026-03-31,2026-03-31,2.28
QX-BAK-487,2026-03-31,2026-03-31,2.43
QX-BAK-487,2026-03-31,2026-03-31,2.63
QX-BAK-487,2026-03-31,2026-03-31,2.76
QX-BAK-487,2026-03-31,2026-03-31,2.80
QX-BAK-487,2026-03-31,,2.58
QX-PRO-488,2024-05-09,2025-08-26,3.72
QX-PRO-488,2025-08-26,2025-11-16,3.90
QX-PRO-488,2025-11-16,,3.88
QX-DRK-489,2024-12-07,2026-02-20,2.18
QX-DRK-489,2026-02-20,2026-02-20,2.32
QX-DRK-489,2026-02-20,2026-02-20,2.48
QX-DRK-489,2026-02-20,2026-02-20,2.68
QX-DRK-489,2026-02-20,,2.37
QX-BWS-490,2025-04-02,2026-03-01,8.49
QX-BWS-490,2026-03-01,2026-03-01,8.96
QX-BWS-490,2026-03-01,,9.54
QX-HBC-491,2024-06-20,2025-12-25,3.12
QX-HBC-491,2025-12-25,2025-12-25,3.24
QX-HBC-491,2025-12-25,2025-12-25,3.37
QX-HBC-491,2025-12-25,,3.49
QX-FRZ-492,2024-01-06,2025-08-17,7.52
QX-FRZ-492,2025-08-17,2026-01-12,8.14
QX-FRZ-492,2026-01-12,2026-01-12,8.73
QX-FRZ-492,2026-01-12,2026-01-12,8.90
QX-FRZ-492,2026-01-12,2026-03-05,9.57
QX-FRZ-492,2026-03-05,2026-03-05,10.10
QX-FRZ-492,2026-03-05,,7.89
QX-CHL-493,2024-05-05,2025-07-18,7.81
QX-CHL-493,2025-07-18,2026-02-02,7.97
QX-CHL-493,2026-02-02,2026-03-01,8.39
QX-CHL-493,2026-03-01,2026-03-26,8.77
QX-CHL-493,2026-03-26,,8.71
QX-HBC-494,2023-11-15,2025-08-17,2.41
QX-HBC-494,2025-08-17,2025-08-17,2.52
QX-HBC-494,2025-08-17,,2.72
QX-FRZ-495,2024-03-25,2025-07-13,2.26
QX-FRZ-495,2025-07-13,,2.49
QX-HHD-496,2025-03-01,2025-09-26,7.37
QX-HHD-496,2025-09-26,2025-09-26,7.82
QX-HHD-496,2025-09-26,,8.82
QX-PET-497,2025-01-15,2025-09-30,1.29
QX-PET-497,2025-09-30,2025-11-28,1.40
QX-PET-497,2025-11-28,,1.42
QX-BWS-498,2025-02-11,2026-02-07,18.36
QX-BWS-498,2026-02-07,,19.80
QX-BAK-499,2024-08-19,2026-02-22,2.99
QX-BAK-499,2026-02-22,2026-02-22,3.18
QX-BAK-499,2026-02-22,2026-02-22,3.35
QX-BAK-499,2026-02-22,,3.16
QX-FRZ-500,2025-01-24,2026-03-26,2.47
QX-FRZ-500,2026-03-26,2026-03-26,2.69
QX-FRZ-500,2026-03-26,2026-03-26,2.85
QX-FRZ-500,2026-03-26,2026-03-26,3.10
QX-FRZ-500,2026-03-26,,2.96
QX-BAK-501,2024-07-24,2025-09-30,1.51
QX-BAK-501,2025-09-30,2025-09-30,1.60
QX-BAK-501,2025-09-30,2026-03-30,1.74
QX-BAK-501,2026-03-30,2026-03-30,1.77
QX-BAK-501,2026-03-30,,1.70
QX-PET-503,2023-12-11,2025-08-24,6.74
QX-PET-503,2025-08-24,2025-08-24,7.08
QX-PET-503,2025-08-24,2025-10-18,7.40
QX-PET-503,2025-10-18,,7.84
QX-CER-504,2025-02-08,2025-12-30,1.54
QX-CER-504,2025-12-30,2025-12-30,1.60
QX-CER-504,2025-12-30,,1.64
QX-CER-505,2024-01-14,2025-09-29,2.27
QX-CER-505,2025-09-29,2025-12-01,2.42
QX-CER-505,2025-12-01,,2.73
QX-BAK-506,2025-03-01,2026-01-25,1.78
QX-BAK-506,2026-01-25,2026-03-10,1.92
QX-BAK-506,2026-03-10,2026-03-10,2.08
QX-BAK-506,2026-03-10,2026-03-10,2.15
QX-BAK-506,2026-03-10,2026-03-10,2.24
QX-BAK-506,2026-03-10,,1.96
QX-CER-507,2023-10-30,2025-07-01,2.69
QX-CER-507,2025-07-01,2025-10-20,2.89
QX-CER-507,2025-10-20,,3.08
QX-DRK-508,2024-03-30,2026-03-28,0.70
QX-DRK-508,2026-03-28,2026-03-28,0.75
QX-DRK-508,2026-03-28,2026-03-28,0.80
QX-DRK-508,2026-03-28,2026-03-28,0.81
QX-DRK-508,2026-03-28,2026-03-28,0.87
QX-DRK-508,2026-03-28,,0.82
QX-BAK-509,2023-10-19,2026-02-25,5.46
QX-BAK-509,2026-02-25,2026-02-25,5.86
QX-BAK-509,2026-02-25,2026-02-25,6.36
QX-BAK-509,2026-02-25,2026-02-25,6.80
QX-BAK-509,2026-02-25,2026-02-25,7.02
QX-BAK-509,2026-02-25,,6.52
QX-CER-510,2024-09-19,2025-10-17,4.46
QX-CER-510,2025-10-17,,4.78
QX-DRK-511,2024-05-22,2025-07-28,3.58
QX-DRK-511,2025-07-28,2025-09-01,3.69
QX-DRK-511,2025-09-01,2025-09-01,3.92
QX-DRK-511,2025-09-01,2025-09-01,4.28
QX-DRK-511,2025-09-01,,3.91
QX-HHD-512,2023-11-04,2025-08-15,4.66
QX-HHD-512,2025-08-15,2025-10-03,4.96
QX-HHD-512,2025-10-03,2025-10-03,5.16
QX-HHD-512,2025-10-03,2025-10-03,5.50
QX-HHD-512,2025-10-03,,5.34
QX-CER-513,2024-01-29,2026-01-20,3.61
QX-CER-513,2026-01-20,2026-01-20,3.71
QX-CER-513,2026-01-20,2026-02-11,3.78
QX-CER-513,2026-02-11,2026-02-11,3.86
QX-CER-513,2026-02-11,2026-02-11,4.17
QX-CER-513,2026-02-11,,3.78
QX-HHD-514,2024-09-22,2026-02-17,4.26
QX-HHD-514,2026-02-17,2026-02-17,4.61
QX-HHD-514,2026-02-17,2026-02-17,4.80
QX-HHD-514,2026-02-17,,5.06
QX-HHD-515,2023-12-10,2025-09-16,7.82
QX-HHD-515,2025-09-16,2026-02-27,7.96
QX-HHD-515,2026-02-27,2026-02-27,8.55
QX-HHD-515,2026-02-27,2026-02-27,9.00
QX-HHD-515,2026-02-27,2026-02-27,9.33
QX-HHD-515,2026-02-27,2026-03-18,10.02
QX-HHD-515,2026-03-18,,8.17
QX-PET-516,2025-02-26,2025-08-28,1.01
QX-PET-516,2025-08-28,2025-10-04,1.05
QX-PET-516,2025-10-04,2026-03-09,1.12
QX-PET-516,2026-03-09,2026-03-09,1.18
QX-PET-516,2026-03-09,,1.07
QX-CHL-517,2024-02-03,2026-03-06,18.35
QX-CHL-517,2026-03-06,2026-03-06,19.40
QX-CHL-517,2026-03-06,,22.18
QX-BAK-518,2024-07-31,2025-11-12,4.94
QX-BAK-518,2025-11-12,,5.76
QX-PET-520,2024-01-14,2025-10-09,1.85
QX-PET-520,2025-10-09,2026-03-17,1.89
QX-PET-520,2026-03-17,2026-03-17,2.01
QX-PET-520,2026-03-17,2026-03-17,2.13
QX-PET-520,2026-03-17,2026-03-17,2.29
QX-PET-520,2026-03-17,2026-03-17,2.32
QX-PET-520,2026-03-17,,2.26
QX-BAK-521,2024-02-05,2025-10-27,2.11
QX-BAK-521,2025-10-27,2025-12-27,2.14
QX-BAK-521,2025-12-27,2025-12-27,2.20
QX-BAK-521,2025-12-27,2025-12-27,2.38
QX-BAK-521,2025-12-27,2026-03-18,2.52
QX-BAK-521,2026-03-18,,2.47
QX-DRY-522,2024-11-06,2025-08-30,5.96
QX-DRY-522,2025-08-30,2025-12-07,6.26
QX-DRY-522,2025-12-07,2026-01-14,6.74
QX-DRY-522,2026-01-14,,6.94
QX-PRO-523,2025-04-25,2026-02-01,2.67
QX-PRO-523,2026-02-01,2026-02-01,2.71
QX-PRO-523,2026-02-01,2026-02-01,2.82
QX-PRO-523,2026-02-01,2026-02-01,2.97
QX-PRO-523,2026-02-01,2026-02-01,3.10
QX-PRO-523,2026-02-01,2026-02-01,3.22
QX-PRO-523,2026-02-01,,3.13
QX-PRO-524,2024-12-30,2025-10-29,3.40
QX-PRO-524,2025-10-29,2025-10-29,3.45
QX-PRO-524,2025-10-29,,3.94
QX-FRZ-525,2024-07-13,2026-02-24,6.97
QX-FRZ-525,2026-02-24,2026-02-24,7.11
QX-FRZ-525,2026-02-24,2026-02-24,7.27
QX-FRZ-525,2026-02-24,2026-02-24,7.60
QX-FRZ-525,2026-02-24,,8.02
QX-CER-526,2025-02-21,2025-12-25,2.74
QX-CER-526,2025-12-25,2025-12-25,2.93
QX-CER-526,2025-12-25,2025-12-25,3.17
QX-CER-526,2025-12-25,2025-12-25,3.45
QX-CER-526,2025-12-25,2025-12-25,3.61
QX-CER-526,2025-12-25,2026-03-30,3.90
QX-CER-526,2026-03-30,,3.14
QX-CHL-527,2024-12-07,2026-01-15,4.74
QX-CHL-527,2026-01-15,,5.60
QX-DRK-528,2023-11-04,2025-11-18,5.21
QX-DRK-528,2025-11-18,2025-11-18,5.41
QX-DRK-528,2025-11-18,,6.07
QX-CER-529,2024-07-30,2025-07-18,2.03
QX-CER-529,2025-07-18,2025-11-20,2.14
QX-CER-529,2025-11-20,2026-01-09,2.28
QX-CER-529,2026-01-09,2026-01-09,2.32
QX-CER-529,2026-01-09,,2.25
QX-CHL-530,2024-06-10,2025-12-20,3.65
QX-CHL-530,2025-12-20,2025-12-20,3.81
QX-CHL-530,2025-12-20,2025-12-20,4.14
QX-CHL-530,2025-12-20,2025-12-21,4.30
QX-CHL-530,2025-12-21,2025-12-21,4.62
QX-CHL-530,2025-12-21,,4.42
QX-CER-531,2023-12-06,2025-08-22,1.82
QX-CER-531,2025-08-22,2025-12-05,1.89
QX-CER-531,2025-12-05,,1.90
QX-HBC-532,2024-05-14,2025-08-20,5.53
QX-HBC-532,2025-08-20,2025-09-02,5.63
QX-HBC-532,2025-09-02,,5.91
QX-PET-533,2025-03-23,2026-01-29,8.25
QX-PET-533,2026-01-29,2026-01-29,8.57
QX-PET-533,2026-01-29,2026-01-29,8.88
QX-PET-533,2026-01-29,2026-01-29,9.45
QX-PET-533,2026-01-29,2026-02-10,10.03
QX-PET-533,2026-02-10,2026-02-10,10.61
QX-PET-533,2026-02-10,,10.04
QX-TIN-534,2024-03-22,2025-07-18,1.92
QX-TIN-534,2025-07-18,2026-03-31,2.04
QX-TIN-534,2026-03-31,2026-03-31,2.20
QX-TIN-534,2026-03-31,2026-03-31,2.39
QX-TIN-534,2026-03-31,,2.06
QX-FRZ-535,2024-10-26,2025-08-24,2.88
QX-FRZ-535,2025-08-24,2026-03-11,3.04
QX-FRZ-535,2026-03-11,2026-03-11,3.28
QX-FRZ-535,2026-03-11,,3.44
QX-PET-537,2025-04-04,2025-12-16,6.33
QX-PET-537,2025-12-16,2025-12-16,6.48
QX-PET-537,2025-12-16,2026-03-01,6.73
QX-PET-537,2026-03-01,2026-03-01,7.14
QX-PET-537,2026-03-01,2026-03-01,7.40
QX-PET-537,2026-03-01,,6.96
QX-BAK-538,2024-07-21,2025-10-19,1.68
QX-BAK-538,2025-10-19,2026-03-22,1.72
QX-BAK-538,2026-03-22,2026-03-22,1.87
QX-BAK-538,2026-03-22,,1.94
QX-HBC-539,2025-05-28,2026-01-20,3.50
QX-HBC-539,2026-01-20,2026-01-20,3.79
QX-HBC-539,2026-01-20,2026-03-03,4.11
QX-HBC-539,2026-03-03,2026-03-03,4.26
QX-HBC-539,2026-03-03,2026-03-03,4.41
QX-HBC-539,2026-03-03,,4.05
QX-PRO-540,2023-12-15,2026-01-03,3.17
QX-PRO-540,2026-01-03,2026-01-11,3.24
QX-PRO-540,2026-01-11,,3.63
QX-CHL-541,2024-11-12,2026-01-25,19.62
QX-CHL-541,2026-01-25,2026-01-25,21.24
QX-CHL-541,2026-01-25,,20.70
QX-CHL-542,2025-03-30,2025-12-22,7.72
QX-CHL-542,2025-12-22,,8.85
QX-PRO-543,2023-10-17,2026-02-03,1.13
QX-PRO-543,2026-02-03,2026-02-03,1.17
QX-PRO-543,2026-02-03,,1.34
QX-DRY-544,2024-04-14,2025-08-16,6.03
QX-DRY-544,2025-08-16,2025-12-06,6.44
QX-DRY-544,2025-12-06,2026-01-02,6.61
QX-DRY-544,2026-01-02,,6.62
QX-HBC-545,2024-12-20,2025-07-11,11.57
QX-HBC-545,2025-07-11,2025-08-20,11.69
QX-HBC-545,2025-08-20,2025-09-14,12.73
QX-HBC-545,2025-09-14,2025-09-19,13.65
QX-HBC-545,2025-09-19,2025-12-31,14.33
QX-HBC-545,2025-12-31,2025-12-31,15.59
QX-HBC-545,2025-12-31,,13.90
QX-DRK-546,2025-01-19,2025-10-18,1.12
QX-DRK-546,2025-10-18,2025-12-13,1.21
QX-DRK-546,2025-12-13,2025-12-13,1.25
QX-DRK-546,2025-12-13,,1.28
QX-FRZ-547,2024-12-05,2025-12-20,6.54
QX-FRZ-547,2025-12-20,2025-12-20,6.82
QX-FRZ-547,2025-12-20,2025-12-20,6.98
QX-FRZ-547,2025-12-20,2025-12-20,7.24
QX-FRZ-547,2025-12-20,,7.16
QX-TIN-548,2025-03-17,2026-01-05,0.56
QX-TIN-548,2026-01-05,2026-01-05,0.61
QX-TIN-548,2026-01-05,,0.66
QX-BWS-549,2024-07-29,2025-08-07,5.56
QX-BWS-549,2025-08-07,2025-12-29,5.98
QX-BWS-549,2025-12-29,2025-12-29,6.50
QX-BWS-549,2025-12-29,2026-02-18,6.74
QX-BWS-549,2026-02-18,2026-02-18,6.96
QX-BWS-549,2026-02-18,,6.55
QX-CHL-550,2023-12-27,2025-08-11,3.11
QX-CHL-550,2025-08-11,2026-03-18,3.16
QX-CHL-550,2026-03-18,2026-03-18,3.24
QX-CHL-550,2026-03-18,2026-03-18,3.36
QX-CHL-550,2026-03-18,2026-03-18,3.52
QX-CHL-550,2026-03-18,,3.69
QX-HHD-551,2025-03-05,2025-08-30,9.38
QX-HHD-551,2025-08-30,2026-03-16,9.83
QX-HHD-551,2026-03-16,2026-03-26,10.40
QX-HHD-551,2026-03-26,2026-03-26,11.02
QX-HHD-551,2026-03-26,,10.59
QX-TIN-552,2024-07-02,2025-08-24,0.95
QX-TIN-552,2025-08-24,2025-08-24,0.97
QX-TIN-552,2025-08-24,2025-08-24,1.00
QX-TIN-552,2025-08-24,2025-10-16,1.09
QX-TIN-552,2025-10-16,,1.12
QX-FRZ-553,2025-02-20,2026-03-15,4.81
QX-FRZ-553,2026-03-15,2026-03-15,5.14
QX-FRZ-553,2026-03-15,2026-03-15,5.35
QX-FRZ-553,2026-03-15,2026-03-15,5.77
QX-FRZ-553,2026-03-15,2026-03-15,6.24
QX-FRZ-553,2026-03-15,,5.57
QX-HHD-554,2023-12-16,2025-11-05,7.84
QX-HHD-554,2025-11-05,2026-03-29,7.99
QX-HHD-554,2026-03-29,,8.52
QX-DRY-555,2025-04-18,2025-08-04,4.20
QX-DRY-555,2025-08-04,,4.64
QX-HHD-556,2024-11-12,2025-07-31,3.99
QX-HHD-556,2025-07-31,2026-02-01,4.29
QX-HHD-556,2026-02-01,2026-02-01,4.60
QX-HHD-556,2026-02-01,2026-02-01,4.66
QX-HHD-556,2026-02-01,2026-03-07,5.00
QX-HHD-556,2026-03-07,,4.44
QX-TIN-557,2024-11-01,2026-01-29,1.13
QX-TIN-557,2026-01-29,2026-03-18,1.21
QX-TIN-557,2026-03-18,2026-03-18,1.31
QX-TIN-557,2026-03-18,2026-03-18,1.35
QX-TIN-557,2026-03-18,2026-03-18,1.43
QX-TIN-557,2026-03-18,,1.33
QX-CER-558,2025-04-13,2025-12-03,3.54
QX-CER-558,2025-12-03,2025-12-03,3.82
QX-CER-558,2025-12-03,,3.83
QX-PET-559,2025-04-17,2025-10-09,6.92
QX-PET-559,2025-10-09,,8.05
QX-DRK-560,2024-10-04,2026-03-03,5.36
QX-DRK-560,2026-03-03,2026-03-29,5.53
QX-DRK-560,2026-03-29,2026-03-29,5.82
QX-DRK-560,2026-03-29,,5.75
QX-CER-561,2023-11-20,2025-08-05,4.06
QX-CER-561,2025-08-05,2025-08-05,4.36
QX-CER-561,2025-08-05,,4.72
QX-PRO-562,2024-04-24,2026-03-24,2.88
QX-PRO-562,2026-03-24,2026-03-24,2.95
QX-PRO-562,2026-03-24,2026-03-24,2.99
QX-PRO-562,2026-03-24,2026-03-24,3.12
QX-PRO-562,2026-03-24,2026-03-24,3.38
QX-PRO-562,2026-03-24,,3.26
QX-HHD-563,2024-09-05,2025-10-04,7.67
QX-HHD-563,2025-10-04,2025-10-04,7.83
QX-HHD-563,2025-10-04,,8.88
QX-BAK-564,2024-05-20,2026-02-23,3.00
QX-BAK-564,2026-02-23,2026-02-23,3.04
QX-BAK-564,2026-02-23,2026-02-23,3.28
QX-BAK-564,2026-02-23,2026-02-23,3.31
QX-BAK-564,2026-02-23,2026-02-23,3.50
QX-BAK-564,2026-02-23,,3.57
QX-BAK-565,2024-02-15,2025-08-04,1.42
QX-BAK-565,2025-08-04,2025-11-23,1.52
QX-BAK-565,2025-11-23,2025-11-23,1.59
QX-BAK-565,2025-11-23,,1.56
QX-FRZ-566,2023-12-22,2025-07-23,3.94
QX-FRZ-566,2025-07-23,2025-12-14,4.04
QX-FRZ-566,2025-12-14,2026-03-16,4.15
QX-FRZ-566,2026-03-16,2026-03-16,4.50
QX-FRZ-566,2026-03-16,2026-03-16,4.58
QX-FRZ-566,2026-03-16,,4.24
QX-HHD-568,2025-03-15,2025-12-14,8.24
QX-HHD-568,2025-12-14,2025-12-14,8.44
QX-HHD-568,2025-12-14,2026-01-12,9.17
QX-HHD-568,2026-01-12,2026-01-12,9.86
QX-HHD-568,2026-01-12,,9.45
QX-BAK-569,2024-12-08,2026-01-30,0.53
QX-BAK-569,2026-01-30,2026-01-30,0.56
QX-BAK-569,2026-01-30,2026-01-30,0.58
QX-BAK-569,2026-01-30,2026-01-30,0.61
QX-BAK-569,2026-01-30,2026-03-07,0.62
QX-BAK-569,2026-03-07,,0.64
QX-HHD-570,2024-08-12,2025-09-28,0.98
QX-HHD-570,2025-09-28,2025-10-13,1.07
QX-HHD-570,2025-10-13,,1.14
QX-PET-571,2025-05-31,2026-03-02,1.74
QX-PET-571,2026-03-02,2026-03-02,1.77
QX-PET-571,2026-03-02,2026-03-02,1.88
QX-PET-571,2026-03-02,2026-03-02,1.92
QX-PET-571,2026-03-02,,2.09
QX-PET-573,2024-04-15,2025-07-12,8.54
QX-PET-573,2025-07-12,2026-03-01,8.92
QX-PET-573,2026-03-01,2026-03-01,9.47
QX-PET-573,2026-03-01,2026-03-01,10.16
QX-PET-573,2026-03-01,2026-03-01,10.75
QX-PET-573,2026-03-01,,9.48
QX-TIN-574,2024-07-14,2025-10-23,0.62
QX-TIN-574,2025-10-23,2025-11-22,0.65
QX-TIN-574,2025-11-22,2025-12-06,0.71
QX-TIN-574,2025-12-06,,0.68
QX-PET-575,2024-04-02,2026-02-13,8.18
QX-PET-575,2026-02-13,,9.06
QX-HBC-576,2024-01-22,2026-01-08,12.91
QX-HBC-576,2026-01-08,2026-02-23,13.98
QX-HBC-576,2026-02-23,,14.46
QX-DRY-577,2023-12-31,2026-03-27,4.61
QX-DRY-577,2026-03-27,2026-03-27,4.77
QX-DRY-577,2026-03-27,2026-03-27,5.04
QX-DRY-577,2026-03-27,2026-03-27,5.20
QX-DRY-577,2026-03-27,,5.39
QX-FRZ-578,2025-05-19,2025-10-29,3.24
QX-FRZ-578,2025-10-29,2025-10-29,3.34
QX-FRZ-578,2025-10-29,,3.65
QX-PRO-580,2024-11-17,2025-08-25,4.20
QX-PRO-580,2025-08-25,2025-10-05,4.49
QX-PRO-580,2025-10-05,2025-11-22,4.78
QX-PRO-580,2025-11-22,2025-11-22,4.94
QX-PRO-580,2025-11-22,2025-11-22,5.06
QX-PRO-580,2025-11-22,,4.94
QX-BAK-581,2024-04-21,2025-12-03,7.48
QX-BAK-581,2025-12-03,2025-12-03,7.70
QX-BAK-581,2025-12-03,2025-12-03,8.11
QX-BAK-581,2025-12-03,,8.63
QX-FRZ-582,2024-11-18,2025-08-03,6.75
QX-FRZ-582,2025-08-03,2025-12-15,7.24
QX-FRZ-582,2025-12-15,2026-03-22,7.79
QX-FRZ-582,2026-03-22,2026-03-22,7.97
QX-FRZ-582,2026-03-22,2026-03-22,8.12
QX-FRZ-582,2026-03-22,,7.27
QX-DRK-583,2024-11-07,2025-08-13,2.20
QX-DRK-583,2025-08-13,2025-08-13,2.23
QX-DRK-583,2025-08-13,,2.65
QX-HHD-584,2023-11-26,2026-01-13,1.65
QX-HHD-584,2026-01-13,2026-01-13,1.68
QX-HHD-584,2026-01-13,2026-01-13,1.77
QX-HHD-584,2026-01-13,2026-01-13,1.80
QX-HHD-584,2026-01-13,,1.97
QX-HHD-586,2024-03-25,2025-10-19,9.66
QX-HHD-586,2025-10-19,,10.11
QX-PRO-587,2024-05-01,2025-07-31,1.19
QX-PRO-587,2025-07-31,2025-08-03,1.23
QX-PRO-587,2025-08-03,2025-08-03,1.29
QX-PRO-587,2025-08-03,,1.25
QX-FRZ-588,2023-11-20,2025-07-08,5.35
QX-FRZ-588,2025-07-08,2026-03-25,5.70
QX-FRZ-588,2026-03-25,2026-03-25,6.04
QX-FRZ-588,2026-03-25,2026-03-25,6.10
QX-FRZ-588,2026-03-25,,5.70
QX-CER-589,2023-11-24,2026-01-04,1.19
QX-CER-589,2026-01-04,2026-01-05,1.28
QX-CER-589,2026-01-05,2026-02-17,1.37
QX-CER-589,2026-02-17,,1.39
QX-BAK-590,2024-05-13,2026-03-28,2.61
QX-BAK-590,2026-03-28,2026-03-28,2.72
QX-BAK-590,2026-03-28,,2.81
QX-HBC-591,2023-10-19,2025-12-01,3.35
QX-HBC-591,2025-12-01,2025-12-03,3.50
QX-HBC-591,2025-12-03,2025-12-03,3.71
QX-HBC-591,2025-12-03,2025-12-03,3.76
QX-HBC-591,2025-12-03,2026-01-25,3.99
QX-HBC-591,2026-01-25,,4.06
QX-TIN-593,2024-01-27,2025-10-28,1.92
QX-TIN-593,2025-10-28,2025-11-25,1.97
QX-TIN-593,2025-11-25,2025-12-03,2.02
QX-TIN-593,2025-12-03,2025-12-03,2.15
QX-TIN-593,2025-12-03,,2.04
QX-CER-594,2024-08-03,2025-09-20,1.99
QX-CER-594,2025-09-20,2025-12-21,2.14
QX-CER-594,2025-12-21,2026-01-22,2.18
QX-CER-594,2026-01-22,,2.18
QX-HHD-595,2024-12-26,2025-11-21,2.62
QX-HHD-595,2025-11-21,2026-01-01,2.69
QX-HHD-595,2026-01-01,2026-01-01,2.86
QX-HHD-595,2026-01-01,2026-01-01,2.89
QX-HHD-595,2026-01-01,2026-01-10,2.96
QX-HHD-595,2026-01-10,,3.00
QX-PRO-596,2024-06-25,2025-07-06,1.81
QX-PRO-596,2025-07-06,2025-12-21,1.85
QX-PRO-596,2025-12-21,2026-03-06,2.01
QX-PRO-596,2026-03-06,2026-03-15,2.04
QX-PRO-596,2026-03-15,2026-03-15,2.13
QX-PRO-596,2026-03-15,,2.09
QX-BWS-597,2024-01-31,2025-12-21,20.38
QX-BWS-597,2025-12-21,2026-01-22,22.08
QX-BWS-597,2026-01-22,,22.61
QX-BAK-598,2024-07-02,2026-02-20,3.03
QX-BAK-598,2026-02-20,2026-02-20,3.20
QX-BAK-598,2026-02-20,2026-03-13,3.29
QX-BAK-598,2026-03-13,2026-03-13,3.34
QX-BAK-598,2026-03-13,2026-03-13,3.43
QX-BAK-598,2026-03-13,,3.27
QX-BAK-599,2025-02-15,2025-07-15,1.87
QX-BAK-599,2025-07-15,2025-10-13,1.94
QX-BAK-599,2025-10-13,2025-12-07,2.07
QX-BAK-599,2025-12-07,2025-12-07,2.10
QX-BAK-599,2025-12-07,2025-12-07,2.26
QX-BAK-599,2025-12-07,,2.06
QX-DRK-600,2024-03-13,2026-03-15,5.53
QX-DRK-600,2026-03-15,2026-03-15,5.90
QX-DRK-600,2026-03-15,,6.18
QX-DRK-601,2024-09-14,2025-12-09,0.56
QX-DRK-601,2025-12-09,2025-12-09,0.60
QX-DRK-601,2025-12-09,2025-12-09,0.66
QX-DRK-601,2025-12-09,2025-12-09,0.68
QX-DRK-601,2025-12-09,2025-12-09,0.74
QX-DRK-601,2025-12-09,,0.59
QX-PET-602,2024-04-16,2026-02-12,1.38
QX-PET-602,2026-02-12,2026-02-14,1.49
QX-PET-602,2026-02-14,2026-02-17,1.62
QX-PET-602,2026-02-17,2026-02-17,1.73
QX-PET-602,2026-02-17,2026-02-17,1.83
QX-PET-602,2026-02-17,2026-03-23,1.88
QX-PET-602,2026-03-23,,1.63
QX-DRK-603,2025-05-04,2026-01-06,3.73
QX-DRK-603,2026-01-06,2026-01-06,3.78
QX-DRK-603,2026-01-06,2026-01-06,4.00
QX-DRK-603,2026-01-06,2026-01-27,4.17
QX-DRK-603,2026-01-27,2026-01-27,4.22
QX-DRK-603,2026-01-27,,4.20
QX-BAK-604,2024-09-13,2025-10-01,1.19
QX-BAK-604,2025-10-01,,1.34
QX-CER-606,2024-02-29,2025-08-19,3.50
QX-CER-606,2025-08-19,2026-03-22,3.68
QX-CER-606,2026-03-22,2026-03-22,3.79
QX-CER-606,2026-03-22,2026-03-22,4.07
QX-CER-606,2026-03-22,,3.82
QX-BWS-607,2025-04-26,2025-10-12,14.24
QX-BWS-607,2025-10-12,2025-10-12,15.23
QX-BWS-607,2025-10-12,,16.96
QX-FRZ-608,2024-09-02,2025-10-23,7.17
QX-FRZ-608,2025-10-23,2025-12-14,7.48
QX-FRZ-608,2025-12-14,2025-12-14,7.57
QX-FRZ-608,2025-12-14,2025-12-14,7.95
QX-FRZ-608,2025-12-14,2026-03-12,8.50
QX-FRZ-608,2026-03-12,2026-03-12,8.90
QX-FRZ-608,2026-03-12,,8.41
QX-CHL-609,2024-09-11,2026-03-04,2.31
QX-CHL-609,2026-03-04,2026-03-04,2.47
QX-CHL-609,2026-03-04,2026-03-04,2.54
QX-CHL-609,2026-03-04,2026-03-04,2.76
QX-CHL-609,2026-03-04,,2.71
QX-BAK-610,2023-11-10,2025-10-20,3.55
QX-BAK-610,2025-10-20,2026-01-14,3.64
QX-BAK-610,2026-01-14,2026-01-14,3.73
QX-BAK-610,2026-01-14,2026-01-14,3.91
QX-BAK-610,2026-01-14,2026-01-14,4.26
QX-BAK-610,2026-01-14,,3.92
QX-BWS-611,2024-05-03,2026-02-11,8.14
QX-BWS-611,2026-02-11,2026-02-11,8.82
QX-BWS-611,2026-02-11,2026-02-11,9.20
QX-BWS-611,2026-02-11,2026-02-11,9.74
QX-BWS-611,2026-02-11,2026-02-11,9.93
QX-BWS-611,2026-02-11,2026-02-11,10.10
QX-BWS-611,2026-02-11,,8.52
QX-BWS-612,2023-12-17,2025-12-29,14.80
QX-BWS-612,2025-12-29,2025-12-29,15.49
QX-BWS-612,2025-12-29,,17.70
QX-BAK-613,2023-12-11,2025-12-20,2.10
QX-BAK-613,2025-12-20,2025-12-20,2.19
QX-BAK-613,2025-12-20,,2.24
QX-FRZ-615,2024-08-24,2026-01-18,6.71
QX-FRZ-615,2026-01-18,2026-01-18,7.00
QX-FRZ-615,2026-01-18,2026-01-18,7.37
QX-FRZ-615,2026-01-18,2026-01-18,7.88
QX-FRZ-615,2026-01-18,2026-01-18,8.05
QX-FRZ-615,2026-01-18,,7.89
QX-HHD-616,2024-04-19,2026-01-02,4.42
QX-HHD-616,2026-01-02,2026-02-16,4.53
QX-HHD-616,2026-02-16,2026-02-16,4.91
QX-HHD-616,2026-02-16,2026-02-24,5.29
QX-HHD-616,2026-02-24,,4.92
QX-CHL-617,2024-12-30,2026-02-07,1.58
QX-CHL-617,2026-02-07,2026-02-07,1.62
QX-CHL-617,2026-02-07,,1.76
QX-DRY-618,2024-12-15,2025-12-27,5.15
QX-DRY-618,2025-12-27,2026-03-07,5.29
QX-DRY-618,2026-03-07,2026-03-07,5.59
QX-DRY-618,2026-03-07,2026-03-07,5.99
QX-DRY-618,2026-03-07,,6.23
QX-CER-619,2024-03-03,2026-03-23,1.50
QX-CER-619,2026-03-23,2026-03-23,1.62
QX-CER-619,2026-03-23,,1.68
QX-DRY-620,2024-08-23,2025-11-27,3.87
QX-DRY-620,2025-11-27,2025-12-21,4.09
QX-DRY-620,2025-12-21,2026-02-07,4.20
QX-DRY-620,2026-02-07,2026-02-07,4.48
QX-DRY-620,2026-02-07,,4.53
QX-HHD-621,2024-08-26,2026-03-28,8.11
QX-HHD-621,2026-03-28,2026-03-28,8.74
QX-HHD-621,2026-03-28,,9.37
QX-FRZ-622,2024-02-29,2025-07-28,3.52
QX-FRZ-622,2025-07-28,2026-03-03,3.73
QX-FRZ-622,2026-03-03,2026-03-26,4.06
QX-FRZ-622,2026-03-26,2026-03-27,4.41
QX-FRZ-622,2026-03-27,,3.90
QX-FRZ-623,2023-12-05,2025-07-01,5.01
QX-FRZ-623,2025-07-01,2025-12-11,5.11
QX-FRZ-623,2025-12-11,2025-12-11,5.31
QX-FRZ-623,2025-12-11,2025-12-11,5.55
QX-FRZ-623,2025-12-11,,5.91
QX-DRK-624,2024-12-31,2025-10-25,4.33
QX-DRK-624,2025-10-25,,4.64
QX-FRZ-625,2024-09-22,2025-09-30,5.63
QX-FRZ-625,2025-09-30,2025-12-01,5.81
QX-FRZ-625,2025-12-01,2025-12-01,6.29
QX-FRZ-625,2025-12-01,2025-12-01,6.46
QX-FRZ-625,2025-12-01,,6.25
QX-TIN-626,2024-01-15,2025-11-14,2.48
QX-TIN-626,2025-11-14,2025-11-14,2.68
QX-TIN-626,2025-11-14,2026-03-23,2.80
QX-TIN-626,2026-03-23,2026-03-23,2.87
QX-TIN-626,2026-03-23,,2.68
QX-CHL-627,2024-11-13,2026-01-10,8.77
QX-CHL-627,2026-01-10,2026-03-05,9.12
QX-CHL-627,2026-03-05,,9.49
QX-DRK-628,2025-01-25,2026-02-04,2.50
QX-DRK-628,2026-02-04,2026-02-25,2.71
QX-DRK-628,2026-02-25,,2.79
QX-BAK-629,2025-02-03,2026-01-03,2.46
QX-BAK-629,2026-01-03,2026-01-03,2.68
QX-BAK-629,2026-01-03,2026-01-03,2.81
QX-BAK-629,2026-01-03,,2.64
QX-TIN-630,2024-12-27,2026-01-18,1.45
QX-TIN-630,2026-01-18,2026-01-26,1.56
QX-TIN-630,2026-01-26,,1.62
QX-HHD-631,2023-12-26,2025-07-13,2.55
QX-HHD-631,2025-07-13,2025-10-08,2.57
QX-HHD-631,2025-10-08,2025-10-08,2.71
QX-HHD-631,2025-10-08,,3.06
QX-PET-632,2023-12-10,2025-07-06,4.44
QX-PET-632,2025-07-06,2026-02-04,4.52
QX-PET-632,2026-02-04,2026-02-04,4.80
QX-PET-632,2026-02-04,2026-02-04,4.87
QX-PET-632,2026-02-04,2026-02-04,5.13
QX-PET-632,2026-02-04,,4.67
QX-BAK-633,2024-03-05,2026-03-12,7.18
QX-BAK-633,2026-03-12,2026-03-12,7.54
QX-BAK-633,2026-03-12,2026-03-12,8.14
QX-BAK-633,2026-03-12,2026-03-12,8.68
QX-BAK-633,2026-03-12,,8.24
QX-HHD-634,2024-11-17,2026-01-06,5.00
QX-HHD-634,2026-01-06,2026-01-06,5.21
QX-HHD-634,2026-01-06,,5.98
QX-FRZ-635,2023-12-27,2025-11-06,1.31
QX-FRZ-635,2025-11-06,2025-11-06,1.34
QX-FRZ-635,2025-11-06,2025-11-06,1.44
QX-FRZ-635,2025-11-06,2025-11-18,1.51
QX-FRZ-635,2025-11-18,,1.58
QX-HBC-636,2024-10-18,2025-07-12,5.36
QX-HBC-636,2025-07-12,2025-08-04,5.79
QX-HBC-636,2025-08-04,2026-01-31,6.18
QX-HBC-636,2026-01-31,,6.00
QX-PRO-637,2025-05-01,2025-07-30,3.74
QX-PRO-637,2025-07-30,2025-12-13,3.87
QX-PRO-637,2025-12-13,2026-02-26,3.96
QX-PRO-637,2026-02-26,2026-02-26,4.11
QX-PRO-637,2026-02-26,,4.23
QX-BAK-638,2024-08-20,2026-03-30,3.96
QX-BAK-638,2026-03-30,2026-03-30,4.08
QX-BAK-638,2026-03-30,,4.17
QX-DRK-639,2024-10-18,2025-12-19,4.30
QX-DRK-639,2025-12-19,2026-01-16,4.50
QX-DRK-639,2026-01-16,2026-02-23,4.66
QX-DRK-639,2026-02-23,,5.17
QX-DRY-640,2024-03-05,2025-08-18,2.97
QX-DRY-640,2025-08-18,2025-09-07,3.19
QX-DRY-640,2025-09-07,2025-09-07,3.48
QX-DRY-640,2025-09-07,2026-01-23,3.71
QX-DRY-640,2026-01-23,,3.41
QX-BAK-641,2025-05-10,2026-01-09,1.19
QX-BAK-641,2026-01-09,2026-01-09,1.21
QX-BAK-641,2026-01-09,2026-01-09,1.23
QX-BAK-641,2026-01-09,2026-01-09,1.29
QX-BAK-641,2026-01-09,2026-02-11,1.31
QX-BAK-641,2026-02-11,,1.45
QX-CHL-642,2025-04-05,2025-11-21,4.31
QX-CHL-642,2025-11-21,,4.74
QX-FRZ-643,2023-12-05,2025-11-01,6.47
QX-FRZ-643,2025-11-01,2025-11-01,6.57
QX-FRZ-643,2025-11-01,2026-01-02,7.05
QX-FRZ-643,2026-01-02,,6.85
QX-BAK-644,2024-07-29,2025-11-26,3.45
QX-BAK-644,2025-11-26,2025-11-26,3.54
QX-BAK-644,2025-11-26,2026-03-19,3.85
QX-BAK-644,2026-03-19,2026-03-19,3.92
QX-BAK-644,2026-03-19,,3.99
QX-DRK-645,2024-08-24,2025-09-11,2.33
QX-DRK-645,2025-09-11,2025-09-11,2.41
QX-DRK-645,2025-09-11,,2.75
QX-FRZ-646,2024-08-08,2026-03-05,4.60
QX-FRZ-646,2026-03-05,,5.52
QX-CER-647,2024-12-11,2025-11-15,2.35
QX-CER-647,2025-11-15,2025-11-15,2.49
QX-CER-647,2025-11-15,2026-03-21,2.63
QX-CER-647,2026-03-21,2026-03-21,2.76
QX-CER-647,2026-03-21,2026-03-21,2.84
QX-CER-647,2026-03-21,2026-03-21,2.98
QX-CER-647,2026-03-21,,2.46
QX-BAK-648,2024-04-02,2025-09-26,3.02
QX-BAK-648,2025-09-26,2025-09-26,3.18
QX-BAK-648,2025-09-26,2025-10-01,3.28
QX-BAK-648,2025-10-01,2025-10-01,3.39
QX-BAK-648,2025-10-01,2025-10-01,3.60
QX-BAK-648,2025-10-01,,3.41
QX-BWS-649,2024-11-25,2025-11-01,10.59
QX-BWS-649,2025-11-01,2025-11-01,11.37
QX-BWS-649,2025-11-01,2026-01-24,12.25
QX-BWS-649,2026-01-24,,12.16
QX-TIN-650,2024-08-12,2026-01-02,0.81
QX-TIN-650,2026-01-02,,0.94
QX-CER-651,2024-09-17,2025-10-22,2.81
QX-CER-651,2025-10-22,2025-10-22,2.85
QX-CER-651,2025-10-22,2026-03-07,3.06
QX-CER-651,2026-03-07,2026-03-07,3.31
QX-CER-651,2026-03-07,,3.30
QX-DRY-652,2025-03-09,2025-07-07,2.26
QX-DRY-652,2025-07-07,2025-11-08,2.32
QX-DRY-652,2025-11-08,2025-11-08,2.46
QX-DRY-652,2025-11-08,2025-11-08,2.55
QX-DRY-652,2025-11-08,2025-11-08,2.64
QX-DRY-652,2025-11-08,,2.54
QX-BAK-653,2025-03-05,2025-10-24,3.03
QX-BAK-653,2025-10-24,2025-10-24,3.21
QX-BAK-653,2025-10-24,2026-01-10,3.37
QX-BAK-653,2026-01-10,2026-03-27,3.55
QX-BAK-653,2026-03-27,,3.37
QX-PET-654,2024-08-25,2025-07-03,3.54
QX-PET-654,2025-07-03,2025-12-16,3.82
QX-PET-654,2025-12-16,2025-12-16,4.05
QX-PET-654,2025-12-16,,3.70
QX-CER-655,2023-12-02,2025-12-09,3.90
QX-CER-655,2025-12-09,2026-01-07,4.20
QX-CER-655,2026-01-07,2026-01-07,4.31
QX-CER-655,2026-01-07,,4.18
QX-DRK-656,2024-11-30,2025-10-13,1.54
QX-DRK-656,2025-10-13,2025-10-16,1.67
QX-DRK-656,2025-10-16,,1.71
QX-TIN-657,2024-06-30,2025-09-13,2.65
QX-TIN-657,2025-09-13,,2.87
QX-DRY-658,2024-01-16,2026-02-02,0.99
QX-DRY-658,2026-02-02,2026-02-21,1.00
QX-DRY-658,2026-02-21,2026-02-21,1.02
QX-DRY-658,2026-02-21,2026-02-21,1.04
QX-DRY-658,2026-02-21,,1.18
QX-BAK-659,2024-08-06,2026-03-29,0.92
QX-BAK-659,2026-03-29,2026-03-31,0.96
QX-BAK-659,2026-03-31,,1.02
QX-HHD-660,2023-10-25,2025-09-03,1.68
QX-HHD-660,2025-09-03,2025-12-07,1.83
QX-HHD-660,2025-12-07,2025-12-26,1.90
QX-HHD-660,2025-12-26,2025-12-26,1.94
QX-HHD-660,2025-12-26,2025-12-26,2.10
QX-HHD-660,2025-12-26,,1.90
QX-DRY-661,2025-05-06,2026-03-01,5.88
QX-DRY-661,2026-03-01,2026-03-01,6.03
QX-DRY-661,2026-03-01,2026-03-01,6.48
QX-DRY-661,2026-03-01,2026-03-01,6.56
QX-DRY-661,2026-03-01,2026-03-16,6.69
QX-DRY-661,2026-03-16,2026-03-16,6.79
QX-DRY-661,2026-03-16,,6.14
QX-CER-663,2024-11-20,2025-08-04,1.46
QX-CER-663,2025-08-04,2025-08-04,1.53
QX-CER-663,2025-08-04,2025-09-24,1.62
QX-CER-663,2025-09-24,,1.69
QX-DRY-664,2024-10-30,2025-08-30,4.56
QX-DRY-664,2025-08-30,2026-02-12,4.80
QX-DRY-664,2026-02-12,2026-02-12,5.11
QX-DRY-664,2026-02-12,,5.46
QX-HHD-665,2024-10-29,2026-02-26,8.44
QX-HHD-665,2026-02-26,2026-02-26,8.57
QX-HHD-665,2026-02-26,,8.92
QX-CER-666,2024-02-02,2025-10-26,3.11
QX-CER-666,2025-10-26,2025-10-26,3.23
QX-CER-666,2025-10-26,2025-10-26,3.32
QX-CER-666,2025-10-26,,3.33
QX-DRY-667,2024-12-13,2026-02-02,1.06
QX-DRY-667,2026-02-02,2026-02-02,1.14
QX-DRY-667,2026-02-02,2026-02-02,1.16
QX-DRY-667,2026-02-02,,1.13
QX-BWS-668,2024-09-20,2025-09-09,10.71
QX-BWS-668,2025-09-09,2025-09-09,10.94
QX-BWS-668,2025-09-09,2025-09-09,11.06
QX-BWS-668,2025-09-09,2026-01-12,11.35
QX-BWS-668,2026-01-12,2026-01-12,11.83
QX-BWS-668,2026-01-12,,12.42
QX-FRZ-669,2024-09-16,2025-09-18,4.96
QX-FRZ-669,2025-09-18,2025-09-18,5.02
QX-FRZ-669,2025-09-18,2026-01-08,5.14
QX-FRZ-669,2026-01-08,,5.30
QX-DRK-670,2024-11-21,2025-12-30,5.74
QX-DRK-670,2025-12-30,2025-12-30,6.23
QX-DRK-670,2025-12-30,2026-01-07,6.39
QX-DRK-670,2026-01-07,2026-01-07,6.55
QX-DRK-670,2026-01-07,,6.35
QX-CER-671,2024-12-17,2025-12-17,2.11
QX-CER-671,2025-12-17,2025-12-17,2.14
QX-CER-671,2025-12-17,,2.29
QX-PRO-672,2024-03-13,2025-08-13,3.35
QX-PRO-672,2025-08-13,2025-10-25,3.42
QX-PRO-672,2025-10-25,2025-10-25,3.71
QX-PRO-672,2025-10-25,2026-03-12,3.94
QX-PRO-672,2026-03-12,,3.58
QX-PET-674,2025-01-27,2025-07-18,8.54
QX-PET-674,2025-07-18,2026-01-03,8.72
QX-PET-674,2026-01-03,,10.23
QX-TIN-677,2023-11-23,2025-12-28,0.68
QX-TIN-677,2025-12-28,2026-03-12,0.73
QX-TIN-677,2026-03-12,,0.83
QX-BAK-678,2025-05-19,2025-09-13,2.91
QX-BAK-678,2025-09-13,2025-09-26,3.03
QX-BAK-678,2025-09-26,2025-09-26,3.21
QX-BAK-678,2025-09-26,2026-01-30,3.43
QX-BAK-678,2026-01-30,2026-02-27,3.48
QX-BAK-678,2026-02-27,,3.06
QX-FRZ-679,2024-09-10,2025-08-20,7.08
QX-FRZ-679,2025-08-20,2025-10-06,7.28
QX-FRZ-679,2025-10-06,2026-03-13,7.78
QX-FRZ-679,2026-03-13,2026-03-13,8.28
QX-FRZ-679,2026-03-13,2026-03-13,8.65
QX-FRZ-679,2026-03-13,,7.58
QX-FRZ-680,2024-04-08,2025-10-10,4.92
QX-FRZ-680,2025-10-10,2026-03-11,5.25
QX-FRZ-680,2026-03-11,2026-03-11,5.45
QX-FRZ-680,2026-03-11,2026-03-11,5.69
QX-FRZ-680,2026-03-11,,5.47
QX-CER-681,2025-05-11,2026-02-13,1.92
QX-CER-681,2026-02-13,2026-03-30,2.03
QX-CER-681,2026-03-30,2026-03-30,2.21
QX-CER-681,2026-03-30,2026-03-30,2.35
QX-CER-681,2026-03-30,,2.26
QX-HHD-682,2025-04-23,2025-07-29,2.72
QX-HHD-682,2025-07-29,2025-08-26,2.83
QX-HHD-682,2025-08-26,2025-09-28,2.93
QX-HHD-682,2025-09-28,2025-10-26,3.10
QX-HHD-682,2025-10-26,,3.20
QX-BWS-684,2024-07-21,2026-01-31,24.07
QX-BWS-684,2026-01-31,,25.89
QX-PRO-685,2024-12-11,2025-11-28,1.63
QX-PRO-685,2025-11-28,2025-11-28,1.70
QX-PRO-685,2025-11-28,,1.93
QX-DRY-686,2025-04-18,2026-01-26,0.93
QX-DRY-686,2026-01-26,2026-02-09,0.97
QX-DRY-686,2026-02-09,2026-02-09,1.00
QX-DRY-686,2026-02-09,2026-02-09,1.04
QX-DRY-686,2026-02-09,2026-02-09,1.09
QX-DRY-686,2026-02-09,2026-02-09,1.13
QX-DRY-686,2026-02-09,,1.04
QX-FRZ-687,2025-05-18,2025-09-14,4.09
QX-FRZ-687,2025-09-14,2026-01-12,4.44
QX-FRZ-687,2026-01-12,2026-01-12,4.68
QX-FRZ-687,2026-01-12,,4.27
QX-BAK-688,2023-11-05,2025-10-04,5.02
QX-BAK-688,2025-10-04,2026-03-11,5.41
QX-BAK-688,2026-03-11,2026-03-11,5.60
QX-BAK-688,2026-03-11,,5.77
QX-BAK-689,2024-04-20,2025-11-16,2.53
QX-BAK-689,2025-11-16,2025-11-16,2.72
QX-BAK-689,2025-11-16,2025-11-16,2.93
QX-BAK-689,2025-11-16,2026-01-18,3.09
QX-BAK-689,2026-01-18,2026-01-18,3.19
QX-BAK-689,2026-01-18,,2.88
QX-CER-690,2024-07-31,2025-09-27,3.00
QX-CER-690,2025-09-27,2025-09-27,3.21
QX-CER-690,2025-09-27,,3.53
QX-HBC-691,2024-11-19,2025-09-18,10.36
QX-HBC-691,2025-09-18,2025-11-14,11.29
QX-HBC-691,2025-11-14,,11.92
QX-BAK-692,2023-12-13,2025-08-04,5.54
QX-BAK-692,2025-08-04,2025-12-11,5.96
QX-BAK-692,2025-12-11,2025-12-11,6.29
QX-BAK-692,2025-12-11,,6.46
QX-BAK-693,2024-04-27,2026-03-25,2.05
QX-BAK-693,2026-03-25,2026-03-25,2.09
QX-BAK-693,2026-03-25,,2.37
QX-PET-694,2025-02-27,2025-09-28,7.97
QX-PET-694,2025-09-28,2025-11-02,8.10
QX-PET-694,2025-11-02,2025-11-02,8.30
QX-PET-694,2025-11-02,2025-11-02,8.92
QX-PET-694,2025-11-02,,9.29
QX-CHL-695,2024-04-12,2025-09-24,6.45
QX-CHL-695,2025-09-24,2026-01-18,6.91
QX-CHL-695,2026-01-18,2026-01-18,7.09
QX-CHL-695,2026-01-18,2026-01-18,7.63
QX-CHL-695,2026-01-18,2026-01-18,7.92
QX-CHL-695,2026-01-18,2026-03-30,8.51
QX-CHL-695,2026-03-30,,6.82
QX-FRZ-696,2024-08-07,2025-12-07,1.56
QX-FRZ-696,2025-12-07,2026-03-07,1.61
QX-FRZ-696,2026-03-07,,1.70
QX-DRY-698,2024-04-27,2026-02-27,1.75
QX-DRY-698,2026-02-27,2026-02-27,1.90
QX-DRY-698,2026-02-27,2026-02-27,2.01
QX-DRY-698,2026-02-27,,1.93
QX-PRO-699,2024-01-27,2025-09-30,3.70
QX-PRO-699,2025-09-30,2026-03-12,3.83
QX-PRO-699,2026-03-12,2026-03-12,4.03
QX-PRO-699,2026-03-12,2026-03-17,4.31
QX-PRO-699,2026-03-17,2026-03-17,4.54
QX-PRO-699,2026-03-17,2026-03-17,4.67
QX-PRO-699,2026-03-17,,4.34
QX-PET-700,2024-08-22,2025-11-17,7.89
QX-PET-700,2025-11-17,2025-11-17,8.27
QX-PET-700,2025-11-17,2025-11-17,8.47
QX-PET-700,2025-11-17,2026-03-27,8.66
QX-PET-700,2026-03-27,,8.42
QX-CER-702,2025-02-23,2026-03-02,3.29
QX-CER-702,2026-03-02,2026-03-02,3.47
QX-CER-702,2026-03-02,,3.80
QX-BWS-703,2023-10-16,2025-11-05,5.37
QX-BWS-703,2025-11-05,2026-03-16,5.74
QX-BWS-703,2026-03-16,2026-03-16,6.02
QX-BWS-703,2026-03-16,,5.97
QX-FRZ-704,2024-11-01,2025-08-18,1.21
QX-FRZ-704,2025-08-18,2025-09-25,1.28
QX-FRZ-704,2025-09-25,2026-02-21,1.33
QX-FRZ-704,2026-02-21,,1.46
QX-DRK-705,2024-03-22,2026-02-05,1.99
QX-DRK-705,2026-02-05,2026-03-22,2.03
QX-DRK-705,2026-03-22,,2.16
QX-FRZ-706,2024-12-02,2025-08-30,5.81
QX-FRZ-706,2025-08-30,2025-11-22,5.95
QX-FRZ-706,2025-11-22,2025-11-22,6.33
QX-FRZ-706,2025-11-22,,6.24
QX-CHL-707,2025-04-22,2025-07-15,1.38
QX-CHL-707,2025-07-15,2025-08-09,1.41
QX-CHL-707,2025-08-09,2025-10-08,1.48
QX-CHL-707,2025-10-08,2026-02-23,1.49
QX-CHL-707,2026-02-23,2026-02-23,1.59
QX-CHL-707,2026-02-23,,1.47
QX-PET-708,2025-02-14,2025-11-29,7.23
QX-PET-708,2025-11-29,2025-11-29,7.61
QX-PET-708,2025-11-29,2025-11-29,7.81
QX-PET-708,2025-11-29,,8.47
QX-CER-709,2024-07-15,2025-11-29,2.44
QX-CER-709,2025-11-29,2026-03-30,2.65
QX-CER-709,2026-03-30,,2.90
QX-TIN-710,2023-11-03,2025-09-17,1.46
QX-TIN-710,2025-09-17,2025-09-17,1.54
QX-TIN-710,2025-09-17,2025-09-17,1.62
QX-TIN-710,2025-09-17,2025-09-17,1.74
QX-TIN-710,2025-09-17,2025-12-22,1.86
QX-TIN-710,2025-12-22,,1.68
QX-BAK-711,2023-11-14,2025-12-01,2.55
QX-BAK-711,2025-12-01,2025-12-01,2.70
QX-BAK-711,2025-12-01,,2.77
QX-TIN-712,2023-10-16,2025-09-21,1.36
QX-TIN-712,2025-09-21,2026-03-21,1.38
QX-TIN-712,2026-03-21,,1.50
QX-PRO-713,2024-09-15,2025-10-10,5.13
QX-PRO-713,2025-10-10,2025-12-11,5.47
QX-PRO-713,2025-12-11,2026-01-02,5.71
QX-PRO-713,2026-01-02,,5.41
QX-DRK-714,2023-12-15,2025-08-26,3.47
QX-DRK-714,2025-08-26,2025-11-27,3.55
QX-DRK-714,2025-11-27,2025-11-27,3.60
QX-DRK-714,2025-11-27,2025-11-27,3.87
QX-DRK-714,2025-11-27,2026-03-04,4.20
QX-DRK-714,2026-03-04,,3.68
QX-BAK-715,2023-11-04,2025-10-25,2.38
QX-BAK-715,2025-10-25,,2.52
QX-CHL-716,2025-05-01,2025-12-08,7.41
QX-CHL-716,2025-12-08,2025-12-08,7.96
QX-CHL-716,2025-12-08,,8.99
QX-PET-717,2024-03-02,2026-03-31,5.25
QX-PET-717,2026-03-31,2026-03-31,5.63
QX-PET-717,2026-03-31,2026-03-31,5.82
QX-PET-717,2026-03-31,2026-03-31,6.27
QX-PET-717,2026-03-31,,5.99
QX-PRO-718,2024-02-13,2025-08-21,3.89
QX-PRO-718,2025-08-21,2025-08-21,3.93
QX-PRO-718,2025-08-21,,4.56
QX-FRZ-719,2024-12-27,2026-03-09,4.21
QX-FRZ-719,2026-03-09,2026-03-09,4.40
QX-FRZ-719,2026-03-09,2026-03-09,4.53
QX-FRZ-719,2026-03-09,2026-03-09,4.60
QX-FRZ-719,2026-03-09,2026-03-09,5.01
QX-FRZ-719,2026-03-09,,4.89
QX-PRO-720,2024-01-11,2025-10-30,3.66
QX-PRO-720,2025-10-30,2026-03-03,3.82
QX-PRO-720,2026-03-03,2026-03-03,3.96
QX-PRO-720,2026-03-03,2026-03-03,4.14
QX-PRO-720,2026-03-03,,4.31
QX-TIN-721,2024-01-20,2025-07-18,2.06
QX-TIN-721,2025-07-18,2025-08-30,2.23
QX-TIN-721,2025-08-30,2025-08-30,2.33
QX-TIN-721,2025-08-30,,2.50
QX-DRK-722,2024-08-18,2025-11-29,2.17
QX-DRK-722,2025-11-29,2025-11-29,2.30
QX-DRK-722,2025-11-29,2026-02-19,2.36
QX-DRK-722,2026-02-19,2026-02-19,2.46
QX-DRK-722,2026-02-19,2026-02-19,2.52
QX-DRK-722,2026-02-19,2026-02-19,2.69
QX-DRK-722,2026-02-19,,2.59
QX-CER-724,2023-12-18,2025-08-26,2.79
QX-CER-724,2025-08-26,2026-01-28,3.02
QX-CER-724,2026-01-28,2026-01-28,3.11
QX-CER-724,2026-01-28,2026-01-28,3.16
QX-CER-724,2026-01-28,,2.97
QX-PRO-726,2024-10-24,2025-12-01,5.06
QX-PRO-726,2025-12-01,2026-01-10,5.23
QX-PRO-726,2026-01-10,2026-03-01,5.62
QX-PRO-726,2026-03-01,2026-03-01,6.10
QX-PRO-726,2026-03-01,,5.33
QX-HBC-727,2024-05-20,2025-10-12,7.67
QX-HBC-727,2025-10-12,2026-02-19,7.96
QX-HBC-727,2026-02-19,2026-02-19,8.65
QX-HBC-727,2026-02-19,2026-02-19,9.13
QX-HBC-727,2026-02-19,,8.33
QX-HBC-729,2024-03-27,2025-10-14,10.57
QX-HBC-729,2025-10-14,2025-12-21,10.72
QX-HBC-729,2025-12-21,,12.40
QX-DRK-730,2024-10-08,2025-07-19,5.43
QX-DRK-730,2025-07-19,2025-07-19,5.87
QX-DRK-730,2025-07-19,2026-03-14,5.97
QX-DRK-730,2026-03-14,2026-03-14,6.04
QX-DRK-730,2026-03-14,2026-03-14,6.47
QX-DRK-730,2026-03-14,,6.29
QX-CHL-732,2024-09-11,2026-03-04,3.14
QX-CHL-732,2026-03-04,2026-03-04,3.42
QX-CHL-732,2026-03-04,2026-03-04,3.64
QX-CHL-732,2026-03-04,2026-03-04,3.85
QX-CHL-732,2026-03-04,,3.80
QX-DRK-733,2024-11-11,2025-10-10,4.06
QX-DRK-733,2025-10-10,2026-03-21,4.21
QX-DRK-733,2026-03-21,,4.45
QX-CHL-734,2024-08-03,2025-09-10,18.47
QX-CHL-734,2025-09-10,2025-12-09,19.93
QX-CHL-734,2025-12-09,2026-03-01,20.45
QX-CHL-734,2026-03-01,2026-03-01,22.14
QX-CHL-734,2026-03-01,2026-03-01,22.38
QX-CHL-734,2026-03-01,,20.27
QX-FRZ-735,2024-09-20,2026-01-18,3.13
QX-FRZ-735,2026-01-18,2026-02-24,3.40
QX-FRZ-735,2026-02-24,2026-02-24,3.56
QX-FRZ-735,2026-02-24,,3.40
QX-DRK-736,2024-08-12,2025-08-15,0.71
QX-DRK-736,2025-08-15,2025-08-15,0.72
QX-DRK-736,2025-08-15,2025-11-14,0.75
QX-DRK-736,2025-11-14,2025-11-14,0.76
QX-DRK-736,2025-11-14,2025-11-14,0.79
QX-DRK-736,2025-11-14,2026-02-11,0.85
QX-DRK-736,2026-02-11,,0.78
QX-HBC-737,2025-03-10,2025-10-20,5.76
QX-HBC-737,2025-10-20,2025-12-31,6.26
QX-HBC-737,2025-12-31,,6.03
QX-CHL-738,2024-03-26,2025-11-14,7.48
QX-CHL-738,2025-11-14,2025-11-14,7.81
QX-CHL-738,2025-11-14,2026-01-29,8.00
QX-CHL-738,2026-01-29,2026-01-29,8.13
QX-CHL-738,2026-01-29,2026-01-29,8.33
QX-CHL-738,2026-01-29,2026-01-29,8.94
QX-CHL-738,2026-01-29,,8.38
QX-PRO-739,2024-04-13,2026-03-20,2.94
QX-PRO-739,2026-03-20,2026-03-20,3.19
QX-PRO-739,2026-03-20,,3.29
QX-PET-741,2024-12-25,2025-12-08,6.48
QX-PET-741,2025-12-08,,7.02
QX-FRZ-742,2025-05-21,2026-02-06,2.25
QX-FRZ-742,2026-02-06,2026-02-06,2.32
QX-FRZ-742,2026-02-06,2026-02-06,2.40
QX-FRZ-742,2026-02-06,2026-02-06,2.58
QX-FRZ-742,2026-02-06,2026-02-06,2.79
QX-FRZ-742,2026-02-06,,2.48
QX-FRZ-743,2025-01-16,2026-01-01,2.98
QX-FRZ-743,2026-01-01,,3.12
QX-CHL-744,2025-04-19,2026-01-08,8.73
QX-CHL-744,2026-01-08,2026-02-04,9.35
QX-CHL-744,2026-02-04,2026-02-04,10.18
QX-CHL-744,2026-02-04,,9.38
QX-HHD-745,2024-02-14,2025-09-14,4.61
QX-HHD-745,2025-09-14,,5.04
QX-DRK-746,2024-05-02,2025-06-28,2.63
QX-DRK-746,2025-06-28,2025-11-12,2.72
QX-DRK-746,2025-11-12,2026-03-02,2.79
QX-DRK-746,2026-03-02,,2.79
QX-BWS-747,2023-12-28,2025-08-29,18.47
QX-BWS-747,2025-08-29,,21.24
QX-PRO-748,2024-04-22,2025-09-19,4.10
QX-PRO-748,2025-09-19,2025-10-14,4.19
QX-PRO-748,2025-10-14,2026-02-07,4.45
QX-PRO-748,2026-02-07,,4.45
QX-DRY-749,2023-10-16,2025-09-22,1.94
QX-DRY-749,2025-09-22,,2.35
QX-TIN-750,2024-06-29,2025-10-28,2.48
QX-TIN-750,2025-10-28,2026-01-29,2.58
QX-TIN-750,2026-01-29,,2.87
QX-TIN-751,2025-04-12,2025-07-22,1.78
QX-TIN-751,2025-07-22,2026-01-26,1.83
QX-TIN-751,2026-01-26,2026-01-26,1.95
QX-TIN-751,2026-01-26,,2.07
QX-PET-752,2023-11-15,2025-08-26,8.04
QX-PET-752,2025-08-26,2025-08-26,8.48
QX-PET-752,2025-08-26,2026-03-24,8.80
QX-PET-752,2026-03-24,2026-03-24,9.33
QX-PET-752,2026-03-24,,9.61
QX-TIN-753,2024-05-10,2026-02-22,1.49
QX-TIN-753,2026-02-22,,1.69
QX-FRZ-754,2025-04-15,2025-11-19,1.25
QX-FRZ-754,2025-11-19,2025-11-19,1.26
QX-FRZ-754,2025-11-19,2026-01-24,1.36
QX-FRZ-754,2026-01-24,2026-01-24,1.39
QX-FRZ-754,2026-01-24,2026-01-24,1.45
QX-FRZ-754,2026-01-24,2026-03-23,1.55
QX-FRZ-754,2026-03-23,,1.51
QX-DRY-755,2023-12-15,2025-08-01,2.15
QX-DRY-755,2025-08-01,2026-02-06,2.31
QX-DRY-755,2026-02-06,2026-02-06,2.33
QX-DRY-755,2026-02-06,2026-02-06,2.44
QX-DRY-755,2026-02-06,2026-02-06,2.53
QX-DRY-755,2026-02-06,,2.41
QX-DRK-756,2025-04-13,2025-11-12,3.79
QX-DRK-756,2025-11-12,2026-01-21,3.98
QX-DRK-756,2026-01-21,,4.25
QX-DRK-757,2024-05-28,2025-08-02,2.97
QX-DRK-757,2025-08-02,2025-08-04,3.05
QX-DRK-757,2025-08-04,2026-02-06,3.15
QX-DRK-757,2026-02-06,2026-02-06,3.38
QX-DRK-757,2026-02-06,2026-02-06,3.55
QX-DRK-757,2026-02-06,,3.12
QX-HHD-758,2023-11-07,2026-03-31,10.59
QX-HHD-758,2026-03-31,2026-03-31,11.36
QX-HHD-758,2026-03-31,2026-03-31,11.65
QX-HHD-758,2026-03-31,,11.82
QX-FRZ-759,2024-06-19,2026-02-11,7.49
QX-FRZ-759,2026-02-11,2026-02-11,8.12
QX-FRZ-759,2026-02-11,2026-02-11,8.45
QX-FRZ-759,2026-02-11,,8.15
QX-CHL-760,2024-05-24,2025-08-20,5.32
QX-CHL-760,2025-08-20,2026-01-11,5.53
QX-CHL-760,2026-01-11,2026-02-02,5.85
QX-CHL-760,2026-02-02,2026-02-02,6.10
QX-CHL-760,2026-02-02,2026-02-02,6.17
QX-CHL-760,2026-02-02,,5.87
QX-BAK-761,2025-03-19,2025-10-14,0.61
QX-BAK-761,2025-10-14,2025-10-14,0.67
QX-BAK-761,2025-10-14,2025-10-14,0.73
QX-BAK-761,2025-10-14,,0.71
QX-HHD-762,2023-12-20,2026-03-24,8.74
QX-HHD-762,2026-03-24,2026-03-24,9.45
QX-HHD-762,2026-03-24,,9.40
QX-HBC-764,2024-11-09,2025-11-08,11.50
QX-HBC-764,2025-11-08,2025-11-08,11.73
QX-HBC-764,2025-11-08,2025-11-08,12.48
QX-HBC-764,2025-11-08,,12.50
QX-BAK-765,2025-04-16,2025-12-06,2.48
QX-BAK-765,2025-12-06,2025-12-06,2.55
QX-BAK-765,2025-12-06,2026-01-20,2.59
QX-BAK-765,2026-01-20,2026-01-20,2.74
QX-BAK-765,2026-01-20,,2.84
QX-BAK-766,2024-04-23,2026-02-24,2.27
QX-BAK-766,2026-02-24,2026-03-01,2.36
QX-BAK-766,2026-03-01,2026-03-01,2.41
QX-BAK-766,2026-03-01,2026-03-01,2.44
QX-BAK-766,2026-03-01,2026-03-01,2.62
QX-BAK-766,2026-03-01,2026-03-27,2.79
QX-BAK-766,2026-03-27,,2.63
QX-BWS-767,2023-12-29,2026-01-28,18.57
QX-BWS-767,2026-01-28,2026-01-28,19.50
QX-BWS-767,2026-01-28,2026-01-28,21.23
QX-BWS-767,2026-01-28,2026-01-28,22.86
QX-BWS-767,2026-01-28,2026-01-28,24.32
QX-BWS-767,2026-01-28,2026-01-28,25.55
QX-BWS-767,2026-01-28,,21.22
QX-BAK-769,2025-05-27,2026-03-09,0.99
QX-BAK-769,2026-03-09,,1.07
QX-BAK-770,2024-09-09,2025-08-08,2.42
QX-BAK-770,2025-08-08,2025-08-19,2.51
QX-BAK-770,2025-08-19,2026-02-05,2.72
QX-BAK-770,2026-02-05,,2.58
QX-PET-771,2024-09-14,2025-10-08,8.76
QX-PET-771,2025-10-08,2025-10-08,8.85
QX-PET-771,2025-10-08,2025-10-09,9.18
QX-PET-771,2025-10-09,,9.60
QX-DRY-772,2025-05-29,2025-07-28,2.60
QX-DRY-772,2025-07-28,2026-03-02,2.67
QX-DRY-772,2026-03-02,2026-03-02,2.78
QX-DRY-772,2026-03-02,,3.09
QX-DRY-773,2025-03-29,2025-10-03,4.30
QX-DRY-773,2025-10-03,2025-11-20,4.63
QX-DRY-773,2025-11-20,2025-11-20,4.74
QX-DRY-773,2025-11-20,2025-11-20,5.16
QX-DRY-773,2025-11-20,2025-11-20,5.40
QX-DRY-773,2025-11-20,,4.65
QX-FRZ-774,2025-04-24,2025-10-12,6.57
QX-FRZ-774,2025-10-12,2026-01-16,6.93
QX-FRZ-774,2026-01-16,2026-01-16,7.06
QX-FRZ-774,2026-01-16,2026-01-16,7.32
QX-FRZ-774,2026-01-16,2026-01-16,7.54
QX-FRZ-774,2026-01-16,,6.94
QX-TIN-775,2025-05-05,2025-12-22,1.34
QX-TIN-775,2025-12-22,2025-12-22,1.39
QX-TIN-775,2025-12-22,2025-12-22,1.45
QX-TIN-775,2025-12-22,,1.55
QX-BAK-777,2024-02-24,2025-08-10,0.72
QX-BAK-777,2025-08-10,2025-08-10,0.78
QX-BAK-777,2025-08-10,2025-09-15,0.84
QX-BAK-777,2025-09-15,2025-11-26,0.85
QX-BAK-777,2025-11-26,,0.85
QX-HBC-778,2024-02-17,2025-11-18,2.15
QX-HBC-778,2025-11-18,2026-02-14,2.23
QX-HBC-778,2026-02-14,2026-02-14,2.39
QX-HBC-778,2026-02-14,2026-02-14,2.42
QX-HBC-778,2026-02-14,2026-02-14,2.52
QX-HBC-778,2026-02-14,2026-02-14,2.63
QX-HBC-778,2026-02-14,,2.25
QX-TIN-779,2024-05-14,2025-11-12,1.33
QX-TIN-779,2025-11-12,2025-11-12,1.41
QX-TIN-779,2025-11-12,2026-01-06,1.44
QX-TIN-779,2026-01-06,,1.45
QX-DRK-780,2025-04-09,2026-01-06,3.89
QX-DRK-780,2026-01-06,2026-01-06,4.10
QX-DRK-780,2026-01-06,,4.64
QX-PET-781,2024-10-15,2026-01-10,3.57
QX-PET-781,2026-01-10,2026-01-10,3.61
QX-PET-781,2026-01-10,2026-01-10,3.87
QX-PET-781,2026-01-10,2026-01-10,4.04
QX-PET-781,2026-01-10,2026-01-10,4.23
QX-PET-781,2026-01-10,2026-03-28,4.45
QX-PET-781,2026-03-28,,4.26
QX-HBC-782,2024-01-11,2025-12-21,2.14
QX-HBC-782,2025-12-21,2025-12-21,2.32
QX-HBC-782,2025-12-21,,2.40
QX-BWS-783,2024-12-17,2025-08-21,4.86
QX-BWS-783,2025-08-21,2025-12-22,5.22
QX-BWS-783,2025-12-22,2026-03-24,5.39
QX-BWS-783,2026-03-24,,5.11
QX-BWS-785,2025-03-28,2026-02-06,21.48
QX-BWS-785,2026-02-06,2026-02-06,22.28
QX-BWS-785,2026-02-06,2026-02-06,23.95
QX-BWS-785,2026-02-06,,22.85
QX-CER-786,2025-05-04,2025-12-29,2.27
QX-CER-786,2025-12-29,,2.57
QX-DRK-787,2024-11-05,2025-07-27,3.85
QX-DRK-787,2025-07-27,2026-02-17,3.96
QX-DRK-787,2026-02-17,2026-02-17,4.03
QX-DRK-787,2026-02-17,2026-02-17,4.10
QX-DRK-787,2026-02-17,2026-02-17,4.17
QX-DRK-787,2026-02-17,,4.24
QX-FRZ-788,2024-01-01,2025-07-04,4.50
QX-FRZ-788,2025-07-04,2025-07-13,4.76
QX-FRZ-788,2025-07-13,2025-11-05,4.96
QX-FRZ-788,2025-11-05,2026-03-21,5.18
QX-FRZ-788,2026-03-21,2026-03-21,5.43
QX-FRZ-788,2026-03-21,,4.76
QX-PET-789,2024-09-17,2025-11-01,3.84
QX-PET-789,2025-11-01,2025-11-01,4.07
QX-PET-789,2025-11-01,2025-11-01,4.17
QX-PET-789,2025-11-01,,4.02
QX-HHD-790,2025-05-07,2025-11-30,7.42
QX-HHD-790,2025-11-30,2025-11-30,7.69
QX-HHD-790,2025-11-30,2025-11-30,7.79
QX-HHD-790,2025-11-30,,7.94
QX-HHD-791,2024-03-27,2026-01-17,2.66
QX-HHD-791,2026-01-17,2026-01-17,2.75
QX-HHD-791,2026-01-17,2026-01-17,2.85
QX-HHD-791,2026-01-17,2026-01-17,3.08
QX-HHD-791,2026-01-17,2026-02-14,3.13
QX-HHD-791,2026-02-14,2026-02-14,3.24
QX-HHD-791,2026-02-14,,3.11
QX-DRY-792,2023-11-08,2025-10-09,4.10
QX-DRY-792,2025-10-09,2025-11-25,4.20
QX-DRY-792,2025-11-25,,4.31
QX-PRO-793,2024-09-05,2025-07-03,3.77
QX-PRO-793,2025-07-03,2025-07-03,3.92
QX-PRO-793,2025-07-03,2025-08-20,4.02
QX-PRO-793,2025-08-20,,4.39
QX-HBC-794,2024-09-24,2026-01-19,13.32
QX-HBC-794,2026-01-19,2026-01-19,13.77
QX-HBC-794,2026-01-19,2026-01-19,14.07
QX-HBC-794,2026-01-19,2026-02-02,14.92
QX-HBC-794,2026-02-02,2026-02-02,15.80
QX-HBC-794,2026-02-02,,14.27
QX-HBC-795,2024-06-24,2025-12-21,4.00
QX-HBC-795,2025-12-21,,4.20
QX-BAK-796,2025-05-07,2025-10-19,0.94
QX-BAK-796,2025-10-19,2026-01-19,1.01
QX-BAK-796,2026-01-19,2026-01-19,1.06
QX-BAK-796,2026-01-19,2026-01-24,1.09
QX-BAK-796,2026-01-24,,1.15
QX-BWS-797,2024-12-12,2025-09-29,20.79
QX-BWS-797,2025-09-29,2025-12-18,21.72
QX-BWS-797,2025-12-18,2025-12-18,22.81
QX-BWS-797,2025-12-18,2026-03-20,24.84
QX-BWS-797,2026-03-20,,23.79
QX-BWS-798,2025-01-01,2026-01-11,35.62
QX-BWS-798,2026-01-11,2026-01-11,38.75
QX-BWS-798,2026-01-11,2026-01-11,40.05
QX-BWS-798,2026-01-11,2026-01-11,41.78
QX-BWS-798,2026-01-11,2026-02-07,44.18
QX-BWS-798,2026-02-07,,37.33
QX-BAK-799,2023-11-01,2025-09-05,2.94
QX-BAK-799,2025-09-05,2026-01-15,3.00
QX-BAK-799,2026-01-15,2026-01-15,3.13
QX-BAK-799,2026-01-15,2026-01-15,3.37
QX-BAK-799,2026-01-15,,3.51
QX-HBC-800,2025-01-23,2025-09-09,3.80
QX-HBC-800,2025-09-09,2025-09-29,3.88
QX-HBC-800,2025-09-29,2025-12-01,4.10
QX-HBC-800,2025-12-01,2025-12-01,4.41
QX-HBC-800,2025-12-01,,4.30
QX-DRY-802,2024-02-24,2026-03-08,2.69
QX-DRY-802,2026-03-08,2026-03-08,2.87
QX-DRY-802,2026-03-08,,2.90
QX-HHD-803,2024-08-17,2026-02-03,2.00
QX-HHD-803,2026-02-03,2026-02-03,2.04
QX-HHD-803,2026-02-03,2026-02-03,2.17
QX-HHD-803,2026-02-03,2026-02-03,2.36
QX-HHD-803,2026-02-03,,2.10
QX-HBC-805,2024-03-05,2025-09-27,4.82
QX-HBC-805,2025-09-27,2025-09-27,4.90
QX-HBC-805,2025-09-27,2025-11-28,5.17
QX-HBC-805,2025-11-28,2025-11-28,5.35
QX-HBC-805,2025-11-28,2026-02-21,5.54
QX-HBC-805,2026-02-21,,5.69
QX-HBC-806,2024-01-09,2025-07-07,9.77
QX-HBC-806,2025-07-07,2025-12-14,10.59
QX-HBC-806,2025-12-14,2026-03-23,11.34
QX-HBC-806,2026-03-23,2026-03-23,11.93
QX-HBC-806,2026-03-23,,10.27
QX-PET-807,2024-06-05,2025-11-29,7.26
QX-PET-807,2025-11-29,2025-11-29,7.88
QX-PET-807,2025-11-29,2026-02-22,8.47
QX-PET-807,2026-02-22,2026-02-22,8.74
QX-PET-807,2026-02-22,2026-02-22,8.83
QX-PET-807,2026-02-22,,8.21
QX-HHD-808,2023-11-15,2026-03-25,4.05
QX-HHD-808,2026-03-25,2026-03-25,4.16
QX-HHD-808,2026-03-25,,4.91
QX-HHD-809,2025-03-20,2026-01-13,1.34
QX-HHD-809,2026-01-13,2026-01-13,1.44
QX-HHD-809,2026-01-13,2026-01-13,1.56
QX-HHD-809,2026-01-13,,1.50
QX-PET-810,2024-04-14,2026-01-06,8.92
QX-PET-810,2026-01-06,,10.10
QX-DRY-811,2024-01-13,2026-03-19,5.95
QX-DRY-811,2026-03-19,2026-03-19,6.42
QX-DRY-811,2026-03-19,2026-03-19,6.82
QX-DRY-811,2026-03-19,2026-03-19,7.20
QX-DRY-811,2026-03-19,2026-03-19,7.37
QX-DRY-811,2026-03-19,,7.18
QX-BWS-814,2023-10-24,2025-08-27,29.17
QX-BWS-814,2025-08-27,,31.10
QX-HHD-815,2024-11-12,2025-09-04,3.06
QX-HHD-815,2025-09-04,2025-12-19,3.31
QX-HHD-815,2025-12-19,2025-12-29,3.60
QX-HHD-815,2025-12-29,2026-02-08,3.82
QX-HHD-815,2026-02-08,2026-03-11,3.95
QX-HHD-815,2026-03-11,,3.61
QX-BAK-816,2024-03-13,2026-01-18,2.79
QX-BAK-816,2026-01-18,2026-03-11,2.90
QX-BAK-816,2026-03-11,,3.07
QX-PRO-817,2024-08-02,2025-07-15,2.44
QX-PRO-817,2025-07-15,2025-09-18,2.60
QX-PRO-817,2025-09-18,2025-10-30,2.64
QX-PRO-817,2025-10-30,2025-10-30,2.84
QX-PRO-817,2025-10-30,2025-10-30,2.95
QX-PRO-817,2025-10-30,2025-10-30,3.21
QX-PRO-817,2025-10-30,,2.83
QX-BAK-818,2024-01-05,2026-01-19,1.55
QX-BAK-818,2026-01-19,2026-01-19,1.58
QX-BAK-818,2026-01-19,2026-03-25,1.65
QX-BAK-818,2026-03-25,2026-03-25,1.79
QX-BAK-818,2026-03-25,,1.67
QX-TIN-819,2024-10-26,2025-10-08,1.30
QX-TIN-819,2025-10-08,,1.38
QX-BAK-820,2023-10-23,2025-07-27,5.35
QX-BAK-820,2025-07-27,2025-09-26,5.50
QX-BAK-820,2025-09-26,2026-01-16,5.93
QX-BAK-820,2026-01-16,2026-01-16,6.31
QX-BAK-820,2026-01-16,2026-01-16,6.55
QX-BAK-820,2026-01-16,,5.59
QX-CHL-821,2025-03-12,2026-02-22,2.25
QX-CHL-821,2026-02-22,2026-03-21,2.41
QX-CHL-821,2026-03-21,2026-03-21,2.51
QX-CHL-821,2026-03-21,,2.46
QX-PET-822,2025-02-08,2025-11-04,10.30
QX-PET-822,2025-11-04,2025-11-04,11.15
QX-PET-822,2025-11-04,2026-02-23,11.75
QX-PET-822,2026-02-23,2026-02-23,12.50
QX-PET-822,2026-02-23,2026-02-23,13.38
QX-PET-822,2026-02-23,,10.79
QX-DRK-823,2025-03-16,2026-01-09,4.48
QX-DRK-823,2026-01-09,2026-01-09,4.63
QX-DRK-823,2026-01-09,,4.81
QX-FRZ-824,2024-07-08,2025-11-08,5.48
QX-FRZ-824,2025-11-08,,5.85
QX-HHD-825,2024-12-13,2025-08-19,8.02
QX-HHD-825,2025-08-19,2025-09-10,8.36
QX-HHD-825,2025-09-10,2026-02-21,8.45
QX-HHD-825,2026-02-21,2026-02-21,8.82
QX-HHD-825,2026-02-21,2026-02-21,9.25
QX-HHD-825,2026-02-21,2026-02-21,10.08
QX-HHD-825,2026-02-21,,8.55
QX-HBC-826,2024-10-05,2025-11-14,11.05
QX-HBC-826,2025-11-14,,12.36
QX-DRK-827,2025-06-04,2025-12-20,1.19
QX-DRK-827,2025-12-20,2025-12-20,1.26
QX-DRK-827,2025-12-20,2026-03-31,1.28
QX-DRK-827,2026-03-31,2026-03-31,1.34
QX-DRK-827,2026-03-31,2026-03-31,1.45
QX-DRK-827,2026-03-31,,1.28
QX-HBC-828,2024-02-24,2026-02-28,4.83
QX-HBC-828,2026-02-28,2026-03-30,5.19
QX-HBC-828,2026-03-30,2026-03-30,5.28
QX-HBC-828,2026-03-30,,5.10
QX-HHD-829,2025-04-15,2026-02-02,8.00
QX-HHD-829,2026-02-02,2026-02-02,8.09
QX-HHD-829,2026-02-02,2026-02-15,8.47
QX-HHD-829,2026-02-15,,9.08
QX-BWS-830,2024-11-07,2025-12-06,5.08
QX-BWS-830,2025-12-06,2026-01-30,5.20
QX-BWS-830,2026-01-30,2026-03-21,5.56
QX-BWS-830,2026-03-21,2026-03-21,5.89
QX-BWS-830,2026-03-21,2026-03-21,6.06
QX-BWS-830,2026-03-21,2026-03-21,6.59
QX-BWS-830,2026-03-21,,6.02
QX-CER-831,2024-04-25,2026-01-17,3.70
QX-CER-831,2026-01-17,2026-01-17,4.03
QX-CER-831,2026-01-17,2026-03-02,4.38
QX-CER-831,2026-03-02,2026-03-02,4.49
QX-CER-831,2026-03-02,2026-03-02,4.59
QX-CER-831,2026-03-02,,3.88
QX-FRZ-832,2025-01-17,2025-08-29,7.61
QX-FRZ-832,2025-08-29,,8.08
QX-PRO-833,2025-02-05,2026-03-24,3.68
QX-PRO-833,2026-03-24,2026-03-24,3.88
QX-PRO-833,2026-03-24,2026-03-24,4.15
QX-PRO-833,2026-03-24,,3.91
QX-DRK-834,2024-09-28,2025-09-02,3.04
QX-DRK-834,2025-09-02,2025-09-07,3.28
QX-DRK-834,2025-09-07,2026-02-27,3.48
QX-DRK-834,2026-02-27,,3.23
QX-DRK-835,2024-03-02,2026-02-20,4.76
QX-DRK-835,2026-02-20,2026-02-20,5.09
QX-DRK-835,2026-02-20,,5.62
QX-BWS-837,2023-12-29,2026-02-09,8.17
QX-BWS-837,2026-02-09,,9.22
QX-BWS-838,2024-09-04,2025-06-30,11.12
QX-BWS-838,2025-06-30,2025-12-18,11.76
QX-BWS-838,2025-12-18,2026-01-19,12.18
QX-BWS-838,2026-01-19,2026-01-19,13.16
QX-BWS-838,2026-01-19,2026-01-19,13.79
QX-BWS-838,2026-01-19,2026-01-19,14.99
QX-BWS-838,2026-01-19,,13.06
QX-DRK-839,2025-03-25,2025-12-18,2.54
QX-DRK-839,2025-12-18,2025-12-18,2.59
QX-DRK-839,2025-12-18,2026-01-14,2.65
QX-DRK-839,2026-01-14,2026-01-14,2.88
QX-DRK-839,2026-01-14,2026-01-14,3.09
QX-DRK-839,2026-01-14,2026-01-14,3.23
QX-DRK-839,2026-01-14,,3.05
QX-HBC-840,2024-11-28,2025-09-09,1.15
QX-HBC-840,2025-09-09,2026-01-29,1.23
QX-HBC-840,2026-01-29,2026-01-29,1.28
QX-HBC-840,2026-01-29,2026-01-29,1.30
QX-HBC-840,2026-01-29,2026-01-29,1.41
QX-HBC-840,2026-01-29,,1.28
QX-HHD-841,2024-08-11,2025-11-08,6.09
QX-HHD-841,2025-11-08,2026-02-27,6.23
QX-HHD-841,2026-02-27,2026-02-27,6.35
QX-HHD-841,2026-02-27,2026-02-27,6.86
QX-HHD-841,2026-02-27,,6.55
QX-PET-842,2024-12-19,2025-07-21,4.93
QX-PET-842,2025-07-21,2025-07-28,5.33
QX-PET-842,2025-07-28,2026-01-14,5.78
QX-PET-842,2026-01-14,2026-01-14,5.86
QX-PET-842,2026-01-14,,5.86
QX-DRK-843,2024-01-09,2025-10-21,3.38
QX-DRK-843,2025-10-21,2026-02-23,3.59
QX-DRK-843,2026-02-23,2026-02-23,3.82
QX-DRK-843,2026-02-23,,4.06
QX-HBC-844,2025-05-23,2026-02-11,2.95
QX-HBC-844,2026-02-11,2026-02-11,3.17
QX-HBC-844,2026-02-11,,3.13
QX-HHD-845,2023-11-17,2026-02-06,4.77
QX-HHD-845,2026-02-06,2026-02-06,5.13
QX-HHD-845,2026-02-06,,5.55
QX-CHL-846,2023-10-29,2025-10-23,4.15
QX-CHL-846,2025-10-23,2026-01-11,4.23
QX-CHL-846,2026-01-11,2026-03-26,4.55
QX-CHL-846,2026-03-26,2026-03-26,4.83
QX-CHL-846,2026-03-26,,4.79
QX-HBC-847,2023-12-17,2025-08-06,4.11
QX-HBC-847,2025-08-06,2025-09-26,4.23
QX-HBC-847,2025-09-26,2025-09-26,4.59
QX-HBC-847,2025-09-26,2025-11-12,4.82
QX-HBC-847,2025-11-12,2026-03-31,5.08
QX-HBC-847,2026-03-31,,4.85
QX-DRK-849,2024-12-30,2025-11-17,0.92
QX-DRK-849,2025-11-17,2025-12-17,0.96
QX-DRK-849,2025-12-17,2025-12-17,1.01
QX-DRK-849,2025-12-17,2025-12-17,1.06
QX-DRK-849,2025-12-17,2025-12-17,1.12
QX-DRK-849,2025-12-17,,1.08
QX-BWS-850,2025-05-10,2026-03-13,12.17
QX-BWS-850,2026-03-13,2026-03-13,13.06
QX-BWS-850,2026-03-13,2026-03-13,14.18
QX-BWS-850,2026-03-13,,12.82
QX-DRY-851,2024-12-30,2025-08-13,1.69
QX-DRY-851,2025-08-13,2026-03-17,1.80
QX-DRY-851,2026-03-17,2026-03-17,1.89
QX-DRY-851,2026-03-17,,1.78
QX-PRO-852,2023-11-09,2025-12-31,2.06
QX-PRO-852,2025-12-31,2025-12-31,2.12
QX-PRO-852,2025-12-31,2025-12-31,2.16
QX-PRO-852,2025-12-31,2026-01-14,2.28
QX-PRO-852,2026-01-14,2026-01-23,2.31
QX-PRO-852,2026-01-23,,2.27
QX-PET-853,2024-04-02,2025-08-05,4.23
QX-PET-853,2025-08-05,2025-08-05,4.31
QX-PET-853,2025-08-05,2026-02-03,4.70
QX-PET-853,2026-02-03,2026-03-26,4.82
QX-PET-853,2026-03-26,2026-03-26,5.18
QX-PET-853,2026-03-26,2026-03-26,5.41
QX-PET-853,2026-03-26,,4.75
QX-HHD-854,2025-02-07,2025-11-24,5.48
QX-HHD-854,2025-11-24,2025-11-27,5.71
QX-HHD-854,2025-11-27,2026-01-11,6.12
QX-HHD-854,2026-01-11,,5.92
QX-FRZ-855,2024-02-22,2026-01-19,4.93
QX-FRZ-855,2026-01-19,2026-01-19,5.33
QX-FRZ-855,2026-01-19,2026-01-19,5.54
QX-FRZ-855,2026-01-19,,5.72
QX-FRZ-856,2024-08-09,2026-01-27,7.17
QX-FRZ-856,2026-01-27,2026-01-27,7.57
QX-FRZ-856,2026-01-27,2026-01-27,8.04
QX-FRZ-856,2026-01-27,2026-01-27,8.30
QX-FRZ-856,2026-01-27,2026-01-27,8.87
QX-FRZ-856,2026-01-27,2026-01-27,9.12
QX-FRZ-856,2026-01-27,,8.01
QX-HBC-857,2023-10-31,2025-07-10,11.06
QX-HBC-857,2025-07-10,2026-03-27,11.32
QX-HBC-857,2026-03-27,2026-03-27,11.74
QX-HBC-857,2026-03-27,2026-03-27,11.93
QX-HBC-857,2026-03-27,,12.15
QX-PRO-858,2023-12-22,2025-08-26,3.77
QX-PRO-858,2025-08-26,2025-09-20,3.98
QX-PRO-858,2025-09-20,2025-09-20,4.05
QX-PRO-858,2025-09-20,2026-01-20,4.21
QX-PRO-858,2026-01-20,2026-01-20,4.51
QX-PRO-858,2026-01-20,2026-01-20,4.71
QX-PRO-858,2026-01-20,,4.21
QX-FRZ-859,2024-12-22,2026-02-13,2.71
QX-FRZ-859,2026-02-13,2026-02-13,2.80
QX-FRZ-859,2026-02-13,2026-02-13,3.04
QX-FRZ-859,2026-02-13,2026-02-13,3.22
QX-FRZ-859,2026-02-13,,2.90
QX-BAK-860,2024-12-23,2025-09-30,2.20
QX-BAK-860,2025-09-30,2026-02-14,2.36
QX-BAK-860,2026-02-14,2026-02-14,2.48
QX-BAK-860,2026-02-14,2026-02-14,2.56
QX-BAK-860,2026-02-14,,2.48
QX-PRO-861,2023-12-16,2026-02-18,5.04
QX-PRO-861,2026-02-18,2026-02-18,5.37
QX-PRO-861,2026-02-18,2026-02-18,5.51
QX-PRO-861,2026-02-18,,5.36
QX-CHL-862,2024-12-08,2026-03-31,18.36
QX-CHL-862,2026-03-31,2026-03-31,19.63
QX-CHL-862,2026-03-31,2026-03-31,20.33
QX-CHL-862,2026-03-31,2026-03-31,21.50
QX-CHL-862,2026-03-31,2026-03-31,23.33
QX-CHL-862,2026-03-31,,22.10
QX-BWS-864,2024-06-20,2025-09-10,29.78
QX-BWS-864,2025-09-10,2025-11-25,30.39
QX-BWS-864,2025-11-25,2026-02-04,30.96
QX-BWS-864,2026-02-04,2026-02-04,33.52
QX-BWS-864,2026-02-04,2026-02-20,36.33
QX-BWS-864,2026-02-20,2026-02-20,39.53
QX-BWS-864,2026-02-20,,32.55
QX-TIN-865,2024-03-05,2025-06-27,1.38
QX-TIN-865,2025-06-27,2025-11-10,1.43
QX-TIN-865,2025-11-10,2025-11-10,1.46
QX-TIN-865,2025-11-10,2025-11-10,1.51
QX-TIN-865,2025-11-10,,1.53
QX-CER-866,2024-07-11,2025-08-20,3.46
QX-CER-866,2025-08-20,2025-10-15,3.61
QX-CER-866,2025-10-15,,4.22
QX-TIN-867,2024-02-24,2025-08-08,0.51
QX-TIN-867,2025-08-08,,0.55
QX-HBC-868,2024-10-08,2026-02-06,9.02
QX-HBC-868,2026-02-06,2026-02-06,9.60
QX-HBC-868,2026-02-06,2026-02-06,10.03
QX-HBC-868,2026-02-06,2026-02-06,10.83
QX-HBC-868,2026-02-06,,9.72
QX-FRZ-869,2024-11-08,2025-10-21,4.51
QX-FRZ-869,2025-10-21,2025-10-21,4.89
QX-FRZ-869,2025-10-21,2025-10-21,5.04
QX-FRZ-869,2025-10-21,,4.97
QX-DRY-870,2025-03-08,2025-12-11,2.29
QX-DRY-870,2025-12-11,2025-12-11,2.49
QX-DRY-870,2025-12-11,2025-12-11,2.67
QX-DRY-870,2025-12-11,2025-12-11,2.82
QX-DRY-870,2025-12-11,2025-12-21,2.97
QX-DRY-870,2025-12-21,,2.75
QX-DRK-871,2024-07-22,2025-07-27,3.43
QX-DRK-871,2025-07-27,2025-08-12,3.63
QX-DRK-871,2025-08-12,2026-02-14,3.69
QX-DRK-871,2026-02-14,2026-02-14,3.75
QX-DRK-871,2026-02-14,,4.18
QX-CHL-872,2024-05-28,2026-02-13,4.65
QX-CHL-872,2026-02-13,2026-03-29,4.94
QX-CHL-872,2026-03-29,,5.24
QX-TIN-873,2024-12-04,2025-08-21,2.18
QX-TIN-873,2025-08-21,2025-08-21,2.27
QX-TIN-873,2025-08-21,2025-11-25,2.39
QX-TIN-873,2025-11-25,,2.58
QX-CHL-874,2024-04-23,2025-08-28,3.94
QX-CHL-874,2025-08-28,2025-12-04,4.09
QX-CHL-874,2025-12-04,2025-12-04,4.29
QX-CHL-874,2025-12-04,2025-12-04,4.48
QX-CHL-874,2025-12-04,,4.15
QX-BWS-875,2024-01-08,2025-08-24,14.06
QX-BWS-875,2025-08-24,,15.82
QX-BWS-876,2024-03-09,2025-08-16,5.49
QX-BWS-876,2025-08-16,2025-12-02,5.69
QX-BWS-876,2025-12-02,2026-03-13,5.87
QX-BWS-876,2026-03-13,2026-03-13,6.16
QX-BWS-876,2026-03-13,2026-03-13,6.27
QX-BWS-876,2026-03-13,,6.68
QX-BAK-877,2024-10-29,2025-10-13,4.71
QX-BAK-877,2025-10-13,,5.53
QX-TIN-878,2024-12-20,2025-11-06,0.50
QX-TIN-878,2025-11-06,2026-01-15,0.51
QX-TIN-878,2026-01-15,2026-03-15,0.52
QX-TIN-878,2026-03-15,2026-03-15,0.56
QX-TIN-878,2026-03-15,,0.54
QX-PRO-879,2023-11-12,2025-11-01,0.83
QX-PRO-879,2025-11-01,2025-11-01,0.84
QX-PRO-879,2025-11-01,2026-01-20,0.89
QX-PRO-879,2026-01-20,2026-02-22,0.96
QX-PRO-879,2026-02-22,2026-02-22,1.01
QX-PRO-879,2026-02-22,,0.97
QX-PRO-880,2024-07-31,2025-08-01,2.40
QX-PRO-880,2025-08-01,2025-10-15,2.52
QX-PRO-880,2025-10-15,2025-10-15,2.70
QX-PRO-880,2025-10-15,2025-10-25,2.75
QX-PRO-880,2025-10-25,,2.86
QX-TIN-881,2025-05-13,2025-11-01,1.54
QX-TIN-881,2025-11-01,2025-11-01,1.64
QX-TIN-881,2025-11-01,2026-03-30,1.68
QX-TIN-881,2026-03-30,2026-03-30,1.75
QX-TIN-881,2026-03-30,2026-03-30,1.78
QX-TIN-881,2026-03-30,,1.69
QX-DRK-882,2024-10-18,2026-03-04,2.13
QX-DRK-882,2026-03-04,,2.42
QX-CHL-883,2025-01-04,2025-09-16,5.80
QX-CHL-883,2025-09-16,2025-10-09,6.18
QX-CHL-883,2025-10-09,2025-12-15,6.48
QX-CHL-883,2025-12-15,2025-12-15,6.77
QX-CHL-883,2025-12-15,,7.05
QX-CER-884,2024-08-11,2025-11-09,2.29
QX-CER-884,2025-11-09,2026-03-16,2.40
QX-CER-884,2026-03-16,2026-03-16,2.44
QX-CER-884,2026-03-16,2026-03-16,2.52
QX-CER-884,2026-03-16,,2.48
QX-BWS-885,2025-01-11,2025-12-20,18.87
QX-BWS-885,2025-12-20,2025-12-20,19.99
QX-BWS-885,2025-12-20,2025-12-20,20.38
QX-BWS-885,2025-12-20,2026-01-19,22.16
QX-BWS-885,2026-01-19,2026-03-11,23.54
QX-BWS-885,2026-03-11,,22.47
QX-CER-887,2024-05-28,2025-08-02,3.96
QX-CER-887,2025-08-02,2025-10-25,4.16
QX-CER-887,2025-10-25,,4.56
QX-HHD-888,2024-11-30,2026-01-10,7.38
QX-HHD-888,2026-01-10,2026-01-10,7.56
QX-HHD-888,2026-01-10,2026-02-28,8.01
QX-HHD-888,2026-02-28,,8.57
QX-PRO-889,2024-04-05,2026-01-05,3.64
QX-PRO-889,2026-01-05,2026-01-05,3.72
QX-PRO-889,2026-01-05,2026-01-05,3.90
QX-PRO-889,2026-01-05,2026-01-05,4.04
QX-PRO-889,2026-01-05,2026-01-05,4.14
QX-PRO-889,2026-01-05,2026-01-05,4.22
QX-PRO-889,2026-01-05,,3.94
QX-FRZ-890,2024-09-01,2025-12-14,4.67
QX-FRZ-890,2025-12-14,2025-12-14,5.02
QX-FRZ-890,2025-12-14,,5.47
QX-CHL-891,2025-04-07,2026-02-27,7.37
QX-CHL-891,2026-02-27,2026-02-27,7.82
QX-CHL-891,2026-02-27,,7.92
QX-TIN-892,2023-10-18,2025-10-10,1.19
QX-TIN-892,2025-10-10,2025-10-16,1.29
QX-TIN-892,2025-10-16,2026-03-31,1.34
QX-TIN-892,2026-03-31,,1.26
QX-CHL-893,2025-03-03,2025-09-15,5.75
QX-CHL-893,2025-09-15,2025-09-15,6.23
QX-CHL-893,2025-09-15,2025-10-10,6.31
QX-CHL-893,2025-10-10,,6.10
QX-HHD-894,2025-04-24,2025-12-11,6.93
QX-HHD-894,2025-12-11,2026-03-01,7.13
QX-HHD-894,2026-03-01,2026-03-07,7.28
QX-HHD-894,2026-03-07,2026-03-07,7.48
QX-HHD-894,2026-03-07,2026-03-07,7.77
QX-HHD-894,2026-03-07,,8.40
QX-HHD-895,2024-05-05,2025-08-12,5.19
QX-HHD-895,2025-08-12,2025-08-12,5.47
QX-HHD-895,2025-08-12,2026-01-03,5.87
QX-HHD-895,2026-01-03,2026-02-15,6.20
QX-HHD-895,2026-02-15,2026-03-29,6.47
QX-HHD-895,2026-03-29,2026-03-29,7.04
QX-HHD-895,2026-03-29,,5.57
QX-FRZ-896,2024-04-02,2026-03-16,6.44
QX-FRZ-896,2026-03-16,2026-03-16,6.55
QX-FRZ-896,2026-03-16,2026-03-16,7.12
QX-FRZ-896,2026-03-16,,6.97
QX-BWS-897,2024-02-27,2026-01-03,14.86
QX-BWS-897,2026-01-03,2026-01-03,15.64
QX-BWS-897,2026-01-03,,16.43
QX-TIN-898,2024-02-05,2026-01-12,2.36
QX-TIN-898,2026-01-12,2026-03-04,2.55
QX-TIN-898,2026-03-04,2026-03-04,2.78
QX-TIN-898,2026-03-04,2026-03-04,2.82
QX-TIN-898,2026-03-04,,2.60
QX-BAK-899,2025-05-29,2026-01-20,1.85
QX-BAK-899,2026-01-20,2026-01-20,1.95
QX-BAK-899,2026-01-20,2026-03-17,2.06
QX-BAK-899,2026-03-17,2026-03-17,2.12
QX-BAK-899,2026-03-17,,2.05
QX-BAK-900,2024-07-20,2025-11-23,2.59
QX-BAK-900,2025-11-23,2025-11-23,2.79
QX-BAK-900,2025-11-23,2025-11-23,2.94
QX-BAK-900,2025-11-23,2025-11-23,3.04
QX-BAK-900,2025-11-23,2025-11-23,3.10
QX-BAK-900,2025-11-23,,2.82
QX-HBC-901,2023-12-01,2026-03-08,11.56
QX-HBC-901,2026-03-08,2026-03-08,12.20
QX-HBC-901,2026-03-08,,12.76
QX-PET-902,2024-02-20,2025-08-23,6.26
QX-PET-902,2025-08-23,2026-01-08,6.36
QX-PET-902,2026-01-08,,6.87
QX-DRY-903,2024-10-27,2025-11-28,1.99
QX-DRY-903,2025-11-28,2026-01-19,2.13
QX-DRY-903,2026-01-19,2026-01-19,2.28
QX-DRY-903,2026-01-19,2026-03-01,2.43
QX-DRY-903,2026-03-01,2026-03-10,2.53
QX-DRY-903,2026-03-10,,2.36
QX-TIN-904,2024-01-27,2025-11-01,1.09
QX-TIN-904,2025-11-01,,1.28
QX-FRZ-905,2024-10-09,2026-01-16,4.74
QX-FRZ-905,2026-01-16,,5.18
QX-PRO-906,2025-02-16,2025-11-06,1.06
QX-PRO-906,2025-11-06,,1.17
QX-BWS-907,2024-10-04,2025-06-26,14.76
QX-BWS-907,2025-06-26,2026-01-12,15.14
QX-BWS-907,2026-01-12,2026-01-12,15.64
QX-BWS-907,2026-01-12,2026-03-09,16.72
QX-BWS-907,2026-03-09,,16.55
QX-BWS-908,2024-01-02,2026-02-06,12.72
QX-BWS-908,2026-02-06,2026-02-06,13.24
QX-BWS-908,2026-02-06,2026-02-06,14.02
QX-BWS-908,2026-02-06,,13.33
QX-BWS-909,2024-11-25,2026-02-02,7.22
QX-BWS-909,2026-02-02,,7.99
QX-DRK-910,2024-08-30,2025-08-12,3.91
QX-DRK-910,2025-08-12,2025-11-18,4.20
QX-DRK-910,2025-11-18,2025-11-30,4.24
QX-DRK-910,2025-11-30,2025-11-30,4.38
QX-DRK-910,2025-11-30,2025-11-30,4.52
QX-DRK-910,2025-11-30,2026-02-18,4.60
QX-DRK-910,2026-02-18,,4.28
QX-BWS-911,2025-02-07,2025-09-16,13.77
QX-BWS-911,2025-09-16,2025-09-16,14.82
QX-BWS-911,2025-09-16,2025-09-16,15.01
QX-BWS-911,2025-09-16,2025-09-16,15.59
QX-BWS-911,2025-09-16,2025-09-16,16.04
QX-BWS-911,2025-09-16,,15.20
QX-TIN-912,2025-02-07,2025-12-13,0.80
QX-TIN-912,2025-12-13,2026-01-18,0.84
QX-TIN-912,2026-01-18,2026-01-18,0.90
QX-TIN-912,2026-01-18,2026-01-18,0.98
QX-TIN-912,2026-01-18,,0.84
QX-BAK-913,2024-12-23,2025-12-14,5.39
QX-BAK-913,2025-12-14,,6.44
QX-DRY-914,2024-09-25,2025-09-13,5.44
QX-DRY-914,2025-09-13,2025-09-16,5.50
QX-DRY-914,2025-09-16,2025-11-23,5.97
QX-DRY-914,2025-11-23,,5.85
QX-FRZ-915,2025-03-25,2026-02-05,3.42
QX-FRZ-915,2026-02-05,2026-02-05,3.64
QX-FRZ-915,2026-02-05,2026-03-01,3.86
QX-FRZ-915,2026-03-01,,3.83
QX-PET-916,2025-02-26,2025-07-05,4.29
QX-PET-916,2025-07-05,2026-01-12,4.36
QX-PET-916,2026-01-12,,4.77
QX-BWS-918,2025-03-16,2025-08-22,23.91
QX-BWS-918,2025-08-22,,27.10
QX-PET-919,2024-12-30,2025-08-11,7.35
QX-PET-919,2025-08-11,2025-09-08,7.99
QX-PET-919,2025-09-08,2025-11-24,8.33
QX-PET-919,2025-11-24,2025-11-24,8.44
QX-PET-919,2025-11-24,,7.66
QX-FRZ-921,2023-10-30,2025-08-13,5.68
QX-FRZ-921,2025-08-13,2025-11-11,6.19
QX-FRZ-921,2025-11-11,2025-11-12,6.39
QX-FRZ-921,2025-11-12,2025-11-12,6.72
QX-FRZ-921,2025-11-12,2026-01-02,6.80
QX-FRZ-921,2026-01-02,,6.23
QX-PRO-922,2025-03-06,2026-01-13,1.12
QX-PRO-922,2026-01-13,2026-01-13,1.15
QX-PRO-922,2026-01-13,,1.25
QX-HBC-923,2024-11-25,2025-08-08,1.24
QX-HBC-923,2025-08-08,2025-08-12,1.25
QX-HBC-923,2025-08-12,2026-01-11,1.35
QX-HBC-923,2026-01-11,2026-01-11,1.38
QX-HBC-923,2026-01-11,,1.35
QX-TIN-926,2025-01-19,2025-12-21,0.57
QX-TIN-926,2025-12-21,2025-12-21,0.62
QX-TIN-926,2025-12-21,2025-12-21,0.65
QX-TIN-926,2025-12-21,,0.62
QX-FRZ-928,2025-04-28,2025-07-06,6.15
QX-FRZ-928,2025-07-06,2026-02-13,6.26
QX-FRZ-928,2026-02-13,2026-02-13,6.65
QX-FRZ-928,2026-02-13,2026-02-13,7.19
QX-FRZ-928,2026-02-13,2026-02-13,7.83
QX-FRZ-928,2026-02-13,2026-02-13,8.02
QX-FRZ-928,2026-02-13,,7.04
QX-BAK-929,2024-12-10,2025-09-11,3.08
QX-BAK-929,2025-09-11,2025-10-01,3.21
QX-BAK-929,2025-10-01,2025-10-01,3.26
QX-BAK-929,2025-10-01,2025-11-08,3.53
QX-BAK-929,2025-11-08,2026-03-09,3.58
QX-BAK-929,2026-03-09,2026-03-09,3.90
QX-BAK-929,2026-03-09,,3.47
QX-PET-930,2024-07-16,2025-11-21,6.59
QX-PET-930,2025-11-21,2026-03-29,6.65
QX-PET-930,2026-03-29,2026-03-29,7.02
QX-PET-930,2026-03-29,,7.50
QX-HBC-932,2024-04-22,2026-01-31,8.59
QX-HBC-932,2026-01-31,2026-01-31,8.71
QX-HBC-932,2026-01-31,2026-01-31,8.84
QX-HBC-932,2026-01-31,2026-01-31,9.49
QX-HBC-932,2026-01-31,,9.69
QX-TIN-933,2024-08-19,2025-09-17,1.19
QX-TIN-933,2025-09-17,2026-02-13,1.22
QX-TIN-933,2026-02-13,2026-02-13,1.30
QX-TIN-933,2026-02-13,2026-02-13,1.36
QX-TIN-933,2026-02-13,,1.37
QX-TIN-934,2024-10-10,2025-06-27,2.29
QX-TIN-934,2025-06-27,2025-12-23,2.34
QX-TIN-934,2025-12-23,2025-12-23,2.40
QX-TIN-934,2025-12-23,2025-12-23,2.55
QX-TIN-934,2025-12-23,2025-12-23,2.69
QX-TIN-934,2025-12-23,2025-12-23,2.81
QX-TIN-934,2025-12-23,,2.45
QX-DRK-935,2024-05-02,2025-10-20,0.77
QX-DRK-935,2025-10-20,2025-10-20,0.81
QX-DRK-935,2025-10-20,2025-10-20,0.87
QX-DRK-935,2025-10-20,2025-11-04,0.90
QX-DRK-935,2025-11-04,2026-02-06,0.95
QX-DRK-935,2026-02-06,,0.82
QX-FRZ-936,2024-10-26,2026-02-08,4.95
QX-FRZ-936,2026-02-08,2026-02-08,5.07
QX-FRZ-936,2026-02-08,2026-02-08,5.30
QX-FRZ-936,2026-02-08,,5.71
QX-HHD-937,2024-04-18,2025-10-01,10.58
QX-HHD-937,2025-10-01,2026-02-26,11.19
QX-HHD-937,2026-02-26,2026-02-26,11.54
QX-HHD-937,2026-02-26,2026-02-26,11.92
QX-HHD-937,2026-02-26,,11.86
QX-CHL-938,2024-01-28,2025-06-28,8.05
QX-CHL-938,2025-06-28,2025-11-24,8.48
QX-CHL-938,2025-11-24,2026-01-28,8.81
QX-CHL-938,2026-01-28,,8.95
QX-BWS-939,2024-11-26,2025-11-18,6.31
QX-BWS-939,2025-11-18,2025-11-18,6.39
QX-BWS-939,2025-11-18,2026-01-02,6.69
QX-BWS-939,2026-01-02,2026-02-10,7.22
QX-BWS-939,2026-02-10,2026-02-10,7.87
QX-BWS-939,2026-02-10,2026-02-10,8.36
QX-BWS-939,2026-02-10,,7.42
QX-DRY-940,2023-12-26,2025-10-12,4.30
QX-DRY-940,2025-10-12,2025-10-12,4.42
QX-DRY-940,2025-10-12,2026-01-15,4.68
QX-DRY-940,2026-01-15,2026-01-15,4.85
QX-DRY-940,2026-01-15,2026-03-25,5.08
QX-DRY-940,2026-03-25,2026-03-25,5.48
QX-DRY-940,2026-03-25,,4.91
QX-CER-941,2024-11-08,2026-03-30,2.88
QX-CER-941,2026-03-30,2026-03-30,3.00
QX-CER-941,2026-03-30,2026-03-30,3.10
QX-CER-941,2026-03-30,,3.36
QX-BAK-942,2025-02-28,2026-02-22,1.94
QX-BAK-942,2026-02-22,,2.26
QX-DRK-943,2024-05-12,2025-10-12,5.93
QX-DRK-943,2025-10-12,2025-10-14,6.16
QX-DRK-943,2025-10-14,2025-12-01,6.48
QX-DRK-943,2025-12-01,2025-12-01,7.05
QX-DRK-943,2025-12-01,,6.42
QX-PRO-944,2023-10-26,2025-08-24,3.45
QX-PRO-944,2025-08-24,2025-08-26,3.68
QX-PRO-944,2025-08-26,,3.94
QX-TIN-945,2025-02-21,2025-11-15,1.69
QX-TIN-945,2025-11-15,,1.87
QX-CHL-946,2025-04-19,2025-10-18,14.85
QX-CHL-946,2025-10-18,2025-10-18,15.06
QX-CHL-946,2025-10-18,2025-12-27,16.23
QX-CHL-946,2025-12-27,,17.95
QX-FRZ-947,2023-11-12,2025-12-16,3.27
QX-FRZ-947,2025-12-16,2026-03-13,3.42
QX-FRZ-947,2026-03-13,,3.85
QX-HBC-948,2025-02-13,2025-10-09,3.54
QX-HBC-948,2025-10-09,,4.21
QX-PRO-949,2025-02-08,2025-10-31,4.11
QX-PRO-949,2025-10-31,2025-10-31,4.44
QX-PRO-949,2025-10-31,2026-02-16,4.75
QX-PRO-949,2026-02-16,2026-03-27,5.04
QX-PRO-949,2026-03-27,2026-03-27,5.35
QX-PRO-949,2026-03-27,,4.97
QX-BWS-950,2024-10-01,2025-10-03,16.44
QX-BWS-950,2025-10-03,2025-10-03,17.10
QX-BWS-950,2025-10-03,2025-10-03,18.46
QX-BWS-950,2025-10-03,2025-12-18,18.79
QX-BWS-950,2025-12-18,,19.18
QX-DRY-951,2025-04-25,2025-12-17,0.85
QX-DRY-951,2025-12-17,2025-12-17,0.87
QX-DRY-951,2025-12-17,,1.02
QX-PRO-952,2023-11-12,2026-03-09,1.43
QX-PRO-952,2026-03-09,2026-03-09,1.48
QX-PRO-952,2026-03-09,2026-03-09,1.50
QX-PRO-952,2026-03-09,2026-03-09,1.57
QX-PRO-952,2026-03-09,2026-03-09,1.59
QX-PRO-952,2026-03-09,2026-03-09,1.62
QX-PRO-952,2026-03-09,,1.51
QX-HBC-953,2024-06-05,2025-11-27,8.19
QX-HBC-953,2025-11-27,2025-11-27,8.70
QX-HBC-953,2025-11-27,2026-01-02,9.15
QX-HBC-953,2026-01-02,2026-01-04,9.40
QX-HBC-953,2026-01-04,2026-01-04,9.70
QX-HBC-953,2026-01-04,,9.44
QX-PRO-954,2023-11-08,2026-01-12,3.46
QX-PRO-954,2026-01-12,2026-02-11,3.63
QX-PRO-954,2026-02-11,2026-02-11,3.80
QX-PRO-954,2026-02-11,2026-02-11,3.98
QX-PRO-954,2026-02-11,2026-02-11,4.23
QX-PRO-954,2026-02-11,2026-02-11,4.54
QX-PRO-954,2026-02-11,,4.20
QX-HHD-956,2024-03-02,2025-08-07,5.00
QX-HHD-956,2025-08-07,2026-01-27,5.30
QX-HHD-956,2026-01-27,2026-02-09,5.74
QX-HHD-956,2026-02-09,,5.76
QX-HHD-957,2023-11-19,2025-12-10,1.86
QX-HHD-957,2025-12-10,2025-12-10,1.90
QX-HHD-957,2025-12-10,2025-12-10,1.99
QX-HHD-957,2025-12-10,2025-12-10,2.11
QX-HHD-957,2025-12-10,2025-12-10,2.25
QX-HHD-957,2025-12-10,,2.18
QX-CHL-958,2024-03-26,2025-11-22,5.41
QX-CHL-958,2025-11-22,2026-02-13,5.68
QX-CHL-958,2026-02-13,,6.47
QX-PRO-959,2024-08-05,2025-09-10,4.70
QX-PRO-959,2025-09-10,,4.94
QX-PET-960,2024-12-11,2026-01-31,8.95
QX-PET-960,2026-01-31,,10.44
QX-FRZ-961,2023-11-21,2025-08-16,1.27
QX-FRZ-961,2025-08-16,2025-09-29,1.38
QX-FRZ-961,2025-09-29,2026-03-01,1.47
QX-FRZ-961,2026-03-01,2026-03-01,1.56
QX-FRZ-961,2026-03-01,,1.40
QX-DRY-962,2024-09-24,2025-10-10,1.10
QX-DRY-962,2025-10-10,2025-10-10,1.20
QX-DRY-962,2025-10-10,2025-10-10,1.29
QX-DRY-962,2025-10-10,2025-10-10,1.35
QX-DRY-962,2025-10-10,2025-10-10,1.43
QX-DRY-962,2025-10-10,,1.21
QX-PRO-963,2024-08-29,2025-10-06,3.03
QX-PRO-963,2025-10-06,2025-12-31,3.27
QX-PRO-963,2025-12-31,,3.65
QX-HBC-964,2024-03-07,2025-12-29,5.07
QX-HBC-964,2025-12-29,2025-12-29,5.41
QX-HBC-964,2025-12-29,2026-03-29,5.83
QX-HBC-964,2026-03-29,,5.52
QX-HBC-965,2024-11-30,2026-02-20,6.25
QX-HBC-965,2026-02-20,2026-02-20,6.53
QX-HBC-965,2026-02-20,,6.64
QX-FRZ-966,2024-11-23,2025-08-14,3.42
QX-FRZ-966,2025-08-14,2026-02-06,3.55
QX-FRZ-966,2026-02-06,2026-02-06,3.61
QX-FRZ-966,2026-02-06,2026-02-06,3.65
QX-FRZ-966,2026-02-06,,4.16
QX-HHD-967,2024-10-23,2025-07-23,8.46
QX-HHD-967,2025-07-23,2025-09-21,8.67
QX-HHD-967,2025-09-21,2025-09-21,8.91
QX-HHD-967,2025-09-21,,8.88
QX-CER-968,2024-05-19,2026-03-27,1.60
QX-CER-968,2026-03-27,2026-03-27,1.73
QX-CER-968,2026-03-27,2026-03-27,1.81
QX-CER-968,2026-03-27,2026-03-27,1.93
QX-CER-968,2026-03-27,2026-03-27,2.10
QX-CER-968,2026-03-27,2026-03-27,2.16
QX-CER-968,2026-03-27,,1.86
QX-HHD-969,2025-01-18,2026-02-03,4.76
QX-HHD-969,2026-02-03,2026-02-03,5.10
QX-HHD-969,2026-02-03,2026-02-03,5.53
QX-HHD-969,2026-02-03,2026-02-03,5.74
QX-HHD-969,2026-02-03,2026-02-03,6.02
QX-HHD-969,2026-02-03,2026-03-18,6.24
QX-HHD-969,2026-03-18,,5.32
QX-TIN-970,2025-01-01,2025-11-25,1.08
QX-TIN-970,2025-11-25,2025-12-21,1.17
QX-TIN-970,2025-12-21,2026-01-30,1.26
QX-TIN-970,2026-01-30,,1.19
QX-TIN-971,2024-11-03,2025-07-12,2.20
QX-TIN-971,2025-07-12,,2.48
QX-CER-972,2024-10-08,2025-08-26,2.72
QX-CER-972,2025-08-26,2025-08-26,2.95
QX-CER-972,2025-08-26,2026-02-25,3.17
QX-CER-972,2026-02-25,2026-03-31,3.38
QX-CER-972,2026-03-31,2026-03-31,3.57
QX-CER-972,2026-03-31,2026-03-31,3.81
QX-CER-972,2026-03-31,,3.19
QX-HBC-973,2023-10-17,2025-07-17,9.13
QX-HBC-973,2025-07-17,,9.82
QX-DRK-974,2024-03-23,2025-09-26,2.18
QX-DRK-974,2025-09-26,2025-12-23,2.24
QX-DRK-974,2025-12-23,2025-12-23,2.42
QX-DRK-974,2025-12-23,2026-02-14,2.57
QX-DRK-974,2026-02-14,2026-02-26,2.68
QX-DRK-974,2026-02-26,,2.31
QX-FRZ-975,2025-05-05,2025-08-04,7.21
QX-FRZ-975,2025-08-04,2026-03-12,7.60
QX-FRZ-975,2026-03-12,2026-03-12,7.67
QX-FRZ-975,2026-03-12,2026-03-12,7.92
QX-FRZ-975,2026-03-12,,8.06
QX-TIN-976,2024-04-23,2026-02-22,2.04
QX-TIN-976,2026-02-22,2026-02-22,2.10
QX-TIN-976,2026-02-22,2026-02-22,2.26
QX-TIN-976,2026-02-22,,2.41
QX-BWS-977,2024-06-05,2026-03-14,23.29
QX-BWS-977,2026-03-14,2026-03-26,24.45
QX-BWS-977,2026-03-26,2026-03-26,25.74
QX-BWS-977,2026-03-26,,25.63
QX-PRO-978,2025-02-27,2026-01-06,3.81
QX-PRO-978,2026-01-06,2026-01-06,4.12
QX-PRO-978,2026-01-06,2026-01-06,4.43
QX-PRO-978,2026-01-06,2026-01-06,4.73
QX-PRO-978,2026-01-06,2026-01-06,5.02
QX-PRO-978,2026-01-06,,4.38
QX-HHD-979,2024-12-09,2025-07-25,5.69
QX-HHD-979,2025-07-25,2025-07-25,5.97
QX-HHD-979,2025-07-25,2026-03-02,6.10
QX-HHD-979,2026-03-02,2026-03-02,6.29
QX-HHD-979,2026-03-02,2026-03-02,6.72
QX-HHD-979,2026-03-02,2026-03-02,7.13
QX-HHD-979,2026-03-02,,6.33
QX-FRZ-980,2025-05-22,2025-09-01,1.71
QX-FRZ-980,2025-09-01,2025-12-14,1.78
QX-FRZ-980,2025-12-14,2025-12-14,1.82
QX-FRZ-980,2025-12-14,2026-03-14,1.88
QX-FRZ-980,2026-03-14,2026-03-16,2.05
QX-FRZ-980,2026-03-16,,2.00
QX-FRZ-981,2024-03-09,2025-09-05,3.62
QX-FRZ-981,2025-09-05,2025-10-11,3.75
QX-FRZ-981,2025-10-11,2025-10-11,3.88
QX-FRZ-981,2025-10-11,2025-10-11,4.00
QX-FRZ-981,2025-10-11,2026-02-24,4.23
QX-FRZ-981,2026-02-24,,4.07
QX-DRY-982,2024-07-24,2026-03-31,0.74
QX-DRY-982,2026-03-31,2026-03-31,0.79
QX-DRY-982,2026-03-31,2026-03-31,0.85
QX-DRY-982,2026-03-31,2026-03-31,0.88
QX-DRY-982,2026-03-31,2026-03-31,0.93
QX-DRY-982,2026-03-31,,0.81
QX-FRZ-983,2025-03-05,2025-12-14,2.61
QX-FRZ-983,2025-12-14,2026-01-02,2.70
QX-FRZ-983,2026-01-02,2026-01-02,2.82
QX-FRZ-983,2026-01-02,,3.13
QX-HBC-985,2025-03-03,2026-01-08,9.06
QX-HBC-985,2026-01-08,2026-01-08,9.87
QX-HBC-985,2026-01-08,2026-01-08,10.22
QX-HBC-985,2026-01-08,,10.26
QX-DRY-986,2024-01-10,2025-12-08,1.88
QX-DRY-986,2025-12-08,2026-01-24,2.01
QX-DRY-986,2026-01-24,2026-01-24,2.06
QX-DRY-986,2026-01-24,2026-02-06,2.14
QX-DRY-986,2026-02-06,2026-02-06,2.28
QX-DRY-986,2026-02-06,2026-02-06,2.36
QX-DRY-986,2026-02-06,,2.10
QX-CER-987,2025-01-12,2026-03-12,2.00
QX-CER-987,2026-03-12,2026-03-12,2.14
QX-CER-987,2026-03-12,2026-03-12,2.31
QX-CER-987,2026-03-12,,2.15
QX-HHD-989,2025-04-13,2026-02-09,3.20
QX-HHD-989,2026-02-09,2026-03-16,3.26
QX-HHD-989,2026-03-16,2026-03-16,3.46
QX-HHD-989,2026-03-16,2026-03-16,3.57
QX-HHD-989,2026-03-16,2026-03-16,3.70
QX-HHD-989,2026-03-16,,3.57
QX-TIN-990,2024-02-07,2026-01-23,2.41
QX-TIN-990,2026-01-23,2026-01-23,2.44
QX-TIN-990,2026-01-23,2026-01-23,2.64
QX-TIN-990,2026-01-23,2026-01-23,2.83
QX-TIN-990,2026-01-23,2026-01-23,2.99
QX-TIN-990,2026-01-23,,2.61
QX-CER-991,2024-07-15,2025-09-30,2.36
QX-CER-991,2025-09-30,2025-09-30,2.43
QX-CER-991,2025-09-30,,2.72
QX-BWS-992,2024-06-08,2025-07-03,25.70
QX-BWS-992,2025-07-03,2025-08-27,27.25
QX-BWS-992,2025-08-27,2025-09-28,27.65
QX-BWS-992,2025-09-28,,30.07
QX-CER-993,2025-05-24,2025-08-07,2.78
QX-CER-993,2025-08-07,2025-10-17,2.88
QX-CER-993,2025-10-17,2026-03-05,2.96
QX-CER-993,2026-03-05,2026-03-24,3.17
QX-CER-993,2026-03-24,2026-03-24,3.30
QX-CER-993,2026-03-24,,3.18
QX-DRK-994,2024-03-03,2026-01-14,3.57
QX-DRK-994,2026-01-14,2026-01-16,3.67
QX-DRK-994,2026-01-16,2026-01-16,3.96
QX-DRK-994,2026-01-16,2026-02-09,4.28
QX-DRK-994,2026-02-09,2026-02-09,4.41
QX-DRK-994,2026-02-09,,3.82
QX-TIN-995,2025-03-12,2025-07-11,2.27
QX-TIN-995,2025-07-11,2025-07-11,2.46
QX-TIN-995,2025-07-11,2026-03-03,2.62
QX-TIN-995,2026-03-03,2026-03-03,2.71
QX-TIN-995,2026-03-03,,2.47
QX-CER-996,2024-12-14,2025-12-21,2.19
QX-CER-996,2025-12-21,2025-12-21,2.26
QX-CER-996,2025-12-21,2025-12-21,2.32
QX-CER-996,2025-12-21,,2.39
QX-FRZ-997,2024-06-11,2026-02-24,6.13
QX-FRZ-997,2026-02-24,2026-02-24,6.36
QX-FRZ-997,2026-02-24,,7.32
QX-TIN-998,2025-05-16,2025-12-13,0.70
QX-TIN-998,2025-12-13,2025-12-13,0.72
QX-TIN-998,2025-12-13,2025-12-13,0.77
QX-TIN-998,2025-12-13,2025-12-13,0.83
QX-TIN-998,2025-12-13,2026-01-15,0.88
QX-TIN-998,2026-01-15,,0.74
QX-CER-999,2024-01-04,2025-09-11,3.89
QX-CER-999,2025-09-11,2025-10-08,4.10
QX-CER-999,2025-10-08,2025-10-08,4.21
QX-CER-999,2025-10-08,2026-01-25,4.42
QX-CER-999,2026-01-25,2026-01-25,4.54
QX-CER-999,2026-01-25,,4.41
QX-CER-000,2023-12-12,2025-09-19,1.74
QX-CER-000,2025-09-19,2025-10-22,1.90
QX-CER-000,2025-10-22,,2.00
QX-PRO-001,2025-04-13,2026-02-14,3.36
QX-PRO-001,2026-02-14,2026-02-14,3.42
QX-PRO-001,2026-02-14,2026-02-14,3.70
QX-PRO-001,2026-02-14,2026-02-14,3.88
QX-PRO-001,2026-02-14,,3.91
QX-PET-002,2023-12-30,2025-07-20,3.08
QX-PET-002,2025-07-20,2025-07-24,3.12
QX-PET-002,2025-07-24,2026-01-18,3.21
QX-PET-002,2026-01-18,,3.53
QX-HBC-004,2024-09-21,2026-01-22,6.09
QX-HBC-004,2026-01-22,2026-01-22,6.44
QX-HBC-004,2026-01-22,2026-01-22,6.82
QX-HBC-004,2026-01-22,2026-01-22,7.01
QX-HBC-004,2026-01-22,2026-01-22,7.09
QX-HBC-004,2026-01-22,,6.60
QX-BAK-005,2025-05-27,2026-01-05,1.01
QX-BAK-005,2026-01-05,2026-03-27,1.06
QX-BAK-005,2026-03-27,,1.05
QX-BWS-006,2023-11-24,2025-12-14,20.20
QX-BWS-006,2025-12-14,2026-03-02,21.32
QX-BWS-006,2026-03-02,2026-03-02,23.21
QX-BWS-006,2026-03-02,2026-03-02,25.29
QX-BWS-006,2026-03-02,2026-03-02,26.02
QX-BWS-006,2026-03-02,2026-03-02,27.63
QX-BWS-006,2026-03-02,,23.95
QX-DRK-007,2024-02-11,2026-01-18,1.06
QX-DRK-007,2026-01-18,2026-01-18,1.10
QX-DRK-007,2026-01-18,2026-01-18,1.13
QX-DRK-007,2026-01-18,2026-01-18,1.22
QX-DRK-007,2026-01-18,2026-01-18,1.33
QX-DRK-007,2026-01-18,,1.11
QX-TIN-008,2024-03-15,2026-01-24,1.68
QX-TIN-008,2026-01-24,,1.81
QX-TIN-009,2024-07-26,2025-10-24,0.51
QX-TIN-009,2025-10-24,2025-10-24,0.55
QX-TIN-009,2025-10-24,,0.56
QX-CHL-010,2024-12-08,2025-12-15,5.65
QX-CHL-010,2025-12-15,,6.55
QX-HBC-011,2024-04-14,2025-10-26,10.37
QX-HBC-011,2025-10-26,2025-10-26,10.54
QX-HBC-011,2025-10-26,2025-10-26,11.31
QX-HBC-011,2025-10-26,,11.35
QX-FRZ-012,2024-09-04,2025-09-24,3.94
QX-FRZ-012,2025-09-24,2026-03-16,4.27
QX-FRZ-012,2026-03-16,2026-03-16,4.48
QX-FRZ-012,2026-03-16,2026-03-16,4.85
QX-FRZ-012,2026-03-16,2026-03-16,4.94
QX-FRZ-012,2026-03-16,,4.74
QX-HHD-013,2024-05-07,2026-03-29,6.66
QX-HHD-013,2026-03-29,2026-03-29,6.93
QX-HHD-013,2026-03-29,2026-03-29,7.52
QX-HHD-013,2026-03-29,,7.03
QX-DRY-014,2025-02-12,2025-07-01,5.11
QX-DRY-014,2025-07-01,2026-03-08,5.56
QX-DRY-014,2026-03-08,2026-03-08,6.00
QX-DRY-014,2026-03-08,2026-03-08,6.34
QX-DRY-014,2026-03-08,,5.97
QX-PRO-015,2024-12-08,2026-01-06,3.40
QX-PRO-015,2026-01-06,2026-01-06,3.69
QX-PRO-015,2026-01-06,2026-01-06,3.86
QX-PRO-015,2026-01-06,2026-01-06,4.10
QX-PRO-015,2026-01-06,2026-03-10,4.21
QX-PRO-015,2026-03-10,,3.62
QX-PET-016,2024-01-05,2025-08-20,7.68
QX-PET-016,2025-08-20,2026-03-28,7.93
QX-PET-016,2026-03-28,2026-03-28,8.41
QX-PET-016,2026-03-28,,8.36
QX-TIN-017,2024-08-12,2025-11-10,1.97
QX-TIN-017,2025-11-10,2025-11-10,2.01
QX-TIN-017,2025-11-10,2025-11-25,2.10
QX-TIN-017,2025-11-25,,2.10
QX-FRZ-018,2024-08-01,2025-07-04,2.03
QX-FRZ-018,2025-07-04,2026-02-28,2.14
QX-FRZ-018,2026-02-28,2026-02-28,2.24
QX-FRZ-018,2026-02-28,2026-02-28,2.31
QX-FRZ-018,2026-02-28,2026-02-28,2.46
QX-FRZ-018,2026-02-28,,2.40
QX-FRZ-019,2023-10-25,2025-12-19,1.95
QX-FRZ-019,2025-12-19,2025-12-19,2.10
QX-FRZ-019,2025-12-19,,2.10
QX-CHL-021,2025-01-02,2026-03-12,8.07
QX-CHL-021,2026-03-12,2026-03-12,8.35
QX-CHL-021,2026-03-12,,9.79
QX-PRO-022,2025-04-15,2026-01-07,1.80
QX-PRO-022,2026-01-07,2026-01-07,1.85
QX-PRO-022,2026-01-07,,2.06
QX-HHD-023,2024-04-03,2025-10-10,11.43
QX-HHD-023,2025-10-10,2025-10-10,12.43
QX-HHD-023,2025-10-10,,11.98
QX-DRK-024,2025-05-06,2025-07-27,1.50
QX-DRK-024,2025-07-27,2025-12-14,1.57
QX-DRK-024,2025-12-14,2026-03-07,1.67
QX-DRK-024,2026-03-07,,1.61
QX-FRZ-025,2024-07-01,2025-12-24,6.50
QX-FRZ-025,2025-12-24,2025-12-24,7.04
QX-FRZ-025,2025-12-24,2025-12-24,7.53
QX-FRZ-025,2025-12-24,2026-02-11,8.16
QX-FRZ-025,2026-02-11,2026-02-11,8.87
QX-FRZ-025,2026-02-11,,7.10
QX-PRO-026,2025-01-30,2025-10-05,2.45
QX-PRO-026,2025-10-05,2025-10-05,2.56
QX-PRO-026,2025-10-05,,2.93
QX-HBC-027,2023-11-23,2025-10-28,9.35
QX-HBC-027,2025-10-28,2025-10-28,9.50
QX-HBC-027,2025-10-28,2025-10-28,10.30
QX-HBC-027,2025-10-28,2026-03-12,11.16
QX-HBC-027,2026-03-12,2026-03-12,11.76
QX-HBC-027,2026-03-12,,10.29
QX-HHD-028,2024-07-13,2025-09-05,7.61
QX-HHD-028,2025-09-05,2026-02-04,8.28
QX-HHD-028,2026-02-04,2026-02-04,8.47
QX-HHD-028,2026-02-04,2026-02-04,8.75
QX-HHD-028,2026-02-04,2026-03-13,9.24
QX-HHD-028,2026-03-13,2026-03-13,9.66
QX-HHD-028,2026-03-13,,8.50
QX-HHD-029,2024-05-02,2025-07-12,1.86
QX-HHD-029,2025-07-12,2026-03-29,1.92
QX-HHD-029,2026-03-29,2026-03-29,2.07
QX-HHD-029,2026-03-29,,2.07
QX-DRY-030,2023-11-10,2025-09-08,2.14
QX-DRY-030,2025-09-08,2025-10-14,2.20
QX-DRY-030,2025-10-14,2026-01-03,2.29
QX-DRY-030,2026-01-03,,2.45
QX-HBC-031,2024-07-27,2025-06-26,12.68
QX-HBC-031,2025-06-26,,13.72
QX-DRK-032,2024-03-08,2025-11-06,3.66
QX-DRK-032,2025-11-06,2026-03-02,3.93
QX-DRK-032,2026-03-02,2026-03-02,4.25
QX-DRK-032,2026-03-02,,4.02
QX-TIN-033,2023-11-14,2025-11-21,1.69
QX-TIN-033,2025-11-21,,1.96
QX-HHD-034,2025-05-26,2025-12-26,6.34
QX-HHD-034,2025-12-26,2025-12-26,6.82
QX-HHD-034,2025-12-26,2025-12-26,7.25
QX-HHD-034,2025-12-26,2026-01-21,7.52
QX-HHD-034,2026-01-21,,7.05
QX-TIN-035,2024-06-15,2025-08-20,2.20
QX-TIN-035,2025-08-20,2025-11-02,2.28
QX-TIN-035,2025-11-02,2025-11-09,2.37
QX-TIN-035,2025-11-09,,2.64
QX-BAK-036,2025-05-23,2025-08-06,3.70
QX-BAK-036,2025-08-06,2025-08-06,3.75
QX-BAK-036,2025-08-06,2025-09-22,4.04
QX-BAK-036,2025-09-22,2025-09-22,4.31
QX-BAK-036,2025-09-22,,4.39
QX-TIN-038,2024-01-02,2025-08-27,1.33
QX-TIN-038,2025-08-27,2025-08-27,1.38
QX-TIN-038,2025-08-27,2025-12-26,1.40
QX-TIN-038,2025-12-26,2026-01-19,1.42
QX-TIN-038,2026-01-19,2026-01-19,1.47
QX-TIN-038,2026-01-19,,1.55
QX-PRO-039,2025-02-18,2025-11-03,4.44
QX-PRO-039,2025-11-03,2026-01-29,4.50
QX-PRO-039,2026-01-29,2026-03-23,4.72
QX-PRO-039,2026-03-23,2026-03-23,5.01
QX-PRO-039,2026-03-23,2026-03-23,5.21
QX-PRO-039,2026-03-23,,5.15
QX-HBC-040,2024-05-09,2025-11-28,5.31
QX-HBC-040,2025-11-28,,6.27
QX-DRY-041,2023-11-12,2026-02-27,5.21
QX-DRY-041,2026-02-27,2026-02-27,5.49
QX-DRY-041,2026-02-27,2026-02-27,5.64
QX-DRY-041,2026-02-27,2026-02-27,5.95
QX-DRY-041,2026-02-27,,5.98
QX-DRK-042,2024-01-18,2025-10-24,1.65
QX-DRK-042,2025-10-24,2025-12-21,1.68
QX-DRK-042,2025-12-21,,1.97
QX-FRZ-043,2024-01-21,2025-09-14,2.80
QX-FRZ-043,2025-09-14,2025-11-19,2.88
QX-FRZ-043,2025-11-19,,3.26
QX-CER-044,2024-11-23,2025-09-30,4.12
QX-CER-044,2025-09-30,2026-01-29,4.24
QX-CER-044,2026-01-29,,4.76
QX-HHD-045,2025-01-25,2026-03-11,6.47
QX-HHD-045,2026-03-11,2026-03-11,6.66
QX-HHD-045,2026-03-11,2026-03-11,6.91
QX-HHD-045,2026-03-11,,6.79
QX-BAK-046,2024-04-09,2025-10-27,3.75
QX-BAK-046,2025-10-27,2025-12-11,4.04
QX-BAK-046,2025-12-11,,4.12
QX-CER-047,2024-12-18,2025-08-15,2.05
QX-CER-047,2025-08-15,2026-01-12,2.12
QX-CER-047,2026-01-12,2026-01-12,2.16
QX-CER-047,2026-01-12,2026-01-12,2.28
QX-CER-047,2026-01-12,2026-03-29,2.40
QX-CER-047,2026-03-29,2026-03-29,2.43
QX-CER-047,2026-03-29,,2.16
QX-HBC-048,2024-01-24,2025-07-22,2.52
QX-HBC-048,2025-07-22,,2.75
QX-HBC-049,2024-10-05,2026-02-19,7.48
QX-HBC-049,2026-02-19,2026-02-19,7.63
QX-HBC-049,2026-02-19,2026-02-19,8.00
QX-HBC-049,2026-02-19,2026-02-19,8.68
QX-HBC-049,2026-02-19,2026-02-19,8.83
QX-HBC-049,2026-02-19,,8.55
QX-BWS-050,2024-02-01,2025-09-19,10.39
QX-BWS-050,2025-09-19,2025-11-18,11.28
QX-BWS-050,2025-11-18,2025-11-18,11.60
QX-BWS-050,2025-11-18,2025-11-18,11.85
QX-BWS-050,2025-11-18,2026-02-07,12.07
QX-BWS-050,2026-02-07,,11.24
QX-PET-052,2024-09-25,2025-12-15,7.32
QX-PET-052,2025-12-15,,8.60
QX-FRZ-053,2025-03-13,2025-06-26,4.58
QX-FRZ-053,2025-06-26,2026-03-29,4.71
QX-FRZ-053,2026-03-29,2026-03-29,4.81
QX-FRZ-053,2026-03-29,,4.86
QX-FRZ-056,2025-04-01,2026-03-19,2.90
QX-FRZ-056,2026-03-19,2026-03-19,3.05
QX-FRZ-056,2026-03-19,,3.49
QX-FRZ-057,2024-07-31,2025-11-21,5.49
QX-FRZ-057,2025-11-21,2025-11-21,5.78
QX-FRZ-057,2025-11-21,2026-02-04,6.08
QX-FRZ-057,2026-02-04,2026-02-13,6.21
QX-FRZ-057,2026-02-13,2026-03-15,6.63
QX-FRZ-057,2026-03-15,,6.47
QX-DRY-058,2024-08-02,2026-01-07,1.65
QX-DRY-058,2026-01-07,2026-03-15,1.67
QX-DRY-058,2026-03-15,,1.80
QX-PET-059,2023-10-23,2025-08-11,5.47
QX-PET-059,2025-08-11,2026-02-20,5.76
QX-PET-059,2026-02-20,2026-02-20,6.14
QX-PET-059,2026-02-20,,6.20
QX-FRZ-060,2024-07-26,2025-09-19,7.04
QX-FRZ-060,2025-09-19,2025-09-19,7.61
QX-FRZ-060,2025-09-19,,7.67
QX-BWS-061,2024-11-23,2025-10-31,14.85
QX-BWS-061,2025-10-31,2025-10-31,15.90
QX-BWS-061,2025-10-31,2025-10-31,16.31
QX-BWS-061,2025-10-31,,16.05
QX-BWS-062,2024-01-20,2025-10-16,3.25
QX-BWS-062,2025-10-16,2026-03-09,3.39
QX-BWS-062,2026-03-09,2026-03-09,3.56
QX-BWS-062,2026-03-09,2026-03-09,3.71
QX-BWS-062,2026-03-09,2026-03-09,3.96
QX-BWS-062,2026-03-09,,3.81
QX-HHD-063,2024-01-15,2025-12-19,5.17
QX-HHD-063,2025-12-19,2025-12-19,5.55
QX-HHD-063,2025-12-19,2025-12-19,6.05
QX-HHD-063,2025-12-19,2026-03-12,6.45
QX-HHD-063,2026-03-12,2026-03-12,6.79
QX-HHD-063,2026-03-12,2026-03-12,7.04
QX-HHD-063,2026-03-12,,5.80
QX-FRZ-064,2024-04-26,2025-07-10,2.98
QX-FRZ-064,2025-07-10,,3.48
QX-PET-065,2025-04-12,2025-08-10,7.47
QX-PET-065,2025-08-10,2025-11-13,7.94
QX-PET-065,2025-11-13,2025-12-22,8.03
QX-PET-065,2025-12-22,,8.04
QX-TIN-066,2024-02-28,2025-11-18,1.89
QX-TIN-066,2025-11-18,2025-11-18,1.96
QX-TIN-066,2025-11-18,2026-01-21,2.09
QX-TIN-066,2026-01-21,,2.12
QX-HBC-067,2024-12-24,2025-11-19,1.31
QX-HBC-067,2025-11-19,2025-12-17,1.43
QX-HBC-067,2025-12-17,2025-12-17,1.47
QX-HBC-067,2025-12-17,,1.45
QX-TIN-068,2024-02-08,2025-08-29,0.62
QX-TIN-068,2025-08-29,2026-03-01,0.65
QX-TIN-068,2026-03-01,2026-03-01,0.67
QX-TIN-068,2026-03-01,2026-03-01,0.68
QX-TIN-068,2026-03-01,2026-03-01,0.70
QX-TIN-068,2026-03-01,,0.68
QX-CER-069,2024-01-04,2026-01-28,1.70
QX-CER-069,2026-01-28,2026-01-28,1.79
QX-CER-069,2026-01-28,2026-01-28,1.93
QX-CER-069,2026-01-28,2026-01-28,2.07
QX-CER-069,2026-01-28,,1.91
QX-DRY-070,2024-04-15,2025-10-10,5.81
QX-DRY-070,2025-10-10,2026-02-11,6.05
QX-DRY-070,2026-02-11,2026-02-11,6.29
QX-DRY-070,2026-02-11,2026-02-11,6.72
QX-DRY-070,2026-02-11,2026-02-11,6.80
QX-DRY-070,2026-02-11,,6.58
QX-DRK-071,2024-03-02,2025-09-23,2.20
QX-DRK-071,2025-09-23,2025-11-26,2.24
QX-DRK-071,2025-11-26,2025-11-27,2.41
QX-DRK-071,2025-11-27,,2.32
QX-FRZ-072,2024-05-01,2026-01-03,3.59
QX-FRZ-072,2026-01-03,2026-01-03,3.71
QX-FRZ-072,2026-01-03,,3.92
QX-HHD-073,2025-03-14,2026-02-21,9.66
QX-HHD-073,2026-02-21,2026-02-21,10.13
QX-HHD-073,2026-02-21,2026-02-21,10.25
QX-HHD-073,2026-02-21,,10.25
QX-BWS-074,2024-04-23,2025-08-01,6.74
QX-BWS-074,2025-08-01,2025-10-02,7.28
QX-BWS-074,2025-10-02,2026-03-14,7.36
QX-BWS-074,2026-03-14,2026-03-14,7.95
QX-BWS-074,2026-03-14,2026-03-14,8.34
QX-BWS-074,2026-03-14,,7.83
QX-DRY-075,2024-06-24,2026-01-01,6.63
QX-DRY-075,2026-01-01,2026-01-01,6.93
QX-DRY-075,2026-01-01,,7.13
QX-DRK-076,2025-01-20,2026-01-17,3.34
QX-DRK-076,2026-01-17,2026-01-17,3.50
QX-DRK-076,2026-01-17,2026-01-17,3.62
QX-DRK-076,2026-01-17,2026-01-17,3.93
QX-DRK-076,2026-01-17,2026-01-17,4.02
QX-DRK-076,2026-01-17,,4.02
QX-CER-077,2024-10-11,2025-07-15,2.69
QX-CER-077,2025-07-15,2026-01-09,2.77
QX-CER-077,2026-01-09,2026-01-09,3.01
QX-CER-077,2026-01-09,2026-01-09,3.06
QX-CER-077,2026-01-09,,2.90
QX-HBC-078,2023-11-12,2025-07-08,5.09
QX-HBC-078,2025-07-08,2025-10-12,5.18
QX-HBC-078,2025-10-12,2025-10-12,5.38
QX-HBC-078,2025-10-12,2025-10-12,5.66
QX-HBC-078,2025-10-12,2026-01-19,5.83
QX-HBC-078,2026-01-19,,5.52
QX-PRO-079,2024-09-04,2025-09-15,2.94
QX-PRO-079,2025-09-15,,3.46
QX-FRZ-080,2024-08-31,2026-03-07,3.25
QX-FRZ-080,2026-03-07,,3.83
QX-BWS-081,2024-08-05,2025-11-09,8.83
QX-BWS-081,2025-11-09,2026-03-02,9.37
QX-BWS-081,2026-03-02,2026-03-02,9.98
QX-BWS-081,2026-03-02,2026-03-02,10.09
QX-BWS-081,2026-03-02,2026-03-02,10.60
QX-BWS-081,2026-03-02,,9.23
QX-CER-082,2023-10-20,2025-07-17,2.70
QX-CER-082,2025-07-17,2025-07-17,2.82
QX-CER-082,2025-07-17,2026-03-22,2.99
QX-CER-082,2026-03-22,,2.82
QX-DRY-083,2024-12-18,2025-12-26,1.14
QX-DRY-083,2025-12-26,2025-12-26,1.21
QX-DRY-083,2025-12-26,,1.20
QX-DRY-084,2025-05-12,2025-07-06,0.75
QX-DRY-084,2025-07-06,2025-10-31,0.82
QX-DRY-084,2025-10-31,2026-02-11,0.89
QX-DRY-084,2026-02-11,2026-02-11,0.94
QX-DRY-084,2026-02-11,2026-02-11,1.02
QX-DRY-084,2026-02-11,2026-02-11,1.11
QX-DRY-084,2026-02-11,,0.88
QX-DRK-085,2023-11-04,2025-08-29,3.39
QX-DRK-085,2025-08-29,2025-08-29,3.58
QX-DRK-085,2025-08-29,2026-01-20,3.78
QX-DRK-085,2026-01-20,2026-01-20,3.85
QX-DRK-085,2026-01-20,2026-01-20,3.97
QX-DRK-085,2026-01-20,2026-02-02,4.01
QX-DRK-085,2026-02-02,,3.55
QX-HHD-086,2024-08-18,2025-10-02,3.75
QX-HHD-086,2025-10-02,2025-11-07,4.05
QX-HHD-086,2025-11-07,2025-12-17,4.25
QX-HHD-086,2025-12-17,2025-12-17,4.64
QX-HHD-086,2025-12-17,2026-02-15,4.76
QX-HHD-086,2026-02-15,,4.22
QX-BWS-087,2025-06-02,2026-01-22,18.23
QX-BWS-087,2026-01-22,2026-01-28,19.57
QX-BWS-087,2026-01-28,2026-02-18,21.00
QX-BWS-087,2026-02-18,2026-03-04,22.28
QX-BWS-087,2026-03-04,,21.07
QX-TIN-088,2025-01-08,2025-07-21,0.49
QX-TIN-088,2025-07-21,,0.54
QX-HBC-089,2025-05-09,2025-09-05,3.73
QX-HBC-089,2025-09-05,2025-09-05,3.77
QX-HBC-089,2025-09-05,,3.89
QX-PET-090,2024-12-24,2025-09-21,3.75
QX-PET-090,2025-09-21,2025-09-23,3.95
QX-PET-090,2025-09-23,2026-01-20,4.07
QX-PET-090,2026-01-20,2026-02-24,4.43
QX-PET-090,2026-02-24,2026-02-24,4.80
QX-PET-090,2026-02-24,2026-02-24,5.18
QX-PET-090,2026-02-24,,4.34
QX-CHL-091,2024-10-09,2025-08-16,0.97
QX-CHL-091,2025-08-16,2025-10-21,1.05
QX-CHL-091,2025-10-21,2026-03-30,1.06
QX-CHL-091,2026-03-30,2026-03-31,1.11
QX-CHL-091,2026-03-31,,1.12
QX-TIN-092,2024-11-11,2025-11-11,1.39
QX-TIN-092,2025-11-11,2025-11-11,1.49
QX-TIN-092,2025-11-11,2025-11-11,1.58
QX-TIN-092,2025-11-11,2026-01-28,1.69
QX-TIN-092,2026-01-28,2026-01-28,1.81
QX-TIN-092,2026-01-28,,1.59
QX-CER-093,2024-06-04,2026-01-11,4.03
QX-CER-093,2026-01-11,2026-03-14,4.24
QX-CER-093,2026-03-14,,4.54
QX-FRZ-094,2024-08-14,2026-01-14,1.04
QX-FRZ-094,2026-01-14,2026-01-14,1.07
QX-FRZ-094,2026-01-14,,1.15
QX-DRK-095,2024-06-05,2025-09-27,2.43
QX-DRK-095,2025-09-27,2025-09-27,2.49
QX-DRK-095,2025-09-27,2026-01-28,2.58
QX-DRK-095,2026-01-28,2026-02-14,2.78
QX-DRK-095,2026-02-14,,2.70
QX-HHD-096,2024-07-25,2025-06-28,5.94
QX-HHD-096,2025-06-28,2026-03-02,6.25
QX-HHD-096,2026-03-02,2026-03-02,6.68
QX-HHD-096,2026-03-02,2026-03-02,7.03
QX-HHD-096,2026-03-02,2026-03-07,7.25
QX-HHD-096,2026-03-07,,6.25
QX-FRZ-097,2024-10-06,2026-03-15,6.60
QX-FRZ-097,2026-03-15,2026-03-15,6.85
QX-FRZ-097,2026-03-15,2026-03-15,7.31
QX-FRZ-097,2026-03-15,,7.71
QX-HBC-098,2025-02-02,2025-07-10,9.07
QX-HBC-098,2025-07-10,2025-07-21,9.44
QX-HBC-098,2025-07-21,2025-11-24,10.11
QX-HBC-098,2025-11-24,2025-11-24,10.87
QX-HBC-098,2025-11-24,,10.89
QX-BAK-099,2024-02-26,2025-12-07,3.12
QX-BAK-099,2025-12-07,,3.28
QX-HHD-100,2024-05-31,2025-11-26,8.07
QX-HHD-100,2025-11-26,2025-11-26,8.43
QX-HHD-100,2025-11-26,,8.98
QX-PET-101,2023-11-16,2025-09-12,3.38
QX-PET-101,2025-09-12,2025-09-12,3.45
QX-PET-101,2025-09-12,2026-03-31,3.63
QX-PET-101,2026-03-31,,3.97
QX-DRY-104,2024-08-05,2025-09-10,3.94
QX-DRY-104,2025-09-10,2025-10-02,4.15
QX-DRY-104,2025-10-02,2025-10-25,4.20
QX-DRY-104,2025-10-25,2025-10-25,4.51
QX-DRY-104,2025-10-25,,4.71
QX-BAK-105,2024-09-30,2025-08-27,3.29
QX-BAK-105,2025-08-27,2025-09-05,3.58
QX-BAK-105,2025-09-05,2025-09-05,3.74
QX-BAK-105,2025-09-05,2025-11-24,3.83
QX-BAK-105,2025-11-24,2025-11-24,3.95
QX-BAK-105,2025-11-24,,3.67
QX-FRZ-106,2025-05-20,2025-09-10,5.32
QX-FRZ-106,2025-09-10,2025-09-10,5.52
QX-FRZ-106,2025-09-10,2026-01-02,5.94
QX-FRZ-106,2026-01-02,2026-01-02,6.06
QX-FRZ-106,2026-01-02,,5.78
QX-HBC-107,2024-02-16,2026-01-28,6.42
QX-HBC-107,2026-01-28,2026-01-28,6.66
QX-HBC-107,2026-01-28,2026-01-28,6.87
QX-HBC-107,2026-01-28,2026-01-28,6.98
QX-HBC-107,2026-01-28,2026-01-28,7.07
QX-HBC-107,2026-01-28,,6.83
QX-CER-108,2024-01-06,2025-12-16,3.63
QX-CER-108,2025-12-16,,4.29
QX-DRY-109,2024-12-01,2025-09-02,5.41
QX-DRY-109,2025-09-02,2026-03-22,5.55
QX-DRY-109,2026-03-22,2026-03-22,5.97
QX-DRY-109,2026-03-22,,6.07
QX-TIN-110,2024-06-12,2025-09-19,0.63
QX-TIN-110,2025-09-19,2025-09-19,0.68
QX-TIN-110,2025-09-19,2025-12-06,0.71
QX-TIN-110,2025-12-06,2026-01-28,0.76
QX-TIN-110,2026-01-28,,0.70
QX-BWS-111,2024-10-05,2026-02-11,9.93
QX-BWS-111,2026-02-11,2026-02-11,10.59
QX-BWS-111,2026-02-11,2026-02-13,11.13
QX-BWS-111,2026-02-13,2026-02-13,11.80
QX-BWS-111,2026-02-13,,10.83
QX-DRY-112,2024-01-01,2025-06-30,5.67
QX-DRY-112,2025-06-30,2025-08-11,6.04
QX-DRY-112,2025-08-11,2025-08-11,6.29
QX-DRY-112,2025-08-11,,6.59
QX-DRK-113,2024-09-07,2026-02-19,3.68
QX-DRK-113,2026-02-19,2026-02-19,3.74
QX-DRK-113,2026-02-19,,3.92
QX-BWS-114,2024-04-21,2025-07-10,6.04
QX-BWS-114,2025-07-10,2026-03-16,6.13
QX-BWS-114,2026-03-16,2026-03-16,6.44
QX-BWS-114,2026-03-16,,6.69
QX-DRK-115,2023-11-13,2025-10-30,0.72
QX-DRK-115,2025-10-30,,0.83
QX-BWS-116,2024-05-19,2025-09-27,29.04
QX-BWS-116,2025-09-27,2025-09-27,29.59
QX-BWS-116,2025-09-27,2025-09-27,31.97
QX-BWS-116,2025-09-27,2025-10-07,32.50
QX-BWS-116,2025-10-07,,31.68
QX-HHD-117,2024-05-06,2026-02-09,9.96
QX-HHD-117,2026-02-09,2026-02-09,10.10
QX-HHD-117,2026-02-09,,10.78
QX-DRK-118,2023-11-07,2025-11-20,3.80
QX-DRK-118,2025-11-20,2025-11-20,3.93
QX-DRK-118,2025-11-20,,4.18
QX-HHD-119,2024-06-29,2026-01-22,2.77
QX-HHD-119,2026-01-22,2026-01-22,2.81
QX-HHD-119,2026-01-22,,2.98
QX-BAK-120,2024-09-05,2025-07-04,4.31
QX-BAK-120,2025-07-04,2025-07-04,4.61
QX-BAK-120,2025-07-04,2025-09-05,4.68
QX-BAK-120,2025-09-05,2025-10-08,5.03
QX-BAK-120,2025-10-08,2026-01-23,5.13
QX-BAK-120,2026-01-23,,4.94
QX-PRO-121,2025-01-23,2026-02-01,2.22
QX-PRO-121,2026-02-01,2026-02-01,2.34
QX-PRO-121,2026-02-01,2026-02-01,2.41
QX-PRO-121,2026-02-01,2026-03-15,2.60
QX-PRO-121,2026-03-15,,2.48
QX-TIN-122,2024-11-20,2025-07-14,2.17
QX-TIN-122,2025-07-14,2025-12-13,2.32
QX-TIN-122,2025-12-13,2026-03-13,2.51
QX-TIN-122,2026-03-13,2026-03-13,2.62
QX-TIN-122,2026-03-13,2026-03-13,2.69
QX-TIN-122,2026-03-13,2026-03-13,2.87
QX-TIN-122,2026-03-13,,2.64
QX-PET-123,2024-07-11,2025-07-07,2.26
QX-PET-123,2025-07-07,2026-02-27,2.28
QX-PET-123,2026-02-27,,2.47
QX-DRK-124,2024-08-29,2026-01-31,1.65
QX-DRK-124,2026-01-31,2026-02-06,1.80
QX-DRK-124,2026-02-06,2026-02-06,1.90
QX-DRK-124,2026-02-06,2026-03-18,2.04
QX-DRK-124,2026-03-18,,1.97
QX-HBC-125,2023-12-05,2025-11-14,13.51
QX-HBC-125,2025-11-14,2026-02-06,14.17
QX-HBC-125,2026-02-06,2026-02-21,14.34
QX-HBC-125,2026-02-21,2026-02-21,15.41
QX-HBC-125,2026-02-21,2026-02-21,15.76
QX-HBC-125,2026-02-21,,14.24
QX-DRY-126,2024-11-19,2026-02-22,2.40
QX-DRY-126,2026-02-22,2026-02-22,2.51
QX-DRY-126,2026-02-22,2026-02-22,2.58
QX-DRY-126,2026-02-22,2026-02-22,2.69
QX-DRY-126,2026-02-22,,2.82
QX-BAK-127,2024-04-26,2026-03-30,7.29
QX-BAK-127,2026-03-30,2026-03-30,7.79
QX-BAK-127,2026-03-30,2026-03-30,8.46
QX-BAK-127,2026-03-30,2026-03-30,9.09
QX-BAK-127,2026-03-30,2026-03-30,9.24
QX-BAK-127,2026-03-30,2026-03-30,9.37
QX-BAK-127,2026-03-30,,8.57
QX-PRO-128,2024-07-15,2026-02-19,2.29
QX-PRO-128,2026-02-19,2026-03-30,2.35
QX-PRO-128,2026-03-30,2026-03-30,2.42
QX-PRO-128,2026-03-30,2026-03-30,2.54
QX-PRO-128,2026-03-30,2026-03-30,2.69
QX-PRO-128,2026-03-30,,2.58
QX-BWS-129,2024-12-20,2025-09-07,25.80
QX-BWS-129,2025-09-07,2026-03-23,26.54
QX-BWS-129,2026-03-23,,28.64
QX-DRK-130,2025-01-01,2025-09-20,2.49
QX-DRK-130,2025-09-20,2025-10-31,2.53
QX-DRK-130,2025-10-31,2026-01-23,2.62
QX-DRK-130,2026-01-23,2026-01-23,2.71
QX-DRK-130,2026-01-23,2026-01-23,2.84
QX-DRK-130,2026-01-23,,2.81
QX-PET-131,2025-01-28,2025-12-16,3.31
QX-PET-131,2025-12-16,,3.80
QX-CER-132,2024-02-16,2026-01-21,1.04
QX-CER-132,2026-01-21,,1.25
QX-DRK-133,2024-09-12,2025-09-09,3.91
QX-DRK-133,2025-09-09,2025-10-21,4.26
QX-DRK-133,2025-10-21,,4.09
QX-CER-134,2025-03-19,2025-08-25,1.30
QX-CER-134,2025-08-25,2025-11-03,1.35
QX-CER-134,2025-11-03,2025-11-03,1.37
QX-CER-134,2025-11-03,2026-02-04,1.42
QX-CER-134,2026-02-04,,1.47
QX-BWS-135,2025-05-16,2025-12-15,5.17
QX-BWS-135,2025-12-15,2026-03-02,5.63
QX-BWS-135,2026-03-02,2026-03-11,6.03
QX-BWS-135,2026-03-11,2026-03-11,6.42
QX-BWS-135,2026-03-11,,5.43
QX-CHL-136,2024-02-17,2025-12-12,3.63
QX-CHL-136,2025-12-12,2025-12-12,3.81
QX-CHL-136,2025-12-12,,3.99
QX-TIN-137,2024-03-30,2025-12-02,1.79
QX-TIN-137,2025-12-02,,2.06
QX-BWS-138,2024-09-05,2025-09-12,15.81
QX-BWS-138,2025-09-12,2025-09-28,16.37
QX-BWS-138,2025-09-28,2026-01-30,16.69
QX-BWS-138,2026-01-30,2026-01-30,17.62
QX-BWS-138,2026-01-30,,16.52
QX-HHD-139,2024-11-24,2025-08-07,4.67
QX-HHD-139,2025-08-07,2026-03-26,5.03
QX-HHD-139,2026-03-26,,5.47
QX-TIN-140,2024-04-29,2025-06-30,1.92
QX-TIN-140,2025-06-30,2025-07-31,1.99
QX-TIN-140,2025-07-31,2025-08-05,2.12
QX-TIN-140,2025-08-05,2025-10-24,2.16
QX-TIN-140,2025-10-24,,2.33
QX-DRY-141,2024-10-19,2025-11-25,4.21
QX-DRY-141,2025-11-25,2025-12-15,4.26
QX-DRY-141,2025-12-15,2025-12-27,4.50
QX-DRY-141,2025-12-27,2025-12-27,4.79
QX-DRY-141,2025-12-27,2025-12-27,4.88
QX-DRY-141,2025-12-27,,4.99
QX-DRK-142,2023-10-29,2025-07-11,2.13
QX-DRK-142,2025-07-11,2025-11-21,2.31
QX-DRK-142,2025-11-21,2026-03-18,2.46
QX-DRK-142,2026-03-18,2026-03-18,2.64
QX-DRK-142,2026-03-18,2026-03-18,2.68
QX-DRK-142,2026-03-18,2026-03-18,2.83
QX-DRK-142,2026-03-18,,2.52
QX-FRZ-143,2025-05-04,2025-12-27,3.80
QX-FRZ-143,2025-12-27,2025-12-27,3.88
QX-FRZ-143,2025-12-27,,4.60
QX-DRK-144,2024-08-26,2026-02-04,0.54
QX-DRK-144,2026-02-04,,0.59
QX-FRZ-145,2023-11-15,2025-10-18,2.00
QX-FRZ-145,2025-10-18,2026-03-29,2.12
QX-FRZ-145,2026-03-29,2026-03-29,2.20
QX-FRZ-145,2026-03-29,,2.35
QX-PRO-146,2025-04-20,2025-09-23,3.71
QX-PRO-146,2025-09-23,2025-09-23,3.89
QX-PRO-146,2025-09-23,2026-01-29,4.01
QX-PRO-146,2026-01-29,2026-01-29,4.31
QX-PRO-146,2026-01-29,,4.46
QX-CHL-147,2024-12-02,2025-07-16,7.63
QX-CHL-147,2025-07-16,2025-12-04,8.13
QX-CHL-147,2025-12-04,2026-01-20,8.25
QX-CHL-147,2026-01-20,2026-01-20,8.59
QX-CHL-147,2026-01-20,2026-03-11,8.95
QX-CHL-147,2026-03-11,2026-03-11,9.05
QX-CHL-147,2026-03-11,,8.29
QX-HBC-148,2025-02-15,2025-11-09,12.31
QX-HBC-148,2025-11-09,,14.18
QX-TIN-149,2024-12-15,2026-01-30,1.64
QX-TIN-149,2026-01-30,2026-01-30,1.79
QX-TIN-149,2026-01-30,2026-01-30,1.87
QX-TIN-149,2026-01-30,2026-01-30,2.03
QX-TIN-149,2026-01-30,2026-03-21,2.14
QX-TIN-149,2026-03-21,,1.72
QX-PRO-150,2024-10-30,2025-11-30,1.88
QX-PRO-150,2025-11-30,2025-11-30,1.94
QX-PRO-150,2025-11-30,,2.16
QX-BWS-151,2024-09-20,2026-03-17,16.08
QX-BWS-151,2026-03-17,2026-03-23,17.28
QX-BWS-151,2026-03-23,2026-03-23,17.99
QX-BWS-151,2026-03-23,,18.40
QX-DRK-152,2024-05-03,2026-02-17,3.15
QX-DRK-152,2026-02-17,2026-02-17,3.31
QX-DRK-152,2026-02-17,2026-02-17,3.49
QX-DRK-152,2026-02-17,2026-02-17,3.74
QX-DRK-152,2026-02-17,2026-03-20,4.06
QX-DRK-152,2026-03-20,,3.49
QX-TIN-153,2023-12-04,2026-02-24,1.75
QX-TIN-153,2026-02-24,2026-02-24,1.85
QX-TIN-153,2026-02-24,2026-02-24,1.91
QX-TIN-153,2026-02-24,,1.98
QX-BAK-155,2024-01-06,2025-12-17,2.07
QX-BAK-155,2025-12-17,2026-03-06,2.14
QX-BAK-155,2026-03-06,,2.16
QX-DRY-156,2024-11-06,2025-08-21,2.33
QX-DRY-156,2025-08-21,2025-08-21,2.38
QX-DRY-156,2025-08-21,2025-08-21,2.50
QX-DRY-156,2025-08-21,,2.64
QX-PRO-157,2023-11-16,2026-01-01,2.23
QX-PRO-157,2026-01-01,2026-02-01,2.33
QX-PRO-157,2026-02-01,2026-03-16,2.35
QX-PRO-157,2026-03-16,2026-03-16,2.52
QX-PRO-157,2026-03-16,,2.57
QX-DRY-158,2024-01-04,2025-10-08,2.60
QX-DRY-158,2025-10-08,2026-01-13,2.64
QX-DRY-158,2026-01-13,,2.91
QX-TIN-159,2025-04-18,2025-10-18,1.92
QX-TIN-159,2025-10-18,,2.31
QX-CHL-160,2023-12-10,2025-11-20,6.72
QX-CHL-160,2025-11-20,2026-01-10,6.82
QX-CHL-160,2026-01-10,2026-01-10,7.39
QX-CHL-160,2026-01-10,,7.21
QX-FRZ-161,2024-11-30,2025-12-20,6.00
QX-FRZ-161,2025-12-20,2025-12-20,6.22
QX-FRZ-161,2025-12-20,2025-12-20,6.49
QX-FRZ-161,2025-12-20,2025-12-20,6.75
QX-FRZ-161,2025-12-20,,6.69
QX-BWS-162,2024-08-18,2026-03-15,33.08
QX-BWS-162,2026-03-15,2026-03-15,33.58
QX-BWS-162,2026-03-15,2026-03-15,35.73
QX-BWS-162,2026-03-15,2026-03-15,37.49
QX-BWS-162,2026-03-15,,35.15
QX-PRO-163,2023-12-06,2025-11-15,3.20
QX-PRO-163,2025-11-15,2025-11-15,3.26
QX-PRO-163,2025-11-15,2026-02-14,3.46
QX-PRO-163,2026-02-14,2026-02-14,3.59
QX-PRO-163,2026-02-14,2026-02-14,3.80
QX-PRO-163,2026-02-14,,3.57
QX-DRK-164,2024-11-26,2025-10-04,2.74
QX-DRK-164,2025-10-04,2025-10-04,2.94
QX-DRK-164,2025-10-04,2025-10-04,3.17
QX-DRK-164,2025-10-04,,3.15
QX-BAK-165,2024-05-23,2025-10-04,1.34
QX-BAK-165,2025-10-04,2025-10-07,1.36
QX-BAK-165,2025-10-07,2025-12-25,1.38
QX-BAK-165,2025-12-25,2025-12-25,1.48
QX-BAK-165,2025-12-25,,1.50
QX-BWS-167,2025-02-15,2025-09-21,17.19
QX-BWS-167,2025-09-21,2025-11-03,18.12
QX-BWS-167,2025-11-03,2025-11-03,18.56
QX-BWS-167,2025-11-03,2026-02-25,18.89
QX-BWS-167,2026-02-25,,20.30
QX-HHD-168,2025-02-03,2025-07-09,2.14
QX-HHD-168,2025-07-09,2025-11-18,2.22
QX-HHD-168,2025-11-18,,2.56
QX-HBC-169,2024-09-20,2026-02-08,8.62
QX-HBC-169,2026-02-08,,9.56
QX-HHD-170,2024-10-22,2026-01-02,3.98
QX-HHD-170,2026-01-02,2026-03-10,4.04
QX-HHD-170,2026-03-10,2026-03-10,4.25
QX-HHD-170,2026-03-10,2026-03-10,4.50
QX-HHD-170,2026-03-10,,4.27
QX-PRO-171,2024-11-10,2026-02-21,3.53
QX-PRO-171,2026-02-21,2026-02-21,3.59
QX-PRO-171,2026-02-21,2026-02-21,3.78
QX-PRO-171,2026-02-21,2026-03-15,3.83
QX-PRO-171,2026-03-15,2026-03-15,3.94
QX-PRO-171,2026-03-15,2026-03-15,4.10
QX-PRO-171,2026-03-15,,3.88
QX-CHL-172,2024-05-04,2025-10-07,3.82
QX-CHL-172,2025-10-07,2026-03-05,4.05
QX-CHL-172,2026-03-05,2026-03-05,4.14
QX-CHL-172,2026-03-05,2026-03-05,4.19
QX-CHL-172,2026-03-05,2026-03-05,4.52
QX-CHL-172,2026-03-05,2026-03-05,4.89
QX-CHL-172,2026-03-05,,4.40
QX-HHD-173,2024-05-27,2025-11-30,7.38
QX-HHD-173,2025-11-30,2025-12-27,7.69
QX-HHD-173,2025-12-27,2025-12-27,8.23
QX-HHD-173,2025-12-27,,8.36
QX-BAK-174,2024-03-27,2026-03-10,1.20
QX-BAK-174,2026-03-10,2026-03-10,1.28
QX-BAK-174,2026-03-10,2026-03-10,1.35
QX-BAK-174,2026-03-10,2026-03-10,1.37
QX-BAK-174,2026-03-10,,1.45
QX-TIN-175,2024-08-10,2026-01-02,1.06
QX-TIN-175,2026-01-02,2026-01-02,1.13
QX-TIN-175,2026-01-02,,1.25
QX-DRK-176,2024-04-11,2025-10-30,1.07
QX-DRK-176,2025-10-30,2025-10-30,1.16
QX-DRK-176,2025-10-30,2025-10-30,1.21
QX-DRK-176,2025-10-30,2025-10-30,1.28
QX-DRK-176,2025-10-30,,1.18
QX-DRK-177,2024-05-13,2026-02-18,4.89
QX-DRK-177,2026-02-18,2026-02-18,5.09
QX-DRK-177,2026-02-18,2026-02-18,5.37
QX-DRK-177,2026-02-18,2026-03-21,5.60
QX-DRK-177,2026-03-21,2026-03-21,5.80
QX-DRK-177,2026-03-21,,5.59
QX-CER-178,2024-05-16,2026-02-12,3.01
QX-CER-178,2026-02-12,2026-02-12,3.10
QX-CER-178,2026-02-12,2026-02-12,3.37
QX-CER-178,2026-02-12,2026-03-04,3.55
QX-CER-178,2026-03-04,2026-03-24,3.77
QX-CER-178,2026-03-24,,3.40
QX-HHD-179,2025-05-19,2026-01-04,10.93
QX-HHD-179,2026-01-04,2026-01-31,11.88
QX-HHD-179,2026-01-31,2026-03-23,12.87
QX-HHD-179,2026-03-23,2026-03-23,13.47
QX-HHD-179,2026-03-23,2026-03-23,14.66
QX-HHD-179,2026-03-23,,11.71
QX-CHL-180,2024-05-02,2025-10-21,2.35
QX-CHL-180,2025-10-21,2025-10-21,2.38
QX-CHL-180,2025-10-21,2026-03-13,2.58
QX-CHL-180,2026-03-13,2026-03-13,2.77
QX-CHL-180,2026-03-13,2026-03-13,2.94
QX-CHL-180,2026-03-13,,2.65
QX-PET-181,2023-11-13,2026-01-25,6.37
QX-PET-181,2026-01-25,2026-01-25,6.61
QX-PET-181,2026-01-25,2026-01-25,7.15
QX-PET-181,2026-01-25,2026-01-25,7.74
QX-PET-181,2026-01-25,2026-01-25,7.97
QX-PET-181,2026-01-25,,7.47
QX-HHD-182,2024-08-23,2025-09-25,7.59
QX-HHD-182,2025-09-25,2025-11-14,7.91
QX-HHD-182,2025-11-14,2026-02-20,8.34
QX-HHD-182,2026-02-20,,8.93
QX-DRY-183,2024-09-04,2025-07-08,1.78
QX-DRY-183,2025-07-08,2025-11-23,1.86
QX-DRY-183,2025-11-23,2026-01-10,1.88
QX-DRY-183,2026-01-10,2026-01-10,1.95
QX-DRY-183,2026-01-10,2026-01-10,1.98
QX-DRY-183,2026-01-10,,2.14
QX-BAK-184,2024-08-03,2025-12-17,6.12
QX-BAK-184,2025-12-17,2025-12-17,6.20
QX-BAK-184,2025-12-17,,6.84
QX-FRZ-185,2025-05-21,2025-10-05,1.95
QX-FRZ-185,2025-10-05,2026-01-10,2.06
QX-FRZ-185,2026-01-10,2026-01-10,2.11
QX-FRZ-185,2026-01-10,2026-02-07,2.29
QX-FRZ-185,2026-02-07,,2.06
QX-CHL-186,2025-02-07,2025-07-25,10.48
QX-CHL-186,2025-07-25,2025-12-01,11.15
QX-CHL-186,2025-12-01,2025-12-01,11.70
QX-CHL-186,2025-12-01,2026-01-26,12.19
QX-CHL-186,2026-01-26,2026-01-26,12.89
QX-CHL-186,2026-01-26,2026-01-26,13.16
QX-CHL-186,2026-01-26,,11.47
QX-HBC-187,2023-12-02,2025-12-05,12.65
QX-HBC-187,2025-12-05,2025-12-27,13.49
QX-HBC-187,2025-12-27,2026-02-06,13.72
QX-HBC-187,2026-02-06,2026-02-06,14.45
QX-HBC-187,2026-02-06,,13.61
QX-BAK-188,2024-07-01,2026-03-27,1.87
QX-BAK-188,2026-03-27,2026-03-27,1.93
QX-BAK-188,2026-03-27,2026-03-27,2.06
QX-BAK-188,2026-03-27,2026-03-27,2.17
QX-BAK-188,2026-03-27,2026-03-27,2.32
QX-BAK-188,2026-03-27,,2.22
QX-HBC-189,2024-01-06,2025-12-20,8.53
QX-HBC-189,2025-12-20,2025-12-27,8.91
QX-HBC-189,2025-12-27,2025-12-27,9.50
QX-HBC-189,2025-12-27,,9.44
QX-DRY-191,2023-12-23,2026-03-31,3.43
QX-DRY-191,2026-03-31,2026-03-31,3.68
QX-DRY-191,2026-03-31,2026-03-31,3.98
QX-DRY-191,2026-03-31,2026-03-31,4.06
QX-DRY-191,2026-03-31,2026-03-31,4.19
QX-DRY-191,2026-03-31,,4.00
QX-PET-192,2025-01-21,2025-07-19,4.28
QX-PET-192,2025-07-19,,4.86
QX-DRY-193,2023-11-28,2025-12-27,3.96
QX-DRY-193,2025-12-27,2026-01-02,4.30
QX-DRY-193,2026-01-02,,4.42
QX-HBC-194,2024-07-18,2026-03-01,1.73
QX-HBC-194,2026-03-01,2026-03-01,1.78
QX-HBC-194,2026-03-01,2026-03-01,1.88
QX-HBC-194,2026-03-01,2026-03-01,1.97
QX-HBC-194,2026-03-01,,1.87
QX-CHL-195,2025-03-17,2025-10-20,6.77
QX-CHL-195,2025-10-20,2025-10-20,6.87
QX-CHL-195,2025-10-20,,7.42
QX-DRY-196,2025-02-02,2025-07-24,3.56
QX-DRY-196,2025-07-24,2025-11-07,3.86
QX-DRY-196,2025-11-07,2026-01-07,3.94
QX-DRY-196,2026-01-07,2026-01-07,4.22
QX-DRY-196,2026-01-07,,3.85
QX-HHD-197,2024-09-16,2025-11-14,1.62
QX-HHD-197,2025-11-14,2025-11-14,1.66
QX-HHD-197,2025-11-14,2025-11-14,1.71
QX-HHD-197,2025-11-14,2025-11-14,1.75
QX-HHD-197,2025-11-14,,1.77
QX-BAK-198,2024-10-05,2025-10-30,4.57
QX-BAK-198,2025-10-30,2026-01-12,4.94
QX-BAK-198,2026-01-12,2026-01-12,5.24
QX-BAK-198,2026-01-12,2026-02-07,5.37
QX-BAK-198,2026-02-07,2026-02-07,5.57
QX-BAK-198,2026-02-07,,5.42
QX-DRY-199,2025-05-08,2025-12-09,4.68
QX-DRY-199,2025-12-09,2025-12-09,5.07
QX-DRY-199,2025-12-09,2025-12-14,5.32
QX-DRY-199,2025-12-14,2025-12-14,5.39
QX-DRY-199,2025-12-14,2025-12-23,5.70
QX-DRY-199,2025-12-23,,5.48
QX-PRO-200,2024-02-29,2026-02-11,2.65
QX-PRO-200,2026-02-11,2026-03-31,2.69
QX-PRO-200,2026-03-31,2026-03-31,2.76
QX-PRO-200,2026-03-31,2026-03-31,2.89
QX-PRO-200,2026-03-31,2026-03-31,3.05
QX-PRO-200,2026-03-31,,2.89
QX-TIN-202,2024-09-02,2025-09-26,1.02
QX-TIN-202,2025-09-26,2025-09-26,1.10
QX-TIN-202,2025-09-26,2026-03-27,1.18
QX-TIN-202,2026-03-27,,1.09
QX-HHD-203,2024-10-29,2025-11-22,9.98
QX-HHD-203,2025-11-22,2025-12-18,10.74
QX-HHD-203,2025-12-18,2025-12-18,11.35
QX-HHD-203,2025-12-18,2025-12-18,11.79
QX-HHD-203,2025-12-18,,11.07
QX-CHL-205,2023-11-16,2026-01-10,5.69
QX-CHL-205,2026-01-10,2026-01-10,6.20
QX-CHL-205,2026-01-10,2026-01-25,6.48
QX-CHL-205,2026-01-25,2026-01-25,6.74
QX-CHL-205,2026-01-25,2026-02-18,7.23
QX-CHL-205,2026-02-18,,6.94
QX-HHD-206,2025-01-31,2025-09-07,3.88
QX-HHD-206,2025-09-07,2025-10-20,4.06
QX-HHD-206,2025-10-20,2026-02-23,4.23
QX-HHD-206,2026-02-23,2026-02-23,4.51
QX-HHD-206,2026-02-23,,4.50
QX-CHL-207,2024-09-09,2025-11-03,2.66
QX-CHL-207,2025-11-03,2025-11-03,2.86
QX-CHL-207,2025-11-03,,2.94
QX-HBC-208,2024-10-04,2025-07-16,2.00
QX-HBC-208,2025-07-16,2025-09-10,2.09
QX-HBC-208,2025-09-10,2026-03-12,2.27
QX-HBC-208,2026-03-12,,2.24
QX-DRK-209,2025-02-27,2026-02-22,4.69
QX-DRK-209,2026-02-22,2026-02-22,5.10
QX-DRK-209,2026-02-22,2026-02-22,5.17
QX-DRK-209,2026-02-22,2026-02-22,5.44
QX-DRK-209,2026-02-22,2026-03-11,5.83
QX-DRK-209,2026-03-11,,5.64
QX-TIN-210,2025-06-02,2026-01-07,0.72
QX-TIN-210,2026-01-07,2026-01-07,0.78
QX-TIN-210,2026-01-07,2026-01-07,0.85
QX-TIN-210,2026-01-07,,0.77
QX-CHL-211,2025-02-04,2026-02-24,1.72
QX-CHL-211,2026-02-24,2026-02-24,1.84
QX-CHL-211,2026-02-24,2026-02-24,1.96
QX-CHL-211,2026-02-24,2026-02-24,2.02
QX-CHL-211,2026-02-24,2026-03-26,2.16
QX-CHL-211,2026-03-26,,1.95
QX-CER-213,2024-05-16,2026-03-31,2.55
QX-CER-213,2026-03-31,2026-03-31,2.58
QX-CER-213,2026-03-31,2026-03-31,2.68
QX-CER-213,2026-03-31,2026-03-31,2.91
QX-CER-213,2026-03-31,2026-03-31,3.15
QX-CER-213,2026-03-31,,2.92
QX-BAK-217,2025-05-12,2026-02-03,4.13
QX-BAK-217,2026-02-03,2026-02-03,4.28
QX-BAK-217,2026-02-03,2026-02-03,4.63
QX-BAK-217,2026-02-03,2026-02-03,4.81
QX-BAK-217,2026-02-03,,4.53
QX-HBC-220,2024-02-11,2025-12-27,4.05
QX-HBC-220,2025-12-27,2026-03-31,4.40
QX-HBC-220,2026-03-31,2026-03-31,4.47
QX-HBC-220,2026-03-31,2026-03-31,4.87
QX-HBC-220,2026-03-31,2026-03-31,5.04
QX-HBC-220,2026-03-31,2026-03-31,5.15
QX-HBC-220,2026-03-31,,4.46
QX-PET-221,2024-06-12,2026-01-21,8.79
QX-PET-221,2026-01-21,2026-01-21,9.51
QX-PET-221,2026-01-21,2026-01-21,10.34
QX-PET-221,2026-01-21,2026-02-08,11.19
QX-PET-221,2026-02-08,,10.23
QX-HBC-222,2025-04-27,2026-02-18,9.65
QX-HBC-222,2026-02-18,2026-02-18,10.45
QX-HBC-222,2026-02-18,,11.14
QX-DRY-224,2024-03-28,2025-12-13,5.75
QX-DRY-224,2025-12-13,,6.49
QX-HHD-225,2025-02-18,2026-01-05,6.29
QX-HHD-225,2026-01-05,,6.58
QX-CER-228,2025-01-23,2026-01-17,2.81
QX-CER-228,2026-01-17,2026-01-21,2.86
QX-CER-228,2026-01-21,2026-01-27,2.97
QX-CER-228,2026-01-27,2026-01-27,3.09
QX-CER-228,2026-01-27,2026-01-27,3.36
QX-CER-228,2026-01-27,,3.11
QX-HHD-229,2025-02-16,2025-08-09,9.40
QX-HHD-229,2025-08-09,2025-12-30,9.84
QX-HHD-229,2025-12-30,2025-12-30,10.61
QX-HHD-229,2025-12-30,2025-12-30,10.86
QX-HHD-229,2025-12-30,2026-01-05,11.62
QX-HHD-229,2026-01-05,,10.96
QX-BWS-230,2024-05-17,2025-07-10,4.59
QX-BWS-230,2025-07-10,2025-08-15,4.81
QX-BWS-230,2025-08-15,2026-03-01,4.96
QX-BWS-230,2026-03-01,,5.54
QX-HHD-231,2025-04-22,2025-12-01,6.41
QX-HHD-231,2025-12-01,2026-01-02,6.89
QX-HHD-231,2026-01-02,2026-01-02,7.44
QX-HHD-231,2026-01-02,2026-03-20,7.84
QX-HHD-231,2026-03-20,2026-03-20,8.10
QX-HHD-231,2026-03-20,,7.40
QX-CHL-232,2023-11-26,2025-12-04,12.28
QX-CHL-232,2025-12-04,2025-12-04,13.00
QX-CHL-232,2025-12-04,,13.61
QX-CHL-233,2024-10-20,2025-12-13,15.35
QX-CHL-233,2025-12-13,2025-12-26,16.05
QX-CHL-233,2025-12-26,2025-12-26,17.19
QX-CHL-233,2025-12-26,2025-12-26,18.16
QX-CHL-233,2025-12-26,2025-12-26,18.96
QX-CHL-233,2025-12-26,,18.39
QX-PET-234,2024-10-30,2025-07-19,1.63
QX-PET-234,2025-07-19,2026-03-18,1.75
QX-PET-234,2026-03-18,2026-03-18,1.77
QX-PET-234,2026-03-18,2026-03-18,1.84
QX-PET-234,2026-03-18,,1.83
QX-BAK-235,2023-12-19,2026-01-21,3.25
QX-BAK-235,2026-01-21,2026-01-21,3.50
QX-BAK-235,2026-01-21,2026-01-21,3.67
QX-BAK-235,2026-01-21,,3.41
QX-BWS-236,2024-05-06,2026-03-15,26.01
QX-BWS-236,2026-03-15,2026-03-15,27.50
QX-BWS-236,2026-03-15,,28.64
QX-BWS-237,2024-09-29,2025-10-07,15.84
QX-BWS-237,2025-10-07,2025-10-07,16.51
QX-BWS-237,2025-10-07,2025-11-20,17.58
QX-BWS-237,2025-11-20,2026-02-25,18.54
QX-BWS-237,2026-02-25,2026-02-25,19.73
QX-BWS-237,2026-02-25,,17.35
QX-HHD-238,2024-01-15,2025-09-15,1.82
QX-HHD-238,2025-09-15,2026-01-02,1.94
QX-HHD-238,2026-01-02,,2.12
QX-FRZ-240,2023-11-16,2025-12-04,4.11
QX-FRZ-240,2025-12-04,,4.43
QX-DRY-241,2024-05-04,2026-01-28,5.60
QX-DRY-241,2026-01-28,2026-01-28,5.90
QX-DRY-241,2026-01-28,2026-01-28,6.01
QX-DRY-241,2026-01-28,2026-02-05,6.46
QX-DRY-241,2026-02-05,2026-02-05,6.55
QX-DRY-241,2026-02-05,,6.55
QX-CHL-242,2024-08-20,2025-10-19,12.78
QX-CHL-242,2025-10-19,2026-01-16,13.74
QX-CHL-242,2026-01-16,2026-01-16,14.07
QX-CHL-242,2026-01-16,2026-02-12,14.38
QX-CHL-242,2026-02-12,2026-02-12,15.42
QX-CHL-242,2026-02-12,,15.04
QX-DRK-243,2024-05-15,2025-08-24,0.72
QX-DRK-243,2025-08-24,2026-02-14,0.77
QX-DRK-243,2026-02-14,2026-02-14,0.83
QX-DRK-243,2026-02-14,2026-02-14,0.88
QX-DRK-243,2026-02-14,,0.83
QX-DRK-244,2024-06-11,2025-10-11,1.57
QX-DRK-244,2025-10-11,2026-03-13,1.65
QX-DRK-244,2026-03-13,2026-03-13,1.71
QX-DRK-244,2026-03-13,2026-03-13,1.74
QX-DRK-244,2026-03-13,2026-03-13,1.79
QX-DRK-244,2026-03-13,,1.70
QX-CER-245,2025-03-14,2025-07-12,2.74
QX-CER-245,2025-07-12,2025-07-21,2.77
QX-CER-245,2025-07-21,2026-02-28,3.00
QX-CER-245,2026-02-28,,3.11
QX-CHL-246,2024-10-31,2025-08-03,7.01
QX-CHL-246,2025-08-03,2026-02-12,7.44
QX-CHL-246,2026-02-12,,7.35
QX-DRY-247,2024-02-16,2026-02-23,5.05
QX-DRY-247,2026-02-23,2026-02-23,5.27
QX-DRY-247,2026-02-23,2026-02-23,5.48
QX-DRY-247,2026-02-23,2026-02-23,5.82
QX-DRY-247,2026-02-23,,5.43
QX-HBC-248,2025-05-05,2025-09-17,9.95
QX-HBC-248,2025-09-17,2025-10-22,10.57
QX-HBC-248,2025-10-22,2025-11-07,10.84
QX-HBC-248,2025-11-07,2026-01-09,11.45
QX-HBC-248,2026-01-09,,10.62
QX-HHD-249,2025-04-08,2025-09-24,5.25
QX-HHD-249,2025-09-24,2026-02-18,5.45
QX-HHD-249,2026-02-18,2026-02-18,5.76
QX-HHD-249,2026-02-18,,5.55
QX-CER-250,2024-01-21,2025-08-21,1.92
QX-CER-250,2025-08-21,2026-01-23,2.05
QX-CER-250,2026-01-23,2026-01-23,2.10
QX-CER-250,2026-01-23,,2.15
QX-CER-251,2024-05-17,2025-11-04,1.60
QX-CER-251,2025-11-04,2025-11-04,1.70
QX-CER-251,2025-11-04,2026-03-28,1.84
QX-CER-251,2026-03-28,2026-03-28,2.00
QX-CER-251,2026-03-28,2026-03-28,2.17
QX-CER-251,2026-03-28,,1.88
QX-BAK-252,2025-04-13,2026-03-13,2.90
QX-BAK-252,2026-03-13,2026-03-13,2.95
QX-BAK-252,2026-03-13,2026-03-13,3.07
QX-BAK-252,2026-03-13,2026-03-13,3.22
QX-BAK-252,2026-03-13,2026-03-13,3.26
QX-BAK-252,2026-03-13,,3.24
QX-CHL-253,2025-02-10,2025-09-17,7.29
QX-CHL-253,2025-09-17,2025-11-21,7.87
QX-CHL-253,2025-11-21,,8.47
QX-BAK-254,2024-11-14,2026-01-13,2.93
QX-BAK-254,2026-01-13,2026-01-13,3.04
QX-BAK-254,2026-01-13,2026-01-13,3.30
QX-BAK-254,2026-01-13,,3.36
QX-FRZ-255,2023-12-11,2026-01-28,6.20
QX-FRZ-255,2026-01-28,2026-01-28,6.71
QX-FRZ-255,2026-01-28,2026-01-28,6.98
QX-FRZ-255,2026-01-28,,6.97
QX-DRK-256,2024-08-20,2025-09-02,2.06
QX-DRK-256,2025-09-02,2025-09-02,2.13
QX-DRK-256,2025-09-02,2025-11-30,2.28
QX-DRK-256,2025-11-30,2026-01-12,2.39
QX-DRK-256,2026-01-12,2026-03-23,2.51
QX-DRK-256,2026-03-23,,2.17
QX-TIN-257,2023-11-18,2026-03-31,2.27
QX-TIN-257,2026-03-31,2026-03-31,2.36
QX-TIN-257,2026-03-31,2026-03-31,2.55
QX-TIN-257,2026-03-31,2026-03-31,2.66
QX-TIN-257,2026-03-31,2026-03-31,2.80
QX-TIN-257,2026-03-31,,2.59
QX-DRY-258,2024-03-09,2026-03-21,2.39
QX-DRY-258,2026-03-21,2026-03-21,2.47
QX-DRY-258,2026-03-21,2026-03-21,2.62
QX-DRY-258,2026-03-21,2026-03-21,2.76
QX-DRY-258,2026-03-21,2026-03-21,2.91
QX-DRY-258,2026-03-21,2026-03-21,2.94
QX-DRY-258,2026-03-21,,2.84
QX-DRK-259,2024-03-21,2025-11-28,4.82
QX-DRK-259,2025-11-28,2025-11-28,5.07
QX-DRK-259,2025-11-28,,5.46
QX-PET-260,2024-03-30,2025-12-03,2.37
QX-PET-260,2025-12-03,2025-12-03,2.40
QX-PET-260,2025-12-03,2025-12-03,2.57
QX-PET-260,2025-12-03,2025-12-03,2.70
QX-PET-260,2025-12-03,2025-12-03,2.74
QX-PET-260,2025-12-03,,2.78
QX-DRY-261,2025-03-20,2025-09-07,2.02
QX-DRY-261,2025-09-07,2025-09-21,2.10
QX-DRY-261,2025-09-21,2026-03-10,2.18
QX-DRY-261,2026-03-10,2026-03-10,2.25
QX-DRY-261,2026-03-10,,2.15
QX-FRZ-262,2025-02-24,2025-08-16,7.31
QX-FRZ-262,2025-08-16,2025-09-25,7.55
QX-FRZ-262,2025-09-25,2025-09-29,7.65
QX-FRZ-262,2025-09-29,2026-01-04,8.30
QX-FRZ-262,2026-01-04,,7.88
QX-HHD-263,2024-11-30,2025-08-11,4.01
QX-HHD-263,2025-08-11,2025-09-09,4.23
QX-HHD-263,2025-09-09,2025-09-09,4.58
QX-HHD-263,2025-09-09,2026-01-13,4.66
QX-HHD-263,2026-01-13,2026-02-21,4.84
QX-HHD-263,2026-02-21,,4.61
QX-CER-264,2024-05-20,2026-02-20,3.54
QX-CER-264,2026-02-20,2026-02-20,3.82
QX-CER-264,2026-02-20,2026-02-20,3.90
QX-CER-264,2026-02-20,,3.93
QX-BWS-265,2025-03-28,2025-07-18,12.29
QX-BWS-265,2025-07-18,2026-01-29,12.61
QX-BWS-265,2026-01-29,,12.92
QX-BAK-268,2024-09-08,2025-12-03,6.47
QX-BAK-268,2025-12-03,2026-03-07,6.78
QX-BAK-268,2026-03-07,2026-03-07,7.31
QX-BAK-268,2026-03-07,2026-03-07,7.57
QX-BAK-268,2026-03-07,2026-03-07,8.02
QX-BAK-268,2026-03-07,,7.10
QX-PET-269,2024-06-30,2025-09-07,7.75
QX-PET-269,2025-09-07,2025-11-22,7.83
QX-PET-269,2025-11-22,2025-11-22,8.31
QX-PET-269,2025-11-22,2026-02-12,9.00
QX-PET-269,2026-02-12,2026-02-12,9.15
QX-PET-269,2026-02-12,,9.15
QX-BWS-270,2024-12-01,2026-01-29,19.40
QX-BWS-270,2026-01-29,2026-01-29,19.76
QX-BWS-270,2026-01-29,,21.32
QX-BWS-271,2025-03-26,2026-03-08,14.02
QX-BWS-271,2026-03-08,2026-03-08,14.44
QX-BWS-271,2026-03-08,2026-03-08,14.78
QX-BWS-271,2026-03-08,2026-03-08,15.24
QX-BWS-271,2026-03-08,2026-03-08,15.55
QX-BWS-271,2026-03-08,,16.63
QX-CER-272,2023-12-22,2026-01-06,4.12
QX-CER-272,2026-01-06,2026-01-06,4.38
QX-CER-272,2026-01-06,,4.72
QX-PRO-273,2023-12-18,2026-01-22,2.98
QX-PRO-273,2026-01-22,2026-01-24,3.08
QX-PRO-273,2026-01-24,,3.21
QX-DRY-274,2024-07-02,2025-12-20,5.54
QX-DRY-274,2025-12-20,2026-03-03,5.93
QX-DRY-274,2026-03-03,,6.57
QX-BAK-275,2024-02-06,2025-12-26,1.12
QX-BAK-275,2025-12-26,2025-12-26,1.16
QX-BAK-275,2025-12-26,2025-12-26,1.21
QX-BAK-275,2025-12-26,2025-12-26,1.27
QX-BAK-275,2025-12-26,,1.21
QX-CER-276,2024-09-21,2025-11-03,3.46
QX-CER-276,2025-11-03,2025-11-03,3.59
QX-CER-276,2025-11-03,2026-03-27,3.63
QX-CER-276,2026-03-27,2026-03-27,3.95
QX-CER-276,2026-03-27,2026-03-27,4.21
QX-CER-276,2026-03-27,2026-03-27,4.39
QX-CER-276,2026-03-27,,3.83
QX-TIN-277,2024-09-24,2025-08-09,1.53
QX-TIN-277,2025-08-09,2025-08-29,1.55
QX-TIN-277,2025-08-29,2025-10-27,1.67
QX-TIN-277,2025-10-27,2025-10-27,1.71
QX-TIN-277,2025-10-27,,1.78
QX-TIN-278,2024-12-20,2025-11-16,1.20
QX-TIN-278,2025-11-16,2025-11-16,1.31
QX-TIN-278,2025-11-16,2025-11-16,1.37
QX-TIN-278,2025-11-16,2025-12-21,1.39
QX-TIN-278,2025-12-21,2025-12-21,1.52
QX-TIN-278,2025-12-21,2025-12-21,1.62
QX-TIN-278,2025-12-21,,1.29
QX-DRK-279,2024-04-27,2025-07-28,4.37
QX-DRK-279,2025-07-28,2025-12-07,4.45
QX-DRK-279,2025-12-07,2026-02-05,4.81
QX-DRK-279,2026-02-05,,5.32
QX-HBC-280,2024-09-18,2026-01-13,8.94
QX-HBC-280,2026-01-13,2026-01-13,9.54
QX-HBC-280,2026-01-13,,9.82
QX-BWS-281,2025-06-02,2025-07-18,13.88
QX-BWS-281,2025-07-18,2026-03-27,15.09
QX-BWS-281,2026-03-27,,15.66
QX-DRY-282,2025-02-23,2025-12-07,5.68
QX-DRY-282,2025-12-07,2025-12-07,5.98
QX-DRY-282,2025-12-07,2025-12-07,6.20
QX-DRY-282,2025-12-07,2025-12-07,6.62
QX-DRY-282,2025-12-07,,6.12
QX-PET-284,2024-10-02,2025-09-04,6.64
QX-PET-284,2025-09-04,2025-11-18,6.79
QX-PET-284,2025-11-18,2025-12-02,7.31
QX-PET-284,2025-12-02,2025-12-02,7.96
QX-PET-284,2025-12-02,2026-01-05,8.66
QX-PET-284,2026-01-05,2026-01-05,9.26
QX-PET-284,2026-01-05,,6.96
QX-CER-285,2023-12-28,2026-02-22,1.38
QX-CER-285,2026-02-22,2026-02-22,1.40
QX-CER-285,2026-02-22,2026-02-22,1.46
QX-CER-285,2026-02-22,2026-02-22,1.53
QX-CER-285,2026-02-22,2026-02-22,1.60
QX-CER-285,2026-02-22,,1.63
QX-HHD-286,2024-01-04,2025-07-09,5.74
QX-HHD-286,2025-07-09,,6.79
QX-CER-288,2024-04-02,2025-08-01,1.47
QX-CER-288,2025-08-01,2025-08-17,1.52
QX-CER-288,2025-08-17,2025-09-21,1.54
QX-CER-288,2025-09-21,2026-02-01,1.57
QX-CER-288,2026-02-01,,1.55
QX-FRZ-290,2025-02-08,2026-01-11,6.92
QX-FRZ-290,2026-01-11,2026-01-11,7.25
QX-FRZ-290,2026-01-11,2026-02-10,7.65
QX-FRZ-290,2026-02-10,,8.03
QX-DRK-291,2025-02-06,2025-09-18,1.41
QX-DRK-291,2025-09-18,2025-12-21,1.43
QX-DRK-291,2025-12-21,,1.50
QX-HBC-294,2024-01-22,2025-09-08,1.32
QX-HBC-294,2025-09-08,2025-10-19,1.34
QX-HBC-294,2025-10-19,2025-10-19,1.39
QX-HBC-294,2025-10-19,2026-01-05,1.45
QX-HBC-294,2026-01-05,2026-03-02,1.57
QX-HBC-294,2026-03-02,,1.60
QX-HHD-295,2025-02-16,2026-03-06,2.99
QX-HHD-295,2026-03-06,2026-03-06,3.21
QX-HHD-295,2026-03-06,2026-03-06,3.42
QX-HHD-295,2026-03-06,,3.62
QX-CER-296,2024-05-06,2025-10-19,1.97
QX-CER-296,2025-10-19,,2.16
QX-HBC-297,2025-03-09,2026-02-10,1.56
QX-HBC-297,2026-02-10,2026-02-10,1.67
QX-HBC-297,2026-02-10,2026-03-13,1.69
QX-HBC-297,2026-03-13,2026-03-16,1.82
QX-HBC-297,2026-03-16,2026-03-16,1.97
QX-HBC-297,2026-03-16,,1.84
QX-TIN-298,2023-12-07,2026-03-22,2.36
QX-TIN-298,2026-03-22,2026-03-22,2.52
QX-TIN-298,2026-03-22,,2.63
QX-CHL-299,2024-08-06,2026-02-08,6.42
QX-CHL-299,2026-02-08,2026-02-08,6.79
QX-CHL-299,2026-02-08,2026-02-08,7.19
QX-CHL-299,2026-02-08,,6.91
QX-BWS-300,2023-12-21,2025-09-10,9.55
QX-BWS-300,2025-09-10,2025-09-10,10.30
QX-BWS-300,2025-09-10,2025-11-20,10.76
QX-BWS-300,2025-11-20,2025-12-08,11.22
QX-BWS-300,2025-12-08,2026-03-05,11.42
QX-BWS-300,2026-03-05,2026-03-05,12.31
QX-BWS-300,2026-03-05,,11.40
QX-HBC-303,2024-02-16,2026-03-09,9.20
QX-HBC-303,2026-03-09,2026-03-09,9.91
QX-HBC-303,2026-03-09,2026-03-09,10.74
QX-HBC-303,2026-03-09,2026-03-09,10.92
QX-HBC-303,2026-03-09,2026-03-09,11.39
QX-HBC-303,2026-03-09,,9.99
QX-CHL-304,2023-11-16,2026-01-02,12.59
QX-CHL-304,2026-01-02,2026-01-02,13.50
QX-CHL-304,2026-01-02,2026-03-28,13.95
QX-CHL-304,2026-03-28,2026-03-28,15.05
QX-CHL-304,2026-03-28,2026-03-28,15.52
QX-CHL-304,2026-03-28,,13.16
QX-DRY-305,2024-04-03,2025-12-17,0.86
QX-DRY-305,2025-12-17,2026-01-02,0.90
QX-DRY-305,2026-01-02,2026-03-15,0.93
QX-DRY-305,2026-03-15,2026-03-15,0.98
QX-DRY-305,2026-03-15,,1.05
QX-PRO-306,2024-02-21,2025-09-30,3.54
QX-PRO-306,2025-09-30,,3.78
QX-HBC-307,2025-03-15,2026-03-17,9.29
QX-HBC-307,2026-03-17,2026-03-17,10.04
QX-HBC-307,2026-03-17,2026-03-17,10.41
QX-HBC-307,2026-03-17,,10.13
QX-HHD-308,2024-04-09,2025-12-27,8.37
QX-HHD-308,2025-12-27,2026-03-20,8.52
QX-HHD-308,2026-03-20,2026-03-20,8.75
QX-HHD-308,2026-03-20,2026-03-20,9.49
QX-HHD-308,2026-03-20,,9.41
QX-BWS-311,2024-02-10,2025-08-10,35.15
QX-BWS-311,2025-08-10,2025-12-12,36.64
QX-BWS-311,2025-12-12,2025-12-12,38.17
QX-BWS-311,2025-12-12,,37.47
QX-DRK-312,2024-05-05,2025-09-24,0.70
QX-DRK-312,2025-09-24,2025-10-24,0.76
QX-DRK-312,2025-10-24,2025-10-24,0.81
QX-DRK-312,2025-10-24,2025-10-24,0.85
QX-DRK-312,2025-10-24,2026-02-22,0.87
QX-DRK-312,2026-02-22,,0.78
QX-CHL-313,2025-03-15,2026-01-21,5.29
QX-CHL-313,2026-01-21,2026-01-21,5.67
QX-CHL-313,2026-01-21,2026-01-21,6.06
QX-CHL-313,2026-01-21,2026-01-21,6.13
QX-CHL-313,2026-01-21,2026-02-15,6.51
QX-CHL-313,2026-02-15,2026-02-15,6.88
QX-CHL-313,2026-02-15,,6.16
QX-PRO-315,2025-03-11,2025-12-21,2.99
QX-PRO-315,2025-12-21,2026-01-11,3.13
QX-PRO-315,2026-01-11,2026-01-11,3.36
QX-PRO-315,2026-01-11,2026-02-01,3.53
QX-PRO-315,2026-02-01,2026-02-01,3.84
QX-PRO-315,2026-02-01,,3.27
QX-BAK-316,2025-01-04,2025-10-20,6.00
QX-BAK-316,2025-10-20,2026-01-20,6.35
QX-BAK-316,2026-01-20,2026-01-20,6.90
QX-BAK-316,2026-01-20,2026-01-20,7.15
QX-BAK-316,2026-01-20,2026-02-20,7.49
QX-BAK-316,2026-02-20,2026-02-20,7.86
QX-BAK-316,2026-02-20,,6.42
QX-TIN-317,2024-08-26,2025-10-12,0.97
QX-TIN-317,2025-10-12,2025-10-12,1.02
QX-TIN-317,2025-10-12,2025-11-23,1.07
QX-TIN-317,2025-11-23,,1.11
QX-CHL-318,2024-11-02,2025-10-13,0.87
QX-CHL-318,2025-10-13,2026-02-18,0.93
QX-CHL-318,2026-02-18,,1.00
QX-BWS-319,2023-12-26,2026-01-24,29.84
QX-BWS-319,2026-01-24,2026-01-24,30.81
QX-BWS-319,2026-01-24,2026-01-24,31.28
QX-BWS-319,2026-01-24,2026-01-24,33.51
QX-BWS-319,2026-01-24,2026-01-24,35.39
QX-BWS-319,2026-01-24,2026-01-24,35.79
QX-BWS-319,2026-01-24,,34.14
QX-PRO-320,2023-12-08,2025-07-08,1.78
QX-PRO-320,2025-07-08,2025-11-08,1.93
QX-PRO-320,2025-11-08,2025-12-17,2.10
QX-PRO-320,2025-12-17,2025-12-30,2.24
QX-PRO-320,2025-12-30,2025-12-30,2.40
QX-PRO-320,2025-12-30,,1.91
QX-BAK-321,2024-09-13,2025-06-27,2.37
QX-BAK-321,2025-06-27,2025-11-12,2.40
QX-BAK-321,2025-11-12,2025-11-12,2.49
QX-BAK-321,2025-11-12,2025-11-12,2.62
QX-BAK-321,2025-11-12,,2.75
QX-PET-322,2023-12-24,2025-09-14,4.68
QX-PET-322,2025-09-14,2025-09-14,4.81
QX-PET-322,2025-09-14,2025-09-14,5.22
QX-PET-322,2025-09-14,2025-09-14,5.42
QX-PET-322,2025-09-14,2025-12-31,5.85
QX-PET-322,2025-12-31,,5.23
QX-PET-323,2024-08-23,2026-01-24,6.58
QX-PET-323,2026-01-24,2026-03-10,6.68
QX-PET-323,2026-03-10,,6.96
QX-DRY-324,2024-04-16,2025-12-03,1.80
QX-DRY-324,2025-12-03,2026-01-26,1.96
QX-DRY-324,2026-01-26,2026-01-26,2.01
QX-DRY-324,2026-01-26,2026-03-23,2.07
QX-DRY-324,2026-03-23,2026-03-23,2.12
QX-DRY-324,2026-03-23,2026-03-23,2.28
QX-DRY-324,2026-03-23,,1.93
QX-PET-325,2023-12-10,2025-09-09,3.09
QX-PET-325,2025-09-09,2025-11-06,3.26
QX-PET-325,2025-11-06,2025-12-20,3.52
QX-PET-325,2025-12-20,2026-01-27,3.69
QX-PET-325,2026-01-27,2026-01-27,3.85
QX-PET-325,2026-01-27,,3.53
QX-DRK-327,2024-06-11,2025-09-22,3.21
QX-DRK-327,2025-09-22,,3.37
QX-CHL-328,2024-04-27,2025-11-12,12.70
QX-CHL-328,2025-11-12,2025-12-14,13.65
QX-CHL-328,2025-12-14,2025-12-14,14.65
QX-CHL-328,2025-12-14,,13.84
QX-HBC-329,2024-07-17,2025-10-30,8.71
QX-HBC-329,2025-10-30,2025-12-21,9.26
QX-HBC-329,2025-12-21,2025-12-21,9.69
QX-HBC-329,2025-12-21,2025-12-21,9.95
QX-HBC-329,2025-12-21,,9.88
QX-DRK-330,2024-06-28,2026-03-30,2.21
QX-DRK-330,2026-03-30,2026-03-30,2.40
QX-DRK-330,2026-03-30,2026-03-30,2.53
QX-DRK-330,2026-03-30,,2.42
QX-HBC-331,2024-02-02,2025-07-23,12.67
QX-HBC-331,2025-07-23,,14.03
QX-TIN-332,2023-10-21,2026-03-24,1.52
QX-TIN-332,2026-03-24,,1.59
QX-BWS-333,2024-11-01,2025-09-08,31.51
QX-BWS-333,2025-09-08,,36.30
QX-BWS-334,2024-12-13,2025-11-23,21.00
QX-BWS-334,2025-11-23,2025-11-23,21.29
QX-BWS-334,2025-11-23,2026-01-31,23.01
QX-BWS-334,2026-01-31,2026-01-31,23.70
QX-BWS-334,2026-01-31,2026-01-31,25.57
QX-BWS-334,2026-01-31,,25.26
QX-PET-335,2024-12-24,2026-03-22,3.27
QX-PET-335,2026-03-22,2026-03-22,3.47
QX-PET-335,2026-03-22,2026-03-22,3.62
QX-PET-335,2026-03-22,,3.87
QX-CHL-336,2024-04-21,2025-11-20,13.44
QX-CHL-336,2025-11-20,,15.18
QX-CER-337,2024-12-13,2025-10-06,2.87
QX-CER-337,2025-10-06,2025-10-06,3.12
QX-CER-337,2025-10-06,2026-01-29,3.36
QX-CER-337,2026-01-29,2026-01-29,3.39
QX-CER-337,2026-01-29,2026-03-25,3.50
QX-CER-337,2026-03-25,,3.09
QX-DRK-338,2025-04-04,2025-12-28,4.27
QX-DRK-338,2025-12-28,2025-12-28,4.63
QX-DRK-338,2025-12-28,2026-03-14,4.95
QX-DRK-338,2026-03-14,,4.45
QX-BAK-339,2025-01-07,2025-09-17,7.15
QX-BAK-339,2025-09-17,2025-10-12,7.47
QX-BAK-339,2025-10-12,2025-12-11,7.94
QX-BAK-339,2025-12-11,2025-12-11,8.33
QX-BAK-339,2025-12-11,2025-12-11,8.90
QX-BAK-339,2025-12-11,,8.24
QX-PRO-341,2025-05-21,2025-10-21,2.56
QX-PRO-341,2025-10-21,2026-02-01,2.75
QX-PRO-341,2026-02-01,2026-02-01,2.94
QX-PRO-341,2026-02-01,2026-02-01,3.17
QX-PRO-341,2026-02-01,2026-02-01,3.27
QX-PRO-341,2026-02-01,2026-03-09,3.33
QX-PRO-341,2026-03-09,,2.96
QX-BWS-342,2024-09-01,2025-10-30,24.26
QX-BWS-342,2025-10-30,2025-12-16,25.18
QX-BWS-342,2025-12-16,2026-01-01,27.29
QX-BWS-342,2026-01-01,2026-01-04,28.59
QX-BWS-342,2026-01-04,2026-01-04,29.31
QX-BWS-342,2026-01-04,2026-02-25,30.33
QX-BWS-342,2026-02-25,,28.78
QX-BWS-343,2024-11-23,2025-08-29,20.71
QX-BWS-343,2025-08-29,2025-08-29,21.07
QX-BWS-343,2025-08-29,2025-10-22,21.34
QX-BWS-343,2025-10-22,2025-12-16,21.66
QX-BWS-343,2025-12-16,2026-01-17,21.90
QX-BWS-343,2026-01-17,,25.00
QX-HBC-345,2024-06-28,2025-07-28,11.35
QX-HBC-345,2025-07-28,2025-12-22,11.54
QX-HBC-345,2025-12-22,,12.22
QX-BAK-347,2025-03-21,2025-11-01,7.04
QX-BAK-347,2025-11-01,2025-11-01,7.35
QX-BAK-347,2025-11-01,2025-11-01,7.61
QX-BAK-347,2025-11-01,2025-11-01,8.07
QX-BAK-347,2025-11-01,2026-03-03,8.72
QX-BAK-347,2026-03-03,,8.07
QX-DRY-348,2024-12-02,2026-01-29,5.66
QX-DRY-348,2026-01-29,2026-01-29,6.12
QX-DRY-348,2026-01-29,2026-01-29,6.63
QX-DRY-348,2026-01-29,2026-01-29,7.19
QX-DRY-348,2026-01-29,,6.25
QX-BWS-350,2024-08-19,2026-01-03,6.28
QX-BWS-350,2026-01-03,2026-01-22,6.53
QX-BWS-350,2026-01-22,2026-01-22,6.83
QX-BWS-350,2026-01-22,2026-03-25,6.93
QX-BWS-350,2026-03-25,,7.13
QX-HBC-351,2024-02-11,2025-09-05,12.79
QX-HBC-351,2025-09-05,2025-09-23,13.21
QX-HBC-351,2025-09-23,,14.31
QX-DRK-352,2024-10-27,2025-09-29,4.88
QX-DRK-352,2025-09-29,2025-11-17,5.00
QX-DRK-352,2025-11-17,2026-01-26,5.23
QX-DRK-352,2026-01-26,2026-01-26,5.56
QX-DRK-352,2026-01-26,2026-01-27,6.04
QX-DRK-352,2026-01-27,2026-01-27,6.14
QX-DRK-352,2026-01-27,,5.33
QX-TIN-353,2024-03-18,2025-10-21,2.21
QX-TIN-353,2025-10-21,2025-10-21,2.38
QX-TIN-353,2025-10-21,2026-02-15,2.52
QX-TIN-353,2026-02-15,,2.49
QX-CHL-354,2024-12-08,2025-10-12,2.41
QX-CHL-354,2025-10-12,,2.90
QX-TIN-355,2024-02-02,2025-09-28,1.22
QX-TIN-355,2025-09-28,2025-12-13,1.31
QX-TIN-355,2025-12-13,2025-12-28,1.35
QX-TIN-355,2025-12-28,2026-03-25,1.44
QX-TIN-355,2026-03-25,2026-03-25,1.48
QX-TIN-355,2026-03-25,2026-03-25,1.59
QX-TIN-355,2026-03-25,,1.32
QX-DRK-356,2025-03-06,2026-02-26,4.23
QX-DRK-356,2026-02-26,2026-02-26,4.44
QX-DRK-356,2026-02-26,2026-02-26,4.75
QX-DRK-356,2026-02-26,2026-02-26,4.86
QX-DRK-356,2026-02-26,2026-02-26,5.15
QX-DRK-356,2026-02-26,,4.82
QX-HBC-357,2025-02-11,2026-02-13,7.71
QX-HBC-357,2026-02-13,2026-02-13,8.16
QX-HBC-357,2026-02-13,2026-02-13,8.28
QX-HBC-357,2026-02-13,2026-03-19,8.67
QX-HBC-357,2026-03-19,,8.60
QX-DRY-358,2024-01-07,2025-08-01,2.73
QX-DRY-358,2025-08-01,2025-08-11,2.78
QX-DRY-358,2025-08-11,2025-11-01,3.01
QX-DRY-358,2025-11-01,2025-11-01,3.16
QX-DRY-358,2025-11-01,2025-12-05,3.37
QX-DRY-358,2025-12-05,,2.87
QX-FRZ-359,2024-07-22,2025-12-16,6.40
QX-FRZ-359,2025-12-16,2025-12-16,6.49
QX-FRZ-359,2025-12-16,,6.94
QX-DRY-361,2024-01-19,2026-02-17,5.76
QX-DRY-361,2026-02-17,2026-02-17,6.12
QX-DRY-361,2026-02-17,,6.02
QX-PET-362,2024-01-18,2025-08-01,4.00
QX-PET-362,2025-08-01,2025-08-01,4.25
QX-PET-362,2025-08-01,2025-12-14,4.29
QX-PET-362,2025-12-14,2026-03-05,4.38
QX-PET-362,2026-03-05,2026-03-05,4.58
QX-PET-362,2026-03-05,,4.44
QX-HHD-364,2024-11-07,2026-02-13,4.11
QX-HHD-364,2026-02-13,2026-02-13,4.39
QX-HHD-364,2026-02-13,2026-02-13,4.54
QX-HHD-364,2026-02-13,,4.37
QX-DRY-365,2024-12-11,2025-07-11,5.21
QX-DRY-365,2025-07-11,2025-08-14,5.56
QX-DRY-365,2025-08-14,,5.72
QX-DRY-366,2023-10-16,2025-07-07,1.42
QX-DRY-366,2025-07-07,2025-10-01,1.53
QX-DRY-366,2025-10-01,2025-10-01,1.62
QX-DRY-366,2025-10-01,2026-03-18,1.69
QX-DRY-366,2026-03-18,2026-03-18,1.83
QX-DRY-366,2026-03-18,2026-03-18,1.89
QX-DRY-366,2026-03-18,,1.55
QX-FRZ-368,2025-04-21,2025-08-10,4.45
QX-FRZ-368,2025-08-10,2026-01-23,4.58
QX-FRZ-368,2026-01-23,2026-01-23,4.64
QX-FRZ-368,2026-01-23,2026-01-23,4.81
QX-FRZ-368,2026-01-23,,4.97
QX-CER-369,2023-10-20,2025-07-13,3.98
QX-CER-369,2025-07-13,2025-11-08,4.03
QX-CER-369,2025-11-08,2025-11-08,4.38
QX-CER-369,2025-11-08,2026-01-21,4.55
QX-CER-369,2026-01-21,2026-01-21,4.93
QX-CER-369,2026-01-21,2026-02-15,5.00
QX-CER-369,2026-02-15,,4.68
QX-TIN-370,2024-10-14,2025-11-28,1.44
QX-TIN-370,2025-11-28,2026-01-14,1.52
QX-TIN-370,2026-01-14,2026-02-14,1.56
QX-TIN-370,2026-02-14,2026-02-14,1.61
QX-TIN-370,2026-02-14,2026-02-14,1.73
QX-TIN-370,2026-02-14,2026-02-14,1.87
QX-TIN-370,2026-02-14,,1.67
QX-CER-371,2024-06-28,2025-11-13,3.89
QX-CER-371,2025-11-13,2025-11-13,4.11
QX-CER-371,2025-11-13,2026-02-19,4.33
QX-CER-371,2026-02-19,2026-02-19,4.55
QX-CER-371,2026-02-19,2026-02-19,4.87
QX-CER-371,2026-02-19,,4.15
QX-PRO-373,2025-01-14,2026-03-14,4.02
QX-PRO-373,2026-03-14,2026-03-14,4.27
QX-PRO-373,2026-03-14,2026-03-14,4.62
QX-PRO-373,2026-03-14,2026-03-14,4.98
QX-PRO-373,2026-03-14,2026-03-26,5.12
QX-PRO-373,2026-03-26,,4.46
QX-DRK-374,2024-04-22,2026-02-02,5.27
QX-DRK-374,2026-02-02,2026-02-02,5.47
QX-DRK-374,2026-02-02,2026-02-02,5.53
QX-DRK-374,2026-02-02,,5.64
QX-DRK-376,2025-02-08,2025-07-08,2.50
QX-DRK-376,2025-07-08,2026-01-23,2.65
QX-DRK-376,2026-01-23,2026-01-29,2.79
QX-DRK-376,2026-01-29,2026-01-29,2.91
QX-DRK-376,2026-01-29,,2.62
QX-HHD-377,2025-04-07,2025-08-13,6.73
QX-HHD-377,2025-08-13,2025-11-01,7.00
QX-HHD-377,2025-11-01,2025-11-01,7.09
QX-HHD-377,2025-11-01,,7.24
QX-TIN-379,2023-12-17,2025-06-30,1.05
QX-TIN-379,2025-06-30,2025-06-30,1.09
QX-TIN-379,2025-06-30,2025-09-13,1.19
QX-TIN-379,2025-09-13,2026-02-10,1.28
QX-TIN-379,2026-02-10,2026-02-10,1.36
QX-TIN-379,2026-02-10,,1.13
QX-DRK-380,2024-10-11,2025-11-11,5.38
QX-DRK-380,2025-11-11,2025-11-11,5.77
QX-DRK-380,2025-11-11,2025-11-11,6.14
QX-DRK-380,2025-11-11,2025-11-11,6.67
QX-DRK-380,2025-11-11,2026-01-06,7.02
QX-DRK-380,2026-01-06,,5.73
QX-BWS-381,2024-10-06,2025-09-17,35.30
QX-BWS-381,2025-09-17,,37.36
QX-BWS-382,2023-11-28,2025-10-29,13.50
QX-BWS-382,2025-10-29,2025-11-20,13.80
QX-BWS-382,2025-11-20,2025-11-20,14.62
QX-BWS-382,2025-11-20,2025-11-20,15.68
QX-BWS-382,2025-11-20,2025-11-20,16.39
QX-BWS-382,2025-11-20,,15.85
QX-CER-383,2025-01-06,2026-01-02,3.28
QX-CER-383,2026-01-02,2026-01-18,3.53
QX-CER-383,2026-01-18,2026-03-16,3.78
QX-CER-383,2026-03-16,2026-03-16,4.08
QX-CER-383,2026-03-16,2026-03-16,4.17
QX-CER-383,2026-03-16,2026-03-16,4.24
QX-CER-383,2026-03-16,,3.71
QX-CER-384,2024-10-30,2025-07-03,1.28
QX-CER-384,2025-07-03,,1.47
QX-HBC-385,2023-12-06,2026-01-01,1.40
QX-HBC-385,2026-01-01,2026-01-01,1.48
QX-HBC-385,2026-01-01,2026-01-01,1.55
QX-HBC-385,2026-01-01,2026-03-11,1.61
QX-HBC-385,2026-03-11,,1.57
QX-CER-386,2025-01-13,2025-11-06,4.35
QX-CER-386,2025-11-06,2026-02-01,4.71
QX-CER-386,2026-02-01,2026-02-01,5.07
QX-CER-386,2026-02-01,2026-02-22,5.13
QX-CER-386,2026-02-22,2026-02-22,5.50
QX-CER-386,2026-02-22,,4.60
QX-BWS-388,2024-11-05,2025-08-28,20.21
QX-BWS-388,2025-08-28,2026-01-18,21.23
QX-BWS-388,2026-01-18,2026-03-29,21.52
QX-BWS-388,2026-03-29,2026-03-29,22.23
QX-BWS-388,2026-03-29,2026-03-29,23.25
QX-BWS-388,2026-03-29,,22.35
QX-CHL-389,2024-01-02,2025-10-06,5.56
QX-CHL-389,2025-10-06,2026-03-03,5.78
QX-CHL-389,2026-03-03,,6.08
QX-DRK-390,2025-04-26,2026-02-13,3.15
QX-DRK-390,2026-02-13,2026-02-13,3.24
QX-DRK-390,2026-02-13,2026-02-13,3.34
QX-DRK-390,2026-02-13,2026-02-13,3.38
QX-DRK-390,2026-02-13,2026-03-21,3.43
QX-DRK-390,2026-03-21,,3.66
QX-CHL-391,2024-10-19,2026-02-25,15.27
QX-CHL-391,2026-02-25,2026-02-25,16.62
QX-CHL-391,2026-02-25,,17.83
QX-CER-392,2023-10-23,2025-10-10,3.95
QX-CER-392,2025-10-10,2026-02-06,4.25
QX-CER-392,2026-02-06,,4.15
QX-DRK-393,2025-01-22,2026-02-22,4.72
QX-DRK-393,2026-02-22,2026-02-22,5.10
QX-DRK-393,2026-02-22,2026-02-22,5.27
QX-DRK-393,2026-02-22,2026-02-22,5.45
QX-DRK-393,2026-02-22,,5.22
QX-BWS-395,2024-09-10,2025-10-31,13.62
QX-BWS-395,2025-10-31,2025-11-25,13.90
QX-BWS-395,2025-11-25,2025-11-25,14.66
QX-BWS-395,2025-11-25,,16.11
QX-BWS-397,2024-02-27,2026-01-05,3.79
QX-BWS-397,2026-01-05,2026-03-21,3.85
QX-BWS-397,2026-03-21,,4.23
QX-PET-399,2024-09-08,2025-11-03,1.53
QX-PET-399,2025-11-03,2025-11-17,1.67
QX-PET-399,2025-11-17,2025-11-17,1.70
QX-PET-399,2025-11-17,2026-01-16,1.85
QX-PET-399,2026-01-16,,1.70
QX-DRY-400,2024-01-28,2025-07-20,5.00
QX-DRY-400,2025-07-20,2025-09-08,5.37
QX-DRY-400,2025-09-08,2025-11-16,5.57
QX-DRY-400,2025-11-16,2025-11-16,5.81
QX-DRY-400,2025-11-16,,5.32
QX-DRY-401,2024-07-23,2026-02-03,1.46
QX-DRY-401,2026-02-03,2026-02-03,1.54
QX-DRY-401,2026-02-03,2026-02-03,1.66
QX-DRY-401,2026-02-03,,1.62
QX-DRK-402,2024-10-23,2025-12-05,2.06
QX-DRK-402,2025-12-05,2025-12-05,2.17
QX-DRK-402,2025-12-05,,2.15
QX-CER-403,2025-05-14,2026-03-14,1.46
QX-CER-403,2026-03-14,2026-03-14,1.58
QX-CER-403,2026-03-14,2026-03-14,1.65
QX-CER-403,2026-03-14,,1.59
QX-BAK-404,2023-10-19,2026-01-07,2.81
QX-BAK-404,2026-01-07,2026-01-07,3.02
QX-BAK-404,2026-01-07,2026-01-07,3.17
QX-BAK-404,2026-01-07,2026-01-07,3.38
QX-BAK-404,2026-01-07,,3.07
QX-CHL-405,2024-09-11,2026-01-19,6.48
QX-CHL-405,2026-01-19,2026-01-19,6.84
QX-CHL-405,2026-01-19,2026-01-19,7.17
QX-CHL-405,2026-01-19,2026-03-28,7.37
QX-CHL-405,2026-03-28,,7.50
QX-DRK-406,2024-05-13,2025-09-21,0.68
QX-DRK-406,2025-09-21,2026-03-01,0.71
QX-DRK-406,2026-03-01,,0.76
QX-HBC-407,2024-06-13,2025-08-12,10.54
QX-HBC-407,2025-08-12,2025-10-24,11.24
QX-HBC-407,2025-10-24,,11.33
QX-BAK-408,2024-01-22,2025-08-23,4.78
QX-BAK-408,2025-08-23,2025-08-23,4.93
QX-BAK-408,2025-08-23,2025-12-03,4.99
QX-BAK-408,2025-12-03,2025-12-03,5.42
QX-BAK-408,2025-12-03,,5.48
QX-HHD-409,2025-01-06,2025-06-27,10.88
QX-HHD-409,2025-06-27,2026-03-10,11.08
QX-HHD-409,2026-03-10,,11.68
QX-PET-410,2024-10-18,2025-09-23,5.73
QX-PET-410,2025-09-23,2026-02-18,6.14
QX-PET-410,2026-02-18,2026-02-18,6.38
QX-PET-410,2026-02-18,,6.71
QX-BAK-411,2024-03-26,2026-02-02,3.43
QX-BAK-411,2026-02-02,2026-02-02,3.47
QX-BAK-411,2026-02-02,2026-03-09,3.55
QX-BAK-411,2026-03-09,2026-03-24,3.64
QX-BAK-411,2026-03-24,,3.93
QX-PRO-412,2025-04-11,2025-12-05,2.85
QX-PRO-412,2025-12-05,2025-12-05,2.98
QX-PRO-412,2025-12-05,2025-12-17,3.02
QX-PRO-412,2025-12-17,2026-03-27,3.28
QX-PRO-412,2026-03-27,2026-03-27,3.48
QX-PRO-412,2026-03-27,,2.99
QX-CHL-413,2024-03-10,2025-12-18,5.88
QX-CHL-413,2025-12-18,2026-03-29,6.00
QX-CHL-413,2026-03-29,2026-03-29,6.24
QX-CHL-413,2026-03-29,,6.43
QX-BAK-414,2025-01-03,2025-07-10,1.20
QX-BAK-414,2025-07-10,2025-07-10,1.25
QX-BAK-414,2025-07-10,2025-08-22,1.28
QX-BAK-414,2025-08-22,2026-03-23,1.35
QX-BAK-414,2026-03-23,2026-03-23,1.41
QX-BAK-414,2026-03-23,,1.34
QX-DRY-415,2025-02-24,2025-07-08,3.16
QX-DRY-415,2025-07-08,2025-08-31,3.41
QX-DRY-415,2025-08-31,2025-08-31,3.51
QX-DRY-415,2025-08-31,2026-01-23,3.81
QX-DRY-415,2026-01-23,,3.70
QX-DRY-416,2024-11-16,2025-06-28,1.95
QX-DRY-416,2025-06-28,2026-03-25,2.06
QX-DRY-416,2026-03-25,2026-03-25,2.13
QX-DRY-416,2026-03-25,2026-03-25,2.31
QX-DRY-416,2026-03-25,2026-03-25,2.34
QX-DRY-416,2026-03-25,,2.08
QX-TIN-417,2024-07-14,2026-02-17,1.11
QX-TIN-417,2026-02-17,2026-02-17,1.17
QX-TIN-417,2026-02-17,2026-02-17,1.24
QX-TIN-417,2026-02-17,,1.17
QX-PRO-418,2024-11-28,2025-12-02,1.57
QX-PRO-418,2025-12-02,,1.66
QX-PET-420,2024-07-26,2025-12-07,3.74
QX-PET-420,2025-12-07,,4.42
QX-HHD-422,2024-12-19,2025-10-28,4.95
QX-HHD-422,2025-10-28,2025-11-25,5.27
QX-HHD-422,2025-11-25,,5.37
QX-CER-423,2024-08-08,2025-10-02,3.77
QX-CER-423,2025-10-02,,4.18
QX-BWS-424,2024-03-22,2025-12-01,9.75
QX-BWS-424,2025-12-01,2025-12-01,10.00
QX-BWS-424,2025-12-01,,11.43
QX-PRO-425,2024-07-02,2025-07-02,3.85
QX-PRO-425,2025-07-02,,4.43
QX-CHL-426,2023-11-24,2025-11-22,5.60
QX-CHL-426,2025-11-22,2025-11-22,5.93
QX-CHL-426,2025-11-22,2025-11-22,6.26
QX-CHL-426,2025-11-22,2025-11-22,6.47
QX-CHL-426,2025-11-22,2026-02-09,6.68
QX-CHL-426,2026-02-09,,6.55
QX-BWS-428,2023-11-13,2026-03-12,8.08
QX-BWS-428,2026-03-12,2026-03-12,8.51
QX-BWS-428,2026-03-12,2026-03-12,9.08
QX-BWS-428,2026-03-12,2026-03-25,9.65
QX-BWS-428,2026-03-25,,8.55
QX-DRY-429,2024-09-18,2025-10-01,5.49
QX-DRY-429,2025-10-01,2025-11-08,5.88
QX-DRY-429,2025-11-08,2026-01-16,6.13
QX-DRY-429,2026-01-16,2026-01-16,6.20
QX-DRY-429,2026-01-16,2026-01-16,6.45
QX-DRY-429,2026-01-16,,6.08
QX-HBC-430,2024-06-10,2025-12-15,5.31
QX-HBC-430,2025-12-15,2026-01-04,5.39
QX-HBC-430,2026-01-04,,5.63
QX-PET-431,2024-07-21,2025-10-02,1.22
QX-PET-431,2025-10-02,2025-11-11,1.31
QX-PET-431,2025-11-11,2026-03-12,1.42
QX-PET-431,2026-03-12,2026-03-12,1.46
QX-PET-431,2026-03-12,2026-03-12,1.50
QX-PET-431,2026-03-12,,1.28
QX-PET-432,2024-04-07,2026-02-16,4.83
QX-PET-432,2026-02-16,2026-02-16,5.07
QX-PET-432,2026-02-16,2026-02-16,5.20
QX-PET-432,2026-02-16,2026-02-16,5.62
QX-PET-432,2026-02-16,2026-03-16,5.97
QX-PET-432,2026-03-16,2026-03-16,6.24
QX-PET-432,2026-03-16,,5.28
QX-TIN-434,2025-03-05,2025-08-18,1.36
QX-TIN-434,2025-08-18,2025-12-14,1.39
QX-TIN-434,2025-12-14,2025-12-21,1.49
QX-TIN-434,2025-12-21,2026-01-05,1.56
QX-TIN-434,2026-01-05,,1.51
QX-FRZ-435,2023-12-24,2025-07-25,7.25
QX-FRZ-435,2025-07-25,2025-11-05,7.81
QX-FRZ-435,2025-11-05,,8.31
QX-CER-436,2024-11-07,2025-11-03,1.41
QX-CER-436,2025-11-03,2026-01-02,1.46
QX-CER-436,2026-01-02,2026-02-24,1.56
QX-CER-436,2026-02-24,2026-02-24,1.64
QX-CER-436,2026-02-24,2026-02-24,1.67
QX-CER-436,2026-02-24,,1.54
QX-TIN-437,2025-02-27,2025-12-10,1.49
QX-TIN-437,2025-12-10,2026-02-01,1.60
QX-TIN-437,2026-02-01,2026-02-01,1.67
QX-TIN-437,2026-02-01,2026-02-01,1.71
QX-TIN-437,2026-02-01,2026-02-01,1.79
QX-TIN-437,2026-02-01,,1.63
QX-CER-438,2025-01-19,2026-03-10,3.23
QX-CER-438,2026-03-10,2026-03-10,3.39
QX-CER-438,2026-03-10,2026-03-10,3.43
QX-CER-438,2026-03-10,,3.39
QX-CHL-439,2024-05-21,2025-12-24,8.39
QX-CHL-439,2025-12-24,2025-12-24,8.68
QX-CHL-439,2025-12-24,2026-02-02,9.39
QX-CHL-439,2026-02-02,,10.02
QX-CHL-440,2023-11-19,2025-07-03,8.77
QX-CHL-440,2025-07-03,,9.87
QX-DRY-441,2025-03-02,2025-09-03,2.57
QX-DRY-441,2025-09-03,,3.02
QX-DRY-442,2025-03-12,2025-07-23,4.08
QX-DRY-442,2025-07-23,,4.97
QX-FRZ-443,2024-05-15,2026-02-23,5.59
QX-FRZ-443,2026-02-23,2026-02-23,6.04
QX-FRZ-443,2026-02-23,,6.78
QX-DRK-444,2025-01-20,2025-12-31,5.34
QX-DRK-444,2025-12-31,,6.37
QX-FRZ-445,2024-12-17,2025-09-20,5.23
QX-FRZ-445,2025-09-20,2025-09-20,5.63
QX-FRZ-445,2025-09-20,,5.67
QX-CER-446,2025-04-11,2025-07-24,2.79
QX-CER-446,2025-07-24,2026-02-22,3.03
QX-CER-446,2026-02-22,2026-02-22,3.18
QX-CER-446,2026-02-22,2026-02-22,3.36
QX-CER-446,2026-02-22,2026-02-22,3.65
QX-CER-446,2026-02-22,,3.39
QX-CER-447,2023-10-31,2025-11-27,2.95
QX-CER-447,2025-11-27,2025-11-27,3.20
QX-CER-447,2025-11-27,2025-12-17,3.48
QX-CER-447,2025-12-17,2026-02-11,3.71
QX-CER-447,2026-02-11,,3.24
QX-CHL-448,2024-02-17,2025-10-09,9.00
QX-CHL-448,2025-10-09,2025-10-09,9.52
QX-CHL-448,2025-10-09,2026-02-20,10.29
QX-CHL-448,2026-02-20,2026-03-01,10.85
QX-CHL-448,2026-03-01,2026-03-01,11.50
QX-CHL-448,2026-03-01,2026-03-01,11.69
QX-CHL-448,2026-03-01,,9.96
QX-BAK-449,2024-05-08,2025-07-13,1.52
QX-BAK-449,2025-07-13,,1.72
QX-CER-451,2024-07-25,2025-12-07,1.32
QX-CER-451,2025-12-07,2025-12-13,1.42
QX-CER-451,2025-12-13,,1.52
QX-DRY-452,2024-09-07,2026-03-26,5.89
QX-DRY-452,2026-03-26,2026-03-26,6.25
QX-DRY-452,2026-03-26,2026-03-26,6.33
QX-DRY-452,2026-03-26,2026-03-26,6.86
QX-DRY-452,2026-03-26,,6.15
