sku,zone_id,elasticity,std_error,observations,r_squared,model_run_date
QX-CER-002,PZ-METRO,-2.143,0.172,5449,0.489,2026-03-25
QX-CER-002,PZ-URBAN,-1.542,0.111,1889,0.622,2026-03-15
QX-CER-002,PZ-CORE,-1.572,0.088,6046,0.599,2026-03-23
QX-CER-002,PZ-VALUE,-1.414,0.116,4635,0.851,2026-03-28
QX-CER-002,PZ-REMOTE,-1.913,0.104,4380,0.526,2026-02-27
QX-TIN-032,PZ-METRO,-1.691,0.115,8188,0.738,2026-03-03
QX-TIN-032,PZ-URBAN,-0.692,1.449,16,0.054,2026-02-26
QX-TIN-032,PZ-CORE,-2.584,0.094,8272,0.653,2026-03-19
QX-TIN-032,PZ-VALUE,-1.218,0.094,6583,0.905,2026-02-28
QX-TIN-032,PZ-REMOTE,-1.378,2.303,37,0.198,2026-03-04
QX-FRZ-112,PZ-URBAN,-2.496,0.178,8650,0.559,2026-02-26
QX-FRZ-112,PZ-CORE,-2.555,0.150,5891,0.598,2026-03-06
QX-FRZ-112,PZ-VALUE,-1.258,0.202,7353,0.870,2026-03-03
QX-FRZ-112,PZ-REMOTE,-1.739,0.092,954,0.542,2026-03-03
QX-DRK-200,PZ-METRO,-2.229,0.160,7063,0.677,2026-03-11
QX-DRK-200,PZ-URBAN,-2.531,0.211,1578,0.538,2026-03-17
QX-DRK-200,PZ-CORE,-1.408,1.467,23,0.030,2026-02-22
QX-DRK-200,PZ-VALUE,-0.827,1.444,22,0.195,2026-03-22
QX-DRK-200,PZ-REMOTE,-1.857,0.102,9153,0.731,2026-03-23
QX-BWS-201,PZ-METRO,-2.736,0.034,8405,0.735,2026-02-28
QX-BWS-201,PZ-URBAN,-2.838,0.061,7338,0.802,2026-03-12
QX-BWS-201,PZ-CORE,-2.597,0.199,5412,0.555,2026-03-27
QX-BWS-201,PZ-VALUE,-0.576,0.190,2086,0.716,2026-03-24
QX-BWS-201,PZ-REMOTE,-2.118,0.146,7106,0.864,2026-03-11
QX-PRO-202,PZ-URBAN,-3.145,0.193,3715,0.528,2026-03-06
QX-PRO-202,PZ-VALUE,-1.319,0.072,6907,0.809,2026-03-17
QX-PRO-202,PZ-REMOTE,-0.540,0.117,8982,0.891,2026-03-10
QX-PRO-203,PZ-METRO,-0.938,0.090,713,0.548,2026-03-13
QX-PRO-203,PZ-URBAN,-2.728,0.187,5305,0.557,2026-03-06
QX-PRO-203,PZ-CORE,-1.933,0.111,503,0.471,2026-03-19
QX-PRO-203,PZ-VALUE,-1.184,0.053,4336,0.818,2026-03-10
QX-PRO-203,PZ-REMOTE,-0.465,0.160,2797,0.689,2026-03-02
QX-TIN-208,PZ-METRO,-1.847,0.205,5356,0.904,2026-03-09
QX-TIN-208,PZ-URBAN,-2.840,0.106,3674,0.680,2026-02-21
QX-TIN-208,PZ-CORE,-1.288,0.081,8835,0.777,2026-03-11
QX-TIN-208,PZ-VALUE,-3.063,0.049,7197,0.847,2026-02-22
QX-PRO-210,PZ-METRO,-0.690,0.174,7135,0.565,2026-03-18
QX-PRO-210,PZ-URBAN,-1.108,0.151,5406,0.704,2026-02-28
QX-PRO-210,PZ-CORE,-2.476,0.171,3915,0.890,2026-03-13
QX-PRO-210,PZ-VALUE,-2.751,0.136,3563,0.692,2026-03-15
QX-PRO-210,PZ-REMOTE,-2.952,0.099,2213,0.494,2026-03-19
QX-HHD-211,PZ-METRO,-2.902,0.083,1860,0.505,2026-03-02
QX-HHD-211,PZ-URBAN,-2.108,0.134,8458,0.469,2026-03-17
QX-HHD-211,PZ-CORE,-2.950,0.130,684,0.720,2026-03-13
QX-HHD-211,PZ-VALUE,-0.939,0.040,6153,0.733,2026-02-22
QX-HHD-211,PZ-REMOTE,-1.283,0.094,1051,0.494,2026-02-28
QX-CHL-215,PZ-METRO,-1.284,1.334,15,0.103,2026-03-15
QX-CHL-215,PZ-URBAN,-1.340,0.056,4452,0.562,2026-03-03
QX-CHL-215,PZ-CORE,-2.648,0.034,1097,0.841,2026-03-09
QX-CHL-215,PZ-VALUE,-2.630,0.736,25,0.126,2026-03-01
QX-CHL-215,PZ-REMOTE,-3.163,0.111,6613,0.616,2026-03-29
QX-HBC-219,PZ-METRO,-2.568,0.143,2021,0.521,2026-03-25
QX-HBC-219,PZ-URBAN,-2.227,0.090,9060,0.851,2026-03-08
QX-HBC-219,PZ-VALUE,-3.121,0.161,4288,0.730,2026-03-13
QX-HBC-219,PZ-REMOTE,-1.145,0.201,6020,0.709,2026-03-17
QX-TIN-228,PZ-METRO,-2.200,0.055,675,0.828,2026-03-03
QX-TIN-228,PZ-URBAN,-2.680,0.143,2230,0.667,2026-03-22
QX-TIN-228,PZ-CORE,-0.805,0.094,6735,0.622,2026-03-12
QX-TIN-228,PZ-VALUE,-1.821,0.174,9374,0.727,2026-02-22
QX-TIN-228,PZ-REMOTE,-1.271,0.080,2837,0.454,2026-02-28
QX-TIN-229,PZ-METRO,-0.643,0.136,5957,0.672,2026-03-24
QX-TIN-229,PZ-URBAN,-0.887,0.823,13,0.134,2026-02-22
QX-TIN-229,PZ-CORE,-2.588,0.057,8880,0.474,2026-02-25
QX-TIN-229,PZ-REMOTE,-2.070,0.074,8343,0.740,2026-03-18
QX-BAK-232,PZ-METRO,-1.344,0.094,3356,0.574,2026-03-13
QX-BAK-232,PZ-CORE,-1.577,0.192,5323,0.548,2026-03-09
QX-BAK-232,PZ-VALUE,-3.082,0.168,7615,0.844,2026-03-05
QX-BAK-232,PZ-REMOTE,-2.143,1.341,28,0.150,2026-03-10
QX-FRZ-235,PZ-METRO,-3.072,0.175,8201,0.513,2026-03-24
QX-FRZ-235,PZ-URBAN,-1.274,0.091,611,0.474,2026-03-21
QX-FRZ-235,PZ-CORE,-2.728,0.166,2112,0.752,2026-03-23
QX-FRZ-235,PZ-REMOTE,-0.739,0.083,6003,0.909,2026-03-15
QX-PRO-236,PZ-METRO,-3.136,0.142,3443,0.550,2026-03-12
QX-PRO-236,PZ-URBAN,-0.851,0.059,2114,0.626,2026-03-24
QX-PRO-236,PZ-VALUE,-2.378,0.124,7489,0.672,2026-03-20
QX-HHD-240,PZ-METRO,-3.052,2.170,40,0.103,2026-02-24
QX-HHD-240,PZ-URBAN,-2.169,0.087,4181,0.744,2026-03-01
QX-HHD-240,PZ-VALUE,-2.352,1.672,18,0.109,2026-03-18
QX-HHD-240,PZ-REMOTE,-2.257,1.001,16,0.043,2026-03-22
QX-DRY-243,PZ-URBAN,-3.132,0.124,9372,0.819,2026-03-28
QX-DRY-243,PZ-CORE,-1.955,0.135,2142,0.496,2026-03-27
QX-DRY-243,PZ-VALUE,-0.953,0.156,5731,0.885,2026-02-23
QX-DRY-243,PZ-REMOTE,-0.488,0.180,8884,0.556,2026-03-13
QX-FRZ-244,PZ-METRO,-1.504,0.201,5357,0.634,2026-02-25
QX-FRZ-244,PZ-URBAN,-2.022,1.922,20,0.039,2026-02-23
QX-FRZ-244,PZ-CORE,-2.467,0.187,7525,0.671,2026-03-07
QX-FRZ-244,PZ-VALUE,-1.899,0.139,3169,0.512,2026-03-15
QX-FRZ-244,PZ-REMOTE,-2.190,0.197,896,0.502,2026-03-17
QX-HHD-248,PZ-METRO,-2.084,0.182,6512,0.715,2026-02-26
QX-HHD-248,PZ-URBAN,-2.382,0.077,5441,0.792,2026-03-12
QX-HHD-248,PZ-CORE,-2.468,0.101,5689,0.798,2026-03-19
QX-HHD-248,PZ-VALUE,-1.220,0.131,6394,0.723,2026-03-24
QX-HHD-248,PZ-REMOTE,-0.442,1.006,33,0.030,2026-03-21
QX-HHD-253,PZ-METRO,-2.472,0.040,631,0.848,2026-03-14
QX-HHD-253,PZ-URBAN,-2.329,0.132,7259,0.624,2026-03-15
QX-HHD-253,PZ-CORE,-1.657,0.140,8620,0.916,2026-03-12
QX-HHD-253,PZ-VALUE,-1.319,0.151,7253,0.929,2026-03-03
QX-DRY-257,PZ-METRO,-0.623,0.051,3986,0.513,2026-03-29
QX-DRY-257,PZ-URBAN,-1.770,0.177,4229,0.859,2026-02-22
QX-DRY-257,PZ-CORE,-0.651,0.209,7429,0.909,2026-03-14
QX-DRY-257,PZ-VALUE,-2.611,0.110,3439,0.513,2026-03-09
QX-DRY-257,PZ-REMOTE,-3.161,0.175,695,0.792,2026-03-13
QX-HBC-258,PZ-METRO,-1.859,1.144,36,0.106,2026-03-20
QX-HBC-258,PZ-URBAN,-1.595,1.319,32,0.069,2026-02-21
QX-HBC-258,PZ-CORE,-2.037,0.753,25,0.056,2026-02-21
QX-HBC-258,PZ-VALUE,-1.725,0.098,4418,0.877,2026-03-17
QX-HBC-258,PZ-REMOTE,-2.317,0.097,8863,0.557,2026-02-25
QX-TIN-264,PZ-METRO,-1.328,0.215,2680,0.716,2026-03-05
QX-TIN-264,PZ-URBAN,-2.935,0.072,3702,0.487,2026-03-17
QX-TIN-264,PZ-CORE,-1.276,0.130,8424,0.614,2026-03-06
QX-TIN-264,PZ-VALUE,-0.869,0.177,959,0.456,2026-02-24
QX-BAK-265,PZ-METRO,-1.842,0.831,15,0.013,2026-03-28
QX-BAK-265,PZ-URBAN,-0.601,0.110,5894,0.760,2026-03-12
QX-BAK-265,PZ-REMOTE,-0.470,0.040,1706,0.514,2026-03-22
QX-FRZ-266,PZ-URBAN,-0.534,0.191,602,0.799,2026-03-16
QX-FRZ-266,PZ-CORE,-2.246,0.074,7516,0.733,2026-03-02
QX-FRZ-266,PZ-REMOTE,-1.328,0.148,5001,0.918,2026-03-03
QX-CER-267,PZ-METRO,-0.524,0.079,7006,0.503,2026-03-14
QX-CER-267,PZ-URBAN,-1.722,0.134,8536,0.480,2026-03-18
QX-CER-267,PZ-CORE,-1.487,0.090,671,0.905,2026-03-15
QX-CER-267,PZ-VALUE,-2.921,0.129,457,0.801,2026-02-28
QX-CER-267,PZ-REMOTE,-0.876,0.071,814,0.591,2026-03-27
QX-PET-270,PZ-METRO,-1.877,0.143,5468,0.508,2026-03-06
QX-PET-270,PZ-URBAN,-0.765,0.067,9269,0.755,2026-03-14
QX-PET-270,PZ-CORE,-1.260,0.105,8724,0.601,2026-03-04
QX-PET-270,PZ-VALUE,-0.411,1.842,32,0.163,2026-03-15
QX-PET-270,PZ-REMOTE,-1.595,0.072,4082,0.456,2026-03-07
QX-CHL-274,PZ-METRO,-0.416,0.121,8625,0.521,2026-03-21
QX-CHL-274,PZ-URBAN,-2.950,0.179,8129,0.667,2026-03-01
QX-CHL-274,PZ-CORE,-3.120,0.182,3799,0.901,2026-03-02
QX-CHL-274,PZ-VALUE,-2.663,0.045,3081,0.536,2026-03-19
QX-CHL-274,PZ-REMOTE,-2.916,0.189,1305,0.652,2026-03-21
QX-CER-275,PZ-URBAN,-1.717,0.785,39,0.038,2026-03-20
QX-CER-275,PZ-CORE,-2.897,1.701,19,0.080,2026-03-22
QX-CER-275,PZ-VALUE,-2.586,0.201,7815,0.479,2026-03-16
QX-HBC-276,PZ-METRO,-3.061,0.161,1990,0.819,2026-03-24
QX-HBC-276,PZ-URBAN,-1.475,0.106,7105,0.749,2026-03-26
QX-HBC-276,PZ-VALUE,-1.170,0.157,1182,0.684,2026-02-27
QX-HBC-276,PZ-REMOTE,-0.923,0.177,8525,0.582,2026-03-11
QX-HBC-277,PZ-METRO,-0.852,0.097,8677,0.530,2026-03-09
QX-HBC-277,PZ-URBAN,-2.270,0.097,5998,0.532,2026-03-05
QX-HBC-277,PZ-CORE,-1.133,0.160,4517,0.504,2026-03-19
QX-HBC-277,PZ-VALUE,-1.201,0.215,9151,0.875,2026-03-29
QX-HBC-277,PZ-REMOTE,-2.721,0.097,2104,0.573,2026-03-10
QX-HBC-279,PZ-METRO,-2.760,0.056,4093,0.911,2026-03-07
QX-HBC-279,PZ-URBAN,-2.415,0.091,4915,0.913,2026-03-11
QX-HBC-279,PZ-CORE,-0.569,0.191,1507,0.806,2026-03-10
QX-HBC-279,PZ-VALUE,-0.993,1.429,9,0.086,2026-03-15
QX-HBC-279,PZ-REMOTE,-1.174,0.176,3485,0.522,2026-03-07
QX-FRZ-282,PZ-METRO,-1.849,0.097,1601,0.878,2026-03-18
QX-FRZ-282,PZ-URBAN,-2.822,0.054,5265,0.742,2026-03-09
QX-FRZ-282,PZ-CORE,-1.302,1.166,27,0.138,2026-03-11
QX-FRZ-282,PZ-VALUE,-2.156,0.197,6009,0.519,2026-03-01
QX-FRZ-282,PZ-REMOTE,-1.965,0.055,4551,0.597,2026-03-26
QX-BAK-287,PZ-METRO,-1.448,0.208,7063,0.594,2026-03-01
QX-BAK-287,PZ-CORE,-1.959,0.220,9046,0.547,2026-02-23
QX-BAK-287,PZ-REMOTE,-2.230,0.126,5630,0.789,2026-03-21
QX-DRK-289,PZ-METRO,-2.216,0.052,1985,0.465,2026-03-18
QX-DRK-289,PZ-URBAN,-1.318,0.086,9268,0.561,2026-03-06
QX-DRK-289,PZ-CORE,-1.910,0.059,8616,0.474,2026-03-25
QX-DRK-289,PZ-VALUE,-1.193,0.129,6050,0.816,2026-02-25
QX-DRK-289,PZ-REMOTE,-2.584,1.081,25,0.200,2026-03-10
QX-TIN-293,PZ-METRO,-2.385,0.088,1728,0.717,2026-03-17
QX-TIN-293,PZ-CORE,-2.178,0.144,5407,0.657,2026-03-15
QX-TIN-293,PZ-VALUE,-1.110,0.142,8625,0.452,2026-03-24
QX-TIN-293,PZ-REMOTE,-1.997,0.096,2881,0.674,2026-03-27
QX-BAK-296,PZ-METRO,-1.485,0.140,2766,0.856,2026-03-07
QX-BAK-296,PZ-URBAN,-2.168,2.164,12,0.182,2026-03-16
QX-BAK-296,PZ-VALUE,-3.108,0.173,6962,0.807,2026-02-24
QX-BAK-296,PZ-REMOTE,-1.789,0.043,3414,0.676,2026-03-19
QX-FRZ-298,PZ-METRO,-2.138,0.180,7912,0.549,2026-03-02
QX-FRZ-298,PZ-URBAN,-2.161,0.118,2623,0.502,2026-03-04
QX-FRZ-298,PZ-CORE,-2.909,0.086,3986,0.886,2026-03-24
QX-FRZ-298,PZ-REMOTE,-1.886,1.245,11,0.160,2026-03-01
QX-FRZ-310,PZ-METRO,-0.655,0.073,5275,0.564,2026-03-07
QX-FRZ-310,PZ-URBAN,-1.841,0.065,8775,0.893,2026-03-14
QX-FRZ-310,PZ-VALUE,-1.257,0.904,12,0.147,2026-03-12
QX-FRZ-310,PZ-REMOTE,-3.100,0.176,4594,0.767,2026-03-16
QX-DRY-312,PZ-METRO,-1.549,0.105,5976,0.759,2026-03-09
QX-DRY-312,PZ-URBAN,-2.471,0.170,4571,0.889,2026-03-08
QX-DRY-312,PZ-CORE,-2.285,0.059,2643,0.730,2026-03-21
QX-DRY-312,PZ-VALUE,-1.096,0.116,4627,0.578,2026-03-28
QX-DRY-312,PZ-REMOTE,-1.172,0.126,5959,0.926,2026-03-02
QX-CER-314,PZ-METRO,-1.202,0.031,7759,0.560,2026-03-17
QX-CER-314,PZ-URBAN,-3.128,0.154,7233,0.896,2026-03-16
QX-CER-314,PZ-CORE,-0.879,0.115,3266,0.481,2026-03-05
QX-CER-314,PZ-VALUE,-0.669,0.188,8206,0.908,2026-02-28
QX-CER-314,PZ-REMOTE,-1.331,2.067,30,0.059,2026-03-28
QX-HBC-325,PZ-METRO,-1.814,0.139,7599,0.587,2026-03-27
QX-HBC-325,PZ-URBAN,-2.766,0.126,7213,0.608,2026-03-13
QX-HBC-325,PZ-CORE,-1.350,0.109,6583,0.766,2026-03-15
QX-HBC-325,PZ-VALUE,-1.530,0.152,5737,0.696,2026-03-28
QX-BAK-328,PZ-METRO,-1.566,1.549,20,0.073,2026-03-10
QX-BAK-328,PZ-URBAN,-1.827,0.124,4296,0.842,2026-02-24
QX-BAK-328,PZ-CORE,-3.102,0.141,7866,0.773,2026-02-25
QX-BAK-328,PZ-VALUE,-0.777,0.163,2596,0.458,2026-03-05
QX-BAK-328,PZ-REMOTE,-2.044,0.056,8149,0.696,2026-03-01
QX-HBC-337,PZ-CORE,-2.494,0.192,2740,0.897,2026-03-05
QX-HBC-337,PZ-VALUE,-2.227,0.147,3981,0.544,2026-03-13
QX-HBC-337,PZ-REMOTE,-2.797,0.144,2083,0.526,2026-03-08
QX-HHD-339,PZ-METRO,-0.535,0.124,8534,0.483,2026-03-18
QX-HHD-339,PZ-URBAN,-0.826,0.145,3448,0.501,2026-03-24
QX-HHD-339,PZ-CORE,-2.124,1.902,13,0.199,2026-02-24
QX-HHD-339,PZ-VALUE,-2.956,0.117,7215,0.598,2026-03-06
QX-HHD-339,PZ-REMOTE,-2.647,0.058,1584,0.858,2026-03-13
QX-FRZ-343,PZ-METRO,-2.194,0.071,1707,0.829,2026-03-13
QX-FRZ-343,PZ-URBAN,-3.035,2.276,20,0.154,2026-03-02
QX-FRZ-343,PZ-VALUE,-3.026,1.156,12,0.021,2026-03-24
QX-PRO-347,PZ-METRO,-0.526,1.978,33,0.085,2026-02-24
QX-PRO-347,PZ-URBAN,-1.205,0.207,704,0.790,2026-03-13
QX-PRO-347,PZ-CORE,-1.201,1.982,27,0.060,2026-03-19
QX-PRO-347,PZ-REMOTE,-3.070,0.135,2606,0.491,2026-03-19
QX-PET-348,PZ-METRO,-3.126,0.104,6377,0.550,2026-02-22
QX-PET-348,PZ-URBAN,-2.240,0.075,3188,0.487,2026-03-09
QX-PET-348,PZ-CORE,-0.999,0.153,1634,0.890,2026-03-24
QX-PET-348,PZ-VALUE,-2.498,0.042,4840,0.803,2026-03-28
QX-PET-348,PZ-REMOTE,-1.379,0.128,9220,0.733,2026-03-01
QX-DRY-350,PZ-METRO,-0.695,0.056,1868,0.906,2026-03-27
QX-DRY-350,PZ-URBAN,-2.915,0.038,2839,0.711,2026-03-17
QX-DRY-350,PZ-VALUE,-1.000,0.113,8891,0.897,2026-03-14
QX-DRY-350,PZ-REMOTE,-2.797,0.104,533,0.542,2026-03-29
QX-CHL-351,PZ-METRO,-2.284,0.040,7265,0.593,2026-03-22
QX-CHL-351,PZ-URBAN,-2.020,1.150,16,0.177,2026-03-06
QX-CHL-351,PZ-CORE,-1.255,0.118,4095,0.851,2026-03-06
QX-CHL-351,PZ-VALUE,-2.343,0.046,7626,0.493,2026-03-21
QX-CHL-351,PZ-REMOTE,-1.263,0.036,926,0.913,2026-03-23
QX-CHL-352,PZ-URBAN,-0.818,0.146,9143,0.653,2026-03-21
QX-CHL-352,PZ-CORE,-1.572,0.046,7074,0.449,2026-03-04
QX-CHL-352,PZ-VALUE,-2.494,0.160,4396,0.622,2026-03-08
QX-CHL-352,PZ-REMOTE,-0.500,0.206,7849,0.467,2026-03-24
QX-CHL-354,PZ-METRO,-2.721,2.079,17,0.115,2026-03-19
QX-CHL-354,PZ-URBAN,-1.064,0.140,7950,0.727,2026-03-12
QX-CHL-354,PZ-VALUE,-2.330,0.119,9067,0.541,2026-03-22
QX-CHL-354,PZ-REMOTE,-2.321,1.520,19,0.087,2026-03-20
QX-CER-355,PZ-METRO,-2.296,0.211,7205,0.777,2026-02-25
QX-CER-355,PZ-URBAN,-1.185,0.162,3214,0.578,2026-03-20
QX-CER-355,PZ-CORE,-3.121,0.081,5852,0.664,2026-03-04
QX-CER-355,PZ-VALUE,-1.575,0.213,7165,0.849,2026-02-25
QX-PRO-363,PZ-METRO,-2.559,0.195,1155,0.503,2026-02-21
QX-PRO-363,PZ-URBAN,-0.655,0.165,4446,0.789,2026-03-05
QX-PRO-363,PZ-CORE,-0.793,0.115,5068,0.646,2026-03-28
QX-PRO-363,PZ-VALUE,-1.455,1.853,17,0.053,2026-03-28
QX-PRO-363,PZ-REMOTE,-2.438,0.176,520,0.554,2026-03-22
QX-BWS-365,PZ-METRO,-1.804,0.155,5139,0.766,2026-03-11
QX-BWS-365,PZ-URBAN,-3.048,0.117,547,0.590,2026-03-24
QX-BWS-365,PZ-CORE,-2.935,0.118,512,0.638,2026-03-21
QX-BWS-365,PZ-VALUE,-0.688,0.150,4829,0.449,2026-02-21
QX-BWS-365,PZ-REMOTE,-1.392,0.048,7897,0.661,2026-03-20
QX-CHL-368,PZ-METRO,-2.590,0.156,4210,0.611,2026-03-15
QX-CHL-368,PZ-CORE,-2.540,0.124,3703,0.628,2026-02-23
QX-CHL-368,PZ-VALUE,-0.503,0.061,4395,0.460,2026-03-22
QX-CHL-368,PZ-REMOTE,-1.780,0.072,8010,0.576,2026-03-06
QX-CER-372,PZ-METRO,-1.827,0.181,1209,0.546,2026-03-19
QX-CER-372,PZ-URBAN,-2.308,0.039,8102,0.732,2026-03-14
QX-CER-372,PZ-CORE,-3.051,1.897,9,0.154,2026-02-22
QX-CER-372,PZ-VALUE,-1.968,0.111,5097,0.704,2026-02-27
QX-CER-372,PZ-REMOTE,-3.135,0.046,6256,0.928,2026-03-14
QX-HBC-374,PZ-METRO,-0.668,0.166,5962,0.793,2026-03-01
QX-HBC-374,PZ-URBAN,-2.165,0.060,9001,0.694,2026-03-18
QX-HBC-374,PZ-CORE,-0.856,0.211,8098,0.868,2026-02-27
QX-HBC-374,PZ-REMOTE,-1.857,0.190,858,0.771,2026-03-03
QX-TIN-375,PZ-METRO,-2.454,0.040,639,0.791,2026-03-28
QX-TIN-375,PZ-URBAN,-2.384,0.132,4590,0.520,2026-03-27
QX-TIN-375,PZ-VALUE,-2.218,0.072,4822,0.543,2026-02-27
QX-TIN-375,PZ-REMOTE,-0.974,0.192,4959,0.560,2026-03-23
QX-BWS-376,PZ-METRO,-0.740,0.742,17,0.138,2026-03-02
QX-BWS-376,PZ-CORE,-1.869,0.117,4866,0.729,2026-03-11
QX-TIN-383,PZ-METRO,-1.963,0.088,2887,0.476,2026-03-28
QX-TIN-383,PZ-URBAN,-1.853,2.057,40,0.084,2026-03-07
QX-TIN-383,PZ-CORE,-2.347,0.208,7248,0.558,2026-03-26
QX-TIN-383,PZ-VALUE,-2.596,0.217,5344,0.654,2026-03-01
QX-TIN-383,PZ-REMOTE,-0.808,0.083,3146,0.746,2026-03-17
QX-HHD-387,PZ-METRO,-0.995,0.037,4210,0.769,2026-03-25
QX-HHD-387,PZ-CORE,-2.293,0.201,1105,0.757,2026-02-25
QX-HHD-387,PZ-VALUE,-1.636,0.174,6721,0.610,2026-02-27
QX-HHD-387,PZ-REMOTE,-0.581,0.180,6591,0.901,2026-03-14
QX-HHD-388,PZ-METRO,-2.720,0.197,3089,0.530,2026-03-12
QX-HHD-388,PZ-URBAN,-1.104,0.198,6065,0.885,2026-03-27
QX-HHD-388,PZ-CORE,-1.689,0.123,4673,0.648,2026-03-20
QX-HHD-388,PZ-VALUE,-1.163,0.077,4566,0.553,2026-02-23
QX-HHD-388,PZ-REMOTE,-3.049,0.120,6216,0.706,2026-03-05
QX-TIN-391,PZ-METRO,-2.957,0.216,7746,0.871,2026-03-01
QX-TIN-391,PZ-URBAN,-1.641,0.188,9056,0.923,2026-03-21
QX-TIN-391,PZ-REMOTE,-2.131,0.101,3416,0.530,2026-03-06
QX-BWS-395,PZ-URBAN,-1.890,1.505,27,0.172,2026-02-25
QX-BWS-395,PZ-VALUE,-1.883,0.031,2272,0.578,2026-03-27
QX-BWS-395,PZ-REMOTE,-0.543,0.125,4409,0.632,2026-03-28
QX-BWS-398,PZ-METRO,-0.705,0.158,5718,0.667,2026-02-27
QX-BWS-398,PZ-CORE,-0.968,0.141,6119,0.887,2026-03-14
QX-BWS-398,PZ-VALUE,-0.622,0.155,7676,0.738,2026-03-06
QX-DRK-400,PZ-METRO,-1.463,0.073,2215,0.584,2026-03-07
QX-DRK-400,PZ-URBAN,-2.334,0.059,6981,0.879,2026-03-25
QX-DRK-400,PZ-CORE,-1.269,0.167,5113,0.545,2026-02-24
QX-DRK-400,PZ-REMOTE,-2.933,0.074,7868,0.649,2026-03-16
QX-FRZ-403,PZ-METRO,-2.641,0.161,8652,0.595,2026-03-04
QX-FRZ-403,PZ-URBAN,-0.791,1.424,23,0.098,2026-03-05
QX-FRZ-403,PZ-CORE,-2.403,0.107,8894,0.545,2026-03-25
QX-BAK-406,PZ-URBAN,-2.915,0.163,7135,0.628,2026-03-18
QX-BAK-406,PZ-CORE,-0.916,0.114,3218,0.714,2026-03-28
QX-BAK-406,PZ-VALUE,-1.901,1.837,21,0.037,2026-03-09
QX-BAK-406,PZ-REMOTE,-2.451,0.051,6638,0.756,2026-03-14
QX-HBC-409,PZ-METRO,-2.678,0.120,796,0.917,2026-03-26
QX-HBC-409,PZ-URBAN,-1.801,0.037,690,0.694,2026-02-27
QX-HBC-409,PZ-CORE,-0.420,0.051,3417,0.579,2026-03-29
QX-HBC-409,PZ-VALUE,-1.799,0.211,2147,0.603,2026-03-29
QX-HBC-409,PZ-REMOTE,-2.816,0.178,4682,0.793,2026-02-24
QX-CER-410,PZ-URBAN,-0.590,0.097,3149,0.710,2026-03-13
QX-CER-410,PZ-CORE,-1.438,0.113,5970,0.549,2026-03-07
QX-CER-410,PZ-VALUE,-1.731,0.140,7820,0.461,2026-02-28
QX-CER-410,PZ-REMOTE,-1.554,0.154,5720,0.660,2026-03-03
QX-FRZ-411,PZ-METRO,-0.665,0.174,2612,0.658,2026-03-10
QX-FRZ-411,PZ-URBAN,-2.434,1.514,25,0.111,2026-03-04
QX-FRZ-411,PZ-CORE,-2.639,0.193,8111,0.707,2026-02-25
QX-FRZ-411,PZ-VALUE,-2.574,0.050,3919,0.555,2026-03-03
QX-FRZ-411,PZ-REMOTE,-3.072,0.203,2436,0.667,2026-02-24
QX-HHD-412,PZ-URBAN,-2.473,0.136,8964,0.804,2026-03-06
QX-HHD-412,PZ-CORE,-2.588,1.060,10,0.170,2026-03-02
QX-HHD-412,PZ-VALUE,-2.269,0.043,2786,0.756,2026-03-17
QX-PET-415,PZ-METRO,-2.963,0.208,2422,0.867,2026-02-26
QX-PET-415,PZ-CORE,-2.760,0.032,5610,0.844,2026-03-23
QX-PET-415,PZ-VALUE,-3.052,0.156,765,0.667,2026-02-24
QX-DRY-419,PZ-URBAN,-1.804,1.460,31,0.171,2026-03-27
QX-DRY-419,PZ-VALUE,-1.307,0.085,6612,0.862,2026-02-21
QX-DRY-419,PZ-REMOTE,-2.003,0.140,5905,0.689,2026-03-28
QX-BAK-420,PZ-METRO,-2.853,0.084,2390,0.784,2026-02-26
QX-BAK-420,PZ-URBAN,-2.211,0.191,2929,0.559,2026-03-04
QX-BAK-420,PZ-CORE,-0.721,0.147,7778,0.727,2026-03-17
QX-BAK-420,PZ-VALUE,-3.062,0.957,16,0.147,2026-03-10
QX-BAK-420,PZ-REMOTE,-1.757,0.102,4566,0.831,2026-03-11
QX-PRO-421,PZ-METRO,-1.684,0.056,4607,0.473,2026-03-10
QX-PRO-421,PZ-URBAN,-2.457,0.052,1548,0.805,2026-03-24
QX-PRO-421,PZ-VALUE,-1.961,0.047,3195,0.774,2026-02-28
QX-PRO-421,PZ-REMOTE,-2.227,1.187,12,0.166,2026-03-29
QX-PRO-425,PZ-METRO,-2.877,0.211,2274,0.555,2026-03-24
QX-PRO-425,PZ-URBAN,-1.164,0.755,15,0.043,2026-03-10
QX-PRO-425,PZ-VALUE,-0.615,0.087,7180,0.785,2026-03-29
QX-PRO-427,PZ-METRO,-2.340,0.190,2075,0.600,2026-03-26
QX-PRO-427,PZ-URBAN,-0.776,0.096,7260,0.610,2026-03-10
QX-PRO-427,PZ-CORE,-0.592,1.878,21,0.113,2026-03-06
QX-PRO-427,PZ-VALUE,-2.510,0.144,7645,0.613,2026-03-29
QX-PRO-427,PZ-REMOTE,-1.708,0.052,4671,0.680,2026-03-06
QX-CER-428,PZ-METRO,-1.273,0.033,2317,0.613,2026-03-15
QX-CER-428,PZ-URBAN,-2.343,0.196,4830,0.894,2026-03-09
QX-CER-428,PZ-CORE,-2.207,0.084,9375,0.642,2026-03-04
QX-CER-428,PZ-VALUE,-0.933,0.882,33,0.024,2026-03-17
QX-CER-428,PZ-REMOTE,-2.304,0.077,3440,0.735,2026-03-21
QX-HBC-431,PZ-METRO,-3.129,0.045,5413,0.502,2026-03-27
QX-HBC-431,PZ-URBAN,-1.189,0.207,350,0.830,2026-03-15
QX-HBC-431,PZ-CORE,-0.784,0.135,2902,0.549,2026-02-21
QX-HBC-431,PZ-VALUE,-2.028,0.217,2732,0.874,2026-03-19
QX-HBC-431,PZ-REMOTE,-1.922,0.205,7680,0.762,2026-03-29
QX-FRZ-432,PZ-METRO,-1.047,1.156,24,0.100,2026-03-21
QX-FRZ-432,PZ-URBAN,-1.431,0.150,2721,0.491,2026-03-07
QX-FRZ-432,PZ-VALUE,-1.461,0.048,544,0.848,2026-03-05
QX-FRZ-432,PZ-REMOTE,-2.223,0.127,1530,0.756,2026-03-15
QX-BAK-434,PZ-METRO,-0.789,0.215,8589,0.449,2026-03-23
QX-BAK-434,PZ-CORE,-3.022,0.185,2407,0.810,2026-02-26
QX-BAK-434,PZ-VALUE,-2.517,0.119,8848,0.486,2026-03-16
QX-BAK-434,PZ-REMOTE,-0.950,0.198,6163,0.781,2026-03-11
QX-FRZ-435,PZ-METRO,-1.566,1.763,30,0.029,2026-03-23
QX-FRZ-435,PZ-CORE,-0.932,1.478,32,0.020,2026-03-20
QX-FRZ-435,PZ-VALUE,-2.551,0.122,7933,0.470,2026-03-02
QX-FRZ-435,PZ-REMOTE,-1.499,0.199,6887,0.798,2026-03-20
QX-CHL-438,PZ-URBAN,-1.034,1.891,21,0.103,2026-03-29
QX-CHL-438,PZ-VALUE,-1.355,0.117,5757,0.450,2026-03-01
QX-CHL-438,PZ-REMOTE,-2.380,0.118,5604,0.778,2026-03-20
QX-PET-447,PZ-METRO,-1.509,0.119,7335,0.816,2026-03-26
QX-PET-447,PZ-URBAN,-0.699,0.083,3652,0.778,2026-03-20
QX-PET-447,PZ-CORE,-1.669,0.205,3675,0.842,2026-02-24
QX-PET-447,PZ-REMOTE,-2.156,2.376,10,0.065,2026-03-07
QX-CER-448,PZ-METRO,-2.222,0.121,7191,0.530,2026-02-26
QX-CER-448,PZ-URBAN,-2.935,0.083,7718,0.831,2026-03-04
QX-CER-448,PZ-CORE,-3.080,0.220,3126,0.654,2026-03-19
QX-CER-448,PZ-VALUE,-1.775,0.199,7778,0.645,2026-03-24
QX-CER-448,PZ-REMOTE,-1.367,1.457,22,0.074,2026-03-26
QX-HBC-449,PZ-METRO,-1.155,0.195,1312,0.461,2026-03-22
QX-HBC-449,PZ-URBAN,-1.356,0.073,6564,0.450,2026-03-29
QX-HBC-449,PZ-REMOTE,-0.763,0.080,1831,0.783,2026-03-05
QX-PET-450,PZ-METRO,-1.924,0.127,7929,0.492,2026-02-21
QX-PET-450,PZ-VALUE,-2.710,0.146,4113,0.709,2026-03-10
QX-PET-450,PZ-REMOTE,-2.306,0.045,456,0.819,2026-03-15
QX-HBC-455,PZ-METRO,-0.434,0.063,8709,0.774,2026-03-20
QX-HBC-455,PZ-URBAN,-3.163,0.057,1958,0.560,2026-02-26
QX-HBC-455,PZ-CORE,-2.376,0.064,2285,0.609,2026-03-06
QX-HBC-455,PZ-VALUE,-2.449,0.079,2278,0.868,2026-03-25
QX-HBC-455,PZ-REMOTE,-2.576,0.194,8201,0.581,2026-03-16
QX-DRK-461,PZ-METRO,-1.598,0.192,6298,0.636,2026-03-16
QX-DRK-461,PZ-URBAN,-2.839,0.135,3109,0.748,2026-03-21
QX-DRK-461,PZ-CORE,-2.251,0.213,5463,0.758,2026-03-06
QX-DRK-461,PZ-VALUE,-0.839,0.198,5952,0.555,2026-02-22
QX-PRO-462,PZ-URBAN,-2.362,0.103,6252,0.821,2026-03-09
QX-PRO-462,PZ-CORE,-0.891,0.134,6127,0.692,2026-03-19
QX-PRO-462,PZ-VALUE,-2.211,0.069,1731,0.564,2026-03-09
QX-PRO-462,PZ-REMOTE,-3.167,0.145,526,0.641,2026-03-14
QX-CER-464,PZ-METRO,-2.681,0.192,8600,0.698,2026-03-26
QX-CER-464,PZ-URBAN,-2.459,0.073,3674,0.455,2026-03-05
QX-CER-464,PZ-CORE,-1.824,0.209,7443,0.554,2026-03-19
QX-CER-464,PZ-VALUE,-2.417,0.044,8199,0.770,2026-02-27
QX-FRZ-468,PZ-METRO,-1.358,0.105,8276,0.800,2026-02-22
QX-FRZ-468,PZ-URBAN,-2.905,0.075,4157,0.877,2026-03-08
QX-FRZ-468,PZ-CORE,-1.857,0.087,374,0.676,2026-03-09
QX-FRZ-468,PZ-VALUE,-1.739,0.114,6406,0.896,2026-02-27
QX-FRZ-468,PZ-REMOTE,-2.716,0.036,813,0.732,2026-02-28
QX-DRY-469,PZ-URBAN,-1.494,0.218,375,0.630,2026-03-29
QX-DRY-469,PZ-CORE,-1.287,0.154,8770,0.515,2026-02-23
QX-DRY-469,PZ-VALUE,-2.501,0.058,3484,0.681,2026-03-17
QX-DRY-469,PZ-REMOTE,-2.521,1.613,26,0.178,2026-03-14
QX-TIN-470,PZ-METRO,-2.822,0.205,3608,0.739,2026-03-04
QX-TIN-470,PZ-URBAN,-1.849,0.068,528,0.577,2026-03-09
QX-TIN-470,PZ-CORE,-2.376,0.064,689,0.840,2026-03-22
QX-TIN-470,PZ-VALUE,-1.091,0.062,9230,0.812,2026-03-22
QX-TIN-470,PZ-REMOTE,-2.738,0.135,4233,0.785,2026-03-11
QX-CER-473,PZ-METRO,-2.397,0.106,1634,0.655,2026-03-25
QX-CER-473,PZ-CORE,-0.655,0.089,2133,0.485,2026-03-27
QX-CER-473,PZ-VALUE,-2.995,0.051,9036,0.548,2026-03-01
QX-CER-473,PZ-REMOTE,-1.715,0.215,9164,0.807,2026-03-16
QX-BWS-474,PZ-METRO,-0.463,0.116,7038,0.845,2026-03-02
QX-BWS-474,PZ-URBAN,-0.944,0.041,6484,0.782,2026-03-10
QX-BWS-474,PZ-CORE,-3.097,0.076,9026,0.504,2026-03-29
QX-BWS-474,PZ-REMOTE,-1.948,0.208,7510,0.641,2026-03-18
QX-PRO-475,PZ-URBAN,-2.416,0.063,6645,0.562,2026-03-25
QX-PRO-475,PZ-CORE,-1.897,0.153,9025,0.466,2026-03-10
QX-PRO-475,PZ-VALUE,-2.067,0.031,6115,0.446,2026-03-23
QX-PRO-475,PZ-REMOTE,-1.604,0.176,8659,0.513,2026-03-12
QX-CHL-476,PZ-METRO,-0.953,0.103,5326,0.800,2026-02-25
QX-CHL-476,PZ-URBAN,-2.090,0.114,5836,0.834,2026-03-22
QX-CHL-476,PZ-CORE,-0.611,0.098,7626,0.804,2026-03-05
QX-CHL-476,PZ-VALUE,-0.896,1.673,24,0.095,2026-02-26
QX-CHL-476,PZ-REMOTE,-1.392,0.090,5545,0.490,2026-03-13
QX-TIN-486,PZ-URBAN,-0.767,0.153,6172,0.494,2026-03-12
QX-TIN-486,PZ-CORE,-2.141,0.051,2498,0.756,2026-03-17
QX-TIN-486,PZ-VALUE,-1.379,0.140,1358,0.534,2026-03-14
QX-BWS-489,PZ-METRO,-1.406,0.193,6604,0.743,2026-02-24
QX-BWS-489,PZ-URBAN,-1.256,0.163,925,0.900,2026-03-24
QX-BWS-489,PZ-VALUE,-1.290,0.063,6509,0.585,2026-03-11
QX-BWS-489,PZ-REMOTE,-1.135,0.035,6009,0.535,2026-03-02
QX-CHL-496,PZ-METRO,-0.813,0.179,2853,0.460,2026-03-09
QX-CHL-496,PZ-CORE,-1.716,2.021,39,0.053,2026-03-08
QX-CHL-496,PZ-VALUE,-3.058,0.173,6568,0.474,2026-03-06
QX-BWS-498,PZ-METRO,-2.948,0.165,8578,0.465,2026-03-28
QX-BWS-498,PZ-URBAN,-3.160,0.183,1426,0.553,2026-03-12
QX-BWS-498,PZ-CORE,-1.609,1.774,24,0.041,2026-03-24
QX-BWS-498,PZ-VALUE,-2.485,0.156,8290,0.841,2026-03-05
QX-BWS-498,PZ-REMOTE,-0.807,0.050,4478,0.633,2026-03-24
QX-PET-500,PZ-VALUE,-1.302,0.093,4632,0.451,2026-03-25
QX-PET-500,PZ-REMOTE,-2.013,0.152,8589,0.690,2026-02-23
QX-HHD-501,PZ-METRO,-1.609,2.001,21,0.058,2026-02-22
QX-HHD-501,PZ-CORE,-1.503,0.110,1174,0.581,2026-03-09
QX-HHD-501,PZ-VALUE,-0.531,0.151,6824,0.735,2026-02-26
QX-DRY-502,PZ-URBAN,-2.864,0.894,16,0.024,2026-03-11
QX-DRY-502,PZ-CORE,-2.417,0.089,5067,0.599,2026-03-15
QX-DRY-502,PZ-VALUE,-2.301,0.190,5336,0.684,2026-03-03
QX-BAK-510,PZ-METRO,-3.159,0.174,8174,0.737,2026-03-01
QX-BAK-510,PZ-URBAN,-0.451,0.210,3568,0.505,2026-03-19
QX-BAK-510,PZ-CORE,-1.783,0.161,7584,0.709,2026-02-23
QX-BAK-510,PZ-REMOTE,-1.148,0.071,7166,0.859,2026-02-21
QX-CER-511,PZ-METRO,-0.884,0.132,7459,0.513,2026-03-02
QX-CER-511,PZ-URBAN,-2.312,0.052,3217,0.723,2026-03-20
QX-CER-511,PZ-CORE,-1.429,0.084,2620,0.809,2026-02-28
QX-CER-511,PZ-VALUE,-2.123,0.134,2561,0.558,2026-02-25
QX-CER-511,PZ-REMOTE,-0.792,0.201,8009,0.651,2026-03-06
QX-BAK-512,PZ-METRO,-0.815,0.137,3774,0.738,2026-03-03
QX-BAK-512,PZ-URBAN,-2.690,0.177,7552,0.828,2026-02-21
QX-BAK-512,PZ-CORE,-0.558,0.190,6235,0.698,2026-03-20
QX-BAK-512,PZ-VALUE,-2.567,0.212,1603,0.511,2026-03-11
QX-BAK-512,PZ-REMOTE,-2.067,0.215,699,0.908,2026-02-26
QX-CER-513,PZ-METRO,-0.547,0.084,3275,0.542,2026-03-25
QX-CER-513,PZ-URBAN,-0.563,0.097,2928,0.485,2026-02-22
QX-CER-513,PZ-CORE,-1.438,0.107,4052,0.732,2026-03-25
QX-CER-513,PZ-VALUE,-3.181,0.131,6961,0.457,2026-03-04
QX-CER-513,PZ-REMOTE,-2.220,0.083,7677,0.687,2026-02-27
QX-DRK-514,PZ-METRO,-2.935,0.098,439,0.712,2026-02-21
QX-DRK-514,PZ-URBAN,-2.949,0.055,8166,0.673,2026-02-21
QX-DRK-514,PZ-CORE,-1.894,0.082,2048,0.461,2026-03-29
QX-DRK-514,PZ-REMOTE,-1.158,0.138,9066,0.486,2026-02-25
QX-DRY-517,PZ-METRO,-2.632,0.175,3657,0.874,2026-03-11
QX-DRY-517,PZ-CORE,-1.384,0.084,4351,0.804,2026-03-02
QX-DRY-517,PZ-VALUE,-2.419,0.219,4137,0.557,2026-03-26
QX-DRY-517,PZ-REMOTE,-1.909,0.187,785,0.488,2026-03-06
QX-DRY-528,PZ-URBAN,-2.601,0.191,8889,0.736,2026-03-24
QX-DRY-528,PZ-VALUE,-2.396,0.219,3031,0.738,2026-03-17
QX-DRY-528,PZ-REMOTE,-1.372,0.142,8480,0.755,2026-03-24
QX-DRY-529,PZ-URBAN,-2.090,0.056,2205,0.491,2026-03-12
QX-DRY-529,PZ-CORE,-3.037,0.099,2714,0.889,2026-03-09
QX-DRY-529,PZ-VALUE,-2.042,0.154,608,0.677,2026-02-22
QX-DRY-529,PZ-REMOTE,-1.778,0.168,6150,0.763,2026-02-26
QX-DRK-530,PZ-METRO,-2.008,0.844,13,0.127,2026-02-24
QX-DRK-530,PZ-URBAN,-2.130,0.071,5497,0.877,2026-03-15
QX-DRK-530,PZ-CORE,-1.857,0.064,6803,0.719,2026-03-16
QX-DRK-530,PZ-VALUE,-1.399,0.170,8758,0.910,2026-03-27
QX-TIN-531,PZ-METRO,-1.468,0.109,8655,0.565,2026-03-01
QX-TIN-531,PZ-URBAN,-1.318,0.062,5589,0.828,2026-03-07
QX-TIN-531,PZ-CORE,-1.400,0.103,3541,0.667,2026-02-27
QX-TIN-531,PZ-VALUE,-0.838,0.190,9285,0.600,2026-02-24
QX-TIN-531,PZ-REMOTE,-1.677,0.175,2986,0.458,2026-03-08
QX-PRO-532,PZ-METRO,-3.019,0.090,8312,0.812,2026-03-01
QX-PRO-532,PZ-URBAN,-1.289,0.039,2088,0.811,2026-02-24
QX-PRO-532,PZ-CORE,-2.911,0.219,8809,0.460,2026-03-04
QX-PRO-532,PZ-VALUE,-1.175,0.201,2306,0.457,2026-03-12
QX-HBC-544,PZ-METRO,-2.707,0.102,4092,0.537,2026-02-25
QX-HBC-544,PZ-URBAN,-3.161,0.163,4126,0.891,2026-02-27
QX-HBC-544,PZ-CORE,-3.116,0.158,2336,0.926,2026-03-11
QX-HBC-544,PZ-REMOTE,-2.397,0.096,5316,0.743,2026-03-05
QX-FRZ-547,PZ-METRO,-1.523,0.197,8365,0.709,2026-02-21
QX-FRZ-547,PZ-CORE,-0.504,0.111,6458,0.747,2026-03-12
QX-FRZ-547,PZ-VALUE,-2.558,0.168,7164,0.489,2026-03-07
QX-FRZ-547,PZ-REMOTE,-3.107,0.164,2499,0.720,2026-02-26
QX-DRK-548,PZ-METRO,-1.959,0.178,4436,0.720,2026-03-15
QX-DRK-548,PZ-URBAN,-1.238,0.157,9095,0.592,2026-03-24
QX-DRK-548,PZ-CORE,-0.833,1.359,20,0.123,2026-02-27
QX-DRK-548,PZ-VALUE,-1.383,0.086,6924,0.914,2026-03-16
QX-DRK-548,PZ-REMOTE,-0.489,0.107,7107,0.455,2026-03-11
QX-BWS-550,PZ-METRO,-1.232,0.093,1856,0.520,2026-02-23
QX-BWS-550,PZ-URBAN,-2.824,0.055,1000,0.476,2026-03-14
QX-BWS-550,PZ-CORE,-1.606,0.033,8060,0.484,2026-02-21
QX-BWS-550,PZ-VALUE,-3.185,0.108,3499,0.774,2026-03-29
QX-BWS-550,PZ-REMOTE,-3.198,0.170,5452,0.774,2026-03-22
QX-TIN-558,PZ-METRO,-3.005,1.551,25,0.102,2026-03-09
QX-TIN-558,PZ-URBAN,-1.047,0.053,8721,0.761,2026-03-20
QX-TIN-558,PZ-REMOTE,-1.938,0.136,2822,0.528,2026-02-24
QX-DRK-560,PZ-METRO,-2.454,0.169,8277,0.532,2026-03-05
QX-DRK-560,PZ-URBAN,-0.541,1.216,14,0.010,2026-03-05
QX-DRK-560,PZ-CORE,-2.219,0.148,1993,0.841,2026-03-16
QX-DRK-560,PZ-VALUE,-2.103,0.218,3322,0.906,2026-03-03
QX-DRK-560,PZ-REMOTE,-2.445,0.036,1719,0.522,2026-03-26
QX-FRZ-561,PZ-METRO,-2.273,0.119,7657,0.777,2026-03-17
QX-FRZ-561,PZ-CORE,-1.518,0.060,7770,0.635,2026-02-24
QX-FRZ-561,PZ-VALUE,-2.565,0.968,31,0.091,2026-03-26
QX-FRZ-561,PZ-REMOTE,-0.555,0.204,7067,0.556,2026-03-10
QX-DRK-563,PZ-CORE,-1.680,0.166,3010,0.711,2026-03-12
QX-DRK-563,PZ-REMOTE,-2.801,0.143,7184,0.557,2026-03-02
QX-DRY-565,PZ-METRO,-1.635,0.206,2540,0.855,2026-02-26
QX-DRY-565,PZ-URBAN,-1.321,0.094,1749,0.649,2026-03-19
QX-DRY-565,PZ-CORE,-1.612,0.085,6786,0.648,2026-03-14
QX-DRY-565,PZ-VALUE,-1.494,0.198,8939,0.825,2026-03-25
QX-TIN-566,PZ-METRO,-1.823,2.165,26,0.055,2026-03-27
QX-TIN-566,PZ-URBAN,-1.440,0.115,9110,0.583,2026-03-29
QX-TIN-566,PZ-CORE,-0.440,0.104,5930,0.638,2026-03-14
QX-TIN-566,PZ-REMOTE,-2.463,0.692,13,0.176,2026-03-12
QX-BAK-567,PZ-METRO,-1.114,1.351,14,0.053,2026-03-15
QX-BAK-567,PZ-URBAN,-0.899,0.058,1887,0.864,2026-03-29
QX-HBC-568,PZ-METRO,-1.714,0.217,8329,0.700,2026-03-02
QX-HBC-568,PZ-URBAN,-0.785,0.126,9375,0.475,2026-03-07
QX-HBC-568,PZ-VALUE,-2.704,0.035,5678,0.601,2026-03-24
QX-HBC-568,PZ-REMOTE,-1.888,1.002,16,0.121,2026-03-13
QX-CER-570,PZ-METRO,-1.320,0.130,2809,0.869,2026-02-21
QX-CER-570,PZ-URBAN,-2.315,0.185,523,0.804,2026-03-03
QX-CER-570,PZ-CORE,-2.601,0.106,6695,0.588,2026-03-19
QX-CER-570,PZ-VALUE,-1.980,0.051,1437,0.566,2026-02-21
QX-CER-570,PZ-REMOTE,-2.334,0.133,4814,0.850,2026-02-22
QX-DRY-571,PZ-METRO,-0.447,0.107,2576,0.890,2026-03-12
QX-DRY-571,PZ-URBAN,-2.816,0.176,9369,0.519,2026-03-03
QX-DRY-571,PZ-CORE,-2.336,0.191,2313,0.883,2026-03-05
QX-DRY-571,PZ-VALUE,-1.379,0.060,1988,0.551,2026-03-28
QX-DRY-571,PZ-REMOTE,-1.590,0.195,6887,0.693,2026-03-05
QX-PET-572,PZ-METRO,-1.100,1.807,36,0.045,2026-03-25
QX-PET-572,PZ-CORE,-1.122,1.352,18,0.114,2026-03-08
QX-PET-572,PZ-VALUE,-1.970,0.032,9018,0.504,2026-03-04
QX-DRY-574,PZ-CORE,-1.856,0.031,1614,0.478,2026-03-20
QX-DRY-574,PZ-VALUE,-2.523,0.130,7236,0.605,2026-03-17
QX-HBC-576,PZ-METRO,-0.462,0.034,3898,0.921,2026-03-12
QX-HBC-576,PZ-URBAN,-1.138,0.182,1075,0.845,2026-02-25
QX-HBC-576,PZ-CORE,-3.146,1.719,19,0.194,2026-03-06
QX-HBC-576,PZ-VALUE,-3.066,0.067,1937,0.845,2026-03-11
QX-HBC-576,PZ-REMOTE,-2.526,0.052,8346,0.790,2026-03-01
QX-BAK-582,PZ-METRO,-1.815,0.200,8254,0.727,2026-03-14
QX-BAK-582,PZ-CORE,-2.580,2.231,20,0.040,2026-03-13
QX-BAK-582,PZ-VALUE,-1.029,0.088,1415,0.710,2026-03-26
QX-BAK-582,PZ-REMOTE,-1.695,0.031,6679,0.584,2026-03-29
QX-BWS-584,PZ-URBAN,-3.121,1.879,31,0.170,2026-03-16
QX-BWS-584,PZ-CORE,-0.467,0.093,1399,0.721,2026-03-11
QX-BWS-584,PZ-VALUE,-2.707,0.115,1868,0.650,2026-03-04
QX-BWS-584,PZ-REMOTE,-3.020,0.153,751,0.725,2026-03-22
QX-FRZ-586,PZ-METRO,-2.125,0.134,6444,0.640,2026-03-06
QX-FRZ-586,PZ-URBAN,-1.848,0.089,1299,0.648,2026-03-29
QX-FRZ-586,PZ-CORE,-3.113,0.109,5386,0.568,2026-03-28
QX-FRZ-586,PZ-VALUE,-1.407,0.116,2345,0.528,2026-02-27
QX-FRZ-586,PZ-REMOTE,-2.218,0.088,7781,0.912,2026-02-27
QX-BAK-587,PZ-METRO,-1.936,1.654,27,0.115,2026-03-29
QX-BAK-587,PZ-CORE,-1.724,1.400,27,0.185,2026-03-19
QX-BAK-587,PZ-VALUE,-1.015,0.146,2198,0.831,2026-03-12
QX-BAK-587,PZ-REMOTE,-0.617,0.191,3127,0.603,2026-03-05
QX-CHL-588,PZ-METRO,-0.985,0.173,4222,0.501,2026-03-12
QX-CHL-588,PZ-URBAN,-1.980,0.118,1197,0.717,2026-03-13
QX-CHL-588,PZ-CORE,-2.124,0.187,422,0.623,2026-03-10
QX-CHL-588,PZ-REMOTE,-2.288,0.194,3127,0.699,2026-03-07
QX-BWS-589,PZ-METRO,-1.937,0.033,3024,0.802,2026-03-01
QX-BWS-589,PZ-URBAN,-0.535,0.166,7456,0.543,2026-03-17
QX-BWS-589,PZ-CORE,-3.026,0.113,3581,0.735,2026-03-15
QX-BWS-589,PZ-VALUE,-1.370,0.050,7584,0.849,2026-03-14
QX-BWS-589,PZ-REMOTE,-1.958,0.907,15,0.149,2026-03-04
QX-BAK-590,PZ-METRO,-3.183,2.176,28,0.166,2026-02-25
QX-BAK-590,PZ-URBAN,-1.047,0.164,8587,0.860,2026-02-27
QX-BAK-590,PZ-CORE,-2.592,2.256,30,0.078,2026-03-23
QX-BAK-590,PZ-VALUE,-2.413,0.075,8595,0.679,2026-03-24
QX-BAK-590,PZ-REMOTE,-2.475,0.927,37,0.020,2026-03-17
QX-FRZ-591,PZ-URBAN,-2.917,0.161,7256,0.835,2026-03-28
QX-FRZ-591,PZ-CORE,-1.359,0.166,5701,0.884,2026-02-25
QX-FRZ-591,PZ-VALUE,-1.951,0.156,5594,0.838,2026-03-23
QX-DRY-593,PZ-METRO,-1.870,0.130,4348,0.781,2026-03-11
QX-DRY-593,PZ-CORE,-2.688,0.191,5783,0.927,2026-03-05
QX-DRY-593,PZ-VALUE,-3.088,0.217,6317,0.523,2026-03-13
QX-DRY-593,PZ-REMOTE,-2.463,0.089,6236,0.563,2026-02-22
QX-HHD-594,PZ-METRO,-3.077,0.149,1696,0.564,2026-02-23
QX-HHD-594,PZ-URBAN,-1.190,0.171,1389,0.688,2026-02-24
QX-HHD-594,PZ-CORE,-2.092,1.618,33,0.165,2026-03-23
QX-HHD-594,PZ-VALUE,-2.151,0.073,7926,0.496,2026-03-15
QX-HHD-605,PZ-METRO,-2.867,0.067,2041,0.798,2026-03-15
QX-HHD-605,PZ-CORE,-0.828,0.209,3436,0.919,2026-02-23
QX-HHD-605,PZ-VALUE,-2.481,0.036,9031,0.793,2026-03-23
QX-HHD-605,PZ-REMOTE,-0.576,0.047,7821,0.581,2026-03-24
QX-HHD-606,PZ-METRO,-2.961,0.168,5784,0.605,2026-03-12
QX-HHD-606,PZ-CORE,-1.816,0.178,1113,0.617,2026-03-17
QX-HHD-606,PZ-VALUE,-2.527,1.614,39,0.032,2026-03-22
QX-HHD-606,PZ-REMOTE,-2.546,0.059,7618,0.816,2026-03-27
QX-BWS-607,PZ-METRO,-0.808,0.121,5658,0.550,2026-03-26
QX-BWS-607,PZ-URBAN,-2.371,0.099,1763,0.607,2026-03-07
QX-BWS-607,PZ-VALUE,-2.488,0.095,9393,0.673,2026-03-09
QX-BWS-607,PZ-REMOTE,-3.147,0.219,2059,0.823,2026-03-08
QX-BAK-608,PZ-METRO,-0.758,0.137,1934,0.821,2026-02-22
QX-BAK-608,PZ-CORE,-0.729,0.211,5641,0.647,2026-03-16
QX-BAK-608,PZ-VALUE,-0.537,0.188,4932,0.639,2026-03-26
QX-DRK-609,PZ-METRO,-1.344,0.106,6396,0.912,2026-03-22
QX-DRK-609,PZ-URBAN,-3.020,0.076,2360,0.559,2026-03-23
QX-DRK-609,PZ-CORE,-2.678,0.211,3633,0.561,2026-03-28
QX-DRK-609,PZ-REMOTE,-2.133,0.047,7766,0.727,2026-03-10
QX-DRY-610,PZ-METRO,-0.545,0.108,8447,0.844,2026-03-09
QX-DRY-610,PZ-URBAN,-1.984,0.124,7846,0.498,2026-03-02
QX-DRY-610,PZ-VALUE,-1.682,0.190,7465,0.730,2026-03-06
QX-HBC-613,PZ-METRO,-1.410,0.061,4327,0.765,2026-03-07
QX-BWS-614,PZ-METRO,-1.470,1.745,39,0.044,2026-03-14
QX-BWS-614,PZ-URBAN,-2.877,0.065,2534,0.783,2026-03-26
QX-BWS-614,PZ-CORE,-1.124,0.036,4946,0.723,2026-02-24
QX-BWS-614,PZ-VALUE,-2.157,0.191,9154,0.790,2026-03-05
QX-BWS-614,PZ-REMOTE,-3.104,1.121,23,0.193,2026-02-24
QX-PET-616,PZ-URBAN,-2.975,0.744,12,0.117,2026-02-24
QX-PET-616,PZ-CORE,-1.409,0.155,5990,0.446,2026-03-12
QX-PET-616,PZ-VALUE,-0.906,0.217,7667,0.719,2026-03-21
QX-PET-616,PZ-REMOTE,-3.007,0.219,1439,0.514,2026-03-11
QX-CHL-617,PZ-METRO,-2.777,0.166,2123,0.857,2026-03-04
QX-CHL-617,PZ-URBAN,-2.880,2.044,24,0.087,2026-03-13
QX-CHL-617,PZ-CORE,-2.975,0.057,544,0.776,2026-03-23
QX-CHL-617,PZ-REMOTE,-1.247,1.964,24,0.035,2026-03-18
QX-FRZ-622,PZ-METRO,-3.079,0.204,3513,0.775,2026-02-27
QX-FRZ-622,PZ-URBAN,-2.054,0.032,1615,0.729,2026-03-21
QX-FRZ-622,PZ-REMOTE,-0.941,0.184,5797,0.789,2026-02-21
QX-PRO-625,PZ-METRO,-2.781,0.215,1795,0.683,2026-03-17
QX-PRO-625,PZ-CORE,-0.911,0.206,3049,0.904,2026-03-03
QX-PRO-625,PZ-VALUE,-1.725,0.040,1493,0.853,2026-03-01
QX-PRO-625,PZ-REMOTE,-2.564,0.080,2813,0.755,2026-03-19
QX-DRK-627,PZ-METRO,-2.473,1.007,32,0.066,2026-03-28
QX-DRK-627,PZ-URBAN,-0.783,0.085,6510,0.610,2026-03-10
QX-DRK-627,PZ-CORE,-1.435,0.157,7015,0.832,2026-03-10
QX-DRK-627,PZ-VALUE,-2.791,0.116,515,0.802,2026-03-20
QX-DRK-627,PZ-REMOTE,-2.580,0.153,1430,0.758,2026-03-03
QX-BAK-630,PZ-METRO,-3.164,0.149,4259,0.472,2026-03-05
QX-BAK-630,PZ-CORE,-3.060,0.043,2267,0.584,2026-02-21
QX-BAK-630,PZ-VALUE,-1.713,0.077,2597,0.482,2026-03-07
QX-BAK-630,PZ-REMOTE,-2.853,0.109,4850,0.485,2026-03-21
QX-CHL-631,PZ-URBAN,-2.743,0.097,6944,0.893,2026-03-05
QX-CHL-631,PZ-VALUE,-2.778,0.069,3160,0.904,2026-03-10
QX-CHL-631,PZ-REMOTE,-1.773,0.217,4412,0.543,2026-03-24
QX-BWS-632,PZ-METRO,-2.626,0.111,9388,0.922,2026-03-15
QX-BWS-632,PZ-VALUE,-1.027,0.189,580,0.696,2026-03-18
QX-BWS-632,PZ-REMOTE,-0.974,1.475,30,0.144,2026-03-21
QX-BWS-634,PZ-METRO,-2.090,0.141,4264,0.779,2026-03-19
QX-BWS-634,PZ-URBAN,-3.078,0.125,8926,0.530,2026-03-26
QX-BWS-634,PZ-CORE,-2.100,0.082,4252,0.865,2026-03-21
QX-BWS-634,PZ-VALUE,-1.000,0.196,5504,0.597,2026-03-24
QX-DRY-635,PZ-METRO,-2.258,0.092,3840,0.692,2026-03-01
QX-DRY-635,PZ-URBAN,-2.031,0.083,1110,0.878,2026-03-15
QX-DRY-635,PZ-VALUE,-2.052,0.077,1852,0.617,2026-02-25
QX-DRY-635,PZ-REMOTE,-1.368,0.214,4078,0.918,2026-02-27
QX-BAK-638,PZ-METRO,-2.028,1.815,13,0.054,2026-03-04
QX-BAK-638,PZ-VALUE,-2.999,0.206,5514,0.740,2026-02-27
QX-BAK-638,PZ-REMOTE,-1.256,0.169,2507,0.867,2026-02-21
QX-CER-639,PZ-METRO,-1.797,0.106,6446,0.499,2026-03-13
QX-CER-639,PZ-CORE,-2.283,0.189,2394,0.880,2026-02-21
QX-CER-639,PZ-VALUE,-2.952,0.204,2828,0.443,2026-03-28
QX-CER-639,PZ-REMOTE,-2.076,0.092,3473,0.697,2026-02-22
QX-PRO-641,PZ-METRO,-3.127,0.206,8726,0.616,2026-03-18
QX-PRO-641,PZ-VALUE,-1.753,0.109,3782,0.857,2026-03-08
QX-PRO-641,PZ-REMOTE,-1.847,0.087,5288,0.840,2026-03-22
QX-CHL-643,PZ-METRO,-0.902,0.054,4619,0.609,2026-03-03
QX-CHL-643,PZ-URBAN,-2.372,0.114,6453,0.772,2026-03-03
QX-CHL-643,PZ-CORE,-2.429,0.109,5531,0.501,2026-03-20
QX-CHL-643,PZ-VALUE,-1.071,0.148,8718,0.539,2026-03-16
QX-CHL-643,PZ-REMOTE,-2.731,0.106,2872,0.851,2026-02-21
QX-TIN-644,PZ-METRO,-2.522,0.153,4825,0.638,2026-03-26
QX-TIN-644,PZ-URBAN,-2.941,0.105,2943,0.883,2026-03-14
QX-TIN-644,PZ-CORE,-1.409,0.195,2953,0.614,2026-02-26
QX-TIN-644,PZ-REMOTE,-1.272,0.070,6361,0.906,2026-03-09
QX-DRY-647,PZ-METRO,-2.334,0.080,8538,0.827,2026-03-08
QX-DRY-647,PZ-URBAN,-2.248,0.206,5800,0.526,2026-03-23
QX-DRY-647,PZ-CORE,-1.576,1.661,16,0.121,2026-03-18
QX-DRY-647,PZ-VALUE,-2.028,0.164,2788,0.863,2026-02-27
QX-DRY-647,PZ-REMOTE,-1.181,0.120,8034,0.693,2026-03-04
QX-HBC-648,PZ-METRO,-1.942,0.133,4683,0.715,2026-03-11
QX-HBC-648,PZ-URBAN,-2.787,0.070,3948,0.624,2026-03-20
QX-HBC-648,PZ-CORE,-0.927,0.127,8418,0.649,2026-03-26
QX-HBC-648,PZ-VALUE,-2.011,0.132,7062,0.517,2026-02-26
QX-HBC-648,PZ-REMOTE,-0.997,0.199,7311,0.587,2026-03-29
QX-BWS-654,PZ-URBAN,-2.556,0.053,6853,0.801,2026-03-26
QX-BWS-654,PZ-CORE,-1.541,1.100,19,0.103,2026-03-01
QX-BWS-654,PZ-VALUE,-1.697,0.681,26,0.027,2026-03-01
QX-BWS-654,PZ-REMOTE,-2.930,0.192,2784,0.515,2026-03-26
QX-PET-657,PZ-METRO,-2.284,0.187,9339,0.885,2026-03-05
QX-PET-657,PZ-URBAN,-2.373,0.073,829,0.784,2026-03-11
QX-PET-657,PZ-CORE,-1.800,0.098,7511,0.892,2026-02-28
QX-PET-657,PZ-REMOTE,-2.640,0.152,2612,0.480,2026-02-21
QX-BAK-659,PZ-METRO,-2.402,0.044,1751,0.662,2026-02-22
QX-BAK-659,PZ-URBAN,-1.119,0.059,6005,0.877,2026-03-29
QX-BAK-659,PZ-CORE,-1.920,0.141,8469,0.740,2026-02-24
QX-BAK-659,PZ-VALUE,-1.564,0.088,9074,0.785,2026-03-18
QX-BAK-659,PZ-REMOTE,-0.735,0.105,5781,0.800,2026-02-26
QX-HHD-660,PZ-METRO,-2.562,0.070,8862,0.820,2026-03-15
QX-HHD-660,PZ-URBAN,-0.602,0.164,1728,0.724,2026-02-27
QX-HHD-660,PZ-CORE,-0.459,1.356,9,0.176,2026-03-12
QX-CHL-662,PZ-METRO,-1.262,0.067,524,0.534,2026-03-10
QX-CHL-662,PZ-URBAN,-2.283,0.040,5404,0.612,2026-03-02
QX-CHL-662,PZ-CORE,-0.782,0.185,576,0.914,2026-03-10
QX-CHL-662,PZ-VALUE,-2.927,0.051,4475,0.753,2026-02-28
QX-CHL-662,PZ-REMOTE,-1.815,0.069,681,0.593,2026-03-16
QX-CHL-670,PZ-METRO,-0.862,0.117,9180,0.708,2026-02-27
QX-CHL-670,PZ-URBAN,-1.673,0.055,5320,0.807,2026-03-29
QX-CHL-670,PZ-CORE,-2.707,0.106,3526,0.563,2026-03-22
QX-CHL-670,PZ-VALUE,-0.640,0.161,5409,0.548,2026-03-27
QX-CHL-670,PZ-REMOTE,-3.161,0.118,6489,0.490,2026-03-20
QX-PET-673,PZ-METRO,-2.450,0.092,4705,0.743,2026-02-25
QX-PET-673,PZ-CORE,-1.304,0.130,9035,0.467,2026-03-25
QX-PET-673,PZ-VALUE,-0.758,0.166,5500,0.562,2026-03-28
QX-PET-673,PZ-REMOTE,-0.869,0.167,1128,0.513,2026-03-27
QX-BWS-674,PZ-CORE,-0.479,0.114,849,0.809,2026-03-01
QX-BWS-674,PZ-VALUE,-1.998,0.202,5369,0.671,2026-03-18
QX-BWS-674,PZ-REMOTE,-0.822,0.177,8433,0.506,2026-03-13
QX-BAK-675,PZ-METRO,-1.768,0.078,1244,0.840,2026-03-05
QX-BAK-675,PZ-URBAN,-0.497,0.128,781,0.668,2026-02-26
QX-BAK-675,PZ-VALUE,-1.984,2.170,16,0.142,2026-03-21
QX-PET-677,PZ-METRO,-2.107,0.048,7127,0.583,2026-03-12
QX-PET-677,PZ-URBAN,-2.839,0.119,1663,0.456,2026-03-29
QX-PET-677,PZ-VALUE,-1.640,0.086,3255,0.926,2026-03-05
QX-DRK-678,PZ-METRO,-1.340,0.088,813,0.470,2026-03-01
QX-DRK-678,PZ-URBAN,-1.797,0.199,3355,0.601,2026-03-25
QX-DRK-678,PZ-CORE,-1.969,0.110,8401,0.524,2026-03-01
QX-DRK-678,PZ-VALUE,-0.814,0.173,2492,0.723,2026-03-28
QX-DRK-678,PZ-REMOTE,-2.369,0.200,5979,0.691,2026-03-05
QX-PET-686,PZ-METRO,-1.128,0.132,5898,0.884,2026-03-09
QX-PET-686,PZ-URBAN,-2.078,0.181,2993,0.621,2026-03-19
QX-PET-686,PZ-CORE,-2.741,0.121,7971,0.841,2026-02-25
QX-PET-686,PZ-REMOTE,-1.088,0.198,9091,0.615,2026-02-22
QX-DRY-689,PZ-METRO,-1.767,0.206,8941,0.678,2026-03-28
QX-DRY-689,PZ-URBAN,-2.558,1.855,14,0.176,2026-03-28
QX-DRY-689,PZ-CORE,-1.342,0.095,4503,0.515,2026-03-15
QX-DRY-689,PZ-REMOTE,-2.380,1.775,15,0.183,2026-03-01
QX-BAK-699,PZ-METRO,-2.886,0.176,9010,0.921,2026-03-27
QX-BAK-699,PZ-URBAN,-0.714,0.786,14,0.141,2026-02-27
QX-BAK-699,PZ-CORE,-2.264,0.215,5754,0.565,2026-02-23
QX-BAK-699,PZ-VALUE,-1.892,0.177,8832,0.688,2026-03-23
QX-CHL-701,PZ-METRO,-1.346,0.120,3597,0.800,2026-02-23
QX-CHL-701,PZ-URBAN,-1.254,1.012,29,0.138,2026-03-13
QX-CHL-701,PZ-CORE,-2.719,0.059,1405,0.844,2026-03-26
QX-CHL-701,PZ-VALUE,-1.891,0.130,3058,0.546,2026-03-29
QX-CHL-701,PZ-REMOTE,-2.517,1.229,15,0.161,2026-03-10
QX-FRZ-702,PZ-METRO,-1.631,0.121,9088,0.639,2026-02-21
QX-FRZ-702,PZ-VALUE,-1.629,0.151,8541,0.829,2026-02-23
QX-FRZ-702,PZ-REMOTE,-1.966,2.127,22,0.053,2026-03-04
QX-DRK-704,PZ-METRO,-2.594,0.174,4783,0.860,2026-03-14
QX-DRK-704,PZ-URBAN,-2.184,0.041,1053,0.565,2026-03-04
QX-DRK-704,PZ-CORE,-0.818,0.031,2699,0.475,2026-03-05
QX-DRK-704,PZ-VALUE,-1.234,0.148,7660,0.726,2026-03-27
QX-DRK-704,PZ-REMOTE,-2.197,0.132,3766,0.494,2026-03-10
QX-HHD-707,PZ-METRO,-1.114,0.210,3263,0.500,2026-03-11
QX-HHD-707,PZ-CORE,-0.660,0.040,2581,0.491,2026-03-18
QX-HHD-707,PZ-VALUE,-2.472,0.049,3243,0.763,2026-03-27
QX-HHD-707,PZ-REMOTE,-0.926,0.163,7504,0.475,2026-03-07
QX-BWS-712,PZ-URBAN,-0.811,0.154,5634,0.852,2026-03-18
QX-BWS-712,PZ-CORE,-0.776,0.146,7321,0.496,2026-03-25
QX-BWS-712,PZ-VALUE,-2.649,0.066,3107,0.544,2026-03-04
QX-BWS-712,PZ-REMOTE,-3.032,0.138,3172,0.645,2026-03-01
QX-PRO-714,PZ-METRO,-0.929,0.181,6363,0.533,2026-02-21
QX-PRO-714,PZ-URBAN,-1.362,0.099,4429,0.906,2026-02-22
QX-PRO-714,PZ-CORE,-1.393,0.156,7416,0.808,2026-02-21
QX-PRO-714,PZ-REMOTE,-1.619,0.106,1533,0.862,2026-03-16
QX-HBC-723,PZ-CORE,-0.805,1.978,32,0.025,2026-03-19
QX-HBC-723,PZ-REMOTE,-0.994,0.174,4847,0.556,2026-03-15
QX-CHL-724,PZ-METRO,-2.983,0.103,3300,0.479,2026-02-23
QX-CHL-724,PZ-CORE,-2.538,0.195,965,0.510,2026-03-03
QX-CHL-724,PZ-VALUE,-0.642,1.824,27,0.041,2026-03-15
QX-CHL-724,PZ-REMOTE,-1.077,0.034,2589,0.498,2026-03-04
QX-HBC-725,PZ-METRO,-2.035,0.209,5838,0.877,2026-03-03
QX-HBC-725,PZ-URBAN,-2.828,0.124,4128,0.817,2026-02-25
QX-HBC-725,PZ-REMOTE,-1.593,0.770,13,0.144,2026-03-06
QX-FRZ-727,PZ-METRO,-2.415,1.897,20,0.102,2026-03-19
QX-FRZ-727,PZ-URBAN,-1.266,0.059,6430,0.718,2026-03-17
QX-FRZ-727,PZ-CORE,-1.865,0.177,5561,0.520,2026-03-20
QX-FRZ-727,PZ-VALUE,-3.105,0.112,2340,0.707,2026-03-11
QX-FRZ-727,PZ-REMOTE,-2.594,1.120,14,0.135,2026-03-20
QX-DRK-728,PZ-METRO,-0.565,0.085,2995,0.532,2026-03-10
QX-DRK-728,PZ-URBAN,-0.683,0.039,5672,0.634,2026-03-03
QX-DRK-728,PZ-CORE,-1.430,0.171,6150,0.552,2026-03-09
QX-DRK-728,PZ-VALUE,-2.853,0.111,478,0.847,2026-03-16
QX-DRK-728,PZ-REMOTE,-1.062,0.054,7630,0.734,2026-03-13
QX-HHD-729,PZ-URBAN,-2.782,0.167,7627,0.536,2026-03-10
QX-HHD-729,PZ-CORE,-2.511,0.198,4194,0.499,2026-03-26
QX-HHD-729,PZ-VALUE,-2.156,0.215,776,0.493,2026-03-28
QX-BAK-730,PZ-METRO,-1.646,0.171,536,0.443,2026-03-17
QX-BAK-730,PZ-CORE,-1.057,0.087,2367,0.615,2026-03-15
QX-BAK-730,PZ-VALUE,-2.350,1.612,21,0.023,2026-03-14
QX-BWS-731,PZ-METRO,-2.057,0.089,860,0.643,2026-03-06
QX-BWS-731,PZ-URBAN,-3.200,0.059,7793,0.895,2026-02-22
QX-BWS-731,PZ-CORE,-0.855,0.177,799,0.515,2026-03-07
QX-BWS-731,PZ-VALUE,-2.048,0.181,1320,0.837,2026-02-22
QX-BWS-731,PZ-REMOTE,-1.646,0.113,5994,0.468,2026-03-16
QX-BAK-732,PZ-URBAN,-2.235,0.096,2337,0.790,2026-03-01
QX-BAK-732,PZ-CORE,-1.940,0.091,5761,0.925,2026-03-19
QX-BAK-732,PZ-REMOTE,-3.112,0.103,8867,0.654,2026-03-06
QX-CER-734,PZ-URBAN,-1.483,0.202,7382,0.776,2026-03-10
QX-CER-734,PZ-CORE,-1.624,0.076,1911,0.927,2026-02-21
QX-CER-734,PZ-VALUE,-1.534,1.824,26,0.154,2026-03-17
QX-CER-734,PZ-REMOTE,-2.013,0.098,1215,0.702,2026-03-23
QX-PRO-735,PZ-METRO,-3.039,0.171,7769,0.622,2026-03-14
QX-PRO-735,PZ-URBAN,-1.388,0.217,5374,0.772,2026-02-26
QX-PRO-735,PZ-CORE,-1.250,0.170,4693,0.882,2026-02-21
QX-PRO-735,PZ-VALUE,-0.441,0.194,4151,0.644,2026-03-16
QX-PRO-735,PZ-REMOTE,-1.871,0.208,7704,0.572,2026-03-14
QX-DRK-736,PZ-METRO,-1.394,0.032,1848,0.481,2026-03-07
QX-DRK-736,PZ-URBAN,-1.671,0.114,5991,0.877,2026-03-25
QX-DRK-736,PZ-CORE,-3.058,0.142,7120,0.574,2026-03-13
QX-DRK-736,PZ-VALUE,-0.445,0.128,8935,0.929,2026-03-03
QX-DRK-736,PZ-REMOTE,-2.592,0.046,2424,0.859,2026-03-16
QX-FRZ-738,PZ-METRO,-1.643,0.054,550,0.884,2026-03-02
QX-FRZ-738,PZ-CORE,-2.247,0.187,4688,0.560,2026-03-23
QX-CHL-739,PZ-METRO,-3.188,0.178,4871,0.646,2026-03-29
QX-CHL-739,PZ-URBAN,-1.004,0.063,1522,0.581,2026-03-23
QX-CHL-739,PZ-CORE,-2.541,0.033,3799,0.698,2026-02-24
QX-CHL-739,PZ-VALUE,-0.762,0.051,4435,0.782,2026-02-25
QX-CHL-739,PZ-REMOTE,-2.102,0.177,1656,0.477,2026-02-26
QX-BWS-743,PZ-METRO,-2.031,0.057,7961,0.868,2026-03-05
QX-BWS-743,PZ-URBAN,-2.119,0.032,2064,0.825,2026-03-26
QX-BWS-743,PZ-CORE,-1.129,0.074,1770,0.779,2026-03-06
QX-BWS-743,PZ-VALUE,-0.708,0.146,7679,0.928,2026-03-28
QX-CHL-746,PZ-METRO,-1.733,0.146,928,0.625,2026-03-02
QX-CHL-746,PZ-CORE,-0.924,0.184,2467,0.577,2026-03-26
QX-CHL-746,PZ-VALUE,-0.573,0.168,3128,0.621,2026-03-16
QX-CHL-746,PZ-REMOTE,-2.271,0.121,4548,0.710,2026-03-23
QX-BWS-747,PZ-METRO,-2.553,0.133,796,0.490,2026-03-20
QX-BWS-747,PZ-URBAN,-1.628,0.101,1148,0.929,2026-02-24
QX-BWS-747,PZ-CORE,-1.911,0.043,7641,0.794,2026-03-21
QX-BWS-747,PZ-VALUE,-2.412,1.322,40,0.085,2026-03-22
QX-DRY-751,PZ-METRO,-1.384,0.043,3585,0.635,2026-03-25
QX-DRY-751,PZ-URBAN,-2.156,0.127,2580,0.655,2026-03-29
QX-DRY-751,PZ-CORE,-1.946,0.186,6037,0.615,2026-03-21
QX-DRY-751,PZ-VALUE,-1.895,0.168,6020,0.492,2026-02-28
QX-DRY-751,PZ-REMOTE,-0.621,0.134,2480,0.729,2026-03-19
QX-CHL-756,PZ-URBAN,-2.255,0.165,8651,0.876,2026-03-25
QX-CHL-756,PZ-CORE,-2.132,0.041,7341,0.777,2026-03-28
QX-CHL-756,PZ-VALUE,-2.979,0.170,4143,0.566,2026-03-29
QX-CHL-756,PZ-REMOTE,-0.544,0.053,9245,0.770,2026-03-11
QX-DRY-762,PZ-METRO,-1.271,0.141,5303,0.774,2026-03-09
QX-DRY-762,PZ-URBAN,-1.365,2.264,32,0.193,2026-03-29
QX-DRY-762,PZ-CORE,-1.080,1.109,37,0.052,2026-03-12
QX-DRY-762,PZ-VALUE,-2.649,0.047,8738,0.909,2026-03-24
QX-DRY-762,PZ-REMOTE,-1.875,0.176,6988,0.733,2026-03-24
QX-BWS-765,PZ-METRO,-1.614,0.046,5286,0.502,2026-02-24
QX-BWS-765,PZ-URBAN,-1.028,0.185,6132,0.560,2026-03-02
QX-BWS-765,PZ-CORE,-2.401,0.126,3217,0.484,2026-03-07
QX-BWS-765,PZ-VALUE,-1.988,0.037,7099,0.825,2026-03-14
QX-BAK-768,PZ-METRO,-0.611,0.196,2188,0.750,2026-02-24
QX-BAK-768,PZ-URBAN,-1.932,1.686,36,0.071,2026-02-24
QX-BAK-768,PZ-CORE,-2.126,0.196,6228,0.896,2026-03-01
QX-BAK-768,PZ-VALUE,-2.061,0.033,4912,0.899,2026-03-12
QX-BAK-768,PZ-REMOTE,-1.581,0.814,32,0.126,2026-02-25
QX-PET-769,PZ-URBAN,-2.725,0.215,4851,0.534,2026-03-16
QX-PET-769,PZ-CORE,-1.916,0.068,5897,0.484,2026-03-16
QX-PET-769,PZ-VALUE,-2.306,1.739,29,0.105,2026-03-24
QX-PET-769,PZ-REMOTE,-0.847,0.146,6756,0.539,2026-03-09
QX-CHL-775,PZ-METRO,-1.583,0.168,472,0.620,2026-03-16
QX-CHL-775,PZ-URBAN,-0.944,0.033,1406,0.689,2026-03-11
QX-CHL-775,PZ-VALUE,-1.581,1.007,20,0.115,2026-03-05
QX-CHL-775,PZ-REMOTE,-2.217,0.207,3649,0.589,2026-02-24
QX-CHL-777,PZ-METRO,-1.840,0.169,3145,0.481,2026-02-21
QX-CHL-777,PZ-URBAN,-0.718,1.608,11,0.066,2026-03-24
QX-CHL-777,PZ-CORE,-1.673,0.081,6148,0.834,2026-02-25
QX-CHL-777,PZ-VALUE,-2.747,0.757,36,0.090,2026-02-22
QX-CHL-777,PZ-REMOTE,-2.271,0.187,6328,0.461,2026-03-28
QX-PRO-778,PZ-METRO,-1.920,1.367,15,0.026,2026-02-28
QX-PRO-778,PZ-URBAN,-0.845,0.081,511,0.751,2026-03-17
QX-PRO-778,PZ-CORE,-3.079,0.100,5916,0.847,2026-03-14
QX-PRO-778,PZ-VALUE,-2.689,0.066,2864,0.600,2026-02-27
QX-PRO-778,PZ-REMOTE,-1.502,0.128,2906,0.730,2026-03-26
QX-CER-784,PZ-METRO,-3.092,0.192,1924,0.781,2026-02-28
QX-CER-784,PZ-CORE,-2.511,0.089,2500,0.539,2026-03-18
QX-CER-784,PZ-REMOTE,-0.679,0.071,3831,0.780,2026-03-11
QX-DRK-789,PZ-METRO,-2.150,0.708,18,0.187,2026-03-21
QX-DRK-789,PZ-URBAN,-1.655,0.136,4975,0.586,2026-03-07
QX-DRK-789,PZ-CORE,-3.085,0.129,2234,0.884,2026-03-23
QX-DRK-789,PZ-VALUE,-3.130,0.166,7922,0.452,2026-03-06
QX-DRK-789,PZ-REMOTE,-1.963,0.036,774,0.895,2026-03-05
QX-FRZ-792,PZ-URBAN,-2.977,0.095,3140,0.676,2026-03-25
QX-FRZ-792,PZ-CORE,-0.476,0.071,1640,0.827,2026-03-22
QX-FRZ-795,PZ-METRO,-1.105,1.764,18,0.087,2026-03-21
QX-FRZ-795,PZ-URBAN,-3.032,0.054,3751,0.661,2026-02-27
QX-FRZ-795,PZ-CORE,-1.682,1.156,21,0.078,2026-03-04
QX-FRZ-795,PZ-VALUE,-2.354,0.199,7090,0.854,2026-03-12
QX-FRZ-795,PZ-REMOTE,-1.677,0.189,1600,0.739,2026-03-26
QX-HHD-798,PZ-METRO,-2.580,1.677,13,0.200,2026-03-11
QX-HHD-798,PZ-URBAN,-2.783,0.069,2060,0.604,2026-03-15
QX-HHD-798,PZ-VALUE,-1.120,0.165,398,0.691,2026-03-05
QX-HHD-798,PZ-REMOTE,-2.237,1.489,24,0.167,2026-02-28
QX-FRZ-799,PZ-METRO,-2.623,0.041,7959,0.817,2026-03-05
QX-FRZ-799,PZ-URBAN,-1.028,0.131,2912,0.647,2026-03-13
QX-FRZ-799,PZ-CORE,-1.242,0.701,28,0.110,2026-03-11
QX-FRZ-799,PZ-VALUE,-0.880,0.046,8425,0.717,2026-02-21
QX-FRZ-799,PZ-REMOTE,-1.283,0.985,37,0.150,2026-03-10
QX-PET-801,PZ-METRO,-1.481,0.615,36,0.116,2026-02-28
QX-PET-801,PZ-URBAN,-0.419,0.041,8638,0.699,2026-03-17
QX-PET-801,PZ-CORE,-2.995,1.016,23,0.071,2026-03-25
QX-PET-801,PZ-REMOTE,-2.852,0.152,5001,0.842,2026-03-09
QX-HBC-804,PZ-METRO,-0.914,0.180,4649,0.558,2026-03-26
QX-HBC-804,PZ-URBAN,-2.702,0.199,7584,0.693,2026-03-18
QX-HBC-804,PZ-CORE,-3.003,0.124,7977,0.490,2026-02-22
QX-HBC-804,PZ-VALUE,-2.754,0.171,1956,0.494,2026-03-20
QX-HBC-804,PZ-REMOTE,-2.724,0.059,6921,0.794,2026-03-21
QX-PET-805,PZ-METRO,-1.466,0.110,6857,0.758,2026-03-19
QX-PET-805,PZ-CORE,-1.235,0.080,6473,0.742,2026-03-28
QX-PET-805,PZ-VALUE,-2.995,0.043,8261,0.577,2026-03-06
QX-PET-805,PZ-REMOTE,-1.592,2.015,26,0.011,2026-02-28
QX-DRK-807,PZ-METRO,-2.202,0.949,13,0.071,2026-02-21
QX-DRK-807,PZ-URBAN,-2.175,0.187,765,0.752,2026-03-28
QX-DRK-807,PZ-CORE,-0.557,0.209,1255,0.749,2026-03-23
QX-DRK-807,PZ-VALUE,-2.341,0.143,9136,0.923,2026-03-07
QX-DRK-807,PZ-REMOTE,-1.291,0.071,2366,0.639,2026-03-11
QX-CHL-808,PZ-METRO,-1.159,0.170,946,0.912,2026-03-23
QX-CHL-808,PZ-URBAN,-1.100,0.080,2748,0.559,2026-03-19
QX-CHL-808,PZ-CORE,-1.701,2.059,23,0.052,2026-03-23
QX-CHL-808,PZ-VALUE,-3.171,0.214,1015,0.797,2026-03-16
QX-CHL-808,PZ-REMOTE,-2.089,0.072,1836,0.844,2026-03-06
QX-DRY-811,PZ-METRO,-2.294,1.859,18,0.069,2026-02-22
QX-DRY-811,PZ-URBAN,-2.670,0.127,5095,0.588,2026-02-26
QX-DRY-811,PZ-CORE,-2.625,0.209,8453,0.525,2026-03-25
QX-DRK-815,PZ-METRO,-2.069,0.928,25,0.016,2026-03-24
QX-DRK-815,PZ-URBAN,-2.318,0.090,5930,0.896,2026-02-24
QX-DRK-815,PZ-CORE,-0.425,0.135,2339,0.552,2026-03-10
QX-DRK-815,PZ-VALUE,-2.268,0.138,5615,0.493,2026-03-23
QX-BWS-816,PZ-METRO,-0.821,0.109,1428,0.694,2026-03-15
QX-BWS-816,PZ-URBAN,-1.444,0.050,9376,0.821,2026-03-27
QX-BWS-816,PZ-CORE,-2.103,0.081,6682,0.628,2026-02-28
QX-BAK-823,PZ-METRO,-2.783,0.151,2571,0.486,2026-03-06
QX-BAK-823,PZ-CORE,-2.170,0.869,20,0.143,2026-03-21
QX-BAK-823,PZ-VALUE,-0.673,0.138,1006,0.760,2026-03-18
QX-BAK-823,PZ-REMOTE,-0.740,0.111,1351,0.845,2026-03-09
QX-BWS-825,PZ-CORE,-2.812,0.114,6412,0.538,2026-02-21
QX-BWS-829,PZ-METRO,-0.530,0.034,1502,0.546,2026-02-27
QX-BWS-829,PZ-CORE,-2.949,0.181,8116,0.748,2026-02-28
QX-BWS-829,PZ-VALUE,-3.045,0.134,3139,0.698,2026-03-08
QX-BWS-829,PZ-REMOTE,-1.379,0.218,7942,0.684,2026-03-24
QX-BAK-830,PZ-METRO,-1.973,1.135,10,0.052,2026-03-24
QX-BAK-830,PZ-URBAN,-2.245,0.179,3359,0.542,2026-03-27
QX-BAK-830,PZ-VALUE,-3.119,0.106,9251,0.695,2026-03-18
QX-BAK-830,PZ-REMOTE,-1.972,0.078,8802,0.447,2026-03-20
QX-PET-834,PZ-METRO,-0.998,0.067,5097,0.569,2026-02-26
QX-PET-834,PZ-URBAN,-2.451,0.140,5226,0.670,2026-03-05
QX-PET-834,PZ-CORE,-2.307,0.157,9379,0.871,2026-03-26
QX-PET-834,PZ-VALUE,-3.065,0.215,3397,0.443,2026-03-07
QX-BWS-835,PZ-METRO,-2.628,2.095,19,0.173,2026-03-04
QX-BWS-835,PZ-URBAN,-1.176,0.047,3039,0.837,2026-03-24
QX-BWS-835,PZ-CORE,-0.834,0.163,3590,0.575,2026-03-24
QX-BWS-835,PZ-VALUE,-1.532,0.133,4967,0.755,2026-02-23
QX-BWS-835,PZ-REMOTE,-2.358,0.076,9278,0.917,2026-03-17
QX-PRO-838,PZ-METRO,-0.924,0.950,13,0.055,2026-02-22
QX-PRO-838,PZ-URBAN,-1.352,0.143,4728,0.489,2026-02-25
QX-PRO-838,PZ-CORE,-2.176,1.925,31,0.190,2026-02-25
QX-PRO-838,PZ-VALUE,-0.668,0.152,2783,0.891,2026-03-05
QX-PRO-838,PZ-REMOTE,-1.083,0.070,2389,0.831,2026-03-14
QX-BAK-842,PZ-METRO,-3.038,0.052,431,0.455,2026-03-29
QX-BAK-842,PZ-URBAN,-1.088,0.084,3174,0.880,2026-03-10
QX-BAK-842,PZ-CORE,-2.689,0.103,5060,0.752,2026-03-19
QX-BAK-842,PZ-VALUE,-2.362,0.061,6744,0.925,2026-03-16
QX-BAK-842,PZ-REMOTE,-1.726,0.219,6239,0.474,2026-03-07
QX-CER-843,PZ-METRO,-1.194,0.060,4747,0.558,2026-02-27
QX-CER-843,PZ-URBAN,-2.232,0.041,4797,0.503,2026-03-14
QX-CER-843,PZ-CORE,-0.416,0.174,4023,0.707,2026-03-08
QX-CER-843,PZ-REMOTE,-0.741,0.095,2631,0.606,2026-03-29
QX-TIN-846,PZ-METRO,-1.435,0.102,6433,0.879,2026-03-15
QX-TIN-846,PZ-CORE,-2.355,0.031,1625,0.552,2026-03-11
QX-TIN-846,PZ-VALUE,-3.076,0.057,509,0.550,2026-02-22
QX-TIN-846,PZ-REMOTE,-3.092,0.205,7223,0.836,2026-03-12
QX-PRO-847,PZ-URBAN,-2.611,0.132,7832,0.440,2026-03-25
QX-PRO-847,PZ-CORE,-1.417,0.080,3031,0.658,2026-03-22
QX-PRO-847,PZ-VALUE,-2.136,0.049,3583,0.663,2026-03-20
QX-HHD-848,PZ-METRO,-2.878,0.056,6405,0.721,2026-03-02
QX-HHD-848,PZ-URBAN,-0.486,0.178,4845,0.474,2026-03-27
QX-HHD-848,PZ-CORE,-1.831,0.142,2702,0.654,2026-02-28
QX-HHD-848,PZ-VALUE,-1.830,0.185,2720,0.816,2026-03-09
QX-HHD-848,PZ-REMOTE,-0.677,0.043,7159,0.834,2026-03-13
QX-TIN-849,PZ-METRO,-1.881,0.085,2721,0.710,2026-03-19
QX-TIN-849,PZ-URBAN,-1.461,0.146,2955,0.745,2026-03-13
QX-TIN-849,PZ-CORE,-1.162,0.115,7254,0.690,2026-03-14
QX-TIN-849,PZ-REMOTE,-0.848,2.265,11,0.149,2026-03-27
QX-CHL-850,PZ-METRO,-1.921,0.201,8433,0.666,2026-03-07
QX-CHL-850,PZ-URBAN,-3.113,0.140,3928,0.611,2026-02-27
QX-CHL-850,PZ-VALUE,-2.264,0.138,807,0.476,2026-03-07
QX-CHL-850,PZ-REMOTE,-2.865,0.169,353,0.546,2026-03-02
QX-PET-851,PZ-URBAN,-2.948,0.177,1577,0.534,2026-03-21
QX-PET-851,PZ-CORE,-2.687,0.114,3853,0.547,2026-03-11
QX-PET-851,PZ-VALUE,-2.206,0.160,772,0.915,2026-03-11
QX-PET-851,PZ-REMOTE,-1.908,0.708,23,0.138,2026-03-29
QX-DRY-859,PZ-METRO,-2.930,1.037,35,0.051,2026-03-08
QX-DRY-859,PZ-URBAN,-0.568,0.062,2473,0.688,2026-03-20
QX-DRY-859,PZ-CORE,-2.151,0.177,7912,0.704,2026-03-18
QX-DRY-859,PZ-VALUE,-1.765,0.122,3444,0.929,2026-02-26
QX-DRY-859,PZ-REMOTE,-3.123,0.063,6696,0.928,2026-02-21
QX-HHD-860,PZ-METRO,-1.574,0.152,4263,0.611,2026-03-21
QX-HHD-860,PZ-CORE,-3.051,0.045,3370,0.731,2026-03-09
QX-HHD-860,PZ-VALUE,-2.137,0.196,660,0.458,2026-03-05
QX-CHL-861,PZ-METRO,-1.478,0.054,1685,0.610,2026-03-09
QX-CHL-861,PZ-URBAN,-2.502,0.218,4330,0.778,2026-03-19
QX-CHL-861,PZ-CORE,-1.044,0.184,1318,0.621,2026-03-11
QX-CHL-861,PZ-VALUE,-1.579,0.064,6120,0.450,2026-03-14
QX-CHL-861,PZ-REMOTE,-3.043,0.125,6999,0.779,2026-03-18
QX-PRO-863,PZ-URBAN,-1.222,0.090,7762,0.447,2026-03-29
QX-PRO-863,PZ-CORE,-3.075,0.035,7065,0.856,2026-03-14
QX-PRO-863,PZ-VALUE,-2.953,0.146,6134,0.490,2026-03-07
QX-PRO-863,PZ-REMOTE,-1.282,0.055,4336,0.620,2026-02-27
QX-DRY-864,PZ-METRO,-2.744,0.105,5576,0.524,2026-03-21
QX-DRY-864,PZ-REMOTE,-1.070,0.132,6520,0.915,2026-03-19
QX-PRO-866,PZ-METRO,-3.056,0.066,6026,0.886,2026-03-19
QX-PRO-866,PZ-URBAN,-2.944,0.135,1680,0.469,2026-03-05
QX-PRO-866,PZ-VALUE,-2.988,0.199,5867,0.684,2026-02-28
QX-PRO-866,PZ-REMOTE,-1.930,0.211,6168,0.649,2026-03-16
QX-BAK-867,PZ-METRO,-2.440,0.030,6294,0.522,2026-03-19
QX-BAK-867,PZ-URBAN,-2.236,0.217,758,0.499,2026-03-05
QX-BAK-867,PZ-VALUE,-2.115,1.621,14,0.185,2026-03-12
QX-BAK-867,PZ-REMOTE,-3.184,0.077,3582,0.750,2026-03-20
QX-DRY-873,PZ-METRO,-2.746,0.133,2393,0.850,2026-03-01
QX-DRY-873,PZ-URBAN,-1.698,1.655,28,0.178,2026-02-26
QX-DRY-873,PZ-CORE,-2.932,0.099,3783,0.648,2026-02-23
QX-DRY-873,PZ-VALUE,-1.889,0.082,9153,0.695,2026-02-24
QX-DRY-873,PZ-REMOTE,-2.454,0.163,2958,0.790,2026-03-16
QX-TIN-877,PZ-METRO,-1.360,0.197,7850,0.708,2026-02-27
QX-TIN-877,PZ-URBAN,-2.115,0.030,8122,0.455,2026-03-27
QX-TIN-877,PZ-CORE,-1.775,0.049,6227,0.882,2026-03-27
QX-TIN-877,PZ-VALUE,-1.131,0.097,9071,0.479,2026-03-11
QX-BWS-887,PZ-METRO,-3.010,0.140,1896,0.587,2026-03-28
QX-BWS-887,PZ-CORE,-2.528,0.040,4457,0.577,2026-03-14
QX-BWS-887,PZ-VALUE,-1.411,0.204,6154,0.497,2026-03-02
QX-BWS-887,PZ-REMOTE,-3.052,0.145,5128,0.731,2026-02-25
QX-PRO-888,PZ-METRO,-1.257,0.199,9187,0.559,2026-03-23
QX-PRO-888,PZ-URBAN,-2.235,1.695,11,0.133,2026-03-20
QX-PRO-888,PZ-CORE,-1.420,0.055,6222,0.582,2026-03-13
QX-PRO-888,PZ-VALUE,-2.444,0.122,3359,0.899,2026-03-16
QX-PRO-892,PZ-URBAN,-2.654,0.124,2413,0.540,2026-02-28
QX-PRO-892,PZ-CORE,-0.974,0.065,4308,0.724,2026-03-05
QX-PRO-892,PZ-VALUE,-1.780,0.069,6996,0.486,2026-03-23
QX-PRO-892,PZ-REMOTE,-1.468,1.521,14,0.159,2026-03-06
QX-BWS-893,PZ-URBAN,-0.414,0.099,6358,0.448,2026-03-18
QX-BWS-893,PZ-VALUE,-2.150,0.165,3258,0.841,2026-03-21
QX-BWS-893,PZ-REMOTE,-2.381,0.638,23,0.111,2026-03-18
QX-CER-894,PZ-URBAN,-0.711,0.166,3979,0.716,2026-03-06
QX-CER-894,PZ-CORE,-2.919,0.076,4664,0.464,2026-03-05
QX-CER-894,PZ-VALUE,-0.967,0.100,7960,0.732,2026-03-18
QX-CER-894,PZ-REMOTE,-2.648,0.128,3338,0.469,2026-02-28
QX-HBC-895,PZ-METRO,-0.709,0.144,1741,0.563,2026-03-02
QX-HBC-895,PZ-VALUE,-3.014,2.039,33,0.043,2026-03-15
QX-HBC-895,PZ-REMOTE,-2.371,0.201,3825,0.470,2026-03-13
QX-DRK-898,PZ-METRO,-2.817,0.067,3770,0.717,2026-03-05
QX-DRK-898,PZ-URBAN,-1.985,2.258,29,0.024,2026-03-26
QX-DRK-898,PZ-CORE,-2.780,0.187,7342,0.860,2026-03-17
QX-DRK-898,PZ-VALUE,-2.822,0.191,4802,0.729,2026-03-18
QX-DRK-898,PZ-REMOTE,-0.715,0.072,4774,0.704,2026-03-12
QX-PET-901,PZ-METRO,-2.209,0.033,6351,0.662,2026-03-26
QX-PET-901,PZ-URBAN,-0.826,0.132,4642,0.918,2026-02-23
QX-PET-901,PZ-CORE,-1.209,0.110,1676,0.820,2026-03-19
QX-PET-901,PZ-VALUE,-1.955,0.051,2810,0.564,2026-03-18
QX-PET-901,PZ-REMOTE,-2.470,1.751,15,0.058,2026-03-13
QX-HBC-904,PZ-METRO,-2.681,0.179,450,0.539,2026-03-22
QX-HBC-904,PZ-URBAN,-0.960,1.697,31,0.192,2026-03-16
QX-HBC-904,PZ-CORE,-1.541,2.131,17,0.189,2026-03-20
QX-HBC-904,PZ-VALUE,-2.008,0.037,7175,0.661,2026-03-13
QX-HBC-904,PZ-REMOTE,-1.032,1.464,13,0.044,2026-02-28
QX-TIN-907,PZ-URBAN,-2.382,0.141,4942,0.583,2026-03-21
QX-TIN-907,PZ-VALUE,-1.047,0.121,654,0.865,2026-03-26
QX-TIN-907,PZ-REMOTE,-1.530,1.418,20,0.127,2026-03-05
QX-FRZ-909,PZ-METRO,-1.933,1.794,26,0.098,2026-03-01
QX-FRZ-909,PZ-URBAN,-2.615,2.115,38,0.088,2026-03-29
QX-FRZ-909,PZ-CORE,-2.580,0.084,6213,0.697,2026-02-25
QX-FRZ-909,PZ-VALUE,-2.772,2.285,33,0.048,2026-03-17
QX-FRZ-909,PZ-REMOTE,-1.621,0.181,6227,0.630,2026-03-17
QX-PET-911,PZ-METRO,-0.406,0.209,728,0.817,2026-03-11
QX-PET-911,PZ-URBAN,-3.089,0.201,1791,0.520,2026-03-27
QX-PET-911,PZ-CORE,-2.512,0.201,1219,0.443,2026-03-25
QX-PET-911,PZ-VALUE,-2.738,0.050,841,0.599,2026-03-21
QX-PET-911,PZ-REMOTE,-2.146,1.037,34,0.103,2026-03-14
QX-DRY-915,PZ-METRO,-1.457,0.054,6749,0.632,2026-03-13
QX-DRY-915,PZ-URBAN,-0.432,0.209,8736,0.781,2026-03-03
QX-DRY-915,PZ-CORE,-1.504,0.198,1874,0.605,2026-03-02
QX-DRY-915,PZ-VALUE,-1.310,0.173,6320,0.741,2026-03-16
QX-BAK-916,PZ-CORE,-1.929,0.125,887,0.706,2026-02-28
QX-BAK-916,PZ-VALUE,-1.713,0.048,2192,0.634,2026-03-18
QX-BAK-916,PZ-REMOTE,-2.600,1.004,27,0.061,2026-03-14
QX-BAK-918,PZ-METRO,-1.242,0.117,5655,0.464,2026-02-25
QX-BAK-918,PZ-URBAN,-3.084,0.192,3961,0.909,2026-02-24
QX-BAK-918,PZ-CORE,-3.172,2.359,24,0.136,2026-03-02
QX-BAK-918,PZ-VALUE,-0.442,0.090,2265,0.661,2026-03-27
QX-BAK-918,PZ-REMOTE,-3.135,0.064,3097,0.488,2026-03-22
QX-HBC-919,PZ-METRO,-2.843,0.220,3516,0.656,2026-03-16
QX-HBC-919,PZ-URBAN,-0.721,0.124,1881,0.696,2026-03-09
QX-HBC-919,PZ-CORE,-2.752,2.013,21,0.152,2026-03-28
QX-HBC-919,PZ-VALUE,-1.316,0.068,4444,0.923,2026-03-04
QX-HBC-919,PZ-REMOTE,-2.431,0.150,4197,0.766,2026-03-25
QX-TIN-920,PZ-URBAN,-1.453,0.134,3185,0.653,2026-02-21
QX-TIN-920,PZ-VALUE,-2.224,1.494,16,0.194,2026-02-21
QX-TIN-920,PZ-REMOTE,-2.282,1.179,27,0.058,2026-03-11
QX-DRY-922,PZ-URBAN,-0.964,0.174,7177,0.514,2026-03-26
QX-DRY-922,PZ-VALUE,-0.891,0.142,4037,0.488,2026-02-22
QX-DRY-922,PZ-REMOTE,-1.841,0.064,8043,0.904,2026-03-19
QX-FRZ-924,PZ-METRO,-2.909,0.052,5245,0.902,2026-03-20
QX-FRZ-924,PZ-URBAN,-1.581,0.196,5649,0.643,2026-03-01
QX-FRZ-924,PZ-CORE,-1.150,0.033,3296,0.627,2026-03-04
QX-FRZ-924,PZ-VALUE,-0.755,0.142,3439,0.805,2026-03-24
QX-FRZ-924,PZ-REMOTE,-3.088,0.208,4291,0.744,2026-03-07
QX-CER-929,PZ-METRO,-2.367,0.169,1566,0.699,2026-03-01
QX-CER-929,PZ-URBAN,-0.851,0.188,5440,0.870,2026-03-26
QX-CER-929,PZ-CORE,-1.431,1.575,36,0.113,2026-02-24
QX-CER-929,PZ-VALUE,-2.445,0.064,3503,0.736,2026-03-11
QX-BAK-932,PZ-URBAN,-1.536,0.172,1781,0.713,2026-02-27
QX-BAK-932,PZ-CORE,-2.630,0.158,877,0.863,2026-03-14
QX-BAK-932,PZ-VALUE,-3.021,0.067,886,0.659,2026-03-10
QX-TIN-937,PZ-URBAN,-2.787,0.219,3122,0.696,2026-03-24
QX-TIN-937,PZ-CORE,-2.873,2.400,23,0.076,2026-03-05
QX-TIN-937,PZ-VALUE,-1.167,0.162,5414,0.536,2026-03-21
QX-TIN-937,PZ-REMOTE,-2.141,0.121,6588,0.467,2026-03-07
QX-BWS-938,PZ-METRO,-1.271,2.109,38,0.053,2026-03-11
QX-BWS-938,PZ-CORE,-0.533,0.715,21,0.038,2026-03-15
QX-BWS-938,PZ-VALUE,-0.527,0.131,7897,0.737,2026-03-26
QX-BWS-938,PZ-REMOTE,-1.706,0.192,7739,0.615,2026-02-21
QX-PET-939,PZ-METRO,-1.105,0.039,7168,0.500,2026-03-05
QX-PET-939,PZ-URBAN,-2.253,0.106,4589,0.819,2026-03-24
QX-PET-939,PZ-CORE,-2.586,0.098,5986,0.450,2026-03-19
QX-PET-939,PZ-REMOTE,-3.078,0.069,3419,0.610,2026-03-14
QX-PRO-943,PZ-CORE,-1.560,0.093,6713,0.771,2026-03-09
QX-PRO-943,PZ-VALUE,-2.453,0.103,6761,0.748,2026-03-01
QX-PRO-943,PZ-REMOTE,-1.954,0.137,2965,0.596,2026-02-22
QX-TIN-944,PZ-METRO,-0.575,0.140,8335,0.906,2026-02-23
QX-TIN-944,PZ-URBAN,-3.195,0.117,4584,0.674,2026-03-16
QX-TIN-944,PZ-VALUE,-1.981,0.175,3200,0.620,2026-03-14
QX-TIN-944,PZ-REMOTE,-0.790,0.158,4491,0.914,2026-02-21
QX-CHL-945,PZ-METRO,-1.265,0.030,8899,0.671,2026-03-01
QX-CHL-945,PZ-CORE,-0.555,0.120,9132,0.598,2026-03-06
QX-CHL-945,PZ-VALUE,-2.687,0.965,21,0.144,2026-03-15
QX-BAK-946,PZ-METRO,-1.880,0.153,5323,0.674,2026-03-15
QX-BAK-946,PZ-URBAN,-1.220,0.121,4000,0.844,2026-03-19
QX-BAK-946,PZ-CORE,-1.722,0.148,357,0.599,2026-03-19
QX-BAK-946,PZ-VALUE,-2.349,2.159,31,0.079,2026-03-17
QX-BAK-946,PZ-REMOTE,-2.640,0.037,5573,0.790,2026-03-28
QX-CER-947,PZ-METRO,-0.853,0.192,2501,0.741,2026-02-21
QX-CER-947,PZ-URBAN,-2.509,0.174,1313,0.693,2026-03-06
QX-CER-947,PZ-CORE,-2.422,0.220,6311,0.454,2026-03-09
QX-CER-947,PZ-VALUE,-0.978,0.216,5299,0.668,2026-03-09
QX-CER-947,PZ-REMOTE,-3.181,0.055,5216,0.690,2026-03-12
QX-TIN-948,PZ-METRO,-2.289,0.122,4459,0.707,2026-02-27
QX-TIN-948,PZ-URBAN,-1.649,0.123,3238,0.542,2026-03-06
QX-TIN-948,PZ-CORE,-1.907,0.060,1458,0.733,2026-03-08
QX-TIN-948,PZ-VALUE,-1.783,1.500,26,0.059,2026-03-25
QX-CHL-949,PZ-CORE,-1.917,0.124,4172,0.585,2026-03-03
QX-CHL-949,PZ-VALUE,-0.515,1.128,25,0.130,2026-03-01
QX-CHL-949,PZ-REMOTE,-2.789,0.142,5728,0.678,2026-02-26
QX-DRK-951,PZ-METRO,-2.075,0.135,3514,0.459,2026-03-21
QX-DRK-951,PZ-URBAN,-2.006,0.139,4425,0.743,2026-03-17
QX-DRK-951,PZ-CORE,-2.066,0.197,2617,0.497,2026-03-17
QX-DRK-951,PZ-VALUE,-0.551,0.071,5762,0.821,2026-03-28
QX-DRK-951,PZ-REMOTE,-0.460,0.055,6026,0.668,2026-03-14
QX-CER-953,PZ-URBAN,-1.040,1.719,13,0.075,2026-03-09
QX-CER-953,PZ-CORE,-2.264,2.112,13,0.085,2026-03-26
QX-CER-953,PZ-VALUE,-2.245,0.214,6396,0.586,2026-02-24
QX-CER-953,PZ-REMOTE,-1.026,0.174,2810,0.710,2026-02-21
QX-TIN-954,PZ-URBAN,-0.643,0.208,6616,0.584,2026-03-14
QX-TIN-954,PZ-VALUE,-1.617,1.942,14,0.198,2026-03-08
QX-TIN-954,PZ-REMOTE,-2.161,0.073,6785,0.866,2026-03-24
QX-BAK-957,PZ-METRO,-1.722,0.082,4495,0.667,2026-03-10
QX-BAK-957,PZ-URBAN,-1.403,0.047,8420,0.851,2026-02-21
QX-BAK-957,PZ-CORE,-2.034,0.146,4026,0.638,2026-03-26
QX-BAK-957,PZ-REMOTE,-2.518,0.089,7418,0.695,2026-03-26
QX-PET-962,PZ-METRO,-0.866,0.762,25,0.079,2026-03-17
QX-PET-962,PZ-URBAN,-2.021,0.091,4465,0.829,2026-02-28
QX-PET-962,PZ-CORE,-1.342,0.170,5746,0.496,2026-02-26
QX-PET-962,PZ-VALUE,-0.579,0.187,5992,0.866,2026-02-23
QX-PET-962,PZ-REMOTE,-1.229,0.049,7255,0.692,2026-03-12
QX-CHL-964,PZ-METRO,-0.854,0.131,8898,0.495,2026-03-09
QX-CHL-964,PZ-URBAN,-2.549,0.106,7920,0.516,2026-03-28
QX-CHL-964,PZ-CORE,-1.689,0.053,4910,0.483,2026-02-21
QX-CHL-964,PZ-VALUE,-2.548,0.765,14,0.060,2026-03-05
QX-DRY-965,PZ-METRO,-1.881,0.204,3081,0.782,2026-02-24
QX-DRY-965,PZ-URBAN,-2.968,0.032,524,0.637,2026-03-07
QX-DRY-965,PZ-CORE,-1.720,0.121,2536,0.865,2026-02-28
QX-DRY-965,PZ-VALUE,-0.478,0.079,1277,0.803,2026-02-28
QX-DRY-965,PZ-REMOTE,-0.768,1.023,36,0.164,2026-03-03
QX-CHL-966,PZ-METRO,-2.244,0.126,5971,0.471,2026-03-12
QX-CHL-966,PZ-URBAN,-1.643,0.146,3112,0.697,2026-02-28
QX-CHL-966,PZ-CORE,-1.051,0.094,2125,0.904,2026-03-11
QX-CHL-966,PZ-VALUE,-0.912,0.184,5610,0.919,2026-03-23
QX-CHL-966,PZ-REMOTE,-0.737,0.100,9220,0.890,2026-03-23
QX-TIN-973,PZ-METRO,-0.679,0.105,4810,0.445,2026-03-15
QX-TIN-973,PZ-VALUE,-1.036,0.193,3158,0.554,2026-03-25
QX-TIN-973,PZ-REMOTE,-1.083,0.104,3883,0.679,2026-03-26
QX-CHL-979,PZ-METRO,-1.981,0.100,4795,0.590,2026-03-22
QX-CHL-979,PZ-URBAN,-1.170,2.013,20,0.143,2026-03-23
QX-CHL-979,PZ-CORE,-2.573,0.878,36,0.103,2026-02-28
QX-CHL-979,PZ-VALUE,-2.356,0.119,2375,0.580,2026-02-23
QX-CHL-979,PZ-REMOTE,-2.704,0.119,2470,0.534,2026-03-23
QX-BWS-980,PZ-METRO,-2.308,0.177,5146,0.535,2026-02-24
QX-BWS-980,PZ-URBAN,-0.442,0.042,1466,0.642,2026-03-21
QX-BWS-980,PZ-CORE,-2.248,0.079,6534,0.763,2026-03-12
QX-BWS-980,PZ-VALUE,-2.989,1.072,11,0.100,2026-02-28
QX-BWS-980,PZ-REMOTE,-1.478,0.172,5575,0.584,2026-03-25
QX-CER-981,PZ-METRO,-2.290,0.168,6475,0.584,2026-03-21
QX-CER-981,PZ-URBAN,-2.586,2.336,23,0.155,2026-02-26
QX-CER-981,PZ-CORE,-3.012,0.098,5944,0.644,2026-03-12
QX-FRZ-983,PZ-METRO,-1.487,0.183,4345,0.650,2026-03-09
QX-FRZ-983,PZ-URBAN,-1.172,2.031,24,0.113,2026-03-01
QX-FRZ-983,PZ-REMOTE,-3.042,0.078,8246,0.674,2026-03-20
QX-PET-984,PZ-METRO,-2.686,0.063,6025,0.509,2026-02-26
QX-PET-984,PZ-CORE,-1.404,0.045,4143,0.654,2026-03-12
QX-PET-984,PZ-VALUE,-0.509,0.134,5098,0.687,2026-03-02
QX-PET-984,PZ-REMOTE,-1.111,0.177,7440,0.835,2026-02-24
QX-TIN-987,PZ-METRO,-2.026,0.116,8023,0.681,2026-02-26
QX-TIN-987,PZ-CORE,-2.237,0.184,4863,0.924,2026-02-27
QX-TIN-987,PZ-VALUE,-1.079,0.134,7521,0.608,2026-03-25
QX-TIN-987,PZ-REMOTE,-0.994,0.051,5877,0.529,2026-03-26
QX-CHL-988,PZ-METRO,-1.004,0.153,7049,0.487,2026-03-09
QX-CHL-988,PZ-URBAN,-1.681,0.161,4260,0.882,2026-03-21
QX-CHL-988,PZ-CORE,-1.731,0.144,7194,0.850,2026-02-22
QX-CHL-988,PZ-VALUE,-0.641,0.065,8672,0.664,2026-03-23
QX-CHL-988,PZ-REMOTE,-0.662,0.085,6879,0.693,2026-03-28
QX-CHL-991,PZ-URBAN,-1.217,0.122,2143,0.782,2026-02-27
QX-CHL-991,PZ-CORE,-1.854,1.912,16,0.140,2026-03-17
QX-CHL-991,PZ-VALUE,-1.984,0.130,7437,0.842,2026-03-22
QX-CHL-991,PZ-REMOTE,-1.854,0.703,25,0.015,2026-03-13
QX-PET-992,PZ-METRO,-1.006,0.046,3183,0.501,2026-03-21
QX-PET-992,PZ-URBAN,-1.453,0.104,7855,0.823,2026-03-22
QX-PET-992,PZ-CORE,-1.281,0.038,8342,0.642,2026-03-20
QX-PET-992,PZ-VALUE,-3.138,0.046,8105,0.609,2026-03-03
QX-PET-992,PZ-REMOTE,-0.676,0.210,2106,0.923,2026-03-27
QX-DRK-993,PZ-METRO,-1.815,0.138,942,0.525,2026-03-18
QX-DRK-993,PZ-URBAN,-0.926,0.060,7932,0.627,2026-03-26
QX-DRK-993,PZ-CORE,-0.560,0.197,7449,0.572,2026-03-04
QX-DRK-993,PZ-VALUE,-2.918,0.975,12,0.091,2026-03-28
QX-DRK-993,PZ-REMOTE,-2.840,1.675,33,0.160,2026-03-20
QX-TIN-995,PZ-METRO,-0.695,0.199,4260,0.633,2026-02-25
QX-TIN-995,PZ-URBAN,-1.238,0.116,7367,0.584,2026-02-24
QX-TIN-995,PZ-CORE,-1.990,0.176,7612,0.807,2026-03-16
QX-TIN-995,PZ-VALUE,-2.657,0.211,3900,0.593,2026-03-21
QX-TIN-995,PZ-REMOTE,-2.442,0.989,15,0.051,2026-03-16
QX-HBC-996,PZ-METRO,-2.999,0.064,7972,0.706,2026-02-25
QX-HBC-996,PZ-CORE,-0.586,0.214,8746,0.776,2026-02-22
QX-HBC-996,PZ-VALUE,-2.965,0.046,8658,0.787,2026-03-15
QX-HBC-996,PZ-REMOTE,-1.302,0.105,1035,0.776,2026-03-07
QX-DRK-998,PZ-METRO,-3.046,0.144,1346,0.883,2026-03-20
QX-DRK-998,PZ-URBAN,-2.864,0.173,6272,0.506,2026-02-27
QX-DRK-998,PZ-CORE,-1.845,0.106,1588,0.451,2026-03-13
QX-DRK-998,PZ-VALUE,-1.956,0.193,6580,0.743,2026-03-22
QX-DRK-998,PZ-REMOTE,-1.593,0.097,7693,0.592,2026-03-09
QX-BWS-001,PZ-METRO,-3.190,0.203,3628,0.755,2026-03-10
QX-BWS-001,PZ-URBAN,-1.209,0.088,4692,0.706,2026-03-10
QX-BWS-001,PZ-CORE,-0.738,0.193,858,0.547,2026-03-09
QX-BWS-001,PZ-VALUE,-1.611,0.124,4823,0.463,2026-03-17
QX-BWS-001,PZ-REMOTE,-2.864,0.931,30,0.150,2026-02-24
QX-HBC-002,PZ-METRO,-2.212,0.044,5294,0.925,2026-03-22
QX-HBC-002,PZ-URBAN,-2.058,2.068,14,0.132,2026-03-26
QX-HBC-002,PZ-CORE,-3.107,0.128,1045,0.579,2026-03-11
QX-HBC-002,PZ-VALUE,-2.235,0.119,8852,0.720,2026-03-08
QX-HBC-002,PZ-REMOTE,-1.254,0.101,4136,0.459,2026-03-25
QX-DRY-005,PZ-URBAN,-0.480,0.119,5885,0.853,2026-03-07
QX-DRY-005,PZ-CORE,-1.175,0.070,4912,0.536,2026-02-22
QX-DRY-005,PZ-VALUE,-0.811,0.036,5461,0.598,2026-03-12
QX-DRY-005,PZ-REMOTE,-2.047,0.164,8628,0.652,2026-03-15
QX-FRZ-007,PZ-METRO,-1.006,0.072,3752,0.638,2026-03-16
QX-FRZ-007,PZ-URBAN,-1.397,0.190,3939,0.698,2026-03-20
QX-FRZ-007,PZ-VALUE,-2.389,0.186,7999,0.710,2026-03-01
QX-DRY-009,PZ-METRO,-2.349,0.082,6806,0.605,2026-03-14
QX-DRY-009,PZ-VALUE,-1.093,0.150,8915,0.540,2026-03-20
QX-DRY-009,PZ-REMOTE,-2.079,0.130,8058,0.861,2026-02-21
QX-DRY-010,PZ-METRO,-3.194,0.146,1900,0.748,2026-03-08
QX-DRY-010,PZ-URBAN,-2.958,0.134,5516,0.615,2026-03-03
QX-DRY-010,PZ-CORE,-0.444,0.050,3200,0.663,2026-02-28
QX-DRY-010,PZ-VALUE,-2.230,0.136,8391,0.758,2026-03-15
QX-DRY-010,PZ-REMOTE,-0.644,0.046,8568,0.683,2026-03-15
QX-DRY-012,PZ-METRO,-1.907,0.170,6351,0.602,2026-03-12
QX-DRY-012,PZ-URBAN,-1.523,0.079,6204,0.495,2026-03-22
QX-DRY-012,PZ-CORE,-0.459,0.178,8173,0.859,2026-02-28
QX-DRY-012,PZ-VALUE,-2.945,0.072,5342,0.792,2026-03-07
QX-DRK-013,PZ-METRO,-1.315,0.039,860,0.851,2026-03-09
QX-DRK-013,PZ-CORE,-2.666,0.135,9301,0.596,2026-03-05
QX-DRK-013,PZ-VALUE,-0.968,0.756,24,0.172,2026-03-15
QX-CHL-016,PZ-URBAN,-2.610,0.065,6597,0.706,2026-03-16
QX-CHL-016,PZ-VALUE,-2.648,0.110,8344,0.924,2026-03-21
QX-CHL-016,PZ-REMOTE,-1.456,0.186,789,0.823,2026-02-25
QX-CER-020,PZ-METRO,-1.755,0.213,2288,0.483,2026-03-06
QX-CER-020,PZ-URBAN,-0.521,0.690,13,0.035,2026-03-10
QX-CER-020,PZ-CORE,-1.518,0.209,8240,0.812,2026-03-12
QX-CER-020,PZ-VALUE,-3.160,0.075,2872,0.524,2026-03-17
QX-CER-020,PZ-REMOTE,-0.944,0.178,1196,0.567,2026-03-10
QX-PRO-022,PZ-METRO,-1.551,0.036,9197,0.557,2026-03-01
QX-PRO-022,PZ-URBAN,-1.494,0.094,3868,0.877,2026-03-28
QX-PRO-022,PZ-CORE,-1.252,0.114,6302,0.556,2026-03-20
QX-PRO-022,PZ-VALUE,-1.963,0.179,9001,0.708,2026-03-13
QX-PRO-022,PZ-REMOTE,-1.458,1.662,34,0.159,2026-02-23
QX-DRY-025,PZ-METRO,-3.013,0.608,10,0.127,2026-02-21
QX-DRY-025,PZ-URBAN,-2.166,0.110,5507,0.865,2026-03-28
QX-DRY-025,PZ-CORE,-1.537,0.165,3659,0.601,2026-02-23
QX-DRY-025,PZ-VALUE,-2.368,0.158,3449,0.680,2026-03-08
QX-DRY-025,PZ-REMOTE,-1.550,0.064,7396,0.550,2026-03-23
QX-DRK-027,PZ-METRO,-1.125,0.215,9102,0.806,2026-03-29
QX-DRK-027,PZ-CORE,-2.038,0.052,2259,0.484,2026-03-03
QX-DRK-027,PZ-REMOTE,-1.596,0.047,1196,0.832,2026-03-02
QX-TIN-035,PZ-METRO,-2.710,1.175,36,0.197,2026-03-22
QX-TIN-035,PZ-URBAN,-0.810,0.172,2775,0.889,2026-03-13
QX-TIN-035,PZ-CORE,-1.648,0.118,435,0.902,2026-03-13
QX-TIN-035,PZ-VALUE,-1.871,0.070,1244,0.456,2026-03-13
QX-TIN-035,PZ-REMOTE,-1.346,0.215,4006,0.867,2026-03-02
QX-BWS-037,PZ-METRO,-0.600,0.149,2789,0.926,2026-02-26
QX-BWS-037,PZ-VALUE,-1.416,0.086,2007,0.564,2026-03-09
QX-DRK-042,PZ-METRO,-2.418,0.186,3529,0.757,2026-03-14
QX-DRK-042,PZ-URBAN,-0.539,0.115,3416,0.720,2026-03-13
QX-DRK-042,PZ-CORE,-2.655,0.126,2249,0.686,2026-03-23
QX-DRK-042,PZ-REMOTE,-2.495,1.042,30,0.022,2026-03-04
QX-TIN-044,PZ-METRO,-2.170,0.049,6710,0.916,2026-03-10
QX-TIN-044,PZ-URBAN,-2.771,0.175,3931,0.610,2026-03-08
QX-TIN-044,PZ-VALUE,-1.599,0.114,3808,0.749,2026-03-28
QX-TIN-044,PZ-REMOTE,-2.362,0.188,7857,0.589,2026-02-24
QX-CHL-048,PZ-CORE,-0.965,0.104,1829,0.451,2026-03-21
QX-CHL-048,PZ-VALUE,-0.609,0.181,5318,0.632,2026-02-27
QX-CHL-048,PZ-REMOTE,-2.329,0.061,7082,0.600,2026-03-14
QX-DRK-053,PZ-CORE,-2.893,0.802,20,0.106,2026-03-06
QX-DRK-053,PZ-VALUE,-1.510,0.052,6711,0.660,2026-03-05
QX-HBC-054,PZ-URBAN,-2.362,0.052,5135,0.602,2026-03-09
QX-HBC-054,PZ-CORE,-0.745,0.092,6639,0.735,2026-03-01
QX-HBC-054,PZ-VALUE,-2.084,0.152,8022,0.719,2026-03-29
QX-HBC-054,PZ-REMOTE,-3.106,0.149,9291,0.906,2026-03-23
QX-HBC-055,PZ-METRO,-1.562,0.041,5105,0.804,2026-02-27
QX-HBC-055,PZ-CORE,-2.904,0.213,5474,0.661,2026-03-14
QX-HBC-055,PZ-VALUE,-2.399,0.123,4687,0.767,2026-03-05
QX-HBC-055,PZ-REMOTE,-0.428,0.975,21,0.119,2026-03-24
QX-DRY-056,PZ-METRO,-0.642,0.105,3338,0.696,2026-03-04
QX-DRY-056,PZ-URBAN,-2.284,1.422,14,0.132,2026-02-25
QX-DRY-056,PZ-CORE,-1.656,0.147,2619,0.908,2026-03-10
QX-DRY-056,PZ-VALUE,-0.878,0.176,4466,0.755,2026-03-18
QX-DRY-056,PZ-REMOTE,-0.754,0.058,2335,0.658,2026-03-04
QX-HBC-057,PZ-METRO,-0.577,0.181,6043,0.917,2026-03-03
QX-HBC-057,PZ-URBAN,-0.911,0.120,6933,0.745,2026-03-20
QX-HBC-057,PZ-CORE,-1.030,0.075,3516,0.624,2026-02-27
QX-HBC-057,PZ-VALUE,-2.721,1.670,31,0.028,2026-03-04
QX-CER-058,PZ-METRO,-1.967,0.193,4902,0.862,2026-03-15
QX-CER-058,PZ-URBAN,-1.700,0.209,6460,0.481,2026-03-01
QX-CER-058,PZ-CORE,-0.660,0.171,7843,0.599,2026-03-13
QX-PRO-060,PZ-URBAN,-2.661,2.123,29,0.150,2026-03-21
QX-PRO-060,PZ-CORE,-1.630,1.846,19,0.176,2026-03-28
QX-PRO-060,PZ-REMOTE,-0.586,0.096,6526,0.843,2026-02-21
QX-CHL-061,PZ-METRO,-2.830,0.089,6039,0.701,2026-03-25
QX-CHL-061,PZ-CORE,-2.471,0.040,5832,0.869,2026-03-25
QX-CHL-061,PZ-VALUE,-0.947,0.207,4773,0.898,2026-03-16
QX-CHL-061,PZ-REMOTE,-3.119,0.165,7196,0.913,2026-03-15
QX-PET-065,PZ-METRO,-2.998,0.200,8546,0.722,2026-03-23
QX-PET-065,PZ-URBAN,-2.839,0.203,3861,0.894,2026-03-07
QX-PET-065,PZ-CORE,-2.580,0.186,6667,0.923,2026-03-29
QX-PET-065,PZ-VALUE,-2.338,0.032,1179,0.547,2026-03-06
QX-PET-065,PZ-REMOTE,-2.219,0.039,6492,0.867,2026-03-11
QX-CHL-066,PZ-METRO,-1.049,0.949,23,0.043,2026-03-12
QX-CHL-066,PZ-URBAN,-2.970,0.091,1082,0.798,2026-03-20
QX-CHL-066,PZ-CORE,-1.328,0.123,432,0.650,2026-02-26
QX-CHL-066,PZ-VALUE,-1.604,0.124,4856,0.679,2026-03-23
QX-CHL-066,PZ-REMOTE,-0.779,0.111,8899,0.757,2026-02-26
QX-TIN-067,PZ-METRO,-1.662,0.649,10,0.029,2026-02-22
QX-TIN-067,PZ-VALUE,-1.131,0.153,7713,0.726,2026-03-21
QX-FRZ-068,PZ-METRO,-2.011,0.071,3522,0.824,2026-03-08
QX-FRZ-068,PZ-URBAN,-0.850,0.157,6091,0.868,2026-03-04
QX-FRZ-068,PZ-VALUE,-3.145,2.119,37,0.135,2026-03-06
QX-TIN-071,PZ-URBAN,-1.392,0.147,4686,0.571,2026-03-09
QX-TIN-071,PZ-CORE,-1.221,0.122,5274,0.535,2026-03-26
QX-CHL-072,PZ-URBAN,-1.788,0.042,652,0.641,2026-03-25
QX-CHL-072,PZ-CORE,-0.906,0.081,8031,0.533,2026-02-25
QX-CHL-072,PZ-REMOTE,-0.899,0.068,1625,0.528,2026-03-19
QX-FRZ-073,PZ-METRO,-1.285,0.128,7613,0.695,2026-03-21
QX-FRZ-073,PZ-URBAN,-0.918,0.174,8015,0.926,2026-03-08
QX-FRZ-073,PZ-CORE,-1.092,0.076,8673,0.753,2026-03-17
QX-FRZ-073,PZ-VALUE,-1.761,0.089,4329,0.606,2026-03-27
QX-FRZ-073,PZ-REMOTE,-0.436,0.068,2223,0.696,2026-03-25
QX-TIN-074,PZ-METRO,-1.615,0.128,5870,0.675,2026-03-26
QX-TIN-074,PZ-VALUE,-2.784,0.193,2055,0.633,2026-03-11
QX-TIN-074,PZ-REMOTE,-2.496,0.109,7841,0.717,2026-02-27
QX-HBC-076,PZ-METRO,-1.357,0.127,8672,0.642,2026-03-27
QX-HBC-076,PZ-URBAN,-2.993,0.203,3399,0.478,2026-02-22
QX-HBC-076,PZ-CORE,-1.352,0.169,8317,0.736,2026-03-17
QX-HBC-076,PZ-VALUE,-0.636,0.169,3166,0.829,2026-03-23
QX-HBC-076,PZ-REMOTE,-2.981,0.060,4205,0.789,2026-03-03
QX-PRO-077,PZ-URBAN,-2.224,0.148,3583,0.662,2026-02-21
QX-PRO-077,PZ-CORE,-2.122,0.173,576,0.924,2026-03-04
QX-PRO-077,PZ-VALUE,-1.210,1.668,17,0.148,2026-03-27
QX-BAK-078,PZ-METRO,-1.668,0.095,2478,0.775,2026-02-24
QX-BAK-078,PZ-URBAN,-1.445,1.942,40,0.047,2026-03-04
QX-BAK-078,PZ-CORE,-1.280,0.129,3368,0.525,2026-03-23
QX-BAK-078,PZ-VALUE,-0.458,1.966,12,0.121,2026-03-25
QX-BAK-078,PZ-REMOTE,-2.626,1.826,28,0.079,2026-03-25
QX-DRY-079,PZ-URBAN,-2.128,0.060,2114,0.530,2026-03-28
QX-DRY-079,PZ-CORE,-0.965,0.155,3800,0.565,2026-03-20
QX-DRY-079,PZ-VALUE,-1.706,0.145,3125,0.851,2026-03-08
QX-DRY-079,PZ-REMOTE,-1.777,0.157,737,0.730,2026-03-26
QX-FRZ-080,PZ-METRO,-0.589,0.085,7404,0.857,2026-03-12
QX-FRZ-080,PZ-VALUE,-1.213,0.070,5996,0.907,2026-03-11
QX-PRO-082,PZ-URBAN,-1.288,0.121,4279,0.661,2026-03-21
QX-PRO-082,PZ-CORE,-2.686,0.185,2047,0.739,2026-03-03
QX-PRO-082,PZ-VALUE,-1.924,0.067,3020,0.727,2026-03-07
QX-PRO-083,PZ-METRO,-1.749,0.136,4247,0.663,2026-03-15
QX-PRO-083,PZ-URBAN,-2.390,0.180,2817,0.651,2026-03-01
QX-PRO-083,PZ-CORE,-1.587,1.521,26,0.181,2026-03-05
QX-PRO-083,PZ-VALUE,-2.140,1.550,37,0.026,2026-02-24
QX-PRO-083,PZ-REMOTE,-1.254,2.236,28,0.148,2026-03-17
QX-CER-085,PZ-METRO,-3.089,0.204,8042,0.556,2026-03-10
QX-CER-085,PZ-URBAN,-2.416,2.192,33,0.117,2026-03-20
QX-CER-085,PZ-CORE,-2.121,0.119,2944,0.460,2026-03-15
QX-CER-085,PZ-VALUE,-2.051,1.857,33,0.074,2026-02-22
QX-DRK-095,PZ-METRO,-2.234,0.036,7144,0.832,2026-03-08
QX-DRK-095,PZ-URBAN,-0.589,0.102,3282,0.560,2026-03-22
QX-DRK-095,PZ-CORE,-1.064,1.880,12,0.184,2026-03-04
QX-DRK-095,PZ-VALUE,-2.211,0.106,8214,0.737,2026-03-02
QX-DRK-095,PZ-REMOTE,-1.988,0.073,7184,0.867,2026-03-26
QX-PRO-098,PZ-URBAN,-2.502,0.734,40,0.101,2026-03-29
QX-PRO-098,PZ-VALUE,-2.065,0.732,36,0.042,2026-03-24
QX-PRO-098,PZ-REMOTE,-1.161,0.100,7967,0.747,2026-03-21
QX-CHL-101,PZ-METRO,-3.183,0.171,556,0.604,2026-02-22
QX-CHL-101,PZ-URBAN,-2.275,0.151,9173,0.662,2026-03-04
QX-CHL-101,PZ-CORE,-0.624,0.032,4192,0.502,2026-03-13
QX-CHL-101,PZ-VALUE,-2.074,0.110,4028,0.456,2026-02-24
QX-CHL-101,PZ-REMOTE,-1.551,0.066,4563,0.832,2026-03-20
QX-TIN-102,PZ-METRO,-1.289,0.042,2160,0.454,2026-03-23
QX-TIN-102,PZ-CORE,-2.794,1.737,16,0.191,2026-03-16
QX-TIN-102,PZ-VALUE,-0.715,0.032,979,0.638,2026-03-26
QX-TIN-102,PZ-REMOTE,-1.360,1.005,38,0.177,2026-02-25
QX-CHL-106,PZ-METRO,-2.958,0.158,7760,0.448,2026-03-21
QX-CHL-106,PZ-URBAN,-1.026,0.050,4457,0.791,2026-03-07
QX-CHL-106,PZ-CORE,-3.186,0.091,8960,0.512,2026-02-27
QX-CHL-106,PZ-VALUE,-2.447,0.067,1766,0.588,2026-03-17
QX-CHL-106,PZ-REMOTE,-0.488,0.118,5477,0.925,2026-02-27
QX-HHD-109,PZ-METRO,-2.072,0.158,6481,0.567,2026-03-23
QX-HHD-109,PZ-URBAN,-1.144,0.075,5373,0.513,2026-03-03
QX-HHD-109,PZ-CORE,-0.754,0.120,9292,0.742,2026-03-15
QX-HHD-109,PZ-VALUE,-0.490,0.112,3910,0.787,2026-02-23
QX-HHD-109,PZ-REMOTE,-1.818,0.153,9197,0.824,2026-02-28
QX-CHL-110,PZ-METRO,-0.711,0.105,4147,0.865,2026-03-09
QX-CHL-110,PZ-URBAN,-2.532,0.146,6156,0.572,2026-03-28
QX-CHL-110,PZ-CORE,-2.975,0.133,461,0.895,2026-03-02
QX-CHL-110,PZ-VALUE,-0.682,1.597,11,0.019,2026-03-20
QX-CHL-110,PZ-REMOTE,-1.408,0.064,3434,0.505,2026-03-13
QX-PET-113,PZ-METRO,-1.015,1.502,36,0.047,2026-02-24
QX-PET-113,PZ-URBAN,-1.232,0.146,7311,0.786,2026-02-21
QX-PET-113,PZ-CORE,-0.731,0.200,8807,0.580,2026-03-18
QX-PET-113,PZ-VALUE,-1.350,0.211,4539,0.647,2026-02-24
QX-PET-113,PZ-REMOTE,-2.322,2.132,10,0.055,2026-03-16
QX-BWS-114,PZ-METRO,-2.541,0.152,3283,0.727,2026-02-25
QX-BWS-114,PZ-URBAN,-0.793,0.137,5692,0.563,2026-03-08
QX-BWS-114,PZ-CORE,-2.509,0.090,7267,0.913,2026-03-07
QX-BWS-114,PZ-VALUE,-2.686,0.212,7754,0.533,2026-03-26
QX-TIN-115,PZ-METRO,-2.637,0.184,2355,0.517,2026-03-10
QX-TIN-115,PZ-CORE,-0.747,0.199,1097,0.732,2026-03-17
QX-TIN-115,PZ-REMOTE,-2.285,0.145,4813,0.782,2026-03-07
QX-CHL-117,PZ-METRO,-0.908,0.069,7708,0.559,2026-03-18
QX-CHL-117,PZ-URBAN,-2.706,0.058,4255,0.861,2026-03-17
QX-CHL-117,PZ-CORE,-2.468,0.146,3849,0.733,2026-03-18
QX-CHL-117,PZ-VALUE,-2.805,0.040,6851,0.920,2026-02-21
QX-CHL-117,PZ-REMOTE,-1.385,0.170,1151,0.617,2026-03-15
QX-HBC-127,PZ-METRO,-2.780,0.082,766,0.784,2026-03-20
QX-HBC-127,PZ-URBAN,-0.994,0.066,1620,0.888,2026-02-22
QX-HBC-127,PZ-CORE,-2.795,0.037,4619,0.604,2026-03-13
QX-HBC-127,PZ-VALUE,-1.286,0.210,4256,0.664,2026-03-17
QX-HBC-127,PZ-REMOTE,-0.434,0.069,2242,0.838,2026-03-05
QX-BAK-129,PZ-METRO,-1.484,0.122,7169,0.807,2026-03-26
QX-BAK-129,PZ-URBAN,-2.362,0.034,3048,0.748,2026-03-10
QX-BAK-129,PZ-CORE,-1.075,0.102,6830,0.671,2026-03-13
QX-BAK-129,PZ-VALUE,-2.218,0.049,6973,0.604,2026-03-12
QX-BAK-129,PZ-REMOTE,-2.920,2.293,9,0.040,2026-02-23
QX-HHD-131,PZ-METRO,-1.107,0.193,6042,0.449,2026-02-22
QX-HHD-131,PZ-URBAN,-0.776,0.120,1258,0.652,2026-03-26
QX-HHD-131,PZ-VALUE,-2.030,0.159,1998,0.447,2026-03-22
QX-HHD-131,PZ-REMOTE,-0.739,0.105,4643,0.500,2026-03-06
QX-TIN-132,PZ-URBAN,-2.103,0.124,350,0.554,2026-03-08
QX-TIN-132,PZ-VALUE,-0.986,0.064,4709,0.829,2026-03-15
QX-TIN-132,PZ-REMOTE,-1.563,0.053,7812,0.553,2026-02-27
QX-BAK-134,PZ-METRO,-0.580,0.150,8602,0.881,2026-03-11
QX-BAK-134,PZ-CORE,-0.483,0.055,2072,0.644,2026-02-21
QX-BAK-134,PZ-VALUE,-1.725,0.196,3708,0.734,2026-03-04
QX-BAK-134,PZ-REMOTE,-1.932,0.060,4152,0.675,2026-03-20
QX-CHL-136,PZ-METRO,-3.098,0.056,415,0.789,2026-03-11
QX-CHL-136,PZ-URBAN,-2.618,0.079,9316,0.588,2026-03-02
QX-CHL-136,PZ-CORE,-1.823,0.158,812,0.602,2026-02-21
QX-CHL-136,PZ-REMOTE,-1.383,0.161,1459,0.849,2026-02-21
QX-TIN-142,PZ-METRO,-0.867,0.120,6169,0.836,2026-03-22
QX-TIN-142,PZ-URBAN,-2.287,2.314,31,0.120,2026-02-22
QX-TIN-142,PZ-CORE,-1.015,0.203,5789,0.824,2026-03-11
QX-TIN-142,PZ-VALUE,-3.060,0.197,1178,0.722,2026-03-25
QX-TIN-142,PZ-REMOTE,-1.140,0.152,7250,0.612,2026-02-26
QX-DRY-146,PZ-METRO,-0.993,0.199,3409,0.755,2026-03-23
QX-DRY-146,PZ-VALUE,-3.083,0.058,9005,0.749,2026-03-23
QX-DRK-147,PZ-METRO,-1.950,0.216,3999,0.734,2026-03-16
QX-DRK-147,PZ-URBAN,-1.835,0.149,7579,0.530,2026-03-06
QX-DRK-147,PZ-VALUE,-2.207,0.087,7096,0.755,2026-02-23
QX-HHD-152,PZ-METRO,-1.813,1.881,18,0.178,2026-03-11
QX-HHD-152,PZ-URBAN,-1.855,0.070,5703,0.821,2026-03-01
QX-HHD-152,PZ-CORE,-2.933,0.115,4955,0.494,2026-03-13
QX-HHD-152,PZ-VALUE,-1.153,0.206,2265,0.799,2026-03-24
QX-HHD-152,PZ-REMOTE,-2.935,0.215,4851,0.917,2026-02-23
QX-BAK-154,PZ-METRO,-1.160,1.525,38,0.121,2026-03-11
QX-BAK-154,PZ-VALUE,-1.533,0.219,5501,0.608,2026-03-25
QX-BAK-154,PZ-REMOTE,-2.343,0.146,3526,0.674,2026-03-04
QX-HHD-159,PZ-METRO,-1.639,0.102,8499,0.457,2026-03-13
QX-HHD-159,PZ-URBAN,-2.274,0.810,27,0.045,2026-03-12
QX-HHD-159,PZ-CORE,-2.497,0.089,3092,0.879,2026-03-25
QX-HHD-159,PZ-VALUE,-1.685,2.108,9,0.019,2026-03-13
QX-HHD-159,PZ-REMOTE,-1.246,0.157,8209,0.608,2026-02-25
QX-DRY-160,PZ-METRO,-2.912,0.215,6981,0.882,2026-02-25
QX-DRY-160,PZ-URBAN,-1.163,0.211,2452,0.709,2026-03-03
QX-DRY-160,PZ-CORE,-3.176,0.164,5543,0.487,2026-02-23
QX-DRK-162,PZ-METRO,-0.939,0.166,8978,0.918,2026-03-11
QX-DRK-162,PZ-URBAN,-1.570,0.062,5395,0.534,2026-03-15
QX-DRK-162,PZ-CORE,-1.796,0.177,8942,0.499,2026-03-06
QX-DRK-162,PZ-REMOTE,-1.365,0.132,2274,0.708,2026-03-12
QX-BAK-163,PZ-URBAN,-2.216,0.117,8890,0.651,2026-03-06
QX-BAK-163,PZ-CORE,-2.915,0.161,2429,0.830,2026-03-23
QX-BAK-163,PZ-VALUE,-2.179,0.034,7678,0.745,2026-03-29
QX-BAK-163,PZ-REMOTE,-0.892,0.084,8971,0.469,2026-03-11
QX-BAK-167,PZ-METRO,-0.893,1.772,22,0.178,2026-03-01
QX-BAK-167,PZ-URBAN,-1.011,0.032,4423,0.713,2026-03-10
QX-BAK-167,PZ-VALUE,-0.549,1.975,15,0.047,2026-03-24
QX-PET-169,PZ-METRO,-1.017,0.096,390,0.690,2026-03-22
QX-PET-169,PZ-URBAN,-3.091,0.609,37,0.103,2026-03-20
QX-PET-169,PZ-CORE,-1.385,0.057,6280,0.689,2026-02-28
QX-PET-169,PZ-VALUE,-2.377,0.043,4730,0.505,2026-03-12
QX-PET-169,PZ-REMOTE,-2.348,0.075,5935,0.666,2026-03-23
QX-PRO-170,PZ-METRO,-0.781,0.185,7296,0.673,2026-02-27
QX-PRO-170,PZ-URBAN,-1.627,0.196,6488,0.776,2026-03-04
QX-PRO-170,PZ-CORE,-2.651,0.220,8720,0.683,2026-03-06
QX-PRO-170,PZ-VALUE,-2.619,0.148,7153,0.895,2026-03-04
QX-PRO-170,PZ-REMOTE,-1.971,0.051,6282,0.792,2026-03-03
QX-HHD-172,PZ-METRO,-1.730,0.180,7449,0.532,2026-03-17
QX-HHD-172,PZ-URBAN,-0.718,1.323,30,0.095,2026-03-11
QX-HHD-172,PZ-CORE,-3.011,0.062,8872,0.657,2026-03-23
QX-BWS-175,PZ-URBAN,-1.942,0.141,4224,0.696,2026-03-10
QX-BWS-175,PZ-CORE,-2.343,0.110,3390,0.659,2026-03-25
QX-BWS-175,PZ-VALUE,-1.553,0.688,18,0.116,2026-03-06
QX-BWS-175,PZ-REMOTE,-1.311,0.125,5632,0.697,2026-03-21
QX-PRO-176,PZ-METRO,-0.435,0.103,3466,0.671,2026-03-07
QX-PRO-176,PZ-CORE,-2.879,0.130,6970,0.514,2026-03-27
QX-PRO-176,PZ-VALUE,-1.061,0.203,3240,0.650,2026-03-04
QX-PRO-176,PZ-REMOTE,-2.011,0.103,5390,0.590,2026-03-12
QX-PRO-178,PZ-METRO,-1.308,1.210,14,0.131,2026-03-03
QX-PRO-178,PZ-CORE,-0.681,0.090,2193,0.674,2026-03-16
QX-PRO-178,PZ-VALUE,-2.535,0.038,2140,0.681,2026-02-21
QX-PRO-178,PZ-REMOTE,-1.249,0.050,1404,0.515,2026-03-15
QX-DRY-183,PZ-METRO,-1.872,0.211,2197,0.599,2026-02-25
QX-DRY-183,PZ-URBAN,-3.061,0.701,40,0.144,2026-02-21
QX-DRY-183,PZ-CORE,-1.894,0.111,5894,0.865,2026-03-09
QX-DRY-183,PZ-VALUE,-2.212,0.171,6397,0.855,2026-02-21
QX-DRY-183,PZ-REMOTE,-2.033,0.168,4430,0.452,2026-02-22
QX-PET-191,PZ-METRO,-1.257,0.883,36,0.074,2026-03-21
QX-PET-191,PZ-URBAN,-1.435,0.049,3410,0.855,2026-03-13
QX-PET-191,PZ-CORE,-2.114,0.743,40,0.028,2026-02-24
QX-PET-191,PZ-VALUE,-0.894,0.062,7469,0.625,2026-03-14
QX-PET-191,PZ-REMOTE,-1.615,0.137,6782,0.717,2026-03-15
QX-TIN-193,PZ-METRO,-0.945,0.172,1381,0.871,2026-02-22
QX-TIN-193,PZ-URBAN,-1.473,0.037,2756,0.788,2026-03-13
QX-TIN-193,PZ-VALUE,-1.577,0.171,5117,0.625,2026-03-12
QX-FRZ-201,PZ-VALUE,-1.301,0.080,2361,0.808,2026-03-20
QX-FRZ-201,PZ-REMOTE,-3.038,0.158,1532,0.825,2026-02-27
QX-PRO-206,PZ-METRO,-1.797,0.057,1442,0.470,2026-03-26
QX-PRO-206,PZ-URBAN,-2.679,0.068,4410,0.904,2026-03-03
QX-PRO-206,PZ-VALUE,-2.370,0.936,14,0.017,2026-02-25
QX-PRO-206,PZ-REMOTE,-1.849,0.102,1408,0.695,2026-03-12
QX-CHL-207,PZ-URBAN,-2.615,0.166,1205,0.821,2026-03-09
QX-CHL-207,PZ-CORE,-0.633,0.156,1902,0.753,2026-03-10
QX-CHL-207,PZ-VALUE,-2.512,0.069,2340,0.907,2026-03-26
QX-CHL-207,PZ-REMOTE,-0.936,0.188,9191,0.578,2026-02-25
QX-BAK-209,PZ-METRO,-1.036,0.218,3883,0.492,2026-02-21
QX-BAK-209,PZ-URBAN,-1.569,0.160,717,0.878,2026-03-06
QX-BAK-209,PZ-VALUE,-1.477,0.143,5961,0.539,2026-03-05
QX-BAK-209,PZ-REMOTE,-2.031,0.033,3199,0.741,2026-03-14
QX-CER-219,PZ-METRO,-2.201,0.096,8830,0.624,2026-03-15
QX-CER-219,PZ-URBAN,-1.371,0.170,7140,0.618,2026-03-14
QX-CER-219,PZ-CORE,-2.685,0.165,1277,0.826,2026-03-25
QX-CER-219,PZ-REMOTE,-2.618,0.152,8168,0.448,2026-03-08
QX-BWS-220,PZ-METRO,-0.446,0.037,4302,0.529,2026-03-27
QX-BWS-220,PZ-URBAN,-2.690,0.142,5498,0.866,2026-03-20
QX-BWS-220,PZ-CORE,-1.411,0.035,2306,0.666,2026-03-03
QX-BWS-220,PZ-VALUE,-2.919,0.212,2115,0.676,2026-02-24
QX-BWS-220,PZ-REMOTE,-2.284,0.116,7944,0.585,2026-02-24
QX-CHL-221,PZ-METRO,-3.066,0.145,2925,0.737,2026-03-27
QX-CHL-221,PZ-URBAN,-2.802,0.034,9201,0.456,2026-03-26
QX-CHL-221,PZ-CORE,-1.206,0.116,5436,0.649,2026-03-01
QX-CHL-221,PZ-REMOTE,-1.480,0.060,1812,0.497,2026-03-02
QX-PRO-222,PZ-METRO,-0.498,0.212,1195,0.864,2026-02-22
QX-PRO-222,PZ-URBAN,-2.702,0.161,4332,0.825,2026-03-26
QX-PRO-222,PZ-CORE,-0.839,0.169,5661,0.864,2026-03-17
QX-PRO-222,PZ-VALUE,-2.756,0.038,1570,0.450,2026-03-04
QX-PRO-222,PZ-REMOTE,-2.720,0.046,2037,0.593,2026-03-07
QX-BWS-229,PZ-METRO,-0.816,0.201,2925,0.812,2026-02-27
QX-BWS-229,PZ-URBAN,-1.981,0.128,1241,0.845,2026-03-28
QX-BWS-229,PZ-CORE,-1.583,0.086,8081,0.524,2026-03-08
QX-BWS-229,PZ-VALUE,-2.503,0.158,1513,0.608,2026-02-26
QX-BWS-229,PZ-REMOTE,-1.125,0.148,752,0.449,2026-03-08
QX-DRK-239,PZ-URBAN,-2.114,0.040,5943,0.567,2026-03-19
QX-DRK-239,PZ-VALUE,-2.026,0.159,9326,0.567,2026-03-27
QX-DRK-239,PZ-REMOTE,-1.481,0.053,6762,0.783,2026-03-09
QX-PRO-243,PZ-METRO,-1.801,0.201,7346,0.455,2026-03-22
QX-PRO-243,PZ-URBAN,-1.545,0.097,7063,0.828,2026-03-28
QX-PRO-243,PZ-CORE,-3.088,0.055,8167,0.733,2026-03-26
QX-PRO-243,PZ-VALUE,-1.086,0.141,2736,0.503,2026-03-08
QX-PRO-243,PZ-REMOTE,-2.952,0.084,9028,0.612,2026-03-19
QX-CER-245,PZ-METRO,-2.357,2.012,23,0.175,2026-03-11
QX-CER-245,PZ-URBAN,-0.893,0.082,3100,0.908,2026-03-11
QX-CER-245,PZ-CORE,-2.326,0.163,6760,0.911,2026-03-14
QX-CER-245,PZ-VALUE,-1.495,0.215,3485,0.541,2026-03-18
QX-CER-245,PZ-REMOTE,-2.871,0.141,4650,0.769,2026-03-24
QX-FRZ-249,PZ-METRO,-0.899,0.077,1353,0.821,2026-02-27
QX-FRZ-249,PZ-URBAN,-2.025,0.172,7269,0.555,2026-03-09
QX-FRZ-249,PZ-CORE,-1.400,1.188,33,0.032,2026-03-05
QX-FRZ-249,PZ-REMOTE,-1.517,0.037,8156,0.827,2026-03-09
QX-PET-252,PZ-METRO,-2.530,1.887,17,0.135,2026-02-25
QX-PET-252,PZ-URBAN,-1.816,0.206,8186,0.884,2026-03-26
QX-PET-252,PZ-CORE,-2.819,0.055,3004,0.871,2026-03-24
QX-PET-252,PZ-VALUE,-1.384,0.040,9340,0.559,2026-03-17
QX-PET-252,PZ-REMOTE,-2.091,0.048,2904,0.529,2026-03-03
QX-HHD-257,PZ-METRO,-0.924,0.200,4730,0.870,2026-03-10
QX-HHD-257,PZ-URBAN,-0.707,0.113,6135,0.791,2026-03-04
QX-HHD-257,PZ-VALUE,-2.225,0.147,9216,0.568,2026-02-26
QX-DRK-258,PZ-METRO,-3.069,0.034,7061,0.856,2026-03-02
QX-DRK-258,PZ-URBAN,-2.366,0.199,5146,0.590,2026-02-23
QX-DRK-258,PZ-VALUE,-2.338,0.190,8272,0.533,2026-03-02
QX-DRK-258,PZ-REMOTE,-0.916,0.163,5495,0.601,2026-03-04
QX-PRO-262,PZ-METRO,-2.950,0.083,8176,0.523,2026-03-27
QX-PRO-262,PZ-URBAN,-1.460,0.201,4628,0.893,2026-03-08
QX-PRO-262,PZ-CORE,-3.106,0.064,1861,0.809,2026-03-25
QX-PRO-262,PZ-VALUE,-0.772,0.211,821,0.911,2026-02-23
QX-PRO-262,PZ-REMOTE,-2.364,0.180,1853,0.809,2026-03-28
QX-PRO-263,PZ-METRO,-1.800,0.081,6488,0.658,2026-02-26
QX-PRO-263,PZ-URBAN,-0.814,0.126,7629,0.928,2026-03-28
QX-PRO-263,PZ-CORE,-0.447,0.155,6061,0.778,2026-03-08
QX-PRO-263,PZ-VALUE,-0.582,0.174,7426,0.474,2026-03-10
QX-PRO-263,PZ-REMOTE,-3.009,0.107,4116,0.451,2026-03-10
QX-TIN-267,PZ-URBAN,-3.091,0.093,2864,0.832,2026-03-02
QX-TIN-267,PZ-VALUE,-1.076,0.119,7895,0.462,2026-03-04
QX-TIN-267,PZ-REMOTE,-2.804,0.066,5664,0.499,2026-03-07
QX-HHD-268,PZ-METRO,-2.312,0.204,5569,0.516,2026-03-28
QX-HHD-268,PZ-URBAN,-2.101,0.155,6848,0.522,2026-03-29
QX-HHD-268,PZ-VALUE,-1.508,0.138,3304,0.632,2026-03-14
QX-CER-270,PZ-METRO,-3.142,0.041,910,0.616,2026-03-03
QX-CER-270,PZ-CORE,-1.709,1.637,38,0.108,2026-03-27
QX-CER-270,PZ-VALUE,-1.214,0.109,8226,0.843,2026-03-20
QX-CER-270,PZ-REMOTE,-1.610,0.136,8391,0.663,2026-02-21
QX-PET-271,PZ-METRO,-2.382,0.041,3075,0.791,2026-02-23
QX-PET-271,PZ-URBAN,-1.380,0.101,2771,0.907,2026-03-16
QX-PET-271,PZ-CORE,-2.013,0.134,374,0.512,2026-03-21
QX-PET-271,PZ-VALUE,-1.703,0.094,8215,0.895,2026-03-28
QX-PET-271,PZ-REMOTE,-2.148,1.104,34,0.141,2026-03-17
QX-CER-274,PZ-METRO,-1.560,0.161,5814,0.923,2026-02-25
QX-CER-274,PZ-URBAN,-1.866,0.103,7864,0.732,2026-03-10
QX-CER-274,PZ-CORE,-0.809,0.154,3215,0.689,2026-03-29
QX-CER-274,PZ-VALUE,-0.803,0.116,3707,0.629,2026-03-22
QX-CER-274,PZ-REMOTE,-0.929,0.214,4971,0.707,2026-03-11
QX-DRK-280,PZ-METRO,-1.042,0.102,9368,0.824,2026-03-11
QX-DRK-280,PZ-URBAN,-2.651,0.097,5125,0.698,2026-03-20
QX-DRK-280,PZ-CORE,-2.251,0.049,1714,0.733,2026-03-02
QX-DRK-280,PZ-VALUE,-0.403,0.068,9013,0.710,2026-03-23
QX-TIN-284,PZ-METRO,-2.013,0.072,7814,0.705,2026-03-08
QX-TIN-284,PZ-CORE,-1.459,0.146,7563,0.542,2026-02-21
QX-TIN-284,PZ-VALUE,-1.686,0.091,7655,0.713,2026-03-10
QX-TIN-284,PZ-REMOTE,-1.687,0.204,5264,0.682,2026-03-12
QX-BWS-289,PZ-METRO,-1.797,1.818,40,0.160,2026-03-17
QX-BWS-289,PZ-URBAN,-0.993,0.037,6557,0.918,2026-03-07
QX-BWS-289,PZ-CORE,-2.482,0.624,18,0.058,2026-03-09
QX-BWS-289,PZ-VALUE,-1.785,0.854,28,0.184,2026-03-11
QX-BWS-289,PZ-REMOTE,-1.055,0.181,8175,0.867,2026-03-11
QX-HBC-291,PZ-METRO,-1.957,0.100,4820,0.851,2026-02-26
QX-HBC-291,PZ-CORE,-0.861,0.212,3715,0.820,2026-03-29
QX-HBC-291,PZ-VALUE,-1.067,0.047,7230,0.804,2026-03-26
QX-HBC-291,PZ-REMOTE,-2.622,0.136,1449,0.850,2026-03-15
QX-HHD-293,PZ-METRO,-1.399,0.066,5958,0.782,2026-03-22
QX-HHD-293,PZ-URBAN,-1.804,0.095,3888,0.760,2026-03-18
QX-HHD-293,PZ-CORE,-1.710,0.036,7813,0.782,2026-03-01
QX-HHD-293,PZ-VALUE,-2.760,0.137,8720,0.650,2026-03-27
QX-HHD-293,PZ-REMOTE,-1.342,0.092,6632,0.759,2026-03-18
QX-CHL-295,PZ-URBAN,-0.957,0.213,5293,0.805,2026-03-10
QX-CHL-295,PZ-CORE,-1.451,0.194,3561,0.724,2026-03-10
QX-CHL-295,PZ-VALUE,-2.326,0.117,5238,0.657,2026-02-24
QX-CHL-295,PZ-REMOTE,-1.740,1.077,38,0.084,2026-03-02
QX-BAK-299,PZ-METRO,-2.865,0.135,1863,0.901,2026-03-19
QX-BAK-299,PZ-CORE,-1.803,1.425,10,0.018,2026-03-18
QX-BAK-299,PZ-VALUE,-1.451,0.099,4328,0.698,2026-03-23
QX-BAK-299,PZ-REMOTE,-1.269,0.133,9173,0.521,2026-03-08
QX-CER-303,PZ-METRO,-1.114,0.039,5820,0.803,2026-03-13
QX-CER-303,PZ-CORE,-1.888,0.098,4728,0.753,2026-02-28
QX-CER-303,PZ-VALUE,-1.788,0.191,4014,0.477,2026-03-17
QX-CER-303,PZ-REMOTE,-0.525,0.188,6819,0.722,2026-02-25
QX-HBC-304,PZ-METRO,-0.804,0.147,3128,0.700,2026-02-28
QX-HBC-304,PZ-URBAN,-1.769,0.220,9036,0.604,2026-03-10
QX-HBC-304,PZ-CORE,-2.058,0.120,2646,0.490,2026-03-25
QX-HBC-304,PZ-VALUE,-1.973,0.102,2822,0.510,2026-03-06
QX-HBC-304,PZ-REMOTE,-2.364,0.156,7239,0.587,2026-03-13
QX-DRK-320,PZ-METRO,-1.792,1.611,30,0.021,2026-03-20
QX-DRK-320,PZ-URBAN,-1.644,0.169,1431,0.896,2026-02-22
QX-DRK-320,PZ-CORE,-2.286,0.129,6815,0.715,2026-02-23
QX-DRY-322,PZ-METRO,-2.347,0.182,3520,0.850,2026-02-26
QX-DRY-322,PZ-URBAN,-1.146,0.211,7129,0.646,2026-03-04
QX-DRY-322,PZ-CORE,-1.141,0.044,2291,0.447,2026-03-14
QX-DRY-322,PZ-VALUE,-1.675,0.073,2546,0.799,2026-03-21
QX-DRY-322,PZ-REMOTE,-2.265,1.932,28,0.061,2026-03-28
QX-DRY-324,PZ-METRO,-0.560,0.179,8799,0.915,2026-03-02
QX-DRY-324,PZ-VALUE,-0.800,0.062,7814,0.745,2026-02-24
QX-DRY-324,PZ-REMOTE,-1.398,0.103,6918,0.823,2026-03-17
QX-DRY-325,PZ-METRO,-0.642,0.182,6320,0.819,2026-03-02
QX-DRY-325,PZ-CORE,-1.769,0.041,8356,0.577,2026-03-26
QX-DRY-325,PZ-VALUE,-2.392,0.115,8795,0.595,2026-03-09
QX-HBC-332,PZ-METRO,-0.417,2.350,15,0.164,2026-03-09
QX-HBC-332,PZ-URBAN,-1.987,1.689,23,0.151,2026-03-27
QX-HBC-332,PZ-CORE,-0.880,0.182,926,0.661,2026-03-05
QX-HBC-332,PZ-REMOTE,-0.405,0.182,613,0.853,2026-03-06
QX-HHD-338,PZ-URBAN,-1.009,0.099,6382,0.678,2026-02-23
QX-HHD-338,PZ-VALUE,-2.017,0.143,3020,0.867,2026-02-28
QX-HHD-338,PZ-REMOTE,-2.949,0.065,7415,0.834,2026-03-15
QX-CER-343,PZ-METRO,-1.677,0.059,5516,0.855,2026-02-27
QX-CER-343,PZ-VALUE,-1.220,0.203,9283,0.780,2026-03-04
QX-CER-343,PZ-REMOTE,-2.230,1.811,9,0.160,2026-02-28
QX-TIN-344,PZ-METRO,-0.952,0.119,6156,0.700,2026-03-05
QX-TIN-344,PZ-URBAN,-0.935,0.106,2113,0.920,2026-02-23
QX-TIN-344,PZ-VALUE,-1.929,2.143,38,0.106,2026-03-16
QX-TIN-344,PZ-REMOTE,-0.567,0.054,6611,0.716,2026-02-24
QX-FRZ-345,PZ-URBAN,-1.261,2.067,30,0.096,2026-03-18
QX-FRZ-345,PZ-VALUE,-2.213,0.092,8092,0.763,2026-03-03
QX-FRZ-345,PZ-REMOTE,-2.107,0.218,6993,0.770,2026-03-06
QX-FRZ-351,PZ-URBAN,-3.157,0.073,6176,0.920,2026-02-21
QX-FRZ-351,PZ-CORE,-1.816,0.166,8258,0.487,2026-03-26
QX-FRZ-351,PZ-VALUE,-2.683,0.196,1740,0.813,2026-02-24
QX-FRZ-351,PZ-REMOTE,-0.890,0.116,2779,0.883,2026-02-25
QX-CER-353,PZ-METRO,-2.710,0.168,5832,0.526,2026-03-24
QX-CER-353,PZ-URBAN,-0.506,0.045,1120,0.481,2026-03-20
QX-CER-353,PZ-CORE,-1.610,0.076,4266,0.896,2026-03-03
QX-CER-353,PZ-VALUE,-1.101,0.602,9,0.110,2026-03-11
QX-CER-353,PZ-REMOTE,-2.305,0.068,8264,0.586,2026-03-18
QX-HHD-354,PZ-METRO,-3.130,0.206,7729,0.545,2026-02-25
QX-HHD-354,PZ-URBAN,-1.343,0.068,6928,0.834,2026-03-09
QX-HHD-354,PZ-CORE,-2.202,1.822,24,0.091,2026-03-11
QX-HHD-354,PZ-VALUE,-1.856,1.262,33,0.039,2026-02-25
QX-HHD-354,PZ-REMOTE,-1.065,0.200,6811,0.800,2026-03-20
QX-TIN-355,PZ-METRO,-3.155,0.187,4933,0.508,2026-03-07
QX-TIN-355,PZ-URBAN,-1.949,0.037,4589,0.604,2026-02-25
QX-TIN-355,PZ-CORE,-2.728,0.051,5432,0.593,2026-03-17
QX-TIN-355,PZ-VALUE,-1.103,0.111,617,0.769,2026-03-20
QX-TIN-355,PZ-REMOTE,-0.962,0.044,2413,0.631,2026-03-11
QX-TIN-357,PZ-METRO,-0.468,0.211,684,0.787,2026-02-27
QX-TIN-357,PZ-VALUE,-1.661,0.061,1706,0.585,2026-03-17
QX-TIN-357,PZ-REMOTE,-3.183,1.419,26,0.084,2026-02-24
QX-CER-359,PZ-METRO,-1.559,0.112,1624,0.641,2026-03-27
QX-CER-359,PZ-URBAN,-2.363,0.187,5633,0.886,2026-03-09
QX-CER-359,PZ-CORE,-0.546,0.119,6521,0.674,2026-02-25
QX-CER-359,PZ-VALUE,-2.850,0.100,7184,0.523,2026-03-15
QX-CER-359,PZ-REMOTE,-3.092,0.182,9141,0.562,2026-03-10
QX-HHD-361,PZ-METRO,-2.651,0.120,4459,0.604,2026-03-04
QX-HHD-361,PZ-CORE,-1.072,0.138,9019,0.476,2026-02-22
QX-HHD-361,PZ-VALUE,-2.495,0.192,856,0.704,2026-03-22
QX-HHD-361,PZ-REMOTE,-1.995,0.133,1851,0.855,2026-03-27
QX-PRO-366,PZ-URBAN,-1.921,1.959,18,0.024,2026-03-09
QX-PRO-366,PZ-VALUE,-2.026,0.192,5263,0.907,2026-03-12
QX-PRO-366,PZ-REMOTE,-2.275,0.124,8941,0.618,2026-03-22
QX-PET-368,PZ-CORE,-3.152,0.126,2018,0.546,2026-03-28
QX-PET-368,PZ-VALUE,-1.265,0.111,2174,0.813,2026-03-10
QX-PET-368,PZ-REMOTE,-1.295,0.138,2918,0.631,2026-02-24
QX-CER-369,PZ-URBAN,-1.359,0.146,8099,0.918,2026-03-04
QX-CER-369,PZ-CORE,-0.607,0.126,3790,0.700,2026-03-18
QX-CER-369,PZ-REMOTE,-2.626,0.066,3593,0.660,2026-03-22
QX-PET-372,PZ-METRO,-1.297,0.185,6706,0.644,2026-03-27
QX-PET-372,PZ-URBAN,-1.233,0.200,3059,0.828,2026-03-21
QX-PET-372,PZ-CORE,-2.975,0.129,4518,0.775,2026-02-22
QX-PET-372,PZ-VALUE,-0.495,0.124,5371,0.626,2026-03-03
QX-CER-382,PZ-METRO,-1.338,0.073,5659,0.857,2026-03-16
QX-CER-382,PZ-CORE,-2.598,0.045,5639,0.544,2026-02-21
QX-CER-382,PZ-VALUE,-0.613,0.749,18,0.044,2026-02-27
QX-CER-382,PZ-REMOTE,-0.685,0.111,857,0.855,2026-03-12
QX-BWS-386,PZ-METRO,-2.880,0.033,7688,0.463,2026-03-28
QX-BWS-386,PZ-URBAN,-1.854,0.145,5167,0.664,2026-03-12
QX-BWS-386,PZ-VALUE,-1.845,0.133,3733,0.854,2026-03-23
QX-BWS-386,PZ-REMOTE,-0.839,0.209,1606,0.866,2026-03-06
QX-CHL-388,PZ-METRO,-1.621,0.213,455,0.467,2026-03-20
QX-CHL-388,PZ-URBAN,-1.344,2.316,30,0.053,2026-03-04
QX-CHL-388,PZ-VALUE,-2.012,0.178,7617,0.470,2026-03-02
QX-CHL-388,PZ-REMOTE,-2.698,0.075,2926,0.564,2026-03-21
QX-CHL-393,PZ-METRO,-1.984,0.068,1022,0.601,2026-03-05
QX-CHL-393,PZ-URBAN,-2.083,0.100,8473,0.528,2026-03-20
QX-CHL-393,PZ-CORE,-1.952,1.644,24,0.149,2026-03-28
QX-CHL-393,PZ-VALUE,-0.555,0.173,3699,0.896,2026-03-26
QX-CHL-393,PZ-REMOTE,-2.124,0.214,6086,0.571,2026-03-09
QX-PET-396,PZ-METRO,-2.586,0.061,3613,0.703,2026-03-13
QX-PET-396,PZ-URBAN,-1.057,0.171,1402,0.779,2026-03-24
QX-PET-396,PZ-VALUE,-0.411,0.110,4094,0.850,2026-03-18
QX-PET-396,PZ-REMOTE,-1.380,0.153,8449,0.477,2026-03-12
QX-CER-398,PZ-METRO,-1.113,0.208,1109,0.676,2026-03-08
QX-CER-398,PZ-URBAN,-1.917,0.171,7924,0.556,2026-03-07
QX-CER-398,PZ-VALUE,-1.867,0.218,975,0.895,2026-03-24
QX-CER-398,PZ-REMOTE,-3.054,0.178,9235,0.620,2026-02-25
QX-HHD-403,PZ-METRO,-1.520,0.119,3602,0.894,2026-02-26
QX-HHD-403,PZ-URBAN,-0.624,0.092,2626,0.863,2026-03-21
QX-HHD-403,PZ-CORE,-1.717,0.100,6216,0.651,2026-03-24
QX-HHD-403,PZ-VALUE,-1.105,0.149,5114,0.811,2026-03-06
QX-HHD-403,PZ-REMOTE,-1.565,0.133,8290,0.481,2026-03-23
QX-PET-405,PZ-METRO,-1.091,0.211,4037,0.664,2026-03-23
QX-PET-405,PZ-URBAN,-2.894,0.124,5118,0.577,2026-03-20
QX-PET-405,PZ-CORE,-2.775,0.070,8210,0.927,2026-03-06
QX-PET-405,PZ-VALUE,-2.264,0.197,2181,0.456,2026-03-23
QX-PET-405,PZ-REMOTE,-0.567,0.184,992,0.598,2026-02-21
QX-HBC-406,PZ-METRO,-2.212,1.833,39,0.178,2026-03-07
QX-HBC-406,PZ-URBAN,-1.686,0.174,8703,0.845,2026-03-26
QX-HBC-406,PZ-CORE,-1.610,0.196,5651,0.508,2026-03-13
QX-HBC-406,PZ-VALUE,-0.695,0.117,7891,0.691,2026-03-20
QX-DRY-408,PZ-METRO,-1.708,0.185,2662,0.713,2026-03-15
QX-DRY-408,PZ-CORE,-0.438,0.216,9330,0.529,2026-03-02
QX-DRY-408,PZ-VALUE,-0.891,0.160,6963,0.767,2026-03-23
QX-DRY-408,PZ-REMOTE,-2.895,0.066,9007,0.770,2026-03-21
QX-FRZ-413,PZ-URBAN,-3.142,0.119,6305,0.758,2026-03-04
QX-FRZ-413,PZ-VALUE,-2.539,2.100,26,0.185,2026-03-23
QX-FRZ-413,PZ-REMOTE,-2.862,0.047,3728,0.660,2026-03-25
QX-FRZ-414,PZ-METRO,-0.910,0.176,6768,0.839,2026-02-28
QX-FRZ-414,PZ-URBAN,-2.062,0.211,4876,0.924,2026-02-25
QX-FRZ-414,PZ-CORE,-0.703,0.056,8119,0.844,2026-03-10
QX-FRZ-414,PZ-REMOTE,-1.786,0.215,2772,0.806,2026-03-05
QX-FRZ-415,PZ-METRO,-2.130,0.172,2102,0.633,2026-03-01
QX-FRZ-415,PZ-URBAN,-2.499,0.161,1846,0.622,2026-03-28
QX-FRZ-415,PZ-CORE,-1.941,0.107,3823,0.908,2026-03-17
QX-FRZ-415,PZ-VALUE,-2.319,0.069,3593,0.880,2026-03-20
QX-FRZ-415,PZ-REMOTE,-2.157,0.198,1149,0.904,2026-03-28
QX-HHD-418,PZ-METRO,-0.977,0.123,1317,0.561,2026-03-10
QX-HHD-418,PZ-URBAN,-1.163,2.093,29,0.196,2026-02-24
QX-HHD-418,PZ-CORE,-2.201,1.914,17,0.064,2026-03-14
QX-HHD-418,PZ-VALUE,-0.842,0.056,471,0.741,2026-03-04
QX-PET-427,PZ-METRO,-0.659,0.119,8152,0.913,2026-02-27
QX-PET-427,PZ-URBAN,-0.948,0.137,657,0.830,2026-03-14
QX-PET-427,PZ-VALUE,-1.068,0.165,8984,0.529,2026-03-14
QX-PET-427,PZ-REMOTE,-3.144,0.069,7132,0.707,2026-03-09
QX-PRO-434,PZ-URBAN,-1.075,0.109,6748,0.522,2026-03-08
QX-PRO-434,PZ-CORE,-2.842,0.157,7624,0.922,2026-03-20
QX-PRO-434,PZ-VALUE,-2.070,0.038,2215,0.821,2026-02-22
QX-HHD-442,PZ-URBAN,-2.209,2.060,28,0.064,2026-03-23
QX-HHD-442,PZ-CORE,-2.590,1.849,23,0.042,2026-03-25
QX-HHD-442,PZ-VALUE,-2.161,0.170,2109,0.524,2026-03-22
QX-PET-445,PZ-METRO,-2.675,0.099,8579,0.669,2026-03-07
QX-PET-445,PZ-URBAN,-2.322,0.106,3617,0.624,2026-03-13
QX-PET-445,PZ-CORE,-1.592,0.183,765,0.500,2026-03-24
QX-TIN-446,PZ-METRO,-2.065,0.115,8475,0.774,2026-02-24
QX-TIN-446,PZ-URBAN,-1.399,0.176,7162,0.811,2026-03-06
QX-TIN-446,PZ-CORE,-0.446,0.139,3681,0.724,2026-03-22
QX-TIN-446,PZ-VALUE,-1.056,0.151,7666,0.774,2026-03-13
QX-TIN-446,PZ-REMOTE,-2.014,1.080,18,0.101,2026-03-04
QX-PET-449,PZ-METRO,-1.246,0.055,2984,0.688,2026-03-04
QX-PET-449,PZ-URBAN,-1.399,0.219,1376,0.466,2026-02-23
QX-PET-449,PZ-CORE,-2.044,0.107,6615,0.479,2026-03-28
QX-PET-449,PZ-VALUE,-1.282,1.338,12,0.107,2026-03-10
QX-PET-449,PZ-REMOTE,-2.283,0.172,4365,0.645,2026-03-01
QX-PET-455,PZ-URBAN,-0.734,0.145,2968,0.878,2026-03-13
QX-PET-455,PZ-CORE,-2.696,0.072,3413,0.530,2026-03-25
QX-PET-455,PZ-VALUE,-2.383,0.130,7278,0.707,2026-03-07
QX-DRY-457,PZ-METRO,-1.395,0.164,3301,0.602,2026-02-28
QX-DRY-457,PZ-CORE,-1.628,0.141,1813,0.550,2026-03-25
QX-DRY-457,PZ-VALUE,-1.191,1.072,24,0.133,2026-03-03
QX-DRY-457,PZ-REMOTE,-3.022,0.166,5310,0.744,2026-03-03
QX-CER-458,PZ-METRO,-0.659,0.073,4814,0.749,2026-03-04
QX-CER-458,PZ-URBAN,-0.638,0.108,3648,0.607,2026-02-24
QX-CER-458,PZ-CORE,-2.541,0.041,1439,0.617,2026-02-23
QX-CER-458,PZ-VALUE,-2.645,0.056,6118,0.443,2026-03-28
QX-CER-458,PZ-REMOTE,-1.434,0.065,2951,0.601,2026-03-22
QX-DRK-460,PZ-METRO,-1.973,0.131,7718,0.583,2026-03-26
QX-DRK-460,PZ-URBAN,-2.225,0.074,5941,0.882,2026-03-06
QX-DRK-460,PZ-CORE,-2.608,0.064,518,0.742,2026-03-12
QX-DRK-460,PZ-VALUE,-1.536,0.049,4542,0.719,2026-03-07
QX-DRK-460,PZ-REMOTE,-0.679,0.111,9205,0.717,2026-03-19
QX-PET-462,PZ-METRO,-2.667,0.094,5592,0.906,2026-02-24
QX-PET-462,PZ-URBAN,-2.452,0.035,4548,0.784,2026-03-09
QX-PET-462,PZ-CORE,-0.810,0.049,2356,0.738,2026-03-01
QX-PET-462,PZ-VALUE,-3.175,0.192,4487,0.901,2026-03-15
QX-PET-462,PZ-REMOTE,-2.406,0.217,1353,0.802,2026-02-21
QX-TIN-463,PZ-METRO,-1.448,0.210,2164,0.613,2026-03-06
QX-TIN-463,PZ-URBAN,-1.452,0.220,7754,0.813,2026-02-26
QX-TIN-463,PZ-CORE,-1.646,0.109,878,0.827,2026-03-18
QX-TIN-463,PZ-REMOTE,-2.563,0.054,1666,0.598,2026-03-15
QX-BAK-464,PZ-METRO,-0.991,0.043,3789,0.875,2026-03-15
QX-BAK-464,PZ-URBAN,-2.590,0.189,5692,0.709,2026-03-23
QX-BAK-464,PZ-CORE,-0.712,0.121,7437,0.788,2026-03-20
QX-BAK-464,PZ-VALUE,-2.195,0.126,920,0.889,2026-03-07
QX-BAK-464,PZ-REMOTE,-2.557,1.326,12,0.016,2026-02-21
QX-CHL-466,PZ-METRO,-0.591,0.111,8176,0.688,2026-03-23
QX-CHL-466,PZ-URBAN,-0.910,0.064,1507,0.585,2026-03-29
QX-CHL-466,PZ-CORE,-0.932,0.074,6920,0.742,2026-03-02
QX-CHL-466,PZ-REMOTE,-2.739,0.089,7647,0.628,2026-03-04
QX-DRK-467,PZ-METRO,-1.107,2.339,23,0.014,2026-03-09
QX-DRK-467,PZ-CORE,-2.685,0.215,8457,0.734,2026-03-03
QX-DRK-467,PZ-VALUE,-0.693,0.169,4705,0.600,2026-03-06
QX-DRK-467,PZ-REMOTE,-1.277,0.030,3133,0.781,2026-02-26
QX-HHD-469,PZ-URBAN,-0.696,0.216,5268,0.664,2026-02-28
QX-HHD-469,PZ-CORE,-0.624,0.078,3956,0.920,2026-02-22
QX-HHD-469,PZ-VALUE,-1.126,0.076,9172,0.510,2026-03-01
QX-HHD-469,PZ-REMOTE,-2.532,1.638,18,0.191,2026-03-22
QX-PET-471,PZ-METRO,-2.994,0.039,3349,0.685,2026-03-03
QX-PET-471,PZ-REMOTE,-1.124,0.031,5904,0.826,2026-02-22
QX-CHL-475,PZ-METRO,-0.416,0.182,8135,0.778,2026-03-09
QX-CHL-475,PZ-CORE,-2.960,0.110,5744,0.747,2026-03-26
QX-CHL-475,PZ-VALUE,-2.763,0.198,6722,0.638,2026-03-16
QX-CHL-475,PZ-REMOTE,-2.201,0.161,5199,0.676,2026-03-11
QX-PET-476,PZ-METRO,-1.142,1.343,17,0.018,2026-03-04
QX-PET-476,PZ-URBAN,-2.009,0.202,6849,0.692,2026-03-20
QX-PET-476,PZ-CORE,-2.140,0.107,7228,0.734,2026-03-20
QX-PET-476,PZ-VALUE,-1.573,0.114,2797,0.744,2026-03-10
QX-PET-476,PZ-REMOTE,-1.494,0.099,3894,0.745,2026-03-06
QX-TIN-480,PZ-METRO,-0.627,0.134,7155,0.508,2026-03-04
QX-TIN-480,PZ-URBAN,-1.843,0.169,7359,0.711,2026-03-15
QX-TIN-480,PZ-CORE,-1.983,2.344,34,0.159,2026-02-23
QX-TIN-480,PZ-REMOTE,-1.003,0.152,2725,0.441,2026-03-24
QX-PET-481,PZ-METRO,-1.569,0.109,5858,0.686,2026-03-12
QX-PET-481,PZ-URBAN,-1.333,0.118,5750,0.869,2026-03-04
QX-PET-481,PZ-CORE,-1.305,0.202,2441,0.480,2026-03-19
QX-PET-481,PZ-REMOTE,-1.273,0.180,1591,0.898,2026-03-20
QX-BAK-488,PZ-METRO,-0.826,0.853,32,0.032,2026-03-02
QX-BAK-488,PZ-URBAN,-0.986,0.100,7367,0.492,2026-03-20
QX-BAK-488,PZ-CORE,-1.332,0.167,3753,0.674,2026-02-28
QX-BAK-488,PZ-VALUE,-0.593,0.154,5179,0.828,2026-03-20
QX-BAK-488,PZ-REMOTE,-0.451,0.184,4912,0.770,2026-03-28
QX-DRY-489,PZ-METRO,-2.883,0.172,8005,0.583,2026-02-22
QX-DRY-489,PZ-URBAN,-1.378,0.156,527,0.822,2026-03-25
QX-DRY-489,PZ-VALUE,-2.207,0.039,2318,0.808,2026-02-24
QX-DRY-489,PZ-REMOTE,-2.144,0.162,3087,0.691,2026-02-23
QX-HHD-492,PZ-METRO,-2.222,0.089,7144,0.605,2026-03-02
QX-HHD-492,PZ-URBAN,-2.361,0.076,4086,0.732,2026-03-12
QX-HHD-492,PZ-VALUE,-0.999,0.208,5917,0.620,2026-02-23
QX-HHD-492,PZ-REMOTE,-2.750,0.216,6144,0.629,2026-03-09
QX-HHD-493,PZ-METRO,-2.831,0.032,5333,0.756,2026-03-26
QX-HHD-493,PZ-CORE,-1.151,0.053,3746,0.783,2026-03-06
QX-HHD-493,PZ-VALUE,-1.093,0.207,3513,0.524,2026-03-27
QX-HHD-493,PZ-REMOTE,-1.872,0.151,4446,0.745,2026-02-28
QX-FRZ-495,PZ-METRO,-2.273,0.211,5635,0.689,2026-02-28
QX-FRZ-495,PZ-CORE,-1.799,0.213,6821,0.726,2026-02-28
QX-FRZ-495,PZ-VALUE,-2.302,0.129,2117,0.689,2026-03-11
QX-FRZ-495,PZ-REMOTE,-1.212,0.078,6487,0.883,2026-03-21
QX-FRZ-500,PZ-METRO,-2.987,0.138,1995,0.607,2026-03-27
QX-FRZ-500,PZ-URBAN,-0.764,0.154,780,0.747,2026-03-23
QX-FRZ-500,PZ-CORE,-1.190,0.087,3754,0.813,2026-03-09
QX-FRZ-500,PZ-VALUE,-3.075,0.210,7775,0.877,2026-02-24
QX-DRY-506,PZ-METRO,-2.828,0.053,3318,0.499,2026-03-14
QX-DRY-506,PZ-URBAN,-0.420,0.067,3766,0.541,2026-03-05
QX-DRY-506,PZ-CORE,-2.532,0.134,8615,0.868,2026-03-26
QX-DRY-506,PZ-VALUE,-2.158,0.217,7549,0.511,2026-03-13
QX-DRY-506,PZ-REMOTE,-1.640,0.205,3819,0.902,2026-03-28
QX-CHL-511,PZ-URBAN,-0.904,0.049,2272,0.466,2026-03-18
QX-CHL-511,PZ-VALUE,-2.551,0.201,6314,0.447,2026-02-25
QX-CHL-511,PZ-REMOTE,-1.051,0.808,12,0.138,2026-03-02
QX-BAK-514,PZ-URBAN,-0.928,0.159,3187,0.701,2026-02-21
QX-BAK-514,PZ-VALUE,-2.875,0.124,3395,0.513,2026-03-10
QX-BAK-514,PZ-REMOTE,-0.988,0.180,6569,0.802,2026-02-24
QX-TIN-515,PZ-URBAN,-1.131,0.127,6425,0.757,2026-02-23
QX-TIN-515,PZ-CORE,-0.667,1.022,15,0.056,2026-03-04
QX-TIN-515,PZ-REMOTE,-2.044,0.074,4035,0.793,2026-03-05
QX-CER-521,PZ-METRO,-1.119,0.139,4107,0.703,2026-03-26
QX-CER-521,PZ-URBAN,-2.007,0.056,8939,0.563,2026-02-27
QX-CER-521,PZ-VALUE,-0.700,0.088,4460,0.658,2026-03-06
QX-CER-521,PZ-REMOTE,-2.948,0.079,6572,0.892,2026-03-12
QX-PET-524,PZ-METRO,-0.964,0.122,7963,0.691,2026-03-18
QX-PET-524,PZ-CORE,-3.071,2.355,35,0.060,2026-02-26
QX-PET-524,PZ-VALUE,-3.061,1.962,22,0.138,2026-03-13
QX-BAK-527,PZ-URBAN,-2.362,0.130,7722,0.467,2026-03-01
QX-BAK-527,PZ-CORE,-2.487,0.109,4831,0.781,2026-03-28
QX-BAK-527,PZ-VALUE,-3.026,1.247,17,0.037,2026-03-19
QX-BAK-527,PZ-REMOTE,-1.653,0.992,34,0.167,2026-02-27
QX-BAK-528,PZ-METRO,-1.580,0.055,2044,0.707,2026-03-11
QX-BAK-528,PZ-URBAN,-1.159,0.117,5175,0.528,2026-03-21
QX-BAK-528,PZ-CORE,-1.247,0.105,1787,0.476,2026-03-29
QX-BAK-528,PZ-VALUE,-0.633,0.187,8950,0.539,2026-03-08
QX-BAK-528,PZ-REMOTE,-1.543,0.061,2229,0.468,2026-03-05
QX-PET-531,PZ-URBAN,-0.964,0.060,5600,0.538,2026-03-10
QX-PET-531,PZ-CORE,-0.469,0.064,1697,0.622,2026-03-12
QX-PET-531,PZ-VALUE,-2.621,0.064,2077,0.746,2026-03-15
QX-PET-531,PZ-REMOTE,-0.597,0.089,3277,0.513,2026-03-03
QX-PRO-544,PZ-METRO,-1.374,0.138,6121,0.580,2026-02-25
QX-PRO-544,PZ-URBAN,-1.687,0.164,1167,0.682,2026-02-21
QX-PRO-544,PZ-CORE,-1.310,0.057,4164,0.589,2026-03-01
QX-PRO-544,PZ-REMOTE,-1.950,0.070,6626,0.725,2026-03-01
QX-DRY-545,PZ-CORE,-3.145,0.078,8440,0.731,2026-02-22
QX-DRY-545,PZ-REMOTE,-0.566,1.118,27,0.021,2026-03-04
QX-CHL-550,PZ-METRO,-1.532,0.154,2297,0.729,2026-02-26
QX-CHL-550,PZ-URBAN,-2.000,0.070,4367,0.658,2026-03-13
QX-CHL-550,PZ-CORE,-3.014,0.139,6119,0.815,2026-03-26
QX-CHL-550,PZ-VALUE,-3.102,0.174,7561,0.658,2026-03-19
QX-CHL-550,PZ-REMOTE,-0.734,1.377,32,0.113,2026-03-05
QX-DRK-554,PZ-METRO,-2.411,0.037,5735,0.854,2026-03-09
QX-DRK-554,PZ-URBAN,-1.316,0.187,5261,0.927,2026-02-25
QX-DRK-554,PZ-CORE,-0.458,0.051,7194,0.603,2026-03-02
QX-DRK-554,PZ-VALUE,-0.494,1.461,37,0.121,2026-03-10
QX-DRK-554,PZ-REMOTE,-2.591,0.201,1187,0.550,2026-03-07
QX-PRO-562,PZ-METRO,-1.678,0.059,7753,0.672,2026-03-27
QX-PRO-562,PZ-CORE,-0.788,0.912,22,0.142,2026-02-21
QX-PRO-562,PZ-VALUE,-2.040,0.198,6962,0.783,2026-02-21
QX-PRO-562,PZ-REMOTE,-1.252,0.132,5415,0.492,2026-03-19
QX-TIN-567,PZ-METRO,-0.408,0.196,1299,0.650,2026-03-28
QX-TIN-567,PZ-URBAN,-2.088,0.118,1805,0.625,2026-03-22
QX-TIN-567,PZ-CORE,-1.663,0.048,5741,0.577,2026-03-20
QX-TIN-567,PZ-VALUE,-2.193,0.197,1718,0.881,2026-03-11
QX-TIN-567,PZ-REMOTE,-1.993,0.165,2496,0.481,2026-03-03
QX-PET-569,PZ-URBAN,-0.918,0.083,8246,0.664,2026-03-04
QX-PET-569,PZ-CORE,-0.901,0.121,5586,0.891,2026-02-24
QX-PET-569,PZ-VALUE,-1.521,1.917,15,0.087,2026-02-28
QX-PET-569,PZ-REMOTE,-2.022,0.135,5092,0.728,2026-03-13
QX-BWS-570,PZ-URBAN,-0.482,0.153,5775,0.508,2026-03-09
QX-BWS-570,PZ-CORE,-2.179,0.215,678,0.536,2026-02-24
QX-BWS-570,PZ-VALUE,-2.371,1.762,22,0.048,2026-02-28
QX-BWS-570,PZ-REMOTE,-1.981,0.213,3729,0.897,2026-03-22
QX-BWS-572,PZ-METRO,-0.925,0.087,5059,0.653,2026-03-01
QX-BWS-572,PZ-VALUE,-1.686,0.145,4050,0.676,2026-03-07
QX-BWS-572,PZ-REMOTE,-0.782,0.136,8179,0.715,2026-03-09
QX-PRO-573,PZ-URBAN,-2.045,0.037,4540,0.822,2026-02-22
QX-PRO-573,PZ-CORE,-1.724,0.110,5162,0.498,2026-03-15
QX-PRO-573,PZ-REMOTE,-1.086,2.049,33,0.107,2026-03-15
QX-BWS-575,PZ-METRO,-1.866,0.039,8616,0.504,2026-03-28
QX-BWS-575,PZ-URBAN,-1.093,0.147,3086,0.653,2026-03-16
QX-BWS-575,PZ-REMOTE,-3.119,1.314,29,0.085,2026-03-17
QX-HHD-580,PZ-METRO,-3.084,0.153,3324,0.713,2026-02-27
QX-HHD-580,PZ-URBAN,-0.943,0.088,386,0.549,2026-02-27
QX-HHD-580,PZ-CORE,-1.674,0.088,411,0.564,2026-02-27
QX-HHD-580,PZ-VALUE,-1.928,0.203,6876,0.769,2026-02-25
QX-HHD-580,PZ-REMOTE,-2.495,0.109,591,0.895,2026-02-27
QX-PRO-594,PZ-CORE,-1.017,0.198,8062,0.903,2026-02-21
QX-PRO-594,PZ-VALUE,-1.736,0.053,6604,0.511,2026-02-27
QX-PRO-594,PZ-REMOTE,-1.968,0.200,4734,0.504,2026-03-26
QX-PET-595,PZ-URBAN,-2.368,0.079,1539,0.793,2026-03-03
QX-PET-595,PZ-CORE,-2.953,1.122,27,0.096,2026-02-23
QX-PET-595,PZ-VALUE,-0.627,0.046,2528,0.913,2026-03-09
QX-CER-599,PZ-URBAN,-2.003,0.035,8974,0.653,2026-03-01
QX-CER-599,PZ-VALUE,-3.180,0.149,8270,0.852,2026-03-29
QX-CER-599,PZ-REMOTE,-3.188,0.162,3242,0.566,2026-03-06
QX-HHD-601,PZ-URBAN,-1.203,0.045,1725,0.463,2026-02-22
QX-HHD-601,PZ-CORE,-2.710,0.058,8302,0.621,2026-03-27
QX-HHD-601,PZ-VALUE,-2.790,0.170,6616,0.441,2026-03-05
QX-HHD-601,PZ-REMOTE,-0.613,0.108,8694,0.699,2026-03-24
QX-PRO-606,PZ-METRO,-1.417,0.079,4485,0.509,2026-03-18
QX-PRO-606,PZ-URBAN,-0.462,0.091,4044,0.499,2026-03-24
QX-PRO-606,PZ-CORE,-2.509,1.804,15,0.105,2026-03-22
QX-PRO-606,PZ-VALUE,-2.148,0.154,3105,0.489,2026-03-10
QX-HBC-609,PZ-METRO,-0.896,0.126,2285,0.848,2026-03-24
QX-HBC-609,PZ-URBAN,-1.437,0.136,6163,0.566,2026-03-02
QX-HBC-609,PZ-VALUE,-1.289,1.435,17,0.195,2026-03-20
QX-HBC-609,PZ-REMOTE,-1.634,0.036,5388,0.498,2026-03-10
QX-BWS-610,PZ-METRO,-1.558,0.096,7219,0.463,2026-03-26
QX-BWS-610,PZ-URBAN,-0.673,0.174,3785,0.877,2026-03-22
QX-BWS-610,PZ-VALUE,-2.860,0.176,2661,0.754,2026-03-19
QX-BWS-610,PZ-REMOTE,-0.432,0.156,8837,0.846,2026-03-02
QX-DRK-611,PZ-METRO,-0.568,0.161,3347,0.822,2026-03-16
QX-DRK-611,PZ-URBAN,-1.442,1.406,21,0.043,2026-03-05
QX-DRK-611,PZ-CORE,-2.722,0.198,4580,0.712,2026-02-27
QX-DRK-611,PZ-VALUE,-2.138,0.209,6014,0.699,2026-03-27
QX-DRK-611,PZ-REMOTE,-0.677,0.144,1827,0.885,2026-03-07
QX-BWS-613,PZ-METRO,-2.179,0.071,5969,0.927,2026-02-25
QX-BWS-613,PZ-URBAN,-1.935,0.059,3384,0.556,2026-03-17
QX-BWS-613,PZ-VALUE,-1.308,0.120,7670,0.829,2026-03-26
QX-BWS-613,PZ-REMOTE,-1.904,1.756,18,0.049,2026-03-01
QX-FRZ-614,PZ-URBAN,-2.639,2.177,26,0.104,2026-03-09
QX-FRZ-614,PZ-REMOTE,-0.663,1.373,11,0.093,2026-03-20
QX-BAK-616,PZ-METRO,-1.383,0.192,1456,0.670,2026-03-15
QX-BAK-616,PZ-URBAN,-1.611,0.217,2409,0.619,2026-03-24
QX-BAK-616,PZ-CORE,-1.835,0.103,7934,0.556,2026-03-12
QX-BAK-616,PZ-REMOTE,-1.102,0.121,7316,0.748,2026-02-26
QX-BWS-617,PZ-METRO,-2.579,0.143,6090,0.911,2026-03-29
QX-BWS-617,PZ-URBAN,-1.607,0.133,5759,0.912,2026-03-11
QX-BWS-617,PZ-VALUE,-3.133,0.129,1739,0.551,2026-03-23
QX-BWS-617,PZ-REMOTE,-2.819,0.052,9211,0.677,2026-03-15
QX-BAK-619,PZ-METRO,-3.045,0.201,535,0.576,2026-02-27
QX-BAK-619,PZ-URBAN,-2.427,0.145,8267,0.696,2026-02-22
QX-BAK-619,PZ-CORE,-2.599,0.148,6689,0.893,2026-03-12
QX-CER-625,PZ-METRO,-1.666,0.086,7938,0.853,2026-03-25
QX-CER-625,PZ-URBAN,-1.172,0.190,1376,0.840,2026-03-06
QX-CER-625,PZ-CORE,-0.940,0.831,25,0.128,2026-03-08
QX-DRY-626,PZ-METRO,-2.990,0.200,5846,0.704,2026-03-13
QX-DRY-626,PZ-URBAN,-2.014,0.084,1347,0.541,2026-03-20
QX-TIN-632,PZ-METRO,-2.660,0.077,1091,0.644,2026-03-26
QX-TIN-632,PZ-URBAN,-1.760,1.411,23,0.035,2026-03-14
QX-TIN-632,PZ-VALUE,-1.967,0.179,6177,0.781,2026-03-22
QX-TIN-632,PZ-REMOTE,-2.563,0.159,8043,0.832,2026-03-19
QX-CHL-633,PZ-METRO,-2.501,0.166,2377,0.928,2026-03-14
QX-CHL-633,PZ-URBAN,-0.485,0.990,24,0.121,2026-03-21
QX-CHL-633,PZ-CORE,-1.266,0.134,3917,0.593,2026-03-22
QX-CHL-633,PZ-REMOTE,-0.935,0.152,8442,0.747,2026-03-24
QX-DRK-634,PZ-METRO,-2.344,0.073,2382,0.561,2026-03-10
QX-DRK-634,PZ-URBAN,-0.822,0.195,1961,0.483,2026-02-26
QX-DRK-634,PZ-CORE,-2.959,2.333,37,0.175,2026-02-22
QX-DRK-634,PZ-VALUE,-2.041,0.095,2064,0.885,2026-03-20
QX-DRK-634,PZ-REMOTE,-1.667,0.036,1192,0.856,2026-03-06
QX-BAK-635,PZ-METRO,-2.671,1.874,37,0.055,2026-03-08
QX-BAK-635,PZ-CORE,-1.703,0.057,4745,0.674,2026-03-27
QX-BAK-635,PZ-VALUE,-0.645,0.106,2812,0.895,2026-03-25
QX-BAK-635,PZ-REMOTE,-2.986,0.060,1490,0.474,2026-03-13
QX-HHD-637,PZ-METRO,-0.713,0.091,7898,0.693,2026-03-24
QX-PET-638,PZ-METRO,-2.692,0.218,7755,0.608,2026-03-09
QX-PET-638,PZ-URBAN,-0.624,0.167,8072,0.673,2026-03-01
QX-PET-638,PZ-CORE,-2.170,0.051,3303,0.764,2026-03-10
QX-PET-638,PZ-VALUE,-2.288,0.115,8143,0.846,2026-03-29
QX-PET-638,PZ-REMOTE,-1.482,0.097,3847,0.801,2026-02-28
QX-FRZ-641,PZ-METRO,-2.048,0.216,6692,0.605,2026-03-20
QX-FRZ-641,PZ-URBAN,-2.212,1.841,18,0.177,2026-02-26
QX-FRZ-641,PZ-VALUE,-1.083,0.803,24,0.045,2026-02-24
QX-PRO-643,PZ-METRO,-1.477,0.152,7059,0.899,2026-03-25
QX-PRO-643,PZ-URBAN,-2.689,0.036,6608,0.605,2026-02-28
QX-PRO-643,PZ-REMOTE,-1.777,0.082,9153,0.799,2026-03-21
QX-DRY-646,PZ-METRO,-0.441,0.882,24,0.163,2026-03-28
QX-DRY-646,PZ-URBAN,-2.292,0.207,8568,0.524,2026-02-27
QX-DRY-646,PZ-CORE,-2.973,0.080,8284,0.525,2026-02-22
QX-DRY-646,PZ-VALUE,-2.677,0.169,3294,0.486,2026-03-16
QX-FRZ-652,PZ-METRO,-0.739,0.135,6037,0.473,2026-02-25
QX-FRZ-652,PZ-URBAN,-2.537,1.400,15,0.131,2026-03-23
QX-FRZ-652,PZ-CORE,-3.109,0.144,6268,0.868,2026-03-24
QX-FRZ-652,PZ-VALUE,-2.700,0.051,1000,0.905,2026-03-28
QX-BWS-655,PZ-URBAN,-2.740,0.088,5773,0.732,2026-02-28
QX-BWS-655,PZ-CORE,-2.107,0.153,7119,0.638,2026-03-11
QX-BWS-655,PZ-VALUE,-0.474,0.122,8025,0.784,2026-03-05
QX-BWS-655,PZ-REMOTE,-2.681,0.034,5456,0.607,2026-03-02
QX-CER-657,PZ-METRO,-1.225,0.079,5499,0.840,2026-03-16
QX-CER-657,PZ-URBAN,-0.546,0.182,6028,0.651,2026-03-23
QX-CER-657,PZ-CORE,-2.301,0.156,6685,0.529,2026-03-10
QX-CER-657,PZ-REMOTE,-2.647,0.211,6454,0.726,2026-03-21
QX-DRY-658,PZ-METRO,-2.473,0.136,8334,0.896,2026-03-16
QX-DRY-658,PZ-URBAN,-0.749,0.102,6140,0.582,2026-02-26
QX-DRY-658,PZ-CORE,-0.491,0.781,13,0.165,2026-03-21
QX-DRY-658,PZ-VALUE,-3.159,0.093,2877,0.540,2026-03-27
QX-DRY-658,PZ-REMOTE,-1.431,0.035,1360,0.552,2026-03-10
QX-HHD-662,PZ-METRO,-1.135,0.041,9132,0.587,2026-02-23
QX-HHD-662,PZ-URBAN,-1.009,0.119,5899,0.836,2026-03-06
QX-HHD-662,PZ-CORE,-1.025,0.145,6308,0.793,2026-02-24
QX-CER-663,PZ-METRO,-2.729,0.044,8523,0.852,2026-03-06
QX-CER-663,PZ-URBAN,-2.218,0.108,4182,0.879,2026-03-10
QX-CER-663,PZ-CORE,-1.917,0.183,6797,0.705,2026-03-20
QX-CER-663,PZ-REMOTE,-1.713,0.140,2976,0.780,2026-03-20
QX-BAK-664,PZ-METRO,-0.736,0.756,28,0.064,2026-03-11
QX-BAK-664,PZ-URBAN,-2.614,0.774,18,0.156,2026-03-12
QX-BAK-664,PZ-CORE,-3.006,0.120,1430,0.677,2026-02-28
QX-BAK-664,PZ-VALUE,-0.674,0.142,6941,0.771,2026-02-24
QX-BAK-664,PZ-REMOTE,-1.488,0.054,6577,0.791,2026-03-22
QX-FRZ-667,PZ-METRO,-1.628,1.511,19,0.049,2026-03-19
QX-FRZ-667,PZ-URBAN,-1.774,0.164,5363,0.480,2026-03-24
QX-FRZ-667,PZ-CORE,-1.648,0.063,7298,0.702,2026-03-19
QX-FRZ-667,PZ-VALUE,-0.533,0.090,7269,0.782,2026-03-29
QX-FRZ-667,PZ-REMOTE,-2.953,0.038,8297,0.770,2026-03-04
QX-DRK-669,PZ-METRO,-1.236,0.184,1458,0.481,2026-03-26
QX-DRK-669,PZ-CORE,-0.613,2.400,14,0.143,2026-02-21
QX-DRK-669,PZ-VALUE,-0.943,0.180,9223,0.927,2026-03-19
QX-DRK-669,PZ-REMOTE,-0.794,1.587,11,0.165,2026-03-09
QX-CER-674,PZ-METRO,-1.547,0.210,3118,0.858,2026-03-28
QX-CER-674,PZ-CORE,-1.175,0.052,5998,0.564,2026-03-21
QX-CER-674,PZ-VALUE,-1.952,0.801,37,0.096,2026-03-21
QX-DRK-676,PZ-METRO,-2.623,0.093,6541,0.697,2026-03-19
QX-DRK-676,PZ-URBAN,-1.979,0.137,2410,0.481,2026-03-02
QX-DRK-676,PZ-VALUE,-2.308,0.843,12,0.086,2026-03-05
QX-DRK-676,PZ-REMOTE,-1.954,0.120,3394,0.841,2026-03-14
QX-DRK-677,PZ-METRO,-2.929,0.213,6821,0.547,2026-03-12
QX-DRK-677,PZ-URBAN,-1.481,0.150,669,0.720,2026-03-04
QX-DRK-677,PZ-CORE,-2.312,0.032,3821,0.614,2026-03-06
QX-DRK-677,PZ-REMOTE,-0.729,0.202,1461,0.811,2026-03-26
QX-FRZ-678,PZ-METRO,-0.999,1.575,27,0.073,2026-03-24
QX-FRZ-678,PZ-URBAN,-0.473,0.179,7537,0.923,2026-03-03
QX-FRZ-678,PZ-CORE,-2.384,0.217,1412,0.663,2026-03-21
QX-FRZ-678,PZ-VALUE,-0.904,0.204,6875,0.760,2026-03-07
QX-FRZ-678,PZ-REMOTE,-1.800,0.090,4727,0.453,2026-03-25
QX-PRO-689,PZ-METRO,-1.086,0.105,580,0.780,2026-03-08
QX-PRO-689,PZ-URBAN,-2.704,1.259,33,0.189,2026-03-21
QX-PRO-689,PZ-VALUE,-1.569,1.614,23,0.095,2026-03-28
QX-PRO-689,PZ-REMOTE,-0.500,0.181,2197,0.442,2026-03-17
QX-PET-690,PZ-METRO,-2.771,0.210,6671,0.873,2026-03-02
QX-PET-690,PZ-URBAN,-2.743,0.186,5503,0.460,2026-03-11
QX-PET-690,PZ-CORE,-1.500,0.042,5889,0.455,2026-03-25
QX-PET-690,PZ-VALUE,-2.422,0.064,7243,0.810,2026-03-18
QX-PET-690,PZ-REMOTE,-2.398,0.197,1699,0.747,2026-03-01
QX-PRO-692,PZ-METRO,-3.082,0.170,7417,0.701,2026-03-15
QX-PRO-692,PZ-URBAN,-2.473,0.930,20,0.066,2026-03-13
QX-PRO-692,PZ-CORE,-0.439,0.046,8365,0.857,2026-03-10
QX-PRO-692,PZ-VALUE,-1.626,0.041,5042,0.624,2026-03-11
QX-HHD-697,PZ-URBAN,-0.583,0.155,1263,0.452,2026-03-22
QX-HHD-697,PZ-CORE,-0.650,1.840,9,0.071,2026-03-02
QX-HHD-697,PZ-VALUE,-1.054,0.047,6374,0.565,2026-03-22
QX-HHD-697,PZ-REMOTE,-3.104,0.082,841,0.485,2026-03-24
QX-BAK-700,PZ-METRO,-2.293,0.136,2425,0.820,2026-03-29
QX-BAK-700,PZ-CORE,-1.039,0.118,3068,0.546,2026-02-28
QX-BAK-700,PZ-VALUE,-2.300,0.082,6809,0.592,2026-03-28
QX-BAK-700,PZ-REMOTE,-0.970,0.170,5606,0.488,2026-03-23
QX-HHD-708,PZ-METRO,-1.116,0.215,6068,0.529,2026-03-01
QX-HHD-708,PZ-URBAN,-2.909,0.068,3558,0.622,2026-03-22
QX-HHD-708,PZ-VALUE,-2.183,0.077,7571,0.552,2026-03-24
QX-HHD-708,PZ-REMOTE,-2.389,0.108,5976,0.535,2026-03-11
QX-TIN-715,PZ-METRO,-3.107,0.062,1593,0.699,2026-03-16
QX-TIN-715,PZ-URBAN,-3.069,0.111,1283,0.798,2026-03-08
QX-TIN-715,PZ-CORE,-0.897,0.075,5389,0.756,2026-03-08
QX-TIN-715,PZ-REMOTE,-2.937,0.062,6316,0.609,2026-03-23
QX-TIN-722,PZ-METRO,-0.895,0.096,6776,0.628,2026-03-14
QX-TIN-722,PZ-URBAN,-0.946,0.212,8948,0.860,2026-03-09
QX-TIN-722,PZ-CORE,-2.531,0.174,4227,0.496,2026-02-27
QX-TIN-722,PZ-VALUE,-1.194,0.141,8227,0.805,2026-03-27
QX-TIN-722,PZ-REMOTE,-2.557,0.126,2120,0.562,2026-02-27
QX-HHD-728,PZ-URBAN,-1.855,1.764,26,0.123,2026-03-21
QX-HHD-728,PZ-CORE,-0.509,0.072,5993,0.821,2026-03-05
QX-HHD-728,PZ-VALUE,-2.770,0.210,5622,0.725,2026-03-14
QX-HHD-728,PZ-REMOTE,-1.555,0.108,3433,0.562,2026-03-02
QX-DRK-733,PZ-METRO,-1.234,0.149,4912,0.772,2026-02-26
QX-DRK-733,PZ-CORE,-3.019,0.123,7652,0.514,2026-02-28
QX-DRK-733,PZ-VALUE,-0.982,0.080,8225,0.547,2026-03-13
QX-DRK-733,PZ-REMOTE,-1.791,0.117,9397,0.600,2026-03-24
QX-HBC-738,PZ-URBAN,-2.879,0.054,2378,0.449,2026-03-26
QX-HBC-738,PZ-REMOTE,-2.895,0.137,3517,0.444,2026-03-09
QX-FRZ-745,PZ-METRO,-2.351,0.137,837,0.670,2026-03-22
QX-FRZ-745,PZ-URBAN,-2.816,0.063,5033,0.785,2026-03-22
QX-FRZ-745,PZ-CORE,-1.393,0.175,2796,0.688,2026-03-28
QX-FRZ-745,PZ-REMOTE,-2.874,0.152,4985,0.634,2026-03-10
QX-PET-750,PZ-METRO,-0.986,0.137,7861,0.676,2026-02-27
QX-PET-750,PZ-CORE,-3.144,0.858,38,0.120,2026-03-26
QX-PET-750,PZ-VALUE,-0.896,0.198,3366,0.714,2026-03-18
QX-HHD-754,PZ-METRO,-2.138,0.132,8430,0.835,2026-03-06
QX-HHD-754,PZ-URBAN,-1.923,0.126,4052,0.492,2026-03-13
QX-HHD-754,PZ-CORE,-0.811,0.198,1813,0.626,2026-03-10
QX-HHD-754,PZ-REMOTE,-2.114,0.133,5086,0.521,2026-03-01
QX-CER-764,PZ-METRO,-1.756,0.143,776,0.817,2026-03-23
QX-CER-764,PZ-URBAN,-2.994,0.142,8021,0.778,2026-03-05
QX-CER-764,PZ-CORE,-2.270,0.096,1655,0.486,2026-03-22
QX-CER-764,PZ-VALUE,-0.454,0.127,6319,0.611,2026-03-11
QX-TIN-765,PZ-METRO,-2.762,0.674,35,0.150,2026-03-19
QX-TIN-765,PZ-URBAN,-1.145,0.211,4051,0.874,2026-03-02
QX-TIN-765,PZ-CORE,-1.240,0.189,8218,0.669,2026-02-28
QX-TIN-765,PZ-VALUE,-0.753,0.039,3902,0.737,2026-03-22
QX-TIN-765,PZ-REMOTE,-1.340,0.145,5265,0.563,2026-03-06
QX-HBC-767,PZ-URBAN,-2.971,0.050,6773,0.588,2026-03-04
QX-HBC-767,PZ-VALUE,-2.389,1.773,16,0.059,2026-03-10
QX-BAK-769,PZ-METRO,-0.543,0.208,8315,0.753,2026-03-04
QX-BAK-769,PZ-URBAN,-1.473,0.192,3857,0.685,2026-03-24
QX-BAK-769,PZ-CORE,-0.520,0.169,2666,0.472,2026-03-13
QX-BAK-769,PZ-REMOTE,-3.023,0.069,7155,0.558,2026-03-22
QX-BAK-774,PZ-METRO,-1.193,0.167,8797,0.806,2026-03-08
QX-BAK-774,PZ-URBAN,-1.654,0.128,798,0.772,2026-03-06
QX-BAK-774,PZ-CORE,-1.937,0.082,6158,0.460,2026-03-07
QX-BAK-774,PZ-VALUE,-2.504,0.736,9,0.192,2026-03-03
QX-BAK-774,PZ-REMOTE,-1.677,0.094,5618,0.721,2026-03-11
QX-BAK-777,PZ-METRO,-1.202,0.076,8713,0.907,2026-03-18
QX-BAK-777,PZ-CORE,-3.189,0.086,2867,0.777,2026-03-19
QX-BAK-777,PZ-VALUE,-1.777,0.213,9191,0.829,2026-03-02
QX-BAK-777,PZ-REMOTE,-1.996,0.138,6310,0.894,2026-03-08
QX-BWS-779,PZ-METRO,-1.598,0.084,7009,0.650,2026-03-17
QX-BWS-779,PZ-URBAN,-0.946,0.161,2166,0.464,2026-03-03
QX-BWS-779,PZ-CORE,-0.716,0.145,1144,0.543,2026-03-07
QX-BWS-779,PZ-VALUE,-2.915,0.702,32,0.085,2026-03-17
QX-HHD-787,PZ-METRO,-1.857,0.032,1725,0.647,2026-03-06
QX-HHD-787,PZ-URBAN,-2.162,0.195,7317,0.688,2026-02-23
QX-HHD-787,PZ-VALUE,-1.033,0.080,6153,0.884,2026-03-23
QX-HHD-787,PZ-REMOTE,-0.796,0.119,5767,0.713,2026-02-24
QX-BWS-789,PZ-METRO,-1.553,1.772,27,0.155,2026-03-02
QX-BWS-789,PZ-URBAN,-1.225,0.217,1333,0.577,2026-03-16
QX-BWS-789,PZ-REMOTE,-3.001,0.085,4147,0.902,2026-03-01
QX-BWS-791,PZ-METRO,-1.863,0.146,5846,0.843,2026-03-04
QX-BWS-791,PZ-URBAN,-2.914,0.184,6196,0.448,2026-02-25
QX-BWS-791,PZ-VALUE,-2.414,1.322,25,0.058,2026-03-08
QX-TIN-792,PZ-METRO,-1.576,0.047,1854,0.796,2026-03-01
QX-TIN-792,PZ-VALUE,-2.425,0.120,6999,0.621,2026-03-22
QX-TIN-792,PZ-REMOTE,-2.166,0.067,4986,0.723,2026-03-24
QX-TIN-794,PZ-METRO,-1.334,0.206,2653,0.657,2026-03-01
QX-TIN-794,PZ-URBAN,-1.690,0.149,745,0.608,2026-03-12
QX-TIN-794,PZ-REMOTE,-0.634,1.005,34,0.080,2026-03-28
QX-DRK-795,PZ-METRO,-1.113,0.095,5967,0.906,2026-03-15
QX-DRK-795,PZ-URBAN,-2.984,0.126,1846,0.908,2026-03-27
QX-DRK-795,PZ-CORE,-0.829,0.140,4439,0.820,2026-03-24
QX-DRK-795,PZ-VALUE,-1.054,0.214,8620,0.786,2026-03-22
QX-DRK-795,PZ-REMOTE,-0.845,0.155,6324,0.763,2026-03-06
QX-PET-797,PZ-METRO,-2.050,0.109,4751,0.562,2026-03-25
QX-PET-797,PZ-URBAN,-2.734,0.071,3341,0.859,2026-03-29
QX-CER-798,PZ-METRO,-2.037,0.212,2540,0.564,2026-03-07
QX-CER-798,PZ-URBAN,-0.926,0.062,1829,0.816,2026-03-11
QX-CER-798,PZ-VALUE,-1.776,0.083,4147,0.477,2026-03-09
QX-CER-798,PZ-REMOTE,-0.685,0.116,2850,0.722,2026-03-24
QX-PRO-800,PZ-METRO,-2.705,0.069,2841,0.510,2026-03-09
QX-PRO-800,PZ-URBAN,-1.046,0.055,5428,0.903,2026-03-17
QX-PRO-800,PZ-CORE,-2.506,0.128,7606,0.548,2026-03-10
QX-PRO-800,PZ-VALUE,-1.210,1.746,27,0.079,2026-03-22
QX-PRO-801,PZ-METRO,-1.686,0.093,7785,0.855,2026-03-27
QX-PRO-801,PZ-URBAN,-2.773,0.201,8916,0.864,2026-03-21
QX-PRO-801,PZ-VALUE,-0.796,0.133,518,0.719,2026-03-28
QX-TIN-802,PZ-METRO,-1.412,0.179,1054,0.662,2026-03-16
QX-TIN-802,PZ-URBAN,-2.939,0.116,6018,0.546,2026-03-22
QX-TIN-802,PZ-CORE,-0.591,0.098,6046,0.636,2026-03-18
QX-TIN-802,PZ-VALUE,-0.897,0.097,4742,0.565,2026-03-11
QX-TIN-802,PZ-REMOTE,-2.470,1.767,13,0.088,2026-03-12
QX-BAK-803,PZ-METRO,-0.836,2.286,17,0.180,2026-03-23
QX-BAK-803,PZ-URBAN,-0.883,0.121,499,0.733,2026-03-02
QX-BAK-803,PZ-CORE,-0.511,0.132,7910,0.820,2026-03-13
QX-BAK-803,PZ-REMOTE,-0.587,0.138,9282,0.512,2026-03-10
QX-HBC-805,PZ-METRO,-1.638,0.106,5154,0.677,2026-03-14
QX-HBC-805,PZ-REMOTE,-2.371,0.118,1274,0.690,2026-03-12
QX-HBC-806,PZ-METRO,-1.372,0.160,3798,0.719,2026-03-28
QX-HBC-806,PZ-CORE,-2.364,0.091,6305,0.462,2026-02-22
QX-HBC-806,PZ-VALUE,-1.108,0.057,1119,0.556,2026-02-27
QX-HBC-806,PZ-REMOTE,-2.166,0.162,4823,0.841,2026-03-27
QX-BWS-809,PZ-METRO,-0.935,1.623,11,0.037,2026-03-19
QX-BWS-809,PZ-CORE,-3.015,0.136,6256,0.504,2026-03-26
QX-BWS-809,PZ-VALUE,-2.895,0.879,40,0.078,2026-02-28
QX-BAK-810,PZ-URBAN,-1.032,0.154,4966,0.585,2026-03-09
QX-BAK-810,PZ-VALUE,-2.537,1.534,12,0.186,2026-03-14
QX-BAK-810,PZ-REMOTE,-1.612,0.047,9140,0.496,2026-03-03
QX-CER-815,PZ-METRO,-0.496,0.061,4707,0.657,2026-03-07
QX-CER-815,PZ-URBAN,-1.275,2.029,32,0.020,2026-03-14
QX-CER-815,PZ-VALUE,-0.586,0.104,7900,0.857,2026-03-17
QX-CER-815,PZ-REMOTE,-2.952,0.196,2679,0.851,2026-03-17
QX-TIN-818,PZ-METRO,-0.791,0.099,5442,0.842,2026-03-02
QX-TIN-818,PZ-URBAN,-3.026,0.034,3186,0.863,2026-03-27
QX-TIN-818,PZ-VALUE,-3.144,0.071,4702,0.692,2026-02-21
QX-TIN-818,PZ-REMOTE,-1.054,0.170,1241,0.792,2026-02-23
QX-DRY-819,PZ-METRO,-2.961,0.135,4530,0.734,2026-03-09
QX-DRY-819,PZ-URBAN,-0.854,1.218,32,0.189,2026-02-24
QX-DRY-819,PZ-VALUE,-0.542,0.104,2738,0.802,2026-02-24
QX-DRY-819,PZ-REMOTE,-2.185,0.156,6475,0.876,2026-02-25
QX-BWS-821,PZ-METRO,-1.897,0.182,2868,0.464,2026-03-22
QX-BWS-821,PZ-URBAN,-3.199,0.064,8342,0.801,2026-03-20
QX-BWS-821,PZ-CORE,-2.305,1.855,14,0.174,2026-02-25
QX-BWS-821,PZ-VALUE,-2.541,0.049,7345,0.613,2026-03-21
QX-BWS-821,PZ-REMOTE,-1.361,0.052,3485,0.915,2026-03-07
QX-FRZ-829,PZ-METRO,-2.851,0.070,7554,0.510,2026-03-04
QX-FRZ-829,PZ-URBAN,-3.199,0.132,3984,0.811,2026-03-25
QX-FRZ-829,PZ-CORE,-1.262,0.136,8834,0.842,2026-03-26
QX-FRZ-829,PZ-VALUE,-2.796,0.202,4261,0.765,2026-03-14
QX-FRZ-829,PZ-REMOTE,-1.909,0.205,8765,0.741,2026-03-21
QX-CER-830,PZ-METRO,-0.813,0.126,8722,0.523,2026-03-21
QX-CER-830,PZ-URBAN,-1.023,0.220,8038,0.558,2026-03-05
QX-CER-830,PZ-CORE,-2.999,1.984,15,0.012,2026-03-16
QX-CER-830,PZ-VALUE,-1.361,0.604,40,0.135,2026-03-13
QX-PET-832,PZ-METRO,-1.900,0.167,6551,0.524,2026-03-28
QX-PET-832,PZ-CORE,-2.900,0.065,5212,0.519,2026-03-03
QX-PET-832,PZ-VALUE,-1.601,0.115,6641,0.930,2026-03-11
QX-DRK-834,PZ-METRO,-0.724,0.075,2932,0.481,2026-02-25
QX-DRK-834,PZ-URBAN,-0.830,0.036,3315,0.678,2026-03-15
QX-DRK-834,PZ-CORE,-2.191,0.093,3819,0.501,2026-03-16
QX-DRK-834,PZ-VALUE,-1.940,0.033,1678,0.635,2026-03-09
QX-DRK-834,PZ-REMOTE,-0.439,0.125,725,0.853,2026-02-24
QX-BAK-837,PZ-METRO,-2.018,0.217,2842,0.493,2026-02-22
QX-BAK-837,PZ-URBAN,-2.820,0.179,5563,0.592,2026-03-22
QX-BAK-837,PZ-CORE,-2.413,0.215,8876,0.581,2026-03-28
QX-BAK-837,PZ-VALUE,-2.584,0.100,8597,0.558,2026-03-18
QX-BAK-837,PZ-REMOTE,-0.509,0.036,2808,0.631,2026-03-14
QX-HHD-845,PZ-METRO,-1.242,0.202,977,0.898,2026-03-19
QX-HHD-845,PZ-URBAN,-1.491,0.212,4622,0.712,2026-02-25
QX-HHD-845,PZ-CORE,-1.348,0.090,8363,0.892,2026-02-26
QX-FRZ-847,PZ-METRO,-1.464,0.116,998,0.793,2026-03-27
QX-FRZ-847,PZ-URBAN,-1.127,0.063,818,0.841,2026-03-07
QX-FRZ-847,PZ-VALUE,-2.393,0.201,7985,0.516,2026-03-17
QX-FRZ-847,PZ-REMOTE,-1.845,0.041,7103,0.929,2026-03-10
QX-BAK-852,PZ-METRO,-0.868,0.124,5038,0.442,2026-02-28
QX-BAK-852,PZ-URBAN,-1.189,0.082,5078,0.456,2026-03-01
QX-BAK-852,PZ-CORE,-0.898,0.168,7870,0.773,2026-02-28
QX-BAK-852,PZ-VALUE,-2.342,0.197,2054,0.806,2026-02-22
QX-BAK-852,PZ-REMOTE,-1.985,0.061,5931,0.737,2026-02-27
QX-HBC-854,PZ-METRO,-1.174,0.168,1963,0.529,2026-03-12
QX-HBC-854,PZ-URBAN,-2.501,0.186,1420,0.764,2026-02-24
QX-HBC-854,PZ-CORE,-1.425,0.122,6444,0.479,2026-03-05
QX-HBC-854,PZ-VALUE,-1.891,0.038,1894,0.446,2026-02-26
QX-HBC-854,PZ-REMOTE,-1.078,0.132,2387,0.877,2026-03-15
QX-HHD-855,PZ-METRO,-2.195,1.237,23,0.034,2026-02-24
QX-HHD-855,PZ-URBAN,-3.167,1.117,31,0.016,2026-03-17
QX-HHD-855,PZ-CORE,-2.245,0.147,9199,0.604,2026-03-01
QX-CHL-856,PZ-METRO,-2.771,0.211,2385,0.492,2026-03-07
QX-CHL-856,PZ-URBAN,-2.454,0.129,5761,0.862,2026-03-04
QX-CHL-856,PZ-CORE,-2.826,0.053,7799,0.894,2026-03-16
QX-CHL-856,PZ-VALUE,-0.809,0.079,9238,0.680,2026-03-13
QX-CHL-856,PZ-REMOTE,-1.608,0.195,8254,0.472,2026-03-24
QX-TIN-862,PZ-METRO,-2.696,0.115,3640,0.852,2026-03-04
QX-TIN-862,PZ-URBAN,-0.434,0.214,3604,0.890,2026-03-22
QX-TIN-862,PZ-CORE,-0.417,0.154,2361,0.581,2026-03-25
QX-TIN-862,PZ-VALUE,-2.231,0.124,3900,0.908,2026-03-14
QX-TIN-862,PZ-REMOTE,-2.345,0.053,7724,0.811,2026-03-28
QX-DRY-863,PZ-URBAN,-2.546,0.030,449,0.561,2026-02-21
QX-DRY-863,PZ-CORE,-2.825,0.046,9030,0.556,2026-03-01
QX-DRY-863,PZ-VALUE,-1.998,0.169,3661,0.892,2026-02-24
QX-DRY-863,PZ-REMOTE,-3.006,0.115,6413,0.668,2026-03-20
QX-BWS-864,PZ-METRO,-0.615,0.100,1236,0.879,2026-03-23
QX-BWS-864,PZ-URBAN,-1.178,0.075,2951,0.772,2026-03-21
QX-BWS-864,PZ-VALUE,-1.382,0.168,6745,0.862,2026-02-25
QX-BWS-864,PZ-REMOTE,-1.327,0.132,1612,0.647,2026-03-02
QX-PET-869,PZ-METRO,-1.798,0.146,5447,0.705,2026-03-18
QX-PET-869,PZ-URBAN,-2.887,0.212,1272,0.853,2026-03-22
QX-PET-869,PZ-CORE,-1.740,0.147,5788,0.885,2026-03-01
QX-PET-869,PZ-VALUE,-3.067,0.154,1223,0.534,2026-02-27
QX-TIN-870,PZ-METRO,-1.333,0.072,5312,0.765,2026-03-26
QX-TIN-870,PZ-URBAN,-1.867,0.179,4382,0.705,2026-02-27
QX-TIN-870,PZ-CORE,-2.572,0.067,7867,0.898,2026-03-04
QX-TIN-870,PZ-VALUE,-2.253,0.054,2169,0.737,2026-03-29
QX-PET-872,PZ-METRO,-1.432,1.728,16,0.138,2026-02-21
QX-PET-872,PZ-URBAN,-2.034,0.032,9199,0.744,2026-03-25
QX-PET-872,PZ-CORE,-1.417,0.030,8697,0.824,2026-03-01
QX-PET-872,PZ-VALUE,-1.559,1.066,10,0.186,2026-02-22
QX-CHL-876,PZ-METRO,-2.259,0.148,884,0.513,2026-03-25
QX-CHL-876,PZ-URBAN,-1.800,1.847,25,0.093,2026-03-11
QX-CHL-876,PZ-VALUE,-2.553,1.340,29,0.029,2026-03-22
QX-PET-883,PZ-METRO,-0.403,0.106,9059,0.644,2026-03-14
QX-PET-883,PZ-URBAN,-2.819,0.174,3141,0.844,2026-03-25
QX-PET-883,PZ-VALUE,-2.740,0.031,2800,0.700,2026-03-20
QX-PET-883,PZ-REMOTE,-1.769,2.310,28,0.103,2026-02-21
QX-PET-884,PZ-METRO,-1.182,0.094,3658,0.899,2026-03-02
QX-PET-884,PZ-CORE,-0.865,0.050,6789,0.865,2026-03-13
QX-PRO-886,PZ-URBAN,-2.327,0.161,6484,0.456,2026-03-04
QX-PRO-886,PZ-CORE,-1.127,0.070,7101,0.576,2026-02-24
QX-PRO-886,PZ-VALUE,-2.722,0.143,8586,0.624,2026-03-10
QX-PRO-886,PZ-REMOTE,-3.041,0.073,4964,0.757,2026-03-01
QX-CER-889,PZ-METRO,-2.321,0.039,1271,0.505,2026-03-17
QX-CER-889,PZ-URBAN,-1.268,0.203,2457,0.487,2026-02-21
QX-CER-889,PZ-CORE,-1.794,0.219,6629,0.826,2026-03-05
QX-CER-889,PZ-VALUE,-0.533,0.099,1393,0.731,2026-03-06
QX-BAK-892,PZ-METRO,-2.956,0.052,8028,0.460,2026-03-22
QX-BAK-892,PZ-URBAN,-0.665,0.060,5532,0.810,2026-03-27
QX-BAK-892,PZ-CORE,-2.238,0.984,17,0.092,2026-03-06
QX-BAK-892,PZ-VALUE,-0.777,0.055,7330,0.916,2026-03-23
QX-BAK-892,PZ-REMOTE,-2.313,0.191,2157,0.747,2026-03-20
QX-DRY-893,PZ-URBAN,-0.815,0.816,13,0.165,2026-03-02
QX-DRY-893,PZ-REMOTE,-2.218,0.198,7522,0.450,2026-02-28
QX-TIN-894,PZ-METRO,-2.292,0.092,4621,0.743,2026-03-05
QX-TIN-894,PZ-CORE,-0.952,2.110,25,0.101,2026-03-06
QX-TIN-894,PZ-VALUE,-2.054,0.802,30,0.138,2026-03-14
QX-TIN-894,PZ-REMOTE,-2.847,0.070,7523,0.899,2026-03-09
QX-BAK-896,PZ-METRO,-2.023,0.077,4778,0.483,2026-02-22
QX-BAK-896,PZ-URBAN,-2.363,0.118,829,0.878,2026-03-05
QX-BAK-896,PZ-CORE,-3.105,0.051,4443,0.580,2026-03-07
QX-BAK-896,PZ-VALUE,-1.131,0.140,644,0.678,2026-03-11
QX-BAK-896,PZ-REMOTE,-1.229,0.110,1554,0.929,2026-03-17
QX-HHD-898,PZ-METRO,-0.918,0.204,6195,0.803,2026-03-09
QX-HHD-898,PZ-URBAN,-3.059,0.053,6855,0.799,2026-03-13
QX-HHD-898,PZ-CORE,-0.444,1.888,10,0.047,2026-03-15
QX-HHD-898,PZ-VALUE,-2.363,0.210,8348,0.643,2026-02-21
QX-HHD-898,PZ-REMOTE,-2.938,0.086,3038,0.517,2026-03-20
QX-CER-899,PZ-URBAN,-0.519,0.204,3130,0.586,2026-03-06
QX-CER-899,PZ-CORE,-0.896,1.065,23,0.153,2026-03-11
QX-CER-899,PZ-VALUE,-1.676,0.112,3451,0.721,2026-02-25
QX-CER-899,PZ-REMOTE,-1.923,0.103,8832,0.539,2026-03-28
QX-FRZ-904,PZ-METRO,-0.638,0.070,1277,0.834,2026-02-22
QX-FRZ-904,PZ-URBAN,-0.583,1.439,19,0.170,2026-03-16
QX-FRZ-904,PZ-CORE,-2.686,0.175,7447,0.746,2026-03-24
QX-FRZ-904,PZ-REMOTE,-2.422,0.049,7026,0.569,2026-03-04
QX-FRZ-905,PZ-METRO,-2.762,0.216,7214,0.912,2026-03-13
QX-FRZ-905,PZ-CORE,-2.226,0.145,711,0.548,2026-03-21
QX-FRZ-905,PZ-REMOTE,-0.802,0.197,4211,0.547,2026-03-20
QX-DRK-911,PZ-METRO,-2.387,0.178,2453,0.468,2026-03-20
QX-DRK-911,PZ-URBAN,-0.536,0.177,8213,0.553,2026-02-24
QX-DRK-911,PZ-VALUE,-2.576,0.179,541,0.559,2026-03-19
QX-DRK-911,PZ-REMOTE,-2.579,1.479,21,0.101,2026-03-15
QX-FRZ-912,PZ-METRO,-2.000,0.142,7602,0.711,2026-03-08
QX-FRZ-912,PZ-URBAN,-0.526,0.672,20,0.154,2026-03-24
QX-FRZ-912,PZ-CORE,-1.924,1.739,14,0.191,2026-03-24
QX-FRZ-912,PZ-VALUE,-0.442,0.210,9359,0.729,2026-02-27
QX-FRZ-912,PZ-REMOTE,-0.745,0.115,8979,0.639,2026-03-08
QX-TIN-914,PZ-METRO,-1.539,0.150,8999,0.742,2026-02-27
QX-TIN-914,PZ-URBAN,-1.792,0.666,11,0.169,2026-02-22
QX-TIN-914,PZ-CORE,-1.993,0.122,1026,0.635,2026-02-28
QX-TIN-914,PZ-VALUE,-0.845,0.071,2492,0.748,2026-03-06
QX-PRO-919,PZ-METRO,-2.819,0.166,1656,0.459,2026-03-14
QX-PRO-919,PZ-URBAN,-3.106,0.216,6904,0.695,2026-02-23
QX-PRO-919,PZ-CORE,-1.848,0.205,7954,0.512,2026-02-21
QX-PRO-919,PZ-REMOTE,-1.764,0.175,3294,0.806,2026-03-26
QX-HBC-920,PZ-URBAN,-1.044,0.176,7942,0.592,2026-03-20
QX-HBC-920,PZ-VALUE,-2.335,0.039,7035,0.754,2026-03-19
QX-HBC-920,PZ-REMOTE,-2.866,0.156,8839,0.510,2026-03-06
QX-DRK-922,PZ-URBAN,-2.831,0.200,6656,0.526,2026-03-22
QX-DRK-922,PZ-VALUE,-1.409,0.151,458,0.699,2026-03-27
QX-PRO-923,PZ-URBAN,-1.283,0.042,3504,0.519,2026-03-15
QX-PRO-923,PZ-CORE,-3.068,1.635,36,0.027,2026-02-25
QX-PRO-923,PZ-VALUE,-1.770,0.170,4837,0.561,2026-03-28
QX-PRO-923,PZ-REMOTE,-3.007,0.200,5937,0.653,2026-03-08
QX-PRO-926,PZ-METRO,-0.727,0.069,365,0.891,2026-03-06
QX-PRO-926,PZ-URBAN,-2.493,0.138,2263,0.604,2026-03-20
QX-PRO-926,PZ-CORE,-1.507,0.110,5471,0.564,2026-03-15
QX-PRO-926,PZ-REMOTE,-2.228,0.963,29,0.116,2026-03-05
QX-PET-927,PZ-METRO,-1.237,0.070,8050,0.642,2026-03-20
QX-PET-927,PZ-URBAN,-2.430,1.719,10,0.094,2026-03-29
QX-PET-927,PZ-CORE,-1.771,0.049,3240,0.689,2026-03-23
QX-PET-927,PZ-VALUE,-2.782,0.074,2319,0.926,2026-02-25
QX-PET-927,PZ-REMOTE,-1.298,1.627,24,0.044,2026-03-15
QX-HBC-928,PZ-CORE,-0.911,1.630,19,0.064,2026-02-26
QX-HBC-928,PZ-VALUE,-0.874,0.054,906,0.534,2026-02-22
QX-HBC-928,PZ-REMOTE,-0.649,0.049,6260,0.854,2026-03-12
QX-PET-931,PZ-METRO,-1.592,0.197,8677,0.634,2026-03-22
QX-PET-931,PZ-CORE,-2.502,0.116,3720,0.916,2026-02-21
QX-PET-931,PZ-VALUE,-2.434,0.151,4478,0.628,2026-02-27
QX-PET-931,PZ-REMOTE,-2.460,0.137,4605,0.709,2026-02-25
QX-CHL-932,PZ-URBAN,-3.089,0.132,2508,0.653,2026-03-07
QX-CHL-932,PZ-CORE,-0.964,0.054,2904,0.713,2026-03-26
QX-CHL-932,PZ-VALUE,-2.332,0.215,2709,0.495,2026-03-14
QX-CHL-932,PZ-REMOTE,-0.612,0.082,3097,0.477,2026-03-21
QX-FRZ-933,PZ-METRO,-1.834,0.210,2472,0.781,2026-03-27
QX-FRZ-933,PZ-URBAN,-0.747,0.048,475,0.688,2026-03-02
QX-FRZ-933,PZ-REMOTE,-2.492,1.441,28,0.090,2026-03-15
QX-CHL-935,PZ-URBAN,-0.798,0.883,20,0.159,2026-03-20
QX-CHL-935,PZ-CORE,-1.150,0.198,7373,0.887,2026-03-07
QX-CHL-935,PZ-VALUE,-2.344,1.171,32,0.012,2026-03-27
QX-CHL-935,PZ-REMOTE,-1.744,0.151,5387,0.781,2026-03-24
QX-HBC-937,PZ-METRO,-0.833,0.046,5702,0.697,2026-02-23
QX-HBC-937,PZ-URBAN,-2.912,0.114,3724,0.670,2026-02-22
QX-HBC-937,PZ-CORE,-1.680,0.143,3395,0.738,2026-03-06
QX-HBC-937,PZ-VALUE,-0.661,0.079,2466,0.442,2026-03-02
QX-HBC-937,PZ-REMOTE,-3.087,0.185,2648,0.604,2026-03-24
QX-TIN-938,PZ-METRO,-2.402,0.077,8148,0.465,2026-02-25
QX-TIN-938,PZ-URBAN,-2.999,0.106,2967,0.709,2026-03-01
QX-TIN-938,PZ-CORE,-2.566,2.183,36,0.183,2026-03-14
QX-TIN-938,PZ-VALUE,-1.569,0.219,4884,0.727,2026-03-21
QX-DRK-940,PZ-METRO,-2.590,0.162,1005,0.833,2026-03-21
QX-DRK-940,PZ-URBAN,-3.154,2.369,20,0.107,2026-03-20
QX-DRK-940,PZ-CORE,-2.106,1.172,31,0.070,2026-03-18
QX-DRK-940,PZ-VALUE,-2.098,0.163,6919,0.913,2026-03-09
QX-FRZ-941,PZ-METRO,-2.421,0.127,4416,0.878,2026-03-27
QX-FRZ-941,PZ-URBAN,-2.896,0.135,2586,0.880,2026-03-13
QX-FRZ-941,PZ-CORE,-1.421,0.054,3768,0.499,2026-02-22
QX-FRZ-941,PZ-VALUE,-2.753,2.102,24,0.120,2026-03-06
QX-FRZ-941,PZ-REMOTE,-1.609,1.666,32,0.057,2026-03-28
QX-DRK-948,PZ-METRO,-2.684,0.137,2237,0.903,2026-03-15
QX-DRK-948,PZ-URBAN,-1.498,0.188,3661,0.636,2026-02-28
QX-DRK-948,PZ-CORE,-0.880,0.188,9139,0.760,2026-03-21
QX-DRK-948,PZ-VALUE,-1.174,0.105,4197,0.608,2026-03-12
QX-DRK-948,PZ-REMOTE,-1.702,0.054,2041,0.507,2026-03-06
QX-PRO-949,PZ-VALUE,-2.663,0.107,5418,0.906,2026-03-02
QX-PET-956,PZ-METRO,-0.601,0.077,8302,0.522,2026-03-13
QX-PET-956,PZ-URBAN,-2.460,0.180,6237,0.830,2026-03-14
QX-PET-956,PZ-CORE,-0.410,0.159,2039,0.638,2026-03-11
QX-PET-956,PZ-VALUE,-1.089,0.079,7610,0.886,2026-03-09
QX-PET-956,PZ-REMOTE,-3.106,0.194,5755,0.469,2026-02-25
QX-PET-958,PZ-METRO,-3.176,0.040,4549,0.482,2026-03-05
QX-PET-958,PZ-CORE,-2.721,0.051,658,0.556,2026-03-29
QX-PET-958,PZ-VALUE,-1.810,0.105,8391,0.643,2026-03-29
QX-CER-968,PZ-METRO,-1.404,0.087,1285,0.500,2026-03-07
QX-CER-968,PZ-CORE,-2.056,1.084,18,0.080,2026-02-24
QX-CER-968,PZ-VALUE,-1.678,1.097,23,0.128,2026-02-25
QX-CER-968,PZ-REMOTE,-1.489,0.099,6413,0.542,2026-02-22
QX-DRY-970,PZ-METRO,-1.807,0.150,1092,0.508,2026-03-12
QX-DRY-970,PZ-URBAN,-1.506,0.138,3507,0.533,2026-02-26
QX-DRY-970,PZ-VALUE,-1.126,0.115,9321,0.547,2026-02-21
QX-CER-973,PZ-METRO,-3.148,0.037,2828,0.684,2026-03-23
QX-CER-973,PZ-URBAN,-2.872,0.063,6444,0.775,2026-03-17
QX-CER-973,PZ-CORE,-2.342,0.177,3678,0.673,2026-03-04
QX-CER-973,PZ-REMOTE,-0.498,0.074,3818,0.480,2026-03-29
QX-HHD-974,PZ-METRO,-3.066,0.093,5151,0.772,2026-03-19
QX-HHD-974,PZ-CORE,-1.695,0.168,4374,0.587,2026-03-20
QX-HHD-974,PZ-VALUE,-3.071,0.057,5262,0.535,2026-03-08
QX-HHD-974,PZ-REMOTE,-2.404,0.193,6103,0.852,2026-03-22
QX-HBC-982,PZ-METRO,-1.451,0.099,2170,0.855,2026-02-27
QX-HBC-982,PZ-CORE,-0.752,0.890,12,0.123,2026-03-15
QX-HBC-982,PZ-VALUE,-3.168,0.100,1677,0.709,2026-03-17
QX-DRY-984,PZ-METRO,-0.428,0.205,3053,0.894,2026-03-16
QX-DRY-984,PZ-CORE,-1.011,0.091,666,0.813,2026-03-01
QX-DRY-984,PZ-VALUE,-2.558,0.069,7377,0.808,2026-03-10
QX-DRY-984,PZ-REMOTE,-1.955,0.113,6737,0.452,2026-03-06
QX-DRK-986,PZ-METRO,-2.319,0.134,7813,0.706,2026-03-05
QX-DRK-986,PZ-URBAN,-2.502,0.054,3440,0.454,2026-03-01
QX-DRK-986,PZ-CORE,-1.739,0.169,8263,0.553,2026-03-28
QX-DRK-986,PZ-REMOTE,-0.668,0.146,5780,0.495,2026-03-18
QX-BWS-991,PZ-METRO,-3.033,1.028,27,0.094,2026-03-19
QX-BWS-991,PZ-CORE,-2.970,0.214,6278,0.688,2026-03-28
QX-BWS-991,PZ-VALUE,-2.304,0.192,3564,0.591,2026-03-08
QX-FRZ-992,PZ-METRO,-2.229,0.095,1520,0.600,2026-03-19
QX-FRZ-992,PZ-URBAN,-0.835,0.074,1796,0.638,2026-03-06
QX-FRZ-992,PZ-VALUE,-1.333,0.185,2202,0.710,2026-03-08
QX-CHL-993,PZ-URBAN,-0.948,0.156,1568,0.609,2026-02-23
QX-CHL-993,PZ-CORE,-1.287,0.203,6077,0.545,2026-02-27
QX-CHL-993,PZ-REMOTE,-1.614,0.147,6950,0.504,2026-03-13
QX-CER-003,PZ-METRO,-1.467,0.181,6058,0.553,2026-03-12
QX-CER-003,PZ-URBAN,-2.579,0.192,5584,0.744,2026-03-28
QX-CER-003,PZ-CORE,-0.729,0.075,3793,0.847,2026-03-08
QX-CER-003,PZ-VALUE,-1.772,2.197,34,0.114,2026-03-26
QX-CER-003,PZ-REMOTE,-3.108,0.188,6177,0.647,2026-03-10
QX-CER-006,PZ-METRO,-1.332,0.035,562,0.712,2026-03-06
QX-CER-006,PZ-URBAN,-1.556,0.045,3804,0.794,2026-03-15
QX-CER-006,PZ-CORE,-2.325,2.054,25,0.121,2026-03-08
QX-CER-006,PZ-VALUE,-2.641,0.174,6673,0.922,2026-03-25
QX-CER-006,PZ-REMOTE,-1.193,0.902,26,0.138,2026-03-21
QX-TIN-007,PZ-URBAN,-1.727,0.134,4152,0.448,2026-03-26
QX-TIN-007,PZ-CORE,-0.693,0.653,31,0.119,2026-02-28
QX-TIN-007,PZ-VALUE,-2.186,0.208,9023,0.869,2026-03-08
QX-TIN-007,PZ-REMOTE,-2.538,0.188,5941,0.670,2026-03-21
QX-HHD-009,PZ-METRO,-1.602,0.087,6899,0.540,2026-03-12
QX-HHD-009,PZ-URBAN,-0.736,0.163,1436,0.699,2026-02-25
QX-HHD-009,PZ-CORE,-3.078,0.100,7226,0.591,2026-03-04
QX-HHD-009,PZ-VALUE,-2.019,0.084,7893,0.896,2026-03-04
QX-PET-013,PZ-URBAN,-2.409,0.086,3387,0.719,2026-03-07
QX-PET-013,PZ-CORE,-1.005,0.166,6470,0.606,2026-03-24
QX-PET-013,PZ-REMOTE,-1.785,0.179,4329,0.713,2026-03-05
QX-HHD-014,PZ-METRO,-1.497,0.087,5748,0.646,2026-03-26
QX-HHD-014,PZ-URBAN,-1.818,1.019,25,0.199,2026-03-07
QX-HHD-014,PZ-CORE,-3.037,0.036,7241,0.461,2026-03-04
QX-HHD-014,PZ-VALUE,-2.095,0.088,1785,0.846,2026-02-22
QX-HHD-014,PZ-REMOTE,-0.676,0.050,1098,0.522,2026-03-19
QX-PET-018,PZ-METRO,-2.196,0.199,2202,0.730,2026-03-08
QX-PET-018,PZ-URBAN,-1.868,0.089,7663,0.588,2026-03-26
QX-PET-018,PZ-CORE,-2.209,0.124,5645,0.534,2026-03-09
QX-PET-018,PZ-VALUE,-1.892,2.204,36,0.125,2026-02-26
QX-PET-018,PZ-REMOTE,-2.335,0.211,2174,0.875,2026-03-18
QX-HBC-020,PZ-METRO,-1.325,0.202,2302,0.895,2026-03-11
QX-HBC-020,PZ-URBAN,-1.897,0.033,8392,0.625,2026-03-03
QX-HBC-020,PZ-VALUE,-1.435,0.036,5216,0.523,2026-03-09
QX-HBC-020,PZ-REMOTE,-1.017,0.093,7193,0.596,2026-02-24
QX-FRZ-022,PZ-METRO,-2.606,0.103,3602,0.819,2026-02-23
QX-FRZ-022,PZ-VALUE,-1.175,0.214,8496,0.816,2026-03-28
QX-FRZ-022,PZ-REMOTE,-1.119,0.151,4890,0.466,2026-02-26
QX-DRY-024,PZ-METRO,-2.321,0.189,3314,0.504,2026-03-29
QX-DRY-024,PZ-CORE,-0.717,0.126,2679,0.691,2026-03-06
QX-DRY-024,PZ-VALUE,-1.730,0.167,1037,0.753,2026-02-27
QX-DRY-024,PZ-REMOTE,-3.081,0.123,433,0.805,2026-03-29
QX-PET-026,PZ-URBAN,-3.112,0.193,7407,0.800,2026-03-17
QX-PET-026,PZ-CORE,-2.346,0.203,6778,0.471,2026-03-06
QX-PET-026,PZ-VALUE,-0.672,0.086,3547,0.508,2026-03-18
QX-PET-026,PZ-REMOTE,-2.484,1.934,25,0.050,2026-03-21
QX-TIN-027,PZ-URBAN,-0.590,1.332,22,0.105,2026-03-09
QX-TIN-027,PZ-CORE,-1.305,0.192,8546,0.453,2026-02-23
QX-TIN-027,PZ-VALUE,-1.011,0.085,5873,0.524,2026-03-26
QX-TIN-027,PZ-REMOTE,-1.807,0.138,8788,0.846,2026-02-24
QX-DRK-030,PZ-METRO,-1.770,0.090,3966,0.821,2026-03-06
QX-DRK-030,PZ-CORE,-2.855,0.215,3800,0.672,2026-02-28
QX-DRK-030,PZ-VALUE,-1.173,0.041,8111,0.775,2026-03-10
QX-DRK-030,PZ-REMOTE,-0.981,0.181,7524,0.551,2026-03-10
QX-HHD-033,PZ-METRO,-1.999,0.035,7556,0.929,2026-03-08
QX-HHD-033,PZ-URBAN,-1.277,0.142,6080,0.441,2026-03-05
QX-HHD-033,PZ-CORE,-0.551,0.141,8553,0.461,2026-03-05
QX-HHD-033,PZ-REMOTE,-1.106,0.076,4304,0.619,2026-02-27
QX-DRK-036,PZ-METRO,-1.053,0.033,3377,0.552,2026-03-25
QX-DRK-036,PZ-URBAN,-3.023,0.035,2298,0.780,2026-02-23
QX-DRK-036,PZ-CORE,-0.406,0.105,3672,0.471,2026-02-24
QX-DRK-036,PZ-VALUE,-1.697,0.069,4332,0.453,2026-02-24
QX-DRK-036,PZ-REMOTE,-2.466,0.068,7579,0.509,2026-03-04
QX-CER-038,PZ-METRO,-2.624,0.192,5936,0.567,2026-03-02
QX-CER-038,PZ-URBAN,-3.143,0.091,2367,0.810,2026-03-15
QX-CER-038,PZ-VALUE,-3.064,0.165,8546,0.839,2026-03-03
QX-CER-038,PZ-REMOTE,-1.414,1.446,32,0.078,2026-03-04
QX-DRY-042,PZ-METRO,-3.022,0.165,6982,0.903,2026-03-10
QX-DRY-042,PZ-URBAN,-1.682,0.048,6760,0.536,2026-03-19
QX-DRY-042,PZ-VALUE,-1.624,0.096,2319,0.675,2026-03-19
QX-PET-045,PZ-URBAN,-0.856,0.137,8095,0.907,2026-02-25
QX-PET-045,PZ-CORE,-2.656,0.151,2206,0.456,2026-03-02
QX-PET-045,PZ-VALUE,-0.717,0.059,4580,0.527,2026-03-13
QX-PET-045,PZ-REMOTE,-1.731,0.092,7648,0.692,2026-03-10
QX-FRZ-049,PZ-METRO,-0.985,0.191,568,0.674,2026-03-22
QX-FRZ-049,PZ-CORE,-1.593,0.052,5322,0.641,2026-03-04
QX-FRZ-049,PZ-VALUE,-2.992,0.101,1821,0.554,2026-03-17
QX-HHD-050,PZ-URBAN,-0.553,0.209,1951,0.855,2026-03-19
QX-HHD-050,PZ-CORE,-2.309,0.047,1362,0.461,2026-03-13
QX-HHD-050,PZ-VALUE,-2.708,0.144,7783,0.793,2026-03-02
QX-HHD-050,PZ-REMOTE,-1.093,0.208,2165,0.602,2026-02-24
QX-CER-051,PZ-METRO,-1.773,0.045,9206,0.791,2026-03-05
QX-CER-051,PZ-CORE,-2.498,0.143,799,0.825,2026-02-23
QX-CER-051,PZ-VALUE,-1.069,0.145,7419,0.818,2026-03-16
QX-DRK-059,PZ-METRO,-2.710,2.211,33,0.068,2026-03-10
QX-DRK-059,PZ-URBAN,-2.751,0.185,8208,0.509,2026-02-22
QX-DRK-059,PZ-CORE,-3.173,0.089,6513,0.780,2026-03-09
QX-DRK-059,PZ-VALUE,-2.724,1.035,17,0.106,2026-03-11
QX-DRK-059,PZ-REMOTE,-0.503,0.135,5061,0.519,2026-03-27
QX-BAK-060,PZ-METRO,-1.930,0.086,2270,0.771,2026-03-13
QX-BAK-060,PZ-URBAN,-2.761,0.191,9235,0.763,2026-02-25
QX-BAK-060,PZ-CORE,-2.791,0.133,7241,0.733,2026-03-23
QX-BAK-060,PZ-VALUE,-1.419,1.879,25,0.097,2026-03-05
QX-BAK-060,PZ-REMOTE,-1.847,0.644,32,0.060,2026-03-25
QX-TIN-061,PZ-URBAN,-2.759,0.189,2079,0.577,2026-03-03
QX-TIN-061,PZ-CORE,-0.440,0.044,1631,0.916,2026-02-22
QX-TIN-061,PZ-REMOTE,-2.509,0.048,5518,0.884,2026-02-26
QX-CER-064,PZ-METRO,-1.080,0.118,2263,0.598,2026-03-23
QX-CER-064,PZ-URBAN,-1.271,0.151,3963,0.503,2026-03-13
QX-CER-064,PZ-CORE,-2.569,0.051,7184,0.621,2026-03-23
QX-CER-064,PZ-VALUE,-2.662,0.102,7055,0.659,2026-03-05
QX-CER-064,PZ-REMOTE,-1.671,0.169,8185,0.480,2026-02-28
QX-FRZ-066,PZ-METRO,-2.469,0.066,1134,0.569,2026-02-21
QX-FRZ-066,PZ-CORE,-2.774,0.086,8143,0.759,2026-03-08
QX-FRZ-066,PZ-VALUE,-2.681,1.578,15,0.077,2026-03-02
QX-FRZ-066,PZ-REMOTE,-2.642,0.161,4898,0.758,2026-03-27
QX-HHD-070,PZ-METRO,-1.981,0.147,1070,0.854,2026-03-20
QX-HHD-070,PZ-URBAN,-1.450,0.169,5403,0.481,2026-03-24
QX-HHD-070,PZ-CORE,-0.657,0.217,3444,0.442,2026-02-25
QX-HHD-070,PZ-VALUE,-1.575,0.044,5188,0.903,2026-03-13
QX-HHD-070,PZ-REMOTE,-0.823,0.127,8345,0.787,2026-03-02
QX-FRZ-071,PZ-URBAN,-1.407,0.201,409,0.583,2026-02-24
QX-FRZ-071,PZ-CORE,-1.021,0.173,5226,0.682,2026-03-04
QX-FRZ-071,PZ-REMOTE,-1.161,0.168,9143,0.730,2026-03-11
QX-PET-072,PZ-METRO,-1.668,1.038,39,0.105,2026-02-27
QX-PET-072,PZ-URBAN,-2.583,1.571,27,0.150,2026-02-25
QX-PET-072,PZ-VALUE,-0.666,0.084,6972,0.724,2026-03-06
QX-PET-072,PZ-REMOTE,-2.865,0.094,2384,0.861,2026-02-27
QX-TIN-073,PZ-CORE,-1.715,0.181,4727,0.505,2026-03-17
QX-TIN-073,PZ-VALUE,-1.415,0.123,7869,0.500,2026-02-23
QX-TIN-073,PZ-REMOTE,-1.586,0.156,3980,0.528,2026-03-02
QX-HBC-074,PZ-URBAN,-1.588,0.209,820,0.871,2026-03-27
QX-HBC-074,PZ-VALUE,-0.452,1.597,12,0.093,2026-03-10
QX-BAK-076,PZ-METRO,-1.064,1.214,38,0.018,2026-02-23
QX-BAK-076,PZ-URBAN,-0.603,0.201,8744,0.812,2026-03-12
QX-BAK-076,PZ-CORE,-2.090,0.041,3855,0.442,2026-02-25
QX-BAK-076,PZ-VALUE,-1.918,0.085,1983,0.774,2026-02-24
QX-BAK-076,PZ-REMOTE,-1.845,0.218,3208,0.908,2026-03-09
QX-HHD-077,PZ-URBAN,-0.649,0.114,6266,0.871,2026-03-20
QX-HHD-077,PZ-CORE,-0.746,0.679,23,0.099,2026-03-10
QX-HHD-077,PZ-VALUE,-1.785,0.079,4264,0.838,2026-03-02
QX-HHD-077,PZ-REMOTE,-0.954,0.038,3514,0.856,2026-03-06
QX-FRZ-079,PZ-METRO,-2.361,0.041,8442,0.796,2026-03-27
QX-FRZ-079,PZ-URBAN,-0.467,0.066,3874,0.587,2026-02-24
QX-FRZ-079,PZ-CORE,-2.336,0.141,6423,0.521,2026-03-10
QX-FRZ-079,PZ-VALUE,-2.834,0.077,8446,0.611,2026-02-27
QX-FRZ-079,PZ-REMOTE,-2.495,0.042,1985,0.485,2026-03-18
QX-CHL-082,PZ-METRO,-0.631,0.106,5373,0.842,2026-03-19
QX-CHL-082,PZ-URBAN,-0.557,0.656,24,0.137,2026-03-26
QX-CHL-082,PZ-CORE,-1.816,0.075,2261,0.718,2026-02-22
QX-CHL-082,PZ-VALUE,-0.800,0.033,6787,0.756,2026-03-19
QX-TIN-083,PZ-VALUE,-1.950,0.179,856,0.461,2026-03-22
QX-TIN-083,PZ-REMOTE,-0.805,0.218,8546,0.665,2026-03-05
QX-HHD-086,PZ-METRO,-2.846,0.148,7184,0.492,2026-03-11
QX-HHD-086,PZ-URBAN,-2.763,0.139,5956,0.710,2026-03-09
QX-HHD-086,PZ-CORE,-0.695,0.162,1732,0.809,2026-03-28
QX-HHD-086,PZ-VALUE,-0.504,0.176,2749,0.840,2026-02-27
QX-CHL-087,PZ-METRO,-2.193,0.088,2194,0.906,2026-03-25
QX-CHL-087,PZ-URBAN,-1.395,0.034,6385,0.622,2026-03-14
QX-CHL-087,PZ-CORE,-3.052,0.061,6661,0.502,2026-03-07
QX-CHL-087,PZ-REMOTE,-2.988,0.115,861,0.875,2026-03-03
QX-HHD-092,PZ-CORE,-1.518,0.048,7684,0.463,2026-03-04
QX-HHD-092,PZ-VALUE,-2.369,0.030,8912,0.742,2026-03-20
QX-HHD-092,PZ-REMOTE,-0.762,0.109,7853,0.666,2026-03-05
QX-HHD-093,PZ-CORE,-0.954,1.925,29,0.126,2026-03-05
QX-HHD-093,PZ-REMOTE,-2.300,0.043,3494,0.642,2026-02-25
QX-PET-100,PZ-URBAN,-0.626,0.170,602,0.470,2026-03-20
QX-PET-100,PZ-CORE,-2.207,0.130,2873,0.777,2026-03-03
QX-PET-100,PZ-VALUE,-0.629,0.163,6536,0.813,2026-03-17
QX-PET-100,PZ-REMOTE,-1.034,0.213,4754,0.639,2026-03-28
QX-DRK-104,PZ-METRO,-1.265,0.185,591,0.781,2026-02-27
QX-DRK-104,PZ-URBAN,-0.511,1.923,17,0.130,2026-03-06
QX-DRK-104,PZ-CORE,-0.694,0.163,7487,0.456,2026-02-27
QX-DRK-104,PZ-VALUE,-1.568,2.206,24,0.176,2026-02-25
QX-DRK-104,PZ-REMOTE,-2.759,0.205,8912,0.639,2026-03-28
QX-DRY-107,PZ-METRO,-0.470,0.099,8296,0.441,2026-03-26
QX-DRY-107,PZ-CORE,-2.241,0.188,722,0.445,2026-03-07
QX-DRY-107,PZ-VALUE,-2.185,0.218,343,0.689,2026-03-18
QX-DRY-107,PZ-REMOTE,-2.194,0.068,4444,0.924,2026-03-10
QX-FRZ-113,PZ-METRO,-2.726,0.098,4847,0.564,2026-03-01
QX-FRZ-113,PZ-URBAN,-0.421,0.047,6375,0.925,2026-03-06
QX-FRZ-113,PZ-VALUE,-0.447,0.093,8424,0.802,2026-03-20
QX-HBC-114,PZ-METRO,-2.794,0.075,8179,0.854,2026-03-19
QX-HBC-114,PZ-URBAN,-1.300,2.007,17,0.118,2026-03-07
QX-HBC-114,PZ-CORE,-1.788,0.076,7025,0.474,2026-03-11
QX-HBC-114,PZ-VALUE,-2.135,0.197,2005,0.774,2026-03-15
QX-HBC-114,PZ-REMOTE,-0.601,0.034,1098,0.789,2026-02-26
QX-BWS-118,PZ-METRO,-2.495,0.127,7999,0.890,2026-03-20
QX-BWS-118,PZ-CORE,-2.701,2.203,15,0.156,2026-03-12
QX-BWS-118,PZ-REMOTE,-3.172,0.139,4180,0.548,2026-03-05
QX-DRY-121,PZ-METRO,-1.676,0.195,3630,0.613,2026-02-22
QX-DRY-121,PZ-URBAN,-0.901,0.213,3590,0.793,2026-03-03
QX-DRY-121,PZ-VALUE,-2.930,0.917,40,0.146,2026-03-23
QX-DRY-121,PZ-REMOTE,-1.475,0.118,7302,0.876,2026-03-18
QX-TIN-122,PZ-METRO,-1.532,0.043,689,0.657,2026-03-06
QX-TIN-122,PZ-CORE,-0.873,0.107,7718,0.879,2026-03-09
QX-TIN-122,PZ-VALUE,-0.653,0.102,3068,0.614,2026-03-29
QX-CHL-123,PZ-METRO,-0.443,0.099,5465,0.614,2026-03-02
QX-CHL-123,PZ-URBAN,-1.751,0.217,1466,0.560,2026-03-01
QX-CHL-123,PZ-CORE,-2.178,0.105,9158,0.611,2026-03-25
QX-CHL-123,PZ-VALUE,-2.567,0.200,6895,0.461,2026-03-20
QX-CHL-123,PZ-REMOTE,-2.238,2.286,32,0.113,2026-03-13
QX-PRO-130,PZ-URBAN,-2.026,0.136,457,0.635,2026-02-26
QX-PRO-130,PZ-CORE,-1.074,0.208,1332,0.581,2026-03-25
QX-PRO-130,PZ-VALUE,-3.035,0.099,3400,0.925,2026-03-24
QX-PRO-130,PZ-REMOTE,-1.905,0.165,2910,0.693,2026-03-13
QX-BAK-131,PZ-METRO,-1.039,0.067,1482,0.510,2026-03-25
QX-BAK-131,PZ-URBAN,-3.173,1.376,14,0.188,2026-03-07
QX-BAK-131,PZ-CORE,-2.247,1.144,21,0.108,2026-03-26
QX-BAK-131,PZ-VALUE,-2.234,0.136,6658,0.604,2026-03-17
QX-BAK-131,PZ-REMOTE,-2.045,2.015,20,0.060,2026-03-16
QX-CER-134,PZ-METRO,-3.067,0.213,9369,0.699,2026-03-24
QX-CER-134,PZ-URBAN,-2.733,0.066,7799,0.577,2026-03-29
QX-CER-134,PZ-VALUE,-0.600,0.105,7467,0.915,2026-02-28
QX-CER-134,PZ-REMOTE,-3.106,0.142,763,0.560,2026-03-27
QX-DRK-136,PZ-METRO,-3.115,1.235,31,0.102,2026-03-16
QX-DRK-136,PZ-URBAN,-2.547,0.171,6578,0.442,2026-03-21
QX-DRK-136,PZ-CORE,-2.107,0.129,8510,0.534,2026-02-21
QX-DRY-140,PZ-METRO,-0.500,0.053,4206,0.598,2026-03-11
QX-DRY-140,PZ-URBAN,-1.968,0.641,12,0.193,2026-03-21
QX-DRY-140,PZ-CORE,-2.173,1.387,12,0.083,2026-03-20
QX-DRY-140,PZ-VALUE,-2.636,0.105,4556,0.627,2026-03-09
QX-DRY-140,PZ-REMOTE,-3.068,0.033,8680,0.482,2026-03-13
QX-CHL-145,PZ-URBAN,-1.924,0.108,4056,0.899,2026-03-12
QX-CHL-145,PZ-CORE,-1.061,0.868,14,0.055,2026-03-15
QX-CHL-145,PZ-VALUE,-1.752,0.109,8166,0.923,2026-03-11
QX-CHL-145,PZ-REMOTE,-1.237,0.154,2095,0.778,2026-03-18
QX-HHD-148,PZ-VALUE,-0.569,0.130,695,0.741,2026-02-22
QX-HHD-148,PZ-REMOTE,-0.937,0.087,6304,0.548,2026-02-24
QX-DRK-152,PZ-METRO,-2.720,0.159,8922,0.527,2026-03-26
QX-DRK-152,PZ-URBAN,-0.449,2.195,32,0.088,2026-02-25
QX-DRK-152,PZ-CORE,-2.076,0.155,7031,0.622,2026-03-28
QX-DRK-152,PZ-VALUE,-0.823,0.101,5740,0.622,2026-02-21
QX-DRK-152,PZ-REMOTE,-1.372,0.128,1148,0.510,2026-02-22
QX-PRO-154,PZ-METRO,-1.731,0.150,4140,0.612,2026-02-24
QX-PRO-154,PZ-CORE,-1.134,0.158,5241,0.622,2026-02-21
QX-PRO-154,PZ-VALUE,-0.414,0.214,8556,0.592,2026-03-21
QX-PRO-154,PZ-REMOTE,-0.770,0.205,6242,0.574,2026-03-18
QX-CER-156,PZ-METRO,-2.713,1.707,26,0.073,2026-03-21
QX-CER-156,PZ-URBAN,-2.728,0.105,7032,0.540,2026-03-25
QX-CER-156,PZ-CORE,-2.087,0.067,2575,0.880,2026-03-27
QX-CER-156,PZ-REMOTE,-1.821,0.064,965,0.578,2026-03-12
QX-PRO-158,PZ-METRO,-1.493,0.111,6161,0.462,2026-03-27
QX-PRO-158,PZ-URBAN,-2.054,0.213,3949,0.665,2026-03-13
QX-PRO-158,PZ-CORE,-2.349,0.104,1782,0.541,2026-03-04
QX-PRO-158,PZ-VALUE,-1.417,0.953,22,0.016,2026-03-17
QX-PRO-158,PZ-REMOTE,-2.801,0.053,3520,0.447,2026-03-28
QX-TIN-161,PZ-METRO,-2.428,0.174,3509,0.659,2026-03-21
QX-TIN-161,PZ-URBAN,-2.756,0.047,8118,0.750,2026-03-16
QX-TIN-161,PZ-CORE,-1.702,0.079,2424,0.641,2026-03-29
QX-TIN-161,PZ-REMOTE,-1.918,0.132,6225,0.736,2026-03-15
QX-BWS-163,PZ-URBAN,-1.542,0.144,6014,0.577,2026-03-27
QX-BWS-163,PZ-CORE,-1.792,0.062,8066,0.443,2026-02-27
QX-BWS-163,PZ-VALUE,-1.907,0.097,6068,0.898,2026-03-19
QX-BWS-163,PZ-REMOTE,-1.144,2.168,34,0.051,2026-02-25
QX-HBC-171,PZ-METRO,-1.494,0.207,5167,0.796,2026-02-28
QX-HBC-171,PZ-URBAN,-2.639,0.215,1919,0.715,2026-03-08
QX-HBC-171,PZ-CORE,-1.273,0.095,4854,0.498,2026-03-11
QX-HBC-171,PZ-VALUE,-0.537,0.163,8591,0.830,2026-03-14
QX-HBC-171,PZ-REMOTE,-2.607,0.046,1137,0.655,2026-03-08
QX-BWS-174,PZ-METRO,-1.719,0.211,5113,0.467,2026-03-28
QX-BWS-174,PZ-URBAN,-2.391,1.107,26,0.077,2026-03-07
QX-BWS-174,PZ-CORE,-1.744,0.115,6069,0.549,2026-03-14
QX-BWS-174,PZ-VALUE,-2.907,0.192,9325,0.511,2026-02-25
QX-DRK-177,PZ-METRO,-0.792,0.118,2873,0.505,2026-03-21
QX-DRK-177,PZ-URBAN,-1.806,0.073,595,0.775,2026-03-26
QX-DRK-177,PZ-VALUE,-3.116,1.622,16,0.136,2026-03-28
QX-PET-178,PZ-METRO,-2.964,0.174,4865,0.715,2026-03-17
QX-PET-178,PZ-URBAN,-3.145,1.397,25,0.033,2026-03-27
QX-PET-178,PZ-VALUE,-1.754,0.104,4416,0.665,2026-03-19
QX-PET-178,PZ-REMOTE,-2.346,0.209,8051,0.757,2026-03-12
QX-PET-179,PZ-CORE,-3.011,0.066,3240,0.661,2026-02-27
QX-PET-179,PZ-REMOTE,-1.026,0.071,8381,0.893,2026-03-03
QX-HBC-180,PZ-METRO,-2.709,0.073,5044,0.775,2026-03-07
QX-HBC-180,PZ-URBAN,-2.388,0.152,8399,0.612,2026-02-26
QX-HBC-180,PZ-CORE,-1.645,0.127,5353,0.567,2026-03-12
QX-HBC-180,PZ-VALUE,-1.994,0.097,2392,0.486,2026-03-26
QX-HBC-180,PZ-REMOTE,-0.421,0.200,4761,0.835,2026-03-11
QX-PET-181,PZ-METRO,-0.727,0.200,807,0.625,2026-03-27
QX-PET-181,PZ-URBAN,-0.562,0.068,597,0.756,2026-03-11
QX-PET-181,PZ-CORE,-1.535,0.174,3099,0.841,2026-03-06
QX-PET-181,PZ-VALUE,-1.856,0.207,717,0.443,2026-02-23
QX-PET-181,PZ-REMOTE,-2.342,0.095,5329,0.510,2026-02-24
QX-HHD-184,PZ-METRO,-1.145,0.115,4980,0.581,2026-03-21
QX-HHD-184,PZ-URBAN,-0.459,0.124,2744,0.589,2026-03-01
QX-HHD-184,PZ-CORE,-3.185,0.177,4833,0.474,2026-03-08
QX-HHD-184,PZ-VALUE,-1.368,0.072,1021,0.457,2026-03-01
QX-HHD-184,PZ-REMOTE,-1.075,0.097,1052,0.881,2026-03-11
QX-PRO-187,PZ-METRO,-1.068,0.204,5845,0.828,2026-03-17
QX-PRO-187,PZ-URBAN,-0.592,0.153,4445,0.873,2026-03-22
QX-PRO-187,PZ-CORE,-2.740,0.214,4278,0.595,2026-02-22
QX-PRO-187,PZ-REMOTE,-2.096,0.114,5972,0.884,2026-03-05
QX-HBC-188,PZ-METRO,-2.589,0.074,2242,0.604,2026-03-10
QX-HBC-188,PZ-URBAN,-2.019,0.149,3064,0.883,2026-03-26
QX-HBC-188,PZ-CORE,-0.940,0.162,8595,0.715,2026-03-22
QX-HBC-188,PZ-VALUE,-0.873,0.044,7391,0.798,2026-03-14
QX-HBC-188,PZ-REMOTE,-1.109,1.071,12,0.125,2026-03-13
QX-DRK-190,PZ-METRO,-2.463,0.052,6979,0.484,2026-03-01
QX-DRK-190,PZ-URBAN,-2.878,0.094,3728,0.546,2026-03-14
QX-DRK-190,PZ-CORE,-2.911,2.013,13,0.130,2026-03-12
QX-DRK-190,PZ-VALUE,-2.396,0.807,16,0.174,2026-03-08
QX-PET-192,PZ-METRO,-1.335,0.119,4686,0.505,2026-03-27
QX-PET-192,PZ-URBAN,-2.548,0.205,9068,0.714,2026-03-16
QX-PET-192,PZ-CORE,-0.413,0.149,2459,0.812,2026-03-16
QX-PET-192,PZ-VALUE,-1.295,0.216,8815,0.512,2026-03-23
QX-PET-192,PZ-REMOTE,-2.921,0.207,5400,0.882,2026-03-05
QX-DRY-194,PZ-METRO,-2.122,0.103,5072,0.785,2026-03-05
QX-DRY-194,PZ-URBAN,-1.323,1.456,20,0.070,2026-02-28
QX-DRY-194,PZ-CORE,-0.620,0.072,5769,0.754,2026-03-19
QX-DRY-194,PZ-VALUE,-1.661,0.114,6237,0.615,2026-03-22
QX-CHL-197,PZ-URBAN,-0.580,0.181,8120,0.703,2026-03-03
QX-CHL-197,PZ-VALUE,-1.330,0.048,1320,0.544,2026-03-21
QX-CHL-197,PZ-REMOTE,-2.800,0.155,8861,0.451,2026-03-06
QX-BAK-204,PZ-METRO,-2.349,0.158,2503,0.498,2026-03-12
QX-BAK-204,PZ-URBAN,-0.557,0.054,9345,0.623,2026-03-09
QX-BAK-204,PZ-CORE,-1.323,0.082,6579,0.519,2026-03-16
QX-BAK-204,PZ-VALUE,-0.552,0.197,2283,0.469,2026-03-23
QX-BAK-204,PZ-REMOTE,-1.484,0.167,7320,0.891,2026-03-04
QX-CHL-205,PZ-METRO,-2.789,0.092,5094,0.825,2026-03-13
QX-CHL-205,PZ-URBAN,-0.437,0.114,4632,0.768,2026-03-15
QX-CHL-205,PZ-CORE,-1.366,1.352,17,0.064,2026-03-02
QX-CHL-205,PZ-VALUE,-2.143,0.122,5839,0.849,2026-03-26
QX-PET-214,PZ-METRO,-0.926,0.207,4476,0.894,2026-03-23
QX-PET-214,PZ-URBAN,-3.027,0.041,4039,0.525,2026-03-14
QX-PET-214,PZ-CORE,-1.028,2.081,28,0.139,2026-02-21
QX-PET-214,PZ-VALUE,-2.919,0.041,8621,0.598,2026-03-14
QX-HHD-217,PZ-METRO,-2.677,0.043,6323,0.499,2026-03-12
QX-HHD-217,PZ-URBAN,-1.171,0.170,3765,0.517,2026-02-25
QX-HHD-217,PZ-CORE,-1.196,0.181,3215,0.609,2026-02-27
QX-HHD-217,PZ-VALUE,-2.366,0.150,6991,0.476,2026-03-19
QX-HHD-217,PZ-REMOTE,-2.368,0.862,30,0.118,2026-02-26
QX-DRY-218,PZ-URBAN,-0.530,2.139,24,0.147,2026-02-28
QX-DRY-218,PZ-REMOTE,-1.008,0.163,852,0.493,2026-03-04
QX-HBC-224,PZ-METRO,-2.659,0.094,4680,0.897,2026-03-03
QX-HBC-224,PZ-URBAN,-1.218,0.173,1875,0.797,2026-03-07
QX-HBC-224,PZ-CORE,-2.333,1.251,21,0.074,2026-02-22
QX-HBC-224,PZ-VALUE,-1.385,0.200,1386,0.885,2026-03-29
QX-HBC-224,PZ-REMOTE,-1.416,0.116,5973,0.569,2026-02-26
QX-DRY-225,PZ-METRO,-1.913,0.207,3657,0.747,2026-03-24
QX-DRY-225,PZ-CORE,-2.485,0.092,7414,0.620,2026-03-05
QX-DRY-225,PZ-VALUE,-0.827,0.151,7208,0.504,2026-02-28
QX-DRY-225,PZ-REMOTE,-0.851,0.159,2916,0.611,2026-03-26
QX-CHL-226,PZ-METRO,-3.125,1.296,33,0.083,2026-03-29
QX-CHL-226,PZ-URBAN,-2.479,0.207,8272,0.748,2026-03-15
QX-CHL-226,PZ-CORE,-1.842,0.776,29,0.177,2026-03-11
QX-CHL-226,PZ-REMOTE,-1.474,0.175,5402,0.644,2026-02-28
QX-TIN-235,PZ-METRO,-2.064,0.157,8896,0.642,2026-03-01
QX-TIN-235,PZ-URBAN,-0.685,0.170,4416,0.442,2026-03-05
QX-TIN-235,PZ-CORE,-2.548,0.035,7332,0.478,2026-03-03
QX-TIN-235,PZ-VALUE,-1.436,0.158,431,0.678,2026-03-10
QX-DRK-236,PZ-METRO,-1.433,0.191,2542,0.648,2026-03-13
QX-DRK-236,PZ-URBAN,-3.189,0.162,1943,0.514,2026-03-18
QX-DRK-236,PZ-CORE,-1.984,0.187,6266,0.516,2026-03-17
QX-DRK-236,PZ-REMOTE,-2.744,0.098,7501,0.896,2026-02-25
QX-PET-238,PZ-METRO,-1.773,1.554,34,0.158,2026-03-16
QX-PET-238,PZ-CORE,-0.518,0.101,2544,0.620,2026-03-21
QX-PET-238,PZ-VALUE,-0.586,0.155,7916,0.542,2026-03-03
QX-PET-238,PZ-REMOTE,-2.604,0.106,3251,0.553,2026-03-26
QX-CHL-241,PZ-METRO,-2.907,0.171,6107,0.804,2026-03-27
QX-CHL-241,PZ-URBAN,-1.216,0.143,7441,0.798,2026-03-01
QX-CHL-241,PZ-CORE,-0.489,0.118,5937,0.454,2026-03-10
QX-CHL-241,PZ-VALUE,-1.387,0.218,4205,0.508,2026-03-12
QX-CHL-241,PZ-REMOTE,-3.005,0.065,4727,0.555,2026-03-21
QX-BAK-247,PZ-METRO,-2.414,0.109,6627,0.746,2026-03-17
QX-BAK-247,PZ-URBAN,-3.018,1.359,21,0.109,2026-03-05
QX-BAK-247,PZ-CORE,-1.160,1.763,28,0.053,2026-03-01
QX-BAK-247,PZ-VALUE,-2.506,0.052,8602,0.731,2026-03-17
QX-HBC-254,PZ-METRO,-2.679,0.213,5211,0.463,2026-03-27
QX-HBC-254,PZ-REMOTE,-1.312,0.158,3544,0.615,2026-03-17
QX-FRZ-257,PZ-METRO,-2.252,0.207,5203,0.827,2026-03-03
QX-FRZ-257,PZ-CORE,-0.677,0.179,5294,0.871,2026-03-05
QX-FRZ-257,PZ-VALUE,-2.966,0.151,6432,0.621,2026-03-25
QX-PRO-267,PZ-METRO,-1.177,0.612,34,0.012,2026-03-15
QX-PRO-267,PZ-URBAN,-1.286,0.170,9362,0.704,2026-02-23
QX-PRO-267,PZ-CORE,-2.869,0.058,5408,0.798,2026-02-28
QX-PRO-267,PZ-REMOTE,-1.880,0.205,3228,0.690,2026-02-22
QX-HHD-273,PZ-METRO,-0.748,0.098,5920,0.644,2026-02-24
QX-HHD-273,PZ-URBAN,-1.200,0.787,23,0.136,2026-03-01
QX-HHD-273,PZ-CORE,-0.569,0.079,5732,0.458,2026-03-28
QX-HHD-273,PZ-VALUE,-2.308,0.125,5269,0.479,2026-03-14
QX-DRY-275,PZ-METRO,-1.493,0.075,1604,0.452,2026-03-06
QX-DRY-275,PZ-VALUE,-0.759,0.070,2504,0.721,2026-03-29
QX-DRY-275,PZ-REMOTE,-0.504,0.112,3317,0.827,2026-03-28
QX-BWS-280,PZ-METRO,-0.577,0.194,7281,0.716,2026-03-03
QX-BWS-280,PZ-URBAN,-0.520,0.716,30,0.047,2026-03-18
QX-BWS-280,PZ-CORE,-1.726,0.195,2175,0.862,2026-02-28
QX-BWS-280,PZ-VALUE,-2.417,0.117,8639,0.617,2026-03-12
QX-BWS-280,PZ-REMOTE,-3.049,0.147,4034,0.727,2026-03-25
QX-PET-282,PZ-METRO,-0.941,0.117,9254,0.772,2026-03-19
QX-PET-282,PZ-URBAN,-1.296,0.042,1330,0.678,2026-02-22
QX-PET-282,PZ-REMOTE,-2.432,0.064,4753,0.914,2026-03-19
QX-PET-283,PZ-METRO,-1.389,0.186,1894,0.666,2026-03-06
QX-PET-283,PZ-URBAN,-2.941,0.151,5159,0.489,2026-03-29
QX-PET-283,PZ-CORE,-0.818,0.111,2795,0.708,2026-03-12
QX-PET-283,PZ-VALUE,-1.367,0.067,725,0.927,2026-03-18
QX-PET-283,PZ-REMOTE,-0.677,0.772,37,0.066,2026-03-08
QX-TIN-287,PZ-METRO,-2.635,0.184,4149,0.874,2026-03-05
QX-TIN-287,PZ-URBAN,-3.112,0.153,1308,0.569,2026-02-23
QX-TIN-287,PZ-VALUE,-1.333,0.193,3104,0.511,2026-02-27
QX-DRK-288,PZ-URBAN,-2.283,0.138,3218,0.578,2026-03-23
QX-DRK-288,PZ-CORE,-0.451,0.067,2133,0.552,2026-02-21
QX-DRY-291,PZ-METRO,-1.292,0.058,4195,0.861,2026-03-04
QX-DRY-291,PZ-URBAN,-2.802,0.059,5049,0.869,2026-03-04
QX-DRY-291,PZ-CORE,-1.820,0.846,30,0.135,2026-03-16
QX-DRY-291,PZ-VALUE,-1.878,0.078,1724,0.681,2026-03-24
QX-DRY-291,PZ-REMOTE,-1.579,0.045,4462,0.690,2026-03-29
QX-DRK-294,PZ-METRO,-2.242,0.144,2399,0.614,2026-03-13
QX-DRK-294,PZ-URBAN,-2.436,0.062,8393,0.903,2026-03-28
QX-DRK-294,PZ-CORE,-0.488,0.207,7516,0.569,2026-03-23
QX-DRK-294,PZ-REMOTE,-0.761,0.186,3661,0.456,2026-02-22
QX-DRK-296,PZ-METRO,-1.872,0.217,1555,0.906,2026-03-23
QX-DRK-296,PZ-URBAN,-0.737,0.140,8580,0.625,2026-03-07
QX-DRK-296,PZ-CORE,-0.982,0.095,3151,0.797,2026-02-25
QX-DRK-296,PZ-REMOTE,-1.409,2.317,39,0.179,2026-03-13
QX-CER-297,PZ-METRO,-2.998,0.105,6276,0.509,2026-02-22
QX-CER-297,PZ-URBAN,-0.465,1.376,36,0.111,2026-03-24
QX-CER-297,PZ-CORE,-1.428,0.100,4056,0.615,2026-03-26
QX-CER-297,PZ-VALUE,-0.675,0.058,4546,0.858,2026-03-23
QX-CER-297,PZ-REMOTE,-2.619,0.123,8929,0.445,2026-03-11
QX-CER-300,PZ-URBAN,-1.338,0.037,3014,0.777,2026-03-03
QX-CER-300,PZ-CORE,-1.451,2.360,15,0.095,2026-03-01
QX-CER-300,PZ-VALUE,-2.408,0.146,6446,0.446,2026-02-24
QX-PET-305,PZ-METRO,-2.882,0.073,5128,0.843,2026-03-10
QX-PET-305,PZ-URBAN,-1.058,0.153,8563,0.798,2026-02-25
QX-PET-305,PZ-CORE,-3.023,0.136,4833,0.736,2026-02-22
QX-PET-305,PZ-VALUE,-2.922,0.200,678,0.656,2026-03-26
QX-PET-305,PZ-REMOTE,-0.792,0.192,4325,0.791,2026-03-01
QX-TIN-307,PZ-METRO,-2.135,0.092,3892,0.727,2026-03-10
QX-TIN-307,PZ-URBAN,-1.730,0.068,6493,0.778,2026-03-21
QX-TIN-307,PZ-CORE,-2.525,0.849,29,0.176,2026-02-23
QX-TIN-307,PZ-VALUE,-2.749,1.512,33,0.098,2026-02-25
QX-TIN-307,PZ-REMOTE,-1.257,1.765,18,0.093,2026-03-11
QX-FRZ-308,PZ-METRO,-1.399,0.200,3733,0.510,2026-02-23
QX-FRZ-308,PZ-CORE,-2.655,0.131,7625,0.463,2026-03-22
QX-FRZ-308,PZ-VALUE,-1.756,0.052,1868,0.660,2026-03-27
QX-FRZ-308,PZ-REMOTE,-2.265,1.650,22,0.087,2026-03-16
QX-BWS-309,PZ-METRO,-1.429,0.197,4478,0.678,2026-02-24
QX-BWS-309,PZ-URBAN,-2.894,0.090,6681,0.857,2026-03-10
QX-BWS-309,PZ-CORE,-2.629,0.175,762,0.606,2026-03-09
QX-BWS-309,PZ-VALUE,-3.118,0.110,8115,0.538,2026-03-06
QX-CER-310,PZ-METRO,-3.056,0.136,2031,0.759,2026-03-26
QX-CER-310,PZ-URBAN,-1.327,0.094,4096,0.469,2026-03-29
QX-CER-310,PZ-CORE,-1.342,0.074,1471,0.910,2026-03-22
QX-CER-310,PZ-VALUE,-0.657,0.154,1393,0.537,2026-02-23
QX-CER-310,PZ-REMOTE,-3.059,0.046,8620,0.680,2026-03-03
QX-HBC-314,PZ-METRO,-0.505,1.765,29,0.113,2026-03-16
QX-HBC-314,PZ-URBAN,-2.773,0.038,2192,0.887,2026-03-21
QX-HBC-314,PZ-CORE,-1.541,1.909,23,0.165,2026-02-23
QX-HBC-314,PZ-VALUE,-1.743,0.175,3272,0.848,2026-03-14
QX-HBC-314,PZ-REMOTE,-1.398,0.107,3410,0.703,2026-03-22
QX-CER-315,PZ-URBAN,-0.924,0.068,3981,0.907,2026-03-29
QX-CER-315,PZ-CORE,-2.495,1.841,12,0.090,2026-03-17
QX-CER-315,PZ-VALUE,-0.846,0.208,4804,0.754,2026-03-05
QX-CER-318,PZ-METRO,-3.009,0.048,7754,0.466,2026-02-28
QX-CER-318,PZ-URBAN,-2.632,0.051,1937,0.849,2026-03-18
QX-CER-318,PZ-CORE,-1.266,0.042,2414,0.827,2026-03-17
QX-CER-318,PZ-VALUE,-2.203,0.070,2801,0.563,2026-03-25
QX-CER-318,PZ-REMOTE,-2.274,0.191,9287,0.451,2026-03-09
QX-DRK-319,PZ-METRO,-1.720,0.098,7526,0.600,2026-03-05
QX-DRK-319,PZ-CORE,-0.974,0.736,20,0.034,2026-03-07
QX-DRK-319,PZ-VALUE,-0.601,0.066,1268,0.763,2026-03-11
QX-DRK-319,PZ-REMOTE,-2.415,0.124,7380,0.477,2026-03-23
QX-DRK-322,PZ-METRO,-0.976,0.145,2329,0.541,2026-02-25
QX-DRK-322,PZ-URBAN,-2.536,0.098,5664,0.615,2026-02-23
QX-DRK-322,PZ-CORE,-2.841,0.128,3106,0.801,2026-03-21
QX-DRK-322,PZ-VALUE,-0.570,0.051,4447,0.644,2026-03-12
QX-DRK-322,PZ-REMOTE,-1.118,0.054,6407,0.679,2026-03-27
QX-PRO-323,PZ-METRO,-0.535,0.038,6446,0.485,2026-03-21
QX-PRO-323,PZ-URBAN,-2.642,0.855,40,0.119,2026-03-05
QX-PRO-323,PZ-CORE,-2.388,2.113,19,0.049,2026-02-28
QX-PRO-323,PZ-VALUE,-2.601,0.073,5032,0.458,2026-03-21
QX-PRO-323,PZ-REMOTE,-1.710,0.211,1079,0.778,2026-03-23
QX-PRO-324,PZ-METRO,-2.795,0.938,9,0.103,2026-02-23
QX-PRO-324,PZ-URBAN,-0.670,0.037,1718,0.620,2026-03-06
QX-PRO-324,PZ-CORE,-0.418,0.086,4055,0.889,2026-03-06
QX-PRO-324,PZ-VALUE,-0.469,0.042,7120,0.722,2026-03-26
QX-PRO-324,PZ-REMOTE,-2.406,0.096,3088,0.744,2026-03-25
QX-CHL-327,PZ-METRO,-1.717,0.074,3676,0.792,2026-02-26
QX-CHL-327,PZ-URBAN,-0.841,0.058,3956,0.725,2026-03-26
QX-CHL-327,PZ-CORE,-1.010,0.151,6615,0.727,2026-03-27
QX-CHL-327,PZ-REMOTE,-2.192,0.149,5968,0.737,2026-02-23
QX-FRZ-328,PZ-METRO,-1.801,0.623,21,0.024,2026-03-03
QX-FRZ-328,PZ-URBAN,-2.586,0.061,4190,0.774,2026-03-09
QX-FRZ-328,PZ-CORE,-1.699,2.082,36,0.194,2026-03-03
QX-FRZ-328,PZ-VALUE,-1.573,0.191,2968,0.531,2026-03-01
QX-FRZ-328,PZ-REMOTE,-2.220,0.138,7474,0.844,2026-03-11
QX-TIN-330,PZ-METRO,-0.532,0.065,8245,0.830,2026-02-23
QX-TIN-330,PZ-URBAN,-1.316,0.081,9110,0.662,2026-03-25
QX-TIN-330,PZ-CORE,-2.635,0.217,2711,0.879,2026-03-10
QX-TIN-330,PZ-REMOTE,-0.720,0.196,2336,0.653,2026-02-24
QX-DRY-331,PZ-METRO,-0.684,1.846,19,0.112,2026-03-22
QX-DRY-331,PZ-CORE,-1.651,0.210,4637,0.919,2026-03-17
QX-DRY-331,PZ-VALUE,-2.706,0.193,2676,0.627,2026-03-10
QX-DRY-331,PZ-REMOTE,-0.508,0.108,1081,0.494,2026-02-28
QX-FRZ-332,PZ-METRO,-1.747,0.170,6060,0.772,2026-02-24
QX-FRZ-332,PZ-URBAN,-0.873,0.218,9157,0.726,2026-03-17
QX-FRZ-332,PZ-REMOTE,-1.741,0.121,5135,0.459,2026-02-23
QX-CER-333,PZ-METRO,-0.843,0.031,3358,0.472,2026-03-26
QX-CER-333,PZ-URBAN,-1.883,0.199,8757,0.864,2026-02-27
QX-CER-333,PZ-CORE,-1.521,1.428,24,0.120,2026-02-28
QX-CER-333,PZ-VALUE,-3.194,0.048,9261,0.681,2026-03-15
QX-CER-333,PZ-REMOTE,-1.294,0.212,3897,0.748,2026-02-24
QX-BWS-334,PZ-METRO,-0.784,0.046,6529,0.738,2026-03-22
QX-BWS-334,PZ-URBAN,-1.867,0.152,1082,0.928,2026-03-05
QX-BWS-334,PZ-CORE,-3.084,0.202,9374,0.798,2026-03-06
QX-BWS-334,PZ-REMOTE,-2.162,0.070,3309,0.486,2026-03-07
QX-HHD-337,PZ-METRO,-2.197,0.217,5750,0.919,2026-03-04
QX-HHD-337,PZ-URBAN,-1.871,0.038,6884,0.454,2026-02-26
QX-HHD-337,PZ-CORE,-0.583,0.138,6629,0.444,2026-02-24
QX-HHD-337,PZ-VALUE,-2.922,0.128,6844,0.833,2026-03-27
QX-CHL-341,PZ-METRO,-3.117,0.168,5572,0.640,2026-03-11
QX-CHL-341,PZ-CORE,-2.047,0.212,341,0.667,2026-02-23
QX-TIN-345,PZ-METRO,-2.412,0.191,699,0.558,2026-03-01
QX-TIN-345,PZ-CORE,-2.494,0.195,8519,0.563,2026-03-23
QX-TIN-345,PZ-VALUE,-0.800,0.191,2120,0.631,2026-03-06
QX-TIN-345,PZ-REMOTE,-3.012,1.134,10,0.081,2026-03-01
QX-BAK-346,PZ-URBAN,-1.401,1.110,30,0.092,2026-03-03
QX-BAK-346,PZ-CORE,-0.865,1.086,20,0.132,2026-03-17
QX-BAK-346,PZ-VALUE,-0.848,0.174,1457,0.614,2026-03-04
QX-BAK-346,PZ-REMOTE,-2.171,0.160,8482,0.714,2026-03-19
QX-BWS-347,PZ-METRO,-2.245,0.051,1134,0.874,2026-03-04
QX-BWS-347,PZ-URBAN,-1.793,0.116,6233,0.466,2026-02-22
QX-BWS-347,PZ-CORE,-2.784,0.202,8260,0.504,2026-03-24
QX-BWS-347,PZ-VALUE,-0.994,0.213,3001,0.815,2026-03-12
QX-BWS-347,PZ-REMOTE,-1.761,0.149,7852,0.637,2026-03-27
QX-DRY-351,PZ-METRO,-1.176,0.066,1180,0.811,2026-02-27
QX-DRY-351,PZ-URBAN,-1.074,0.076,9313,0.829,2026-03-19
QX-DRY-351,PZ-CORE,-2.196,0.220,1804,0.699,2026-03-22
QX-DRY-351,PZ-VALUE,-1.238,0.196,563,0.512,2026-03-27
QX-HBC-353,PZ-METRO,-1.640,0.197,5327,0.833,2026-03-04
QX-HBC-353,PZ-CORE,-1.527,0.206,3857,0.892,2026-03-06
QX-HBC-353,PZ-REMOTE,-1.794,0.063,3871,0.827,2026-03-10
QX-HBC-355,PZ-METRO,-2.718,0.202,4086,0.804,2026-03-13
QX-HBC-355,PZ-CORE,-0.677,0.162,6413,0.668,2026-03-24
QX-HBC-355,PZ-VALUE,-1.527,1.961,21,0.026,2026-02-24
QX-HBC-355,PZ-REMOTE,-1.581,0.151,5242,0.595,2026-02-25
QX-CHL-357,PZ-METRO,-2.695,0.113,2609,0.772,2026-03-14
QX-CHL-357,PZ-URBAN,-2.834,0.130,1596,0.840,2026-03-25
QX-CHL-357,PZ-CORE,-0.536,0.092,1097,0.743,2026-02-27
QX-CHL-357,PZ-VALUE,-2.476,0.033,2179,0.616,2026-03-12
QX-DRY-361,PZ-URBAN,-3.057,0.162,446,0.663,2026-03-08
QX-DRY-361,PZ-CORE,-2.443,0.065,7173,0.561,2026-03-27
QX-DRY-361,PZ-VALUE,-2.778,0.133,1680,0.869,2026-03-16
QX-DRY-361,PZ-REMOTE,-0.885,1.786,16,0.084,2026-03-11
QX-FRZ-362,PZ-METRO,-1.775,0.214,3069,0.784,2026-03-07
QX-FRZ-362,PZ-URBAN,-2.084,0.129,5015,0.475,2026-03-13
QX-FRZ-362,PZ-CORE,-0.948,0.120,6240,0.694,2026-03-28
QX-FRZ-362,PZ-REMOTE,-2.797,0.079,9049,0.511,2026-03-22
QX-HHD-363,PZ-URBAN,-0.697,0.067,8730,0.745,2026-03-14
QX-HHD-363,PZ-CORE,-1.066,0.092,3724,0.819,2026-03-04
QX-HHD-363,PZ-VALUE,-2.238,0.162,9255,0.864,2026-03-27
QX-HHD-363,PZ-REMOTE,-1.255,0.211,7094,0.596,2026-03-10
QX-CHL-365,PZ-METRO,-2.694,0.127,2708,0.465,2026-03-18
QX-CHL-365,PZ-URBAN,-1.377,0.193,7433,0.517,2026-03-19
QX-CHL-365,PZ-REMOTE,-2.409,0.061,2266,0.522,2026-03-11
QX-CER-367,PZ-METRO,-2.034,0.145,4325,0.872,2026-03-10
QX-CER-367,PZ-URBAN,-0.681,0.207,8742,0.885,2026-03-01
QX-CER-367,PZ-CORE,-0.688,0.110,4960,0.667,2026-03-07
QX-CER-367,PZ-REMOTE,-2.643,0.105,8868,0.546,2026-03-17
QX-BAK-368,PZ-METRO,-1.985,0.062,5873,0.769,2026-03-12
QX-BAK-368,PZ-URBAN,-1.815,0.148,1521,0.474,2026-02-28
QX-BAK-368,PZ-CORE,-1.387,0.065,1583,0.668,2026-03-05
QX-BAK-368,PZ-VALUE,-2.074,0.048,2939,0.459,2026-03-15
QX-BWS-369,PZ-METRO,-2.891,0.105,7442,0.499,2026-02-23
QX-BWS-369,PZ-URBAN,-1.204,0.081,2569,0.460,2026-03-27
QX-BWS-369,PZ-CORE,-0.545,0.211,1098,0.862,2026-03-17
QX-BWS-369,PZ-VALUE,-0.504,0.069,3645,0.476,2026-03-01
QX-BWS-369,PZ-REMOTE,-2.756,0.103,6430,0.542,2026-03-05
QX-PRO-372,PZ-URBAN,-3.026,0.199,1480,0.748,2026-03-21
QX-PRO-372,PZ-VALUE,-2.611,0.734,33,0.098,2026-02-27
QX-PRO-372,PZ-REMOTE,-2.954,0.149,1432,0.874,2026-02-21
QX-BWS-373,PZ-METRO,-3.172,0.067,964,0.527,2026-03-20
QX-BWS-373,PZ-VALUE,-1.494,1.019,12,0.148,2026-02-24
QX-DRK-376,PZ-METRO,-2.391,0.089,3898,0.778,2026-03-02
QX-DRK-376,PZ-URBAN,-1.403,0.190,3619,0.456,2026-03-08
QX-DRK-376,PZ-CORE,-2.536,0.152,6927,0.556,2026-03-28
QX-DRK-376,PZ-VALUE,-0.713,0.138,1245,0.664,2026-02-28
QX-DRK-376,PZ-REMOTE,-2.068,0.212,6240,0.519,2026-03-04
QX-DRY-379,PZ-METRO,-3.097,0.073,6927,0.612,2026-03-01
QX-DRY-379,PZ-URBAN,-2.064,0.061,7331,0.806,2026-03-02
QX-DRY-379,PZ-CORE,-1.609,0.199,8740,0.692,2026-02-27
QX-DRY-379,PZ-VALUE,-1.675,0.084,3634,0.729,2026-03-12
QX-PET-380,PZ-METRO,-2.137,0.062,2364,0.767,2026-03-20
QX-PET-380,PZ-URBAN,-2.048,0.036,5196,0.839,2026-02-21
QX-PET-380,PZ-VALUE,-1.190,0.126,3964,0.841,2026-03-21
QX-PET-380,PZ-REMOTE,-2.127,0.192,4669,0.457,2026-03-24
QX-BWS-381,PZ-METRO,-1.301,0.058,2911,0.607,2026-03-11
QX-BWS-381,PZ-URBAN,-3.008,0.090,7154,0.599,2026-03-20
QX-BWS-381,PZ-CORE,-1.088,0.205,4790,0.861,2026-03-27
QX-BWS-381,PZ-VALUE,-2.520,0.219,2510,0.604,2026-02-25
QX-BWS-381,PZ-REMOTE,-2.035,0.113,4269,0.725,2026-02-23
QX-CER-384,PZ-METRO,-2.216,0.077,7319,0.607,2026-03-13
QX-CER-384,PZ-CORE,-2.963,0.046,2248,0.466,2026-03-04
QX-CER-384,PZ-VALUE,-1.600,0.052,8988,0.767,2026-03-10
QX-CER-384,PZ-REMOTE,-3.115,0.059,4308,0.460,2026-03-25
QX-DRY-391,PZ-METRO,-2.746,0.043,919,0.598,2026-03-05
QX-DRY-391,PZ-URBAN,-2.353,0.043,9319,0.553,2026-03-09
QX-DRY-391,PZ-REMOTE,-1.251,0.090,3496,0.813,2026-03-27
QX-FRZ-393,PZ-METRO,-1.756,0.121,8565,0.577,2026-03-13
QX-FRZ-393,PZ-URBAN,-1.653,0.211,8420,0.608,2026-03-26
QX-FRZ-393,PZ-CORE,-0.982,0.119,3172,0.822,2026-03-01
QX-FRZ-393,PZ-VALUE,-1.098,0.057,4384,0.464,2026-03-20
QX-CHL-396,PZ-METRO,-1.488,0.191,8646,0.615,2026-02-27
QX-CHL-396,PZ-URBAN,-1.334,0.071,3539,0.608,2026-03-28
QX-CHL-396,PZ-CORE,-1.908,0.159,8694,0.631,2026-03-02
QX-CHL-396,PZ-VALUE,-2.429,0.037,2203,0.886,2026-02-21
QX-CHL-396,PZ-REMOTE,-2.378,0.089,7225,0.569,2026-03-26
QX-DRK-399,PZ-VALUE,-1.673,0.204,1096,0.787,2026-02-23
QX-DRY-409,PZ-METRO,-1.676,0.199,9169,0.537,2026-02-22
QX-DRY-409,PZ-URBAN,-0.506,0.069,2157,0.765,2026-03-11
QX-DRY-409,PZ-REMOTE,-1.549,1.469,10,0.102,2026-03-15
QX-BWS-415,PZ-METRO,-1.796,0.064,9367,0.735,2026-03-27
QX-BWS-415,PZ-URBAN,-2.012,1.205,32,0.074,2026-03-01
QX-BWS-415,PZ-CORE,-3.000,1.648,18,0.127,2026-03-26
QX-BWS-415,PZ-REMOTE,-1.210,1.540,23,0.017,2026-03-14
QX-FRZ-426,PZ-METRO,-1.211,0.165,3363,0.680,2026-03-16
QX-FRZ-426,PZ-URBAN,-0.781,0.102,6283,0.541,2026-02-23
QX-FRZ-426,PZ-CORE,-1.026,0.102,2409,0.448,2026-03-29
QX-FRZ-426,PZ-VALUE,-2.831,0.094,2671,0.777,2026-03-06
QX-FRZ-426,PZ-REMOTE,-0.530,0.051,710,0.797,2026-03-14
QX-HHD-427,PZ-METRO,-2.721,0.099,6227,0.703,2026-03-17
QX-HHD-427,PZ-CORE,-2.272,0.156,3929,0.830,2026-03-27
QX-HHD-427,PZ-VALUE,-1.760,0.096,4473,0.826,2026-02-27
QX-HHD-427,PZ-REMOTE,-0.948,0.051,448,0.536,2026-03-18
QX-CHL-428,PZ-METRO,-1.370,0.191,3600,0.930,2026-03-09
QX-CHL-428,PZ-URBAN,-2.611,1.359,12,0.189,2026-03-06
QX-CHL-428,PZ-CORE,-1.503,0.162,5909,0.599,2026-03-13
QX-CHL-428,PZ-VALUE,-2.313,0.031,1549,0.760,2026-03-15
QX-CHL-428,PZ-REMOTE,-0.856,1.569,27,0.098,2026-03-21
QX-PET-430,PZ-METRO,-2.326,0.038,4278,0.910,2026-02-24
QX-PET-430,PZ-CORE,-2.542,1.574,35,0.123,2026-03-07
QX-PET-430,PZ-VALUE,-2.005,1.628,21,0.128,2026-03-10
QX-PET-430,PZ-REMOTE,-0.429,0.138,4225,0.884,2026-03-20
QX-CHL-432,PZ-METRO,-1.963,0.173,1119,0.691,2026-02-23
QX-CHL-432,PZ-URBAN,-2.170,0.210,8831,0.838,2026-03-02
QX-CHL-432,PZ-CORE,-0.926,0.139,1592,0.627,2026-03-26
QX-CHL-432,PZ-VALUE,-1.688,0.080,7477,0.669,2026-03-11
QX-CHL-432,PZ-REMOTE,-0.558,0.112,7845,0.824,2026-03-19
QX-BWS-433,PZ-URBAN,-1.915,0.133,1219,0.547,2026-03-10
QX-BWS-433,PZ-CORE,-1.476,0.103,8877,0.579,2026-03-29
QX-BWS-433,PZ-VALUE,-2.746,0.056,2859,0.587,2026-03-02
QX-BWS-433,PZ-REMOTE,-1.462,0.171,4066,0.672,2026-02-26
QX-PET-434,PZ-METRO,-1.475,0.096,7010,0.757,2026-03-07
QX-PET-434,PZ-URBAN,-3.098,0.074,4513,0.502,2026-03-26
QX-PET-434,PZ-CORE,-1.676,0.152,8038,0.520,2026-03-13
QX-PET-434,PZ-VALUE,-2.141,0.117,9198,0.666,2026-03-20
QX-BAK-435,PZ-METRO,-3.097,0.060,9335,0.815,2026-03-22
QX-BAK-435,PZ-URBAN,-1.591,0.182,8961,0.463,2026-03-24
QX-BAK-435,PZ-VALUE,-2.213,0.152,3345,0.690,2026-02-22
QX-TIN-436,PZ-METRO,-1.212,0.169,8581,0.538,2026-03-07
QX-TIN-436,PZ-URBAN,-2.861,0.140,5600,0.822,2026-02-22
QX-TIN-436,PZ-VALUE,-2.063,0.188,971,0.847,2026-03-27
QX-TIN-436,PZ-REMOTE,-1.133,0.066,5140,0.687,2026-03-12
QX-FRZ-437,PZ-METRO,-1.084,0.121,1610,0.460,2026-03-21
QX-FRZ-437,PZ-URBAN,-1.678,0.120,3635,0.769,2026-03-16
QX-FRZ-437,PZ-CORE,-1.565,0.057,8668,0.775,2026-02-28
QX-FRZ-437,PZ-VALUE,-1.840,0.171,6937,0.470,2026-03-13
QX-FRZ-437,PZ-REMOTE,-0.665,0.084,5326,0.601,2026-03-23
QX-TIN-439,PZ-METRO,-2.041,0.068,5035,0.449,2026-03-07
QX-TIN-439,PZ-URBAN,-1.530,0.044,8390,0.580,2026-03-24
QX-TIN-439,PZ-CORE,-0.963,0.113,4380,0.577,2026-03-04
QX-TIN-439,PZ-VALUE,-2.679,0.034,5422,0.756,2026-02-23
QX-DRY-443,PZ-METRO,-2.527,0.156,4212,0.834,2026-02-23
QX-DRY-443,PZ-URBAN,-1.506,0.130,4625,0.666,2026-02-28
QX-DRY-443,PZ-CORE,-2.803,0.158,8846,0.663,2026-03-21
QX-DRY-443,PZ-VALUE,-1.734,0.070,4967,0.787,2026-03-19
QX-DRY-443,PZ-REMOTE,-0.464,0.136,1424,0.632,2026-03-15
QX-DRK-446,PZ-URBAN,-0.547,0.202,6162,0.493,2026-02-27
QX-DRK-446,PZ-CORE,-1.718,0.036,9030,0.565,2026-03-04
QX-DRK-446,PZ-VALUE,-2.588,0.060,454,0.773,2026-03-15
QX-CHL-450,PZ-URBAN,-3.196,0.166,6082,0.910,2026-03-25
QX-CHL-450,PZ-REMOTE,-2.835,0.046,7729,0.613,2026-03-24
QX-PET-452,PZ-URBAN,-2.696,1.573,27,0.178,2026-03-16
QX-PET-452,PZ-CORE,-1.482,0.211,4141,0.667,2026-03-20
QX-PET-452,PZ-REMOTE,-2.384,1.468,18,0.155,2026-03-19
QX-CHL-456,PZ-METRO,-2.257,0.172,2705,0.501,2026-03-02
QX-CHL-456,PZ-URBAN,-2.224,0.066,7294,0.904,2026-02-24
QX-CHL-456,PZ-CORE,-1.413,2.139,16,0.085,2026-03-28
QX-CHL-456,PZ-VALUE,-3.191,0.079,6109,0.464,2026-02-21
QX-CHL-456,PZ-REMOTE,-0.946,0.082,2314,0.606,2026-03-21
QX-DRY-459,PZ-METRO,-1.318,1.637,9,0.084,2026-02-24
QX-DRY-459,PZ-URBAN,-0.424,0.179,6707,0.779,2026-03-26
QX-DRY-459,PZ-CORE,-2.418,0.180,2735,0.870,2026-03-13
QX-DRY-459,PZ-VALUE,-2.083,0.058,7848,0.663,2026-03-15
QX-DRY-459,PZ-REMOTE,-2.714,0.110,3161,0.468,2026-03-04
QX-BWS-460,PZ-URBAN,-2.378,0.105,8337,0.502,2026-03-17
QX-BWS-460,PZ-CORE,-1.424,0.142,8329,0.727,2026-03-03
QX-FRZ-463,PZ-METRO,-1.124,0.044,6015,0.862,2026-03-29
QX-FRZ-463,PZ-URBAN,-0.590,0.978,32,0.194,2026-03-21
QX-FRZ-463,PZ-VALUE,-1.968,0.054,5953,0.657,2026-02-27
QX-FRZ-463,PZ-REMOTE,-2.517,0.042,4025,0.466,2026-03-12
QX-TIN-464,PZ-METRO,-2.895,0.155,7205,0.817,2026-03-01
QX-TIN-464,PZ-CORE,-2.171,0.211,6227,0.588,2026-03-11
QX-TIN-464,PZ-VALUE,-2.555,0.946,31,0.169,2026-03-07
QX-TIN-464,PZ-REMOTE,-0.952,0.131,2980,0.837,2026-03-13
