sku,name,category,unit,list_price,sold_by,brand_tier,own_label,kvi,commodity_id,origin_country_id,made_in_house,chilled
QX-CER-001,"Oat Crunch","Cereal","750 g",2.85,each,branded,false,false,CMD-WHT,BR,false,false
QX-CER-002,"Bran Flakes","Cereal","500 g",2.10,each,value,true,true,CMD-WHT,BR,false,false
QX-DRK-014,"Orchard Juice","Drinks","1 L",2.15,each,core,true,false,CMD-SUN,BR,false,true
QX-DRK-021,"Still Water","Drinks","2 L",0.85,each,value,true,false,CMD-SUN,NL,false,false
QX-TIN-032,"Chopped Tomatoes","Tinned","400 g",0.95,each,branded,false,false,CMD-ALU,BR,false,false
QX-TIN-045,"Butter Beans","Tinned","400 g",1.05,each,value,true,false,CMD-ALU,BR,true,false
QX-DRY-184,"Long Grain Rice","Dry goods","1 kg",1.90,each,branded,false,true,CMD-WHT,BR,false,false
QX-CHL-007,"Salted Butter","Chilled","250 g",2.40,each,branded,false,false,CMD-DRY,ES,false,true
QX-FRZ-112,"Garden Peas","Frozen","900 g",1.75,each,branded,false,false,CMD-DRY,BR,false,true
QX-DRK-200,"Choice Flakes","Drinks","750 g",5.44,each,core,true,false,CMD-SUN,KE,true,false
QX-BWS-201,"Harvest Juice","Beer wine spirits","750 g",12.47,each,core,true,true,CMD-GAS,BR,false,false
QX-PRO-202,"Cottage Loaf","Produce","per kg",1.47,kg,finest,true,false,CMD-DSL,BR,true,true
QX-PRO-203,"Hearty Rice","Produce","2 L",2.98,each,finest,true,false,CMD-DSL,CR,false,true
QX-DRK-204,"Fresh Tea","Drinks","500 g",1.38,each,branded,false,false,CMD-SUN,BR,false,false
QX-BWS-205,"Meadow Tea","Beer wine spirits","400 g",19.03,each,branded,false,false,CMD-GAS,BR,false,false
QX-DRK-206,"Golden Coffee","Drinks","400 g",1.81,each,value,true,false,CMD-SUN,BR,true,false
QX-TIN-207,"Orchard Cleaner","Tinned","2 L",0.63,each,branded,false,false,CMD-ALU,BR,false,false
QX-TIN-208,"Selection Apples","Tinned","250 g",1.28,each,branded,false,true,CMD-ALU,MA,false,false
QX-CHL-209,"Reserve Pasta","Chilled","250 g",1.77,each,branded,false,false,CMD-DRY,BR,false,true
QX-PRO-210,"Meadow Cleaner","Produce","500 g",2.25,each,core,true,false,CMD-DSL,DK,false,true
QX-HHD-211,"Golden Coffee","Household","1 L",9.68,each,branded,false,false,CMD-BRD,CR,false,false
QX-TIN-212,"Everyday Butter","Tinned","2 L",2.38,each,core,true,false,CMD-ALU,BR,false,false
QX-CHL-213,"Choice Shampoo","Chilled","per kg",20.01,kg,core,true,false,CMD-DRY,MA,false,true
QX-FRZ-214,"Fresh Juice","Frozen","500 ml",1.56,each,branded,false,false,CMD-DRY,CR,false,true
QX-CHL-215,"Crunch Cleaner","Chilled","per kg",21.52,kg,core,true,false,CMD-DRY,DK,false,true
QX-BAK-216,"Selection Biscuits","Bakery","1 L",1.59,each,core,true,false,CMD-WHT,BR,false,false
QX-PRO-217,"Hearty Peas","Produce","per kg",1.30,kg,branded,false,false,CMD-DSL,BR,false,true
QX-FRZ-218,"Fresh Sauce","Frozen","250 g",4.02,each,finest,true,false,CMD-DRY,BR,false,true
QX-HBC-219,"Crunch Pasta","Health and beauty","6 pack",2.69,each,branded,false,false,CMD-PLM,PL,false,false
QX-HBC-220,"Classic Cheese","Health and beauty","2 L",2.95,each,finest,true,false,CMD-PLM,VN,false,false
QX-BWS-221,"Original Apples","Beer wine spirits","1 L",9.43,each,value,true,false,CMD-GAS,MA,false,false
QX-BWS-222,"Golden Rice","Beer wine spirits","250 g",11.57,each,branded,false,false,CMD-GAS,BR,false,false
QX-BAK-223,"Everyday Biscuits","Bakery","2 L",3.52,each,branded,false,false,CMD-WHT,GH,false,false
QX-DRY-224,"Reserve Cheese","Dry goods","500 ml",4.16,each,branded,false,false,CMD-WHT,BR,false,false
QX-HHD-225,"Meadow Chicken","Household","500 g",0.92,each,branded,false,false,CMD-BRD,BR,false,false
QX-PET-226,"Reserve Biscuits","Pet","500 ml",5.46,each,branded,false,false,CMD-WHT,BR,false,false
QX-CER-227,"Selection Chicken","Cereal","2 L",1.55,each,value,true,false,CMD-WHT,BR,false,false
QX-TIN-228,"Meadow Tea","Tinned","1 L",1.96,each,branded,false,false,CMD-ALU,BR,false,false
QX-TIN-229,"Fresh Juice","Tinned","1 L",1.93,each,branded,false,false,CMD-ALU,BR,false,false
QX-DRK-230,"Rounds Tea","Drinks","1 L",0.92,each,branded,false,false,CMD-SUN,BR,false,false
QX-FRZ-231,"Classic Cheese","Frozen","6 pack",3.21,each,branded,false,false,CMD-DRY,BR,false,true
QX-BAK-232,"Bites Cleaner","Bakery","500 g",1.15,each,branded,false,false,CMD-WHT,BR,false,false
QX-BAK-233,"Harvest Beans","Bakery","per kg",6.34,kg,branded,false,false,CMD-WHT,DK,false,false
QX-DRK-234,"Everyday Rice","Drinks","500 g",1.20,each,finest,true,false,CMD-SUN,BR,false,false
QX-FRZ-235,"Fresh Chicken","Frozen","250 g",3.64,each,core,true,false,CMD-DRY,BR,false,true
QX-PRO-236,"Original Shampoo","Produce","250 g",2.69,each,branded,false,false,CMD-DSL,BR,false,true
QX-PRO-237,"Simple Biscuits","Produce","1 L",5.21,each,branded,false,false,CMD-DSL,PL,false,true
QX-CHL-238,"Crunch Beans","Chilled","500 ml",5.68,each,branded,false,false,CMD-DRY,BR,false,true
QX-BWS-239,"Fresh Chicken","Beer wine spirits","6 pack",26.62,each,value,true,false,CMD-GAS,KE,false,false
QX-HHD-240,"Orchard Beans","Household","2 L",9.68,each,finest,true,false,CMD-BRD,BR,false,false
QX-CER-241,"Simple Cheese","Cereal","500 g",2.86,each,branded,false,false,CMD-WHT,BR,false,false
QX-FRZ-242,"Reserve Pasta","Frozen","6 pack",3.15,each,core,true,false,CMD-DRY,KE,false,true
QX-DRY-243,"Simple Rice","Dry goods","500 g",3.12,each,branded,false,false,CMD-WHT,NL,false,false
QX-FRZ-244,"Simple Chicken","Frozen","1 kg",5.18,each,branded,false,false,CMD-DRY,PL,false,true
QX-HHD-245,"Cottage Sauce","Household","500 g",2.18,each,branded,false,false,CMD-BRD,PL,false,false
QX-BWS-246,"Crisp Butter","Beer wine spirits","250 g",5.50,each,value,true,true,CMD-GAS,PL,false,false
QX-DRY-247,"Choice Beans","Dry goods","1 L",6.62,each,branded,false,false,CMD-WHT,BR,false,false
QX-HHD-248,"Harvest Rice","Household","1 L",4.21,each,branded,false,false,CMD-BRD,BR,false,false
QX-CER-249,"Original Rice","Cereal","1 L",4.57,each,branded,false,false,CMD-WHT,BR,false,false
QX-CHL-250,"Reserve Beans","Chilled","1 L",8.17,each,value,true,false,CMD-DRY,GH,true,true
QX-TIN-251,"Cottage Rice","Tinned","1 kg",2.49,each,branded,false,false,CMD-ALU,BR,false,false
QX-FRZ-252,"Selection Cheese","Frozen","500 g",6.03,each,branded,false,false,CMD-DRY,BR,false,true
QX-HHD-253,"Simple Flakes","Household","6 pack",9.59,each,finest,true,false,CMD-BRD,TR,false,false
QX-DRK-254,"Selection Cheese","Drinks","750 g",1.77,each,branded,false,false,CMD-SUN,BR,false,false
QX-PRO-255,"Rounds Juice","Produce","per kg",2.64,kg,branded,false,true,CMD-DSL,BR,false,true
QX-BWS-256,"Classic Loaf","Beer wine spirits","1 kg",9.99,each,branded,false,false,CMD-GAS,PL,false,false
QX-DRY-257,"Orchard Tea","Dry goods","500 g",2.21,each,branded,false,false,CMD-WHT,BR,false,false
QX-HBC-258,"Harvest Rice","Health and beauty","2 L",9.35,each,branded,false,false,CMD-PLM,PL,false,false
QX-HBC-259,"Simple Loaf","Health and beauty","250 g",8.97,each,branded,false,false,CMD-PLM,PL,false,false
QX-CER-260,"Crunch Coffee","Cereal","1 L",3.32,each,core,true,false,CMD-WHT,BR,false,false
QX-HBC-261,"Meadow Peas","Health and beauty","2 L",3.63,each,branded,false,true,CMD-PLM,DK,false,false
QX-BWS-262,"Classic Beans","Beer wine spirits","500 g",25.55,each,branded,false,false,CMD-GAS,BR,false,false
QX-TIN-263,"Selection Cleaner","Tinned","750 g",2.24,each,core,true,false,CMD-ALU,BR,false,false
QX-TIN-264,"Harvest Chicken","Tinned","6 pack",0.81,each,branded,false,false,CMD-ALU,BR,false,false
QX-BAK-265,"Golden Loaf","Bakery","250 g",2.08,each,branded,false,false,CMD-WHT,BR,false,false
QX-FRZ-266,"Choice Pasta","Frozen","500 ml",7.24,each,branded,false,false,CMD-DRY,BR,false,true
QX-CER-267,"Meadow Apples","Cereal","500 ml",3.41,each,core,true,false,CMD-WHT,BR,false,false
QX-CER-268,"Everyday Chicken","Cereal","250 g",3.66,each,core,true,false,CMD-WHT,BZ,false,false
QX-DRY-269,"Everyday Juice","Dry goods","250 g",6.23,each,branded,false,false,CMD-WHT,BR,false,false
QX-PET-270,"Choice Tea","Pet","250 g",4.39,each,finest,true,false,CMD-WHT,GH,false,false
QX-DRY-271,"Bites Tea","Dry goods","500 g",1.13,each,core,true,false,CMD-WHT,VN,false,false
QX-DRY-272,"Harvest Cheese","Dry goods","250 g",6.88,each,branded,false,false,CMD-WHT,BR,false,false
QX-DRK-273,"Cottage Rice","Drinks","1 kg",2.48,each,branded,false,true,CMD-SUN,TR,false,false
QX-CHL-274,"Simple Biscuits","Chilled","500 g",1.68,each,core,true,false,CMD-DRY,MA,false,true
QX-CER-275,"Selection Sauce","Cereal","2 L",3.14,each,branded,false,false,CMD-WHT,BR,false,false
QX-HBC-276,"Cottage Yoghurt","Health and beauty","750 g",11.52,each,branded,false,false,CMD-PLM,BR,false,false
QX-HBC-277,"Meadow Coffee","Health and beauty","6 pack",14.04,each,core,true,false,CMD-PLM,VN,false,false
QX-DRK-278,"Crunch Sauce","Drinks","250 g",4.91,each,branded,false,false,CMD-SUN,BR,false,false
QX-HBC-279,"Everyday Apples","Health and beauty","6 pack",7.55,each,branded,false,false,CMD-PLM,ES,false,false
QX-CHL-280,"Selection Loaf","Chilled","2 L",3.03,each,value,true,false,CMD-DRY,BR,false,true
QX-TIN-281,"Everyday Coffee","Tinned","500 ml",1.11,each,branded,false,false,CMD-ALU,BR,false,false
QX-FRZ-282,"Bites Flakes","Frozen","2 L",8.22,each,branded,false,true,CMD-DRY,CR,false,true
QX-PRO-283,"Classic Apples","Produce","500 g",1.28,each,core,true,false,CMD-DSL,BR,false,true
QX-PRO-284,"Original Chicken","Produce","750 g",3.17,each,branded,false,true,CMD-DSL,BR,false,true
QX-BWS-285,"Choice Juice","Beer wine spirits","6 pack",7.73,each,branded,false,false,CMD-GAS,BR,false,false
QX-DRY-286,"Simple Butter","Dry goods","400 g",1.02,each,branded,false,false,CMD-WHT,BR,false,false
QX-BAK-287,"Choice Loaf","Bakery","500 g",1.68,each,value,true,false,CMD-WHT,DK,false,false
QX-BAK-288,"Rounds Butter","Bakery","500 ml",3.98,each,core,true,true,CMD-WHT,BR,false,false
QX-DRK-289,"Choice Cheese","Drinks","1 L",4.98,each,branded,false,false,CMD-SUN,BR,false,false
QX-BAK-290,"Orchard Apples","Bakery","per kg",7.76,kg,core,true,false,CMD-WHT,DK,false,false
QX-PET-291,"Crunch Peas","Pet","500 g",8.97,each,branded,false,false,CMD-WHT,BR,false,false
QX-BAK-292,"Choice Chicken","Bakery","per kg",7.00,kg,finest,true,false,CMD-WHT,BR,false,false
QX-TIN-293,"Crunch Apples","Tinned","1 L",2.43,each,core,true,false,CMD-ALU,GH,false,false
QX-BWS-294,"Orchard Apples","Beer wine spirits","2 L",22.81,each,branded,false,false,CMD-GAS,BR,false,false
QX-BWS-295,"Choice Cheese","Beer wine spirits","6 pack",30.59,each,core,true,false,CMD-GAS,BR,false,false
QX-BAK-296,"Crunch Yoghurt","Bakery","1 L",2.63,each,branded,false,true,CMD-WHT,ES,false,false
QX-DRY-297,"Simple Apples","Dry goods","250 g",5.24,each,branded,false,false,CMD-WHT,BR,false,false
QX-FRZ-298,"Everyday Cleaner","Frozen","250 g",5.69,each,core,true,false,CMD-DRY,MA,false,true
QX-FRZ-299,"Reserve Butter","Frozen","6 pack",4.36,each,branded,false,false,CMD-DRY,GH,false,true
QX-BAK-300,"Everyday Apples","Bakery","750 g",1.66,each,core,true,true,CMD-WHT,BR,false,false
QX-DRY-301,"Original Butter","Dry goods","1 kg",5.14,each,branded,false,false,CMD-WHT,BR,false,false
QX-DRY-302,"Simple Shampoo","Dry goods","6 pack",2.79,each,finest,true,false,CMD-WHT,TR,false,false
QX-HHD-303,"Original Biscuits","Household","400 g",2.87,each,branded,false,false,CMD-BRD,GH,false,false
QX-DRY-304,"Harvest Shampoo","Dry goods","400 g",3.28,each,branded,false,false,CMD-WHT,BR,false,false
QX-DRY-305,"Fresh Coffee","Dry goods","1 kg",2.00,each,branded,false,false,CMD-WHT,BR,false,false
QX-TIN-306,"Bites Peas","Tinned","2 L",2.43,each,branded,false,false,CMD-ALU,BR,false,false
QX-HBC-307,"Crunch Chicken","Health and beauty","1 kg",4.85,each,branded,false,false,CMD-PLM,BR,false,false
QX-HHD-308,"Selection Shampoo","Household","500 ml",1.85,each,branded,false,false,CMD-BRD,CR,false,false
QX-DRY-309,"Choice Beans","Dry goods","1 L",3.70,each,branded,false,false,CMD-WHT,BR,false,false
QX-FRZ-310,"Meadow Tea","Frozen","1 kg",6.36,each,branded,false,false,CMD-DRY,BR,false,true
QX-HHD-311,"Rounds Shampoo","Household","400 g",7.01,each,branded,false,false,CMD-BRD,BR,false,false
QX-DRY-312,"Harvest Loaf","Dry goods","500 g",1.68,each,branded,false,false,CMD-WHT,BR,false,false
QX-HBC-313,"Crisp Flakes","Health and beauty","400 g",4.17,each,core,true,false,CMD-PLM,BR,true,false
QX-CER-314,"Everyday Cleaner","Cereal","6 pack",4.28,each,branded,false,false,CMD-WHT,TR,false,false
QX-CHL-315,"Orchard Tea","Chilled","500 ml",1.84,each,branded,false,false,CMD-DRY,BR,false,true
QX-CER-316,"Cottage Flakes","Cereal","500 ml",2.29,each,core,true,false,CMD-WHT,BR,false,false
QX-BWS-317,"Fresh Loaf","Beer wine spirits","1 L",13.89,each,branded,false,false,CMD-GAS,BR,false,false
QX-TIN-318,"Choice Butter","Tinned","400 g",1.88,each,core,true,false,CMD-ALU,PL,false,false
QX-CER-319,"Everyday Yoghurt","Cereal","6 pack",3.69,each,core,true,false,CMD-WHT,BR,false,false
QX-BWS-320,"Simple Chicken","Beer wine spirits","1 L",16.15,each,value,true,false,CMD-GAS,MA,false,false
QX-HHD-321,"Classic Rice","Household","250 g",10.21,each,value,true,false,CMD-BRD,BR,false,false
QX-FRZ-322,"Cottage Pasta","Frozen","1 kg",2.25,each,core,true,false,CMD-DRY,GH,true,true
QX-FRZ-323,"Crisp Yoghurt","Frozen","6 pack",8.24,each,branded,false,false,CMD-DRY,BR,false,true
QX-CER-324,"Choice Yoghurt","Cereal","2 L",3.09,each,branded,false,false,CMD-WHT,BR,false,false
QX-HBC-325,"Fresh Juice","Health and beauty","400 g",3.79,each,branded,false,false,CMD-PLM,MA,false,false
QX-PET-326,"Selection Butter","Pet","1 kg",5.66,each,core,true,false,CMD-WHT,ES,false,false
QX-BAK-327,"Hearty Rice","Bakery","2 L",2.19,each,finest,true,false,CMD-WHT,BR,false,false
QX-BAK-328,"Reserve Juice","Bakery","6 pack",3.85,each,finest,true,false,CMD-WHT,TR,false,false
QX-CER-329,"Rounds Peas","Cereal","500 ml",4.22,each,core,true,false,CMD-WHT,BR,false,false
QX-HHD-330,"Meadow Juice","Household","500 ml",6.03,each,branded,false,false,CMD-BRD,BR,false,false
QX-CER-331,"Golden Rice","Cereal","6 pack",4.10,each,finest,true,false,CMD-WHT,BR,false,false
QX-DRY-332,"Fresh Sauce","Dry goods","1 L",1.53,each,value,true,false,CMD-WHT,BR,true,false
QX-BAK-333,"Meadow Tea","Bakery","500 ml",0.97,each,branded,false,false,CMD-WHT,NL,false,false
QX-DRK-334,"Fresh Rice","Drinks","1 L",1.58,each,branded,false,false,CMD-SUN,DK,false,false
QX-BAK-335,"Reserve Loaf","Bakery","per kg",3.47,kg,branded,false,true,CMD-WHT,NL,false,false
QX-CHL-336,"Rounds Beans","Chilled","250 g",6.48,each,value,true,false,CMD-DRY,DK,false,true
QX-HBC-337,"Selection Butter","Health and beauty","1 L",14.40,each,value,true,false,CMD-PLM,BZ,false,false
QX-TIN-338,"Cottage Apples","Tinned","500 ml",0.52,each,branded,false,false,CMD-ALU,BZ,false,false
QX-HHD-339,"Meadow Juice","Household","400 g",1.73,each,core,true,false,CMD-BRD,CR,false,false
QX-TIN-340,"Selection Biscuits","Tinned","2 L",2.42,each,branded,false,false,CMD-ALU,TR,false,false
QX-CER-341,"Reserve Tea","Cereal","400 g",1.37,each,branded,false,false,CMD-WHT,BR,false,false
QX-TIN-342,"Crisp Apples","Tinned","400 g",0.53,each,core,true,false,CMD-ALU,BR,true,false
QX-FRZ-343,"Cottage Biscuits","Frozen","400 g",1.59,each,branded,false,false,CMD-DRY,BR,false,true
QX-DRY-344,"Fresh Loaf","Dry goods","1 L",3.54,each,branded,false,false,CMD-WHT,BR,false,false
QX-PET-345,"Choice Flakes","Pet","500 g",6.99,each,branded,false,false,CMD-WHT,BR,false,false
QX-CER-346,"Crisp Tea","Cereal","250 g",1.20,each,finest,true,false,CMD-WHT,BR,false,false
QX-PRO-347,"Classic Juice","Produce","per kg",2.01,kg,branded,false,false,CMD-DSL,BR,false,true
QX-PET-348,"Classic Pasta","Pet","500 ml",5.76,each,core,true,false,CMD-WHT,BR,false,false
QX-PET-349,"Hearty Cheese","Pet","1 kg",6.51,each,finest,true,false,CMD-WHT,BR,false,false
QX-DRY-350,"Hearty Rice","Dry goods","2 L",6.18,each,core,true,false,CMD-WHT,CR,false,false
QX-CHL-351,"Everyday Tea","Chilled","1 kg",2.81,each,core,true,false,CMD-DRY,ES,false,true
QX-CHL-352,"Harvest Biscuits","Chilled","6 pack",6.61,each,branded,false,false,CMD-DRY,BR,false,true
QX-BWS-353,"Classic Flakes","Beer wine spirits","500 ml",35.22,each,branded,false,false,CMD-GAS,NL,false,false
QX-CHL-354,"Rounds Cleaner","Chilled","500 g",1.59,each,branded,false,true,CMD-DRY,VN,false,true
QX-CER-355,"Crisp Butter","Cereal","500 ml",3.06,each,branded,false,false,CMD-WHT,BR,false,false
QX-DRK-356,"Classic Beans","Drinks","2 L",5.48,each,core,true,false,CMD-SUN,BR,false,false
QX-FRZ-357,"Fresh Peas","Frozen","2 L",6.89,each,branded,false,false,CMD-DRY,CR,false,true
QX-HBC-358,"Everyday Butter","Health and beauty","1 L",11.43,each,core,true,false,CMD-PLM,NL,true,false
QX-BWS-359,"Harvest Shampoo","Beer wine spirits","400 g",15.92,each,branded,false,true,CMD-GAS,ES,false,false
QX-BAK-360,"Choice Yoghurt","Bakery","per kg",8.05,kg,core,true,false,CMD-WHT,GH,true,false
QX-DRK-361,"Cottage Pasta","Drinks","500 ml",0.63,each,branded,false,false,CMD-SUN,BZ,false,false
QX-HHD-362,"Harvest Flakes","Household","750 g",4.46,each,core,true,false,CMD-BRD,BR,false,false
QX-PRO-363,"Everyday Biscuits","Produce","6 pack",4.40,each,branded,false,false,CMD-DSL,NL,false,true
QX-TIN-364,"Original Rice","Tinned","250 g",1.83,each,branded,false,false,CMD-ALU,BR,false,false
QX-BWS-365,"Bites Rice","Beer wine spirits","1 L",15.21,each,branded,false,false,CMD-GAS,BR,false,false
QX-DRY-366,"Original Flakes","Dry goods","500 g",2.48,each,core,true,false,CMD-WHT,VN,false,false
QX-PET-367,"Fresh Yoghurt","Pet","1 kg",0.93,each,branded,false,false,CMD-WHT,BR,false,false
QX-CHL-368,"Reserve Loaf","Chilled","2 L",1.35,each,branded,false,false,CMD-DRY,BR,false,true
QX-HBC-369,"Cottage Loaf","Health and beauty","2 L",5.31,each,value,true,false,CMD-PLM,BR,false,false
QX-TIN-370,"Crisp Butter","Tinned","6 pack",1.37,each,branded,false,false,CMD-ALU,GH,false,false
QX-HBC-371,"Harvest Tea","Health and beauty","2 L",6.57,each,finest,true,false,CMD-PLM,MA,true,false
QX-CER-372,"Everyday Cheese","Cereal","6 pack",2.24,each,branded,false,false,CMD-WHT,BR,false,false
QX-HHD-373,"Harvest Chicken","Household","400 g",8.12,each,core,true,true,CMD-BRD,BR,false,false
QX-HBC-374,"Cottage Juice","Health and beauty","750 g",13.92,each,branded,false,false,CMD-PLM,NL,false,false
QX-TIN-375,"Golden Yoghurt","Tinned","500 g",2.52,each,branded,false,false,CMD-ALU,BZ,false,false
QX-BWS-376,"Rounds Loaf","Beer wine spirits","1 kg",25.64,each,value,true,false,CMD-GAS,CR,false,false
QX-CHL-377,"Bites Cheese","Chilled","per kg",15.70,kg,value,true,false,CMD-DRY,CR,false,true
QX-PET-378,"Harvest Sauce","Pet","2 L",8.01,each,core,true,false,CMD-WHT,BR,false,false
QX-BAK-379,"Orchard Rice","Bakery","1 L",4.08,each,branded,false,false,CMD-WHT,MA,false,false
QX-DRK-380,"Original Peas","Drinks","6 pack",6.44,each,branded,false,false,CMD-SUN,BZ,false,false
QX-CHL-381,"Rounds Loaf","Chilled","250 g",3.37,each,branded,false,false,CMD-DRY,BR,false,true
QX-FRZ-382,"Rounds Flakes","Frozen","2 L",4.79,each,branded,false,false,CMD-DRY,TR,false,true
QX-TIN-383,"Simple Loaf","Tinned","2 L",1.26,each,core,true,false,CMD-ALU,MA,false,false
QX-BWS-384,"Cottage Flakes","Beer wine spirits","500 ml",21.54,each,core,true,false,CMD-GAS,BR,true,false
QX-HHD-385,"Fresh Peas","Household","1 L",10.05,each,branded,false,false,CMD-BRD,ES,false,false
QX-FRZ-386,"Selection Coffee","Frozen","250 g",8.20,each,branded,false,false,CMD-DRY,BR,false,true
QX-HHD-387,"Bites Butter","Household","1 kg",5.66,each,branded,false,true,CMD-BRD,BZ,false,false
QX-HHD-388,"Harvest Sauce","Household","1 L",11.07,each,branded,false,false,CMD-BRD,BR,false,false
QX-HBC-389,"Simple Butter","Health and beauty","1 kg",12.55,each,core,true,false,CMD-PLM,PL,false,false
QX-HHD-390,"Rounds Shampoo","Household","400 g",1.12,each,core,true,false,CMD-BRD,BR,false,false
QX-TIN-391,"Meadow Shampoo","Tinned","1 L",1.29,each,value,true,true,CMD-ALU,PL,false,false
QX-CHL-392,"Simple Rice","Chilled","per kg",9.16,kg,finest,true,false,CMD-DRY,BR,false,true
QX-DRK-393,"Fresh Tea","Drinks","2 L",6.14,each,core,true,true,CMD-SUN,BR,false,false
QX-CER-394,"Classic Chicken","Cereal","400 g",2.64,each,branded,false,false,CMD-WHT,BR,false,false
QX-BWS-395,"Cottage Peas","Beer wine spirits","1 L",14.80,each,branded,false,false,CMD-GAS,BZ,false,false
QX-PRO-396,"Choice Juice","Produce","per kg",4.23,kg,core,true,false,CMD-DSL,BR,false,true
QX-TIN-397,"Cottage Coffee","Tinned","1 kg",1.17,each,branded,false,false,CMD-ALU,BR,false,false
QX-BWS-398,"Meadow Apples","Beer wine spirits","500 g",28.84,each,value,true,false,CMD-GAS,BR,false,false
QX-HBC-399,"Golden Apples","Health and beauty","500 ml",5.82,each,branded,false,false,CMD-PLM,BR,false,false
QX-DRK-400,"Everyday Tea","Drinks","2 L",1.50,each,value,true,false,CMD-SUN,BR,false,false
QX-PRO-401,"Reserve Beans","Produce","per kg",4.47,kg,value,true,false,CMD-DSL,BR,false,true
QX-PRO-402,"Bites Pasta","Produce","6 pack",0.94,each,branded,false,false,CMD-DSL,BR,false,true
QX-FRZ-403,"Orchard Juice","Frozen","750 g",3.72,each,branded,false,true,CMD-DRY,BR,false,true
QX-PRO-404,"Classic Pasta","Produce","6 pack",5.22,each,value,true,false,CMD-DSL,VN,false,true
QX-DRK-405,"Crisp Pasta","Drinks","1 kg",6.11,each,branded,false,false,CMD-SUN,BR,false,false
QX-BAK-406,"Reserve Cheese","Bakery","500 ml",1.61,each,core,true,false,CMD-WHT,BR,false,false
QX-TIN-407,"Golden Tea","Tinned","500 ml",1.77,each,branded,false,false,CMD-ALU,MA,false,false
QX-PRO-408,"Simple Sauce","Produce","per kg",1.60,kg,branded,false,false,CMD-DSL,BR,false,true
QX-HBC-409,"Selection Sauce","Health and beauty","500 ml",5.18,each,branded,false,false,CMD-PLM,BR,false,false
QX-CER-410,"Rounds Peas","Cereal","500 g",3.33,each,branded,false,false,CMD-WHT,BR,false,false
QX-FRZ-411,"Harvest Chicken","Frozen","400 g",6.52,each,finest,true,false,CMD-DRY,ES,false,true
QX-HHD-412,"Hearty Yoghurt","Household","500 g",11.00,each,branded,false,false,CMD-BRD,BR,false,false
QX-CHL-413,"Golden Beans","Chilled","per kg",13.98,kg,branded,false,false,CMD-DRY,VN,false,true
QX-DRY-414,"Fresh Chicken","Dry goods","500 g",1.08,each,value,true,false,CMD-WHT,KE,false,false
QX-PET-415,"Reserve Chicken","Pet","6 pack",3.68,each,branded,false,false,CMD-WHT,BR,false,false
QX-DRY-416,"Choice Cleaner","Dry goods","500 g",6.82,each,core,true,true,CMD-WHT,BR,false,false
QX-CHL-417,"Cottage Chicken","Chilled","per kg",19.89,kg,branded,false,false,CMD-DRY,BR,false,true
QX-PET-418,"Meadow Chicken","Pet","400 g",10.32,each,branded,false,false,CMD-WHT,BR,false,false
QX-DRY-419,"Bites Yoghurt","Dry goods","2 L",1.88,each,branded,false,false,CMD-WHT,BR,false,false
QX-BAK-420,"Everyday Shampoo","Bakery","500 ml",2.09,each,finest,true,false,CMD-WHT,BR,false,false
QX-PRO-421,"Selection Butter","Produce","400 g",3.53,each,branded,false,false,CMD-DSL,BR,false,true
QX-DRK-422,"Bites Juice","Drinks","750 g",5.96,each,core,true,false,CMD-SUN,MA,false,false
QX-DRK-423,"Classic Pasta","Drinks","750 g",2.09,each,core,true,false,CMD-SUN,BR,false,false
QX-HHD-424,"Original Pasta","Household","1 kg",8.61,each,core,true,false,CMD-BRD,DK,false,false
QX-PRO-425,"Selection Coffee","Produce","per kg",3.80,kg,branded,false,true,CMD-DSL,GH,false,true
QX-CHL-426,"Bites Biscuits","Chilled","1 kg",8.37,each,value,true,false,CMD-DRY,BR,false,true
QX-PRO-427,"Crunch Cleaner","Produce","per kg",3.07,kg,finest,true,false,CMD-DSL,BR,false,true
QX-CER-428,"Crunch Yoghurt","Cereal","2 L",4.00,each,finest,true,false,CMD-WHT,KE,false,false
QX-TIN-429,"Fresh Rice","Tinned","500 g",2.66,each,branded,false,false,CMD-ALU,BR,false,false
QX-BAK-430,"Cottage Flakes","Bakery","per kg",6.56,kg,core,true,false,CMD-WHT,BR,false,false
QX-HBC-431,"Orchard Biscuits","Health and beauty","2 L",12.16,each,branded,false,false,CMD-PLM,BR,false,false
QX-FRZ-432,"Cottage Pasta","Frozen","250 g",8.18,each,core,true,false,CMD-DRY,BR,true,true
QX-DRK-433,"Everyday Juice","Drinks","250 g",5.54,each,value,true,false,CMD-SUN,BR,false,false
QX-BAK-434,"Cottage Peas","Bakery","500 ml",3.87,each,branded,false,false,CMD-WHT,BR,false,false
QX-FRZ-435,"Reserve Sauce","Frozen","500 ml",7.89,each,branded,false,false,CMD-DRY,BR,false,true
QX-BAK-436,"Classic Beans","Bakery","per kg",7.08,kg,branded,false,true,CMD-WHT,BR,false,false
QX-CER-437,"Meadow Rice","Cereal","400 g",1.75,each,branded,false,false,CMD-WHT,BR,false,false
QX-CHL-438,"Crunch Juice","Chilled","750 g",5.48,each,branded,false,false,CMD-DRY,BR,false,true
QX-PRO-439,"Golden Tea","Produce","per kg",1.35,kg,value,true,false,CMD-DSL,ES,false,true
QX-BAK-440,"Rounds Chicken","Bakery","250 g",1.69,each,branded,false,true,CMD-WHT,BR,false,false
QX-PRO-441,"Classic Chicken","Produce","400 g",5.50,each,core,true,false,CMD-DSL,BR,false,true
QX-HBC-442,"Original Beans","Health and beauty","1 kg",12.89,each,branded,false,false,CMD-PLM,BR,false,false
QX-CER-443,"Hearty Cleaner","Cereal","1 L",4.27,each,core,true,false,CMD-WHT,BR,false,false
QX-FRZ-444,"Original Chicken","Frozen","400 g",6.64,each,branded,false,false,CMD-DRY,BR,false,true
QX-BAK-445,"Classic Juice","Bakery","250 g",2.79,each,core,true,false,CMD-WHT,GH,false,false
QX-FRZ-446,"Classic Chicken","Frozen","1 kg",6.45,each,core,true,false,CMD-DRY,BR,false,true
QX-PET-447,"Golden Coffee","Pet","750 g",1.23,each,core,true,false,CMD-WHT,VN,false,false
QX-CER-448,"Meadow Pasta","Cereal","1 kg",1.52,each,branded,false,false,CMD-WHT,TR,false,false
QX-HBC-449,"Crisp Cheese","Health and beauty","1 L",5.85,each,core,true,false,CMD-PLM,MA,false,false
QX-PET-450,"Everyday Loaf","Pet","400 g",1.19,each,branded,false,false,CMD-WHT,BR,false,false
QX-BAK-451,"Selection Chicken","Bakery","per kg",3.97,kg,branded,false,false,CMD-WHT,BZ,false,false
QX-HBC-452,"Golden Coffee","Health and beauty","2 L",9.57,each,branded,false,false,CMD-PLM,BR,false,false
QX-PET-453,"Hearty Pasta","Pet","6 pack",8.29,each,branded,false,false,CMD-WHT,BR,false,false
QX-BWS-454,"Selection Pasta","Beer wine spirits","400 g",34.90,each,branded,false,false,CMD-GAS,BR,false,false
QX-HBC-455,"Orchard Sauce","Health and beauty","2 L",9.24,each,branded,false,false,CMD-PLM,BR,false,false
QX-PET-456,"Crunch Cheese","Pet","2 L",1.15,each,branded,false,false,CMD-WHT,BR,false,false
QX-DRK-457,"Everyday Sauce","Drinks","400 g",2.99,each,value,true,false,CMD-SUN,BR,false,false
QX-CHL-458,"Hearty Loaf","Chilled","per kg",8.63,kg,branded,false,false,CMD-DRY,BR,false,true
QX-CER-459,"Selection Peas","Cereal","400 g",4.16,each,core,true,false,CMD-WHT,MA,false,false
QX-PET-460,"Fresh Chicken","Pet","400 g",1.19,each,core,true,true,CMD-WHT,ES,false,false
QX-DRK-461,"Meadow Yoghurt","Drinks","1 kg",4.76,each,value,true,false,CMD-SUN,BR,true,false
QX-PRO-462,"Selection Rice","Produce","6 pack",2.15,each,core,true,false,CMD-DSL,BR,false,true
QX-HHD-463,"Crunch Pasta","Household","1 kg",2.67,each,branded,false,false,CMD-BRD,NL,false,false
QX-CER-464,"Choice Butter","Cereal","500 g",1.51,each,branded,false,true,CMD-WHT,BR,false,false
QX-CER-465,"Hearty Coffee","Cereal","250 g",2.06,each,core,true,false,CMD-WHT,TR,false,false
QX-PET-466,"Selection Chicken","Pet","400 g",6.21,each,value,true,false,CMD-WHT,BR,false,false
QX-CER-467,"Simple Apples","Cereal","1 L",2.18,each,branded,false,false,CMD-WHT,BR,false,false
QX-FRZ-468,"Selection Sauce","Frozen","400 g",5.50,each,branded,false,false,CMD-DRY,BR,false,true
QX-DRY-469,"Orchard Chicken","Dry goods","6 pack",5.27,each,branded,false,false,CMD-WHT,BR,false,false
QX-TIN-470,"Everyday Biscuits","Tinned","250 g",1.69,each,branded,false,false,CMD-ALU,DK,false,false
QX-PRO-471,"Harvest Beans","Produce","per kg",1.23,kg,core,true,false,CMD-DSL,BR,false,true
QX-BWS-472,"Fresh Butter","Beer wine spirits","400 g",21.34,each,core,true,false,CMD-GAS,KE,false,false
QX-CER-473,"Fresh Apples","Cereal","1 L",3.63,each,core,true,false,CMD-WHT,BR,false,false
QX-BWS-474,"Simple Beans","Beer wine spirits","2 L",21.07,each,branded,false,false,CMD-GAS,NL,false,false
QX-PRO-475,"Rounds Peas","Produce","1 kg",0.91,each,core,true,false,CMD-DSL,GH,false,true
QX-CHL-476,"Bites Flakes","Chilled","per kg",20.26,kg,branded,false,false,CMD-DRY,TR,false,true
QX-PRO-477,"Selection Yoghurt","Produce","2 L",4.83,each,branded,false,false,CMD-DSL,BR,false,true
QX-PRO-478,"Reserve Beans","Produce","500 g",4.27,each,branded,false,false,CMD-DSL,BR,false,true
QX-BWS-479,"Crunch Peas","Beer wine spirits","250 g",5.36,each,core,true,false,CMD-GAS,BR,false,false
QX-PRO-480,"Classic Peas","Produce","per kg",4.12,kg,value,true,false,CMD-DSL,TR,false,true
QX-BAK-481,"Rounds Yoghurt","Bakery","400 g",1.03,each,branded,false,false,CMD-WHT,BR,false,false
QX-DRY-482,"Selection Sauce","Dry goods","500 ml",3.00,each,branded,false,false,CMD-WHT,TR,false,false
QX-HBC-483,"Meadow Coffee","Health and beauty","1 L",2.48,each,core,true,false,CMD-PLM,TR,false,false
QX-DRY-484,"Original Cheese","Dry goods","250 g",2.75,each,core,true,false,CMD-WHT,BR,true,false
QX-BWS-485,"Cottage Yoghurt","Beer wine spirits","6 pack",26.72,each,branded,false,false,CMD-GAS,BR,false,false
QX-TIN-486,"Everyday Apples","Tinned","1 kg",1.94,each,branded,false,false,CMD-ALU,BR,false,false
QX-BAK-487,"Classic Cheese","Bakery","per kg",6.67,kg,branded,false,false,CMD-WHT,BR,false,false
QX-CER-488,"Everyday Butter","Cereal","750 g",3.99,each,value,true,false,CMD-WHT,BZ,false,false
QX-BWS-489,"Fresh Cheese","Beer wine spirits","2 L",33.75,each,finest,true,false,CMD-GAS,BR,false,false
QX-BAK-490,"Choice Cleaner","Bakery","1 kg",1.99,each,value,true,false,CMD-WHT,CR,false,false
QX-DRY-491,"Hearty Biscuits","Dry goods","2 L",6.77,each,core,true,false,CMD-WHT,BR,false,false
QX-DRY-492,"Simple Chicken","Dry goods","1 L",4.65,each,core,true,true,CMD-WHT,PL,false,false
QX-CHL-493,"Choice Rice","Chilled","per kg",11.87,kg,finest,true,false,CMD-DRY,BZ,false,true
QX-HBC-494,"Golden Peas","Health and beauty","1 kg",4.81,each,core,true,false,CMD-PLM,BR,true,false
QX-DRY-495,"Orchard Juice","Dry goods","750 g",3.33,each,branded,false,false,CMD-WHT,ES,false,false
QX-CHL-496,"Classic Yoghurt","Chilled","per kg",21.93,kg,core,true,false,CMD-DRY,BR,true,true
QX-DRY-497,"Fresh Biscuits","Dry goods","750 g",1.37,each,core,true,false,CMD-WHT,BR,false,false
QX-BWS-498,"Original Flakes","Beer wine spirits","6 pack",24.12,each,core,true,false,CMD-GAS,BR,false,false
QX-DRY-499,"Rounds Yoghurt","Dry goods","2 L",5.53,each,finest,true,false,CMD-WHT,KE,false,false
QX-PET-500,"Hearty Loaf","Pet","250 g",10.26,each,branded,false,false,CMD-WHT,BR,false,false
QX-HHD-501,"Choice Pasta","Household","750 g",0.98,each,value,true,false,CMD-BRD,BR,false,false
QX-DRY-502,"Fresh Loaf","Dry goods","2 L",4.05,each,branded,false,false,CMD-WHT,BR,false,false
QX-PET-503,"Fresh Shampoo","Pet","1 L",2.76,each,branded,false,false,CMD-WHT,DK,false,false
QX-HHD-504,"Harvest Tea","Household","500 ml",11.91,each,branded,false,false,CMD-BRD,VN,false,false
QX-BAK-505,"Bites Apples","Bakery","1 L",2.63,each,branded,false,false,CMD-WHT,BR,false,false
QX-DRK-506,"Crisp Sauce","Drinks","400 g",2.91,each,core,true,true,CMD-SUN,BR,false,false
QX-CER-507,"Simple Tea","Cereal","1 L",3.09,each,branded,false,false,CMD-WHT,ES,false,false
QX-PET-508,"Golden Butter","Pet","500 ml",1.38,each,branded,false,false,CMD-WHT,BZ,false,false
QX-HHD-509,"Crunch Coffee","Household","2 L",5.24,each,core,true,false,CMD-BRD,BR,false,false
QX-BAK-510,"Original Rice","Bakery","500 ml",2.68,each,core,true,false,CMD-WHT,TR,false,false
QX-CER-511,"Classic Butter","Cereal","1 L",3.26,each,branded,false,false,CMD-WHT,BR,false,false
QX-BAK-512,"Rounds Shampoo","Bakery","per kg",4.25,kg,core,true,false,CMD-WHT,BR,false,false
QX-CER-513,"Reserve Sauce","Cereal","750 g",1.83,each,branded,false,false,CMD-WHT,BR,false,false
QX-DRK-514,"Everyday Biscuits","Drinks","500 ml",5.99,each,branded,false,false,CMD-SUN,GH,false,false
QX-CER-515,"Selection Butter","Cereal","1 kg",1.24,each,branded,false,false,CMD-WHT,BR,false,false
QX-FRZ-516,"Harvest Beans","Frozen","500 g",8.45,each,branded,false,false,CMD-DRY,BR,false,true
QX-DRY-517,"Simple Coffee","Dry goods","1 L",1.20,each,finest,true,false,CMD-WHT,PL,false,false
QX-TIN-518,"Choice Pasta","Tinned","250 g",1.82,each,branded,false,false,CMD-ALU,BR,false,false
QX-DRY-519,"Harvest Butter","Dry goods","1 L",1.16,each,value,true,false,CMD-WHT,CR,false,false
QX-PRO-520,"Golden Coffee","Produce","per kg",1.37,kg,branded,false,false,CMD-DSL,BR,false,true
QX-PRO-521,"Meadow Rice","Produce","1 kg",3.97,each,branded,false,false,CMD-DSL,CR,false,true
QX-PET-522,"Fresh Loaf","Pet","6 pack",3.27,each,branded,false,false,CMD-WHT,BR,false,false
QX-FRZ-523,"Classic Shampoo","Frozen","1 kg",1.57,each,branded,false,false,CMD-DRY,DK,false,true
QX-PRO-524,"Golden Tea","Produce","500 g",2.75,each,branded,false,false,CMD-DSL,BR,false,true
QX-PET-525,"Hearty Cleaner","Pet","2 L",4.83,each,core,true,false,CMD-WHT,CR,false,false
QX-CHL-526,"Rounds Pasta","Chilled","1 L",2.56,each,core,true,false,CMD-DRY,VN,false,true
QX-BWS-527,"Rounds Flakes","Beer wine spirits","500 ml",36.01,each,branded,false,false,CMD-GAS,MA,false,false
QX-DRY-528,"Orchard Juice","Dry goods","750 g",4.09,each,branded,false,false,CMD-WHT,BR,false,false
QX-DRY-529,"Hearty Apples","Dry goods","1 L",3.03,each,core,true,false,CMD-WHT,BR,false,false
QX-DRK-530,"Hearty Cheese","Drinks","2 L",6.15,each,branded,false,false,CMD-SUN,VN,false,false
QX-TIN-531,"Orchard Chicken","Tinned","250 g",1.90,each,branded,false,false,CMD-ALU,BR,false,false
QX-PRO-532,"Golden Butter","Produce","1 kg",4.84,each,branded,false,false,CMD-DSL,BR,false,true
QX-PET-533,"Rounds Juice","Pet","2 L",9.96,each,branded,false,false,CMD-WHT,BR,false,false
QX-DRY-534,"Crunch Rice","Dry goods","6 pack",3.54,each,branded,false,false,CMD-WHT,BR,false,false
QX-TIN-535,"Hearty Cleaner","Tinned","400 g",2.44,each,branded,false,false,CMD-ALU,NL,false,false
QX-BWS-536,"Hearty Rice","Beer wine spirits","500 g",11.60,each,value,true,false,CMD-GAS,BR,false,false
QX-DRK-537,"Crisp Coffee","Drinks","250 g",3.04,each,branded,false,false,CMD-SUN,BR,false,false
QX-FRZ-538,"Bites Loaf","Frozen","400 g",1.27,each,core,true,false,CMD-DRY,BR,true,true
QX-BAK-539,"Orchard Tea","Bakery","500 g",4.17,each,core,true,false,CMD-WHT,BR,false,false
QX-DRK-540,"Reserve Coffee","Drinks","500 g",6.32,each,branded,false,false,CMD-SUN,BR,false,false
QX-HBC-541,"Orchard Yoghurt","Health and beauty","6 pack",10.17,each,finest,true,false,CMD-PLM,BR,false,false
QX-DRY-542,"Selection Tea","Dry goods","400 g",3.65,each,branded,false,false,CMD-WHT,BR,false,false
QX-HHD-543,"Choice Cheese","Household","500 g",11.91,each,branded,false,false,CMD-BRD,BR,false,false
QX-HBC-544,"Hearty Butter","Health and beauty","250 g",2.96,each,core,true,false,CMD-PLM,BR,false,false
QX-CER-545,"Orchard Biscuits","Cereal","400 g",4.56,each,branded,false,false,CMD-WHT,BZ,false,false
QX-BAK-546,"Meadow Shampoo","Bakery","per kg",3.59,kg,branded,false,false,CMD-WHT,BR,false,false
QX-FRZ-547,"Rounds Biscuits","Frozen","1 L",8.17,each,branded,false,true,CMD-DRY,KE,false,true
QX-DRK-548,"Rounds Pasta","Drinks","1 L",0.78,each,value,true,false,CMD-SUN,BR,false,false
QX-TIN-549,"Crisp Rice","Tinned","1 L",0.56,each,branded,false,true,CMD-ALU,PL,false,false
QX-BWS-550,"Meadow Coffee","Beer wine spirits","500 g",17.40,each,core,true,false,CMD-GAS,BR,false,false
QX-HHD-551,"Everyday Tea","Household","750 g",4.26,each,branded,false,false,CMD-BRD,BR,false,false
QX-BAK-552,"Orchard Butter","Bakery","per kg",5.84,kg,branded,false,false,CMD-WHT,BR,false,false
QX-TIN-553,"Everyday Sauce","Tinned","400 g",2.14,each,value,true,false,CMD-ALU,PL,true,false
QX-CHL-554,"Crunch Yoghurt","Chilled","2 L",5.60,each,branded,false,false,CMD-DRY,BR,false,true
QX-CHL-555,"Crisp Loaf","Chilled","per kg",16.03,kg,branded,false,false,CMD-DRY,BR,false,true
QX-FRZ-556,"Crisp Rice","Frozen","400 g",5.14,each,finest,true,false,CMD-DRY,BR,false,true
QX-HBC-557,"Cottage Tea","Health and beauty","250 g",5.27,each,core,true,false,CMD-PLM,BR,false,false
QX-TIN-558,"Crunch Butter","Tinned","500 g",1.95,each,core,true,false,CMD-ALU,KE,true,false
QX-PET-559,"Choice Rice","Pet","750 g",3.63,each,branded,false,false,CMD-WHT,BR,false,false
QX-DRK-560,"Hearty Juice","Drinks","2 L",2.47,each,branded,false,false,CMD-SUN,ES,false,false
QX-FRZ-561,"Fresh Tea","Frozen","750 g",6.80,each,core,true,false,CMD-DRY,BR,false,true
QX-FRZ-562,"Golden Biscuits","Frozen","6 pack",1.99,each,core,true,false,CMD-DRY,TR,false,true
QX-DRK-563,"Cottage Pasta","Drinks","500 ml",0.69,each,finest,true,true,CMD-SUN,BR,false,false
QX-FRZ-564,"Choice Juice","Frozen","2 L",4.14,each,branded,false,true,CMD-DRY,BR,false,true
QX-DRY-565,"Selection Tea","Dry goods","6 pack",1.58,each,branded,false,false,CMD-WHT,BR,false,false
QX-TIN-566,"Golden Tea","Tinned","500 ml",1.65,each,branded,false,false,CMD-ALU,DK,false,false
QX-BAK-567,"Cottage Cheese","Bakery","per kg",5.17,kg,branded,false,false,CMD-WHT,ES,false,false
QX-HBC-568,"Crisp Peas","Health and beauty","400 g",2.97,each,value,true,false,CMD-PLM,BR,false,false
QX-HHD-569,"Reserve Apples","Household","2 L",7.54,each,value,true,false,CMD-BRD,CR,false,false
QX-CER-570,"Rounds Cleaner","Cereal","750 g",2.77,each,value,true,false,CMD-WHT,VN,false,false
QX-DRY-571,"Bites Cleaner","Dry goods","6 pack",3.10,each,branded,false,true,CMD-WHT,BR,false,false
QX-PET-572,"Harvest Butter","Pet","1 L",2.18,each,core,true,true,CMD-WHT,TR,false,false
QX-FRZ-573,"Orchard Butter","Frozen","1 L",1.43,each,branded,false,false,CMD-DRY,BR,false,true
QX-DRY-574,"Classic Loaf","Dry goods","1 L",1.52,each,branded,false,false,CMD-WHT,BZ,false,false
QX-PET-575,"Crisp Cleaner","Pet","1 kg",6.41,each,branded,false,true,CMD-WHT,BR,false,false
QX-HBC-576,"Reserve Shampoo","Health and beauty","400 g",3.78,each,branded,false,false,CMD-PLM,BR,false,false
QX-DRY-577,"Crisp Sauce","Dry goods","1 kg",1.31,each,core,true,false,CMD-WHT,BR,false,false
QX-HBC-578,"Golden Biscuits","Health and beauty","750 g",6.26,each,core,true,false,CMD-PLM,TR,true,false
QX-CHL-579,"Original Apples","Chilled","per kg",21.52,kg,branded,false,false,CMD-DRY,VN,false,true
QX-TIN-580,"Golden Flakes","Tinned","500 g",2.46,each,branded,false,false,CMD-ALU,BR,false,false
QX-HHD-581,"Hearty Yoghurt","Household","1 kg",3.95,each,branded,false,false,CMD-BRD,BR,false,false
QX-BAK-582,"Crisp Juice","Bakery","500 ml",3.42,each,core,true,false,CMD-WHT,BR,false,false
QX-DRK-583,"Fresh Chicken","Drinks","400 g",1.19,each,core,true,false,CMD-SUN,MA,false,false
QX-BWS-584,"Fresh Pasta","Beer wine spirits","500 ml",11.25,each,finest,true,true,CMD-GAS,CR,false,false
QX-BAK-585,"Everyday Tea","Bakery","2 L",2.10,each,branded,false,true,CMD-WHT,BR,false,false
QX-FRZ-586,"Original Cheese","Frozen","750 g",7.15,each,branded,false,false,CMD-DRY,BR,false,true
QX-BAK-587,"Choice Flakes","Bakery","400 g",1.35,each,branded,false,false,CMD-WHT,KE,false,false
QX-CHL-588,"Original Juice","Chilled","1 kg",7.78,each,core,true,true,CMD-DRY,BR,false,true
QX-BWS-589,"Hearty Pasta","Beer wine spirits","400 g",11.44,each,core,true,false,CMD-GAS,BR,false,false
QX-BAK-590,"Choice Flakes","Bakery","500 g",2.99,each,branded,false,false,CMD-WHT,BR,false,false
QX-FRZ-591,"Cottage Cleaner","Frozen","6 pack",4.41,each,core,true,true,CMD-DRY,BR,false,true
QX-CHL-592,"Hearty Rice","Chilled","6 pack",7.22,each,value,true,false,CMD-DRY,BR,false,true
QX-DRY-593,"Crunch Tea","Dry goods","400 g",2.71,each,branded,false,false,CMD-WHT,BR,false,false
QX-HHD-594,"Everyday Loaf","Household","500 g",3.32,each,branded,false,false,CMD-BRD,BR,false,false
QX-DRY-595,"Bites Sauce","Dry goods","400 g",3.31,each,core,true,false,CMD-WHT,BR,false,false
QX-DRY-596,"Golden Flakes","Dry goods","400 g",4.72,each,finest,true,false,CMD-WHT,DK,false,false
QX-HHD-597,"Classic Rice","Household","500 g",4.14,each,branded,false,false,CMD-BRD,BR,false,false
QX-PET-598,"Original Chicken","Pet","500 g",10.10,each,branded,false,false,CMD-WHT,ES,false,false
QX-BAK-599,"Hearty Shampoo","Bakery","500 ml",2.80,each,branded,false,false,CMD-WHT,BR,false,false
QX-HHD-600,"Everyday Pasta","Household","250 g",11.60,each,core,true,false,CMD-BRD,GH,true,false
QX-HBC-601,"Bites Juice","Health and beauty","1 kg",2.06,each,core,true,false,CMD-PLM,TR,false,false
QX-DRK-602,"Cottage Yoghurt","Drinks","1 L",4.54,each,core,true,false,CMD-SUN,BR,false,false
QX-DRY-603,"Crunch Coffee","Dry goods","6 pack",3.32,each,core,true,false,CMD-WHT,PL,false,false
QX-CER-604,"Rounds Sauce","Cereal","250 g",2.61,each,branded,false,false,CMD-WHT,GH,false,false
QX-HHD-605,"Orchard Coffee","Household","1 kg",9.31,each,value,true,false,CMD-BRD,BR,false,false
QX-HHD-606,"Classic Cheese","Household","1 L",7.21,each,branded,false,true,CMD-BRD,PL,false,false
QX-BWS-607,"Original Rice","Beer wine spirits","500 ml",23.00,each,branded,false,false,CMD-GAS,BR,false,false
QX-BAK-608,"Hearty Cleaner","Bakery","1 L",2.12,each,branded,false,false,CMD-WHT,BR,false,false
QX-DRK-609,"Cottage Pasta","Drinks","6 pack",5.86,each,branded,false,true,CMD-SUN,BR,false,false
QX-DRY-610,"Bites Loaf","Dry goods","400 g",3.05,each,core,true,false,CMD-WHT,PL,false,false
QX-HHD-611,"Bites Beans","Household","1 kg",2.32,each,branded,false,false,CMD-BRD,BR,false,false
QX-PRO-612,"Golden Flakes","Produce","500 ml",4.07,each,branded,false,false,CMD-DSL,CR,false,true
QX-HBC-613,"Cottage Juice","Health and beauty","6 pack",2.89,each,branded,false,false,CMD-PLM,NL,false,false
QX-BWS-614,"Crisp Beans","Beer wine spirits","6 pack",24.27,each,branded,false,false,CMD-GAS,BR,false,false
QX-PET-615,"Crunch Shampoo","Pet","500 ml",8.09,each,core,true,false,CMD-WHT,BR,false,false
QX-PET-616,"Golden Flakes","Pet","1 kg",9.72,each,branded,false,false,CMD-WHT,BZ,false,false
QX-CHL-617,"Rounds Tea","Chilled","1 L",2.50,each,branded,false,false,CMD-DRY,BR,false,true
QX-HBC-618,"Classic Shampoo","Health and beauty","400 g",12.82,each,core,true,false,CMD-PLM,BR,false,false
QX-BWS-619,"Choice Sauce","Beer wine spirits","1 L",20.32,each,core,true,false,CMD-GAS,VN,false,false
QX-BWS-620,"Choice Sauce","Beer wine spirits","2 L",32.71,each,value,true,false,CMD-GAS,BR,false,false
QX-CER-621,"Choice Beans","Cereal","750 g",3.36,each,core,true,false,CMD-WHT,CR,false,false
QX-FRZ-622,"Harvest Cleaner","Frozen","500 ml",7.04,each,core,true,false,CMD-DRY,DK,false,true
QX-BAK-623,"Golden Butter","Bakery","250 g",2.40,each,core,true,false,CMD-WHT,BZ,false,false
QX-TIN-624,"Classic Rice","Tinned","500 ml",2.68,each,core,true,false,CMD-ALU,CR,true,false
QX-PRO-625,"Golden Coffee","Produce","500 g",3.56,each,core,true,false,CMD-DSL,BR,false,true
QX-FRZ-626,"Golden Biscuits","Frozen","1 kg",1.51,each,branded,false,false,CMD-DRY,CR,false,true
QX-DRK-627,"Everyday Flakes","Drinks","500 ml",2.08,each,core,true,false,CMD-SUN,BR,false,false
QX-TIN-628,"Crunch Juice","Tinned","400 g",0.89,each,core,true,false,CMD-ALU,BR,false,false
QX-DRY-629,"Classic Biscuits","Dry goods","1 kg",3.78,each,branded,false,false,CMD-WHT,BR,false,false
QX-BAK-630,"Simple Sauce","Bakery","750 g",1.02,each,finest,true,false,CMD-WHT,DK,true,false
QX-CHL-631,"Hearty Loaf","Chilled","2 L",3.38,each,branded,false,false,CMD-DRY,TR,false,true
QX-BWS-632,"Bites Beans","Beer wine spirits","250 g",5.05,each,branded,false,false,CMD-GAS,ES,false,false
QX-FRZ-633,"Cottage Butter","Frozen","1 L",3.75,each,branded,false,false,CMD-DRY,MA,false,true
QX-BWS-634,"Bites Shampoo","Beer wine spirits","400 g",4.92,each,core,true,false,CMD-GAS,MA,false,false
QX-DRY-635,"Harvest Rice","Dry goods","2 L",2.78,each,branded,false,false,CMD-WHT,BR,false,false
QX-DRK-636,"Original Peas","Drinks","1 kg",1.74,each,value,true,false,CMD-SUN,BR,false,false
QX-PRO-637,"Meadow Sauce","Produce","400 g",3.16,each,value,true,true,CMD-DSL,BR,false,true
QX-BAK-638,"Fresh Cleaner","Bakery","500 g",2.33,each,value,true,false,CMD-WHT,BR,true,false
QX-CER-639,"Bites Rice","Cereal","750 g",4.76,each,branded,false,true,CMD-WHT,BR,false,false
QX-TIN-640,"Reserve Cleaner","Tinned","2 L",1.05,each,value,true,false,CMD-ALU,BR,false,false
QX-PRO-641,"Meadow Yoghurt","Produce","1 L",3.31,each,branded,false,false,CMD-DSL,BR,false,true
QX-TIN-642,"Reserve Coffee","Tinned","500 ml",2.70,each,finest,true,true,CMD-ALU,BR,false,false
QX-CHL-643,"Rounds Apples","Chilled","per kg",13.57,kg,branded,false,false,CMD-DRY,BR,false,true
QX-TIN-644,"Golden Cleaner","Tinned","500 ml",0.82,each,core,true,false,CMD-ALU,BR,true,false
QX-PRO-645,"Selection Rice","Produce","per kg",1.81,kg,branded,false,false,CMD-DSL,BR,false,true
QX-HBC-646,"Selection Apples","Health and beauty","500 g",13.85,each,core,true,false,CMD-PLM,TR,false,false
QX-DRY-647,"Everyday Juice","Dry goods","250 g",6.36,each,branded,false,false,CMD-WHT,BR,false,false
QX-HBC-648,"Bites Yoghurt","Health and beauty","750 g",2.17,each,branded,false,false,CMD-PLM,BR,false,false
QX-TIN-649,"Original Chicken","Tinned","400 g",1.98,each,value,true,false,CMD-ALU,BR,true,false
QX-HBC-650,"Harvest Coffee","Health and beauty","250 g",9.99,each,core,true,false,CMD-PLM,BR,false,false
QX-BWS-651,"Selection Butter","Beer wine spirits","1 kg",32.43,each,branded,false,false,CMD-GAS,ES,false,false
QX-PRO-652,"Harvest Chicken","Produce","per kg",3.48,kg,branded,false,false,CMD-DSL,BR,false,true
QX-PRO-653,"Crunch Biscuits","Produce","per kg",1.35,kg,branded,false,false,CMD-DSL,BZ,false,true
QX-BWS-654,"Orchard Yoghurt","Beer wine spirits","2 L",6.64,each,branded,false,false,CMD-GAS,BR,false,false
QX-FRZ-655,"Rounds Sauce","Frozen","750 g",7.33,each,core,true,true,CMD-DRY,BR,false,true
QX-HHD-656,"Classic Chicken","Household","400 g",1.12,each,branded,false,false,CMD-BRD,BR,false,false
QX-PET-657,"Everyday Peas","Pet","1 L",9.64,each,branded,false,false,CMD-WHT,CR,false,false
QX-FRZ-658,"Choice Butter","Frozen","1 kg",2.41,each,core,true,true,CMD-DRY,BR,false,true
QX-BAK-659,"Simple Shampoo","Bakery","6 pack",2.20,each,branded,false,false,CMD-WHT,BR,false,false
QX-HHD-660,"Reserve Apples","Household","2 L",7.99,each,value,true,false,CMD-BRD,CR,false,false
QX-PET-661,"Choice Peas","Pet","400 g",3.32,each,branded,false,true,CMD-WHT,BR,false,false
QX-CHL-662,"Bites Chicken","Chilled","per kg",14.30,kg,branded,false,false,CMD-DRY,BR,false,true
QX-HHD-663,"Crisp Butter","Household","2 L",5.49,each,core,true,false,CMD-BRD,VN,true,false
QX-TIN-664,"Crunch Yoghurt","Tinned","400 g",1.21,each,branded,false,false,CMD-ALU,ES,false,false
QX-HHD-665,"Rounds Flakes","Household","400 g",11.61,each,branded,false,false,CMD-BRD,BR,false,false
QX-FRZ-666,"Hearty Juice","Frozen","2 L",6.42,each,core,true,false,CMD-DRY,BR,false,true
QX-BAK-667,"Orchard Yoghurt","Bakery","1 L",2.60,each,branded,false,false,CMD-WHT,BR,false,false
QX-BWS-668,"Original Coffee","Beer wine spirits","400 g",5.27,each,value,true,false,CMD-GAS,BR,false,false
QX-BWS-669,"Fresh Cleaner","Beer wine spirits","750 g",14.49,each,value,true,false,CMD-GAS,BR,true,false
QX-CHL-670,"Selection Sauce","Chilled","500 g",2.74,each,value,true,false,CMD-DRY,VN,true,true
QX-DRK-671,"Reserve Coffee","Drinks","500 ml",4.52,each,core,true,false,CMD-SUN,ES,false,false
QX-PRO-672,"Crunch Biscuits","Produce","6 pack",1.45,each,branded,false,false,CMD-DSL,BR,false,true
QX-PET-673,"Hearty Rice","Pet","400 g",4.90,each,branded,false,false,CMD-WHT,PL,false,false
QX-BWS-674,"Crunch Coffee","Beer wine spirits","6 pack",8.71,each,core,true,true,CMD-GAS,BR,false,false
QX-BAK-675,"Fresh Flakes","Bakery","1 kg",2.07,each,branded,false,false,CMD-WHT,BR,false,false
QX-HBC-676,"Everyday Coffee","Health and beauty","1 L",8.92,each,core,true,false,CMD-PLM,MA,false,false
QX-PET-677,"Crisp Cheese","Pet","400 g",6.51,each,core,true,false,CMD-WHT,BR,false,false
QX-DRK-678,"Classic Chicken","Drinks","500 ml",2.90,each,branded,false,false,CMD-SUN,PL,false,false
QX-BAK-679,"Choice Cheese","Bakery","500 ml",3.59,each,core,true,false,CMD-WHT,BR,false,false
QX-DRY-680,"Meadow Cheese","Dry goods","6 pack",2.00,each,core,true,false,CMD-WHT,ES,false,false
QX-PRO-681,"Simple Coffee","Produce","per kg",3.35,kg,branded,false,false,CMD-DSL,BR,false,true
QX-CER-682,"Reserve Flakes","Cereal","500 ml",3.39,each,value,true,false,CMD-WHT,BR,false,false
QX-DRK-683,"Choice Shampoo","Drinks","500 ml",2.43,each,core,true,false,CMD-SUN,BZ,true,false
QX-PET-684,"Crisp Loaf","Pet","500 g",2.31,each,finest,true,false,CMD-WHT,BR,false,false
QX-CHL-685,"Simple Shampoo","Chilled","per kg",5.56,kg,core,true,false,CMD-DRY,NL,false,true
QX-PET-686,"Fresh Shampoo","Pet","1 L",0.93,each,core,true,false,CMD-WHT,TR,false,false
QX-TIN-687,"Selection Chicken","Tinned","1 L",0.58,each,branded,false,false,CMD-ALU,BR,false,false
QX-BAK-688,"Rounds Pasta","Bakery","2 L",1.78,each,branded,false,false,CMD-WHT,KE,false,false
QX-DRY-689,"Crunch Peas","Dry goods","400 g",1.32,each,finest,true,false,CMD-WHT,BR,false,false
QX-TIN-690,"Simple Shampoo","Tinned","500 ml",1.20,each,branded,false,true,CMD-ALU,BR,false,false
QX-TIN-691,"Fresh Cleaner","Tinned","1 L",2.41,each,branded,false,true,CMD-ALU,BR,false,false
QX-CHL-692,"Orchard Yoghurt","Chilled","per kg",18.87,kg,core,true,false,CMD-DRY,BR,false,true
QX-HHD-693,"Fresh Chicken","Household","750 g",7.87,each,core,true,false,CMD-BRD,BR,false,false
QX-TIN-694,"Golden Cheese","Tinned","500 g",0.63,each,core,true,false,CMD-ALU,BR,false,false
QX-BAK-695,"Choice Cheese","Bakery","per kg",6.28,kg,core,true,false,CMD-WHT,GH,true,false
QX-BAK-696,"Cottage Apples","Bakery","400 g",3.42,each,core,true,false,CMD-WHT,CR,false,false
QX-BWS-697,"Everyday Butter","Beer wine spirits","250 g",36.33,each,core,true,false,CMD-GAS,BR,false,false
QX-HBC-698,"Bites Juice","Health and beauty","500 ml",6.53,each,branded,false,false,CMD-PLM,BR,false,false
QX-BAK-699,"Rounds Yoghurt","Bakery","400 g",3.12,each,branded,false,false,CMD-WHT,BR,false,false
QX-PET-700,"Bites Shampoo","Pet","1 kg",3.37,each,core,true,false,CMD-WHT,VN,true,false
QX-CHL-701,"Reserve Tea","Chilled","750 g",2.76,each,finest,true,false,CMD-DRY,BR,false,true
QX-FRZ-702,"Bites Cleaner","Frozen","500 ml",1.73,each,value,true,false,CMD-DRY,BR,false,true
QX-PET-703,"Meadow Chicken","Pet","1 L",7.38,each,branded,false,false,CMD-WHT,BR,false,false
QX-DRK-704,"Crunch Flakes","Drinks","500 ml",1.01,each,value,true,false,CMD-SUN,BR,false,false
QX-DRK-705,"Bites Cheese","Drinks","500 g",5.25,each,core,true,false,CMD-SUN,KE,false,false
QX-BAK-706,"Everyday Juice","Bakery","750 g",2.07,each,value,true,false,CMD-WHT,GH,true,false
QX-HHD-707,"Classic Cleaner","Household","400 g",9.83,each,branded,false,false,CMD-BRD,BR,false,false
QX-PET-708,"Classic Chicken","Pet","500 g",9.21,each,branded,false,false,CMD-WHT,VN,false,false
QX-DRK-709,"Everyday Loaf","Drinks","250 g",1.30,each,core,true,false,CMD-SUN,BR,false,false
QX-HHD-710,"Classic Sauce","Household","400 g",3.09,each,value,true,true,CMD-BRD,KE,false,false
QX-FRZ-711,"Orchard Apples","Frozen","400 g",4.64,each,branded,false,false,CMD-DRY,BR,false,true
QX-BWS-712,"Orchard Sauce","Beer wine spirits","750 g",15.76,each,branded,false,false,CMD-GAS,BR,false,false
QX-DRK-713,"Bites Beans","Drinks","500 ml",3.46,each,branded,false,false,CMD-SUN,BR,false,false
QX-PRO-714,"Rounds Yoghurt","Produce","per kg",2.59,kg,finest,true,false,CMD-DSL,BR,false,true
QX-BAK-715,"Original Shampoo","Bakery","per kg",3.54,kg,branded,false,false,CMD-WHT,ES,false,false
QX-CHL-716,"Cottage Biscuits","Chilled","per kg",18.14,kg,branded,false,true,CMD-DRY,BR,false,true
QX-FRZ-717,"Original Yoghurt","Frozen","400 g",5.99,each,core,true,false,CMD-DRY,BR,false,true
QX-DRY-718,"Choice Apples","Dry goods","500 ml",6.63,each,branded,false,false,CMD-WHT,BR,false,false
QX-BAK-719,"Classic Flakes","Bakery","1 L",2.35,each,branded,false,false,CMD-WHT,MA,false,false
QX-DRK-720,"Rounds Flakes","Drinks","500 g",6.35,each,value,true,false,CMD-SUN,ES,false,false
QX-BWS-721,"Hearty Sauce","Beer wine spirits","400 g",25.48,each,core,true,false,CMD-GAS,KE,false,false
QX-FRZ-722,"Selection Cleaner","Frozen","1 L",4.39,each,branded,false,false,CMD-DRY,BR,false,true
QX-HBC-723,"Classic Pasta","Health and beauty","1 kg",11.49,each,finest,true,false,CMD-PLM,ES,false,false
QX-CHL-724,"Reserve Chicken","Chilled","per kg",7.99,kg,branded,false,false,CMD-DRY,BZ,false,true
QX-HBC-725,"Original Juice","Health and beauty","6 pack",13.93,each,core,true,false,CMD-PLM,BR,false,false
QX-PRO-726,"Rounds Cleaner","Produce","per kg",0.94,kg,core,true,false,CMD-DSL,BR,false,true
QX-FRZ-727,"Harvest Juice","Frozen","400 g",8.19,each,branded,false,false,CMD-DRY,BR,false,true
QX-DRK-728,"Hearty Yoghurt","Drinks","500 g",5.90,each,branded,false,true,CMD-SUN,MA,false,false
QX-HHD-729,"Rounds Cleaner","Household","6 pack",7.45,each,branded,false,false,CMD-BRD,BR,false,false
QX-BAK-730,"Selection Pasta","Bakery","400 g",1.51,each,branded,false,false,CMD-WHT,BR,false,false
QX-BWS-731,"Hearty Biscuits","Beer wine spirits","2 L",21.54,each,value,true,false,CMD-GAS,CR,false,false
QX-BAK-732,"Orchard Loaf","Bakery","750 g",4.05,each,branded,false,false,CMD-WHT,BR,false,false
QX-HBC-733,"Bites Shampoo","Health and beauty","1 kg",2.58,each,value,true,false,CMD-PLM,BR,false,false
QX-CER-734,"Everyday Flakes","Cereal","750 g",3.02,each,core,true,false,CMD-WHT,BR,false,false
QX-PRO-735,"Classic Loaf","Produce","per kg",3.97,kg,value,true,false,CMD-DSL,BR,false,true
QX-DRK-736,"Simple Juice","Drinks","250 g",6.06,each,core,true,false,CMD-SUN,BR,false,false
QX-DRK-737,"Hearty Shampoo","Drinks","6 pack",2.15,each,finest,true,false,CMD-SUN,CR,false,false
QX-FRZ-738,"Crunch Beans","Frozen","500 ml",5.42,each,core,true,false,CMD-DRY,BR,true,true
QX-CHL-739,"Simple Pasta","Chilled","400 g",3.40,each,branded,false,false,CMD-DRY,BR,false,true
QX-CHL-740,"Choice Yoghurt","Chilled","per kg",6.06,kg,branded,false,false,CMD-DRY,ES,false,true
QX-HHD-741,"Hearty Apples","Household","2 L",10.58,each,value,true,true,CMD-BRD,NL,false,false
QX-CHL-742,"Crisp Cleaner","Chilled","per kg",16.56,kg,branded,false,false,CMD-DRY,BR,false,true
QX-BWS-743,"Rounds Biscuits","Beer wine spirits","1 kg",37.92,each,branded,false,false,CMD-GAS,BR,false,false
QX-PRO-744,"Bites Sauce","Produce","per kg",2.57,kg,finest,true,false,CMD-DSL,BR,true,true
QX-BAK-745,"Choice Sauce","Bakery","400 g",2.92,each,core,true,false,CMD-WHT,BR,false,false
QX-CHL-746,"Crisp Sauce","Chilled","400 g",3.69,each,branded,false,false,CMD-DRY,BR,false,true
QX-BWS-747,"Classic Loaf","Beer wine spirits","250 g",25.44,each,branded,false,false,CMD-GAS,CR,false,false
QX-BWS-748,"Meadow Rice","Beer wine spirits","1 L",26.24,each,branded,false,false,CMD-GAS,BR,false,false
QX-FRZ-749,"Harvest Rice","Frozen","500 g",6.28,each,value,true,false,CMD-DRY,BR,false,true
QX-CER-750,"Orchard Peas","Cereal","250 g",3.18,each,core,true,false,CMD-WHT,BR,false,false
QX-DRY-751,"Simple Tea","Dry goods","400 g",4.29,each,branded,false,false,CMD-WHT,BR,false,false
QX-CHL-752,"Harvest Peas","Chilled","per kg",6.49,kg,core,true,false,CMD-DRY,CR,false,true
QX-BWS-753,"Everyday Flakes","Beer wine spirits","500 g",7.08,each,branded,false,false,CMD-GAS,DK,false,false
QX-PRO-754,"Cottage Peas","Produce","per kg",2.01,kg,finest,true,false,CMD-DSL,BR,false,true
QX-DRK-755,"Meadow Apples","Drinks","2 L",5.31,each,finest,true,false,CMD-SUN,NL,true,false
QX-CHL-756,"Cottage Pasta","Chilled","1 L",5.97,each,value,true,false,CMD-DRY,BR,false,true
QX-HHD-757,"Harvest Flakes","Household","500 g",11.66,each,branded,false,false,CMD-BRD,BR,false,false
QX-BWS-758,"Rounds Chicken","Beer wine spirits","500 ml",36.12,each,branded,false,false,CMD-GAS,KE,false,false
QX-HHD-759,"Selection Loaf","Household","6 pack",3.00,each,branded,false,false,CMD-BRD,BR,false,false
QX-DRY-760,"Bites Sauce","Dry goods","2 L",1.80,each,branded,false,false,CMD-WHT,MA,false,false
QX-TIN-761,"Orchard Cleaner","Tinned","2 L",0.51,each,branded,false,false,CMD-ALU,BZ,false,false
QX-DRY-762,"Bites Sauce","Dry goods","6 pack",2.53,each,value,true,false,CMD-WHT,GH,true,false
QX-CER-763,"Rounds Sauce","Cereal","250 g",1.66,each,value,true,false,CMD-WHT,GH,false,false
QX-FRZ-764,"Cottage Apples","Frozen","6 pack",6.83,each,branded,false,false,CMD-DRY,BR,false,true
QX-BWS-765,"Hearty Sauce","Beer wine spirits","1 kg",7.77,each,branded,false,false,CMD-GAS,NL,false,false
QX-PRO-766,"Simple Chicken","Produce","500 ml",4.48,each,branded,false,false,CMD-DSL,BR,false,true
QX-BAK-767,"Original Tea","Bakery","per kg",3.96,kg,value,true,false,CMD-WHT,BR,true,false
QX-BAK-768,"Fresh Apples","Bakery","per kg",4.59,kg,branded,false,false,CMD-WHT,BR,false,false
QX-PET-769,"Choice Sauce","Pet","6 pack",7.80,each,branded,false,false,CMD-WHT,KE,false,false
QX-CER-770,"Crisp Peas","Cereal","2 L",2.38,each,core,true,false,CMD-WHT,BR,true,false
QX-BWS-771,"Harvest Chicken","Beer wine spirits","750 g",24.11,each,finest,true,false,CMD-GAS,CR,false,false
QX-HBC-772,"Classic Pasta","Health and beauty","750 g",6.13,each,value,true,false,CMD-PLM,BR,false,false
QX-CER-773,"Crunch Tea","Cereal","1 kg",2.76,each,core,true,false,CMD-WHT,BR,false,false
QX-CER-774,"Reserve Flakes","Cereal","750 g",2.35,each,branded,false,true,CMD-WHT,KE,false,false
QX-CHL-775,"Golden Sauce","Chilled","400 g",4.95,each,branded,false,true,CMD-DRY,BR,false,true
QX-HHD-776,"Cottage Shampoo","Household","1 kg",1.73,each,branded,false,true,CMD-BRD,BR,false,false
QX-CHL-777,"Crunch Rice","Chilled","per kg",17.19,kg,branded,false,false,CMD-DRY,BR,false,true
QX-PRO-778,"Classic Cleaner","Produce","2 L",3.42,each,branded,false,false,CMD-DSL,ES,false,true
QX-HBC-779,"Crunch Coffee","Health and beauty","400 g",5.44,each,branded,false,false,CMD-PLM,CR,false,false
QX-PET-780,"Reserve Shampoo","Pet","250 g",3.28,each,value,true,false,CMD-WHT,BR,false,false
QX-DRY-781,"Classic Cleaner","Dry goods","6 pack",2.29,each,finest,true,false,CMD-WHT,DK,true,false
QX-PRO-782,"Fresh Chicken","Produce","per kg",3.59,kg,branded,false,false,CMD-DSL,KE,false,true
QX-PET-783,"Selection Juice","Pet","750 g",5.00,each,branded,false,false,CMD-WHT,BR,false,false
QX-CER-784,"Selection Yoghurt","Cereal","500 g",2.41,each,finest,true,false,CMD-WHT,DK,false,false
QX-CHL-785,"Reserve Yoghurt","Chilled","500 g",4.63,each,branded,false,false,CMD-DRY,BR,false,true
QX-HBC-786,"Cottage Pasta","Health and beauty","2 L",12.20,each,branded,false,false,CMD-PLM,BR,false,false
QX-BAK-787,"Selection Cleaner","Bakery","500 g",3.96,each,branded,false,false,CMD-WHT,BR,false,false
QX-HHD-788,"Everyday Tea","Household","750 g",5.91,each,core,true,true,CMD-BRD,PL,false,false
QX-DRK-789,"Reserve Shampoo","Drinks","750 g",0.90,each,branded,false,false,CMD-SUN,BR,false,false
QX-HHD-790,"Bites Cleaner","Household","500 ml",4.75,each,branded,false,false,CMD-BRD,BR,false,false
QX-HBC-791,"Simple Apples","Health and beauty","1 L",4.67,each,branded,false,false,CMD-PLM,BR,false,false
QX-FRZ-792,"Hearty Loaf","Frozen","2 L",8.27,each,core,true,false,CMD-DRY,BR,true,true
QX-CER-793,"Simple Sauce","Cereal","2 L",4.56,each,branded,false,false,CMD-WHT,BR,false,false
QX-DRK-794,"Crisp Cheese","Drinks","250 g",3.89,each,value,true,false,CMD-SUN,BR,false,false
QX-FRZ-795,"Bites Chicken","Frozen","500 g",5.41,each,core,true,false,CMD-DRY,KE,false,true
QX-HBC-796,"Hearty Tea","Health and beauty","250 g",13.84,each,value,true,false,CMD-PLM,BR,false,false
QX-DRK-797,"Everyday Rice","Drinks","2 L",3.10,each,branded,false,false,CMD-SUN,BR,false,false
QX-HHD-798,"Crunch Rice","Household","2 L",11.49,each,branded,false,false,CMD-BRD,CR,false,false
QX-FRZ-799,"Meadow Biscuits","Frozen","500 ml",1.96,each,branded,false,false,CMD-DRY,BR,false,true
QX-CHL-800,"Selection Juice","Chilled","2 L",5.49,each,core,true,true,CMD-DRY,BR,false,true
QX-PET-801,"Crunch Butter","Pet","250 g",1.29,each,branded,false,false,CMD-WHT,BR,false,false
QX-BAK-802,"Meadow Apples","Bakery","per kg",7.70,kg,branded,false,false,CMD-WHT,GH,false,false
QX-TIN-803,"Harvest Cheese","Tinned","750 g",0.94,each,branded,false,false,CMD-ALU,KE,false,false
QX-HBC-804,"Hearty Shampoo","Health and beauty","250 g",7.01,each,branded,false,false,CMD-PLM,BR,false,false
QX-PET-805,"Selection Cleaner","Pet","400 g",8.74,each,finest,true,false,CMD-WHT,BR,false,false
QX-FRZ-806,"Rounds Cheese","Frozen","250 g",4.09,each,branded,false,false,CMD-DRY,BR,false,true
QX-DRK-807,"Meadow Pasta","Drinks","400 g",2.91,each,branded,false,false,CMD-SUN,VN,false,false
QX-CHL-808,"Selection Beans","Chilled","1 L",3.89,each,core,true,false,CMD-DRY,BR,false,true
QX-FRZ-809,"Rounds Tea","Frozen","400 g",2.55,each,finest,true,true,CMD-DRY,BR,false,true
QX-DRK-810,"Bites Chicken","Drinks","1 L",5.42,each,branded,false,false,CMD-SUN,BR,false,false
QX-DRY-811,"Rounds Beans","Dry goods","400 g",3.29,each,core,true,false,CMD-WHT,BR,false,false
QX-CER-812,"Meadow Apples","Cereal","750 g",2.78,each,branded,false,false,CMD-WHT,BZ,false,false
QX-HHD-813,"Orchard Sauce","Household","6 pack",6.00,each,branded,false,false,CMD-BRD,BR,false,false
QX-HHD-814,"Selection Biscuits","Household","750 g",8.11,each,branded,false,false,CMD-BRD,BR,false,false
QX-DRK-815,"Selection Rice","Drinks","6 pack",3.57,each,core,true,true,CMD-SUN,NL,false,false
QX-BWS-816,"Crisp Shampoo","Beer wine spirits","2 L",19.86,each,branded,false,false,CMD-GAS,BR,false,false
QX-PRO-817,"Rounds Pasta","Produce","per kg",1.23,kg,value,true,false,CMD-DSL,BR,false,true
QX-CER-818,"Hearty Cheese","Cereal","250 g",3.90,each,branded,false,false,CMD-WHT,BR,false,false
QX-TIN-819,"Crunch Coffee","Tinned","1 L",1.24,each,branded,false,false,CMD-ALU,BZ,false,false
QX-HHD-820,"Orchard Butter","Household","750 g",4.50,each,branded,false,false,CMD-BRD,DK,false,false
QX-CER-821,"Hearty Biscuits","Cereal","1 L",4.71,each,core,true,false,CMD-WHT,KE,true,false
QX-PRO-822,"Selection Cleaner","Produce","per kg",2.57,kg,branded,false,false,CMD-DSL,KE,false,true
QX-BAK-823,"Cottage Coffee","Bakery","per kg",8.54,kg,finest,true,true,CMD-WHT,BR,false,false
QX-BWS-824,"Bites Biscuits","Beer wine spirits","500 ml",35.20,each,value,true,false,CMD-GAS,BR,false,false
QX-BWS-825,"Simple Sauce","Beer wine spirits","400 g",19.51,each,branded,false,true,CMD-GAS,PL,false,false
QX-HHD-826,"Crunch Beans","Household","1 L",5.79,each,branded,false,false,CMD-BRD,BR,false,false
QX-BAK-827,"Classic Cheese","Bakery","2 L",1.13,each,finest,true,false,CMD-WHT,BR,false,false
QX-DRY-828,"Crisp Yoghurt","Dry goods","500 ml",1.51,each,core,true,false,CMD-WHT,VN,false,false
QX-BWS-829,"Fresh Chicken","Beer wine spirits","1 L",27.20,each,branded,false,false,CMD-GAS,BR,false,false
QX-BAK-830,"Everyday Pasta","Bakery","1 kg",0.83,each,branded,false,false,CMD-WHT,BR,false,false
QX-PET-831,"Cottage Juice","Pet","2 L",2.94,each,branded,false,false,CMD-WHT,VN,false,false
QX-BWS-832,"Cottage Chicken","Beer wine spirits","400 g",10.62,each,branded,false,false,CMD-GAS,BR,false,false
QX-CER-833,"Selection Shampoo","Cereal","400 g",4.03,each,core,true,false,CMD-WHT,BR,false,false
QX-PET-834,"Fresh Shampoo","Pet","500 g",9.62,each,branded,false,false,CMD-WHT,ES,false,false
QX-BWS-835,"Choice Sauce","Beer wine spirits","250 g",25.57,each,value,true,false,CMD-GAS,MA,false,false
QX-DRY-836,"Cottage Butter","Dry goods","750 g",3.34,each,branded,false,false,CMD-WHT,KE,false,false
QX-HHD-837,"Cottage Apples","Household","500 ml",3.67,each,value,true,false,CMD-BRD,BR,false,false
QX-PRO-838,"Everyday Apples","Produce","per kg",3.95,kg,core,true,false,CMD-DSL,DK,false,true
QX-FRZ-839,"Everyday Cheese","Frozen","2 L",8.45,each,core,true,false,CMD-DRY,BR,false,true
QX-DRK-840,"Choice Chicken","Drinks","500 g",5.73,each,value,true,false,CMD-SUN,BR,false,false
QX-PRO-841,"Simple Chicken","Produce","400 g",3.74,each,core,true,false,CMD-DSL,BR,false,true
QX-BAK-842,"Cottage Biscuits","Bakery","per kg",3.34,kg,core,true,false,CMD-WHT,MA,false,false
QX-CER-843,"Simple Cheese","Cereal","500 ml",1.21,each,core,true,false,CMD-WHT,BR,false,false
QX-BAK-844,"Harvest Tea","Bakery","per kg",5.91,kg,core,true,false,CMD-WHT,BR,false,false
QX-DRK-845,"Bites Butter","Drinks","2 L",4.54,each,value,true,false,CMD-SUN,BR,false,false
QX-TIN-846,"Selection Rice","Tinned","500 g",0.90,each,branded,false,true,CMD-ALU,VN,false,false
QX-PRO-847,"Meadow Juice","Produce","400 g",0.58,each,core,true,false,CMD-DSL,BR,false,true
QX-HHD-848,"Selection Sauce","Household","250 g",7.42,each,branded,false,false,CMD-BRD,BR,false,false
QX-TIN-849,"Classic Butter","Tinned","400 g",2.07,each,branded,false,false,CMD-ALU,BR,false,false
QX-CHL-850,"Hearty Rice","Chilled","6 pack",6.21,each,branded,false,false,CMD-DRY,MA,false,true
QX-PET-851,"Meadow Peas","Pet","2 L",7.84,each,branded,false,false,CMD-WHT,BR,false,false
QX-HHD-852,"Choice Cheese","Household","1 kg",3.65,each,value,true,false,CMD-BRD,BR,false,false
QX-TIN-853,"Everyday Yoghurt","Tinned","750 g",1.59,each,finest,true,false,CMD-ALU,BR,false,false
QX-TIN-854,"Orchard Chicken","Tinned","2 L",1.03,each,branded,false,false,CMD-ALU,BR,false,false
QX-PET-855,"Reserve Beans","Pet","6 pack",1.38,each,branded,false,false,CMD-WHT,BR,false,false
QX-DRK-856,"Harvest Pasta","Drinks","750 g",4.80,each,branded,false,true,CMD-SUN,PL,false,false
QX-BAK-857,"Cottage Biscuits","Bakery","per kg",3.83,kg,branded,false,false,CMD-WHT,BR,false,false
QX-DRY-858,"Meadow Tea","Dry goods","400 g",2.62,each,branded,false,false,CMD-WHT,BR,false,false
QX-DRY-859,"Rounds Sauce","Dry goods","500 ml",3.55,each,core,true,false,CMD-WHT,BR,false,false
QX-HHD-860,"Fresh Tea","Household","1 kg",4.48,each,value,true,false,CMD-BRD,BZ,false,false
QX-CHL-861,"Reserve Shampoo","Chilled","per kg",12.11,kg,core,true,false,CMD-DRY,BR,false,true
QX-CER-862,"Everyday Tea","Cereal","400 g",1.63,each,finest,true,true,CMD-WHT,BR,false,false
QX-PRO-863,"Rounds Flakes","Produce","500 ml",0.79,each,branded,false,false,CMD-DSL,CR,false,true
QX-DRY-864,"Crisp Pasta","Dry goods","500 ml",1.66,each,finest,true,false,CMD-WHT,BR,false,false
QX-CER-865,"Selection Butter","Cereal","2 L",2.95,each,branded,false,false,CMD-WHT,BR,false,false
QX-PRO-866,"Classic Sauce","Produce","6 pack",4.27,each,branded,false,false,CMD-DSL,BR,false,true
QX-BAK-867,"Orchard Coffee","Bakery","500 ml",2.59,each,core,true,false,CMD-WHT,BR,false,false
QX-TIN-868,"Everyday Juice","Tinned","400 g",0.90,each,finest,true,false,CMD-ALU,BR,false,false
QX-PRO-869,"Choice Pasta","Produce","6 pack",1.05,each,branded,false,false,CMD-DSL,VN,false,true
QX-HBC-870,"Simple Apples","Health and beauty","500 g",3.26,each,branded,false,false,CMD-PLM,CR,false,false
QX-HHD-871,"Rounds Rice","Household","2 L",9.18,each,finest,true,false,CMD-BRD,BR,false,false
QX-BWS-872,"Crisp Apples","Beer wine spirits","1 L",28.19,each,value,true,false,CMD-GAS,NL,false,false
QX-DRY-873,"Simple Sauce","Dry goods","1 kg",6.33,each,finest,true,false,CMD-WHT,BR,false,false
QX-PRO-874,"Crisp Tea","Produce","500 ml",1.23,each,branded,false,false,CMD-DSL,BR,false,true
QX-BWS-875,"Harvest Cheese","Beer wine spirits","750 g",34.41,each,branded,false,false,CMD-GAS,CR,false,false
QX-DRY-876,"Classic Juice","Dry goods","1 L",3.62,each,core,true,false,CMD-WHT,BR,false,false
QX-TIN-877,"Simple Rice","Tinned","250 g",2.81,each,value,true,false,CMD-ALU,BR,false,false
QX-PET-878,"Fresh Coffee","Pet","250 g",3.97,each,branded,false,false,CMD-WHT,BR,false,false
QX-HBC-879,"Everyday Butter","Health and beauty","2 L",6.15,each,core,true,false,CMD-PLM,NL,false,false
QX-CHL-880,"Crisp Sauce","Chilled","500 g",2.37,each,branded,false,false,CMD-DRY,PL,false,true
QX-CHL-881,"Classic Rice","Chilled","1 kg",6.16,each,branded,false,false,CMD-DRY,BR,false,true
QX-CER-882,"Rounds Coffee","Cereal","500 g",3.35,each,branded,false,false,CMD-WHT,DK,false,false
QX-HHD-883,"Hearty Peas","Household","250 g",11.09,each,branded,false,false,CMD-BRD,ES,false,false
QX-DRK-884,"Choice Tea","Drinks","400 g",1.73,each,branded,false,false,CMD-SUN,BR,false,false
QX-HHD-885,"Harvest Sauce","Household","6 pack",4.22,each,branded,false,false,CMD-BRD,BR,false,false
QX-DRY-886,"Hearty Apples","Dry goods","400 g",6.91,each,core,true,false,CMD-WHT,PL,false,false
QX-BWS-887,"Harvest Cleaner","Beer wine spirits","500 ml",22.53,each,value,true,false,CMD-GAS,BR,true,false
QX-PRO-888,"Harvest Cleaner","Produce","500 ml",2.94,each,core,true,false,CMD-DSL,TR,false,true
QX-PRO-889,"Choice Coffee","Produce","6 pack",1.38,each,branded,false,false,CMD-DSL,CR,false,true
QX-CHL-890,"Hearty Cleaner","Chilled","500 ml",4.62,each,branded,false,true,CMD-DRY,BR,false,true
QX-PET-891,"Golden Flakes","Pet","500 ml",10.90,each,core,true,false,CMD-WHT,BR,false,false
QX-PRO-892,"Hearty Butter","Produce","per kg",2.91,kg,branded,false,false,CMD-DSL,BR,false,true
QX-BWS-893,"Crisp Coffee","Beer wine spirits","500 g",33.45,each,finest,true,false,CMD-GAS,BR,false,false
QX-CER-894,"Hearty Coffee","Cereal","6 pack",3.83,each,branded,false,false,CMD-WHT,BR,false,false
QX-HBC-895,"Everyday Tea","Health and beauty","500 ml",5.76,each,core,true,false,CMD-PLM,BZ,false,false
QX-PET-896,"Harvest Cheese","Pet","1 kg",0.83,each,branded,false,false,CMD-WHT,KE,false,false
QX-FRZ-897,"Orchard Biscuits","Frozen","400 g",5.42,each,finest,true,false,CMD-DRY,BZ,false,true
QX-DRK-898,"Hearty Coffee","Drinks","2 L",2.41,each,core,true,false,CMD-SUN,GH,false,false
QX-CHL-899,"Selection Biscuits","Chilled","400 g",6.88,each,branded,false,false,CMD-DRY,BR,false,true
QX-FRZ-900,"Everyday Rice","Frozen","1 L",7.00,each,branded,false,false,CMD-DRY,ES,false,true
QX-PET-901,"Classic Rice","Pet","500 ml",4.12,each,branded,false,false,CMD-WHT,BR,false,false
QX-HHD-902,"Harvest Flakes","Household","1 kg",9.56,each,core,true,false,CMD-BRD,BR,false,false
QX-DRY-903,"Choice Tea","Dry goods","250 g",2.72,each,core,true,false,CMD-WHT,BR,false,false
QX-HBC-904,"Bites Cleaner","Health and beauty","500 g",10.98,each,core,true,false,CMD-PLM,BR,false,false
QX-BAK-905,"Hearty Butter","Bakery","per kg",3.88,kg,value,true,false,CMD-WHT,BR,false,false
QX-DRY-906,"Everyday Shampoo","Dry goods","2 L",5.32,each,value,true,false,CMD-WHT,BR,false,false
QX-TIN-907,"Meadow Butter","Tinned","750 g",0.55,each,finest,true,false,CMD-ALU,BR,false,false
QX-TIN-908,"Everyday Juice","Tinned","6 pack",2.31,each,branded,false,false,CMD-ALU,PL,false,false
QX-FRZ-909,"Fresh Rice","Frozen","1 L",2.55,each,branded,false,false,CMD-DRY,KE,false,true
QX-PRO-910,"Everyday Flakes","Produce","2 L",2.77,each,value,true,false,CMD-DSL,BR,false,true
QX-PET-911,"Meadow Cleaner","Pet","500 ml",4.53,each,core,true,true,CMD-WHT,BR,true,false
QX-BAK-912,"Selection Tea","Bakery","per kg",7.09,kg,value,true,false,CMD-WHT,ES,true,false
QX-HBC-913,"Classic Tea","Health and beauty","1 L",1.82,each,value,true,false,CMD-PLM,BR,false,false
QX-DRY-914,"Harvest Apples","Dry goods","400 g",4.51,each,branded,false,false,CMD-WHT,BR,false,false
QX-DRY-915,"Crunch Juice","Dry goods","400 g",6.64,each,branded,false,false,CMD-WHT,VN,false,false
QX-BAK-916,"Everyday Biscuits","Bakery","400 g",4.02,each,branded,false,false,CMD-WHT,MA,false,false
QX-CHL-917,"Choice Loaf","Chilled","2 L",5.90,each,value,true,false,CMD-DRY,GH,false,true
QX-BAK-918,"Orchard Juice","Bakery","per kg",6.47,kg,branded,false,false,CMD-WHT,BR,false,false
QX-HBC-919,"Crisp Chicken","Health and beauty","2 L",2.52,each,branded,false,false,CMD-PLM,BR,false,false
QX-TIN-920,"Simple Tea","Tinned","500 ml",1.96,each,branded,false,false,CMD-ALU,KE,false,false
QX-BWS-921,"Reserve Beans","Beer wine spirits","500 ml",18.76,each,branded,false,false,CMD-GAS,BR,false,false
QX-DRY-922,"Choice Coffee","Dry goods","500 ml",1.90,each,branded,false,false,CMD-WHT,BR,false,false
QX-DRK-923,"Crisp Cleaner","Drinks","2 L",5.66,each,core,true,false,CMD-SUN,GH,false,false
QX-FRZ-924,"Crunch Beans","Frozen","750 g",1.97,each,branded,false,false,CMD-DRY,BR,false,true
QX-PET-925,"Bites Tea","Pet","250 g",0.88,each,core,true,false,CMD-WHT,BR,false,false
QX-CER-926,"Cottage Butter","Cereal","6 pack",1.25,each,branded,false,false,CMD-WHT,BR,false,false
QX-PRO-927,"Harvest Sauce","Produce","250 g",0.50,each,value,true,false,CMD-DSL,GH,false,true
QX-TIN-928,"Bites Coffee","Tinned","1 kg",2.77,each,branded,false,false,CMD-ALU,BR,false,false
QX-CER-929,"Bites Shampoo","Cereal","6 pack",1.90,each,branded,false,false,CMD-WHT,MA,false,false
QX-TIN-930,"Crunch Loaf","Tinned","250 g",0.55,each,branded,false,false,CMD-ALU,BR,false,false
QX-FRZ-931,"Rounds Butter","Frozen","1 kg",8.59,each,branded,false,false,CMD-DRY,BR,false,true
QX-BAK-932,"Reserve Apples","Bakery","per kg",5.52,kg,core,true,false,CMD-WHT,BR,false,false
QX-BWS-933,"Fresh Shampoo","Beer wine spirits","400 g",10.06,each,branded,false,true,CMD-GAS,BR,false,false
QX-BAK-934,"Selection Beans","Bakery","2 L",1.31,each,branded,false,false,CMD-WHT,BR,false,false
QX-DRK-935,"Bites Biscuits","Drinks","500 ml",5.10,each,finest,true,false,CMD-SUN,PL,false,false
QX-HHD-936,"Hearty Coffee","Household","500 g",8.00,each,core,true,false,CMD-BRD,BR,false,false
QX-TIN-937,"Orchard Flakes","Tinned","250 g",2.11,each,core,true,false,CMD-ALU,DK,false,false
QX-BWS-938,"Hearty Biscuits","Beer wine spirits","6 pack",26.79,each,branded,false,false,CMD-GAS,BR,false,false
QX-PET-939,"Orchard Tea","Pet","250 g",4.02,each,finest,true,false,CMD-WHT,BR,false,false
QX-BAK-940,"Everyday Apples","Bakery","per kg",3.23,kg,branded,false,false,CMD-WHT,BR,false,false
QX-BAK-941,"Everyday Loaf","Bakery","400 g",2.58,each,value,true,false,CMD-WHT,ES,false,false
QX-DRK-942,"Original Cheese","Drinks","400 g",1.58,each,branded,false,false,CMD-SUN,PL,false,false
QX-PRO-943,"Selection Juice","Produce","250 g",1.73,each,branded,false,false,CMD-DSL,DK,false,true
QX-TIN-944,"Golden Pasta","Tinned","6 pack",1.36,each,branded,false,false,CMD-ALU,TR,false,false
QX-CHL-945,"Orchard Pasta","Chilled","1 kg",5.35,each,core,true,false,CMD-DRY,BR,false,true
QX-BAK-946,"Fresh Coffee","Bakery","500 ml",4.17,each,branded,false,false,CMD-WHT,BR,false,false
QX-CER-947,"Original Juice","Cereal","500 g",3.26,each,branded,false,false,CMD-WHT,BR,false,false
QX-TIN-948,"Reserve Rice","Tinned","250 g",2.08,each,core,true,false,CMD-ALU,MA,false,false
QX-CHL-949,"Original Yoghurt","Chilled","6 pack",4.82,each,core,true,true,CMD-DRY,BR,false,true
QX-TIN-950,"Orchard Flakes","Tinned","1 kg",2.15,each,branded,false,false,CMD-ALU,ES,false,false
QX-DRK-951,"Harvest Juice","Drinks","250 g",0.79,each,branded,false,true,CMD-SUN,BR,false,false
QX-HBC-952,"Harvest Sauce","Health and beauty","500 ml",13.97,each,branded,false,false,CMD-PLM,BR,false,false
QX-CER-953,"Crunch Cheese","Cereal","1 L",1.91,each,value,true,false,CMD-WHT,BR,false,false
QX-TIN-954,"Choice Coffee","Tinned","2 L",0.61,each,value,true,false,CMD-ALU,KE,false,false
QX-BWS-955,"Cottage Apples","Beer wine spirits","2 L",36.72,each,branded,false,false,CMD-GAS,BR,false,false
QX-CHL-956,"Bites Biscuits","Chilled","400 g",1.51,each,core,true,false,CMD-DRY,BZ,false,true
QX-BAK-957,"Harvest Biscuits","Bakery","500 g",1.19,each,branded,false,false,CMD-WHT,BZ,false,false
QX-BAK-958,"Hearty Beans","Bakery","1 L",1.84,each,core,true,false,CMD-WHT,GH,false,false
QX-CHL-959,"Rounds Rice","Chilled","500 g",3.72,each,core,true,true,CMD-DRY,DK,false,true
QX-PET-960,"Meadow Beans","Pet","6 pack",3.95,each,core,true,false,CMD-WHT,BR,false,false
QX-FRZ-961,"Fresh Butter","Frozen","400 g",8.01,each,core,true,false,CMD-DRY,BR,false,true
QX-PET-962,"Choice Apples","Pet","500 ml",10.92,each,branded,false,false,CMD-WHT,BR,false,false
QX-BAK-963,"Everyday Butter","Bakery","1 L",3.79,each,branded,false,false,CMD-WHT,BR,false,false
QX-CHL-964,"Choice Yoghurt","Chilled","per kg",16.48,kg,branded,false,false,CMD-DRY,BR,false,true
QX-DRY-965,"Harvest Cheese","Dry goods","250 g",3.36,each,branded,false,false,CMD-WHT,BR,false,false
QX-CHL-966,"Meadow Sauce","Chilled","per kg",22.77,kg,value,true,false,CMD-DRY,BR,false,true
QX-PET-967,"Bites Biscuits","Pet","1 L",2.18,each,core,true,false,CMD-WHT,GH,false,false
QX-BAK-968,"Bites Biscuits","Bakery","2 L",3.74,each,finest,true,false,CMD-WHT,BR,false,false
QX-HBC-969,"Simple Chicken","Health and beauty","2 L",4.33,each,branded,false,true,CMD-PLM,BR,false,false
QX-PET-970,"Original Pasta","Pet","6 pack",8.55,each,core,true,false,CMD-WHT,PL,false,false
QX-HBC-971,"Harvest Flakes","Health and beauty","500 g",14.34,each,branded,false,false,CMD-PLM,BR,false,false
QX-TIN-972,"Simple Loaf","Tinned","1 kg",2.15,each,branded,false,false,CMD-ALU,BR,false,false
QX-TIN-973,"Golden Tea","Tinned","400 g",1.79,each,core,true,false,CMD-ALU,BR,false,false
QX-HBC-974,"Classic Coffee","Health and beauty","750 g",5.42,each,branded,false,false,CMD-PLM,BR,false,false
QX-TIN-975,"Everyday Yoghurt","Tinned","1 kg",2.42,each,value,true,true,CMD-ALU,BR,false,false
QX-PET-976,"Simple Tea","Pet","750 g",2.01,each,core,true,false,CMD-WHT,NL,false,false
QX-FRZ-977,"Original Chicken","Frozen","500 ml",6.06,each,branded,false,true,CMD-DRY,BR,false,true
QX-HHD-978,"Selection Biscuits","Household","250 g",6.95,each,branded,false,false,CMD-BRD,BR,false,false
QX-CHL-979,"Crisp Juice","Chilled","per kg",5.65,kg,branded,false,false,CMD-DRY,BR,false,true
QX-BWS-980,"Reserve Loaf","Beer wine spirits","250 g",11.32,each,core,true,false,CMD-GAS,KE,false,false
QX-CER-981,"Everyday Flakes","Cereal","500 g",3.87,each,core,true,false,CMD-WHT,BR,false,false
QX-FRZ-982,"Simple Cheese","Frozen","500 ml",7.03,each,branded,false,false,CMD-DRY,KE,false,true
QX-FRZ-983,"Everyday Loaf","Frozen","750 g",6.98,each,branded,false,false,CMD-DRY,ES,false,true
QX-PET-984,"Classic Loaf","Pet","500 g",6.62,each,core,true,false,CMD-WHT,BZ,false,false
QX-HBC-985,"Golden Flakes","Health and beauty","1 L",5.04,each,core,true,false,CMD-PLM,BR,false,false
QX-HHD-986,"Cottage Loaf","Household","2 L",2.03,each,core,true,true,CMD-BRD,BR,false,false
QX-TIN-987,"Orchard Apples","Tinned","6 pack",1.05,each,branded,false,false,CMD-ALU,BR,false,false
QX-CHL-988,"Rounds Butter","Chilled","2 L",6.67,each,core,true,false,CMD-DRY,BR,true,true
QX-BAK-989,"Golden Rice","Bakery","500 ml",2.43,each,branded,false,false,CMD-WHT,BR,false,false
QX-CER-990,"Crisp Cleaner","Cereal","500 ml",2.25,each,finest,true,false,CMD-WHT,BR,false,false
QX-CHL-991,"Rounds Beans","Chilled","2 L",1.64,each,branded,false,false,CMD-DRY,PL,false,true
QX-PET-992,"Classic Sauce","Pet","500 ml",5.15,each,branded,false,false,CMD-WHT,BR,false,false
QX-DRK-993,"Rounds Chicken","Drinks","6 pack",5.14,each,finest,true,false,CMD-SUN,BR,false,false
QX-HHD-994,"Orchard Beans","Household","250 g",4.42,each,branded,false,false,CMD-BRD,BR,false,false
QX-TIN-995,"Classic Tea","Tinned","1 L",0.96,each,core,true,false,CMD-ALU,KE,false,false
QX-HBC-996,"Simple Shampoo","Health and beauty","400 g",11.03,each,value,true,false,CMD-PLM,MA,false,false
QX-CHL-997,"Selection Yoghurt","Chilled","per kg",18.59,kg,core,true,false,CMD-DRY,BR,false,true
QX-DRK-998,"Cottage Tea","Drinks","6 pack",1.84,each,branded,false,false,CMD-SUN,CR,false,false
QX-HHD-999,"Bites Beans","Household","2 L",5.17,each,branded,false,false,CMD-BRD,BR,false,false
QX-TIN-000,"Everyday Beans","Tinned","400 g",1.07,each,core,true,false,CMD-ALU,BR,false,false
QX-BWS-001,"Golden Apples","Beer wine spirits","400 g",35.57,each,branded,false,false,CMD-GAS,NL,false,false
QX-HBC-002,"Selection Juice","Health and beauty","2 L",12.47,each,core,true,false,CMD-PLM,BR,false,false
QX-PET-003,"Simple Chicken","Pet","500 g",10.71,each,branded,false,false,CMD-WHT,PL,false,false
QX-FRZ-004,"Everyday Tea","Frozen","500 g",5.52,each,branded,false,false,CMD-DRY,BR,false,true
QX-DRY-005,"Bites Biscuits","Dry goods","6 pack",2.35,each,branded,false,true,CMD-WHT,BR,false,false
QX-CHL-006,"Cottage Flakes","Chilled","1 kg",3.40,each,core,true,false,CMD-DRY,GH,false,true
QX-FRZ-007,"Fresh Sauce","Frozen","500 ml",2.79,each,branded,false,false,CMD-DRY,CR,false,true
QX-BAK-008,"Hearty Chicken","Bakery","per kg",7.30,kg,value,true,false,CMD-WHT,BR,false,false
QX-DRY-009,"Original Loaf","Dry goods","400 g",3.13,each,value,true,false,CMD-WHT,BR,false,false
QX-DRY-010,"Choice Butter","Dry goods","6 pack",4.71,each,branded,false,false,CMD-WHT,BR,false,false
QX-CHL-011,"Hearty Rice","Chilled","per kg",11.61,kg,branded,false,false,CMD-DRY,BR,false,true
QX-DRY-012,"Crisp Tea","Dry goods","400 g",4.20,each,branded,false,false,CMD-WHT,BR,false,false
QX-DRK-013,"Reserve Sauce","Drinks","1 kg",1.57,each,branded,false,false,CMD-SUN,BR,false,false
QX-DRY-014,"Bites Juice","Dry goods","2 L",1.39,each,core,true,false,CMD-WHT,TR,false,false
QX-BWS-015,"Crisp Biscuits","Beer wine spirits","500 g",4.58,each,branded,false,false,CMD-GAS,ES,false,false
QX-CHL-016,"Meadow Cheese","Chilled","per kg",14.81,kg,branded,false,false,CMD-DRY,BR,false,true
QX-FRZ-017,"Crisp Rice","Frozen","400 g",6.45,each,branded,false,false,CMD-DRY,BR,false,true
QX-CHL-018,"Simple Juice","Chilled","1 kg",7.39,each,branded,false,false,CMD-DRY,BR,false,true
QX-DRY-019,"Fresh Cheese","Dry goods","6 pack",1.14,each,branded,false,false,CMD-WHT,BR,false,false
QX-CER-020,"Harvest Coffee","Cereal","500 ml",4.08,each,branded,false,false,CMD-WHT,BR,false,false
QX-PRO-022,"Selection Pasta","Produce","500 g",2.51,each,branded,false,false,CMD-DSL,BR,false,true
QX-PET-023,"Original Tea","Pet","750 g",9.32,each,finest,true,false,CMD-WHT,PL,true,false
QX-CER-024,"Crunch Tea","Cereal","6 pack",1.84,each,value,true,false,CMD-WHT,BR,false,false
QX-DRY-025,"Crisp Juice","Dry goods","6 pack",3.79,each,branded,false,false,CMD-WHT,BR,false,false
QX-PRO-026,"Classic Beans","Produce","1 L",1.16,each,branded,false,false,CMD-DSL,BZ,false,true
QX-DRK-027,"Reserve Cleaner","Drinks","1 kg",1.29,each,core,true,false,CMD-SUN,BR,false,false
QX-HHD-028,"Selection Pasta","Household","1 kg",8.37,each,branded,false,false,CMD-BRD,BR,false,false
QX-DRY-029,"Cottage Beans","Dry goods","1 L",5.68,each,branded,false,false,CMD-WHT,BR,false,false
QX-CHL-030,"Choice Coffee","Chilled","1 L",8.61,each,value,true,false,CMD-DRY,BR,false,true
QX-CER-031,"Fresh Pasta","Cereal","750 g",3.79,each,branded,false,false,CMD-WHT,BR,false,false
QX-CER-032,"Meadow Pasta","Cereal","1 L",3.47,each,finest,true,false,CMD-WHT,GH,true,false
QX-CHL-033,"Harvest Butter","Chilled","500 ml",6.30,each,branded,false,false,CMD-DRY,BR,false,true
QX-BAK-034,"Bites Peas","Bakery","per kg",2.85,kg,branded,false,false,CMD-WHT,BR,false,false
QX-TIN-035,"Meadow Loaf","Tinned","2 L",2.52,each,branded,false,false,CMD-ALU,ES,false,false
QX-HHD-036,"Crisp Shampoo","Household","500 ml",4.01,each,core,true,false,CMD-BRD,BR,false,false
QX-BWS-037,"Meadow Flakes","Beer wine spirits","500 g",29.30,each,branded,false,false,CMD-GAS,BR,false,false
QX-CHL-038,"Simple Pasta","Chilled","6 pack",4.17,each,branded,false,false,CMD-DRY,BR,false,true
QX-PET-039,"Bites Yoghurt","Pet","250 g",9.24,each,branded,false,false,CMD-WHT,BR,false,false
QX-DRY-040,"Crisp Butter","Dry goods","1 L",7.19,each,branded,false,false,CMD-WHT,GH,false,false
QX-CHL-041,"Hearty Loaf","Chilled","per kg",21.69,kg,branded,false,false,CMD-DRY,BR,false,true
QX-DRK-042,"Reserve Biscuits","Drinks","1 L",2.29,each,value,true,false,CMD-SUN,BR,false,false
QX-CER-043,"Hearty Juice","Cereal","250 g",2.75,each,core,true,false,CMD-WHT,BR,false,false
QX-TIN-044,"Classic Cheese","Tinned","6 pack",0.87,each,value,true,false,CMD-ALU,BR,true,false
QX-DRK-045,"Meadow Loaf","Drinks","500 g",2.33,each,branded,false,false,CMD-SUN,BR,false,false
QX-CER-046,"Fresh Pasta","Cereal","1 kg",2.23,each,branded,false,false,CMD-WHT,BR,false,false
QX-TIN-047,"Orchard Pasta","Tinned","6 pack",0.93,each,branded,false,false,CMD-ALU,BR,false,false
QX-CHL-048,"Fresh Sauce","Chilled","per kg",20.05,kg,value,true,false,CMD-DRY,VN,true,true
QX-CHL-049,"Meadow Flakes","Chilled","per kg",10.12,kg,core,true,false,CMD-DRY,BR,false,true
QX-FRZ-050,"Cottage Coffee","Frozen","6 pack",4.04,each,core,true,false,CMD-DRY,BR,true,true
QX-PET-051,"Bites Flakes","Pet","750 g",4.95,each,branded,false,false,CMD-WHT,BR,false,false
QX-PET-052,"Fresh Peas","Pet","250 g",5.36,each,branded,false,false,CMD-WHT,PL,false,false
QX-DRK-053,"Choice Biscuits","Drinks","750 g",6.46,each,core,true,true,CMD-SUN,BR,false,false
QX-HBC-054,"Classic Flakes","Health and beauty","1 kg",4.90,each,branded,false,false,CMD-PLM,BZ,false,false
QX-HBC-055,"Choice Yoghurt","Health and beauty","400 g",3.81,each,branded,false,false,CMD-PLM,BZ,false,false
QX-DRY-056,"Meadow Beans","Dry goods","500 g",1.42,each,branded,false,true,CMD-WHT,BR,false,false
QX-HBC-057,"Rounds Butter","Health and beauty","2 L",7.06,each,core,true,false,CMD-PLM,BR,false,false
QX-CER-058,"Rounds Yoghurt","Cereal","400 g",1.81,each,branded,false,true,CMD-WHT,GH,false,false
QX-BAK-059,"Meadow Chicken","Bakery","400 g",2.32,each,core,true,false,CMD-WHT,BR,false,false
QX-PRO-060,"Reserve Cleaner","Produce","per kg",4.02,kg,value,true,false,CMD-DSL,BR,false,true
QX-CHL-061,"Crunch Biscuits","Chilled","500 g",8.45,each,branded,false,false,CMD-DRY,BR,false,true
QX-BWS-062,"Crisp Butter","Beer wine spirits","400 g",6.86,each,core,true,false,CMD-GAS,BR,true,false
QX-HHD-063,"Everyday Yoghurt","Household","1 L",2.13,each,core,true,false,CMD-BRD,BR,true,false
QX-CHL-064,"Classic Pasta","Chilled","per kg",22.89,kg,core,true,false,CMD-DRY,GH,false,true
QX-PET-065,"Crisp Beans","Pet","2 L",4.30,each,branded,false,false,CMD-WHT,BR,false,false
QX-CHL-066,"Orchard Apples","Chilled","per kg",14.00,kg,core,true,false,CMD-DRY,BR,false,true
QX-TIN-067,"Simple Peas","Tinned","2 L",0.55,each,value,true,false,CMD-ALU,BR,false,false
QX-FRZ-068,"Choice Sauce","Frozen","500 g",2.44,each,branded,false,false,CMD-DRY,BR,false,true
QX-CER-069,"Everyday Loaf","Cereal","1 L",3.03,each,core,true,false,CMD-WHT,BR,false,false
QX-BWS-070,"Hearty Sauce","Beer wine spirits","400 g",25.16,each,core,true,false,CMD-GAS,NL,true,false
QX-TIN-071,"Hearty Cheese","Tinned","2 L",2.57,each,branded,false,false,CMD-ALU,BR,false,false
QX-CHL-072,"Everyday Cleaner","Chilled","750 g",1.11,each,branded,false,false,CMD-DRY,BR,false,true
QX-FRZ-073,"Simple Flakes","Frozen","1 L",1.49,each,core,true,false,CMD-DRY,BR,false,true
QX-TIN-074,"Original Tea","Tinned","1 kg",2.58,each,branded,false,false,CMD-ALU,BR,false,false
QX-TIN-075,"Crunch Pasta","Tinned","750 g",2.80,each,value,true,false,CMD-ALU,BR,false,false
QX-HBC-076,"Simple Shampoo","Health and beauty","500 g",4.78,each,branded,false,false,CMD-PLM,BR,false,false
QX-PRO-077,"Fresh Cleaner","Produce","250 g",2.73,each,branded,false,false,CMD-DSL,BR,false,true
QX-BAK-078,"Meadow Rice","Bakery","1 L",3.08,each,value,true,false,CMD-WHT,BR,false,false
QX-DRY-079,"Classic Beans","Dry goods","6 pack",1.65,each,branded,false,false,CMD-WHT,BR,false,false
QX-FRZ-080,"Hearty Butter","Frozen","6 pack",2.48,each,value,true,false,CMD-DRY,TR,false,true
QX-DRY-081,"Rounds Chicken","Dry goods","500 ml",6.66,each,value,true,true,CMD-WHT,BR,false,false
QX-PRO-082,"Fresh Juice","Produce","per kg",4.37,kg,value,true,false,CMD-DSL,KE,false,true
QX-PRO-083,"Orchard Pasta","Produce","1 L",0.92,each,branded,false,false,CMD-DSL,BR,false,true
QX-DRY-084,"Reserve Flakes","Dry goods","750 g",4.88,each,value,true,true,CMD-WHT,VN,false,false
QX-CER-085,"Crisp Peas","Cereal","750 g",1.80,each,value,true,false,CMD-WHT,BR,false,false
QX-BWS-086,"Selection Peas","Beer wine spirits","500 g",23.73,each,finest,true,false,CMD-GAS,BR,false,false
QX-TIN-087,"Rounds Chicken","Tinned","500 g",2.14,each,branded,false,false,CMD-ALU,KE,false,false
QX-HHD-088,"Rounds Peas","Household","1 L",1.72,each,branded,false,true,CMD-BRD,BR,false,false
QX-BAK-089,"Everyday Cheese","Bakery","250 g",2.11,each,branded,false,false,CMD-WHT,KE,false,false
QX-FRZ-090,"Harvest Peas","Frozen","1 kg",2.73,each,branded,false,false,CMD-DRY,BR,false,true
QX-DRY-091,"Original Biscuits","Dry goods","500 g",5.47,each,branded,false,false,CMD-WHT,BR,false,false
QX-DRK-092,"Selection Tea","Drinks","1 L",4.61,each,branded,false,false,CMD-SUN,VN,false,false
QX-HBC-093,"Crunch Coffee","Health and beauty","6 pack",8.51,each,branded,false,false,CMD-PLM,BR,false,false
QX-PET-094,"Simple Chicken","Pet","500 g",1.43,each,branded,false,true,CMD-WHT,KE,false,false
QX-DRK-095,"Selection Beans","Drinks","6 pack",4.33,each,branded,false,false,CMD-SUN,BR,false,false
QX-FRZ-096,"Hearty Sauce","Frozen","750 g",6.58,each,branded,false,false,CMD-DRY,BR,false,true
QX-CER-097,"Rounds Apples","Cereal","6 pack",4.41,each,branded,false,false,CMD-WHT,VN,false,false
QX-PRO-098,"Bites Butter","Produce","400 g",4.27,each,core,true,false,CMD-DSL,BR,false,true
QX-HBC-099,"Fresh Chicken","Health and beauty","400 g",6.87,each,branded,false,false,CMD-PLM,MA,false,false
QX-HBC-100,"Golden Rice","Health and beauty","6 pack",10.48,each,branded,false,false,CMD-PLM,BR,false,false
QX-CHL-101,"Crunch Shampoo","Chilled","400 g",4.58,each,branded,false,false,CMD-DRY,BR,false,true
QX-TIN-102,"Fresh Butter","Tinned","1 L",2.26,each,branded,false,false,CMD-ALU,BR,false,false
QX-BAK-103,"Golden Flakes","Bakery","400 g",1.57,each,branded,false,false,CMD-WHT,BR,false,false
QX-PET-104,"Bites Cheese","Pet","750 g",1.91,each,branded,false,false,CMD-WHT,DK,false,false
QX-TIN-105,"Selection Pasta","Tinned","2 L",2.83,each,core,true,false,CMD-ALU,BR,true,false
QX-CHL-106,"Crunch Flakes","Chilled","1 kg",4.82,each,finest,true,false,CMD-DRY,PL,false,true
QX-HHD-107,"Reserve Shampoo","Household","6 pack",7.60,each,branded,false,false,CMD-BRD,BR,false,false
QX-CHL-108,"Orchard Biscuits","Chilled","250 g",6.56,each,branded,false,false,CMD-DRY,KE,false,true
QX-HHD-109,"Original Beans","Household","500 g",11.49,each,branded,false,false,CMD-BRD,VN,false,false
QX-CHL-110,"Golden Sauce","Chilled","500 g",1.00,each,branded,false,false,CMD-DRY,DK,false,true
QX-HBC-111,"Choice Chicken","Health and beauty","1 L",6.50,each,branded,false,false,CMD-PLM,BR,false,false
QX-TIN-112,"Meadow Pasta","Tinned","1 kg",0.96,each,branded,false,false,CMD-ALU,BR,false,false
QX-PET-113,"Orchard Cheese","Pet","2 L",8.89,each,core,true,false,CMD-WHT,BR,false,false
QX-BWS-114,"Selection Tea","Beer wine spirits","500 g",22.42,each,core,true,true,CMD-GAS,BR,false,false
QX-TIN-115,"Selection Tea","Tinned","1 kg",0.68,each,branded,false,false,CMD-ALU,CR,false,false
QX-CHL-116,"Classic Yoghurt","Chilled","2 L",8.58,each,branded,false,false,CMD-DRY,BR,false,true
QX-CHL-117,"Bites Juice","Chilled","per kg",16.12,kg,branded,false,false,CMD-DRY,BR,false,true
QX-CER-118,"Choice Chicken","Cereal","750 g",2.01,each,branded,false,false,CMD-WHT,BR,false,false
QX-PET-119,"Meadow Rice","Pet","500 ml",7.27,each,core,true,false,CMD-WHT,TR,false,false
QX-DRK-120,"Bites Juice","Drinks","500 ml",4.01,each,finest,true,false,CMD-SUN,BR,false,false
QX-HBC-121,"Reserve Chicken","Health and beauty","400 g",5.67,each,branded,false,false,CMD-PLM,CR,false,false
QX-DRY-122,"Simple Beans","Dry goods","500 g",6.64,each,branded,false,false,CMD-WHT,BR,false,false
QX-HHD-123,"Original Sauce","Household","400 g",11.84,each,branded,false,false,CMD-BRD,BR,false,false
QX-BAK-124,"Cottage Butter","Bakery","6 pack",0.80,each,core,true,false,CMD-WHT,BR,false,false
QX-PRO-125,"Fresh Cleaner","Produce","1 kg",4.79,each,core,true,false,CMD-DSL,BR,false,true
QX-CHL-126,"Reserve Apples","Chilled","750 g",8.30,each,branded,false,false,CMD-DRY,BR,false,true
QX-HBC-127,"Choice Flakes","Health and beauty","2 L",12.09,each,branded,false,false,CMD-PLM,BR,false,false
QX-DRK-128,"Everyday Chicken","Drinks","500 g",4.62,each,core,true,false,CMD-SUN,CR,false,false
QX-BAK-129,"Orchard Butter","Bakery","1 L",3.96,each,branded,false,true,CMD-WHT,BR,false,false
QX-HHD-130,"Rounds Cleaner","Household","250 g",7.81,each,branded,false,false,CMD-BRD,BR,false,false
QX-HHD-131,"Crunch Juice","Household","6 pack",6.61,each,core,true,false,CMD-BRD,BZ,false,false
QX-TIN-132,"Crisp Tea","Tinned","1 L",2.70,each,core,true,false,CMD-ALU,BR,false,false
QX-CHL-133,"Selection Flakes","Chilled","2 L",4.67,each,core,true,false,CMD-DRY,BR,true,true
QX-BAK-134,"Cottage Butter","Bakery","400 g",3.96,each,branded,false,false,CMD-WHT,BR,false,false
QX-HHD-135,"Choice Chicken","Household","500 ml",11.96,each,value,true,false,CMD-BRD,GH,false,false
QX-CHL-136,"Reserve Coffee","Chilled","per kg",12.99,kg,value,true,false,CMD-DRY,BR,false,true
QX-PRO-137,"Crunch Tea","Produce","500 ml",4.23,each,value,true,false,CMD-DSL,NL,false,true
QX-DRY-138,"Bites Biscuits","Dry goods","2 L",4.40,each,core,true,false,CMD-WHT,ES,false,false
QX-HHD-139,"Orchard Beans","Household","1 L",3.61,each,branded,false,false,CMD-BRD,CR,false,false
QX-FRZ-140,"Cottage Cheese","Frozen","250 g",4.37,each,branded,false,false,CMD-DRY,BR,false,true
QX-BWS-141,"Choice Yoghurt","Beer wine spirits","1 L",22.66,each,value,true,false,CMD-GAS,BR,true,false
QX-TIN-142,"Choice Cleaner","Tinned","1 L",1.87,each,branded,false,false,CMD-ALU,MA,false,false
QX-PRO-143,"Hearty Peas","Produce","per kg",4.03,kg,finest,true,false,CMD-DSL,BR,false,true
QX-CER-144,"Fresh Yoghurt","Cereal","1 L",3.71,each,core,true,false,CMD-WHT,ES,false,false
QX-CER-145,"Bites Peas","Cereal","400 g",3.89,each,finest,true,false,CMD-WHT,BR,false,false
QX-DRY-146,"Orchard Apples","Dry goods","500 ml",6.16,each,core,true,false,CMD-WHT,BR,false,false
QX-DRK-147,"Fresh Shampoo","Drinks","750 g",6.38,each,core,true,false,CMD-SUN,BR,false,false
QX-DRY-148,"Hearty Apples","Dry goods","250 g",3.97,each,core,true,false,CMD-WHT,BR,false,false
QX-TIN-149,"Rounds Cleaner","Tinned","6 pack",0.91,each,branded,false,false,CMD-ALU,BR,false,false
QX-PRO-150,"Fresh Peas","Produce","1 kg",1.45,each,core,true,false,CMD-DSL,BR,false,true
QX-TIN-151,"Fresh Loaf","Tinned","1 L",1.92,each,core,true,false,CMD-ALU,VN,false,false
QX-HHD-152,"Everyday Apples","Household","400 g",2.80,each,core,true,false,CMD-BRD,BR,false,false
QX-PRO-153,"Harvest Coffee","Produce","6 pack",3.88,each,branded,false,false,CMD-DSL,BR,false,true
QX-BAK-154,"Original Cleaner","Bakery","per kg",8.65,kg,core,true,true,CMD-WHT,BR,false,false
QX-PRO-155,"Golden Shampoo","Produce","1 L",1.52,each,core,true,false,CMD-DSL,BR,false,true
QX-BAK-156,"Selection Coffee","Bakery","500 g",2.39,each,branded,false,false,CMD-WHT,BR,false,false
QX-TIN-157,"Rounds Beans","Tinned","500 ml",0.87,each,finest,true,false,CMD-ALU,BR,false,false
QX-BWS-158,"Bites Loaf","Beer wine spirits","750 g",31.01,each,branded,false,false,CMD-GAS,BR,false,false
QX-HHD-159,"Orchard Butter","Household","500 g",3.26,each,branded,false,false,CMD-BRD,BR,false,false
QX-DRY-160,"Orchard Peas","Dry goods","500 ml",3.96,each,core,true,false,CMD-WHT,BR,true,false
QX-HBC-161,"Golden Coffee","Health and beauty","750 g",12.99,each,core,true,false,CMD-PLM,DK,false,false
QX-DRK-162,"Cottage Beans","Drinks","2 L",4.18,each,core,true,false,CMD-SUN,BR,false,false
QX-BAK-163,"Rounds Coffee","Bakery","6 pack",4.03,each,core,true,false,CMD-WHT,KE,false,false
QX-HBC-164,"Simple Cleaner","Health and beauty","2 L",4.87,each,core,true,false,CMD-PLM,BR,false,false
QX-CHL-165,"Simple Rice","Chilled","6 pack",7.84,each,branded,false,false,CMD-DRY,BR,false,true
QX-HBC-166,"Meadow Apples","Health and beauty","6 pack",13.19,each,branded,false,false,CMD-PLM,BR,false,false
QX-BAK-167,"Crisp Cleaner","Bakery","per kg",4.12,kg,finest,true,false,CMD-WHT,MA,false,false
QX-HBC-168,"Cottage Beans","Health and beauty","1 L",13.26,each,branded,false,false,CMD-PLM,ES,false,false
QX-PET-169,"Harvest Sauce","Pet","2 L",9.38,each,branded,false,false,CMD-WHT,BR,false,false
QX-PRO-170,"Rounds Loaf","Produce","1 L",2.30,each,value,true,false,CMD-DSL,KE,false,true
QX-TIN-171,"Choice Juice","Tinned","500 g",0.55,each,branded,false,false,CMD-ALU,BR,false,false
QX-HHD-172,"Harvest Loaf","Household","500 ml",3.93,each,branded,false,false,CMD-BRD,BR,false,false
QX-DRY-173,"Classic Tea","Dry goods","2 L",2.63,each,core,true,false,CMD-WHT,BR,false,false
QX-PRO-174,"Everyday Sauce","Produce","per kg",1.77,kg,finest,true,false,CMD-DSL,BR,false,true
QX-BWS-175,"Simple Yoghurt","Beer wine spirits","750 g",20.40,each,finest,true,false,CMD-GAS,BR,false,false
QX-PRO-176,"Fresh Flakes","Produce","per kg",1.03,kg,branded,false,false,CMD-DSL,BR,false,true
QX-HHD-177,"Choice Coffee","Household","400 g",7.15,each,core,true,false,CMD-BRD,PL,false,false
QX-PRO-178,"Selection Yoghurt","Produce","per kg",0.91,kg,core,true,false,CMD-DSL,BR,false,true
QX-HBC-179,"Meadow Pasta","Health and beauty","750 g",6.01,each,branded,false,false,CMD-PLM,BR,false,false
QX-PET-180,"Hearty Peas","Pet","750 g",1.23,each,branded,false,false,CMD-WHT,VN,false,false
QX-BAK-181,"Crisp Yoghurt","Bakery","2 L",1.07,each,branded,false,false,CMD-WHT,BR,false,false
QX-PET-182,"Everyday Juice","Pet","1 L",8.02,each,core,true,false,CMD-WHT,KE,false,false
QX-DRY-183,"Simple Chicken","Dry goods","6 pack",5.54,each,branded,false,false,CMD-WHT,ES,false,false
QX-CER-184,"Simple Rice","Cereal","500 g",1.62,each,core,true,false,CMD-WHT,GH,false,false
QX-PRO-185,"Original Butter","Produce","6 pack",2.73,each,finest,true,false,CMD-DSL,KE,false,true
QX-DRK-186,"Golden Apples","Drinks","1 kg",0.71,each,finest,true,false,CMD-SUN,BR,false,false
QX-TIN-187,"Orchard Butter","Tinned","1 L",0.59,each,value,true,false,CMD-ALU,BR,false,false
QX-FRZ-188,"Rounds Flakes","Frozen","2 L",1.63,each,core,true,false,CMD-DRY,MA,false,true
QX-HHD-189,"Orchard Sauce","Household","6 pack",4.64,each,core,true,false,CMD-BRD,KE,false,false
QX-BWS-190,"Choice Coffee","Beer wine spirits","500 ml",21.00,each,core,true,false,CMD-GAS,BR,false,false
QX-PET-191,"Rounds Loaf","Pet","1 L",6.92,each,core,true,false,CMD-WHT,ES,false,false
QX-DRY-192,"Orchard Coffee","Dry goods","250 g",1.35,each,core,true,false,CMD-WHT,BR,false,false
QX-TIN-193,"Meadow Shampoo","Tinned","1 L",2.83,each,branded,false,false,CMD-ALU,ES,false,false
QX-PET-194,"Fresh Coffee","Pet","500 g",4.66,each,branded,false,false,CMD-WHT,ES,false,false
QX-CER-195,"Golden Apples","Cereal","400 g",3.30,each,branded,false,false,CMD-WHT,BR,false,false
QX-DRK-196,"Selection Cheese","Drinks","2 L",0.68,each,core,true,false,CMD-SUN,BR,false,false
QX-TIN-197,"Hearty Butter","Tinned","2 L",1.17,each,branded,false,false,CMD-ALU,BR,false,false
QX-BWS-198,"Hearty Shampoo","Beer wine spirits","250 g",4.28,each,branded,false,false,CMD-GAS,BR,false,false
QX-HBC-199,"Crisp Cheese","Health and beauty","500 ml",8.57,each,finest,true,false,CMD-PLM,BR,false,false
QX-DRY-200,"Everyday Flakes","Dry goods","1 kg",4.88,each,value,true,false,CMD-WHT,GH,false,false
QX-FRZ-201,"Crisp Flakes","Frozen","1 L",7.03,each,core,true,false,CMD-DRY,NL,false,true
QX-PET-202,"Selection Apples","Pet","6 pack",1.22,each,core,true,false,CMD-WHT,CR,false,false
QX-TIN-204,"Crunch Chicken","Tinned","250 g",0.68,each,core,true,false,CMD-ALU,BR,false,false
QX-BAK-205,"Simple Yoghurt","Bakery","per kg",7.64,kg,value,true,false,CMD-WHT,BR,false,false
QX-PRO-206,"Selection Shampoo","Produce","per kg",1.33,kg,branded,false,false,CMD-DSL,BR,false,true
QX-CHL-207,"Crisp Sauce","Chilled","500 ml",7.03,each,branded,false,false,CMD-DRY,BR,false,true
QX-HBC-208,"Cottage Peas","Health and beauty","6 pack",9.43,each,branded,false,false,CMD-PLM,BR,false,false
QX-BAK-209,"Golden Coffee","Bakery","per kg",8.23,kg,branded,false,false,CMD-WHT,BR,false,false
QX-FRZ-210,"Rounds Peas","Frozen","400 g",5.21,each,branded,false,false,CMD-DRY,BR,false,true
QX-TIN-211,"Crisp Juice","Tinned","6 pack",1.98,each,branded,false,false,CMD-ALU,BR,false,false
QX-BAK-215,"Rounds Biscuits","Bakery","1 L",0.70,each,core,true,false,CMD-WHT,BR,false,false
QX-DRK-216,"Original Pasta","Drinks","1 kg",5.47,each,branded,false,false,CMD-SUN,KE,false,false
QX-BAK-217,"Selection Peas","Bakery","per kg",3.65,kg,finest,true,false,CMD-WHT,BR,false,false
QX-TIN-218,"Harvest Cheese","Tinned","250 g",2.79,each,branded,false,false,CMD-ALU,DK,false,false
QX-CER-219,"Crisp Loaf","Cereal","1 kg",2.02,each,core,true,false,CMD-WHT,TR,false,false
QX-BWS-220,"Rounds Pasta","Beer wine spirits","1 kg",9.28,each,branded,false,false,CMD-GAS,BR,false,false
QX-CHL-221,"Bites Biscuits","Chilled","per kg",12.11,kg,branded,false,true,CMD-DRY,BR,false,true
QX-PRO-222,"Simple Yoghurt","Produce","500 ml",3.86,each,finest,true,false,CMD-DSL,BR,false,true
QX-PRO-223,"Crisp Cleaner","Produce","500 g",0.56,each,finest,true,false,CMD-DSL,PL,false,true
QX-PET-224,"Crunch Rice","Pet","400 g",9.55,each,branded,false,false,CMD-WHT,NL,false,false
QX-PRO-225,"Hearty Butter","Produce","per kg",4.05,kg,branded,false,false,CMD-DSL,BR,false,true
QX-TIN-227,"Crunch Tea","Tinned","6 pack",2.51,each,core,true,false,CMD-ALU,BR,false,false
QX-BWS-228,"Cottage Apples","Beer wine spirits","2 L",34.22,each,branded,false,false,CMD-GAS,BR,false,false
QX-BWS-229,"Bites Biscuits","Beer wine spirits","1 L",22.31,each,branded,false,false,CMD-GAS,BZ,false,false
QX-DRY-230,"Orchard Cheese","Dry goods","1 L",3.02,each,core,true,true,CMD-WHT,BZ,false,false
QX-CER-231,"Bites Beans","Cereal","750 g",2.42,each,branded,false,false,CMD-WHT,BR,false,false
QX-CER-232,"Golden Biscuits","Cereal","750 g",2.95,each,core,true,false,CMD-WHT,VN,false,false
QX-FRZ-233,"Original Loaf","Frozen","750 g",8.22,each,value,true,false,CMD-DRY,BR,true,true
QX-PRO-234,"Everyday Biscuits","Produce","per kg",2.21,kg,branded,false,false,CMD-DSL,BR,false,true
QX-BAK-235,"Simple Rice","Bakery","per kg",5.04,kg,branded,false,true,CMD-WHT,BR,false,false
QX-HHD-236,"Reserve Beans","Household","250 g",11.50,each,branded,false,false,CMD-BRD,DK,false,false
QX-FRZ-238,"Fresh Juice","Frozen","500 g",4.60,each,branded,false,false,CMD-DRY,BR,false,true
QX-DRK-239,"Original Shampoo","Drinks","500 ml",2.19,each,core,true,false,CMD-SUN,BR,false,false
QX-BAK-240,"Everyday Chicken","Bakery","per kg",6.43,kg,branded,false,false,CMD-WHT,CR,false,false
QX-DRY-241,"Selection Pasta","Dry goods","1 L",3.40,each,core,true,false,CMD-WHT,BR,false,false
QX-HHD-242,"Orchard Pasta","Household","1 L",3.53,each,value,true,false,CMD-BRD,BR,false,false
QX-PRO-243,"Classic Cleaner","Produce","1 kg",4.93,each,branded,false,false,CMD-DSL,CR,false,true
QX-TIN-244,"Fresh Chicken","Tinned","6 pack",0.56,each,core,true,false,CMD-ALU,BR,false,false
QX-CER-245,"Meadow Loaf","Cereal","2 L",1.38,each,branded,false,false,CMD-WHT,DK,false,false
QX-HHD-246,"Crisp Flakes","Household","2 L",4.46,each,core,true,false,CMD-BRD,NL,true,false
QX-BWS-247,"Original Biscuits","Beer wine spirits","1 L",12.03,each,branded,false,false,CMD-GAS,BZ,false,false
QX-BAK-248,"Meadow Chicken","Bakery","6 pack",2.74,each,branded,false,false,CMD-WHT,KE,false,false
QX-FRZ-249,"Choice Pasta","Frozen","500 g",6.93,each,finest,true,false,CMD-DRY,MA,false,true
QX-CHL-251,"Simple Juice","Chilled","per kg",12.19,kg,finest,true,false,CMD-DRY,BR,false,true
QX-PET-252,"Reserve Chicken","Pet","500 g",2.79,each,core,true,false,CMD-WHT,BR,false,false
QX-BAK-255,"Simple Shampoo","Bakery","750 g",4.10,each,branded,false,false,CMD-WHT,MA,false,false
QX-HHD-257,"Rounds Flakes","Household","1 kg",1.34,each,branded,false,false,CMD-BRD,PL,false,false
QX-DRK-258,"Selection Cheese","Drinks","750 g",3.80,each,branded,false,false,CMD-SUN,BR,false,false
QX-DRK-259,"Golden Peas","Drinks","2 L",3.59,each,branded,false,false,CMD-SUN,BR,false,false
QX-BWS-260,"Meadow Rice","Beer wine spirits","400 g",35.94,each,core,true,false,CMD-GAS,BR,false,false
QX-BAK-261,"Golden Chicken","Bakery","500 g",1.99,each,branded,false,false,CMD-WHT,GH,false,false
QX-PRO-262,"Fresh Sauce","Produce","500 ml",3.73,each,core,true,false,CMD-DSL,GH,false,true
QX-PRO-263,"Choice Sauce","Produce","per kg",2.01,kg,core,true,false,CMD-DSL,BR,false,true
QX-PRO-264,"Crisp Tea","Produce","per kg",2.95,kg,core,true,false,CMD-DSL,BR,false,true
QX-DRY-266,"Crisp Coffee","Dry goods","400 g",5.14,each,value,true,true,CMD-WHT,BR,false,false
QX-TIN-267,"Simple Loaf","Tinned","500 ml",1.55,each,branded,false,false,CMD-ALU,ES,false,false
QX-HHD-268,"Fresh Butter","Household","6 pack",8.55,each,core,true,true,CMD-BRD,BR,true,false
QX-CHL-269,"Bites Yoghurt","Chilled","250 g",1.62,each,branded,false,false,CMD-DRY,CR,false,true
QX-CER-270,"Simple Butter","Cereal","250 g",3.84,each,branded,false,false,CMD-WHT,PL,false,false
QX-PET-271,"Crunch Chicken","Pet","1 kg",3.73,each,value,true,false,CMD-WHT,BR,false,false
QX-TIN-272,"Original Chicken","Tinned","500 g",1.83,each,core,true,false,CMD-ALU,DK,false,false
QX-FRZ-273,"Everyday Biscuits","Frozen","750 g",4.69,each,value,true,false,CMD-DRY,BR,false,true
QX-CER-274,"Simple Chicken","Cereal","250 g",3.77,each,branded,false,false,CMD-WHT,CR,false,false
QX-HBC-275,"Simple Butter","Health and beauty","1 kg",11.50,each,value,true,true,CMD-PLM,ES,false,false
QX-PET-276,"Simple Flakes","Pet","500 g",1.86,each,branded,false,true,CMD-WHT,BR,false,false
QX-BAK-277,"Bites Juice","Bakery","750 g",1.35,each,branded,false,false,CMD-WHT,ES,false,false
QX-CHL-278,"Selection Butter","Chilled","6 pack",1.39,each,finest,true,false,CMD-DRY,BR,false,true
QX-BWS-279,"Reserve Juice","Beer wine spirits","1 L",13.61,each,branded,false,false,CMD-GAS,BR,false,false
QX-DRK-280,"Simple Butter","Drinks","750 g",6.11,each,branded,false,false,CMD-SUN,BR,false,false
QX-DRK-281,"Crunch Juice","Drinks","400 g",6.18,each,value,true,false,CMD-SUN,BR,false,false
QX-BWS-282,"Original Butter","Beer wine spirits","500 g",11.12,each,branded,false,false,CMD-GAS,BR,false,false
QX-DRY-283,"Classic Cleaner","Dry goods","400 g",6.66,each,branded,false,false,CMD-WHT,TR,false,false
QX-TIN-284,"Simple Butter","Tinned","1 L",0.84,each,finest,true,true,CMD-ALU,ES,false,false
QX-PET-285,"Meadow Pasta","Pet","2 L",2.36,each,branded,false,false,CMD-WHT,BR,false,false
QX-BAK-286,"Selection Rice","Bakery","per kg",6.07,kg,core,true,false,CMD-WHT,KE,false,false
QX-TIN-288,"Fresh Juice","Tinned","750 g",1.06,each,branded,false,false,CMD-ALU,MA,false,false
QX-BWS-289,"Simple Juice","Beer wine spirits","2 L",25.02,each,core,true,false,CMD-GAS,VN,false,false
QX-TIN-290,"Reserve Sauce","Tinned","1 L",1.92,each,core,true,false,CMD-ALU,BZ,false,false
QX-HBC-291,"Cottage Beans","Health and beauty","250 g",1.23,each,branded,false,false,CMD-PLM,BR,false,false
QX-DRK-292,"Reserve Butter","Drinks","400 g",4.95,each,core,true,false,CMD-SUN,BR,false,false
QX-HHD-293,"Crisp Loaf","Household","400 g",2.02,each,value,true,true,CMD-BRD,NL,false,false
QX-BAK-294,"Orchard Sauce","Bakery","per kg",6.42,kg,branded,false,false,CMD-WHT,BR,false,false
QX-CHL-295,"Reserve Butter","Chilled","400 g",7.48,each,finest,true,false,CMD-DRY,KE,false,true
QX-BWS-296,"Reserve Beans","Beer wine spirits","1 kg",6.82,each,value,true,false,CMD-GAS,PL,false,false
QX-TIN-297,"Hearty Apples","Tinned","6 pack",1.86,each,core,true,false,CMD-ALU,BR,false,false
QX-HBC-298,"Crisp Flakes","Health and beauty","6 pack",13.04,each,value,true,false,CMD-PLM,GH,false,false
QX-BAK-299,"Reserve Biscuits","Bakery","per kg",8.67,kg,branded,false,false,CMD-WHT,BR,false,false
QX-DRK-300,"Orchard Juice","Drinks","2 L",3.34,each,branded,false,false,CMD-SUN,ES,false,false
QX-PRO-301,"Crunch Yoghurt","Produce","per kg",2.53,kg,core,true,false,CMD-DSL,BR,false,true
QX-CER-302,"Crunch Yoghurt","Cereal","750 g",2.25,each,core,true,false,CMD-WHT,BR,false,false
QX-CER-303,"Rounds Loaf","Cereal","1 L",4.53,each,branded,false,false,CMD-WHT,GH,false,false
QX-HBC-304,"Cottage Butter","Health and beauty","750 g",8.23,each,branded,false,false,CMD-PLM,NL,false,false
QX-BWS-305,"Simple Chicken","Beer wine spirits","6 pack",33.64,each,finest,true,false,CMD-GAS,GH,false,false
QX-BWS-306,"Bites Beans","Beer wine spirits","750 g",19.22,each,core,true,false,CMD-GAS,BR,true,false
QX-CER-307,"Bites Pasta","Cereal","750 g",2.92,each,branded,false,false,CMD-WHT,DK,false,false
QX-TIN-309,"Simple Juice","Tinned","1 kg",0.66,each,branded,false,false,CMD-ALU,BR,false,false
QX-TIN-310,"Meadow Cheese","Tinned","1 L",2.43,each,branded,false,false,CMD-ALU,BR,false,false
QX-TIN-311,"Original Juice","Tinned","1 kg",2.57,each,branded,false,false,CMD-ALU,NL,false,false
QX-CHL-313,"Reserve Pasta","Chilled","500 g",1.62,each,core,true,false,CMD-DRY,BR,false,true
QX-BWS-314,"Orchard Loaf","Beer wine spirits","1 kg",5.50,each,core,true,true,CMD-GAS,NL,true,false
QX-PET-315,"Crunch Shampoo","Pet","500 g",6.29,each,branded,false,false,CMD-WHT,CR,false,false
QX-HHD-316,"Bites Biscuits","Household","1 kg",6.86,each,core,true,false,CMD-BRD,BR,true,false
QX-DRY-317,"Crunch Chicken","Dry goods","6 pack",1.64,each,branded,false,false,CMD-WHT,BR,false,false
QX-DRY-318,"Hearty Peas","Dry goods","500 g",2.77,each,core,true,false,CMD-WHT,BR,false,false
QX-HHD-319,"Selection Biscuits","Household","1 L",5.84,each,branded,false,false,CMD-BRD,BR,false,false
QX-DRK-320,"Orchard Shampoo","Drinks","250 g",5.31,each,branded,false,false,CMD-SUN,BR,false,false
QX-HBC-321,"Harvest Yoghurt","Health and beauty","500 ml",12.18,each,branded,false,false,CMD-PLM,ES,false,false
QX-DRY-322,"Harvest Rice","Dry goods","6 pack",3.40,each,branded,false,false,CMD-WHT,BR,false,false
QX-DRK-323,"Cottage Loaf","Drinks","1 L",6.16,each,core,true,false,CMD-SUN,CR,false,false
QX-DRY-324,"Harvest Apples","Dry goods","400 g",2.47,each,core,true,false,CMD-WHT,BR,false,false
QX-DRY-325,"Classic Cheese","Dry goods","250 g",7.14,each,branded,false,false,CMD-WHT,KE,false,false
QX-TIN-328,"Original Peas","Tinned","6 pack",2.17,each,branded,false,false,CMD-ALU,BR,false,false
QX-BWS-329,"Original Coffee","Beer wine spirits","250 g",3.55,each,branded,false,false,CMD-GAS,BR,false,false
QX-CHL-330,"Meadow Flakes","Chilled","250 g",7.89,each,core,true,false,CMD-DRY,BR,false,true
QX-HBC-332,"Everyday Juice","Health and beauty","1 L",6.55,each,branded,false,true,CMD-PLM,BR,false,false
QX-DRY-333,"Bites Coffee","Dry goods","1 L",4.06,each,branded,false,false,CMD-WHT,BR,false,false
QX-FRZ-334,"Bites Pasta","Frozen","1 L",7.93,each,core,true,false,CMD-DRY,BR,false,true
QX-DRK-336,"Selection Shampoo","Drinks","400 g",3.05,each,branded,false,false,CMD-SUN,BR,false,false
QX-PET-337,"Fresh Biscuits","Pet","2 L",4.97,each,finest,true,false,CMD-WHT,DK,false,false
QX-HHD-338,"Crunch Biscuits","Household","500 g",10.44,each,branded,false,true,CMD-BRD,BR,false,false
QX-TIN-339,"Original Sauce","Tinned","500 g",2.64,each,core,true,false,CMD-ALU,BR,false,false
QX-DRY-340,"Reserve Rice","Dry goods","750 g",6.29,each,core,true,true,CMD-WHT,BR,false,false
QX-DRK-341,"Reserve Rice","Drinks","6 pack",1.41,each,branded,false,false,CMD-SUN,BR,false,false
QX-CER-343,"Selection Flakes","Cereal","1 kg",2.92,each,branded,false,false,CMD-WHT,TR,false,false
QX-TIN-344,"Hearty Cheese","Tinned","1 L",1.34,each,branded,false,false,CMD-ALU,BR,false,false
QX-FRZ-345,"Simple Yoghurt","Frozen","500 g",3.39,each,core,true,false,CMD-DRY,BR,false,true
QX-FRZ-346,"Classic Chicken","Frozen","6 pack",1.53,each,core,true,false,CMD-DRY,KE,false,true
QX-HHD-347,"Harvest Peas","Household","1 kg",6.19,each,value,true,false,CMD-BRD,BR,false,false
QX-DRK-348,"Selection Pasta","Drinks","400 g",4.08,each,branded,false,true,CMD-SUN,DK,false,false
QX-CER-349,"Fresh Rice","Cereal","750 g",4.09,each,branded,false,false,CMD-WHT,BR,false,false
QX-FRZ-351,"Orchard Cheese","Frozen","500 g",5.21,each,branded,false,false,CMD-DRY,BR,false,true
QX-BWS-352,"Orchard Beans","Beer wine spirits","250 g",37.28,each,value,true,false,CMD-GAS,NL,false,false
QX-CER-353,"Meadow Cheese","Cereal","2 L",1.52,each,finest,true,false,CMD-WHT,GH,false,false
QX-HHD-354,"Classic Apples","Household","2 L",3.93,each,core,true,false,CMD-BRD,BR,false,false
QX-TIN-355,"Crisp Beans","Tinned","500 g",1.88,each,branded,false,false,CMD-ALU,CR,false,false
QX-HBC-356,"Harvest Beans","Health and beauty","750 g",14.11,each,core,true,false,CMD-PLM,TR,false,false
QX-TIN-357,"Everyday Shampoo","Tinned","750 g",2.69,each,core,true,false,CMD-ALU,ES,false,false
QX-PET-358,"Selection Flakes","Pet","6 pack",1.11,each,branded,false,false,CMD-WHT,BR,false,false
QX-CER-359,"Orchard Cheese","Cereal","2 L",4.37,each,branded,false,false,CMD-WHT,BR,false,false
QX-DRY-360,"Golden Cleaner","Dry goods","1 kg",3.59,each,branded,false,false,CMD-WHT,BZ,false,false
QX-HHD-361,"Everyday Cheese","Household","6 pack",8.90,each,branded,false,false,CMD-BRD,BR,false,false
QX-DRK-362,"Golden Beans","Drinks","1 L",4.29,each,core,true,true,CMD-SUN,ES,false,false
QX-DRK-363,"Hearty Tea","Drinks","750 g",3.46,each,value,true,false,CMD-SUN,BR,true,false
QX-DRY-365,"Crisp Biscuits","Dry goods","500 g",1.21,each,branded,false,false,CMD-WHT,BR,false,false
QX-PRO-366,"Crunch Loaf","Produce","400 g",4.17,each,branded,false,false,CMD-DSL,BR,false,true
QX-FRZ-367,"Everyday Beans","Frozen","1 L",4.19,each,core,true,false,CMD-DRY,BR,false,true
QX-PET-368,"Cottage Coffee","Pet","750 g",5.34,each,core,true,false,CMD-WHT,PL,false,false
QX-CER-369,"Selection Sauce","Cereal","750 g",3.43,each,core,true,false,CMD-WHT,MA,false,false
QX-BWS-371,"Crisp Cleaner","Beer wine spirits","400 g",18.66,each,branded,false,false,CMD-GAS,MA,false,false
QX-PET-372,"Classic Tea","Pet","500 ml",6.36,each,branded,false,false,CMD-WHT,BR,false,false
QX-PET-373,"Bites Beans","Pet","500 ml",9.11,each,finest,true,false,CMD-WHT,BR,false,false
QX-HHD-374,"Rounds Sauce","Household","750 g",8.30,each,finest,true,false,CMD-BRD,CR,false,false
QX-CHL-375,"Hearty Peas","Chilled","500 g",5.48,each,value,true,false,CMD-DRY,BR,false,true
QX-BAK-376,"Crisp Cleaner","Bakery","per kg",3.11,kg,finest,true,false,CMD-WHT,BR,false,false
QX-BWS-377,"Classic Peas","Beer wine spirits","6 pack",6.59,each,core,true,false,CMD-GAS,GH,true,false
QX-CER-378,"Cottage Cheese","Cereal","1 L",1.72,each,branded,false,false,CMD-WHT,BR,false,false
QX-DRY-380,"Meadow Juice","Dry goods","1 kg",1.47,each,core,true,false,CMD-WHT,TR,false,false
QX-HHD-381,"Golden Loaf","Household","500 g",2.57,each,branded,false,false,CMD-BRD,NL,false,false
QX-CER-382,"Rounds Beans","Cereal","2 L",2.03,each,branded,false,false,CMD-WHT,BR,false,false
QX-PRO-383,"Selection Sauce","Produce","per kg",1.74,kg,branded,false,false,CMD-DSL,BR,false,true
QX-FRZ-384,"Crunch Chicken","Frozen","1 L",7.92,each,finest,true,false,CMD-DRY,BR,false,true
QX-BWS-386,"Cottage Rice","Beer wine spirits","400 g",28.57,each,core,true,false,CMD-GAS,BR,false,false
QX-DRK-387,"Cottage Sauce","Drinks","500 ml",2.54,each,value,true,false,CMD-SUN,BR,true,false
QX-CHL-388,"Classic Apples","Chilled","500 g",8.16,each,value,true,false,CMD-DRY,BR,false,true
QX-CHL-389,"Crisp Shampoo","Chilled","per kg",15.03,kg,branded,false,false,CMD-DRY,BR,false,true
QX-DRK-390,"Everyday Chicken","Drinks","1 kg",1.02,each,core,true,false,CMD-SUN,BR,false,false
QX-DRK-391,"Rounds Sauce","Drinks","2 L",0.65,each,branded,false,false,CMD-SUN,BR,false,false
QX-DRK-392,"Orchard Cleaner","Drinks","2 L",0.71,each,branded,false,false,CMD-SUN,BR,false,false
QX-CHL-393,"Meadow Beans","Chilled","500 g",4.75,each,branded,false,false,CMD-DRY,BR,false,true
QX-HBC-394,"Simple Apples","Health and beauty","750 g",6.20,each,branded,false,false,CMD-PLM,BR,false,false
QX-HHD-395,"Rounds Sauce","Household","1 L",11.89,each,branded,false,false,CMD-BRD,PL,false,false
QX-PET-396,"Rounds Coffee","Pet","250 g",9.11,each,branded,false,false,CMD-WHT,BZ,false,false
QX-PRO-397,"Meadow Shampoo","Produce","400 g",2.70,each,core,true,false,CMD-DSL,KE,false,true
QX-CER-398,"Reserve Apples","Cereal","500 g",2.01,each,core,true,false,CMD-WHT,KE,false,false
QX-BWS-399,"Cottage Sauce","Beer wine spirits","2 L",25.28,each,core,true,false,CMD-GAS,BR,false,false
QX-HBC-400,"Choice Flakes","Health and beauty","750 g",7.93,each,value,true,false,CMD-PLM,BR,false,false
QX-BWS-402,"Bites Peas","Beer wine spirits","2 L",31.88,each,branded,false,false,CMD-GAS,BR,false,false
QX-HHD-403,"Hearty Cheese","Household","750 g",11.58,each,core,true,false,CMD-BRD,TR,false,false
QX-DRY-404,"Fresh Beans","Dry goods","2 L",2.34,each,branded,false,false,CMD-WHT,BR,false,false
QX-PET-405,"Harvest Coffee","Pet","1 L",10.96,each,finest,true,true,CMD-WHT,VN,false,false
QX-HBC-406,"Harvest Tea","Health and beauty","750 g",13.83,each,branded,false,false,CMD-PLM,VN,false,false
QX-DRY-407,"Crunch Loaf","Dry goods","500 g",6.78,each,branded,false,false,CMD-WHT,BR,false,false
QX-DRY-408,"Everyday Yoghurt","Dry goods","750 g",1.44,each,value,true,false,CMD-WHT,BR,false,false
QX-PRO-409,"Crisp Flakes","Produce","1 L",2.71,each,branded,false,false,CMD-DSL,BR,false,true
QX-CHL-410,"Simple Rice","Chilled","1 kg",9.09,each,core,true,false,CMD-DRY,BR,false,true
QX-BWS-412,"Choice Juice","Beer wine spirits","500 g",7.59,each,finest,true,false,CMD-GAS,BR,false,false
QX-FRZ-413,"Harvest Loaf","Frozen","1 L",5.03,each,finest,true,false,CMD-DRY,GH,false,true
QX-FRZ-414,"Bites Beans","Frozen","750 g",4.01,each,core,true,false,CMD-DRY,NL,false,true
QX-FRZ-415,"Choice Rice","Frozen","500 ml",8.38,each,branded,false,false,CMD-DRY,BR,false,true
QX-PET-416,"Crisp Flakes","Pet","750 g",4.30,each,branded,false,false,CMD-WHT,ES,false,false
QX-PET-417,"Everyday Cheese","Pet","500 ml",4.20,each,branded,false,false,CMD-WHT,BR,false,false
QX-HHD-418,"Orchard Peas","Household","1 kg",7.52,each,branded,false,false,CMD-BRD,VN,false,false
QX-BAK-419,"Simple Beans","Bakery","per kg",6.96,kg,core,true,false,CMD-WHT,PL,false,false
QX-DRK-420,"Original Tea","Drinks","500 g",0.64,each,branded,false,false,CMD-SUN,BR,false,false
QX-FRZ-421,"Rounds Peas","Frozen","400 g",6.56,each,core,true,false,CMD-DRY,BZ,false,true
QX-PET-422,"Simple Tea","Pet","6 pack",2.43,each,core,true,false,CMD-WHT,MA,false,false
QX-PRO-423,"Original Coffee","Produce","400 g",2.14,each,value,true,true,CMD-DSL,CR,false,true
QX-CHL-424,"Orchard Biscuits","Chilled","per kg",22.14,kg,core,true,false,CMD-DRY,VN,false,true
QX-BAK-425,"Bites Butter","Bakery","500 ml",1.81,each,branded,false,false,CMD-WHT,BR,false,false
QX-DRK-426,"Everyday Coffee","Drinks","400 g",1.87,each,branded,false,false,CMD-SUN,MA,false,false
QX-PET-427,"Reserve Chicken","Pet","500 ml",3.48,each,branded,false,false,CMD-WHT,CR,false,false
QX-DRY-429,"Hearty Biscuits","Dry goods","6 pack",1.66,each,branded,false,false,CMD-WHT,BR,false,false
QX-FRZ-430,"Simple Shampoo","Frozen","500 g",1.68,each,core,true,false,CMD-DRY,MA,false,true
QX-CHL-431,"Cottage Yoghurt","Chilled","250 g",5.14,each,finest,true,false,CMD-DRY,KE,false,true
QX-PET-432,"Bites Juice","Pet","500 g",8.11,each,branded,false,false,CMD-WHT,BR,false,false
QX-CER-433,"Reserve Flakes","Cereal","250 g",4.34,each,branded,false,false,CMD-WHT,BR,false,false
QX-PRO-434,"Everyday Chicken","Produce","1 L",1.26,each,core,true,false,CMD-DSL,BR,false,true
QX-PRO-435,"Selection Pasta","Produce","250 g",2.30,each,branded,false,false,CMD-DSL,BR,false,true
QX-FRZ-436,"Simple Rice","Frozen","6 pack",3.32,each,core,true,false,CMD-DRY,BR,true,true
QX-CHL-437,"Bites Butter","Chilled","500 g",5.82,each,branded,false,false,CMD-DRY,ES,false,true
QX-BWS-438,"Crisp Cleaner","Beer wine spirits","1 kg",6.77,each,branded,false,false,CMD-GAS,BR,false,false
QX-FRZ-439,"Classic Biscuits","Frozen","250 g",3.02,each,core,true,false,CMD-DRY,BR,false,true
QX-HHD-440,"Fresh Sauce","Household","750 g",7.03,each,core,true,false,CMD-BRD,BR,false,false
QX-HBC-441,"Hearty Butter","Health and beauty","250 g",7.43,each,value,true,false,CMD-PLM,BR,false,false
QX-HHD-442,"Cottage Loaf","Household","1 L",5.12,each,core,true,false,CMD-BRD,BR,false,false
QX-HHD-444,"Golden Coffee","Household","2 L",4.85,each,branded,false,false,CMD-BRD,KE,false,false
QX-PET-445,"Original Cheese","Pet","400 g",1.52,each,branded,false,false,CMD-WHT,NL,false,false
QX-TIN-446,"Classic Rice","Tinned","500 g",2.66,each,branded,false,false,CMD-ALU,DK,false,false
QX-PET-449,"Crisp Coffee","Pet","1 L",10.03,each,branded,false,false,CMD-WHT,BR,false,false
QX-HHD-450,"Simple Yoghurt","Household","1 L",2.88,each,branded,false,false,CMD-BRD,BR,false,false
QX-BWS-451,"Bites Juice","Beer wine spirits","1 kg",31.56,each,finest,true,true,CMD-GAS,BR,false,false
QX-HHD-452,"Golden Juice","Household","6 pack",2.31,each,core,true,false,CMD-BRD,MA,true,false
QX-PRO-453,"Harvest Loaf","Produce","500 ml",2.85,each,value,true,false,CMD-DSL,DK,false,true
QX-CER-454,"Classic Beans","Cereal","1 kg",1.58,each,value,true,false,CMD-WHT,BR,false,false
QX-PET-455,"Choice Pasta","Pet","500 g",2.91,each,branded,false,false,CMD-WHT,KE,false,false
QX-PRO-456,"Crunch Rice","Produce","2 L",4.66,each,branded,false,false,CMD-DSL,BR,false,true
QX-DRY-457,"Choice Peas","Dry goods","250 g",5.51,each,core,true,false,CMD-WHT,BR,false,false
QX-CER-458,"Hearty Apples","Cereal","750 g",4.13,each,finest,true,false,CMD-WHT,BR,false,false
QX-PET-459,"Hearty Sauce","Pet","500 ml",1.21,each,branded,false,true,CMD-WHT,MA,false,false
QX-DRK-460,"Original Yoghurt","Drinks","400 g",5.88,each,core,true,false,CMD-SUN,PL,false,false
QX-BAK-461,"Crisp Juice","Bakery","per kg",5.99,kg,branded,false,false,CMD-WHT,BR,false,false
QX-PET-462,"Hearty Shampoo","Pet","1 kg",2.83,each,branded,false,false,CMD-WHT,BR,false,false
QX-TIN-463,"Cottage Pasta","Tinned","250 g",1.70,each,finest,true,false,CMD-ALU,BR,false,false
QX-BAK-464,"Reserve Sauce","Bakery","per kg",7.09,kg,branded,false,false,CMD-WHT,BR,false,false
QX-HBC-465,"Rounds Cheese","Health and beauty","250 g",12.22,each,core,true,false,CMD-PLM,BR,false,false
QX-CHL-466,"Classic Peas","Chilled","per kg",19.97,kg,branded,false,false,CMD-DRY,ES,false,true
QX-DRK-467,"Selection Chicken","Drinks","750 g",0.64,each,branded,false,false,CMD-SUN,BR,false,false
QX-TIN-468,"Everyday Flakes","Tinned","750 g",1.67,each,core,true,false,CMD-ALU,BZ,false,false
QX-HHD-469,"Original Chicken","Household","500 ml",6.24,each,core,true,false,CMD-BRD,VN,false,false
QX-BWS-470,"Harvest Flakes","Beer wine spirits","1 kg",22.18,each,value,true,true,CMD-GAS,BR,false,false
QX-PET-471,"Selection Peas","Pet","250 g",9.82,each,branded,false,false,CMD-WHT,BR,false,false
QX-DRY-472,"Reserve Shampoo","Dry goods","250 g",2.56,each,value,true,false,CMD-WHT,BZ,true,false
QX-FRZ-474,"Orchard Beans","Frozen","6 pack",2.16,each,core,true,false,CMD-DRY,BR,false,true
QX-CHL-475,"Classic Coffee","Chilled","2 L",8.64,each,branded,false,false,CMD-DRY,KE,false,true
QX-PET-476,"Meadow Coffee","Pet","6 pack",8.72,each,value,true,false,CMD-WHT,BR,false,false
QX-BWS-477,"Fresh Biscuits","Beer wine spirits","500 ml",29.27,each,value,true,false,CMD-GAS,BR,false,false
QX-CHL-478,"Cottage Flakes","Chilled","per kg",13.60,kg,finest,true,false,CMD-DRY,BR,true,true
QX-TIN-480,"Orchard Chicken","Tinned","2 L",2.23,each,branded,false,false,CMD-ALU,BR,false,false
QX-PET-481,"Meadow Pasta","Pet","400 g",1.68,each,finest,true,false,CMD-WHT,BR,true,false
QX-CHL-482,"Crunch Butter","Chilled","per kg",6.53,kg,finest,true,false,CMD-DRY,BR,false,true
QX-DRK-484,"Bites Cheese","Drinks","400 g",3.32,each,branded,false,false,CMD-SUN,PL,false,false
QX-HBC-486,"Original Apples","Health and beauty","1 L",12.69,each,core,true,false,CMD-PLM,BR,true,false
QX-TIN-487,"Selection Tea","Tinned","750 g",0.67,each,core,true,true,CMD-ALU,BR,false,false
QX-BAK-488,"Crunch Biscuits","Bakery","400 g",1.15,each,branded,false,false,CMD-WHT,BR,false,false
QX-DRY-489,"Crisp Cheese","Dry goods","500 g",2.66,each,core,true,false,CMD-WHT,BR,false,false
QX-BWS-490,"Crisp Pasta","Beer wine spirits","400 g",15.84,each,value,true,false,CMD-GAS,BR,false,false
QX-BWS-491,"Harvest Juice","Beer wine spirits","250 g",15.31,each,branded,false,false,CMD-GAS,GH,false,false
QX-HHD-492,"Original Tea","Household","1 kg",7.22,each,finest,true,false,CMD-BRD,BR,true,false
QX-HHD-493,"Selection Yoghurt","Household","250 g",0.98,each,finest,true,false,CMD-BRD,BR,false,false
QX-PET-494,"Selection Cleaner","Pet","750 g",7.41,each,value,true,false,CMD-WHT,BR,false,false
QX-FRZ-495,"Orchard Apples","Frozen","1 L",3.83,each,branded,false,false,CMD-DRY,NL,false,true
QX-HBC-499,"Rounds Peas","Health and beauty","2 L",2.72,each,branded,false,false,CMD-PLM,BR,false,false
QX-FRZ-500,"Cottage Pasta","Frozen","250 g",2.49,each,branded,false,true,CMD-DRY,TR,false,true
QX-BAK-502,"Choice Sauce","Bakery","2 L",1.24,each,core,true,false,CMD-WHT,BR,false,false
QX-DRK-503,"Rounds Juice","Drinks","6 pack",1.85,each,branded,false,false,CMD-SUN,CR,false,false
QX-FRZ-504,"Fresh Cleaner","Frozen","500 ml",1.59,each,core,true,false,CMD-DRY,ES,false,true
QX-PET-505,"Golden Juice","Pet","1 kg",4.01,each,core,true,false,CMD-WHT,BR,false,false
QX-DRY-506,"Rounds Butter","Dry goods","1 kg",3.44,each,finest,true,false,CMD-WHT,BR,false,false
QX-PET-507,"Fresh Pasta","Pet","500 g",3.74,each,finest,true,false,CMD-WHT,BR,true,false
QX-FRZ-509,"Crunch Beans","Frozen","1 L",1.42,each,finest,true,false,CMD-DRY,BR,false,true
QX-TIN-510,"Selection Juice","Tinned","400 g",0.53,each,branded,false,false,CMD-ALU,BR,false,false
QX-CHL-511,"Rounds Apples","Chilled","500 ml",4.96,each,value,true,false,CMD-DRY,BR,true,true
QX-DRK-513,"Everyday Loaf","Drinks","250 g",3.96,each,value,true,false,CMD-SUN,PL,false,false
QX-BAK-514,"Crisp Beans","Bakery","per kg",7.25,kg,branded,false,false,CMD-WHT,BR,false,false
QX-TIN-515,"Harvest Flakes","Tinned","1 kg",1.21,each,core,true,false,CMD-ALU,GH,false,false
QX-HHD-516,"Selection Biscuits","Household","250 g",4.21,each,core,true,false,CMD-BRD,BR,false,false
QX-BWS-519,"Rounds Coffee","Beer wine spirits","500 g",36.36,each,value,true,false,CMD-GAS,BR,false,false
QX-BAK-520,"Original Peas","Bakery","400 g",2.04,each,value,true,false,CMD-WHT,BR,false,false
QX-CER-521,"Crunch Yoghurt","Cereal","250 g",3.78,each,value,true,false,CMD-WHT,BR,false,false
QX-HHD-522,"Golden Biscuits","Household","250 g",5.06,each,finest,true,false,CMD-BRD,BR,false,false
QX-HHD-523,"Golden Sauce","Household","500 g",8.17,each,finest,true,false,CMD-BRD,BR,false,false
QX-PET-524,"Simple Rice","Pet","750 g",1.07,each,branded,false,false,CMD-WHT,KE,false,false
QX-CHL-525,"Simple Loaf","Chilled","per kg",22.18,kg,core,true,false,CMD-DRY,DK,false,true
QX-BAK-526,"Golden Juice","Bakery","per kg",5.76,kg,branded,false,false,CMD-WHT,BR,false,false
QX-BAK-527,"Golden Chicken","Bakery","6 pack",1.13,each,value,true,false,CMD-WHT,BR,false,false
QX-BAK-528,"Orchard Loaf","Bakery","2 L",2.47,each,core,true,false,CMD-WHT,BR,false,false
QX-PET-531,"Harvest Tea","Pet","500 ml",6.23,each,finest,true,false,CMD-WHT,CR,false,false
QX-HBC-532,"Simple Cheese","Health and beauty","1 kg",9.94,each,core,true,false,CMD-PLM,BR,false,false
QX-TIN-533,"Rounds Chicken","Tinned","2 L",1.53,each,value,true,false,CMD-ALU,BR,false,false
QX-CHL-534,"Orchard Coffee","Chilled","250 g",2.97,each,core,true,false,CMD-DRY,BR,false,true
QX-CHL-535,"Crisp Apples","Chilled","500 g",5.95,each,value,true,false,CMD-DRY,GH,true,true
QX-CER-537,"Rounds Juice","Cereal","250 g",2.60,each,value,true,false,CMD-WHT,BR,false,false
QX-BWS-538,"Crunch Sauce","Beer wine spirits","750 g",33.70,each,finest,true,false,CMD-GAS,BR,false,false
QX-DRY-539,"Everyday Shampoo","Dry goods","2 L",3.21,each,branded,false,false,CMD-WHT,VN,false,false
QX-HHD-540,"Everyday Flakes","Household","1 L",2.97,each,branded,false,false,CMD-BRD,TR,false,false
QX-PRO-541,"Harvest Peas","Produce","per kg",4.17,kg,branded,false,false,CMD-DSL,BR,false,true
QX-HHD-542,"Reserve Chicken","Household","2 L",5.09,each,core,true,false,CMD-BRD,BR,false,false
QX-PRO-543,"Selection Shampoo","Produce","500 g",1.90,each,branded,false,false,CMD-DSL,BR,false,true
QX-PRO-544,"Orchard Sauce","Produce","2 L",1.95,each,value,true,false,CMD-DSL,NL,false,true
QX-DRY-545,"Orchard Pasta","Dry goods","2 L",5.01,each,value,true,true,CMD-WHT,BR,false,false
QX-PRO-546,"Orchard Beans","Produce","400 g",2.17,each,branded,false,false,CMD-DSL,BR,false,true
QX-CHL-547,"Bites Juice","Chilled","1 kg",2.83,each,core,true,false,CMD-DRY,BR,false,true
QX-PRO-548,"Cottage Juice","Produce","per kg",3.63,kg,branded,false,false,CMD-DSL,BR,false,true
QX-CHL-549,"Harvest Loaf","Chilled","per kg",20.70,kg,core,true,false,CMD-DRY,BZ,false,true
QX-CHL-550,"Harvest Flakes","Chilled","750 g",8.85,each,branded,false,false,CMD-DRY,BR,false,true
QX-PRO-551,"Crisp Juice","Produce","per kg",1.34,kg,core,true,false,CMD-DSL,BR,false,true
QX-DRY-552,"Crisp Loaf","Dry goods","1 L",6.62,each,branded,false,false,CMD-WHT,BR,false,false
QX-HBC-553,"Original Yoghurt","Health and beauty","1 L",13.90,each,branded,false,true,CMD-PLM,BR,false,false
QX-DRK-554,"Fresh Yoghurt","Drinks","250 g",1.28,each,branded,false,false,CMD-SUN,TR,false,false
QX-FRZ-555,"Meadow Yoghurt","Frozen","1 L",7.16,each,value,true,false,CMD-DRY,BR,false,true
QX-TIN-556,"Harvest Cleaner","Tinned","6 pack",0.66,each,branded,false,false,CMD-ALU,BR,false,false
QX-BWS-557,"Reserve Loaf","Beer wine spirits","400 g",6.55,each,branded,false,false,CMD-GAS,MA,false,false
QX-CHL-558,"Simple Flakes","Chilled","6 pack",3.69,each,core,true,false,CMD-DRY,BR,false,true
QX-HHD-559,"Crunch Sauce","Household","1 L",10.59,each,branded,false,false,CMD-BRD,ES,false,false
QX-TIN-560,"Classic Rice","Tinned","250 g",1.12,each,branded,false,false,CMD-ALU,BR,false,false
QX-PRO-562,"Simple Biscuits","Produce","1 L",1.97,each,value,true,false,CMD-DSL,BZ,false,true
QX-HBC-563,"Original Sauce","Health and beauty","500 g",9.49,each,branded,false,false,CMD-PLM,BR,false,false
QX-CER-564,"Hearty Biscuits","Cereal","1 L",3.18,each,core,true,false,CMD-WHT,BR,false,false
QX-HHD-566,"Original Rice","Household","6 pack",4.73,each,branded,false,false,CMD-BRD,BR,false,false
QX-TIN-567,"Reserve Flakes","Tinned","500 ml",2.87,each,branded,false,false,CMD-ALU,BR,false,false
QX-CER-568,"Choice Coffee","Cereal","500 ml",2.68,each,core,true,false,CMD-WHT,BR,false,false
QX-PET-569,"Simple Juice","Pet","1 L",6.84,each,core,true,false,CMD-WHT,KE,false,false
QX-BWS-570,"Meadow Flakes","Beer wine spirits","500 ml",12.38,each,branded,false,false,CMD-GAS,BR,false,false
QX-DRK-571,"Cottage Biscuits","Drinks","250 g",2.72,each,branded,false,false,CMD-SUN,BR,false,false
QX-BWS-572,"Hearty Yoghurt","Beer wine spirits","500 ml",35.30,each,value,true,false,CMD-GAS,DK,false,false
QX-PRO-573,"Crisp Cheese","Produce","6 pack",4.83,each,finest,true,false,CMD-DSL,BR,false,true
QX-HBC-574,"Harvest Shampoo","Health and beauty","1 kg",10.33,each,branded,false,false,CMD-PLM,BR,false,false
QX-BWS-575,"Original Butter","Beer wine spirits","750 g",22.91,each,branded,false,false,CMD-GAS,BR,false,false
QX-FRZ-576,"Rounds Apples","Frozen","250 g",6.68,each,branded,false,false,CMD-DRY,VN,false,true
QX-BAK-577,"Orchard Yoghurt","Bakery","500 ml",2.19,each,branded,false,true,CMD-WHT,ES,false,false
QX-PRO-578,"Harvest Flakes","Produce","1 L",3.61,each,core,true,false,CMD-DSL,BR,false,true
QX-PET-579,"Cottage Flakes","Pet","2 L",4.51,each,branded,false,false,CMD-WHT,BR,false,false
QX-HHD-580,"Selection Beans","Household","500 g",10.40,each,branded,false,false,CMD-BRD,VN,false,false
QX-CHL-581,"Selection Chicken","Chilled","500 g",6.25,each,branded,false,false,CMD-DRY,BR,false,true
QX-DRK-582,"Orchard Juice","Drinks","2 L",5.87,each,branded,false,false,CMD-SUN,BR,false,false
QX-HHD-583,"Meadow Cheese","Household","2 L",2.11,each,branded,false,false,CMD-BRD,BR,false,false
QX-DRK-584,"Orchard Tea","Drinks","500 g",1.92,each,value,true,false,CMD-SUN,BR,false,false
QX-DRK-586,"Simple Apples","Drinks","250 g",1.33,each,value,true,true,CMD-SUN,GH,false,false
QX-BWS-587,"Reserve Chicken","Beer wine spirits","500 ml",22.01,each,value,true,false,CMD-GAS,BR,false,false
QX-DRY-588,"Simple Cheese","Dry goods","6 pack",4.11,each,branded,false,false,CMD-WHT,BR,false,false
QX-CER-589,"Fresh Coffee","Cereal","6 pack",2.96,each,branded,false,false,CMD-WHT,PL,false,false
QX-PRO-591,"Harvest Beans","Produce","250 g",0.71,each,branded,false,false,CMD-DSL,KE,false,true
QX-PET-592,"Reserve Sauce","Pet","500 g",4.35,each,core,true,false,CMD-WHT,BR,false,false
QX-BAK-593,"Harvest Sauce","Bakery","per kg",8.71,kg,branded,false,false,CMD-WHT,BR,false,false
QX-PRO-594,"Harvest Biscuits","Produce","6 pack",3.90,each,finest,true,true,CMD-DSL,BR,false,true
QX-PET-595,"Everyday Rice","Pet","750 g",5.14,each,branded,false,false,CMD-WHT,KE,false,false
QX-HHD-596,"Crunch Pasta","Household","250 g",5.76,each,branded,false,false,CMD-BRD,BR,false,false
QX-CER-597,"Crisp Flakes","Cereal","1 kg",4.68,each,branded,false,false,CMD-WHT,KE,false,false
QX-PRO-598,"Golden Pasta","Produce","2 L",1.24,each,core,true,false,CMD-DSL,BR,true,true
QX-CER-599,"Fresh Butter","Cereal","500 ml",2.05,each,value,true,false,CMD-WHT,BR,false,false
QX-BAK-600,"Fresh Pasta","Bakery","per kg",2.96,kg,value,true,false,CMD-WHT,BR,false,false
QX-HHD-601,"Selection Loaf","Household","500 g",8.70,each,branded,false,false,CMD-BRD,BR,false,false
QX-PRO-602,"Crisp Rice","Produce","500 ml",2.10,each,branded,false,false,CMD-DSL,GH,false,true
QX-DRK-603,"Choice Peas","Drinks","6 pack",3.49,each,finest,true,false,CMD-SUN,MA,true,false
QX-DRY-604,"Meadow Biscuits","Dry goods","1 kg",4.71,each,branded,false,false,CMD-WHT,BR,false,false
QX-BWS-605,"Orchard Loaf","Beer wine spirits","1 L",22.71,each,core,true,false,CMD-GAS,NL,false,false
QX-PRO-606,"Golden Juice","Produce","750 g",1.12,each,branded,false,false,CMD-DSL,BR,false,true
QX-BAK-607,"Original Tea","Bakery","250 g",3.74,each,branded,false,false,CMD-WHT,BZ,false,false
QX-PRO-608,"Crunch Chicken","Produce","per kg",4.00,kg,branded,false,false,CMD-DSL,KE,false,true
QX-HBC-609,"Selection Juice","Health and beauty","400 g",5.27,each,branded,false,false,CMD-PLM,BR,false,false
QX-BWS-610,"Classic Pasta","Beer wine spirits","500 ml",30.64,each,branded,false,false,CMD-GAS,KE,false,false
QX-DRK-611,"Classic Peas","Drinks","400 g",5.66,each,core,true,false,CMD-SUN,BR,false,false
QX-CER-612,"Orchard Cheese","Cereal","500 g",3.82,each,branded,false,false,CMD-WHT,BR,false,false
QX-BWS-613,"Crisp Pasta","Beer wine spirits","500 g",16.96,each,core,true,false,CMD-GAS,VN,false,false
QX-FRZ-614,"Orchard Apples","Frozen","500 ml",8.41,each,branded,false,false,CMD-DRY,VN,false,true
QX-CHL-615,"Reserve Peas","Chilled","6 pack",2.71,each,branded,false,false,CMD-DRY,TR,false,true
QX-BAK-616,"Golden Butter","Bakery","1 L",3.92,each,value,true,false,CMD-WHT,BR,false,false
QX-BWS-617,"Rounds Chicken","Beer wine spirits","400 g",8.52,each,branded,false,false,CMD-GAS,ES,false,false
QX-BWS-618,"Golden Cheese","Beer wine spirits","500 ml",17.70,each,branded,false,false,CMD-GAS,BZ,false,false
QX-BAK-619,"Rounds Cleaner","Bakery","1 kg",2.24,each,branded,false,false,CMD-WHT,BR,false,false
QX-FRZ-621,"Rounds Biscuits","Frozen","1 kg",7.89,each,branded,false,false,CMD-DRY,BR,false,true
QX-HHD-622,"Crunch Peas","Household","750 g",4.92,each,core,true,false,CMD-BRD,BR,true,false
QX-CHL-623,"Crunch Shampoo","Chilled","2 L",1.76,each,branded,false,false,CMD-DRY,BR,false,true
QX-DRY-624,"Simple Loaf","Dry goods","500 g",6.23,each,core,true,false,CMD-WHT,KE,false,false
QX-CER-625,"Simple Chicken","Cereal","500 g",1.68,each,branded,false,false,CMD-WHT,BR,false,false
QX-DRY-626,"Classic Cleaner","Dry goods","500 g",4.53,each,core,true,true,CMD-WHT,TR,false,false
QX-HHD-627,"Fresh Loaf","Household","1 L",9.37,each,value,true,false,CMD-BRD,BR,false,false
QX-FRZ-628,"Simple Butter","Frozen","1 kg",3.90,each,core,true,false,CMD-DRY,BR,false,true
QX-FRZ-629,"Simple Cleaner","Frozen","400 g",5.91,each,value,true,false,CMD-DRY,BR,false,true
QX-DRK-630,"Classic Cheese","Drinks","6 pack",4.64,each,core,true,false,CMD-SUN,BR,false,false
QX-FRZ-631,"Harvest Yoghurt","Frozen","250 g",6.25,each,branded,false,false,CMD-DRY,BZ,false,true
QX-TIN-632,"Harvest Peas","Tinned","1 kg",2.68,each,branded,false,false,CMD-ALU,PL,false,false
QX-CHL-633,"Fresh Coffee","Chilled","per kg",9.49,kg,branded,false,false,CMD-DRY,BR,false,true
QX-DRK-634,"Crisp Tea","Drinks","6 pack",2.79,each,core,true,false,CMD-SUN,BR,true,false
QX-BAK-635,"Orchard Rice","Bakery","1 L",2.64,each,branded,false,true,CMD-WHT,BR,false,false
QX-TIN-636,"Fresh Peas","Tinned","500 g",1.62,each,branded,false,false,CMD-ALU,BR,false,false
QX-HHD-637,"Selection Peas","Household","750 g",3.06,each,core,true,false,CMD-BRD,BR,false,false
QX-PET-638,"Harvest Apples","Pet","2 L",4.67,each,branded,false,false,CMD-WHT,BR,false,false
QX-BAK-639,"Choice Peas","Bakery","per kg",8.24,kg,branded,false,true,CMD-WHT,ES,false,false
QX-HHD-640,"Reserve Rice","Household","500 ml",5.98,each,core,true,false,CMD-BRD,BR,false,false
QX-FRZ-641,"Rounds Apples","Frozen","250 g",1.58,each,core,true,false,CMD-DRY,MA,false,true
QX-HBC-642,"Original Shampoo","Health and beauty","2 L",6.00,each,core,true,true,CMD-PLM,CR,false,false
QX-PRO-643,"Selection Pasta","Produce","6 pack",4.23,each,branded,false,false,CMD-DSL,TR,false,true
QX-BAK-644,"Classic Peas","Bakery","per kg",4.17,kg,core,true,true,CMD-WHT,PL,false,false
QX-DRK-645,"Fresh Cheese","Drinks","250 g",5.17,each,branded,false,true,CMD-SUN,PL,false,false
QX-DRY-646,"Reserve Loaf","Dry goods","500 g",3.41,each,branded,false,false,CMD-WHT,MA,false,false
QX-BAK-647,"Original Pasta","Bakery","1 L",1.45,each,branded,false,false,CMD-WHT,BR,false,false
QX-CHL-648,"Orchard Chicken","Chilled","400 g",4.74,each,value,true,false,CMD-DRY,MA,false,true
QX-FRZ-649,"Crunch Rice","Frozen","400 g",6.85,each,branded,false,false,CMD-DRY,TR,false,true
QX-BAK-650,"Cottage Juice","Bakery","250 g",3.99,each,branded,false,false,CMD-WHT,BR,false,false
QX-DRK-651,"Selection Peas","Drinks","750 g",2.75,each,branded,false,false,CMD-SUN,TR,false,false
QX-FRZ-652,"Bites Apples","Frozen","750 g",5.52,each,branded,false,false,CMD-DRY,BR,false,true
QX-CER-653,"Simple Coffee","Cereal","500 g",2.46,each,core,true,false,CMD-WHT,BZ,false,false
QX-BAK-654,"Crunch Chicken","Bakery","per kg",3.41,kg,branded,false,false,CMD-WHT,BR,false,false
QX-BWS-655,"Everyday Flakes","Beer wine spirits","500 g",12.16,each,branded,false,false,CMD-GAS,BR,false,false
QX-TIN-656,"Rounds Shampoo","Tinned","750 g",0.94,each,branded,false,true,CMD-ALU,BR,false,false
QX-CER-657,"Meadow Shampoo","Cereal","6 pack",3.30,each,branded,false,false,CMD-WHT,BR,false,false
QX-DRY-658,"Orchard Sauce","Dry goods","6 pack",2.54,each,core,true,false,CMD-WHT,NL,false,false
QX-BAK-660,"Reserve Beans","Bakery","per kg",7.49,kg,finest,true,false,CMD-WHT,BR,false,false
QX-HHD-662,"Bites Sauce","Household","500 g",1.71,each,branded,false,false,CMD-BRD,BR,false,false
QX-CER-663,"Meadow Pasta","Cereal","2 L",1.76,each,branded,false,false,CMD-WHT,BR,false,false
QX-BAK-664,"Selection Rice","Bakery","400 g",2.89,each,branded,false,false,CMD-WHT,BR,false,false
QX-BWS-666,"Cottage Peas","Beer wine spirits","2 L",11.66,each,branded,false,false,CMD-GAS,BR,false,false
QX-FRZ-667,"Bites Biscuits","Frozen","1 L",1.46,each,core,true,false,CMD-DRY,BR,false,true
QX-CER-668,"Crunch Beans","Cereal","1 L",4.74,each,finest,true,false,CMD-WHT,BR,false,false
QX-DRK-669,"Classic Juice","Drinks","500 g",5.50,each,finest,true,true,CMD-SUN,MA,true,false
QX-HHD-670,"Hearty Chicken","Household","750 g",1.46,each,core,true,false,CMD-BRD,CR,false,false
QX-BWS-671,"Bites Butter","Beer wine spirits","400 g",14.47,each,core,true,false,CMD-GAS,BR,false,false
QX-TIN-672,"Original Cheese","Tinned","1 L",2.20,each,core,true,true,CMD-ALU,DK,false,false
QX-CER-674,"Golden Sauce","Cereal","250 g",3.75,each,finest,true,false,CMD-WHT,BZ,false,false
QX-CHL-675,"Golden Butter","Chilled","6 pack",4.07,each,finest,true,false,CMD-DRY,BR,true,true
QX-DRK-676,"Crunch Coffee","Drinks","2 L",6.27,each,branded,false,false,CMD-SUN,BR,false,false
QX-DRK-677,"Classic Apples","Drinks","750 g",2.96,each,branded,false,false,CMD-SUN,ES,false,false
QX-FRZ-678,"Golden Juice","Frozen","1 kg",8.24,each,finest,true,true,CMD-DRY,NL,false,true
QX-HHD-679,"Cottage Flakes","Household","750 g",11.60,each,core,true,false,CMD-BRD,NL,false,false
QX-CHL-680,"Hearty Chicken","Chilled","per kg",15.14,kg,value,true,false,CMD-DRY,BR,false,true
QX-PRO-683,"Meadow Pasta","Produce","1 kg",1.24,each,branded,false,true,CMD-DSL,BR,false,true
QX-BWS-684,"Orchard Coffee","Beer wine spirits","400 g",7.49,each,core,true,false,CMD-GAS,BR,false,false
QX-PET-685,"Crisp Beans","Pet","1 kg",6.71,each,value,true,false,CMD-WHT,BR,false,false
QX-BWS-686,"Hearty Cheese","Beer wine spirits","1 L",19.32,each,core,true,false,CMD-GAS,NL,false,false
QX-BAK-687,"Original Chicken","Bakery","per kg",5.52,kg,branded,false,false,CMD-WHT,BR,false,false
QX-DRK-688,"Hearty Chicken","Drinks","500 ml",1.04,each,value,true,false,CMD-SUN,BR,false,false
QX-PRO-689,"Harvest Peas","Produce","per kg",3.39,kg,core,true,false,CMD-DSL,VN,false,true
QX-PET-690,"Original Tea","Pet","400 g",8.47,each,branded,false,false,CMD-WHT,BR,false,false
QX-BWS-691,"Crunch Shampoo","Beer wine spirits","1 L",25.89,each,core,true,false,CMD-GAS,BR,false,false
QX-PRO-692,"Fresh Cleaner","Produce","500 g",1.93,each,branded,false,false,CMD-DSL,BR,false,true
QX-DRY-693,"Meadow Coffee","Dry goods","500 g",1.04,each,branded,false,false,CMD-WHT,NL,false,false
QX-FRZ-694,"Fresh Butter","Frozen","500 ml",4.27,each,branded,false,false,CMD-DRY,BR,false,true
QX-CER-696,"Hearty Yoghurt","Cereal","1 kg",3.14,each,core,true,true,CMD-WHT,GH,false,false
QX-HHD-697,"Everyday Juice","Household","2 L",7.94,each,branded,false,false,CMD-BRD,BR,false,false
QX-CER-698,"Hearty Yoghurt","Cereal","500 ml",3.53,each,branded,false,false,CMD-WHT,BR,false,false
QX-HBC-699,"Everyday Loaf","Health and beauty","6 pack",11.92,each,core,true,false,CMD-PLM,BR,false,false
QX-BAK-700,"Meadow Cheese","Bakery","per kg",6.46,kg,branded,false,false,CMD-WHT,BR,false,false
QX-BAK-701,"Crisp Peas","Bakery","1 L",2.37,each,branded,false,false,CMD-WHT,TR,false,false
QX-PET-702,"Selection Chicken","Pet","1 kg",9.29,each,branded,false,false,CMD-WHT,GH,false,false
QX-CHL-703,"Cottage Rice","Chilled","per kg",6.82,kg,branded,false,false,CMD-DRY,MA,false,true
QX-FRZ-704,"Golden Apples","Frozen","400 g",1.70,each,branded,false,false,CMD-DRY,BR,false,true
QX-TIN-705,"Original Peas","Tinned","500 g",1.79,each,branded,false,false,CMD-ALU,BR,false,false
QX-TIN-706,"Hearty Flakes","Tinned","1 kg",2.48,each,core,true,false,CMD-ALU,BR,false,false
QX-BWS-707,"Orchard Yoghurt","Beer wine spirits","500 g",17.05,each,value,true,false,CMD-GAS,BR,true,false
QX-HHD-708,"Selection Flakes","Household","500 g",9.69,each,value,true,false,CMD-BRD,BR,false,false
QX-BWS-711,"Original Chicken","Beer wine spirits","400 g",5.97,each,value,true,false,CMD-GAS,BR,false,false
QX-FRZ-712,"Meadow Peas","Frozen","1 L",1.46,each,value,true,false,CMD-DRY,BR,false,true
QX-CER-714,"Crunch Tea","Cereal","500 g",2.91,each,finest,true,false,CMD-WHT,BR,false,false
QX-TIN-715,"Fresh Apples","Tinned","1 L",1.46,each,core,true,false,CMD-ALU,BR,false,false
QX-BAK-716,"Crisp Peas","Bakery","250 g",3.78,each,core,true,false,CMD-WHT,TR,false,false
QX-CER-717,"Crisp Butter","Cereal","1 L",1.48,each,finest,true,false,CMD-WHT,BZ,false,false
QX-TIN-718,"Everyday Apples","Tinned","1 kg",0.97,each,branded,false,false,CMD-ALU,VN,false,false
QX-CER-720,"Choice Shampoo","Cereal","1 kg",3.81,each,core,true,false,CMD-WHT,TR,true,false
QX-HBC-721,"Selection Chicken","Health and beauty","500 ml",3.47,each,branded,false,false,CMD-PLM,BR,false,false
QX-TIN-722,"Reserve Loaf","Tinned","750 g",2.01,each,core,true,false,CMD-ALU,BR,false,false
QX-DRY-724,"Meadow Rice","Dry goods","6 pack",1.56,each,value,true,true,CMD-WHT,BR,false,false
QX-HHD-725,"Everyday Cleaner","Household","1 kg",6.96,each,branded,false,false,CMD-BRD,BR,false,false
QX-BAK-726,"Everyday Loaf","Bakery","1 kg",2.08,each,branded,false,false,CMD-WHT,BR,false,false
QX-DRY-727,"Simple Biscuits","Dry goods","400 g",6.21,each,branded,false,false,CMD-WHT,BR,false,false
QX-HHD-728,"Simple Tea","Household","1 kg",7.72,each,branded,false,true,CMD-BRD,BR,false,false
QX-PET-729,"Crisp Apples","Pet","750 g",9.12,each,branded,false,false,CMD-WHT,BR,false,false
QX-FRZ-730,"Meadow Biscuits","Frozen","400 g",4.89,each,branded,false,false,CMD-DRY,BR,false,true
QX-PRO-731,"Simple Cheese","Produce","per kg",4.31,kg,branded,false,false,CMD-DSL,BR,false,true
QX-TIN-732,"Harvest Tea","Tinned","1 L",2.50,each,core,true,false,CMD-ALU,BR,false,false
QX-DRK-733,"Choice Flakes","Drinks","6 pack",2.59,each,branded,false,false,CMD-SUN,CR,false,false
QX-CHL-734,"Cottage Pasta","Chilled","per kg",5.70,kg,core,true,false,CMD-DRY,BR,true,true
QX-FRZ-735,"Classic Pasta","Frozen","750 g",7.50,each,branded,false,false,CMD-DRY,BZ,false,true
QX-PET-736,"Cottage Tea","Pet","1 L",6.05,each,value,true,false,CMD-WHT,BR,false,false
QX-BAK-737,"Crisp Tea","Bakery","2 L",3.02,each,value,true,false,CMD-WHT,BR,true,false
QX-HBC-738,"Golden Chicken","Health and beauty","400 g",14.07,each,core,true,false,CMD-PLM,BR,false,false
QX-HHD-739,"Classic Tea","Household","750 g",5.14,each,value,true,false,CMD-BRD,KE,false,false
QX-BWS-740,"Crunch Peas","Beer wine spirits","750 g",14.92,each,value,true,false,CMD-GAS,GH,false,false
QX-DRK-741,"Original Coffee","Drinks","1 L",4.45,each,branded,false,false,CMD-SUN,KE,false,false
QX-DRK-743,"Bites Biscuits","Drinks","2 L",3.49,each,core,true,false,CMD-SUN,BR,false,false
QX-TIN-744,"Orchard Biscuits","Tinned","500 g",0.84,each,value,true,false,CMD-ALU,MA,false,false
QX-FRZ-745,"Cottage Butter","Frozen","250 g",7.20,each,finest,true,false,CMD-DRY,BR,false,true
QX-PRO-746,"Crisp Loaf","Produce","per kg",2.29,kg,branded,false,false,CMD-DSL,GH,false,true
QX-PET-748,"Crunch Cleaner","Pet","2 L",7.20,each,value,true,false,CMD-WHT,BZ,false,false
QX-DRY-749,"Golden Coffee","Dry goods","500 ml",6.04,each,branded,false,false,CMD-WHT,BR,false,false
QX-PET-750,"Golden Flakes","Pet","400 g",7.02,each,branded,false,false,CMD-WHT,ES,false,false
QX-FRZ-751,"Classic Beans","Frozen","750 g",2.48,each,branded,false,false,CMD-DRY,KE,false,true
QX-FRZ-752,"Harvest Chicken","Frozen","1 L",3.12,each,core,true,false,CMD-DRY,BR,true,true
QX-CHL-753,"Fresh Flakes","Chilled","500 ml",9.38,each,branded,false,true,CMD-DRY,BZ,false,true
QX-HHD-754,"Selection Cleaner","Household","400 g",5.04,each,core,true,false,CMD-BRD,GH,false,false
QX-CER-756,"Selection Flakes","Cereal","750 g",4.67,each,core,true,false,CMD-WHT,BR,false,false
QX-CER-757,"Choice Cleaner","Cereal","1 kg",3.50,each,branded,false,false,CMD-WHT,BR,false,false
QX-HBC-758,"Crunch Chicken","Health and beauty","6 pack",11.77,each,core,true,false,CMD-PLM,BR,false,false
QX-DRY-759,"Bites Sauce","Dry goods","6 pack",2.35,each,branded,false,false,CMD-WHT,BR,false,false
QX-TIN-760,"Simple Peas","Tinned","1 L",2.87,each,value,true,false,CMD-ALU,BR,true,false
QX-CER-762,"Bites Chicken","Cereal","500 ml",4.42,each,branded,false,false,CMD-WHT,BR,false,false
QX-DRK-763,"Golden Rice","Drinks","2 L",1.57,each,branded,false,false,CMD-SUN,DK,false,false
QX-CER-764,"Crisp Loaf","Cereal","1 kg",2.95,each,value,true,false,CMD-WHT,BR,true,false
QX-TIN-765,"Fresh Loaf","Tinned","250 g",1.10,each,value,true,false,CMD-ALU,NL,false,false
QX-HBC-767,"Original Butter","Health and beauty","400 g",11.86,each,branded,false,false,CMD-PLM,DK,false,false
QX-BAK-769,"Rounds Shampoo","Bakery","750 g",1.88,each,finest,true,false,CMD-WHT,BR,false,false
QX-FRZ-770,"Choice Shampoo","Frozen","750 g",5.13,each,branded,false,false,CMD-DRY,BR,false,true
QX-FRZ-772,"Choice Rice","Frozen","2 L",8.15,each,finest,true,false,CMD-DRY,DK,false,true
QX-CHL-773,"Orchard Beans","Chilled","1 kg",5.87,each,branded,false,false,CMD-DRY,BR,false,true
QX-BAK-774,"Harvest Flakes","Bakery","1 kg",0.71,each,branded,false,true,CMD-WHT,TR,false,false
QX-HHD-775,"Selection Rice","Household","500 ml",9.40,each,branded,false,false,CMD-BRD,BR,false,false
QX-CHL-776,"Rounds Cheese","Chilled","500 g",8.14,each,branded,false,false,CMD-DRY,BR,false,true
QX-BAK-777,"Selection Chicken","Bakery","6 pack",2.84,each,branded,false,false,CMD-WHT,BR,false,false
QX-BAK-778,"Crunch Shampoo","Bakery","1 kg",2.63,each,branded,false,false,CMD-WHT,BR,false,false
QX-BWS-779,"Crunch Juice","Beer wine spirits","2 L",21.22,each,branded,false,false,CMD-GAS,BR,false,false
QX-TIN-780,"Golden Chicken","Tinned","400 g",1.99,each,branded,false,false,CMD-ALU,NL,false,false
QX-PRO-781,"Crisp Sauce","Produce","per kg",1.23,kg,value,true,false,CMD-DSL,BR,true,true
QX-HHD-782,"Choice Shampoo","Household","2 L",1.35,each,finest,true,false,CMD-BRD,DK,false,false
QX-HHD-783,"Fresh Chicken","Household","500 g",5.18,each,branded,false,false,CMD-BRD,BR,false,false
QX-FRZ-784,"Meadow Loaf","Frozen","500 g",6.27,each,value,true,true,CMD-DRY,BR,false,true
QX-CER-785,"Reserve Biscuits","Cereal","750 g",2.64,each,branded,false,false,CMD-WHT,BR,false,false
QX-CHL-786,"Harvest Butter","Chilled","per kg",13.19,kg,branded,false,false,CMD-DRY,BR,false,true
QX-HHD-787,"Fresh Cleaner","Household","6 pack",6.80,each,branded,false,false,CMD-BRD,KE,false,false
QX-BAK-788,"Rounds Apples","Bakery","250 g",3.50,each,branded,false,false,CMD-WHT,BR,false,false
QX-BWS-789,"Golden Shampoo","Beer wine spirits","250 g",9.05,each,branded,false,false,CMD-GAS,BR,false,false
QX-DRY-790,"Crunch Shampoo","Dry goods","750 g",1.85,each,value,true,false,CMD-WHT,BR,false,false
QX-BWS-791,"Reserve Shampoo","Beer wine spirits","1 L",34.72,each,core,true,false,CMD-GAS,BR,false,false
QX-TIN-792,"Hearty Cheese","Tinned","750 g",2.31,each,branded,false,false,CMD-ALU,BR,false,false
QX-BAK-793,"Meadow Juice","Bakery","6 pack",4.08,each,core,true,false,CMD-WHT,BR,false,false
QX-TIN-794,"Hearty Flakes","Tinned","750 g",2.84,each,branded,false,true,CMD-ALU,GH,false,false
QX-DRK-795,"Classic Peas","Drinks","500 ml",0.81,each,branded,false,false,CMD-SUN,BZ,false,false
QX-PET-797,"Bites Loaf","Pet","400 g",10.72,each,branded,false,false,CMD-WHT,BR,false,false
QX-CER-798,"Classic Pasta","Cereal","1 kg",4.16,each,finest,true,false,CMD-WHT,BR,false,false
QX-TIN-799,"Rounds Cleaner","Tinned","2 L",2.75,each,core,true,false,CMD-ALU,PL,false,false
QX-PRO-800,"Original Sauce","Produce","750 g",1.87,each,value,true,false,CMD-DSL,BR,false,true
QX-PRO-801,"Simple Tea","Produce","750 g",5.30,each,value,true,false,CMD-DSL,BR,false,true
QX-TIN-802,"Original Pasta","Tinned","500 g",2.70,each,branded,false,false,CMD-ALU,BR,false,false
QX-BAK-803,"Meadow Juice","Bakery","500 g",2.84,each,branded,false,true,CMD-WHT,NL,false,false
QX-HBC-805,"Selection Beans","Health and beauty","400 g",14.27,each,branded,false,false,CMD-PLM,BR,false,false
QX-HBC-806,"Reserve Pasta","Health and beauty","250 g",4.20,each,branded,false,false,CMD-PLM,BR,false,false
QX-BAK-807,"Choice Chicken","Bakery","750 g",1.15,each,core,true,false,CMD-WHT,BR,false,false
QX-BWS-808,"Selection Biscuits","Beer wine spirits","6 pack",23.79,each,branded,false,false,CMD-GAS,BR,false,false
QX-BWS-809,"Cottage Juice","Beer wine spirits","500 ml",37.33,each,branded,false,false,CMD-GAS,BR,false,false
QX-BAK-810,"Classic Butter","Bakery","500 ml",3.51,each,core,true,false,CMD-WHT,BR,false,false
QX-HBC-811,"Bites Cheese","Health and beauty","250 g",4.30,each,branded,false,false,CMD-PLM,BR,false,false
QX-DRK-812,"Original Flakes","Drinks","6 pack",1.44,each,branded,false,false,CMD-SUN,GH,false,false
QX-DRY-813,"Choice Cleaner","Dry goods","1 L",5.45,each,core,true,false,CMD-WHT,BR,false,false
QX-DRK-814,"Rounds Yoghurt","Drinks","1 L",3.81,each,value,true,false,CMD-SUN,BR,true,false
QX-CER-815,"Reserve Yoghurt","Cereal","1 L",4.75,each,core,true,false,CMD-WHT,MA,false,false
QX-CER-816,"Simple Chicken","Cereal","500 g",4.04,each,finest,true,true,CMD-WHT,BR,true,false
QX-PET-817,"Choice Yoghurt","Pet","750 g",6.19,each,core,true,false,CMD-WHT,BR,true,false
QX-TIN-818,"Reserve Yoghurt","Tinned","500 ml",0.63,each,branded,false,false,CMD-ALU,BR,false,false
QX-DRY-819,"Crunch Coffee","Dry goods","1 kg",6.43,each,branded,false,false,CMD-WHT,BR,false,false
QX-TIN-820,"Orchard Peas","Tinned","750 g",1.18,each,branded,false,false,CMD-ALU,BZ,false,false
QX-BWS-821,"Cottage Chicken","Beer wine spirits","1 kg",37.41,each,branded,false,false,CMD-GAS,BR,false,false
QX-CHL-823,"Harvest Sauce","Chilled","400 g",7.60,each,core,true,false,CMD-DRY,BR,false,true
QX-PRO-824,"Crisp Sauce","Produce","per kg",3.95,kg,core,true,false,CMD-DSL,BR,false,true
QX-CHL-825,"Simple Pasta","Chilled","per kg",7.75,kg,branded,false,false,CMD-DRY,BR,false,true
QX-BWS-826,"Meadow Shampoo","Beer wine spirits","500 ml",25.45,each,finest,true,false,CMD-GAS,BR,false,false
QX-DRY-827,"Orchard Flakes","Dry goods","500 g",2.32,each,branded,false,false,CMD-WHT,TR,false,false
QX-FRZ-829,"Cottage Loaf","Frozen","1 kg",3.55,each,branded,false,false,CMD-DRY,BR,false,true
QX-CER-830,"Selection Cleaner","Cereal","750 g",4.10,each,branded,false,false,CMD-WHT,VN,false,false
QX-TIN-831,"Simple Cheese","Tinned","400 g",2.53,each,branded,false,false,CMD-ALU,BR,false,false
QX-PET-832,"Hearty Yoghurt","Pet","6 pack",2.02,each,branded,false,false,CMD-WHT,BR,false,false
QX-FRZ-833,"Cottage Apples","Frozen","1 L",4.72,each,core,true,true,CMD-DRY,BR,false,true
QX-DRK-834,"Crisp Rice","Drinks","500 ml",4.55,each,value,true,false,CMD-SUN,DK,false,false
QX-DRY-835,"Meadow Shampoo","Dry goods","1 L",5.83,each,branded,false,false,CMD-WHT,GH,false,false
QX-FRZ-836,"Cottage Cheese","Frozen","2 L",2.05,each,branded,false,true,CMD-DRY,BR,false,true
QX-BAK-837,"Everyday Beans","Bakery","1 L",2.77,each,core,true,false,CMD-WHT,MA,false,false
QX-HBC-838,"Everyday Peas","Health and beauty","1 L",2.41,each,branded,false,false,CMD-PLM,CR,false,false
QX-TIN-839,"Selection Yoghurt","Tinned","6 pack",2.36,each,core,true,false,CMD-ALU,BR,true,false
QX-BAK-840,"Bites Juice","Bakery","2 L",1.94,each,branded,false,false,CMD-WHT,BR,false,false
QX-CER-841,"Choice Cleaner","Cereal","400 g",2.74,each,core,true,false,CMD-WHT,CR,false,false
QX-BWS-843,"Hearty Shampoo","Beer wine spirits","500 ml",37.03,each,core,true,false,CMD-GAS,CR,false,false
QX-TIN-844,"Simple Juice","Tinned","1 kg",2.88,each,branded,false,false,CMD-ALU,BZ,false,false
QX-HHD-845,"Fresh Beans","Household","400 g",6.72,each,finest,true,false,CMD-BRD,TR,true,false
QX-PRO-846,"Cottage Coffee","Produce","500 ml",2.53,each,value,true,false,CMD-DSL,BR,true,true
QX-FRZ-847,"Selection Tea","Frozen","1 kg",6.28,each,core,true,false,CMD-DRY,VN,false,true
QX-DRY-849,"Rounds Chicken","Dry goods","250 g",6.65,each,branded,false,false,CMD-WHT,BR,false,false
QX-FRZ-850,"Choice Yoghurt","Frozen","2 L",6.30,each,branded,false,false,CMD-DRY,BR,false,true
QX-CER-851,"Choice Cleaner","Cereal","1 kg",3.28,each,branded,false,true,CMD-WHT,BR,false,false
QX-BAK-852,"Cottage Beans","Bakery","750 g",2.40,each,branded,false,false,CMD-WHT,BR,false,false
QX-DRK-853,"Reserve Cheese","Drinks","500 ml",4.06,each,core,true,false,CMD-SUN,BR,false,false
QX-HBC-854,"Orchard Juice","Health and beauty","1 kg",3.13,each,value,true,false,CMD-PLM,BR,false,false
QX-HHD-855,"Simple Rice","Household","400 g",5.55,each,branded,false,false,CMD-BRD,BR,false,false
QX-CHL-856,"Reserve Peas","Chilled","750 g",4.79,each,branded,false,false,CMD-DRY,BR,false,true
QX-HBC-857,"Cottage Pasta","Health and beauty","400 g",4.85,each,branded,false,true,CMD-PLM,BR,false,false
QX-PRO-858,"Selection Chicken","Produce","per kg",2.70,kg,core,true,false,CMD-DSL,NL,true,true
QX-DRK-859,"Orchard Beans","Drinks","1 L",0.76,each,core,true,false,CMD-SUN,NL,false,false
QX-DRY-860,"Original Biscuits","Dry goods","1 L",2.31,each,branded,false,false,CMD-WHT,BR,false,false
QX-DRK-861,"Hearty Apples","Drinks","1 kg",4.78,each,core,true,false,CMD-SUN,BR,false,false
QX-TIN-862,"Reserve Coffee","Tinned","2 L",2.30,each,core,true,false,CMD-ALU,TR,false,false
QX-DRY-863,"Everyday Yoghurt","Dry goods","6 pack",2.72,each,branded,false,false,CMD-WHT,BR,false,false
QX-BWS-864,"Fresh Cleaner","Beer wine spirits","2 L",5.87,each,branded,false,true,CMD-GAS,BR,false,false
QX-HBC-865,"Hearty Cleaner","Health and beauty","500 g",2.11,each,finest,true,false,CMD-PLM,BR,false,false
QX-PET-866,"Orchard Cheese","Pet","1 L",6.64,each,branded,false,false,CMD-WHT,BR,false,false
QX-BWS-867,"Harvest Pasta","Beer wine spirits","500 g",10.64,each,branded,false,false,CMD-GAS,BR,false,false
QX-PET-869,"Fresh Juice","Pet","400 g",4.48,each,branded,false,false,CMD-WHT,CR,false,false
QX-TIN-870,"Crisp Coffee","Tinned","1 kg",2.88,each,value,true,false,CMD-ALU,GH,false,false
QX-DRY-871,"Crisp Biscuits","Dry goods","750 g",6.88,each,branded,false,false,CMD-WHT,BR,false,false
QX-PET-872,"Rounds Tea","Pet","750 g",2.13,each,branded,false,false,CMD-WHT,ES,false,false
QX-BAK-873,"Cottage Beans","Bakery","per kg",8.85,kg,branded,false,false,CMD-WHT,BR,false,false
QX-FRZ-874,"Harvest Chicken","Frozen","2 L",2.37,each,branded,false,false,CMD-DRY,BR,false,true
QX-HBC-875,"Selection Tea","Health and beauty","750 g",1.35,each,core,true,false,CMD-PLM,BZ,false,false
QX-CHL-876,"Meadow Chicken","Chilled","400 g",6.84,each,branded,false,false,CMD-DRY,TR,false,true
QX-BAK-877,"Crunch Cheese","Bakery","400 g",1.90,each,branded,false,false,CMD-WHT,BR,false,false
QX-TIN-878,"Hearty Apples","Tinned","500 ml",0.76,each,branded,false,false,CMD-ALU,CR,false,false
QX-BAK-879,"Original Peas","Bakery","2 L",1.81,each,core,true,false,CMD-WHT,BR,false,false
QX-DRY-880,"Rounds Juice","Dry goods","750 g",4.41,each,core,true,false,CMD-WHT,BR,false,false
QX-PRO-881,"Everyday Juice","Produce","250 g",2.16,each,core,true,false,CMD-DSL,BR,false,true
QX-BAK-882,"Fresh Biscuits","Bakery","per kg",7.96,kg,core,true,false,CMD-WHT,BR,false,false
QX-PET-883,"Reserve Yoghurt","Pet","2 L",4.05,each,branded,false,false,CMD-WHT,BR,false,false
QX-PET-884,"Reserve Coffee","Pet","2 L",7.11,each,branded,false,false,CMD-WHT,VN,false,false
QX-FRZ-885,"Reserve Tea","Frozen","750 g",3.75,each,core,true,false,CMD-DRY,BR,true,true
QX-PRO-886,"Crisp Rice","Produce","per kg",3.17,kg,core,true,false,CMD-DSL,CR,false,true
QX-FRZ-888,"Classic Pasta","Frozen","6 pack",2.29,each,core,true,false,CMD-DRY,KE,false,true
QX-CER-889,"Hearty Flakes","Cereal","250 g",3.01,each,value,true,true,CMD-WHT,BR,false,false
QX-CER-890,"Hearty Juice","Cereal","250 g",3.47,each,branded,false,false,CMD-WHT,BR,false,false
QX-BAK-891,"Orchard Yoghurt","Bakery","per kg",5.75,kg,branded,false,false,CMD-WHT,CR,false,false
QX-BAK-892,"Fresh Sauce","Bakery","per kg",8.69,kg,branded,false,true,CMD-WHT,BZ,false,false
QX-DRY-893,"Everyday Sauce","Dry goods","750 g",1.25,each,core,true,false,CMD-WHT,PL,false,false
QX-TIN-894,"Simple Juice","Tinned","400 g",2.70,each,core,true,false,CMD-ALU,BR,false,false
QX-CHL-895,"Orchard Tea","Chilled","2 L",2.34,each,core,true,false,CMD-DRY,BR,false,true
QX-BAK-896,"Crunch Cheese","Bakery","400 g",1.73,each,finest,true,false,CMD-WHT,GH,false,false
QX-BWS-897,"Simple Apples","Beer wine spirits","250 g",13.42,each,value,true,false,CMD-GAS,ES,false,false
QX-HHD-898,"Hearty Apples","Household","2 L",10.61,each,branded,false,false,CMD-BRD,PL,false,false
QX-CER-899,"Simple Apples","Cereal","250 g",2.70,each,branded,false,false,CMD-WHT,NL,false,false
QX-TIN-900,"Golden Apples","Tinned","400 g",1.15,each,core,true,false,CMD-ALU,KE,false,false
QX-FRZ-901,"Rounds Rice","Frozen","750 g",6.62,each,branded,false,false,CMD-DRY,KE,false,true
QX-FRZ-902,"Original Loaf","Frozen","250 g",6.06,each,branded,false,false,CMD-DRY,DK,false,true
QX-CER-903,"Crunch Yoghurt","Cereal","400 g",4.75,each,core,true,false,CMD-WHT,BR,false,false
QX-FRZ-904,"Simple Sauce","Frozen","2 L",4.45,each,finest,true,false,CMD-DRY,BR,false,true
QX-FRZ-905,"Everyday Cleaner","Frozen","400 g",7.12,each,branded,false,true,CMD-DRY,BR,false,true
QX-PET-906,"Harvest Tea","Pet","6 pack",7.17,each,branded,false,false,CMD-WHT,BR,false,false
QX-PRO-907,"Classic Beans","Produce","500 ml",4.17,each,branded,false,true,CMD-DSL,BR,false,true
QX-PET-908,"Crisp Sauce","Pet","500 g",1.39,each,branded,false,false,CMD-WHT,BR,false,false
QX-DRK-909,"Everyday Shampoo","Drinks","2 L",0.60,each,core,true,false,CMD-SUN,TR,false,false
QX-DRY-910,"Reserve Pasta","Dry goods","2 L",5.13,each,branded,false,false,CMD-WHT,ES,false,false
QX-DRK-911,"Reserve Chicken","Drinks","6 pack",1.34,each,branded,false,false,CMD-SUN,NL,false,false
QX-FRZ-912,"Cottage Biscuits","Frozen","500 g",5.52,each,branded,false,false,CMD-DRY,BR,false,true
QX-PRO-913,"Classic Rice","Produce","per kg",2.35,kg,core,true,true,CMD-DSL,BR,false,true
QX-TIN-914,"Harvest Loaf","Tinned","1 kg",0.65,each,branded,false,false,CMD-ALU,TR,false,false
QX-TIN-915,"Rounds Shampoo","Tinned","500 ml",1.03,each,core,true,false,CMD-ALU,BR,false,false
QX-TIN-916,"Crisp Juice","Tinned","6 pack",2.58,each,branded,false,false,CMD-ALU,NL,false,false
QX-CER-917,"Crisp Loaf","Cereal","6 pack",2.03,each,branded,false,false,CMD-WHT,BR,false,false
QX-TIN-918,"Fresh Peas","Tinned","6 pack",2.21,each,core,true,false,CMD-ALU,TR,false,false
QX-PRO-919,"Rounds Beans","Produce","400 g",5.02,each,core,true,true,CMD-DSL,BR,false,true
QX-HBC-920,"Hearty Tea","Health and beauty","750 g",9.40,each,core,true,false,CMD-PLM,BR,false,false
QX-CHL-921,"Selection Beans","Chilled","500 ml",3.60,each,value,true,false,CMD-DRY,BR,false,true
QX-DRK-922,"Golden Rice","Drinks","500 g",3.10,each,branded,false,false,CMD-SUN,BR,false,false
QX-PRO-923,"Original Chicken","Produce","per kg",3.80,kg,core,true,false,CMD-DSL,BR,false,true
QX-HBC-924,"Fresh Yoghurt","Health and beauty","400 g",13.12,each,core,true,false,CMD-PLM,NL,false,false
QX-CHL-925,"Selection Butter","Chilled","400 g",4.26,each,branded,false,false,CMD-DRY,GH,false,true
QX-PRO-926,"Original Apples","Produce","1 kg",3.89,each,branded,false,false,CMD-DSL,BR,false,true
QX-PET-927,"Cottage Butter","Pet","1 L",7.66,each,branded,false,false,CMD-WHT,BR,false,false
QX-HBC-928,"Everyday Butter","Health and beauty","400 g",13.76,each,branded,false,false,CMD-PLM,BR,false,false
QX-HHD-929,"Golden Biscuits","Household","1 L",6.94,each,value,true,false,CMD-BRD,BR,true,false
QX-FRZ-930,"Selection Yoghurt","Frozen","500 ml",5.71,each,branded,false,false,CMD-DRY,BR,false,true
QX-PET-931,"Crunch Loaf","Pet","1 kg",2.98,each,core,true,true,CMD-WHT,BR,false,false
QX-CHL-932,"Fresh Juice","Chilled","per kg",8.74,kg,branded,false,false,CMD-DRY,BR,false,true
QX-FRZ-933,"Fresh Biscuits","Frozen","1 L",7.04,each,branded,false,false,CMD-DRY,CR,false,true
QX-CHL-935,"Selection Loaf","Chilled","2 L",8.31,each,branded,false,false,CMD-DRY,BR,false,true
QX-TIN-936,"Harvest Rice","Tinned","500 ml",1.61,each,branded,false,false,CMD-ALU,BR,false,false
QX-HBC-937,"Original Rice","Health and beauty","6 pack",9.69,each,branded,false,false,CMD-PLM,BR,false,false
QX-TIN-938,"Harvest Flakes","Tinned","500 ml",1.37,each,branded,false,false,CMD-ALU,BR,false,false
QX-TIN-939,"Meadow Coffee","Tinned","1 L",2.45,each,branded,false,false,CMD-ALU,CR,false,false
QX-DRK-940,"Crisp Yoghurt","Drinks","6 pack",0.82,each,value,true,true,CMD-SUN,BR,false,false
QX-FRZ-941,"Original Yoghurt","Frozen","750 g",5.71,each,branded,false,false,CMD-DRY,BR,false,true
QX-HHD-942,"Reserve Peas","Household","250 g",11.86,each,branded,false,false,CMD-BRD,BR,false,false
QX-CHL-943,"Fresh Shampoo","Chilled","750 g",8.95,each,core,true,false,CMD-DRY,BR,false,true
QX-BWS-944,"Harvest Biscuits","Beer wine spirits","1 L",7.42,each,branded,false,false,CMD-GAS,VN,false,false
QX-DRY-945,"Rounds Chicken","Dry goods","400 g",4.91,each,core,true,false,CMD-WHT,ES,false,false
QX-CER-946,"Orchard Cleaner","Cereal","500 ml",3.36,each,branded,false,true,CMD-WHT,BR,false,false
QX-BAK-947,"Selection Pasta","Bakery","500 ml",2.26,each,branded,false,false,CMD-WHT,BR,false,false
QX-DRK-948,"Orchard Loaf","Drinks","400 g",6.42,each,branded,false,false,CMD-SUN,GH,false,false
QX-PRO-949,"Everyday Shampoo","Produce","500 ml",3.94,each,branded,false,false,CMD-DSL,BR,false,true
QX-TIN-951,"Everyday Coffee","Tinned","500 ml",1.46,each,branded,false,false,CMD-ALU,BR,false,false
QX-DRY-952,"Original Sauce","Dry goods","1 L",3.51,each,branded,false,false,CMD-WHT,BR,false,false
QX-FRZ-953,"Rounds Flakes","Frozen","750 g",7.23,each,value,true,false,CMD-DRY,VN,false,true
QX-CER-954,"Classic Apples","Cereal","500 g",3.40,each,finest,true,false,CMD-WHT,BR,false,false
QX-BAK-955,"Crunch Beans","Bakery","6 pack",4.06,each,branded,false,false,CMD-WHT,BR,false,false
QX-PET-956,"Rounds Peas","Pet","1 kg",3.38,each,core,true,false,CMD-WHT,BR,false,false
QX-FRZ-957,"Choice Loaf","Frozen","250 g",5.76,each,core,true,false,CMD-DRY,BR,false,true
QX-PET-958,"Crunch Shampoo","Pet","250 g",3.05,each,finest,true,false,CMD-WHT,GH,false,false
QX-HBC-959,"Rounds Flakes","Health and beauty","500 g",9.44,each,branded,false,false,CMD-PLM,NL,false,false
QX-PRO-960,"Hearty Shampoo","Produce","per kg",4.20,kg,branded,false,false,CMD-DSL,KE,false,true
QX-TIN-961,"Choice Pasta","Tinned","750 g",0.51,each,branded,false,false,CMD-ALU,GH,false,false
QX-FRZ-962,"Simple Coffee","Frozen","500 ml",2.47,each,core,true,false,CMD-DRY,KE,false,true
QX-DRK-963,"Reserve Biscuits","Drinks","500 ml",2.34,each,branded,false,false,CMD-SUN,KE,false,false
QX-PRO-964,"Hearty Coffee","Produce","750 g",1.24,each,finest,true,false,CMD-DSL,BR,false,true
QX-BAK-965,"Orchard Flakes","Bakery","2 L",0.64,each,core,true,true,CMD-WHT,BR,false,false
QX-BWS-966,"Fresh Shampoo","Beer wine spirits","250 g",4.83,each,branded,false,false,CMD-GAS,TR,false,false
QX-CER-967,"Classic Flakes","Cereal","500 g",3.47,each,branded,false,false,CMD-WHT,GH,false,false
QX-CER-968,"Hearty Peas","Cereal","500 ml",4.75,each,branded,false,false,CMD-WHT,BR,false,false
QX-HHD-969,"Harvest Juice","Household","400 g",11.28,each,branded,false,false,CMD-BRD,BR,false,false
QX-DRY-970,"Harvest Pasta","Dry goods","500 g",6.09,each,branded,false,false,CMD-WHT,BR,false,false
QX-CHL-971,"Bites Cleaner","Chilled","1 L",4.40,each,branded,false,false,CMD-DRY,BR,false,true
QX-HHD-972,"Selection Pasta","Household","250 g",8.88,each,branded,false,false,CMD-BRD,BR,false,false
QX-CER-973,"Orchard Chicken","Cereal","500 ml",1.86,each,core,true,false,CMD-WHT,KE,false,false
QX-HHD-974,"Rounds Tea","Household","500 ml",5.32,each,branded,false,false,CMD-BRD,BR,false,false
QX-CHL-976,"Cottage Peas","Chilled","per kg",9.28,kg,value,true,false,CMD-DRY,PL,true,true
QX-TIN-978,"Classic Cheese","Tinned","250 g",2.09,each,core,true,false,CMD-ALU,DK,true,false
QX-HBC-979,"Fresh Shampoo","Health and beauty","1 L",3.70,each,core,true,false,CMD-PLM,BR,false,false
QX-PET-980,"Fresh Pasta","Pet","250 g",8.24,each,core,true,false,CMD-WHT,BR,false,false
QX-HBC-982,"Original Cleaner","Health and beauty","750 g",6.81,each,branded,false,false,CMD-PLM,BZ,false,false
QX-HBC-983,"Orchard Rice","Health and beauty","250 g",12.03,each,branded,false,false,CMD-PLM,ES,false,false
QX-DRY-984,"Harvest Coffee","Dry goods","500 g",5.63,each,core,true,false,CMD-WHT,BR,true,false
QX-DRK-985,"Hearty Biscuits","Drinks","6 pack",1.70,each,branded,false,false,CMD-SUN,BR,false,false
QX-DRK-986,"Cottage Cheese","Drinks","1 L",2.16,each,core,true,false,CMD-SUN,BR,false,false
QX-HHD-987,"Choice Cleaner","Household","1 kg",2.25,each,value,true,false,CMD-BRD,BR,false,false
QX-HHD-988,"Hearty Beans","Household","1 kg",3.78,each,core,true,false,CMD-BRD,BR,false,false
QX-CHL-989,"Everyday Peas","Chilled","400 g",7.11,each,branded,false,false,CMD-DRY,ES,false,true
QX-DRK-990,"Crunch Cleaner","Drinks","1 L",0.99,each,branded,false,false,CMD-SUN,BR,false,false
QX-BWS-991,"Classic Cleaner","Beer wine spirits","2 L",23.81,each,core,true,false,CMD-GAS,KE,false,false
QX-FRZ-992,"Meadow Sauce","Frozen","500 g",1.14,each,branded,false,false,CMD-DRY,BR,false,true
QX-CHL-993,"Selection Flakes","Chilled","2 L",6.37,each,finest,true,false,CMD-DRY,MA,false,true
QX-BAK-994,"Bites Sauce","Bakery","per kg",3.12,kg,branded,false,false,CMD-WHT,BR,false,false
QX-FRZ-995,"Orchard Butter","Frozen","400 g",5.72,each,branded,false,false,CMD-DRY,VN,false,true
QX-DRY-996,"Orchard Chicken","Dry goods","250 g",3.20,each,branded,false,false,CMD-WHT,BR,false,false
QX-FRZ-997,"Choice Apples","Frozen","6 pack",2.62,each,core,true,false,CMD-DRY,BR,false,true
QX-PRO-999,"Crunch Butter","Produce","1 L",0.68,each,branded,false,false,CMD-DSL,BR,false,true
QX-BAK-000,"Everyday Shampoo","Bakery","per kg",7.84,kg,branded,false,false,CMD-WHT,BR,false,false
QX-BAK-001,"Harvest Shampoo","Bakery","per kg",6.56,kg,value,true,false,CMD-WHT,BR,true,false
QX-CER-003,"Everyday Pasta","Cereal","2 L",2.39,each,branded,false,false,CMD-WHT,BR,false,false
QX-CER-006,"Meadow Cheese","Cereal","400 g",4.17,each,branded,false,false,CMD-WHT,BR,false,false
QX-TIN-007,"Simple Beans","Tinned","250 g",2.66,each,core,true,false,CMD-ALU,CR,true,false
QX-HHD-008,"Selection Coffee","Household","250 g",10.84,each,finest,true,false,CMD-BRD,BR,false,false
QX-HHD-009,"Crisp Rice","Household","500 ml",10.71,each,core,true,false,CMD-BRD,BR,false,false
QX-HBC-010,"Meadow Biscuits","Health and beauty","1 L",13.34,each,core,true,false,CMD-PLM,MA,false,false
QX-CHL-012,"Classic Cheese","Chilled","per kg",19.60,kg,branded,false,false,CMD-DRY,GH,false,true
QX-PET-013,"Simple Tea","Pet","750 g",6.07,each,value,true,false,CMD-WHT,BR,false,false
QX-HHD-014,"Original Peas","Household","500 g",2.30,each,core,true,false,CMD-BRD,BR,false,false
QX-DRY-016,"Classic Cheese","Dry goods","500 ml",1.54,each,core,true,true,CMD-WHT,BR,false,false
QX-DRY-017,"Golden Biscuits","Dry goods","250 g",1.98,each,branded,false,false,CMD-WHT,BR,false,false
QX-PET-018,"Hearty Rice","Pet","500 ml",2.86,each,branded,false,true,CMD-WHT,BR,false,false
QX-FRZ-019,"Classic Cleaner","Frozen","250 g",4.04,each,branded,false,false,CMD-DRY,VN,false,true
QX-HBC-020,"Crunch Shampoo","Health and beauty","2 L",9.97,each,branded,false,false,CMD-PLM,BR,false,false
QX-HBC-021,"Meadow Biscuits","Health and beauty","500 g",11.35,each,finest,true,false,CMD-PLM,NL,false,false
QX-FRZ-022,"Fresh Apples","Frozen","6 pack",4.74,each,branded,false,false,CMD-DRY,BR,false,true
QX-HHD-023,"Bites Flakes","Household","1 kg",7.03,each,value,true,false,CMD-BRD,BR,false,false
QX-DRY-024,"Everyday Biscuits","Dry goods","1 L",5.97,each,branded,false,false,CMD-WHT,DK,false,false
QX-PRO-025,"Cottage Loaf","Produce","per kg",3.62,kg,core,true,false,CMD-DSL,BR,false,true
QX-PET-026,"Reserve Cheese","Pet","1 L",8.36,each,branded,false,false,CMD-WHT,DK,false,false
QX-TIN-027,"Crisp Beans","Tinned","400 g",2.10,each,branded,false,false,CMD-ALU,DK,false,false
QX-FRZ-028,"Classic Cleaner","Frozen","2 L",2.40,each,branded,false,false,CMD-DRY,BR,false,true
QX-FRZ-029,"Harvest Shampoo","Frozen","250 g",2.10,each,branded,false,false,CMD-DRY,BR,false,true
QX-DRK-030,"Reserve Beans","Drinks","500 ml",5.01,each,branded,false,false,CMD-SUN,BR,false,false
QX-TIN-031,"Hearty Cheese","Tinned","1 L",2.47,each,core,true,true,CMD-ALU,BR,false,false
QX-CHL-032,"Simple Loaf","Chilled","per kg",20.40,kg,value,true,false,CMD-DRY,GH,false,true
QX-HHD-033,"Cottage Beans","Household","1 kg",8.26,each,core,true,false,CMD-BRD,DK,false,false
QX-CER-034,"Selection Cleaner","Cereal","500 ml",2.13,each,branded,false,false,CMD-WHT,BR,false,false
QX-PET-035,"Harvest Pasta","Pet","6 pack",5.00,each,branded,false,false,CMD-WHT,NL,false,false
QX-DRK-036,"Simple Shampoo","Drinks","1 L",2.87,each,core,true,false,CMD-SUN,GH,false,false
QX-CER-037,"Harvest Sauce","Cereal","1 L",1.83,each,core,true,false,CMD-WHT,BR,false,false
QX-CER-038,"Choice Sauce","Cereal","1 L",1.22,each,branded,false,false,CMD-WHT,BR,false,false
QX-DRY-039,"Crunch Juice","Dry goods","500 g",4.42,each,branded,false,false,CMD-WHT,KE,false,false
QX-PRO-040,"Classic Cheese","Produce","2 L",0.45,each,value,true,true,CMD-DSL,BR,false,true
QX-DRY-041,"Orchard Juice","Dry goods","1 kg",2.75,each,branded,false,false,CMD-WHT,VN,false,false
QX-DRY-042,"Golden Rice","Dry goods","1 kg",3.33,each,branded,false,true,CMD-WHT,BZ,false,false
QX-PRO-043,"Simple Sauce","Produce","1 L",3.30,each,branded,false,false,CMD-DSL,CR,false,true
QX-BAK-044,"Bites Cleaner","Bakery","per kg",6.11,kg,branded,false,false,CMD-WHT,BR,false,false
QX-PET-045,"Golden Rice","Pet","1 kg",5.52,each,branded,false,false,CMD-WHT,BR,false,false
QX-DRY-046,"Orchard Rice","Dry goods","2 L",1.97,each,branded,false,false,CMD-WHT,BR,false,false
QX-FRZ-048,"Hearty Cleaner","Frozen","750 g",6.70,each,finest,true,false,CMD-DRY,TR,false,true
QX-FRZ-049,"Orchard Cheese","Frozen","750 g",1.87,each,branded,false,false,CMD-DRY,PL,false,true
QX-HHD-050,"Reserve Peas","Household","2 L",7.94,each,branded,false,false,CMD-BRD,BR,false,false
QX-CER-051,"Harvest Juice","Cereal","6 pack",4.22,each,branded,false,false,CMD-WHT,BR,false,false
QX-CER-052,"Classic Cleaner","Cereal","2 L",4.14,each,branded,false,false,CMD-WHT,MA,false,false
QX-DRY-054,"Crunch Cleaner","Dry goods","500 g",1.22,each,core,true,false,CMD-WHT,VN,false,false
QX-BWS-055,"Choice Cheese","Beer wine spirits","750 g",14.97,each,branded,false,false,CMD-GAS,ES,false,false
QX-BAK-056,"Fresh Rice","Bakery","750 g",2.84,each,value,true,false,CMD-WHT,PL,false,false
QX-BWS-057,"Crunch Sauce","Beer wine spirits","750 g",29.15,each,finest,true,false,CMD-GAS,CR,false,false
QX-DRY-058,"Harvest Coffee","Dry goods","250 g",3.23,each,value,true,true,CMD-WHT,BR,false,false
QX-DRK-059,"Choice Peas","Drinks","1 L",2.77,each,branded,false,false,CMD-SUN,BR,false,false
QX-BAK-060,"Classic Apples","Bakery","1 kg",1.43,each,branded,false,false,CMD-WHT,BR,false,false
QX-TIN-061,"Orchard Chicken","Tinned","2 L",0.76,each,branded,false,false,CMD-ALU,TR,false,false
QX-HBC-062,"Everyday Butter","Health and beauty","500 g",9.96,each,value,true,false,CMD-PLM,BR,true,false
QX-BAK-063,"Harvest Apples","Bakery","per kg",6.70,kg,core,true,true,CMD-WHT,BR,false,false
QX-CER-064,"Choice Peas","Cereal","750 g",2.35,each,branded,false,false,CMD-WHT,NL,false,false
QX-PRO-065,"Simple Peas","Produce","1 L",0.69,each,branded,false,false,CMD-DSL,BR,false,true
QX-FRZ-066,"Rounds Coffee","Frozen","1 L",2.90,each,core,true,false,CMD-DRY,TR,false,true
QX-FRZ-067,"Crisp Cleaner","Frozen","400 g",2.04,each,core,true,false,CMD-DRY,BR,false,true
QX-PRO-068,"Cottage Cheese","Produce","2 L",1.80,each,core,true,false,CMD-DSL,BR,true,true
QX-CHL-069,"Crisp Rice","Chilled","2 L",1.10,each,branded,false,false,CMD-DRY,BR,false,true
QX-HHD-070,"Choice Flakes","Household","1 kg",5.80,each,core,true,false,CMD-BRD,BR,false,false
QX-FRZ-071,"Hearty Cheese","Frozen","400 g",3.48,each,finest,true,false,CMD-DRY,BR,false,true
QX-PET-072,"Fresh Biscuits","Pet","250 g",8.04,each,branded,false,true,CMD-WHT,KE,false,false
QX-TIN-073,"Reserve Yoghurt","Tinned","1 kg",2.12,each,branded,false,false,CMD-ALU,NL,false,false
QX-HBC-074,"Rounds Sauce","Health and beauty","750 g",1.45,each,branded,false,false,CMD-PLM,BR,false,false
QX-BAK-076,"Cottage Juice","Bakery","per kg",2.95,kg,branded,false,true,CMD-WHT,BR,false,false
QX-HHD-077,"Fresh Beans","Household","400 g",4.03,each,branded,false,false,CMD-BRD,TR,false,false
QX-PET-078,"Crunch Beans","Pet","6 pack",2.45,each,branded,false,false,CMD-WHT,BR,false,false
QX-FRZ-079,"Cottage Pasta","Frozen","500 g",4.48,each,branded,false,false,CMD-DRY,BR,false,true
QX-HBC-080,"Fresh Tea","Health and beauty","750 g",10.50,each,branded,false,true,CMD-PLM,BR,false,false
QX-BAK-081,"Orchard Chicken","Bakery","6 pack",2.63,each,branded,false,false,CMD-WHT,NL,false,false
QX-CHL-082,"Rounds Peas","Chilled","per kg",18.10,kg,branded,false,false,CMD-DRY,BR,false,true
QX-TIN-083,"Fresh Tea","Tinned","400 g",1.14,each,branded,false,false,CMD-ALU,ES,false,false
QX-HBC-084,"Rounds Biscuits","Health and beauty","250 g",5.19,each,branded,false,false,CMD-PLM,ES,false,false
QX-PET-085,"Orchard Cleaner","Pet","2 L",7.88,each,branded,false,true,CMD-WHT,BR,false,false
QX-HHD-086,"Crunch Peas","Household","500 ml",11.27,each,core,true,false,CMD-BRD,NL,false,false
QX-CHL-087,"Crisp Biscuits","Chilled","1 kg",6.16,each,branded,false,false,CMD-DRY,MA,false,true
QX-DRK-088,"Hearty Loaf","Drinks","6 pack",4.10,each,core,true,false,CMD-SUN,BR,false,false
QX-HBC-089,"Choice Rice","Health and beauty","250 g",7.09,each,branded,false,false,CMD-PLM,BR,false,false
QX-PET-090,"Harvest Cleaner","Pet","500 g",2.46,each,core,true,false,CMD-WHT,MA,false,false
QX-BWS-091,"Cottage Juice","Beer wine spirits","500 g",4.67,each,branded,false,false,CMD-GAS,BR,false,false
QX-HHD-092,"Hearty Flakes","Household","400 g",4.70,each,branded,false,false,CMD-BRD,ES,false,false
QX-HHD-093,"Golden Shampoo","Household","1 L",3.15,each,core,true,false,CMD-BRD,ES,false,false
QX-BWS-094,"Crunch Peas","Beer wine spirits","6 pack",28.88,each,branded,false,false,CMD-GAS,BR,false,false
QX-FRZ-095,"Meadow Shampoo","Frozen","400 g",7.96,each,core,true,false,CMD-DRY,BR,false,true
QX-PET-097,"Crunch Cheese","Pet","400 g",7.05,each,core,true,false,CMD-WHT,GH,false,false
QX-CHL-098,"Meadow Rice","Chilled","per kg",6.44,kg,core,true,false,CMD-DRY,GH,false,true
QX-DRK-099,"Reserve Loaf","Drinks","6 pack",3.74,each,branded,false,false,CMD-SUN,BR,false,false
QX-PET-100,"Everyday Flakes","Pet","400 g",2.57,each,core,true,true,CMD-WHT,BR,false,false
QX-HHD-101,"Rounds Cleaner","Household","250 g",5.23,each,value,true,false,CMD-BRD,BR,false,false
QX-HHD-102,"Reserve Coffee","Household","750 g",5.11,each,branded,false,false,CMD-BRD,TR,false,false
QX-DRK-103,"Original Flakes","Drinks","400 g",3.25,each,finest,true,true,CMD-SUN,BR,false,false
QX-DRK-104,"Crunch Loaf","Drinks","1 L",1.78,each,branded,false,false,CMD-SUN,BR,false,false
QX-CHL-105,"Fresh Cleaner","Chilled","400 g",1.93,each,branded,false,false,CMD-DRY,BR,false,true
QX-CER-106,"Meadow Cheese","Cereal","6 pack",1.21,each,core,true,false,CMD-WHT,BR,false,false
QX-DRY-107,"Choice Shampoo","Dry goods","1 L",5.87,each,branded,false,false,CMD-WHT,CR,false,false
QX-TIN-108,"Meadow Yoghurt","Tinned","1 L",1.60,each,branded,false,false,CMD-ALU,BR,false,false
QX-BAK-109,"Choice Chicken","Bakery","per kg",4.07,kg,value,true,false,CMD-WHT,BR,false,false
QX-DRY-110,"Orchard Peas","Dry goods","750 g",1.00,each,branded,false,false,CMD-WHT,BR,false,false
QX-DRY-111,"Crisp Loaf","Dry goods","400 g",4.71,each,branded,false,false,CMD-WHT,BR,false,false
QX-BAK-112,"Simple Rice","Bakery","250 g",3.67,each,core,true,false,CMD-WHT,NL,false,false
QX-FRZ-113,"Simple Butter","Frozen","250 g",5.78,each,value,true,false,CMD-DRY,CR,false,true
QX-HBC-114,"Classic Flakes","Health and beauty","500 g",6.83,each,core,true,false,CMD-PLM,KE,false,false
QX-CER-115,"Harvest Cheese","Cereal","400 g",4.29,each,branded,false,false,CMD-WHT,BR,false,false
QX-DRY-116,"Crisp Juice","Dry goods","500 g",6.07,each,branded,false,false,CMD-WHT,DK,false,false
QX-TIN-117,"Bites Pasta","Tinned","6 pack",0.70,each,branded,false,false,CMD-ALU,BR,false,false
QX-BWS-118,"Everyday Beans","Beer wine spirits","400 g",10.83,each,branded,false,true,CMD-GAS,BR,false,false
QX-DRY-119,"Reserve Chicken","Dry goods","1 L",6.59,each,branded,false,false,CMD-WHT,PL,false,false
QX-DRY-121,"Hearty Beans","Dry goods","500 ml",6.84,each,finest,true,false,CMD-WHT,TR,false,false
QX-TIN-122,"Crunch Sauce","Tinned","250 g",0.72,each,value,true,false,CMD-ALU,BR,false,false
QX-CHL-123,"Bites Flakes","Chilled","per kg",22.33,kg,branded,false,false,CMD-DRY,BR,false,true
QX-TIN-124,"Golden Juice","Tinned","2 L",2.28,each,core,true,false,CMD-ALU,BR,false,false
QX-DRK-125,"Hearty Chicken","Drinks","6 pack",1.45,each,branded,false,false,CMD-SUN,BR,false,false
QX-BWS-126,"Crisp Peas","Beer wine spirits","500 ml",26.54,each,value,true,false,CMD-GAS,VN,true,false
QX-PRO-127,"Bites Rice","Produce","per kg",3.00,kg,branded,false,false,CMD-DSL,BR,false,true
QX-DRY-129,"Cottage Loaf","Dry goods","500 ml",1.06,each,branded,false,false,CMD-WHT,BR,false,false
QX-PRO-130,"Everyday Butter","Produce","per kg",1.23,kg,branded,false,false,CMD-DSL,BR,false,true
QX-BAK-131,"Orchard Chicken","Bakery","6 pack",2.77,each,branded,false,false,CMD-WHT,BR,false,false
QX-HBC-132,"Selection Beans","Health and beauty","400 g",8.93,each,finest,true,false,CMD-PLM,BR,false,false
QX-FRZ-133,"Classic Cheese","Frozen","750 g",4.22,each,core,true,false,CMD-DRY,BR,true,true
QX-CER-134,"Cottage Peas","Cereal","500 ml",3.21,each,core,true,false,CMD-WHT,BR,true,false
QX-CER-135,"Original Biscuits","Cereal","250 g",3.59,each,branded,false,true,CMD-WHT,BR,false,false
QX-DRK-136,"Cottage Pasta","Drinks","250 g",3.82,each,branded,false,false,CMD-SUN,TR,false,false
QX-PET-137,"Fresh Tea","Pet","250 g",1.55,each,branded,false,false,CMD-WHT,MA,false,false
QX-TIN-138,"Choice Juice","Tinned","400 g",2.77,each,core,true,true,CMD-ALU,PL,false,false
QX-BAK-139,"Orchard Rice","Bakery","500 ml",3.38,each,branded,false,false,CMD-WHT,BR,false,false
QX-DRY-140,"Crunch Beans","Dry goods","500 g",5.11,each,branded,false,false,CMD-WHT,VN,false,false
QX-CER-141,"Rounds Beans","Cereal","500 ml",4.24,each,branded,false,false,CMD-WHT,BR,false,false
QX-PRO-142,"Original Peas","Produce","per kg",2.30,kg,branded,false,true,CMD-DSL,BR,false,true
QX-CER-143,"Orchard Cleaner","Cereal","250 g",1.96,each,finest,true,true,CMD-WHT,BR,false,false
QX-CHL-145,"Selection Loaf","Chilled","500 ml",3.99,each,branded,false,true,CMD-DRY,VN,false,true
QX-TIN-146,"Crunch Butter","Tinned","6 pack",2.06,each,branded,false,false,CMD-ALU,ES,false,false
QX-BWS-147,"Crisp Tea","Beer wine spirits","750 g",16.52,each,branded,false,false,CMD-GAS,PL,false,false
QX-HHD-148,"Meadow Beans","Household","400 g",5.47,each,branded,false,false,CMD-BRD,BR,false,false
QX-PET-150,"Simple Pasta","Pet","1 L",3.50,each,branded,false,false,CMD-WHT,BR,false,false
QX-CER-151,"Hearty Sauce","Cereal","500 ml",1.71,each,value,true,true,CMD-WHT,VN,false,false
QX-DRK-152,"Original Coffee","Drinks","500 g",3.11,each,branded,false,false,CMD-SUN,BR,false,false
QX-PRO-154,"Fresh Beans","Produce","1 L",3.91,each,branded,false,true,CMD-DSL,BZ,false,true
QX-CER-156,"Fresh Beans","Cereal","1 L",2.57,each,core,true,false,CMD-WHT,BR,false,false
QX-PRO-158,"Fresh Peas","Produce","500 g",4.46,each,branded,false,false,CMD-DSL,BR,false,true
QX-CHL-159,"Classic Peas","Chilled","2 L",8.29,each,core,true,false,CMD-DRY,MA,true,true
QX-HBC-160,"Original Butter","Health and beauty","500 ml",14.18,each,branded,false,false,CMD-PLM,GH,false,false
QX-TIN-161,"Rounds Butter","Tinned","6 pack",1.72,each,core,true,false,CMD-ALU,BR,false,false
QX-PRO-162,"Simple Sauce","Produce","2 L",2.16,each,branded,false,false,CMD-DSL,BR,false,true
QX-BWS-163,"Fresh Cleaner","Beer wine spirits","500 g",18.40,each,finest,true,false,CMD-GAS,BR,true,false
QX-DRK-164,"Meadow Tea","Drinks","2 L",3.49,each,branded,false,true,CMD-SUN,BR,false,false
QX-TIN-165,"Meadow Biscuits","Tinned","500 g",1.98,each,branded,false,false,CMD-ALU,DK,false,false
QX-DRY-166,"Crisp Chicken","Dry goods","250 g",1.39,each,branded,false,false,CMD-WHT,GH,false,false
QX-DRK-167,"Everyday Peas","Drinks","500 g",6.12,each,core,true,false,CMD-SUN,PL,false,false
QX-TIN-168,"Original Biscuits","Tinned","250 g",0.97,each,core,true,false,CMD-ALU,BR,false,false
QX-BAK-169,"Original Juice","Bakery","500 g",0.78,each,core,true,false,CMD-WHT,BR,false,false
QX-DRY-170,"Selection Rice","Dry goods","500 g",4.50,each,core,true,true,CMD-WHT,BR,false,false
QX-HBC-171,"Reserve Coffee","Health and beauty","250 g",11.05,each,core,true,false,CMD-PLM,GH,false,false
QX-BAK-172,"Fresh Beans","Bakery","1 kg",2.99,each,branded,false,false,CMD-WHT,BR,false,false
QX-HHD-173,"Orchard Biscuits","Household","750 g",8.65,each,branded,false,false,CMD-BRD,BR,false,false
QX-BWS-174,"Hearty Pasta","Beer wine spirits","500 g",31.12,each,core,true,false,CMD-GAS,DK,false,false
QX-CHL-175,"Bites Loaf","Chilled","1 kg",7.45,each,branded,false,false,CMD-DRY,NL,false,true
QX-FRZ-176,"Golden Coffee","Frozen","500 g",4.64,each,branded,false,false,CMD-DRY,BR,false,true
QX-DRK-177,"Classic Butter","Drinks","6 pack",6.15,each,core,true,false,CMD-SUN,BR,false,false
QX-PET-178,"Orchard Cleaner","Pet","1 L",8.16,each,value,true,false,CMD-WHT,VN,false,false
QX-PET-179,"Original Beans","Pet","2 L",7.96,each,branded,false,false,CMD-WHT,BZ,false,false
QX-HBC-180,"Crunch Pasta","Health and beauty","1 L",13.89,each,branded,false,false,CMD-PLM,BR,false,false
QX-PET-181,"Golden Peas","Pet","500 ml",3.88,each,core,true,false,CMD-WHT,BR,false,false
QX-DRK-182,"Rounds Cheese","Drinks","750 g",5.04,each,branded,false,false,CMD-SUN,BR,false,false
QX-BAK-183,"Harvest Apples","Bakery","1 L",2.20,each,branded,false,false,CMD-WHT,BR,false,false
QX-HHD-184,"Selection Sauce","Household","500 ml",10.87,each,branded,false,false,CMD-BRD,NL,false,false
QX-TIN-185,"Everyday Yoghurt","Tinned","500 g",1.00,each,branded,false,false,CMD-ALU,GH,false,false
QX-BWS-186,"Meadow Beans","Beer wine spirits","500 g",8.65,each,core,true,false,CMD-GAS,TR,false,false
QX-PRO-187,"Selection Juice","Produce","per kg",1.48,kg,value,true,false,CMD-DSL,CR,false,true
QX-HBC-188,"Classic Tea","Health and beauty","2 L",1.07,each,value,true,false,CMD-PLM,VN,false,false
QX-DRY-189,"Crunch Pasta","Dry goods","500 ml",5.45,each,branded,false,false,CMD-WHT,CR,false,false
QX-DRK-190,"Simple Biscuits","Drinks","6 pack",2.58,each,branded,false,false,CMD-SUN,BR,false,false
QX-HHD-191,"Hearty Sauce","Household","2 L",3.13,each,core,true,true,CMD-BRD,BR,true,false
QX-PET-192,"Meadow Apples","Pet","400 g",7.47,each,branded,false,false,CMD-WHT,VN,false,false
QX-HHD-193,"Meadow Juice","Household","400 g",8.93,each,branded,false,false,CMD-BRD,KE,false,false
QX-DRY-194,"Choice Peas","Dry goods","400 g",2.14,each,core,true,false,CMD-WHT,BR,false,false
QX-BAK-195,"Golden Apples","Bakery","per kg",6.84,kg,core,true,false,CMD-WHT,BZ,false,false
QX-FRZ-196,"Rounds Cheese","Frozen","750 g",2.06,each,value,true,false,CMD-DRY,BR,false,true
QX-CHL-197,"Original Butter","Chilled","per kg",11.47,kg,branded,false,false,CMD-DRY,NL,false,true
QX-HBC-198,"Selection Flakes","Health and beauty","400 g",13.61,each,branded,false,false,CMD-PLM,BZ,false,false
QX-BAK-199,"Everyday Butter","Bakery","1 L",2.22,each,value,true,false,CMD-WHT,BR,false,false
QX-HBC-200,"Selection Cleaner","Health and beauty","2 L",9.44,each,core,true,false,CMD-PLM,BR,false,false
QX-CER-201,"Original Rice","Cereal","500 ml",1.60,each,branded,false,false,CMD-WHT,MA,false,false
QX-FRZ-202,"Meadow Flakes","Frozen","2 L",5.22,each,branded,false,false,CMD-DRY,DK,false,true
QX-CHL-203,"Simple Peas","Chilled","per kg",18.30,kg,branded,false,false,CMD-DRY,BR,false,true
QX-BAK-204,"Crisp Peas","Bakery","2 L",0.82,each,branded,false,false,CMD-WHT,ES,false,false
QX-CHL-205,"Selection Peas","Chilled","per kg",7.42,kg,branded,false,false,CMD-DRY,BR,false,true
QX-DRY-206,"Golden Juice","Dry goods","500 ml",3.85,each,core,true,false,CMD-WHT,BR,false,false
QX-HHD-207,"Rounds Butter","Household","6 pack",1.77,each,value,true,false,CMD-BRD,TR,false,false
QX-BAK-208,"Golden Apples","Bakery","per kg",5.42,kg,branded,false,false,CMD-WHT,BR,false,false
QX-DRY-209,"Rounds Flakes","Dry goods","500 g",5.48,each,branded,false,false,CMD-WHT,DK,false,false
QX-HBC-211,"Harvest Sauce","Health and beauty","1 L",7.68,each,core,true,false,CMD-PLM,BR,false,false
QX-CER-212,"Selection Peas","Cereal","6 pack",4.38,each,branded,false,false,CMD-WHT,BR,false,false
QX-DRY-213,"Choice Peas","Dry goods","6 pack",1.64,each,branded,false,false,CMD-WHT,TR,false,false
QX-PET-214,"Hearty Loaf","Pet","750 g",2.33,each,branded,false,false,CMD-WHT,BR,false,false
QX-HHD-217,"Choice Flakes","Household","1 L",4.67,each,branded,false,false,CMD-BRD,PL,false,false
QX-DRY-218,"Reserve Apples","Dry goods","250 g",5.96,each,core,true,false,CMD-WHT,GH,false,false
QX-CHL-219,"Harvest Chicken","Chilled","per kg",11.76,kg,core,true,false,CMD-DRY,PL,false,true
QX-HHD-220,"Bites Juice","Household","2 L",4.99,each,core,true,false,CMD-BRD,BR,false,false
QX-HHD-221,"Meadow Rice","Household","500 g",4.62,each,core,true,false,CMD-BRD,BR,false,false
QX-DRK-223,"Reserve Pasta","Drinks","750 g",5.24,each,branded,false,false,CMD-SUN,BR,false,false
QX-HBC-224,"Rounds Sauce","Health and beauty","250 g",8.91,each,branded,false,false,CMD-PLM,MA,false,false
QX-DRY-225,"Harvest Cleaner","Dry goods","1 kg",3.39,each,core,true,false,CMD-WHT,CR,false,false
QX-CHL-226,"Rounds Peas","Chilled","500 g",3.34,each,core,true,false,CMD-DRY,TR,false,true
QX-PRO-227,"Harvest Cheese","Produce","250 g",1.27,each,branded,false,true,CMD-DSL,BR,false,true
QX-DRY-228,"Orchard Cheese","Dry goods","400 g",3.39,each,finest,true,false,CMD-WHT,BR,false,false
QX-HBC-230,"Everyday Biscuits","Health and beauty","750 g",11.14,each,branded,false,false,CMD-PLM,KE,false,false
QX-DRY-232,"Crisp Yoghurt","Dry goods","250 g",6.49,each,value,true,false,CMD-WHT,NL,false,false
QX-HHD-233,"Reserve Flakes","Household","6 pack",6.58,each,branded,false,false,CMD-BRD,BR,false,false
QX-CER-234,"Selection Flakes","Cereal","2 L",4.38,each,core,true,true,CMD-WHT,BR,false,false
QX-TIN-235,"Crisp Sauce","Tinned","500 g",0.47,each,value,true,false,CMD-ALU,BR,false,false
QX-DRK-236,"Orchard Tea","Drinks","500 ml",3.19,each,branded,false,false,CMD-SUN,PL,false,false
QX-BWS-237,"Bites Sauce","Beer wine spirits","6 pack",18.31,each,value,true,false,CMD-GAS,BR,false,false
QX-PET-238,"Golden Apples","Pet","500 g",2.92,each,finest,true,false,CMD-WHT,PL,false,false
QX-CER-239,"Fresh Loaf","Cereal","250 g",4.59,each,core,true,false,CMD-WHT,NL,true,false
QX-HBC-240,"Choice Chicken","Health and beauty","500 g",5.22,each,core,true,false,CMD-PLM,BR,false,false
QX-CHL-241,"Crisp Sauce","Chilled","per kg",8.61,kg,value,true,false,CMD-DRY,BR,false,true
QX-DRK-243,"Harvest Coffee","Drinks","750 g",6.08,each,branded,false,false,CMD-SUN,BR,false,false
QX-DRY-244,"Choice Tea","Dry goods","2 L",4.91,each,branded,false,false,CMD-WHT,BR,false,false
QX-PET-245,"Everyday Sauce","Pet","250 g",6.73,each,branded,false,true,CMD-WHT,CR,false,false
QX-CHL-246,"Golden Cleaner","Chilled","per kg",14.75,kg,value,true,false,CMD-DRY,BR,true,true
QX-BAK-247,"Everyday Peas","Bakery","400 g",0.97,each,branded,false,false,CMD-WHT,BR,false,false
QX-PET-249,"Reserve Peas","Pet","250 g",2.77,each,branded,false,false,CMD-WHT,MA,false,false
QX-BAK-250,"Classic Apples","Bakery","per kg",3.93,kg,branded,false,false,CMD-WHT,BR,false,false
QX-CER-251,"Bites Pasta","Cereal","500 ml",4.33,each,core,true,false,CMD-WHT,DK,false,false
QX-TIN-252,"Bites Apples","Tinned","500 g",1.05,each,branded,false,false,CMD-ALU,BZ,false,false
QX-BAK-253,"Meadow Flakes","Bakery","6 pack",1.21,each,core,true,true,CMD-WHT,NL,false,false
QX-HBC-254,"Original Yoghurt","Health and beauty","6 pack",14.50,each,finest,true,false,CMD-PLM,BZ,false,false
QX-HHD-255,"Choice Cheese","Household","500 ml",11.02,each,branded,false,true,CMD-BRD,MA,false,false
QX-HHD-256,"Choice Yoghurt","Household","1 kg",1.47,each,value,true,false,CMD-BRD,BR,false,false
QX-FRZ-257,"Crunch Cleaner","Frozen","6 pack",2.26,each,core,true,false,CMD-DRY,BR,false,true
QX-DRY-258,"Bites Coffee","Dry goods","250 g",7.16,each,branded,false,false,CMD-WHT,BR,false,false
QX-TIN-259,"Crisp Beans","Tinned","250 g",2.54,each,branded,false,false,CMD-ALU,DK,false,false
QX-CHL-261,"Classic Yoghurt","Chilled","500 g",8.47,each,branded,false,false,CMD-DRY,BZ,false,true
QX-BAK-262,"Simple Loaf","Bakery","750 g",3.36,each,finest,true,false,CMD-WHT,BR,true,false
QX-FRZ-263,"Reserve Peas","Frozen","2 L",6.97,each,core,true,false,CMD-DRY,GH,false,true
QX-DRK-264,"Classic Apples","Drinks","1 L",2.17,each,core,true,false,CMD-SUN,BR,false,false
QX-TIN-265,"Selection Yoghurt","Tinned","2 L",2.59,each,branded,false,false,CMD-ALU,BR,false,false
QX-PRO-267,"Simple Peas","Produce","per kg",1.46,kg,finest,true,true,CMD-DSL,BR,false,true
QX-BWS-268,"Golden Apples","Beer wine spirits","2 L",33.61,each,branded,false,false,CMD-GAS,GH,false,false
QX-PRO-269,"Meadow Rice","Produce","500 g",3.30,each,value,true,false,CMD-DSL,BR,false,true
QX-DRY-270,"Hearty Rice","Dry goods","1 kg",5.59,each,branded,false,false,CMD-WHT,NL,false,false
QX-CER-272,"Orchard Yoghurt","Cereal","6 pack",2.82,each,value,true,false,CMD-WHT,BR,false,false
QX-HHD-273,"Reserve Flakes","Household","400 g",3.21,each,branded,false,false,CMD-BRD,BR,false,false
QX-PRO-274,"Cottage Tea","Produce","750 g",4.86,each,finest,true,false,CMD-DSL,BR,false,true
QX-DRY-275,"Harvest Rice","Dry goods","1 kg",0.87,each,finest,true,true,CMD-WHT,GH,false,false
QX-HHD-276,"Crunch Sauce","Household","6 pack",2.61,each,core,true,false,CMD-BRD,BR,false,false
QX-DRY-277,"Golden Cheese","Dry goods","6 pack",4.83,each,branded,false,false,CMD-WHT,DK,false,false
QX-BAK-278,"Crisp Tea","Bakery","400 g",3.94,each,branded,false,false,CMD-WHT,BR,false,false
QX-CHL-279,"Crunch Butter","Chilled","500 ml",4.89,each,branded,false,false,CMD-DRY,ES,false,true
QX-BWS-280,"Golden Rice","Beer wine spirits","500 g",23.34,each,core,true,false,CMD-GAS,PL,false,false
QX-PRO-281,"Original Tea","Produce","per kg",1.39,kg,core,true,false,CMD-DSL,BR,false,true
QX-PET-282,"Crisp Yoghurt","Pet","2 L",1.77,each,branded,false,false,CMD-WHT,BR,false,false
QX-PET-283,"Selection Flakes","Pet","250 g",3.59,each,branded,false,false,CMD-WHT,BR,false,false
QX-BWS-284,"Choice Butter","Beer wine spirits","250 g",17.83,each,core,true,false,CMD-GAS,ES,false,false
QX-TIN-287,"Crisp Flakes","Tinned","250 g",1.29,each,core,true,false,CMD-ALU,BR,false,false
QX-DRK-288,"Choice Rice","Drinks","6 pack",5.32,each,branded,false,true,CMD-SUN,BR,false,false
QX-HBC-289,"Crunch Rice","Health and beauty","2 L",9.82,each,branded,false,false,CMD-PLM,BR,false,false
QX-BWS-290,"Meadow Biscuits","Beer wine spirits","6 pack",15.66,each,core,true,true,CMD-GAS,NL,false,false
QX-DRY-291,"Selection Loaf","Dry goods","750 g",6.12,each,core,true,false,CMD-WHT,BR,false,false
QX-HBC-292,"Meadow Butter","Health and beauty","1 L",2.65,each,branded,false,false,CMD-PLM,BR,false,false
QX-PRO-293,"Choice Peas","Produce","per kg",3.31,kg,core,true,false,CMD-DSL,BR,false,true
QX-DRK-294,"Choice Apples","Drinks","500 g",6.19,each,value,true,false,CMD-SUN,BR,false,false
QX-BAK-295,"Bites Chicken","Bakery","250 g",2.63,each,branded,false,false,CMD-WHT,BR,false,false
QX-DRK-296,"Everyday Cleaner","Drinks","6 pack",6.47,each,branded,false,true,CMD-SUN,BR,false,false
QX-CER-297,"Orchard Beans","Cereal","250 g",3.52,each,core,true,false,CMD-WHT,PL,false,false
QX-PRO-298,"Cottage Peas","Produce","per kg",3.95,kg,core,true,false,CMD-DSL,PL,false,true
QX-PRO-299,"Orchard Flakes","Produce","1 L",3.07,each,branded,false,true,CMD-DSL,BR,false,true
QX-CER-300,"Crisp Butter","Cereal","250 g",1.50,each,core,true,false,CMD-WHT,BR,false,false
QX-DRK-302,"Classic Cheese","Drinks","250 g",3.13,each,branded,false,false,CMD-SUN,BR,false,false
QX-BWS-303,"Bites Rice","Beer wine spirits","2 L",37.47,each,branded,false,false,CMD-GAS,KE,false,false
QX-PET-305,"Reserve Cleaner","Pet","6 pack",7.14,each,branded,false,false,CMD-WHT,MA,false,false
QX-CHL-306,"Cottage Cleaner","Chilled","750 g",5.17,each,branded,false,false,CMD-DRY,BR,false,true
QX-TIN-307,"Crisp Tea","Tinned","1 L",0.85,each,core,true,true,CMD-ALU,BR,false,false
QX-FRZ-308,"Choice Pasta","Frozen","750 g",3.45,each,branded,false,false,CMD-DRY,BR,false,true
QX-BWS-309,"Choice Apples","Beer wine spirits","500 g",3.75,each,finest,true,true,CMD-GAS,TR,false,false
QX-CER-310,"Everyday Flakes","Cereal","500 ml",1.79,each,branded,false,true,CMD-WHT,ES,false,false
QX-BAK-311,"Choice Yoghurt","Bakery","250 g",2.78,each,value,true,false,CMD-WHT,BR,false,false
QX-HHD-313,"Simple Coffee","Household","500 ml",11.63,each,value,true,true,CMD-BRD,BR,false,false
QX-HBC-314,"Original Sauce","Health and beauty","6 pack",13.99,each,core,true,false,CMD-PLM,BR,false,false
QX-CER-315,"Original Tea","Cereal","400 g",4.24,each,branded,false,false,CMD-WHT,BR,false,false
QX-CER-318,"Reserve Yoghurt","Cereal","250 g",1.67,each,branded,false,false,CMD-WHT,BR,false,false
QX-DRK-319,"Hearty Butter","Drinks","500 ml",1.76,each,core,true,false,CMD-SUN,NL,false,false
QX-PET-320,"Cottage Pasta","Pet","1 kg",1.97,each,core,true,false,CMD-WHT,GH,false,false
QX-FRZ-321,"Selection Biscuits","Frozen","400 g",2.00,each,core,true,false,CMD-DRY,BR,false,true
QX-DRK-322,"Crunch Butter","Drinks","750 g",3.47,each,branded,false,false,CMD-SUN,DK,false,false
QX-PRO-323,"Reserve Flakes","Produce","6 pack",1.19,each,core,true,false,CMD-DSL,GH,false,true
QX-PRO-324,"Orchard Biscuits","Produce","6 pack",0.65,each,branded,false,false,CMD-DSL,BR,false,true
QX-BWS-326,"Original Biscuits","Beer wine spirits","2 L",9.95,each,branded,false,false,CMD-GAS,BR,false,false
QX-CHL-327,"Golden Chicken","Chilled","400 g",3.20,each,branded,false,false,CMD-DRY,TR,false,true
QX-FRZ-328,"Everyday Chicken","Frozen","6 pack",3.38,each,branded,false,false,CMD-DRY,BR,false,true
QX-PRO-329,"Classic Pasta","Produce","6 pack",3.60,each,branded,false,true,CMD-DSL,BR,false,true
QX-TIN-330,"Orchard Cheese","Tinned","500 g",1.64,each,branded,false,true,CMD-ALU,NL,false,false
QX-DRY-331,"Orchard Beans","Dry goods","400 g",1.58,each,branded,false,false,CMD-WHT,BR,false,false
QX-FRZ-332,"Fresh Loaf","Frozen","400 g",8.29,each,branded,false,false,CMD-DRY,BR,false,true
QX-CER-333,"Fresh Cheese","Cereal","1 kg",2.35,each,branded,false,true,CMD-WHT,BR,false,false
QX-BWS-334,"Hearty Beans","Beer wine spirits","1 kg",12.71,each,branded,false,false,CMD-GAS,BR,false,false
QX-DRK-335,"Original Cheese","Drinks","250 g",5.07,each,branded,false,false,CMD-SUN,BR,false,false
QX-HBC-336,"Cottage Butter","Health and beauty","500 g",14.47,each,branded,false,false,CMD-PLM,BR,false,false
QX-HHD-337,"Fresh Coffee","Household","400 g",4.25,each,branded,false,false,CMD-BRD,BR,false,false
QX-BWS-338,"Cottage Coffee","Beer wine spirits","1 kg",29.98,each,branded,false,false,CMD-GAS,BR,false,false
QX-BAK-339,"Meadow Loaf","Bakery","500 g",2.55,each,branded,false,false,CMD-WHT,BR,false,false
QX-CHL-341,"Fresh Yoghurt","Chilled","per kg",15.18,kg,branded,false,false,CMD-DRY,PL,false,true
QX-CER-342,"Cottage Loaf","Cereal","1 L",3.09,each,core,true,false,CMD-WHT,BR,true,false
QX-DRK-343,"Choice Flakes","Drinks","500 ml",4.45,each,finest,true,false,CMD-SUN,KE,false,false
QX-BAK-344,"Hearty Peas","Bakery","per kg",8.24,kg,value,true,true,CMD-WHT,BR,false,false
QX-TIN-345,"Hearty Juice","Tinned","6 pack",0.60,each,branded,false,false,CMD-ALU,BR,false,false
QX-BAK-346,"Cottage Rice","Bakery","400 g",3.25,each,branded,false,false,CMD-WHT,NL,false,false
QX-BWS-347,"Original Sauce","Beer wine spirits","1 kg",25.00,each,branded,false,false,CMD-GAS,ES,false,false
QX-HBC-348,"Choice Shampoo","Health and beauty","500 g",7.64,each,value,true,false,CMD-PLM,BR,true,false
QX-HBC-349,"Fresh Shampoo","Health and beauty","400 g",3.71,each,core,true,false,CMD-PLM,VN,true,false
QX-PET-350,"Meadow Peas","Pet","1 kg",4.27,each,core,true,false,CMD-WHT,VN,false,false
QX-DRY-351,"Meadow Rice","Dry goods","6 pack",4.21,each,core,true,false,CMD-WHT,BR,false,false
QX-HBC-353,"Rounds Cheese","Health and beauty","400 g",10.91,each,branded,false,false,CMD-PLM,VN,false,false
QX-BAK-354,"Rounds Flakes","Bakery","6 pack",2.19,each,branded,false,false,CMD-WHT,BR,false,false
QX-HBC-355,"Selection Sauce","Health and beauty","1 L",11.92,each,branded,false,false,CMD-PLM,KE,false,false
QX-CHL-357,"Golden Chicken","Chilled","6 pack",2.90,each,branded,false,false,CMD-DRY,KE,false,true
QX-TIN-358,"Selection Biscuits","Tinned","1 kg",1.32,each,core,true,false,CMD-ALU,ES,false,false
QX-DRK-359,"Selection Peas","Drinks","250 g",4.82,each,core,true,false,CMD-SUN,BR,false,false
QX-HBC-360,"Golden Cheese","Health and beauty","6 pack",8.60,each,branded,false,false,CMD-PLM,BR,false,false
QX-DRY-361,"Crisp Peas","Dry goods","6 pack",2.87,each,branded,false,false,CMD-WHT,BR,false,false
QX-FRZ-362,"Meadow Loaf","Frozen","500 g",6.94,each,branded,false,false,CMD-DRY,BR,false,true
QX-HHD-363,"Classic Sauce","Household","750 g",6.22,each,branded,false,false,CMD-BRD,BR,false,false
QX-HBC-364,"Orchard Shampoo","Health and beauty","500 g",5.64,each,value,true,false,CMD-PLM,BR,false,false
QX-CHL-365,"Simple Biscuits","Chilled","per kg",16.71,kg,branded,false,true,CMD-DRY,BR,false,true
QX-TIN-366,"Original Peas","Tinned","1 L",1.40,each,branded,false,true,CMD-ALU,BR,false,false
QX-CER-367,"Choice Peas","Cereal","1 L",1.96,each,branded,false,false,CMD-WHT,MA,false,false
QX-BAK-368,"Reserve Cleaner","Bakery","per kg",3.08,kg,branded,false,false,CMD-WHT,BR,false,false
QX-BWS-369,"Golden Shampoo","Beer wine spirits","250 g",17.06,each,core,true,false,CMD-GAS,BZ,false,false
QX-HBC-370,"Classic Tea","Health and beauty","400 g",2.84,each,branded,false,false,CMD-PLM,BR,false,false
QX-DRY-371,"Selection Cleaner","Dry goods","250 g",2.32,each,branded,false,false,CMD-WHT,BZ,false,false
QX-PRO-372,"Harvest Sauce","Produce","per kg",3.08,kg,core,true,false,CMD-DSL,KE,false,true
QX-BWS-373,"Hearty Shampoo","Beer wine spirits","500 ml",30.94,each,core,true,false,CMD-GAS,BR,false,false
QX-DRK-374,"Bites Loaf","Drinks","500 g",5.64,each,branded,false,false,CMD-SUN,BR,false,false
QX-DRK-376,"Cottage Coffee","Drinks","400 g",2.62,each,branded,false,true,CMD-SUN,PL,false,false
QX-HHD-377,"Orchard Yoghurt","Household","250 g",7.24,each,core,true,true,CMD-BRD,BR,false,false
QX-HBC-378,"Selection Tea","Health and beauty","750 g",5.41,each,core,true,false,CMD-PLM,TR,false,false
QX-DRY-379,"Bites Beans","Dry goods","1 L",3.78,each,value,true,false,CMD-WHT,CR,false,false
QX-PET-380,"Cottage Coffee","Pet","500 ml",4.72,each,branded,false,false,CMD-WHT,BR,false,false
QX-BWS-381,"Orchard Yoghurt","Beer wine spirits","1 L",17.89,each,branded,false,false,CMD-GAS,VN,false,false
QX-CHL-382,"Bites Tea","Chilled","per kg",12.08,kg,branded,false,false,CMD-DRY,BR,false,true
QX-HHD-383,"Bites Rice","Household","1 L",7.99,each,branded,false,false,CMD-BRD,DK,false,false
QX-CER-384,"Harvest Juice","Cereal","2 L",2.39,each,branded,false,false,CMD-WHT,ES,false,false
QX-CER-385,"Crunch Pasta","Cereal","400 g",3.48,each,branded,false,false,CMD-WHT,BR,false,false
QX-BAK-387,"Rounds Yoghurt","Bakery","250 g",2.58,each,core,true,false,CMD-WHT,NL,false,false
QX-PET-389,"Golden Pasta","Pet","2 L",6.98,each,finest,true,true,CMD-WHT,DK,false,false
QX-DRY-391,"Simple Flakes","Dry goods","1 kg",3.07,each,branded,false,false,CMD-WHT,MA,false,false
QX-CER-392,"Reserve Butter","Cereal","1 L",1.26,each,core,true,false,CMD-WHT,BR,true,false
QX-FRZ-393,"Reserve Biscuits","Frozen","2 L",1.87,each,core,true,false,CMD-DRY,BR,false,true
QX-DRY-394,"Orchard Cleaner","Dry goods","2 L",1.14,each,finest,true,false,CMD-WHT,BR,false,false
QX-CHL-396,"Simple Loaf","Chilled","per kg",12.95,kg,branded,false,false,CMD-DRY,BR,false,true
QX-BWS-397,"Golden Biscuits","Beer wine spirits","1 L",4.23,each,finest,true,false,CMD-GAS,VN,false,false
QX-TIN-398,"Orchard Juice","Tinned","750 g",0.99,each,branded,false,false,CMD-ALU,BR,false,false
QX-DRK-399,"Classic Sauce","Drinks","6 pack",5.74,each,finest,true,false,CMD-SUN,BR,false,false
QX-HHD-400,"Original Sauce","Household","500 g",8.89,each,branded,false,false,CMD-BRD,BR,false,false
QX-DRK-401,"Rounds Cleaner","Drinks","250 g",5.32,each,core,true,false,CMD-SUN,VN,true,false
QX-DRY-402,"Crunch Yoghurt","Dry goods","250 g",2.77,each,value,true,false,CMD-WHT,BR,false,false
QX-DRK-403,"Crisp Loaf","Drinks","2 L",1.85,each,value,true,false,CMD-SUN,DK,false,false
QX-HHD-404,"Simple Loaf","Household","500 ml",4.66,each,branded,false,false,CMD-BRD,BR,false,false
QX-HHD-405,"Golden Yoghurt","Household","250 g",7.16,each,branded,false,false,CMD-BRD,BR,false,false
QX-CHL-407,"Harvest Biscuits","Chilled","per kg",6.25,kg,branded,false,false,CMD-DRY,PL,false,true
QX-TIN-408,"Choice Shampoo","Tinned","400 g",0.82,each,branded,false,true,CMD-ALU,TR,false,false
QX-DRY-409,"Everyday Sauce","Dry goods","500 ml",4.86,each,core,true,false,CMD-WHT,BR,false,false
QX-HBC-410,"Cottage Chicken","Health and beauty","1 L",5.72,each,branded,false,false,CMD-PLM,BR,false,false
QX-DRY-411,"Golden Biscuits","Dry goods","750 g",0.88,each,branded,false,true,CMD-WHT,PL,false,false
QX-HBC-413,"Orchard Biscuits","Health and beauty","400 g",2.29,each,value,true,true,CMD-PLM,BR,false,false
QX-CER-414,"Golden Loaf","Cereal","1 kg",4.17,each,branded,false,false,CMD-WHT,CR,false,false
QX-BWS-415,"Simple Pasta","Beer wine spirits","1 kg",23.78,each,branded,false,false,CMD-GAS,BR,false,false
QX-TIN-417,"Fresh Rice","Tinned","500 g",0.52,each,finest,true,false,CMD-ALU,BR,false,false
QX-FRZ-418,"Crunch Cleaner","Frozen","500 g",6.80,each,branded,false,false,CMD-DRY,BR,false,true
QX-HBC-419,"Reserve Rice","Health and beauty","400 g",11.95,each,branded,false,false,CMD-PLM,GH,false,false
QX-HHD-420,"Selection Peas","Household","500 ml",4.80,each,branded,false,false,CMD-BRD,BZ,false,false
QX-BAK-422,"Classic Yoghurt","Bakery","per kg",8.11,kg,branded,false,false,CMD-WHT,BR,false,false
QX-BWS-423,"Classic Chicken","Beer wine spirits","750 g",19.83,each,finest,true,false,CMD-GAS,TR,false,false
QX-FRZ-426,"Bites Apples","Frozen","250 g",6.41,each,branded,false,false,CMD-DRY,BR,false,true
QX-HHD-427,"Crisp Cheese","Household","6 pack",6.25,each,branded,false,false,CMD-BRD,BR,false,false
QX-CHL-428,"Classic Biscuits","Chilled","750 g",4.85,each,branded,false,false,CMD-DRY,VN,false,true
QX-BAK-429,"Harvest Loaf","Bakery","1 kg",3.75,each,branded,false,false,CMD-WHT,TR,false,false
QX-PET-430,"Hearty Pasta","Pet","400 g",10.66,each,core,true,false,CMD-WHT,BR,false,false
QX-BAK-431,"Harvest Beans","Bakery","per kg",4.50,kg,value,true,false,CMD-WHT,BR,false,false
QX-CHL-432,"Orchard Cheese","Chilled","per kg",19.59,kg,branded,false,false,CMD-DRY,MA,false,true
QX-BWS-433,"Crunch Rice","Beer wine spirits","750 g",34.64,each,branded,false,false,CMD-GAS,BZ,false,false
QX-PET-434,"Simple Chicken","Pet","250 g",9.96,each,branded,false,true,CMD-WHT,BR,false,false
QX-BAK-435,"Golden Apples","Bakery","per kg",5.04,kg,value,true,false,CMD-WHT,VN,false,false
QX-TIN-436,"Selection Peas","Tinned","6 pack",1.51,each,branded,false,false,CMD-ALU,BR,false,false
QX-FRZ-437,"Everyday Beans","Frozen","1 kg",8.31,each,branded,false,false,CMD-DRY,BR,false,true
QX-CER-438,"Cottage Shampoo","Cereal","400 g",1.54,each,branded,false,false,CMD-WHT,MA,false,false
QX-TIN-439,"Everyday Tea","Tinned","1 kg",1.63,each,branded,false,false,CMD-ALU,BR,false,false
QX-CER-440,"Everyday Biscuits","Cereal","1 L",3.39,each,core,true,false,CMD-WHT,BR,false,false
QX-CHL-441,"Golden Rice","Chilled","per kg",10.02,kg,branded,false,false,CMD-DRY,GH,false,true
QX-CHL-442,"Cottage Coffee","Chilled","per kg",9.87,kg,branded,false,false,CMD-DRY,BR,false,true
QX-DRY-443,"Reserve Coffee","Dry goods","500 ml",3.02,each,value,true,false,CMD-WHT,ES,true,false
QX-DRY-444,"Crisp Cheese","Dry goods","1 L",4.97,each,core,true,false,CMD-WHT,BR,false,false
QX-FRZ-445,"Bites Coffee","Frozen","1 kg",6.78,each,core,true,false,CMD-DRY,BR,false,true
QX-DRK-446,"Classic Flakes","Drinks","1 kg",6.37,each,branded,false,false,CMD-SUN,MA,false,false
QX-FRZ-447,"Hearty Sauce","Frozen","6 pack",5.67,each,core,true,true,CMD-DRY,BR,false,true
QX-CHL-449,"Rounds Biscuits","Chilled","250 g",4.88,each,core,true,true,CMD-DRY,BR,false,true
QX-CHL-450,"Golden Loaf","Chilled","per kg",9.74,kg,core,true,false,CMD-DRY,BR,false,true
QX-DRY-451,"Fresh Butter","Dry goods","1 kg",6.05,each,core,true,false,CMD-WHT,BR,false,false
QX-PET-452,"Meadow Sauce","Pet","500 g",8.39,each,branded,false,false,CMD-WHT,BR,false,false
QX-CER-453,"Reserve Cheese","Cereal","250 g",1.52,each,value,true,false,CMD-WHT,BR,false,false
QX-DRY-454,"Classic Yoghurt","Dry goods","500 ml",6.15,each,core,true,false,CMD-WHT,MA,true,false
QX-HHD-455,"Hearty Cleaner","Household","500 ml",1.24,each,branded,false,false,CMD-BRD,BR,false,false
QX-CHL-456,"Reserve Beans","Chilled","per kg",17.00,kg,finest,true,false,CMD-DRY,KE,false,true
QX-HBC-457,"Choice Pasta","Health and beauty","400 g",6.36,each,branded,false,false,CMD-PLM,BR,false,false
QX-HHD-458,"Hearty Loaf","Household","400 g",9.32,each,core,true,false,CMD-BRD,KE,false,false
QX-DRY-459,"Meadow Beans","Dry goods","500 g",1.07,each,branded,false,false,CMD-WHT,DK,false,false
QX-BWS-460,"Selection Biscuits","Beer wine spirits","750 g",13.41,each,branded,false,false,CMD-GAS,NL,false,false
QX-HBC-462,"Bites Peas","Health and beauty","250 g",6.11,each,branded,false,false,CMD-PLM,BR,false,false
QX-FRZ-463,"Simple Rice","Frozen","500 g",7.48,each,branded,false,false,CMD-DRY,BR,false,true
QX-TIN-464,"Original Pasta","Tinned","500 ml",0.77,each,core,true,false,CMD-ALU,BR,true,false
QX-TIN-465,"Everyday Butter","Tinned","500 g",2.18,each,finest,true,false,CMD-ALU,PL,true,false
