quote_id,sku,supplier_id,currency_code,ex_works_cost,incoterm,moq_units,lead_days,valid_from,valid_to
QT-000001,QX-DRY-184,SUP-134,EUR,1.2558,CIF,2872,37,2025-11-20,2026-07-14
QT-000002,QX-DRY-184,SUP-141,GHS,13.0476,EXW,3174,3,2025-10-02,2026-11-21
QT-000003,QX-DRY-184,SUP-112,GBP,1.2590,DDP,4580,19,2026-02-28,2026-06-29
QT-000004,QX-DRY-184,SUP-109,GBP,0.8295,DDP,4467,41,2026-03-03,2026-07-26
QT-000005,QX-CER-207,SUP-136,EUR,2.1094,FOB,2777,18,2025-12-05,2026-09-22
QT-000006,QX-CER-207,SUP-139,TRY,86.2893,FOB,473,29,2025-11-20,2026-10-24
QT-000007,QX-CER-207,SUP-110,GBP,2.1844,DDP,3941,32,2026-01-20,2026-09-20
QT-000008,QX-CER-208,SUP-131,VND,26616.9536,FOB,3719,11,2025-11-15,2026-06-02
QT-000009,QX-CER-208,SUP-104,GBP,0.6056,DDP,3459,16,2026-01-29,2026-04-23
QT-000010,QX-BWS-209,SUP-109,GBP,17.0992,DDP,763,5,2026-01-17,2026-09-13
QT-000011,QX-BWS-209,SUP-123,KES,2137.8828,FOB,3109,27,2026-02-06,2026-07-02
QT-000012,QX-BWS-209,SUP-113,GBP,16.7955,DDP,2830,13,2025-10-03,2026-10-09
QT-000013,QX-BWS-209,SUP-127,TRY,543.7751,DDP,3837,37,2026-01-16,2026-05-18
QT-000014,QX-PRO-210,SUP-131,VND,28259.6890,FOB,2511,17,2025-10-17,2026-10-24
QT-000015,QX-PRO-210,SUP-101,GBP,0.8163,DDP,3875,36,2025-12-11,2026-08-14
QT-000016,QX-PRO-210,SUP-102,GBP,0.8605,DDP,232,16,2026-02-26,2026-11-16
QT-000017,QX-PRO-210,SUP-108,GBP,0.9193,DDP,2728,12,2026-02-10,2026-11-25
QT-000018,QX-TIN-219,SUP-119,VND,22553.5102,CIF,3732,46,2025-10-15,2026-06-24
QT-000019,QX-TIN-219,SUP-105,GBP,0.5551,DDP,1327,17,2025-12-03,2026-05-08
QT-000020,QX-TIN-219,SUP-107,GBP,0.7054,DDP,1558,16,2025-11-05,2026-10-02
QT-000021,QX-TIN-219,SUP-120,VND,14725.6763,FOB,1070,34,2025-12-12,2026-08-25
QT-000022,QX-HHD-220,SUP-127,TRY,144.3432,DDP,823,10,2026-01-18,2026-10-30
QT-000023,QX-HHD-220,SUP-117,GBP,3.3423,DDP,4373,37,2025-11-23,2026-05-17
QT-000024,QX-DRK-221,SUP-131,VND,9024.3744,FOB,3882,24,2025-11-09,2026-07-03
QT-000025,QX-DRK-221,SUP-130,MAD,4.5811,EXW,4275,22,2026-02-24,2026-08-30
QT-000026,QX-DRK-221,SUP-101,GBP,0.3867,DDP,4574,4,2026-01-01,2026-07-11
QT-000027,QX-DRK-221,SUP-112,GBP,0.3449,DDP,788,9,2026-01-21,2026-11-13
QT-000028,QX-CER-226,SUP-122,TRY,109.1054,CIF,2490,19,2025-10-03,2026-08-11
QT-000029,QX-CER-226,SUP-117,GBP,2.4644,DDP,1390,41,2026-02-01,2026-10-20
QT-000030,QX-CER-226,SUP-109,GBP,2.0894,DDP,4008,36,2025-12-28,2026-04-28
QT-000031,QX-CER-226,SUP-123,KES,393.7629,FOB,1926,43,2025-09-16,2026-12-09
QT-000032,QX-BAK-233,SUP-131,VND,69122.3951,FOB,665,34,2025-10-04,2026-12-15
QT-000033,QX-BAK-233,SUP-112,GBP,1.9896,DDP,3152,9,2026-02-26,2026-09-21
QT-000034,QX-BAK-233,SUP-109,GBP,1.6888,DDP,854,21,2025-10-13,2026-12-14
QT-000035,QX-HHD-235,SUP-115,GBP,0.8540,DDP,631,6,2026-01-15,2026-09-02
QT-000036,QX-HHD-235,SUP-129,KES,127.2184,FOB,3960,18,2026-02-25,2026-08-29
QT-000037,QX-HHD-235,SUP-118,DKK,8.0160,CIF,4034,42,2026-02-27,2026-11-24
QT-000038,QX-HHD-237,SUP-109,GBP,5.3994,DDP,3201,38,2026-03-07,2026-08-14
QT-000039,QX-HHD-237,SUP-114,GBP,6.1235,DDP,3988,40,2026-01-31,2026-08-19
QT-000040,QX-TIN-241,SUP-133,EUR,0.8580,EXW,1578,44,2025-11-22,2026-11-27
QT-000041,QX-TIN-241,SUP-126,TRY,43.1215,DDP,2384,41,2025-10-25,2026-12-01
QT-000042,QX-TIN-241,SUP-125,GHS,14.3932,EXW,2872,13,2026-02-04,2026-05-15
QT-000043,QX-TIN-241,SUP-135,EUR,1.0004,FOB,906,5,2025-10-08,2026-06-05
QT-000044,QX-DRY-243,SUP-115,GBP,2.5545,DDP,697,6,2025-09-29,2026-07-22
QT-000045,QX-DRY-243,SUP-102,GBP,2.5873,DDP,4484,4,2025-10-20,2026-09-23
QT-000046,QX-DRY-243,SUP-136,EUR,3.0035,FOB,3311,8,2025-10-12,2026-10-01
QT-000047,QX-BWS-246,SUP-136,EUR,12.9554,FOB,123,11,2025-12-21,2026-08-31
QT-000048,QX-BWS-246,SUP-130,MAD,216.1038,EXW,1970,5,2025-10-25,2026-07-11
QT-000049,QX-BWS-246,SUP-109,GBP,17.5443,DDP,4324,22,2025-09-19,2026-09-11
QT-000050,QX-BWS-246,SUP-131,VND,545288.5281,FOB,4476,35,2026-02-23,2026-09-13
QT-000051,QX-HHD-247,SUP-106,GBP,5.6142,DDP,4684,36,2025-10-03,2026-05-13
QT-000052,QX-HHD-247,SUP-123,KES,865.9944,FOB,2728,41,2026-01-02,2026-05-18
QT-000053,QX-CER-248,SUP-105,GBP,1.6441,DDP,1514,4,2026-01-16,2026-11-23
QT-000054,QX-CER-248,SUP-122,TRY,71.5559,CIF,3264,44,2025-12-22,2026-10-21
QT-000055,QX-CER-248,SUP-119,VND,56637.7621,CIF,4707,8,2026-03-05,2026-04-23
QT-000056,QX-CER-248,SUP-115,GBP,1.4593,DDP,274,44,2025-10-12,2026-10-16
QT-000057,QX-FRZ-251,SUP-109,GBP,2.8983,DDP,3069,25,2026-03-10,2026-05-15
QT-000058,QX-FRZ-251,SUP-106,GBP,2.9987,DDP,687,20,2026-01-13,2026-07-21
QT-000059,QX-FRZ-251,SUP-122,TRY,93.9662,CIF,2863,26,2025-10-30,2026-07-11
QT-000060,QX-FRZ-251,SUP-107,GBP,2.2912,DDP,1770,37,2025-11-24,2026-07-31
QT-000061,QX-CER-256,SUP-134,EUR,2.1929,CIF,2519,27,2026-01-05,2026-11-13
QT-000062,QX-CER-256,SUP-114,GBP,2.2530,DDP,1676,42,2026-01-19,2026-09-21
QT-000063,QX-CER-256,SUP-121,PLN,13.4925,EXW,348,31,2026-01-25,2026-05-07
QT-000064,QX-CER-256,SUP-139,TRY,107.6263,FOB,3873,32,2026-03-09,2026-08-06
QT-000065,QX-BWS-263,SUP-101,GBP,5.0041,DDP,239,22,2026-02-18,2026-08-14
QT-000066,QX-BWS-263,SUP-110,GBP,5.2583,DDP,613,35,2026-01-16,2026-09-09
QT-000067,QX-TIN-270,SUP-108,GBP,1.0149,DDP,4791,40,2025-12-03,2026-12-02
QT-000068,QX-TIN-270,SUP-137,EUR,1.6666,FOB,867,22,2025-09-28,2026-04-24
QT-000069,QX-BAK-272,SUP-110,GBP,0.9463,DDP,3473,9,2025-09-17,2026-06-04
QT-000070,QX-BAK-272,SUP-111,GBP,1.1720,DDP,180,22,2025-09-30,2026-10-03
QT-000071,QX-CER-275,SUP-102,GBP,2.0717,DDP,2244,22,2025-10-15,2026-07-22
QT-000072,QX-CER-275,SUP-141,GHS,33.4595,EXW,2773,16,2026-01-26,2026-05-03
QT-000073,QX-CER-275,SUP-107,GBP,1.6061,DDP,3297,24,2026-01-24,2026-09-01
QT-000074,QX-CER-275,SUP-136,EUR,2.5504,FOB,3383,21,2026-02-15,2026-05-03
QT-000075,QX-DRY-278,SUP-130,MAD,7.2716,EXW,4406,23,2026-02-18,2026-05-07
QT-000076,QX-DRY-278,SUP-134,EUR,0.5717,CIF,1969,45,2026-02-22,2026-12-15
QT-000077,QX-DRY-278,SUP-117,GBP,0.5087,DDP,2683,44,2026-01-07,2026-05-06
QT-000078,QX-DRY-278,SUP-111,GBP,0.7482,DDP,1172,45,2026-01-10,2026-08-09
QT-000079,QX-PRO-290,SUP-131,VND,25611.2419,FOB,2841,13,2025-10-02,2026-06-08
QT-000080,QX-PRO-290,SUP-112,GBP,0.6900,DDP,4704,10,2025-09-30,2026-08-13
QT-000081,QX-PRO-290,SUP-108,GBP,0.6459,DDP,3108,13,2025-11-24,2026-09-25
QT-000082,QX-PRO-290,SUP-101,GBP,0.6452,DDP,3604,40,2025-12-19,2026-11-03
QT-000083,QX-BWS-292,SUP-106,GBP,4.9216,DDP,3443,2,2025-10-02,2026-07-25
QT-000084,QX-BWS-292,SUP-125,GHS,62.4555,EXW,543,34,2025-12-14,2026-12-03
QT-000085,QX-BWS-292,SUP-118,DKK,31.1046,CIF,373,29,2026-02-22,2026-07-22
QT-000086,QX-BWS-292,SUP-109,GBP,4.9778,DDP,298,23,2026-01-09,2026-11-15
QT-000087,QX-DRY-293,SUP-137,EUR,0.5107,FOB,2322,34,2026-01-02,2026-05-08
QT-000088,QX-DRY-293,SUP-139,TRY,21.1487,FOB,1074,14,2026-02-07,2026-10-23
QT-000089,QX-DRY-293,SUP-102,GBP,0.5785,DDP,1216,36,2026-03-08,2026-09-28
QT-000090,QX-DRK-296,SUP-117,GBP,2.9732,DDP,4209,33,2026-01-10,2026-09-26
QT-000091,QX-DRK-296,SUP-111,GBP,2.3093,DDP,703,17,2026-02-24,2026-08-22
QT-000092,QX-DRK-296,SUP-120,VND,93470.6737,FOB,1669,30,2026-01-27,2026-12-09
QT-000093,QX-BAK-297,SUP-138,VND,151284.3518,CIF,4173,30,2025-11-20,2026-11-24
QT-000094,QX-BAK-297,SUP-102,GBP,3.5835,DDP,4473,40,2026-01-24,2026-05-02
QT-000095,QX-BAK-297,SUP-125,GHS,59.1167,EXW,4451,45,2025-10-20,2026-07-27
QT-000096,QX-BWS-301,SUP-102,GBP,14.0518,DDP,3259,3,2026-01-07,2026-12-01
QT-000097,QX-BWS-301,SUP-134,EUR,12.6466,CIF,2329,21,2025-12-19,2026-06-20
QT-000098,QX-BWS-301,SUP-109,GBP,15.3558,DDP,2625,12,2025-11-19,2026-05-02
QT-000099,QX-BWS-301,SUP-104,GBP,11.7054,DDP,3104,5,2026-01-25,2026-10-20
QT-000100,QX-BAK-307,SUP-129,KES,137.4038,FOB,182,44,2026-02-20,2026-10-26
QT-000101,QX-BAK-307,SUP-133,EUR,1.1964,EXW,2659,18,2026-02-05,2026-11-02
QT-000102,QX-HBC-314,SUP-106,GBP,3.0442,DDP,1511,27,2025-12-03,2026-09-11
QT-000103,QX-HBC-314,SUP-109,GBP,2.7578,DDP,1089,42,2025-12-18,2026-12-08
QT-000104,QX-HBC-314,SUP-103,GBP,2.3933,DDP,1001,28,2025-10-02,2026-10-22
QT-000105,QX-FRZ-317,SUP-113,GBP,3.7669,DDP,206,26,2025-12-05,2026-05-11
QT-000106,QX-FRZ-317,SUP-119,VND,92501.5236,CIF,3383,12,2026-03-09,2026-09-07
QT-000107,QX-FRZ-317,SUP-114,GBP,2.9743,DDP,2118,14,2026-01-08,2026-08-15
QT-000108,QX-FRZ-317,SUP-100,GBP,3.8081,DDP,2769,37,2026-01-10,2026-12-10
QT-000109,QX-DRY-319,SUP-126,TRY,33.3794,DDP,2253,37,2026-03-07,2026-07-11
QT-000110,QX-DRY-319,SUP-134,EUR,1.1772,CIF,83,3,2026-01-02,2026-09-23
QT-000111,QX-TIN-325,SUP-130,MAD,15.4260,EXW,2146,25,2026-01-12,2026-08-27
QT-000112,QX-TIN-325,SUP-135,EUR,1.1945,FOB,1374,15,2025-11-12,2026-10-29
QT-000113,QX-HHD-328,SUP-126,TRY,230.3103,DDP,255,41,2026-01-03,2026-10-17
QT-000114,QX-HHD-328,SUP-121,PLN,31.7305,EXW,3680,11,2026-02-11,2026-07-13
QT-000115,QX-FRZ-330,SUP-132,TRY,163.9506,EXW,3709,37,2026-02-03,2026-09-01
QT-000116,QX-FRZ-330,SUP-104,GBP,5.1387,DDP,4614,33,2025-10-25,2026-10-10
QT-000117,QX-FRZ-330,SUP-116,GBP,3.9359,DDP,2425,17,2025-12-08,2026-07-10
QT-000118,QX-FRZ-330,SUP-103,GBP,4.3135,DDP,1678,6,2025-11-20,2026-08-13
QT-000119,QX-BAK-340,SUP-102,GBP,0.5642,DDP,1709,45,2025-09-16,2026-04-30
QT-000120,QX-BAK-340,SUP-118,DKK,4.0351,CIF,4022,14,2026-03-11,2026-10-16
QT-000121,QX-BAK-340,SUP-120,VND,15680.9075,FOB,3274,36,2025-11-30,2026-05-17
QT-000122,QX-TIN-347,SUP-116,GBP,1.4046,DDP,3368,29,2025-10-01,2026-09-13
QT-000123,QX-TIN-347,SUP-138,VND,39491.4527,CIF,1815,41,2025-09-28,2026-10-21
QT-000124,QX-TIN-347,SUP-124,EUR,1.2345,EXW,4275,3,2025-11-22,2026-04-23
QT-000125,QX-DRY-351,SUP-105,GBP,2.1652,DDP,701,33,2026-01-08,2026-07-22
QT-000126,QX-DRY-351,SUP-115,GBP,1.9806,DDP,2471,43,2025-11-18,2026-11-04
QT-000127,QX-DRY-351,SUP-118,DKK,16.9385,CIF,858,15,2025-10-01,2026-10-28
QT-000128,QX-PET-352,SUP-106,GBP,4.4558,DDP,1845,28,2026-01-30,2026-11-26
QT-000129,QX-PET-352,SUP-136,EUR,3.5392,FOB,4413,28,2025-11-23,2026-08-11
QT-000130,QX-CER-353,SUP-139,TRY,22.7649,FOB,1755,38,2026-01-05,2026-05-21
QT-000131,QX-CER-353,SUP-101,GBP,0.5349,DDP,3246,10,2025-10-30,2026-11-30
QT-000132,QX-CHL-359,SUP-113,GBP,4.0666,DDP,847,17,2026-03-01,2026-06-06
QT-000133,QX-CHL-359,SUP-121,PLN,18.7796,EXW,1733,38,2025-11-15,2026-10-18
QT-000134,QX-CHL-361,SUP-104,GBP,0.9909,DDP,1056,11,2025-10-18,2026-10-05
QT-000135,QX-CHL-361,SUP-132,TRY,33.7224,EXW,645,8,2026-02-28,2026-12-06
QT-000136,QX-CER-362,SUP-139,TRY,55.5325,FOB,2188,5,2025-11-12,2026-07-17
QT-000137,QX-CER-362,SUP-140,USD,2.1038,FOB,2912,12,2026-03-10,2026-09-14
QT-000138,QX-CER-362,SUP-116,GBP,1.5424,DDP,4022,39,2025-12-17,2026-05-31
QT-000139,QX-BAK-367,SUP-118,DKK,31.4827,CIF,2904,42,2025-10-07,2026-05-15
QT-000140,QX-BAK-367,SUP-126,TRY,138.3824,DDP,4200,11,2026-03-09,2026-04-23
QT-000141,QX-HHD-369,SUP-120,VND,79192.3205,FOB,1354,15,2026-01-26,2026-06-15
QT-000142,QX-HHD-369,SUP-122,TRY,96.7331,CIF,1059,12,2026-02-08,2026-07-12
QT-000143,QX-HHD-369,SUP-118,DKK,18.9381,CIF,1961,32,2025-09-22,2026-11-05
QT-000144,QX-DRY-373,SUP-127,TRY,60.0920,DDP,3473,11,2025-09-22,2026-07-02
QT-000145,QX-DRY-373,SUP-132,TRY,68.2658,EXW,2207,10,2025-10-11,2026-09-28
QT-000146,QX-CHL-375,SUP-101,GBP,0.7091,DDP,2357,25,2026-03-04,2026-04-25
QT-000147,QX-CHL-375,SUP-120,VND,20454.5242,FOB,4466,6,2026-02-11,2026-07-20
QT-000148,QX-HBC-381,SUP-112,GBP,9.2643,DDP,700,38,2026-02-03,2026-05-29
QT-000149,QX-HBC-381,SUP-108,GBP,6.7057,DDP,1945,39,2025-10-21,2026-09-29
QT-000150,QX-TIN-382,SUP-112,GBP,1.4074,DDP,2945,8,2026-03-03,2026-11-20
QT-000151,QX-TIN-382,SUP-141,GHS,27.2897,EXW,3832,16,2025-11-29,2026-10-02
QT-000152,QX-CHL-384,SUP-115,GBP,7.4958,DDP,2672,25,2025-12-22,2026-08-22
QT-000153,QX-CHL-384,SUP-101,GBP,7.1991,DDP,2458,32,2026-03-11,2026-08-14
QT-000154,QX-PET-385,SUP-141,GHS,62.7085,EXW,577,3,2026-01-11,2026-11-18
QT-000155,QX-PET-385,SUP-113,GBP,3.6648,DDP,3802,20,2026-01-08,2026-07-04
QT-000156,QX-PET-385,SUP-100,GBP,4.8055,DDP,992,30,2025-09-25,2026-10-25
QT-000157,QX-PET-385,SUP-133,EUR,4.2760,EXW,290,35,2026-03-03,2026-10-09
QT-000158,QX-HHD-392,SUP-111,GBP,4.5360,DDP,1371,22,2025-09-23,2026-07-28
QT-000159,QX-HHD-392,SUP-113,GBP,5.2374,DDP,670,5,2025-09-26,2026-11-18
QT-000160,QX-HHD-392,SUP-105,GBP,5.9662,DDP,4182,23,2026-01-14,2026-06-16
QT-000161,QX-HHD-397,SUP-108,GBP,0.5973,DDP,3453,11,2026-03-12,2026-11-16
QT-000162,QX-HHD-397,SUP-123,KES,81.1665,FOB,2864,43,2025-09-20,2026-09-07
QT-000163,QX-HHD-397,SUP-118,DKK,4.8091,CIF,3373,38,2025-10-06,2026-08-23
QT-000164,QX-CHL-399,SUP-139,TRY,227.9800,FOB,1137,14,2025-12-25,2026-09-08
QT-000165,QX-CHL-399,SUP-120,VND,147091.0580,FOB,405,36,2025-12-28,2026-11-17
QT-000166,QX-PRO-408,SUP-121,PLN,11.9461,EXW,137,39,2026-01-04,2026-11-01
QT-000167,QX-PRO-408,SUP-119,VND,67197.6687,CIF,4186,28,2026-02-25,2026-05-09
QT-000168,QX-PRO-408,SUP-135,EUR,2.3765,FOB,1095,19,2026-01-03,2026-07-30
QT-000169,QX-PRO-409,SUP-133,EUR,0.4890,EXW,2689,37,2026-01-20,2026-06-09
QT-000170,QX-PRO-409,SUP-119,VND,15262.5026,CIF,3508,32,2025-11-24,2026-07-27
QT-000171,QX-PRO-409,SUP-109,GBP,0.5650,DDP,84,12,2026-01-04,2026-10-09
QT-000172,QX-BAK-413,SUP-109,GBP,0.8649,DDP,1315,36,2025-10-20,2026-04-29
QT-000173,QX-BAK-413,SUP-121,PLN,3.8711,EXW,3670,14,2025-12-12,2026-07-02
QT-000174,QX-BAK-413,SUP-119,VND,26639.1140,CIF,829,17,2025-10-09,2026-08-25
QT-000175,QX-BAK-413,SUP-140,USD,1.2965,FOB,947,15,2025-12-02,2026-07-27
QT-000176,QX-CER-417,SUP-112,GBP,1.6057,DDP,1549,25,2025-12-22,2026-08-02
QT-000177,QX-CER-417,SUP-107,GBP,1.8587,DDP,208,45,2026-01-20,2026-08-16
QT-000178,QX-CER-417,SUP-126,TRY,78.9209,DDP,2481,37,2025-11-21,2026-10-22
QT-000179,QX-FRZ-418,SUP-137,EUR,3.7682,FOB,557,22,2025-09-15,2026-04-28
QT-000180,QX-FRZ-418,SUP-120,VND,106114.7674,FOB,1288,37,2025-11-08,2026-08-22
QT-000181,QX-FRZ-418,SUP-116,GBP,2.9296,DDP,3347,6,2025-12-02,2026-10-14
QT-000182,QX-DRY-421,SUP-107,GBP,0.7082,DDP,2447,13,2025-12-06,2026-09-24
QT-000183,QX-DRY-421,SUP-119,VND,22136.4390,CIF,2440,44,2026-02-23,2026-09-14
QT-000184,QX-DRY-421,SUP-130,MAD,6.1968,EXW,1584,21,2026-02-23,2026-09-27
QT-000185,QX-DRY-421,SUP-139,TRY,22.0710,FOB,3800,3,2025-09-26,2026-09-22
QT-000186,QX-DRY-423,SUP-124,EUR,3.5621,EXW,1667,42,2026-01-14,2026-07-27
QT-000187,QX-DRY-423,SUP-134,EUR,4.3986,CIF,1441,30,2025-10-25,2026-06-26
QT-000188,QX-DRY-423,SUP-138,VND,119990.8406,CIF,2744,16,2025-12-17,2026-05-03
QT-000189,QX-CHL-424,SUP-131,VND,327149.3368,FOB,3278,5,2026-01-22,2026-07-14
QT-000190,QX-CHL-424,SUP-125,GHS,201.2529,EXW,4769,43,2026-03-05,2026-10-06
QT-000191,QX-CHL-424,SUP-138,VND,358235.3206,CIF,3988,16,2026-02-10,2026-11-24
QT-000192,QX-CHL-424,SUP-109,GBP,13.2824,DDP,3000,21,2026-03-04,2026-05-13
QT-000193,QX-DRY-426,SUP-114,GBP,1.0002,DDP,1264,22,2026-02-25,2026-05-12
QT-000194,QX-DRY-426,SUP-121,PLN,4.5256,EXW,2553,40,2026-01-25,2026-08-22
QT-000195,QX-BAK-427,SUP-113,GBP,1.1690,DDP,2943,45,2025-10-24,2026-10-11
QT-000196,QX-BAK-427,SUP-129,KES,225.9759,FOB,303,10,2025-09-25,2026-07-31
QT-000197,QX-BAK-427,SUP-122,TRY,45.1373,CIF,1582,14,2025-11-22,2026-05-10
QT-000198,QX-PRO-428,SUP-130,MAD,22.9349,EXW,3639,39,2025-12-29,2026-09-03
QT-000199,QX-PRO-428,SUP-107,GBP,1.5965,DDP,683,34,2026-02-10,2026-07-26
QT-000200,QX-PRO-428,SUP-127,TRY,61.0446,DDP,1190,43,2025-12-12,2026-12-09
QT-000201,QX-PRO-428,SUP-118,DKK,17.7504,CIF,2521,6,2025-09-17,2026-09-15
QT-000202,QX-CER-435,SUP-124,EUR,2.1941,EXW,395,24,2025-10-14,2026-05-18
QT-000203,QX-CER-435,SUP-104,GBP,2.5872,DDP,152,11,2026-03-09,2026-09-01
QT-000204,QX-CER-435,SUP-139,TRY,106.9725,FOB,190,9,2025-12-24,2026-08-27
QT-000205,QX-CER-435,SUP-127,TRY,105.5136,DDP,3390,26,2026-02-20,2026-10-25
QT-000206,QX-FRZ-439,SUP-115,GBP,4.4397,DDP,4592,28,2025-10-30,2026-09-03
QT-000207,QX-FRZ-439,SUP-112,GBP,5.3372,DDP,1822,21,2025-09-20,2026-11-02
QT-000208,QX-FRZ-439,SUP-100,GBP,4.8322,DDP,1301,11,2025-11-12,2026-09-17
QT-000209,QX-BAK-447,SUP-127,TRY,46.3611,DDP,3903,27,2026-02-28,2026-11-05
QT-000210,QX-BAK-447,SUP-133,EUR,1.2483,EXW,4465,3,2025-12-02,2026-11-04
QT-000211,QX-CER-450,SUP-108,GBP,2.4160,DDP,2582,18,2026-01-04,2026-12-11
QT-000212,QX-CER-450,SUP-103,GBP,2.6783,DDP,2232,43,2026-02-11,2026-10-05
QT-000213,QX-CER-450,SUP-107,GBP,2.1914,DDP,600,45,2025-11-10,2026-05-16
QT-000214,QX-BAK-452,SUP-137,EUR,1.8544,FOB,1430,35,2026-01-31,2026-05-19
QT-000215,QX-BAK-452,SUP-135,EUR,1.7826,FOB,1607,5,2025-09-20,2026-06-15
QT-000216,QX-BAK-452,SUP-127,TRY,70.7161,DDP,1570,8,2025-09-15,2026-09-06
QT-000217,QX-BAK-452,SUP-121,PLN,6.4610,EXW,4233,12,2025-10-24,2026-07-05
QT-000218,QX-CER-455,SUP-121,PLN,4.9673,EXW,180,39,2025-12-14,2026-08-24
QT-000219,QX-CER-455,SUP-112,GBP,0.9155,DDP,3945,6,2026-01-08,2026-12-09
QT-000220,QX-CER-455,SUP-118,DKK,6.0982,CIF,3398,20,2025-11-12,2026-08-14
QT-000221,QX-HBC-456,SUP-119,VND,112285.0501,CIF,1884,25,2026-03-02,2026-08-06
QT-000222,QX-HBC-456,SUP-137,EUR,3.3229,FOB,1930,32,2025-10-20,2026-07-21
QT-000223,QX-HBC-456,SUP-123,KES,561.9035,FOB,3627,45,2025-10-18,2026-05-31
QT-000224,QX-PET-460,SUP-127,TRY,205.8966,DDP,4016,36,2025-12-16,2026-08-27
QT-000225,QX-PET-460,SUP-103,GBP,3.6730,DDP,1313,7,2025-10-03,2026-07-01
QT-000226,QX-BWS-461,SUP-119,VND,598989.0839,CIF,3519,3,2025-10-12,2026-08-19
QT-000227,QX-BWS-461,SUP-120,VND,570317.1699,FOB,488,15,2026-03-02,2026-07-13
QT-000228,QX-BWS-461,SUP-136,EUR,16.4795,FOB,509,26,2025-09-19,2026-09-21
QT-000229,QX-BWS-461,SUP-111,GBP,22.8644,DDP,2690,32,2025-10-27,2026-05-14
QT-000230,QX-PET-467,SUP-114,GBP,0.7409,DDP,565,22,2026-01-21,2026-09-02
QT-000231,QX-PET-467,SUP-129,KES,89.6346,FOB,810,28,2025-10-10,2026-08-10
QT-000232,QX-PET-467,SUP-104,GBP,0.7376,DDP,1188,29,2025-10-25,2026-09-18
QT-000233,QX-PRO-469,SUP-102,GBP,1.1032,DDP,1943,42,2025-12-30,2026-05-12
QT-000234,QX-PRO-469,SUP-139,TRY,49.4757,FOB,515,26,2025-10-24,2026-08-15
QT-000235,QX-PRO-469,SUP-115,GBP,0.9105,DDP,1149,29,2026-02-09,2026-07-17
QT-000236,QX-PET-473,SUP-129,KES,588.0790,FOB,1872,10,2026-02-22,2026-08-09
QT-000237,QX-PET-473,SUP-139,TRY,147.9545,FOB,2859,6,2025-11-25,2026-08-08
QT-000238,QX-PET-473,SUP-102,GBP,3.6967,DDP,181,43,2025-12-21,2026-05-20
QT-000239,QX-FRZ-475,SUP-111,GBP,2.8900,DDP,1881,33,2025-11-25,2026-05-18
QT-000240,QX-FRZ-475,SUP-128,KES,582.0444,FOB,442,2,2025-12-28,2026-06-26
QT-000241,QX-BWS-481,SUP-135,EUR,15.8649,FOB,873,15,2025-10-13,2026-07-11
QT-000242,QX-BWS-481,SUP-119,VND,409238.1548,CIF,188,2,2025-12-04,2026-06-27
QT-000243,QX-BWS-481,SUP-100,GBP,9.3951,DDP,1329,3,2026-02-16,2026-10-22
QT-000244,QX-BWS-481,SUP-131,VND,318552.4052,FOB,2571,29,2026-01-24,2026-07-12
QT-000245,QX-BWS-492,SUP-112,GBP,13.6291,DDP,976,21,2025-10-11,2026-09-22
QT-000246,QX-BWS-492,SUP-136,EUR,13.3830,FOB,1230,44,2026-02-25,2026-07-13
QT-000247,QX-BWS-492,SUP-137,EUR,19.5044,FOB,811,37,2026-03-07,2026-07-24
QT-000248,QX-BWS-505,SUP-110,GBP,13.9550,DDP,1291,21,2026-01-28,2026-08-18
QT-000249,QX-BWS-505,SUP-128,KES,2077.8245,FOB,3324,10,2025-12-14,2026-10-23
QT-000250,QX-BWS-505,SUP-112,GBP,16.2663,DDP,782,37,2025-12-01,2026-08-22
QT-000251,QX-PET-510,SUP-135,EUR,2.0818,FOB,1395,26,2025-12-27,2026-07-08
QT-000252,QX-PET-510,SUP-102,GBP,1.3506,DDP,2782,32,2026-03-04,2026-08-26
QT-000253,QX-BAK-512,SUP-127,TRY,61.7492,DDP,2518,46,2026-01-31,2026-08-14
QT-000254,QX-BAK-512,SUP-105,GBP,1.5655,DDP,617,14,2026-01-23,2026-11-15
QT-000255,QX-DRK-513,SUP-130,MAD,20.9254,EXW,2722,40,2025-09-21,2026-11-12
QT-000256,QX-DRK-513,SUP-119,VND,57638.6016,CIF,1580,42,2025-12-11,2026-11-17
QT-000257,QX-PET-515,SUP-122,TRY,30.5905,CIF,147,23,2026-01-04,2026-05-02
QT-000258,QX-PET-515,SUP-115,GBP,0.8245,DDP,1784,15,2026-01-28,2026-06-29
QT-000259,QX-PET-515,SUP-109,GBP,0.9382,DDP,3987,19,2025-10-19,2026-10-13
QT-000260,QX-PET-515,SUP-130,MAD,7.3677,EXW,1643,13,2026-02-28,2026-08-30
QT-000261,QX-HHD-516,SUP-102,GBP,3.1906,DDP,815,4,2026-03-09,2026-06-21
QT-000262,QX-HHD-516,SUP-107,GBP,2.4345,DDP,2079,29,2026-02-15,2026-08-29
QT-000263,QX-DRY-524,SUP-140,USD,0.8339,FOB,2160,45,2025-09-21,2026-05-31
QT-000264,QX-DRY-524,SUP-104,GBP,0.6831,DDP,1970,4,2025-10-03,2026-12-16
QT-000265,QX-DRY-526,SUP-117,GBP,0.5951,DDP,2846,21,2026-01-17,2026-07-19
QT-000266,QX-DRY-526,SUP-126,TRY,28.5666,DDP,1245,31,2026-01-30,2026-10-02
QT-000267,QX-DRY-526,SUP-111,GBP,0.7319,DDP,4558,10,2025-11-13,2026-04-26
QT-000268,QX-DRY-526,SUP-120,VND,15858.0933,FOB,535,20,2025-10-17,2026-08-17
QT-000269,QX-PET-532,SUP-114,GBP,2.8830,DDP,217,3,2026-01-10,2026-10-08
QT-000270,QX-PET-532,SUP-116,GBP,2.5580,DDP,547,31,2025-11-21,2026-07-16
QT-000271,QX-PET-532,SUP-135,EUR,3.0024,FOB,4688,31,2026-02-21,2026-11-13
QT-000272,QX-PET-532,SUP-121,PLN,14.6407,EXW,1319,7,2026-03-07,2026-10-23
QT-000273,QX-CHL-533,SUP-126,TRY,69.3671,DDP,1714,27,2026-02-26,2026-09-02
QT-000274,QX-CHL-533,SUP-125,GHS,20.8240,EXW,3874,16,2026-01-24,2026-08-07
QT-000275,QX-CHL-533,SUP-132,TRY,58.9839,EXW,988,9,2026-03-03,2026-10-12
QT-000276,QX-DRK-537,SUP-121,PLN,17.3665,EXW,2625,31,2025-11-08,2026-07-05
QT-000277,QX-DRK-537,SUP-100,GBP,3.1383,DDP,114,15,2025-11-26,2026-07-01
QT-000278,QX-DRK-537,SUP-137,EUR,4.1360,FOB,1689,16,2025-11-26,2026-11-06
QT-000279,QX-PRO-539,SUP-124,EUR,2.8317,EXW,4084,12,2025-09-20,2026-10-17
QT-000280,QX-PRO-539,SUP-139,TRY,87.3283,FOB,4134,30,2026-01-30,2026-10-26
QT-000281,QX-PRO-539,SUP-140,USD,3.0610,FOB,4484,35,2025-10-18,2026-10-30
QT-000282,QX-PRO-539,SUP-101,GBP,2.8392,DDP,2030,16,2025-11-20,2026-10-19
QT-000283,QX-HHD-550,SUP-104,GBP,6.9630,DDP,3712,4,2025-12-08,2026-07-29
QT-000284,QX-HHD-550,SUP-111,GBP,7.4213,DDP,4570,29,2025-11-11,2026-06-11
QT-000285,QX-BAK-553,SUP-121,PLN,9.4562,EXW,239,6,2026-01-24,2026-11-28
QT-000286,QX-BAK-553,SUP-115,GBP,1.8755,DDP,3040,22,2026-01-05,2026-10-20
QT-000287,QX-BAK-553,SUP-135,EUR,2.2391,FOB,2713,4,2026-01-23,2026-06-03
QT-000288,QX-FRZ-554,SUP-108,GBP,4.9938,DDP,4163,39,2026-03-02,2026-11-07
QT-000289,QX-FRZ-554,SUP-121,PLN,18.0244,EXW,412,28,2025-11-30,2026-06-13
QT-000290,QX-FRZ-554,SUP-128,KES,876.3665,FOB,4562,8,2026-02-23,2026-08-18
QT-000291,QX-FRZ-554,SUP-114,GBP,5.4574,DDP,3258,32,2025-10-20,2026-08-30
QT-000292,QX-BWS-557,SUP-118,DKK,80.3082,CIF,3162,20,2025-10-13,2026-06-07
QT-000293,QX-BWS-557,SUP-126,TRY,349.9591,DDP,4663,12,2025-12-26,2026-07-08
QT-000294,QX-BAK-559,SUP-109,GBP,2.6428,DDP,399,2,2026-02-08,2026-04-24
QT-000295,QX-BAK-559,SUP-103,GBP,3.5616,DDP,621,42,2026-02-10,2026-07-19
QT-000296,QX-CHL-562,SUP-132,TRY,302.3461,EXW,3011,45,2026-03-06,2026-11-21
QT-000297,QX-CHL-562,SUP-101,GBP,9.9210,DDP,2172,13,2025-10-03,2026-12-08
QT-000298,QX-FRZ-568,SUP-135,EUR,4.3666,FOB,3677,22,2026-02-02,2026-12-12
QT-000299,QX-FRZ-568,SUP-126,TRY,123.7581,DDP,3501,5,2025-12-16,2026-06-27
QT-000300,QX-FRZ-568,SUP-102,GBP,3.6620,DDP,3195,4,2025-09-29,2026-06-14
QT-000301,QX-BAK-574,SUP-116,GBP,2.3646,DDP,2824,12,2025-11-12,2026-11-14
QT-000302,QX-BAK-574,SUP-132,TRY,95.0172,EXW,4393,5,2026-02-01,2026-08-12
QT-000303,QX-BAK-574,SUP-122,TRY,96.9514,CIF,2009,45,2025-11-13,2026-04-25
QT-000304,QX-HHD-576,SUP-100,GBP,3.5455,DDP,4773,10,2025-12-07,2026-09-21
QT-000305,QX-HHD-576,SUP-114,GBP,4.9802,DDP,1442,28,2025-09-28,2026-05-04
QT-000306,QX-CER-577,SUP-126,TRY,76.4881,DDP,4517,32,2026-01-24,2026-07-19
QT-000307,QX-CER-577,SUP-120,VND,41103.2644,FOB,1713,37,2025-10-22,2026-04-25
QT-000308,QX-CER-577,SUP-127,TRY,61.5557,DDP,3036,40,2026-02-09,2026-10-14
QT-000309,QX-DRY-578,SUP-111,GBP,1.7926,DDP,812,16,2025-10-30,2026-08-21
QT-000310,QX-DRY-578,SUP-125,GHS,22.2904,EXW,4444,26,2026-01-30,2026-10-07
QT-000311,QX-HBC-583,SUP-108,GBP,1.8089,DDP,4014,31,2025-10-23,2026-08-26
QT-000312,QX-HBC-583,SUP-126,TRY,67.1475,DDP,956,45,2025-10-07,2026-09-04
QT-000313,QX-HBC-583,SUP-110,GBP,1.6865,DDP,2659,19,2025-12-14,2026-06-06
QT-000314,QX-HBC-585,SUP-120,VND,95583.2287,FOB,2336,31,2025-09-26,2026-07-24
QT-000315,QX-HBC-585,SUP-133,EUR,4.1984,EXW,1438,13,2025-10-15,2026-08-03
QT-000316,QX-HHD-588,SUP-130,MAD,25.1172,EXW,4542,40,2026-02-07,2026-12-07
QT-000317,QX-HHD-588,SUP-106,GBP,1.9222,DDP,1179,19,2025-10-08,2026-07-11
QT-000318,QX-HHD-588,SUP-113,GBP,1.8146,DDP,1029,17,2025-11-21,2026-09-24
QT-000319,QX-DRK-590,SUP-112,GBP,0.6815,DDP,610,31,2025-10-27,2026-07-27
QT-000320,QX-DRK-590,SUP-125,GHS,12.6306,EXW,1573,3,2025-11-30,2026-11-26
QT-000321,QX-DRK-590,SUP-109,GBP,0.7867,DDP,158,19,2026-03-10,2026-07-17
QT-000322,QX-BAK-594,SUP-120,VND,17331.3567,FOB,902,25,2025-11-24,2026-05-20
QT-000323,QX-BAK-594,SUP-121,PLN,2.9209,EXW,1607,8,2025-12-28,2026-10-13
QT-000324,QX-BAK-594,SUP-135,EUR,0.7601,FOB,4234,23,2026-01-11,2026-09-06
QT-000325,QX-BAK-597,SUP-104,GBP,1.7622,DDP,4694,4,2026-01-09,2026-09-13
QT-000326,QX-BAK-597,SUP-108,GBP,1.5255,DDP,237,31,2025-10-03,2026-11-25
QT-000327,QX-BAK-597,SUP-129,KES,235.5203,FOB,4370,22,2025-10-17,2026-06-14
QT-000328,QX-BAK-597,SUP-110,GBP,1.7429,DDP,928,46,2025-10-09,2026-11-13
QT-000329,QX-FRZ-598,SUP-107,GBP,2.1356,DDP,4700,27,2025-12-14,2026-08-04
QT-000330,QX-FRZ-598,SUP-100,GBP,2.9494,DDP,984,14,2026-01-21,2026-06-28
QT-000331,QX-CHL-599,SUP-102,GBP,4.0454,DDP,4179,38,2025-10-07,2026-06-26
QT-000332,QX-CHL-599,SUP-107,GBP,4.8403,DDP,842,10,2025-10-26,2026-09-20
QT-000333,QX-DRY-603,SUP-113,GBP,2.5946,DDP,3157,16,2025-10-12,2026-10-02
QT-000334,QX-DRY-603,SUP-105,GBP,2.2972,DDP,3235,26,2025-12-27,2026-12-16
QT-000335,QX-HHD-604,SUP-104,GBP,2.2077,DDP,1999,5,2025-09-28,2026-08-04
QT-000336,QX-HHD-604,SUP-110,GBP,2.0848,DDP,1395,30,2026-02-09,2026-07-16
QT-000337,QX-HHD-604,SUP-129,KES,350.7275,FOB,2400,11,2025-10-17,2026-06-15
QT-000338,QX-HBC-608,SUP-134,EUR,1.2486,CIF,1265,12,2025-11-03,2026-10-25
QT-000339,QX-HBC-608,SUP-119,VND,35603.4041,CIF,3866,16,2026-02-25,2026-08-02
QT-000340,QX-HBC-608,SUP-137,EUR,1.4636,FOB,171,16,2026-01-17,2026-05-22
QT-000341,QX-DRK-609,SUP-124,EUR,2.1334,EXW,578,44,2025-11-29,2026-10-23
QT-000342,QX-DRK-609,SUP-116,GBP,2.1810,DDP,2823,9,2025-11-24,2026-05-06
QT-000343,QX-DRK-609,SUP-139,TRY,89.7883,FOB,4176,32,2025-11-17,2026-04-26
QT-000344,QX-DRK-609,SUP-100,GBP,2.6882,DDP,2307,39,2026-02-08,2026-12-11
QT-000345,QX-HHD-613,SUP-136,EUR,3.9009,FOB,1631,17,2026-02-23,2026-10-07
QT-000346,QX-BWS-614,SUP-112,GBP,14.1693,DDP,2903,35,2025-09-18,2026-07-30
QT-000347,QX-BWS-614,SUP-121,PLN,54.7854,EXW,747,18,2025-11-01,2026-07-16
QT-000348,QX-BWS-614,SUP-107,GBP,14.4226,DDP,604,13,2026-02-08,2026-05-26
QT-000349,QX-BAK-615,SUP-117,GBP,1.0034,DDP,1896,45,2025-09-18,2026-07-21
QT-000350,QX-BAK-615,SUP-140,USD,1.4431,FOB,3677,34,2025-12-19,2026-09-13
QT-000351,QX-BAK-615,SUP-107,GBP,1.2338,DDP,239,21,2025-12-28,2026-11-28
QT-000352,QX-BAK-615,SUP-127,TRY,53.8823,DDP,2065,16,2026-01-27,2026-11-25
QT-000353,QX-DRY-617,SUP-138,VND,44389.2913,CIF,87,7,2025-11-19,2026-11-04
QT-000354,QX-DRY-617,SUP-112,GBP,1.4316,DDP,4329,25,2025-11-01,2026-04-25
QT-000355,QX-DRY-617,SUP-114,GBP,2.0637,DDP,4591,37,2026-02-22,2026-10-17
QT-000356,QX-HHD-618,SUP-112,GBP,0.9883,DDP,2073,18,2025-10-31,2026-11-17
QT-000357,QX-HHD-618,SUP-135,EUR,1.3013,FOB,266,10,2025-11-28,2026-07-24
QT-000358,QX-HHD-618,SUP-123,KES,211.6310,FOB,4500,26,2025-10-18,2026-09-22
QT-000359,QX-HHD-618,SUP-120,VND,39948.0862,FOB,2963,40,2025-12-15,2026-05-20
QT-000360,QX-PRO-619,SUP-129,KES,313.7429,FOB,319,25,2025-10-01,2026-05-18
QT-000361,QX-PRO-619,SUP-103,GBP,1.8698,DDP,3937,27,2025-12-20,2026-11-25
QT-000362,QX-PRO-619,SUP-122,TRY,104.5318,CIF,2782,30,2025-12-02,2026-11-14
QT-000363,QX-HBC-620,SUP-102,GBP,1.6621,DDP,3045,42,2025-10-05,2026-12-05
QT-000364,QX-HBC-620,SUP-135,EUR,1.7858,FOB,1613,27,2025-11-21,2026-10-09
QT-000365,QX-CER-628,SUP-110,GBP,1.9930,DDP,3913,16,2026-01-15,2026-04-21
QT-000366,QX-CER-628,SUP-140,USD,1.9455,FOB,204,40,2025-10-01,2026-12-01
QT-000367,QX-TIN-631,SUP-134,EUR,1.8458,CIF,4777,17,2025-12-09,2026-08-22
QT-000368,QX-TIN-631,SUP-103,GBP,1.2091,DDP,750,6,2025-09-26,2026-10-04
QT-000369,QX-TIN-631,SUP-135,EUR,1.7565,FOB,3403,26,2026-02-18,2026-09-21
QT-000370,QX-DRK-634,SUP-124,EUR,1.0824,EXW,2772,31,2025-11-24,2026-05-26
QT-000371,QX-DRK-634,SUP-102,GBP,1.0781,DDP,1018,15,2025-12-29,2026-12-13
QT-000372,QX-DRK-634,SUP-133,EUR,1.0097,EXW,2770,44,2025-11-18,2026-08-08
QT-000373,QX-BWS-639,SUP-104,GBP,2.6779,DDP,2497,8,2026-02-16,2026-04-22
QT-000374,QX-BWS-639,SUP-132,TRY,130.6171,EXW,2564,16,2025-11-02,2026-08-12
QT-000375,QX-BWS-639,SUP-136,EUR,3.2523,FOB,3343,10,2025-12-25,2026-08-19
QT-000376,QX-BWS-639,SUP-123,KES,358.1752,FOB,3332,15,2025-10-14,2026-06-08
QT-000377,QX-DRK-643,SUP-100,GBP,0.9415,DDP,3686,4,2026-01-13,2026-07-22
QT-000378,QX-DRK-643,SUP-104,GBP,1.0889,DDP,2079,43,2026-02-23,2026-04-25
QT-000379,QX-TIN-651,SUP-137,EUR,0.4077,FOB,1819,42,2025-12-11,2026-05-21
QT-000380,QX-TIN-651,SUP-128,KES,74.8601,FOB,3502,22,2025-12-22,2026-11-30
QT-000381,QX-TIN-651,SUP-126,TRY,19.2658,DDP,3491,24,2025-09-30,2026-12-11
QT-000382,QX-DRY-654,SUP-118,DKK,29.0596,CIF,2923,33,2026-03-04,2026-09-17
QT-000383,QX-DRY-654,SUP-127,TRY,131.0248,DDP,4337,9,2025-11-04,2026-06-21
QT-000384,QX-DRY-654,SUP-134,EUR,3.7208,CIF,1844,17,2025-11-11,2026-05-27
QT-000385,QX-PRO-659,SUP-135,EUR,2.5280,FOB,4259,15,2025-10-02,2026-11-03
QT-000386,QX-PRO-659,SUP-115,GBP,2.2712,DDP,1106,33,2025-09-22,2026-09-15
QT-000387,QX-BWS-661,SUP-127,TRY,175.6730,DDP,1610,28,2026-01-01,2026-12-13
QT-000388,QX-BWS-661,SUP-111,GBP,3.1483,DDP,4379,41,2026-01-25,2026-11-08
QT-000389,QX-BWS-661,SUP-121,PLN,18.3104,EXW,2492,13,2026-03-10,2026-05-24
QT-000390,QX-BWS-661,SUP-123,KES,696.9872,FOB,1719,12,2025-11-01,2026-05-06
QT-000391,QX-FRZ-662,SUP-101,GBP,3.6480,DDP,1063,16,2026-01-10,2026-06-13
QT-000392,QX-FRZ-662,SUP-133,EUR,4.1186,EXW,2085,19,2025-11-29,2026-11-03
QT-000393,QX-FRZ-662,SUP-125,GHS,73.1680,EXW,593,30,2026-02-06,2026-07-25
QT-000394,QX-FRZ-673,SUP-123,KES,540.7054,FOB,2714,15,2025-11-02,2026-10-02
QT-000395,QX-FRZ-673,SUP-121,PLN,20.7877,EXW,4086,34,2025-10-31,2026-10-09
QT-000396,QX-FRZ-673,SUP-106,GBP,3.4771,DDP,536,21,2026-03-06,2026-10-28
QT-000397,QX-BAK-674,SUP-136,EUR,1.3258,FOB,132,30,2025-11-20,2026-07-27
QT-000398,QX-BAK-674,SUP-138,VND,39575.4039,CIF,2842,12,2025-09-28,2026-06-11
QT-000399,QX-BWS-676,SUP-129,KES,1268.1077,FOB,3597,27,2025-12-01,2026-06-05
QT-000400,QX-BWS-676,SUP-138,VND,295999.9266,CIF,2507,44,2026-01-03,2026-07-09
QT-000401,QX-BWS-676,SUP-110,GBP,7.9404,DDP,3659,21,2026-01-27,2026-09-16
QT-000402,QX-CHL-677,SUP-120,VND,52531.7374,FOB,2795,43,2025-11-28,2026-09-09
QT-000403,QX-CHL-677,SUP-114,GBP,1.5557,DDP,3415,25,2026-01-23,2026-09-12
QT-000404,QX-DRK-678,SUP-106,GBP,2.6488,DDP,72,26,2025-10-13,2026-08-23
QT-000405,QX-PET-680,SUP-117,GBP,2.7875,DDP,4686,11,2025-12-04,2026-08-09
QT-000406,QX-PET-680,SUP-114,GBP,2.7542,DDP,3341,34,2025-10-31,2026-09-03
QT-000407,QX-BWS-681,SUP-124,EUR,5.1815,EXW,1432,30,2026-01-07,2026-04-28
QT-000408,QX-BWS-681,SUP-130,MAD,66.1744,EXW,3655,13,2026-02-23,2026-10-18
QT-000409,QX-BWS-681,SUP-127,TRY,198.3526,DDP,4738,9,2025-10-01,2026-06-05
QT-000410,QX-HBC-683,SUP-138,VND,130924.6146,CIF,1040,16,2025-12-18,2026-11-19
QT-000411,QX-HBC-683,SUP-121,PLN,30.1252,EXW,1845,37,2025-10-25,2026-11-17
QT-000412,QX-HBC-683,SUP-119,VND,165124.9395,CIF,3999,34,2025-11-12,2026-11-04
QT-000413,QX-DRK-685,SUP-109,GBP,1.2484,DDP,4126,37,2026-02-07,2026-08-27
QT-000414,QX-DRK-685,SUP-129,KES,263.4296,FOB,650,9,2025-12-27,2026-06-03
QT-000415,QX-DRK-685,SUP-138,VND,52105.5773,CIF,3350,40,2026-03-04,2026-09-28
QT-000416,QX-DRK-685,SUP-123,KES,308.7213,FOB,4744,21,2025-10-08,2026-05-18
QT-000417,QX-CER-689,SUP-121,PLN,9.4975,EXW,429,7,2025-09-29,2026-06-05
QT-000418,QX-CER-689,SUP-100,GBP,2.0447,DDP,2381,27,2025-10-09,2026-08-19
QT-000419,QX-DRY-696,SUP-129,KES,117.1341,FOB,3831,17,2025-12-28,2026-06-01
QT-000420,QX-DRY-696,SUP-137,EUR,0.8297,FOB,4458,43,2025-10-08,2026-05-19
QT-000421,QX-TIN-697,SUP-129,KES,93.1840,FOB,605,19,2026-02-15,2026-11-23
QT-000422,QX-TIN-697,SUP-126,TRY,31.8803,DDP,1090,3,2025-12-31,2026-11-15
QT-000423,QX-TIN-697,SUP-132,TRY,26.2755,EXW,2378,4,2025-11-20,2026-11-21
QT-000424,QX-CHL-708,SUP-126,TRY,62.5455,DDP,1357,10,2025-12-06,2026-12-09
QT-000425,QX-CHL-708,SUP-102,GBP,1.1874,DDP,2618,29,2025-10-07,2026-09-22
QT-000426,QX-HHD-714,SUP-123,KES,859.2457,FOB,2047,23,2025-12-12,2026-08-05
QT-000427,QX-HHD-714,SUP-112,GBP,4.1730,DDP,1178,27,2025-12-21,2026-06-24
QT-000428,QX-PET-715,SUP-129,KES,760.4553,FOB,2110,24,2026-01-07,2026-08-31
QT-000429,QX-PET-715,SUP-136,EUR,6.4525,FOB,2813,37,2026-02-22,2026-07-05
QT-000430,QX-PET-715,SUP-130,MAD,72.0426,EXW,3420,6,2025-10-19,2026-09-02
QT-000431,QX-FRZ-718,SUP-136,EUR,2.9704,FOB,3784,27,2026-01-20,2026-11-05
QT-000432,QX-FRZ-718,SUP-125,GHS,41.7956,EXW,1539,23,2026-01-04,2026-07-15
QT-000433,QX-FRZ-718,SUP-120,VND,89844.8773,FOB,2215,31,2025-12-17,2026-09-14
QT-000434,QX-PRO-721,SUP-107,GBP,1.1249,DDP,3016,30,2025-11-25,2026-05-13
QT-000435,QX-PRO-721,SUP-130,MAD,21.0034,EXW,3217,6,2025-10-02,2026-08-07
QT-000436,QX-PRO-721,SUP-112,GBP,1.5791,DDP,2848,8,2026-02-25,2026-09-10
QT-000437,QX-PRO-721,SUP-109,GBP,1.1260,DDP,2291,44,2025-09-15,2026-07-26
QT-000438,QX-FRZ-724,SUP-115,GBP,2.8406,DDP,3937,26,2025-09-17,2026-09-25
QT-000439,QX-FRZ-724,SUP-121,PLN,19.8078,EXW,578,23,2026-01-04,2026-06-20
QT-000440,QX-CHL-731,SUP-105,GBP,5.2197,DDP,78,29,2026-01-30,2026-10-28
QT-000441,QX-CHL-731,SUP-122,TRY,217.8730,CIF,2142,20,2025-10-28,2026-05-27
QT-000442,QX-CHL-731,SUP-141,GHS,57.9074,EXW,3067,13,2025-11-12,2026-09-29
QT-000443,QX-PRO-733,SUP-126,TRY,24.5335,DDP,934,29,2025-10-28,2026-09-13
QT-000444,QX-PRO-733,SUP-139,TRY,21.8077,FOB,3736,17,2025-11-25,2026-05-22
QT-000445,QX-HHD-736,SUP-100,GBP,3.2529,DDP,2283,27,2025-10-29,2026-05-05
QT-000446,QX-HHD-736,SUP-133,EUR,3.5622,EXW,2871,23,2025-12-12,2026-05-15
QT-000447,QX-HHD-736,SUP-110,GBP,3.9509,DDP,3649,15,2026-01-23,2026-07-21
QT-000448,QX-HHD-736,SUP-127,TRY,199.2887,DDP,1364,19,2025-09-14,2026-10-24
QT-000449,QX-BAK-739,SUP-122,TRY,106.5239,CIF,3330,26,2026-02-24,2026-08-27
QT-000450,QX-BAK-739,SUP-121,PLN,12.9616,EXW,4599,36,2026-02-21,2026-08-26
QT-000451,QX-BAK-739,SUP-126,TRY,110.6129,DDP,162,33,2025-09-23,2026-05-23
QT-000452,QX-BAK-739,SUP-115,GBP,1.7195,DDP,3192,18,2025-11-03,2026-10-17
QT-000453,QX-CER-741,SUP-108,GBP,1.2792,DDP,2351,44,2025-12-26,2026-10-09
QT-000454,QX-CER-741,SUP-135,EUR,1.5264,FOB,706,10,2025-10-03,2026-09-13
QT-000455,QX-PRO-742,SUP-131,VND,57934.6915,FOB,3921,12,2026-01-15,2026-08-30
QT-000456,QX-PRO-742,SUP-109,GBP,2.3124,DDP,1055,14,2025-11-29,2026-10-01
QT-000457,QX-DRK-743,SUP-128,KES,643.5904,FOB,1688,15,2026-01-02,2026-08-02
QT-000458,QX-DRK-743,SUP-116,GBP,3.5926,DDP,3054,14,2025-12-26,2026-12-10
QT-000459,QX-DRK-743,SUP-138,VND,116520.4578,CIF,4223,18,2025-10-01,2026-09-01
QT-000460,QX-CHL-747,SUP-129,KES,421.8711,FOB,1527,8,2025-11-05,2026-05-11
QT-000461,QX-CHL-747,SUP-136,EUR,3.6199,FOB,1315,22,2025-10-22,2026-09-28
QT-000462,QX-CHL-753,SUP-138,VND,50988.3222,CIF,438,26,2025-09-22,2026-05-05
QT-000463,QX-CHL-753,SUP-136,EUR,2.7644,FOB,4267,22,2025-10-22,2026-12-09
QT-000464,QX-CHL-753,SUP-121,PLN,10.8463,EXW,848,26,2025-11-23,2026-08-27
QT-000465,QX-CHL-753,SUP-117,GBP,2.2078,DDP,2441,30,2026-01-27,2026-04-29
QT-000466,QX-FRZ-756,SUP-120,VND,103907.8359,FOB,2386,46,2026-02-21,2026-05-27
QT-000467,QX-FRZ-756,SUP-109,GBP,3.8343,DDP,2091,8,2025-12-04,2026-10-31
QT-000468,QX-FRZ-756,SUP-118,DKK,24.5292,CIF,962,34,2025-11-02,2026-11-24
QT-000469,QX-DRY-758,SUP-122,TRY,91.3625,CIF,3106,42,2025-10-27,2026-06-21
QT-000470,QX-DRY-758,SUP-105,GBP,2.4614,DDP,1982,24,2026-02-12,2026-05-22
QT-000471,QX-PRO-761,SUP-114,GBP,0.9898,DDP,2145,33,2026-01-10,2026-10-29
QT-000472,QX-PRO-761,SUP-108,GBP,1.3392,DDP,1677,20,2026-02-20,2026-05-28
QT-000473,QX-HHD-764,SUP-134,EUR,8.6279,CIF,4800,5,2025-09-21,2026-07-30
QT-000474,QX-HHD-764,SUP-114,GBP,5.0013,DDP,2195,13,2026-01-25,2026-07-18
QT-000475,QX-HHD-764,SUP-124,EUR,6.7317,EXW,98,42,2026-03-12,2026-07-08
QT-000476,QX-HHD-764,SUP-127,TRY,208.9148,DDP,3256,13,2025-09-18,2026-12-08
QT-000477,QX-BWS-765,SUP-107,GBP,22.1199,DDP,1292,21,2026-01-15,2026-07-22
QT-000478,QX-BWS-765,SUP-119,VND,721224.3880,CIF,1826,40,2025-10-10,2026-08-11
QT-000479,QX-DRY-767,SUP-140,USD,1.0297,FOB,2931,26,2025-12-22,2026-07-13
QT-000480,QX-DRY-767,SUP-124,EUR,1.0483,EXW,3466,7,2026-02-21,2026-05-23
QT-000481,QX-DRY-767,SUP-105,GBP,0.9108,DDP,1392,42,2025-12-22,2026-06-24
QT-000482,QX-DRY-767,SUP-113,GBP,1.1926,DDP,2304,6,2025-10-20,2026-05-28
QT-000483,QX-DRY-769,SUP-136,EUR,1.5788,FOB,363,26,2025-11-04,2026-04-29
QT-000484,QX-DRY-769,SUP-124,EUR,1.1828,EXW,4078,23,2026-02-18,2026-09-09
QT-000485,QX-DRY-769,SUP-112,GBP,1.6320,DDP,1916,6,2025-11-08,2026-05-20
QT-000486,QX-FRZ-771,SUP-112,GBP,4.0409,DDP,4018,14,2025-12-23,2026-09-04
QT-000487,QX-FRZ-771,SUP-104,GBP,4.1141,DDP,4466,24,2026-01-07,2026-06-10
QT-000488,QX-BAK-775,SUP-109,GBP,2.3137,DDP,2030,29,2026-02-03,2026-12-04
QT-000489,QX-BAK-775,SUP-103,GBP,2.2008,DDP,3214,31,2025-09-18,2026-10-26
QT-000490,QX-CER-781,SUP-113,GBP,1.3319,DDP,2667,18,2025-10-04,2026-07-09
QT-000491,QX-CER-781,SUP-112,GBP,1.0557,DDP,3287,39,2026-01-27,2026-05-25
QT-000492,QX-CHL-782,SUP-135,EUR,2.9287,FOB,1210,6,2025-12-19,2026-10-06
QT-000493,QX-CHL-782,SUP-140,USD,3.8346,FOB,3264,25,2026-02-06,2026-05-21
QT-000494,QX-CHL-782,SUP-141,GHS,49.8541,EXW,3944,41,2025-09-18,2026-12-07
QT-000495,QX-CHL-782,SUP-124,EUR,2.8044,EXW,1566,11,2025-10-31,2026-07-17
QT-000496,QX-PRO-789,SUP-117,GBP,2.1975,DDP,544,15,2026-02-11,2026-09-06
QT-000497,QX-PRO-789,SUP-123,KES,284.7595,FOB,1467,13,2026-01-18,2026-10-03
QT-000498,QX-PRO-789,SUP-107,GBP,1.9415,DDP,3733,7,2025-11-22,2026-05-14
QT-000499,QX-DRK-796,SUP-127,TRY,16.1139,DDP,4151,28,2026-01-22,2026-07-24
QT-000500,QX-DRK-796,SUP-141,GHS,8.1245,EXW,1276,34,2025-10-13,2026-12-06
QT-000501,QX-DRK-796,SUP-138,VND,16891.9345,CIF,163,45,2025-09-28,2026-05-23
QT-000502,QX-DRK-801,SUP-127,TRY,104.3231,DDP,4374,4,2026-02-28,2026-08-11
QT-000503,QX-DRK-801,SUP-128,KES,322.8899,FOB,2139,43,2026-01-18,2026-07-31
QT-000504,QX-DRK-804,SUP-127,TRY,82.9605,DDP,3467,33,2025-11-17,2026-08-12
QT-000505,QX-DRK-804,SUP-100,GBP,1.3467,DDP,1735,33,2026-03-08,2026-05-07
QT-000506,QX-HHD-805,SUP-114,GBP,5.2627,DDP,3018,20,2026-03-03,2026-10-20
QT-000507,QX-HHD-805,SUP-115,GBP,5.5988,DDP,3973,18,2025-11-05,2026-06-21
QT-000508,QX-PET-808,SUP-140,USD,1.0402,FOB,2402,12,2025-10-30,2026-08-31
QT-000509,QX-PET-808,SUP-102,GBP,0.6451,DDP,4797,7,2025-10-18,2026-09-20
QT-000510,QX-PET-808,SUP-109,GBP,0.6381,DDP,121,46,2026-01-13,2026-09-22
QT-000511,QX-BAK-809,SUP-138,VND,147997.4590,CIF,941,45,2025-10-11,2026-10-10
QT-000512,QX-BAK-809,SUP-106,GBP,5.1784,DDP,1330,25,2026-02-16,2026-05-02
QT-000513,QX-BAK-809,SUP-111,GBP,4.2524,DDP,4408,6,2026-01-23,2026-06-21
QT-000514,QX-BAK-809,SUP-104,GBP,3.9135,DDP,4085,36,2025-10-22,2026-09-24
QT-000515,QX-TIN-810,SUP-118,DKK,3.6825,CIF,2421,3,2025-12-06,2026-06-22
QT-000516,QX-TIN-810,SUP-111,GBP,0.6117,DDP,3024,8,2025-10-08,2026-08-15
QT-000517,QX-TIN-810,SUP-115,GBP,0.5450,DDP,3244,34,2025-10-08,2026-08-14
QT-000518,QX-PET-812,SUP-137,EUR,4.1068,FOB,3488,15,2026-01-12,2026-11-09
QT-000519,QX-PET-812,SUP-123,KES,822.8581,FOB,2445,39,2025-12-06,2026-05-08
QT-000520,QX-CHL-815,SUP-126,TRY,96.8983,DDP,4485,6,2025-11-23,2026-09-07
QT-000521,QX-CHL-815,SUP-120,VND,51541.3236,FOB,1795,42,2025-09-23,2026-08-29
QT-000522,QX-CER-819,SUP-136,EUR,1.7496,FOB,3972,42,2025-10-28,2026-08-07
QT-000523,QX-CER-819,SUP-117,GBP,1.8157,DDP,3307,36,2026-02-26,2026-05-08
QT-000524,QX-CER-819,SUP-128,KES,281.8508,FOB,4441,4,2025-11-29,2026-08-27
QT-000525,QX-CER-819,SUP-134,EUR,1.9054,CIF,3802,36,2025-12-07,2026-06-23
QT-000526,QX-PRO-824,SUP-103,GBP,0.6983,DDP,3520,44,2025-10-04,2026-05-05
QT-000527,QX-PRO-824,SUP-126,TRY,25.9386,DDP,3967,11,2026-02-16,2026-06-21
QT-000528,QX-PRO-824,SUP-134,EUR,0.7337,CIF,2670,39,2025-11-03,2026-08-29
QT-000529,QX-CER-828,SUP-139,TRY,85.2668,FOB,1187,9,2026-01-31,2026-11-09
QT-000530,QX-CER-828,SUP-100,GBP,2.6928,DDP,474,33,2025-10-03,2026-10-27
QT-000531,QX-CER-828,SUP-109,GBP,2.7998,DDP,67,39,2026-01-16,2026-08-27
QT-000532,QX-HHD-833,SUP-102,GBP,3.1026,DDP,4700,22,2025-09-14,2026-11-13
QT-000533,QX-HHD-833,SUP-113,GBP,3.6804,DDP,3420,39,2025-12-28,2026-07-25
QT-000534,QX-HHD-833,SUP-140,USD,4.2147,FOB,4227,24,2026-01-20,2026-10-30
QT-000535,QX-HHD-833,SUP-106,GBP,3.0548,DDP,2427,33,2025-10-16,2026-06-01
QT-000536,QX-DRY-835,SUP-101,GBP,0.8019,DDP,3443,19,2025-12-02,2026-08-22
QT-000537,QX-DRY-835,SUP-138,VND,19551.2996,CIF,1645,27,2025-10-14,2026-06-06
QT-000538,QX-DRY-835,SUP-135,EUR,0.7542,FOB,213,34,2026-02-15,2026-12-08
QT-000539,QX-PET-838,SUP-137,EUR,1.9254,FOB,3582,37,2026-02-26,2026-06-02
QT-000540,QX-PET-838,SUP-129,KES,273.8471,FOB,1687,11,2025-11-17,2026-05-07
QT-000541,QX-PET-838,SUP-112,GBP,1.3601,DDP,4759,17,2025-09-20,2026-09-27
QT-000542,QX-PET-838,SUP-121,PLN,9.4149,EXW,3232,34,2025-12-12,2026-11-29
QT-000543,QX-PRO-845,SUP-117,GBP,2.3696,DDP,2400,38,2026-02-27,2026-09-07
QT-000544,QX-PRO-845,SUP-135,EUR,2.9720,FOB,624,25,2025-11-24,2026-07-29
QT-000545,QX-CER-850,SUP-126,TRY,30.6612,DDP,3213,39,2026-01-11,2026-09-24
QT-000546,QX-CER-850,SUP-100,GBP,0.6667,DDP,448,9,2026-03-04,2026-06-28
QT-000547,QX-CHL-857,SUP-106,GBP,3.6004,DDP,1897,30,2026-02-21,2026-11-25
QT-000548,QX-CHL-857,SUP-134,EUR,3.6404,CIF,1580,45,2026-03-11,2026-10-24
QT-000549,QX-PET-858,SUP-108,GBP,5.2265,DDP,1907,40,2025-09-14,2026-05-31
QT-000550,QX-PET-858,SUP-101,GBP,3.8800,DDP,2104,40,2025-10-04,2026-11-30
QT-000551,QX-PET-858,SUP-131,VND,105326.1697,FOB,302,41,2025-12-22,2026-07-29
QT-000552,QX-PET-858,SUP-114,GBP,3.3650,DDP,2905,15,2025-10-28,2026-06-11
QT-000553,QX-CHL-868,SUP-123,KES,1268.6955,FOB,1069,10,2025-12-13,2026-10-18
QT-000554,QX-CHL-868,SUP-101,GBP,6.3005,DDP,4036,21,2025-10-21,2026-12-09
QT-000555,QX-HBC-877,SUP-130,MAD,18.9317,EXW,132,42,2025-12-14,2026-08-28
QT-000556,QX-HBC-877,SUP-132,TRY,73.5541,EXW,3650,42,2026-02-05,2026-11-06
QT-000557,QX-HHD-878,SUP-123,KES,835.2476,FOB,3647,17,2025-11-09,2026-06-18
QT-000558,QX-HHD-878,SUP-137,EUR,4.9821,FOB,1186,22,2025-12-22,2026-10-11
QT-000559,QX-BWS-879,SUP-130,MAD,226.1189,EXW,3963,10,2026-01-15,2026-12-02
QT-000560,QX-BWS-879,SUP-127,TRY,642.0839,DDP,3097,36,2025-12-30,2026-07-02
QT-000561,QX-BWS-879,SUP-121,PLN,80.0233,EXW,776,45,2025-11-17,2026-09-12
QT-000562,QX-BWS-879,SUP-114,GBP,13.1916,DDP,1793,14,2025-12-10,2026-10-23
QT-000563,QX-DRY-880,SUP-131,VND,119458.1165,FOB,4705,7,2026-02-01,2026-10-31
QT-000564,QX-DRY-880,SUP-114,GBP,2.9390,DDP,70,24,2026-03-06,2026-10-03
QT-000565,QX-PRO-881,SUP-110,GBP,0.5451,DDP,2994,5,2025-09-20,2026-06-07
QT-000566,QX-PRO-881,SUP-122,TRY,31.5809,CIF,3390,6,2025-10-21,2026-08-31
QT-000567,QX-PET-885,SUP-134,EUR,2.0309,CIF,3875,9,2025-12-14,2026-10-01
QT-000568,QX-PET-885,SUP-126,TRY,80.0697,DDP,4364,8,2026-02-07,2026-06-06
QT-000569,QX-PET-885,SUP-116,GBP,2.4558,DDP,186,17,2025-12-02,2026-05-26
QT-000570,QX-CHL-887,SUP-122,TRY,49.8127,CIF,2172,44,2026-01-21,2026-10-09
QT-000571,QX-CHL-887,SUP-119,VND,43591.6659,CIF,1028,12,2025-12-27,2026-06-14
QT-000572,QX-CHL-887,SUP-116,GBP,1.6068,DDP,3772,33,2025-11-15,2026-06-29
QT-000573,QX-CHL-887,SUP-134,EUR,1.1429,CIF,1112,11,2025-11-14,2026-12-12
QT-000574,QX-CHL-888,SUP-133,EUR,4.1464,EXW,985,22,2025-10-20,2026-10-04
QT-000575,QX-CHL-888,SUP-116,GBP,3.6429,DDP,435,33,2026-01-28,2026-06-14
QT-000576,QX-CER-889,SUP-141,GHS,26.9058,EXW,3451,38,2026-01-19,2026-09-04
QT-000577,QX-CER-889,SUP-131,VND,64809.9931,FOB,3474,9,2025-11-25,2026-07-13
QT-000578,QX-CER-889,SUP-104,GBP,2.2301,DDP,755,42,2026-02-06,2026-11-24
QT-000579,QX-PET-898,SUP-113,GBP,5.2473,DDP,1106,43,2025-12-03,2026-11-18
QT-000580,QX-PET-898,SUP-127,TRY,255.0220,DDP,4349,31,2025-10-30,2026-06-19
QT-000581,QX-PET-898,SUP-120,VND,185093.2701,FOB,4262,43,2025-11-22,2026-08-06
QT-000582,QX-PET-898,SUP-140,USD,6.4198,FOB,118,24,2025-12-13,2026-06-27
QT-000583,QX-PRO-899,SUP-122,TRY,50.2840,CIF,3765,41,2025-09-29,2026-04-24
QT-000584,QX-PRO-899,SUP-107,GBP,1.8202,DDP,3563,13,2025-11-18,2026-07-23
QT-000585,QX-PRO-899,SUP-131,VND,42951.2190,FOB,250,44,2026-02-01,2026-09-12
QT-000586,QX-FRZ-904,SUP-134,EUR,3.8868,CIF,4624,21,2026-03-01,2026-08-28
QT-000587,QX-FRZ-904,SUP-119,VND,77538.8036,CIF,2283,35,2025-11-02,2026-07-18
QT-000588,QX-FRZ-904,SUP-140,USD,3.4835,FOB,1705,38,2025-10-09,2026-08-05
QT-000589,QX-DRK-905,SUP-113,GBP,1.1766,DDP,4291,29,2025-10-26,2026-08-03
QT-000590,QX-DRK-905,SUP-111,GBP,1.3165,DDP,1238,21,2025-09-18,2026-07-12
QT-000591,QX-DRK-905,SUP-116,GBP,1.1208,DDP,3780,6,2025-10-12,2026-08-28
QT-000592,QX-CHL-906,SUP-101,GBP,4.1215,DDP,3045,16,2025-12-08,2026-11-22
QT-000593,QX-CHL-906,SUP-123,KES,544.6434,FOB,4671,34,2025-09-27,2026-06-27
QT-000594,QX-CHL-906,SUP-130,MAD,38.3850,EXW,3407,25,2026-02-05,2026-09-14
QT-000595,QX-HHD-909,SUP-133,EUR,6.0904,EXW,2450,14,2026-01-02,2026-05-02
QT-000596,QX-HHD-909,SUP-114,GBP,5.2650,DDP,3475,36,2025-11-18,2026-06-14
QT-000597,QX-BAK-912,SUP-124,EUR,2.1726,EXW,3122,3,2025-11-29,2026-07-12
QT-000598,QX-BAK-912,SUP-129,KES,365.2709,FOB,3284,45,2026-01-30,2026-09-09
QT-000599,QX-BAK-912,SUP-116,GBP,2.4399,DDP,1606,3,2025-10-14,2026-08-10
QT-000600,QX-DRY-913,SUP-122,TRY,131.6173,CIF,3523,41,2026-02-05,2026-11-18
QT-000601,QX-DRY-913,SUP-104,GBP,2.4545,DDP,235,10,2026-01-30,2026-11-28
QT-000602,QX-DRY-913,SUP-139,TRY,95.6785,FOB,2299,21,2026-02-23,2026-07-19
QT-000603,QX-TIN-914,SUP-141,GHS,5.3911,EXW,3276,38,2026-01-15,2026-12-10
QT-000604,QX-TIN-914,SUP-110,GBP,0.3226,DDP,510,6,2025-09-16,2026-08-22
QT-000605,QX-BAK-919,SUP-120,VND,112910.6806,FOB,4209,6,2026-01-29,2026-10-12
QT-000606,QX-BAK-919,SUP-133,EUR,4.4304,EXW,864,17,2026-01-10,2026-11-20
QT-000607,QX-BAK-919,SUP-132,TRY,174.0874,EXW,4468,33,2025-11-02,2026-10-12
QT-000608,QX-BAK-923,SUP-124,EUR,3.0014,EXW,2640,33,2026-02-27,2026-07-03
QT-000609,QX-BAK-923,SUP-133,EUR,2.0592,EXW,3109,5,2025-09-29,2026-09-26
QT-000610,QX-BAK-923,SUP-108,GBP,1.9478,DDP,575,15,2026-01-06,2026-08-01
QT-000611,QX-CHL-924,SUP-129,KES,564.7246,FOB,3280,30,2025-10-17,2026-06-02
QT-000612,QX-CHL-924,SUP-113,GBP,3.8458,DDP,1579,4,2026-03-02,2026-09-18
QT-000613,QX-CHL-924,SUP-116,GBP,2.8541,DDP,1343,19,2026-01-30,2026-07-05
QT-000614,QX-PRO-934,SUP-135,EUR,0.3283,FOB,1980,30,2025-10-13,2026-12-09
QT-000615,QX-PRO-934,SUP-111,GBP,0.3365,DDP,4099,32,2026-01-31,2026-08-29
QT-000616,QX-TIN-937,SUP-132,TRY,13.7540,EXW,1086,8,2026-02-23,2026-12-01
QT-000617,QX-TIN-937,SUP-100,GBP,0.3537,DDP,2677,16,2026-01-10,2026-11-04
QT-000618,QX-TIN-937,SUP-115,GBP,0.2890,DDP,2435,45,2026-01-17,2026-06-23
QT-000619,QX-TIN-937,SUP-124,EUR,0.3529,EXW,3205,22,2025-10-08,2026-08-03
QT-000620,QX-FRZ-938,SUP-139,TRY,223.2638,FOB,2089,41,2026-03-09,2026-06-07
QT-000621,QX-FRZ-938,SUP-107,GBP,5.1680,DDP,1768,15,2026-03-11,2026-09-05
QT-000622,QX-FRZ-938,SUP-104,GBP,3.6255,DDP,64,19,2025-12-10,2026-06-01
QT-000623,QX-BAK-939,SUP-115,GBP,2.8057,DDP,3396,4,2025-09-19,2026-12-12
QT-000624,QX-BAK-939,SUP-140,USD,3.6058,FOB,799,38,2025-12-11,2026-09-01
QT-000625,QX-DRK-942,SUP-141,GHS,35.2334,EXW,2139,33,2025-10-22,2026-09-13
QT-000626,QX-DRK-942,SUP-109,GBP,3.0877,DDP,3153,31,2025-11-11,2026-08-22
QT-000627,QX-BAK-947,SUP-103,GBP,2.1307,DDP,1487,4,2026-01-22,2026-07-24
QT-000628,QX-BAK-947,SUP-113,GBP,1.7628,DDP,952,37,2025-09-28,2026-05-02
QT-000629,QX-BAK-947,SUP-115,GBP,1.8620,DDP,612,34,2025-11-28,2026-06-01
QT-000630,QX-BAK-947,SUP-123,KES,295.7163,FOB,4282,21,2025-12-22,2026-12-11
QT-000631,QX-BAK-948,SUP-138,VND,48379.7032,CIF,262,13,2025-09-19,2026-12-07
QT-000632,QX-BAK-948,SUP-115,GBP,1.2072,DDP,126,44,2025-12-10,2026-09-22
QT-000633,QX-BAK-948,SUP-118,DKK,12.0124,CIF,3705,14,2026-02-22,2026-05-17
QT-000634,QX-BAK-948,SUP-132,TRY,62.7321,EXW,1974,45,2025-12-31,2026-08-07
QT-000635,QX-DRK-949,SUP-130,MAD,9.3531,EXW,2472,40,2025-09-22,2026-09-03
QT-000636,QX-DRK-949,SUP-118,DKK,7.7780,CIF,4288,16,2025-09-21,2026-10-23
QT-000637,QX-PRO-950,SUP-102,GBP,0.8648,DDP,3002,38,2026-01-05,2026-04-22
QT-000638,QX-PRO-950,SUP-117,GBP,0.8599,DDP,1263,4,2026-02-11,2026-05-23
QT-000639,QX-PRO-950,SUP-104,GBP,0.7400,DDP,2348,40,2026-02-16,2026-10-07
QT-000640,QX-TIN-957,SUP-134,EUR,1.2461,CIF,1588,5,2025-11-05,2026-06-30
QT-000641,QX-TIN-957,SUP-132,TRY,46.9927,EXW,660,31,2026-02-09,2026-08-13
QT-000642,QX-TIN-957,SUP-100,GBP,1.3197,DDP,3129,41,2025-12-05,2026-08-30
QT-000643,QX-BAK-965,SUP-118,DKK,7.8261,CIF,4541,31,2025-09-14,2026-11-18
QT-000644,QX-BAK-965,SUP-140,USD,1.5397,FOB,2047,25,2026-01-07,2026-08-12
QT-000645,QX-CHL-966,SUP-128,KES,265.7250,FOB,711,34,2025-10-20,2026-12-14
QT-000646,QX-CHL-966,SUP-137,EUR,2.3057,FOB,1985,30,2025-10-06,2026-11-24
QT-000647,QX-CHL-966,SUP-138,VND,51702.7257,CIF,1677,20,2025-11-20,2026-07-31
QT-000648,QX-CHL-966,SUP-113,GBP,2.1954,DDP,3487,35,2025-11-03,2026-10-13
QT-000649,QX-BAK-970,SUP-126,TRY,90.1647,DDP,441,21,2025-10-30,2026-04-23
QT-000650,QX-BAK-970,SUP-138,VND,65366.3204,CIF,2906,35,2026-01-10,2026-06-30
QT-000651,QX-CHL-971,SUP-137,EUR,10.4576,FOB,1838,16,2025-09-24,2026-07-16
QT-000652,QX-CHL-971,SUP-102,GBP,10.4178,DDP,3502,37,2026-02-08,2026-08-08
QT-000653,QX-HBC-981,SUP-137,EUR,2.8982,FOB,4551,19,2026-01-20,2026-08-08
QT-000654,QX-HBC-981,SUP-103,GBP,3.4336,DDP,4335,29,2026-03-03,2026-09-16
QT-000655,QX-TIN-982,SUP-134,EUR,1.5525,CIF,592,16,2026-02-19,2026-05-18
QT-000656,QX-TIN-982,SUP-109,GBP,1.4215,DDP,772,9,2025-10-13,2026-05-14
QT-000657,QX-TIN-982,SUP-100,GBP,1.2780,DDP,3864,4,2025-12-13,2026-09-16
QT-000658,QX-FRZ-984,SUP-138,VND,118062.4560,CIF,3046,29,2025-11-15,2026-10-16
QT-000659,QX-FRZ-984,SUP-131,VND,122502.8605,FOB,3576,5,2025-11-03,2026-12-16
QT-000660,QX-FRZ-984,SUP-103,GBP,3.5956,DDP,478,26,2025-10-14,2026-11-14
QT-000661,QX-CHL-986,SUP-110,GBP,2.6030,DDP,2574,30,2025-09-22,2026-05-11
QT-000662,QX-CHL-986,SUP-114,GBP,2.4835,DDP,2916,38,2025-12-07,2026-10-17
QT-000663,QX-CHL-986,SUP-123,KES,389.4495,FOB,366,22,2026-01-11,2026-11-09
QT-000664,QX-CHL-986,SUP-104,GBP,2.4518,DDP,3311,7,2025-12-26,2026-09-29
QT-000665,QX-FRZ-989,SUP-100,GBP,4.3748,DDP,1693,28,2025-11-23,2026-05-12
QT-000666,QX-FRZ-989,SUP-111,GBP,3.3451,DDP,3146,16,2026-03-11,2026-05-03
QT-000667,QX-FRZ-989,SUP-105,GBP,3.6068,DDP,1573,3,2026-02-02,2026-08-04
QT-000668,QX-TIN-994,SUP-122,TRY,21.6399,CIF,2737,43,2026-02-14,2026-05-23
QT-000669,QX-TIN-994,SUP-103,GBP,0.4845,DDP,1041,27,2026-01-17,2026-06-06
QT-000670,QX-TIN-994,SUP-106,GBP,0.4597,DDP,3930,39,2025-12-01,2026-06-20
QT-000671,QX-BAK-996,SUP-127,TRY,55.7194,DDP,2106,17,2026-01-04,2026-11-08
QT-000672,QX-BAK-996,SUP-133,EUR,1.4160,EXW,3134,29,2025-10-12,2026-12-15
QT-000673,QX-BAK-996,SUP-125,GHS,19.9561,EXW,52,11,2026-02-03,2026-05-09
QT-000674,QX-HBC-003,SUP-133,EUR,7.9900,EXW,3569,41,2026-01-02,2026-10-09
QT-000675,QX-CHL-004,SUP-114,GBP,8.7722,DDP,3260,9,2025-11-05,2026-05-11
QT-000676,QX-CHL-004,SUP-128,KES,1402.2607,FOB,1153,40,2025-10-18,2026-10-25
QT-000677,QX-DRK-005,SUP-107,GBP,1.0524,DDP,332,10,2025-12-27,2026-09-27
QT-000678,QX-DRK-005,SUP-114,GBP,1.1878,DDP,4299,25,2025-09-14,2026-08-17
QT-000679,QX-PET-010,SUP-104,GBP,6.9786,DDP,995,23,2025-11-17,2026-09-27
QT-000680,QX-PET-010,SUP-100,GBP,4.9151,DDP,3493,3,2025-11-26,2026-10-31
QT-000681,QX-FRZ-014,SUP-111,GBP,1.8793,DDP,2870,4,2025-11-26,2026-12-09
QT-000682,QX-FRZ-014,SUP-133,EUR,1.8753,EXW,193,22,2026-01-13,2026-08-10
QT-000683,QX-FRZ-014,SUP-106,GBP,1.7283,DDP,3806,37,2026-02-16,2026-06-25
QT-000684,QX-FRZ-014,SUP-105,GBP,1.4159,DDP,2835,34,2025-09-28,2026-10-05
QT-000685,QX-BAK-015,SUP-118,DKK,29.3370,CIF,2467,11,2025-11-16,2026-09-15
QT-000686,QX-BAK-015,SUP-131,VND,128313.9171,FOB,2997,43,2025-10-17,2026-10-19
QT-000687,QX-BAK-015,SUP-108,GBP,3.8046,DDP,2092,18,2025-10-17,2026-05-15
QT-000688,QX-BAK-015,SUP-136,EUR,4.3893,FOB,2297,11,2026-02-27,2026-04-27
QT-000689,QX-DRY-017,SUP-110,GBP,2.5951,DDP,2086,13,2025-09-28,2026-11-08
QT-000690,QX-DRY-017,SUP-112,GBP,2.5715,DDP,2581,25,2026-01-05,2026-09-12
QT-000691,QX-DRY-017,SUP-118,DKK,23.2880,CIF,996,10,2025-10-23,2026-10-11
QT-000692,QX-DRY-017,SUP-103,GBP,2.1415,DDP,2627,13,2025-09-18,2026-05-19
QT-000693,QX-CHL-018,SUP-101,GBP,7.6376,DDP,3215,38,2025-09-29,2026-11-17
QT-000694,QX-CHL-018,SUP-105,GBP,6.6388,DDP,765,41,2025-11-17,2026-07-28
QT-000695,QX-CHL-018,SUP-106,GBP,6.6034,DDP,2277,44,2025-10-28,2026-07-31
QT-000696,QX-CHL-018,SUP-104,GBP,7.5988,DDP,989,30,2025-09-30,2026-05-28
QT-000697,QX-DRY-021,SUP-126,TRY,29.6281,DDP,666,3,2025-12-22,2026-09-28
QT-000698,QX-DRY-021,SUP-122,TRY,30.6925,CIF,1375,17,2026-01-13,2026-09-29
QT-000699,QX-DRY-021,SUP-101,GBP,0.7726,DDP,3559,19,2026-02-23,2026-05-21
QT-000700,QX-CHL-023,SUP-137,EUR,10.5230,FOB,4757,37,2026-01-17,2026-04-21
QT-000701,QX-CHL-023,SUP-100,GBP,8.8706,DDP,927,42,2025-11-10,2026-09-24
QT-000702,QX-CHL-023,SUP-118,DKK,78.6272,CIF,4693,6,2025-12-13,2026-07-12
QT-000703,QX-DRK-028,SUP-137,EUR,2.9628,FOB,3564,22,2026-02-18,2026-08-31
QT-000704,QX-DRK-028,SUP-112,GBP,2.1633,DDP,4681,17,2025-12-12,2026-04-30
QT-000705,QX-DRK-033,SUP-100,GBP,1.5471,DDP,2088,23,2025-11-17,2026-10-19
QT-000706,QX-DRK-033,SUP-131,VND,45582.2333,FOB,2963,32,2025-10-06,2026-04-21
QT-000707,QX-TIN-040,SUP-105,GBP,0.4790,DDP,2109,7,2025-10-25,2026-09-14
QT-000708,QX-TIN-040,SUP-100,GBP,0.6116,DDP,2900,31,2026-03-05,2026-06-21
QT-000709,QX-TIN-040,SUP-140,USD,0.8534,FOB,3249,21,2025-10-20,2026-11-22
QT-000710,QX-TIN-040,SUP-119,VND,18444.2382,CIF,181,35,2026-01-21,2026-10-15
QT-000711,QX-CER-041,SUP-100,GBP,2.0799,DDP,2038,26,2025-10-02,2026-10-17
QT-000712,QX-CER-041,SUP-139,TRY,96.5148,FOB,1588,40,2026-02-28,2026-08-30
QT-000713,QX-CER-041,SUP-107,GBP,2.4310,DDP,2308,11,2026-01-17,2026-11-18
QT-000714,QX-CHL-048,SUP-122,TRY,131.5525,CIF,3065,25,2026-01-26,2026-06-24
QT-000715,QX-CHL-048,SUP-111,GBP,3.2559,DDP,1313,6,2026-01-29,2026-04-22
QT-000716,QX-CHL-048,SUP-136,EUR,4.1066,FOB,2936,33,2025-11-27,2026-10-12
QT-000717,QX-CHL-048,SUP-110,GBP,3.6132,DDP,4655,37,2025-10-01,2026-05-25
QT-000718,QX-DRY-053,SUP-127,TRY,156.2463,DDP,2933,10,2025-09-20,2026-11-02
QT-000719,QX-DRY-053,SUP-119,VND,102794.8148,CIF,1598,12,2026-01-26,2026-08-21
QT-000720,QX-PET-058,SUP-129,KES,531.3932,FOB,2977,22,2025-12-11,2026-06-15
QT-000721,QX-PET-058,SUP-130,MAD,41.9050,EXW,4320,28,2025-12-02,2026-05-13
QT-000722,QX-PET-058,SUP-114,GBP,2.5275,DDP,3399,36,2026-01-18,2026-11-20
QT-000723,QX-PET-058,SUP-125,GHS,51.4439,EXW,1338,16,2026-01-27,2026-06-10
QT-000724,QX-DRK-059,SUP-113,GBP,3.3881,DDP,3522,13,2025-12-03,2026-11-10
QT-000725,QX-DRK-059,SUP-120,VND,107266.6138,FOB,3644,24,2025-12-20,2026-07-14
QT-000726,QX-DRK-059,SUP-126,TRY,152.6346,DDP,2038,6,2025-10-17,2026-11-15
QT-000727,QX-DRK-059,SUP-111,GBP,3.0102,DDP,1618,44,2025-10-30,2026-05-22
QT-000728,QX-HBC-060,SUP-103,GBP,2.9422,DDP,1602,45,2026-02-03,2026-05-25
QT-000729,QX-HBC-060,SUP-122,TRY,106.1538,CIF,2751,6,2025-10-19,2026-07-23
QT-000730,QX-HBC-063,SUP-112,GBP,4.1113,DDP,2182,15,2025-10-06,2026-06-05
QT-000731,QX-HBC-063,SUP-113,GBP,3.5077,DDP,3451,13,2025-11-14,2026-09-08
QT-000732,QX-CER-064,SUP-132,TRY,36.4157,EXW,236,13,2026-03-09,2026-09-12
QT-000733,QX-CER-064,SUP-107,GBP,1.1534,DDP,773,19,2026-02-24,2026-07-15
QT-000734,QX-CER-064,SUP-134,EUR,1.3284,CIF,507,17,2025-12-07,2026-05-24
QT-000735,QX-CER-064,SUP-106,GBP,0.9103,DDP,4210,27,2026-01-29,2026-05-02
QT-000736,QX-BAK-065,SUP-102,GBP,1.2311,DDP,1470,14,2026-03-09,2026-11-14
QT-000737,QX-BAK-065,SUP-116,GBP,1.0008,DDP,1586,6,2026-03-07,2026-05-23
QT-000738,QX-FRZ-074,SUP-118,DKK,10.1287,CIF,3843,25,2026-01-21,2026-11-18
QT-000739,QX-FRZ-074,SUP-131,VND,44425.6225,FOB,4748,25,2025-10-13,2026-04-21
QT-000740,QX-FRZ-074,SUP-111,GBP,1.5156,DDP,3549,12,2025-12-21,2026-10-22
QT-000741,QX-FRZ-074,SUP-119,VND,43323.8150,CIF,652,22,2025-11-24,2026-08-30
QT-000742,QX-DRY-087,SUP-116,GBP,4.3245,DDP,2384,14,2026-02-25,2026-08-07
QT-000743,QX-DRY-087,SUP-137,EUR,3.1739,FOB,4635,39,2025-12-09,2026-09-04
QT-000744,QX-DRY-087,SUP-103,GBP,4.4152,DDP,4764,24,2025-11-02,2026-05-02
QT-000745,QX-DRY-087,SUP-114,GBP,3.1093,DDP,4450,20,2026-03-05,2026-11-03
QT-000746,QX-PRO-089,SUP-125,GHS,6.6914,EXW,1998,13,2025-10-10,2026-07-20
QT-000747,QX-PRO-089,SUP-137,EUR,0.4690,FOB,930,5,2025-11-26,2026-10-29
QT-000748,QX-PRO-089,SUP-106,GBP,0.5937,DDP,4521,13,2025-11-02,2026-05-07
QT-000749,QX-PRO-089,SUP-109,GBP,0.5643,DDP,626,5,2026-02-17,2026-11-08
QT-000750,QX-DRY-090,SUP-128,KES,371.3846,FOB,3212,5,2025-12-18,2026-08-11
QT-000751,QX-DRY-090,SUP-140,USD,2.9911,FOB,4374,43,2025-09-21,2026-07-07
QT-000752,QX-CER-103,SUP-106,GBP,2.5925,DDP,1350,13,2026-02-05,2026-05-20
QT-000753,QX-CER-103,SUP-126,TRY,117.7847,DDP,670,40,2025-10-26,2026-07-23
QT-000754,QX-CER-103,SUP-136,EUR,2.2576,FOB,1027,12,2025-09-14,2026-09-05
QT-000755,QX-PET-110,SUP-121,PLN,5.6329,EXW,4608,28,2026-01-06,2026-06-19
QT-000756,QX-PET-110,SUP-125,GHS,13.4780,EXW,2003,34,2025-11-16,2026-09-01
QT-000757,QX-PET-110,SUP-120,VND,32334.7695,FOB,3514,29,2026-01-23,2026-08-03
QT-000758,QX-TIN-111,SUP-106,GBP,1.5255,DDP,1342,26,2026-01-21,2026-05-06
QT-000759,QX-TIN-111,SUP-136,EUR,2.1061,FOB,1467,10,2025-12-10,2026-09-22
QT-000760,QX-TIN-111,SUP-132,TRY,77.9793,EXW,2191,28,2025-10-16,2026-08-06
QT-000761,QX-TIN-111,SUP-139,TRY,75.6597,FOB,4674,21,2026-02-08,2026-11-07
QT-000762,QX-HHD-113,SUP-132,TRY,134.9752,EXW,1633,37,2025-10-01,2026-10-28
QT-000763,QX-HHD-113,SUP-121,PLN,20.1826,EXW,4654,39,2025-10-26,2026-12-04
QT-000764,QX-HHD-113,SUP-109,GBP,3.6652,DDP,3466,43,2025-10-07,2026-12-07
QT-000765,QX-CHL-123,SUP-101,GBP,8.7053,DDP,1751,7,2025-10-24,2026-10-22
QT-000766,QX-CHL-123,SUP-106,GBP,8.4015,DDP,3349,8,2026-02-11,2026-05-21
QT-000767,QX-HBC-127,SUP-141,GHS,51.1784,EXW,4237,17,2026-03-01,2026-09-26
QT-000768,QX-HBC-127,SUP-107,GBP,2.4438,DDP,1903,8,2025-11-18,2026-08-23
QT-000769,QX-PRO-131,SUP-124,EUR,3.5848,EXW,1109,3,2025-11-10,2026-06-27
QT-000770,QX-PRO-131,SUP-104,GBP,2.9832,DDP,1318,23,2026-02-17,2026-05-06
QT-000771,QX-PRO-131,SUP-134,EUR,3.2286,CIF,1845,10,2026-03-11,2026-04-26
QT-000772,QX-CHL-132,SUP-138,VND,108576.9865,CIF,667,2,2026-01-01,2026-08-05
QT-000773,QX-CHL-132,SUP-119,VND,151405.8133,CIF,1457,44,2026-03-05,2026-05-25
QT-000774,QX-CHL-132,SUP-121,PLN,22.3138,EXW,2457,16,2025-09-22,2026-10-28
QT-000775,QX-CHL-139,SUP-130,MAD,25.7971,EXW,3972,34,2025-12-24,2026-06-24
QT-000776,QX-CHL-139,SUP-117,GBP,2.0050,DDP,2712,22,2025-12-07,2026-09-06
QT-000777,QX-CHL-139,SUP-120,VND,75106.9540,FOB,3006,16,2025-11-09,2026-11-21
QT-000778,QX-CHL-139,SUP-104,GBP,2.0311,DDP,4241,13,2025-10-11,2026-06-09
QT-000779,QX-PRO-143,SUP-133,EUR,2.0279,EXW,1658,8,2025-12-16,2026-09-03
QT-000780,QX-PRO-143,SUP-122,TRY,107.7127,CIF,2614,42,2025-11-19,2026-07-08
QT-000781,QX-PRO-143,SUP-141,GHS,31.7562,EXW,4058,11,2025-09-23,2026-07-07
QT-000782,QX-PRO-143,SUP-123,KES,432.1626,FOB,3507,7,2025-12-31,2026-05-18
QT-000783,QX-DRY-144,SUP-114,GBP,2.7643,DDP,2093,22,2025-09-24,2026-08-18
QT-000784,QX-DRY-144,SUP-141,GHS,30.2008,EXW,3233,4,2025-12-24,2026-05-11
QT-000785,QX-PRO-149,SUP-115,GBP,2.7382,DDP,3572,4,2025-12-12,2026-05-23
QT-000786,QX-PRO-149,SUP-125,GHS,36.5510,EXW,2344,42,2026-02-09,2026-04-24
QT-000787,QX-PRO-149,SUP-119,VND,77409.3198,CIF,2870,17,2026-02-05,2026-07-13
QT-000788,QX-CER-150,SUP-106,GBP,1.8779,DDP,2786,36,2026-01-26,2026-08-08
QT-000789,QX-CER-150,SUP-103,GBP,1.6786,DDP,4673,8,2025-09-26,2026-07-08
QT-000790,QX-CER-150,SUP-128,KES,280.1319,FOB,759,27,2026-02-28,2026-05-21
QT-000791,QX-DRY-152,SUP-126,TRY,115.2837,DDP,1513,10,2025-10-04,2026-09-18
QT-000792,QX-DRY-152,SUP-116,GBP,2.8020,DDP,4458,35,2025-09-15,2026-05-27
QT-000793,QX-DRY-152,SUP-113,GBP,4.1073,DDP,4647,19,2026-01-19,2026-09-13
QT-000794,QX-DRY-154,SUP-139,TRY,79.8218,FOB,4318,32,2025-12-12,2026-10-18
QT-000795,QX-DRY-154,SUP-133,EUR,2.8836,EXW,511,39,2025-10-03,2026-07-01
QT-000796,QX-DRY-154,SUP-130,MAD,30.6338,EXW,3021,45,2026-03-06,2026-10-30
QT-000797,QX-TIN-157,SUP-112,GBP,1.0881,DDP,3488,20,2025-10-24,2026-05-21
QT-000798,QX-TIN-157,SUP-121,PLN,4.4045,EXW,3914,32,2025-11-05,2026-08-18
QT-000799,QX-TIN-157,SUP-123,KES,168.8203,FOB,2043,46,2026-02-07,2026-06-15
QT-000800,QX-BAK-160,SUP-114,GBP,4.4404,DDP,1525,20,2025-12-13,2026-10-07
QT-000801,QX-BAK-160,SUP-124,EUR,6.0952,EXW,2116,22,2025-10-27,2026-10-15
QT-000802,QX-BAK-160,SUP-121,PLN,27.3520,EXW,3242,30,2026-02-10,2026-11-13
QT-000803,QX-TIN-163,SUP-108,GBP,0.5194,DDP,898,32,2025-12-06,2026-06-07
QT-000804,QX-TIN-163,SUP-134,EUR,0.4229,CIF,1064,30,2026-01-14,2026-07-25
QT-000805,QX-DRK-168,SUP-140,USD,3.4728,FOB,2954,23,2025-09-19,2026-05-07
QT-000806,QX-DRK-168,SUP-107,GBP,2.2482,DDP,407,5,2026-03-05,2026-05-04
QT-000807,QX-DRK-168,SUP-114,GBP,2.4615,DDP,3629,36,2025-10-24,2026-08-08
QT-000808,QX-DRK-168,SUP-124,EUR,1.9644,EXW,918,11,2026-01-29,2026-07-10
QT-000809,QX-PET-175,SUP-136,EUR,4.7425,FOB,1158,11,2025-10-21,2026-08-07
QT-000810,QX-PET-175,SUP-100,GBP,4.2137,DDP,1794,42,2025-11-03,2026-05-26
QT-000811,QX-PET-175,SUP-112,GBP,5.8650,DDP,2171,6,2026-02-13,2026-10-25
QT-000812,QX-PRO-182,SUP-116,GBP,0.5834,DDP,427,34,2026-03-08,2026-11-29
QT-000813,QX-PRO-182,SUP-134,EUR,0.7790,CIF,567,15,2025-11-11,2026-10-22
QT-000814,QX-PRO-182,SUP-133,EUR,0.6634,EXW,4366,42,2025-12-26,2026-12-07
QT-000815,QX-HHD-183,SUP-125,GHS,53.2582,EXW,3608,8,2025-12-07,2026-06-06
QT-000816,QX-HHD-183,SUP-121,PLN,17.4453,EXW,2700,9,2026-02-16,2026-10-09
QT-000817,QX-HHD-183,SUP-106,GBP,4.3379,DDP,4566,11,2026-02-26,2026-11-08
QT-000818,QX-PET-186,SUP-116,GBP,0.6250,DDP,4515,5,2025-12-04,2026-05-11
QT-000819,QX-PET-186,SUP-136,EUR,0.7094,FOB,177,35,2026-03-12,2026-05-10
QT-000820,QX-PET-186,SUP-126,TRY,30.4831,DDP,968,6,2025-09-23,2026-07-02
QT-000821,QX-FRZ-194,SUP-108,GBP,0.7967,DDP,3794,8,2026-02-23,2026-10-16
QT-000822,QX-FRZ-194,SUP-101,GBP,0.7315,DDP,1984,14,2025-09-18,2026-07-12
QT-000823,QX-FRZ-194,SUP-137,EUR,0.8094,FOB,3662,5,2025-09-23,2026-05-24
QT-000824,QX-FRZ-194,SUP-116,GBP,1.0442,DDP,201,30,2025-12-16,2026-10-28
QT-000825,QX-BWS-196,SUP-124,EUR,11.6002,EXW,2289,36,2026-01-14,2026-08-05
QT-000826,QX-BWS-196,SUP-114,GBP,14.0135,DDP,3272,29,2025-11-03,2026-06-02
QT-000827,QX-BWS-196,SUP-134,EUR,10.5666,CIF,3693,8,2025-10-12,2026-05-25
QT-000828,QX-CER-201,SUP-107,GBP,2.0367,DDP,4591,12,2026-01-14,2026-11-29
QT-000829,QX-CER-201,SUP-133,EUR,2.1277,EXW,1988,24,2025-12-14,2026-06-01
QT-000830,QX-HBC-206,SUP-132,TRY,151.3951,EXW,3439,25,2026-02-10,2026-11-03
QT-000831,QX-HBC-206,SUP-138,VND,109014.9618,CIF,1535,38,2025-10-14,2026-07-09
QT-000832,QX-HBC-206,SUP-112,GBP,4.2110,DDP,4264,44,2026-02-08,2026-08-12
QT-000833,QX-TIN-213,SUP-105,GBP,0.8188,DDP,1154,3,2026-02-13,2026-08-16
QT-000834,QX-TIN-213,SUP-111,GBP,0.7530,DDP,3005,8,2025-11-08,2026-07-27
QT-000835,QX-TIN-213,SUP-109,GBP,0.7593,DDP,1480,10,2025-09-15,2026-10-25
QT-000836,QX-TIN-213,SUP-131,VND,25447.1504,FOB,4536,12,2026-03-01,2026-06-05
QT-000837,QX-BAK-214,SUP-120,VND,68149.4053,FOB,402,16,2025-10-31,2026-06-21
QT-000838,QX-BAK-214,SUP-112,GBP,2.4770,DDP,2577,14,2026-02-13,2026-08-23
QT-000839,QX-BAK-214,SUP-135,EUR,2.3740,FOB,770,46,2025-12-09,2026-05-29
QT-000840,QX-BAK-214,SUP-107,GBP,2.1653,DDP,1557,18,2025-11-15,2026-12-15
QT-000841,QX-DRK-217,SUP-111,GBP,0.6039,DDP,1885,9,2026-01-03,2026-04-23
QT-000842,QX-DRK-217,SUP-133,EUR,0.5410,EXW,542,12,2026-01-21,2026-09-11
QT-000843,QX-DRK-217,SUP-103,GBP,0.6215,DDP,651,9,2025-09-25,2026-09-26
QT-000844,QX-BAK-219,SUP-121,PLN,2.2895,EXW,2187,25,2025-10-15,2026-06-11
QT-000845,QX-BAK-219,SUP-140,USD,0.4162,FOB,1576,37,2026-03-06,2026-07-05
QT-000846,QX-BAK-219,SUP-107,GBP,0.3896,DDP,967,17,2026-02-20,2026-04-30
QT-000847,QX-DRK-220,SUP-131,VND,106588.6884,FOB,1699,39,2025-10-23,2026-10-18
QT-000848,QX-DRK-220,SUP-126,TRY,122.0706,DDP,4084,23,2026-02-01,2026-09-13
QT-000849,QX-DRK-220,SUP-109,GBP,3.1298,DDP,2818,30,2025-12-21,2026-10-01
QT-000850,QX-TIN-222,SUP-127,TRY,59.8315,DDP,432,27,2026-01-31,2026-08-29
QT-000851,QX-TIN-222,SUP-111,GBP,1.8404,DDP,2229,32,2026-02-13,2026-08-22
QT-000852,QX-TIN-222,SUP-121,PLN,6.4331,EXW,2560,16,2025-12-23,2026-06-27
QT-000853,QX-BWS-224,SUP-129,KES,708.9587,FOB,1833,45,2025-12-16,2026-06-07
QT-000854,QX-BWS-224,SUP-110,GBP,5.1123,DDP,4410,36,2025-12-07,2026-08-27
QT-000855,QX-CHL-225,SUP-110,GBP,6.7238,DDP,2281,24,2025-12-01,2026-05-16
QT-000856,QX-CHL-225,SUP-126,TRY,237.2302,DDP,4138,19,2026-02-22,2026-08-23
QT-000857,QX-TIN-230,SUP-106,GBP,1.1271,DDP,135,4,2025-10-24,2026-06-11
QT-000858,QX-TIN-230,SUP-129,KES,224.0448,FOB,3240,37,2025-09-17,2026-06-24
QT-000859,QX-FRZ-237,SUP-128,KES,623.0948,FOB,173,22,2025-12-16,2026-05-24
QT-000860,QX-FRZ-237,SUP-130,MAD,46.9654,EXW,3513,24,2026-02-23,2026-07-25
QT-000861,QX-FRZ-237,SUP-122,TRY,198.9569,CIF,1471,14,2025-12-14,2026-06-01
QT-000862,QX-FRZ-237,SUP-111,GBP,3.4817,DDP,2038,21,2026-01-16,2026-10-14
QT-000863,QX-HHD-240,SUP-112,GBP,7.4013,DDP,4660,30,2026-03-07,2026-09-10
QT-000864,QX-HHD-240,SUP-122,TRY,248.0483,CIF,3357,42,2026-02-01,2026-10-09
QT-000865,QX-HHD-240,SUP-118,DKK,40.1951,CIF,3605,43,2026-01-03,2026-12-03
QT-000866,QX-HHD-240,SUP-109,GBP,6.2920,DDP,1340,14,2025-10-14,2026-09-06
QT-000867,QX-PRO-241,SUP-118,DKK,12.8919,CIF,4552,8,2025-11-25,2026-08-07
QT-000868,QX-PRO-241,SUP-132,TRY,71.7575,EXW,3341,33,2026-02-17,2026-11-10
QT-000869,QX-HHD-245,SUP-114,GBP,2.0141,DDP,3462,20,2025-12-04,2026-05-08
QT-000870,QX-HHD-245,SUP-101,GBP,1.6303,DDP,2178,8,2026-03-09,2026-06-17
QT-000871,QX-HHD-245,SUP-137,EUR,2.4799,FOB,2434,46,2025-09-25,2026-11-03
QT-000872,QX-PRO-246,SUP-130,MAD,26.0756,EXW,288,5,2026-01-19,2026-11-30
QT-000873,QX-PRO-246,SUP-137,EUR,2.6437,FOB,4318,30,2025-09-23,2026-07-27
QT-000874,QX-BAK-257,SUP-140,USD,0.8176,FOB,477,39,2025-11-15,2026-07-05
QT-000875,QX-BAK-257,SUP-139,TRY,26.2720,FOB,2450,17,2025-10-31,2026-10-28
QT-000876,QX-BAK-257,SUP-123,KES,71.9247,FOB,1321,14,2025-09-27,2026-08-21
QT-000877,QX-CER-258,SUP-133,EUR,0.9818,EXW,3027,10,2025-12-30,2026-09-20
QT-000878,QX-CER-258,SUP-119,VND,25965.9895,CIF,3687,5,2025-11-04,2026-09-08
QT-000879,QX-TIN-261,SUP-124,EUR,1.3098,EXW,1984,13,2026-02-07,2026-05-15
QT-000880,QX-TIN-267,SUP-123,KES,131.8285,FOB,815,2,2026-02-22,2026-08-23
QT-000881,QX-TIN-267,SUP-115,GBP,0.7254,DDP,1027,38,2025-11-28,2026-08-27
QT-000882,QX-CER-270,SUP-125,GHS,28.4278,EXW,2728,26,2026-02-23,2026-07-17
QT-000883,QX-CER-270,SUP-123,KES,370.5750,FOB,4568,25,2026-02-16,2026-05-26
QT-000884,QX-CER-270,SUP-102,GBP,2.4325,DDP,1091,25,2026-01-22,2026-12-07
QT-000885,QX-HBC-279,SUP-121,PLN,5.6429,EXW,2755,41,2025-12-11,2026-06-17
QT-000886,QX-HBC-279,SUP-105,GBP,1.0643,DDP,299,8,2025-10-12,2026-05-17
QT-000887,QX-HBC-279,SUP-122,TRY,47.3415,CIF,654,13,2025-11-03,2026-12-14
QT-000888,QX-BWS-280,SUP-121,PLN,29.2780,EXW,1965,37,2026-02-08,2026-12-04
QT-000889,QX-BWS-280,SUP-132,TRY,278.9956,EXW,561,23,2025-10-15,2026-08-31
QT-000890,QX-BWS-280,SUP-124,EUR,9.0329,EXW,1425,19,2025-12-26,2026-08-16
QT-000891,QX-DRK-281,SUP-126,TRY,147.3682,DDP,3260,6,2025-10-26,2026-10-11
QT-000892,QX-DRK-281,SUP-135,EUR,3.3311,FOB,2761,27,2025-09-19,2026-11-23
QT-000893,QX-DRK-281,SUP-118,DKK,28.0729,CIF,3633,39,2025-12-29,2026-09-21
QT-000894,QX-DRY-284,SUP-133,EUR,3.8519,EXW,3968,13,2025-11-22,2026-06-13
QT-000895,QX-DRY-284,SUP-141,GHS,69.3895,EXW,3252,11,2025-09-29,2026-06-25
QT-000896,QX-DRY-284,SUP-110,GBP,3.1342,DDP,1206,14,2025-12-04,2026-09-21
QT-000897,QX-BAK-287,SUP-114,GBP,3.5216,DDP,695,17,2026-01-02,2026-10-10
QT-000898,QX-BAK-287,SUP-102,GBP,3.7581,DDP,3579,11,2026-02-20,2026-07-26
QT-000899,QX-HBC-292,SUP-110,GBP,0.6789,DDP,3915,9,2025-12-01,2026-10-14
QT-000900,QX-HBC-292,SUP-116,GBP,0.7318,DDP,2354,26,2025-12-29,2026-06-03
QT-000901,QX-HBC-300,SUP-102,GBP,7.1395,DDP,1195,14,2025-11-16,2026-05-04
QT-000902,QX-HBC-300,SUP-140,USD,7.6466,FOB,3270,44,2026-01-18,2026-05-24
QT-000903,QX-DRK-302,SUP-131,VND,49060.3696,FOB,285,14,2026-02-17,2026-08-10
QT-000904,QX-DRK-302,SUP-118,DKK,15.9256,CIF,786,39,2025-11-28,2026-11-04
QT-000905,QX-PRO-303,SUP-130,MAD,18.6313,EXW,3519,15,2025-10-08,2026-08-19
QT-000906,QX-PRO-303,SUP-139,TRY,48.2700,FOB,3261,13,2026-01-18,2026-05-09
QT-000907,QX-CER-305,SUP-123,KES,391.5397,FOB,1580,24,2025-12-23,2026-07-07
QT-000908,QX-CER-305,SUP-120,VND,76772.5690,FOB,1791,29,2026-02-14,2026-10-09
QT-000909,QX-BWS-316,SUP-103,GBP,2.6314,DDP,3924,40,2026-02-22,2026-08-13
QT-000910,QX-BWS-316,SUP-122,TRY,120.8463,CIF,3826,25,2025-12-06,2026-11-24
QT-000911,QX-DRK-319,SUP-121,PLN,7.8724,EXW,1561,29,2025-12-19,2026-05-26
QT-000912,QX-DRK-319,SUP-137,EUR,1.6835,FOB,3325,43,2025-09-20,2026-06-07
QT-000913,QX-PRO-321,SUP-102,GBP,2.1370,DDP,775,23,2025-10-24,2026-12-15
QT-000914,QX-PRO-321,SUP-107,GBP,1.7929,DDP,2580,13,2026-01-11,2026-08-29
QT-000915,QX-PRO-321,SUP-138,VND,49960.4135,CIF,4045,27,2025-11-15,2026-08-19
QT-000916,QX-PRO-321,SUP-129,KES,285.8331,FOB,1309,20,2025-09-26,2026-11-14
QT-000917,QX-HBC-324,SUP-102,GBP,1.8924,DDP,3632,2,2025-12-05,2026-10-27
QT-000918,QX-HBC-324,SUP-138,VND,73950.0620,CIF,2101,45,2026-01-05,2026-08-26
QT-000919,QX-BAK-329,SUP-136,EUR,6.0541,FOB,2745,22,2026-02-28,2026-06-05
QT-000920,QX-BAK-329,SUP-138,VND,125834.8162,CIF,3915,4,2025-10-10,2026-07-21
QT-000921,QX-BAK-329,SUP-139,TRY,231.5440,FOB,2868,20,2025-12-13,2026-10-20
QT-000922,QX-HHD-330,SUP-101,GBP,1.0656,DDP,2781,17,2025-12-26,2026-05-23
QT-000923,QX-HHD-330,SUP-107,GBP,0.9260,DDP,1822,36,2026-03-09,2026-10-17
QT-000924,QX-HHD-330,SUP-109,GBP,1.1606,DDP,2103,3,2025-12-20,2026-08-05
QT-000925,QX-DRY-341,SUP-113,GBP,4.0993,DDP,4025,37,2026-03-01,2026-07-27
QT-000926,QX-DRY-341,SUP-124,EUR,3.6536,EXW,328,13,2026-03-07,2026-06-11
QT-000927,QX-DRY-341,SUP-125,GHS,49.1248,EXW,1670,45,2025-12-18,2026-07-03
QT-000928,QX-DRY-341,SUP-122,TRY,139.6201,CIF,4326,6,2026-01-20,2026-05-01
QT-000929,QX-FRZ-344,SUP-112,GBP,2.8649,DDP,311,41,2026-02-24,2026-08-20
QT-000930,QX-FRZ-344,SUP-139,TRY,133.4823,FOB,1807,43,2025-10-13,2026-06-29
QT-000931,QX-CHL-345,SUP-127,TRY,94.2998,DDP,425,35,2025-11-01,2026-05-27
QT-000932,QX-CHL-345,SUP-110,GBP,2.3104,DDP,4331,3,2025-12-10,2026-05-03
QT-000933,QX-CHL-345,SUP-131,VND,48022.8149,FOB,1288,18,2025-10-20,2026-07-06
QT-000934,QX-HBC-355,SUP-101,GBP,9.4422,DDP,3027,44,2025-11-14,2026-06-09
QT-000935,QX-HBC-355,SUP-105,GBP,8.2687,DDP,133,45,2025-12-13,2026-06-27
QT-000936,QX-HBC-355,SUP-141,GHS,135.8816,EXW,4046,25,2025-09-25,2026-10-11
QT-000937,QX-HHD-360,SUP-128,KES,749.3521,FOB,1838,14,2025-12-05,2026-12-15
QT-000938,QX-HHD-360,SUP-107,GBP,3.9918,DDP,733,20,2025-11-06,2026-08-10
QT-000939,QX-HHD-360,SUP-109,GBP,3.9223,DDP,1779,19,2025-09-20,2026-12-10
QT-000940,QX-HHD-360,SUP-133,EUR,6.2547,EXW,1088,8,2025-09-30,2026-09-01
QT-000941,QX-CHL-367,SUP-105,GBP,2.3910,DDP,4598,35,2025-11-11,2026-06-26
QT-000942,QX-CHL-367,SUP-140,USD,3.2586,FOB,1257,7,2026-01-16,2026-04-25
QT-000943,QX-CHL-367,SUP-133,EUR,2.2369,EXW,4697,17,2025-11-10,2026-05-31
QT-000944,QX-TIN-380,SUP-101,GBP,1.1043,DDP,2617,14,2026-03-01,2026-06-23
QT-000945,QX-TIN-380,SUP-114,GBP,1.0850,DDP,4047,15,2025-12-16,2026-04-23
QT-000946,QX-TIN-380,SUP-105,GBP,0.9349,DDP,3043,40,2026-02-28,2026-10-14
QT-000947,QX-PET-382,SUP-133,EUR,1.8210,EXW,2377,37,2026-02-26,2026-11-28
QT-000948,QX-PET-382,SUP-100,GBP,1.6586,DDP,3971,7,2025-11-08,2026-12-09
QT-000949,QX-PET-382,SUP-139,TRY,53.0738,FOB,2099,29,2026-01-08,2026-09-03
QT-000950,QX-TIN-383,SUP-110,GBP,1.4507,DDP,3399,24,2026-02-26,2026-05-25
QT-000951,QX-TIN-383,SUP-101,GBP,1.1739,DDP,2412,16,2025-09-30,2026-05-26
QT-000952,QX-CER-394,SUP-117,GBP,2.6407,DDP,3221,23,2025-09-27,2026-11-29
QT-000953,QX-CER-394,SUP-134,EUR,2.7787,CIF,2317,22,2025-12-30,2026-11-05
QT-000954,QX-CER-394,SUP-106,GBP,2.3945,DDP,4515,15,2026-02-01,2026-09-02
QT-000955,QX-DRY-407,SUP-109,GBP,0.7194,DDP,2193,4,2025-12-21,2026-11-16
QT-000956,QX-DRY-407,SUP-104,GBP,0.8343,DDP,3739,24,2025-10-02,2026-06-29
QT-000957,QX-DRY-407,SUP-107,GBP,0.7320,DDP,3793,30,2025-12-04,2026-08-18
QT-000958,QX-DRY-407,SUP-126,TRY,31.2973,DDP,3375,40,2026-01-15,2026-08-20
QT-000959,QX-FRZ-415,SUP-112,GBP,4.8832,DDP,3999,25,2025-12-09,2026-06-07
QT-000960,QX-FRZ-415,SUP-124,EUR,4.8337,EXW,1445,41,2025-12-22,2026-08-16
QT-000961,QX-FRZ-415,SUP-140,USD,7.0538,FOB,3004,32,2025-11-08,2026-06-14
QT-000962,QX-FRZ-415,SUP-117,GBP,4.7528,DDP,4797,43,2025-10-28,2026-10-02
QT-000963,QX-BAK-426,SUP-102,GBP,0.8276,DDP,2061,30,2025-12-12,2026-08-17
QT-000964,QX-BAK-426,SUP-104,GBP,0.9291,DDP,1034,6,2025-10-22,2026-08-26
QT-000965,QX-BAK-426,SUP-110,GBP,1.1079,DDP,1272,43,2025-12-16,2026-09-12
QT-000966,QX-BAK-426,SUP-114,GBP,1.1721,DDP,4305,14,2025-12-07,2026-05-11
QT-000967,QX-PET-433,SUP-124,EUR,4.2884,EXW,2070,5,2025-12-28,2026-08-26
QT-000968,QX-PET-433,SUP-117,GBP,4.2571,DDP,400,36,2026-03-09,2026-07-04
QT-000969,QX-PRO-435,SUP-104,GBP,0.8123,DDP,4438,39,2025-10-06,2026-05-19
QT-000970,QX-PRO-435,SUP-110,GBP,0.8229,DDP,3801,25,2025-11-03,2026-12-01
QT-000971,QX-PRO-435,SUP-133,EUR,0.6720,EXW,3979,11,2026-01-16,2026-05-31
QT-000972,QX-FRZ-437,SUP-132,TRY,61.0646,EXW,2852,22,2025-11-11,2026-10-31
QT-000973,QX-FRZ-437,SUP-111,GBP,2.0400,DDP,1113,25,2025-12-01,2026-11-21
QT-000974,QX-FRZ-437,SUP-125,GHS,31.5012,EXW,1012,42,2025-12-21,2026-09-01
QT-000975,QX-CHL-438,SUP-101,GBP,2.5762,DDP,1951,30,2025-10-24,2026-11-26
QT-000976,QX-CHL-438,SUP-133,EUR,2.7651,EXW,2797,43,2025-10-04,2026-05-27
QT-000977,QX-CHL-438,SUP-105,GBP,3.8139,DDP,1833,4,2025-11-07,2026-08-26
QT-000978,QX-HHD-445,SUP-139,TRY,96.0632,FOB,2333,3,2025-11-03,2026-08-29
QT-000979,QX-HHD-445,SUP-117,GBP,2.2101,DDP,4388,19,2025-10-30,2026-10-05
QT-000980,QX-PET-446,SUP-122,TRY,41.8498,CIF,1119,16,2026-02-14,2026-07-16
QT-000981,QX-PET-446,SUP-101,GBP,0.8319,DDP,4697,40,2025-10-28,2026-06-11
QT-000982,QX-PET-446,SUP-109,GBP,0.8651,DDP,3951,16,2025-12-02,2026-06-23
QT-000983,QX-PET-446,SUP-104,GBP,0.7160,DDP,1267,15,2026-02-08,2026-06-30
QT-000984,QX-PET-448,SUP-139,TRY,219.0896,FOB,4396,19,2025-11-10,2026-12-02
QT-000985,QX-PET-448,SUP-103,GBP,6.9472,DDP,246,25,2025-11-01,2026-07-07
QT-000986,QX-PET-448,SUP-135,EUR,5.5965,FOB,3003,33,2025-10-09,2026-10-25
QT-000987,QX-TIN-463,SUP-141,GHS,14.1429,EXW,3714,14,2026-01-13,2026-07-13
QT-000988,QX-TIN-463,SUP-114,GBP,1.0470,DDP,1976,21,2026-01-24,2026-10-26
QT-000989,QX-TIN-463,SUP-122,TRY,46.9310,CIF,172,3,2025-10-03,2026-07-04
QT-000990,QX-HBC-465,SUP-110,GBP,5.3794,DDP,183,39,2026-02-07,2026-08-02
QT-000991,QX-HBC-465,SUP-115,GBP,7.0196,DDP,1003,3,2025-10-24,2026-08-24
QT-000992,QX-HBC-465,SUP-102,GBP,6.3822,DDP,2028,13,2026-01-09,2026-12-10
QT-000993,QX-HBC-465,SUP-117,GBP,7.0893,DDP,2129,21,2026-01-25,2026-10-07
QT-000994,QX-CHL-466,SUP-110,GBP,8.5451,DDP,3326,14,2026-03-01,2026-11-15
QT-000995,QX-CHL-466,SUP-135,EUR,14.3776,FOB,87,30,2025-12-20,2026-10-29
QT-000996,QX-CHL-466,SUP-141,GHS,199.7493,EXW,101,37,2025-12-26,2026-05-02
QT-000997,QX-CHL-466,SUP-127,TRY,388.5564,DDP,117,23,2025-11-09,2026-07-23
QT-000998,QX-BWS-470,SUP-135,EUR,15.8157,FOB,2423,30,2026-01-26,2026-07-08
QT-000999,QX-BWS-470,SUP-139,TRY,383.1062,FOB,4152,26,2025-12-11,2026-09-24
QT-001000,QX-BWS-470,SUP-136,EUR,12.1011,FOB,229,29,2025-10-01,2026-07-16
QT-001001,QX-CER-473,SUP-110,GBP,3.0494,DDP,3682,4,2026-02-09,2026-06-07
QT-001002,QX-CER-473,SUP-100,GBP,2.2011,DDP,284,25,2025-10-25,2026-06-17
QT-001003,QX-CER-473,SUP-128,KES,324.7897,FOB,3194,15,2026-02-28,2026-07-14
QT-001004,QX-CER-473,SUP-135,EUR,2.7684,FOB,882,7,2026-02-19,2026-05-13
QT-001005,QX-PET-476,SUP-127,TRY,178.6500,DDP,1653,5,2025-12-07,2026-10-06
QT-001006,QX-PET-476,SUP-141,GHS,65.0094,EXW,3063,42,2026-01-06,2026-11-19
QT-001007,QX-PET-476,SUP-113,GBP,3.3012,DDP,703,11,2025-09-28,2026-11-11
QT-001008,QX-PET-479,SUP-133,EUR,4.9237,EXW,2190,23,2025-12-11,2026-07-25
QT-001009,QX-PET-479,SUP-129,KES,719.7755,FOB,3534,43,2025-10-13,2026-07-18
QT-001010,QX-PET-479,SUP-121,PLN,23.4605,EXW,2298,42,2026-02-24,2026-09-28
QT-001011,QX-PET-479,SUP-116,GBP,4.3638,DDP,3789,22,2025-09-19,2026-11-10
QT-001012,QX-TIN-481,SUP-129,KES,62.9423,FOB,1308,46,2026-03-04,2026-06-06
QT-001013,QX-TIN-481,SUP-111,GBP,0.3656,DDP,3385,5,2025-11-02,2026-12-11
QT-001014,QX-PRO-488,SUP-139,TRY,95.6473,FOB,3909,43,2026-01-09,2026-11-10
QT-001015,QX-PRO-488,SUP-111,GBP,2.3308,DDP,3223,6,2026-01-14,2026-06-15
QT-001016,QX-PRO-488,SUP-129,KES,352.5975,FOB,4257,17,2025-11-11,2026-06-12
QT-001017,QX-PRO-488,SUP-120,VND,68750.4614,FOB,2424,8,2025-11-21,2026-06-09
QT-001018,QX-DRK-489,SUP-121,PLN,7.2710,EXW,1178,24,2026-02-20,2026-09-19
QT-001019,QX-DRK-489,SUP-107,GBP,1.1725,DDP,1860,27,2025-12-05,2026-10-24
QT-001020,QX-DRK-489,SUP-137,EUR,1.5960,FOB,4647,37,2026-01-04,2026-10-22
QT-001021,QX-FRZ-492,SUP-124,EUR,5.9196,EXW,1087,12,2025-10-19,2026-06-21
QT-001022,QX-FRZ-492,SUP-119,VND,160346.3294,CIF,2586,29,2025-12-20,2026-07-21
QT-001023,QX-FRZ-492,SUP-141,GHS,81.1693,EXW,4353,43,2025-10-15,2026-09-24
QT-001024,QX-HBC-494,SUP-116,GBP,1.7799,DDP,2963,9,2025-12-24,2026-07-18
QT-001025,QX-HBC-494,SUP-138,VND,39800.2103,CIF,925,38,2026-02-08,2026-09-29
QT-001026,QX-HBC-494,SUP-119,VND,53629.6087,CIF,2071,18,2025-12-04,2026-05-26
QT-001027,QX-FRZ-495,SUP-120,VND,36784.6920,FOB,2944,27,2026-03-05,2026-12-06
QT-001028,QX-FRZ-495,SUP-124,EUR,1.2423,EXW,3085,9,2025-10-01,2026-05-27
QT-001029,QX-FRZ-495,SUP-119,VND,41161.0885,CIF,4094,20,2026-02-13,2026-05-08
QT-001030,QX-FRZ-500,SUP-139,TRY,64.8966,FOB,668,19,2026-02-04,2026-12-02
QT-001031,QX-FRZ-500,SUP-128,KES,201.5271,FOB,3887,28,2025-11-08,2026-08-12
QT-001032,QX-FRZ-500,SUP-131,VND,50954.8148,FOB,1288,4,2026-01-12,2026-07-24
QT-001033,QX-BAK-509,SUP-123,KES,684.1355,FOB,817,9,2026-01-19,2026-09-29
QT-001034,QX-BAK-509,SUP-118,DKK,30.5857,CIF,2144,4,2025-12-08,2026-12-01
QT-001035,QX-BAK-509,SUP-128,KES,653.5653,FOB,122,22,2026-01-27,2026-09-21
QT-001036,QX-BAK-509,SUP-120,VND,94376.7815,FOB,3252,38,2025-10-09,2026-07-10
QT-001037,QX-HHD-515,SUP-112,GBP,4.6394,DDP,3199,20,2025-09-20,2026-10-02
QT-001038,QX-HHD-515,SUP-102,GBP,4.8477,DDP,2025,15,2026-01-17,2026-11-21
QT-001039,QX-HHD-515,SUP-104,GBP,4.0805,DDP,376,26,2025-12-05,2026-11-16
QT-001040,QX-PET-516,SUP-115,GBP,0.6382,DDP,1667,14,2025-11-29,2026-04-27
QT-001041,QX-PET-516,SUP-140,USD,0.7163,FOB,2761,7,2026-02-14,2026-11-05
QT-001042,QX-PET-516,SUP-110,GBP,0.5991,DDP,4744,7,2025-10-04,2026-05-31
QT-001043,QX-DRY-522,SUP-121,PLN,17.8476,EXW,1596,37,2025-11-30,2026-10-05
QT-001044,QX-DRY-522,SUP-109,GBP,3.6219,DDP,3858,32,2026-02-03,2026-12-13
QT-001045,QX-DRY-522,SUP-100,GBP,3.7033,DDP,506,44,2025-10-28,2026-11-22
QT-001046,QX-DRY-522,SUP-106,GBP,4.1581,DDP,4079,12,2025-12-19,2026-06-30
QT-001047,QX-FRZ-525,SUP-102,GBP,5.0346,DDP,1910,25,2025-12-03,2026-12-01
QT-001048,QX-CHL-527,SUP-113,GBP,2.8287,DDP,469,24,2025-12-30,2026-09-01
QT-001049,QX-CHL-527,SUP-110,GBP,2.8170,DDP,2641,43,2025-12-22,2026-10-07
QT-001050,QX-DRK-528,SUP-133,EUR,4.5705,EXW,3353,18,2025-12-16,2026-09-16
QT-001051,QX-DRK-528,SUP-120,VND,121393.4847,FOB,4083,22,2025-10-23,2026-07-19
QT-001052,QX-DRK-528,SUP-113,GBP,4.0334,DDP,2189,13,2026-02-09,2026-06-17
QT-001053,QX-HBC-532,SUP-124,EUR,2.8907,EXW,4368,21,2025-12-12,2026-09-18
QT-001054,QX-HBC-532,SUP-125,GHS,47.6320,EXW,2273,14,2025-09-16,2026-05-21
QT-001055,QX-HBC-532,SUP-105,GBP,3.8760,DDP,3918,4,2025-11-26,2026-06-12
QT-001056,QX-PET-537,SUP-125,GHS,73.4317,EXW,582,30,2026-01-13,2026-11-21
QT-001057,QX-PET-537,SUP-100,GBP,4.3874,DDP,4222,23,2026-02-16,2026-06-02
QT-001058,QX-PET-537,SUP-134,EUR,4.7766,CIF,998,41,2025-10-27,2026-05-03
QT-001059,QX-CHL-542,SUP-109,GBP,5.7398,DDP,4331,12,2026-01-01,2026-09-25
QT-001060,QX-CHL-542,SUP-106,GBP,4.0927,DDP,1009,29,2025-11-27,2026-06-24
QT-001061,QX-CHL-542,SUP-141,GHS,71.8846,EXW,2830,9,2026-02-02,2026-10-28
QT-001062,QX-DRY-544,SUP-114,GBP,3.9018,DDP,1554,24,2026-01-29,2026-10-30
QT-001063,QX-DRY-544,SUP-126,TRY,158.5956,DDP,2097,19,2025-12-24,2026-09-12
QT-001064,QX-HBC-545,SUP-140,USD,8.2744,FOB,4021,45,2026-01-31,2026-05-27
QT-001065,QX-HBC-545,SUP-122,TRY,249.4083,CIF,1449,34,2025-09-22,2026-06-27
QT-001066,QX-DRK-546,SUP-123,KES,94.1682,FOB,4016,27,2026-03-09,2026-10-08
QT-001067,QX-DRK-546,SUP-100,GBP,0.6030,DDP,1249,21,2026-01-09,2026-08-17
QT-001068,QX-FRZ-547,SUP-124,EUR,4.5921,EXW,3947,12,2025-09-24,2026-10-26
QT-001069,QX-FRZ-547,SUP-120,VND,136408.3936,FOB,2488,29,2025-10-18,2026-08-18
QT-001070,QX-FRZ-547,SUP-133,EUR,3.4670,EXW,1528,10,2025-12-07,2026-10-04
QT-001071,QX-TIN-548,SUP-101,GBP,0.3067,DDP,3596,43,2026-02-28,2026-11-04
QT-001072,QX-TIN-548,SUP-116,GBP,0.2983,DDP,1150,25,2025-12-11,2026-10-26
QT-001073,QX-TIN-548,SUP-107,GBP,0.3533,DDP,3794,14,2025-11-27,2026-09-14
QT-001074,QX-TIN-548,SUP-104,GBP,0.4295,DDP,2768,21,2025-10-24,2026-11-10
QT-001075,QX-HHD-554,SUP-118,DKK,32.6746,CIF,4167,34,2026-02-10,2026-09-30
QT-001076,QX-HHD-554,SUP-106,GBP,3.9810,DDP,2975,44,2026-03-01,2026-11-04
QT-001077,QX-HHD-554,SUP-114,GBP,4.5533,DDP,2923,17,2025-10-24,2026-12-03
QT-001078,QX-CER-558,SUP-124,EUR,2.1909,EXW,1288,42,2026-02-19,2026-08-03
QT-001079,QX-CER-558,SUP-127,TRY,86.4765,DDP,3384,26,2026-01-14,2026-06-29
QT-001080,QX-CER-558,SUP-107,GBP,1.9811,DDP,874,3,2025-10-01,2026-08-19
QT-001081,QX-CER-558,SUP-123,KES,360.4849,FOB,413,3,2026-01-12,2026-04-23
QT-001082,QX-DRK-560,SUP-117,GBP,2.9061,DDP,4328,5,2026-01-25,2026-11-30
QT-001083,QX-DRK-560,SUP-130,MAD,30.6904,EXW,3459,43,2025-12-06,2026-05-23
QT-001084,QX-PRO-562,SUP-123,KES,315.8165,FOB,1371,20,2025-10-10,2026-07-26
QT-001085,QX-PRO-562,SUP-108,GBP,1.4760,DDP,3411,31,2026-01-02,2026-08-28
QT-001086,QX-PRO-562,SUP-107,GBP,1.9433,DDP,242,11,2026-02-17,2026-08-23
QT-001087,QX-HHD-563,SUP-139,TRY,171.1733,FOB,3103,33,2025-12-28,2026-10-19
QT-001088,QX-HHD-563,SUP-104,GBP,4.7907,DDP,3658,37,2025-10-24,2026-11-22
QT-001089,QX-HHD-563,SUP-134,EUR,4.9404,CIF,245,26,2026-02-01,2026-05-29
QT-001090,QX-HHD-563,SUP-136,EUR,6.5785,FOB,3524,8,2025-12-09,2026-06-04
QT-001091,QX-BAK-565,SUP-115,GBP,0.7050,DDP,3979,34,2026-01-23,2026-06-28
QT-001092,QX-BAK-565,SUP-141,GHS,14.2587,EXW,1374,3,2026-01-31,2026-06-22
QT-001093,QX-BAK-565,SUP-110,GBP,0.9121,DDP,3874,41,2026-03-01,2026-10-03
QT-001094,QX-PET-571,SUP-131,VND,42427.9377,FOB,1450,24,2026-02-05,2026-12-14
QT-001095,QX-PET-571,SUP-120,VND,41704.0135,FOB,757,14,2026-01-17,2026-05-25
QT-001096,QX-PET-573,SUP-139,TRY,175.3343,FOB,3835,36,2025-12-09,2026-10-02
QT-001097,QX-PET-573,SUP-114,GBP,4.7813,DDP,662,7,2026-01-10,2026-11-29
QT-001098,QX-PET-573,SUP-106,GBP,5.2404,DDP,689,5,2025-10-31,2026-09-27
QT-001099,QX-PET-573,SUP-107,GBP,6.3895,DDP,930,32,2025-09-20,2026-04-27
QT-001100,QX-DRY-577,SUP-104,GBP,2.4716,DDP,4427,24,2026-01-12,2026-06-24
QT-001101,QX-DRY-577,SUP-107,GBP,3.1810,DDP,4734,17,2025-10-31,2026-07-13
QT-001102,QX-HHD-584,SUP-139,TRY,53.3147,FOB,4250,36,2026-01-20,2026-09-30
QT-001103,QX-HHD-584,SUP-110,GBP,0.9981,DDP,4557,32,2026-01-04,2026-10-24
QT-001104,QX-HHD-584,SUP-112,GBP,1.3024,DDP,209,45,2025-12-15,2026-06-29
QT-001105,QX-HBC-591,SUP-100,GBP,1.9876,DDP,3328,28,2025-11-11,2026-07-30
QT-001106,QX-HBC-591,SUP-117,GBP,2.7284,DDP,3373,33,2025-09-23,2026-05-08
QT-001107,QX-HBC-591,SUP-128,KES,428.9666,FOB,743,22,2025-12-05,2026-08-06
QT-001108,QX-HBC-591,SUP-122,TRY,93.3973,CIF,1917,42,2025-11-29,2026-10-30
QT-001109,QX-TIN-593,SUP-120,VND,30113.5299,FOB,2983,7,2025-10-11,2026-05-29
QT-001110,QX-TIN-593,SUP-133,EUR,1.4775,EXW,4274,34,2025-11-04,2026-08-24
QT-001111,QX-TIN-593,SUP-111,GBP,1.1901,DDP,2969,44,2025-11-04,2026-07-29
QT-001112,QX-TIN-593,SUP-127,TRY,37.5464,DDP,3434,21,2026-01-04,2026-08-03
QT-001113,QX-DRK-601,SUP-120,VND,10230.5527,FOB,167,39,2026-02-17,2026-07-08
QT-001114,QX-DRK-601,SUP-138,VND,11698.1663,CIF,2358,13,2025-09-26,2026-09-24
QT-001115,QX-BWS-607,SUP-108,GBP,10.0232,DDP,1163,6,2025-11-30,2026-11-18
QT-001116,QX-BWS-607,SUP-130,MAD,133.3026,EXW,2335,13,2026-01-31,2026-09-24
QT-001117,QX-BAK-613,SUP-137,EUR,1.5964,FOB,1648,34,2026-01-21,2026-08-15
QT-001118,QX-BAK-613,SUP-128,KES,192.1379,FOB,574,24,2025-10-31,2026-10-08
QT-001119,QX-BAK-613,SUP-135,EUR,1.4365,FOB,2625,3,2025-12-02,2026-08-31
QT-001120,QX-FRZ-615,SUP-129,KES,607.0238,FOB,1186,26,2026-02-14,2026-08-07
QT-001121,QX-FRZ-615,SUP-102,GBP,4.7035,DDP,4326,16,2025-10-07,2026-11-11
QT-001122,QX-CHL-617,SUP-115,GBP,0.8071,DDP,4739,15,2026-02-12,2026-12-16
QT-001123,QX-CHL-617,SUP-102,GBP,0.8684,DDP,3408,25,2026-02-15,2026-08-06
QT-001124,QX-CER-619,SUP-110,GBP,1.0622,DDP,4621,22,2025-10-03,2026-07-08
QT-001125,QX-CER-619,SUP-107,GBP,1.1310,DDP,4656,31,2026-02-07,2026-05-01
QT-001126,QX-TIN-630,SUP-140,USD,1.0657,FOB,3341,31,2026-02-18,2026-05-27
QT-001127,QX-TIN-630,SUP-125,GHS,13.4564,EXW,3631,12,2026-02-26,2026-06-25
QT-001128,QX-HHD-631,SUP-115,GBP,1.8342,DDP,4435,29,2026-02-07,2026-11-29
QT-001129,QX-HHD-631,SUP-105,GBP,1.9366,DDP,3513,33,2025-10-14,2026-07-26
QT-001130,QX-HHD-631,SUP-101,GBP,1.3503,DDP,2204,6,2025-10-30,2026-06-06
QT-001131,QX-HHD-631,SUP-123,KES,272.6958,FOB,307,39,2026-03-12,2026-12-03
QT-001132,QX-HHD-634,SUP-117,GBP,3.1019,DDP,3724,16,2025-09-29,2026-07-31
QT-001133,QX-HHD-634,SUP-103,GBP,4.0177,DDP,3045,21,2026-03-12,2026-05-12
QT-001134,QX-PRO-637,SUP-125,GHS,45.4133,EXW,4467,33,2026-02-23,2026-09-27
QT-001135,QX-PRO-637,SUP-102,GBP,2.1801,DDP,234,18,2025-10-11,2026-11-25
QT-001136,QX-PRO-637,SUP-126,TRY,84.4969,DDP,627,8,2025-09-15,2026-10-06
QT-001137,QX-PRO-637,SUP-110,GBP,2.4840,DDP,591,23,2026-03-12,2026-08-12
QT-001138,QX-BAK-648,SUP-101,GBP,1.8843,DDP,2185,8,2025-11-14,2026-07-02
QT-001139,QX-BAK-648,SUP-106,GBP,2.0806,DDP,2444,4,2026-02-12,2026-04-29
QT-001140,QX-BAK-648,SUP-100,GBP,1.8291,DDP,3225,5,2025-11-14,2026-12-03
QT-001141,QX-BAK-648,SUP-108,GBP,1.4429,DDP,2826,5,2026-02-17,2026-10-17
QT-001142,QX-BWS-649,SUP-140,USD,10.0777,FOB,2743,44,2026-01-13,2026-12-01
QT-001143,QX-BWS-649,SUP-135,EUR,8.3114,FOB,121,29,2025-11-16,2026-11-02
QT-001144,QX-BWS-649,SUP-118,DKK,52.5876,CIF,3081,29,2025-09-21,2026-07-02
QT-001145,QX-DRY-652,SUP-125,GHS,23.1220,EXW,3034,6,2025-12-12,2026-07-27
QT-001146,QX-DRY-652,SUP-128,KES,174.6540,FOB,1911,27,2025-09-24,2026-06-30
QT-001147,QX-TIN-657,SUP-122,TRY,66.2682,CIF,2433,40,2026-03-11,2026-08-05
QT-001148,QX-TIN-657,SUP-101,GBP,1.4915,DDP,4264,25,2025-11-21,2026-05-23
QT-001149,QX-HHD-660,SUP-134,EUR,1.1478,CIF,2396,9,2025-11-22,2026-08-05
QT-001150,QX-HHD-660,SUP-118,DKK,8.1808,CIF,2986,7,2025-11-21,2026-06-08
QT-001151,QX-HHD-660,SUP-141,GHS,14.9944,EXW,3263,34,2026-01-12,2026-08-14
QT-001152,QX-DRY-661,SUP-103,GBP,3.0433,DDP,3551,25,2025-10-25,2026-10-15
QT-001153,QX-DRY-661,SUP-118,DKK,25.1507,CIF,4007,31,2026-01-05,2026-06-15
QT-001154,QX-DRY-664,SUP-122,TRY,144.5429,CIF,4123,22,2025-11-15,2026-09-08
QT-001155,QX-DRY-664,SUP-103,GBP,2.9098,DDP,2095,33,2025-12-08,2026-09-13
QT-001156,QX-DRY-664,SUP-116,GBP,3.5152,DDP,2277,5,2026-02-17,2026-12-16
QT-001157,QX-HHD-665,SUP-127,TRY,208.9515,DDP,4754,41,2025-10-20,2026-09-04
QT-001158,QX-HHD-665,SUP-130,MAD,50.5566,EXW,1016,28,2025-12-01,2026-04-23
QT-001159,QX-FRZ-679,SUP-104,GBP,4.5222,DDP,4529,19,2026-01-28,2026-10-22
QT-001160,QX-FRZ-679,SUP-115,GBP,4.9283,DDP,595,28,2025-11-02,2026-07-12
QT-001161,QX-FRZ-679,SUP-135,EUR,5.5904,FOB,198,34,2026-03-08,2026-12-04
QT-001162,QX-CER-681,SUP-101,GBP,1.1277,DDP,1753,16,2026-01-25,2026-10-08
QT-001163,QX-CER-681,SUP-134,EUR,1.4351,CIF,954,30,2026-03-05,2026-10-16
QT-001164,QX-CER-681,SUP-123,KES,193.1965,FOB,2339,15,2025-12-15,2026-06-17
QT-001165,QX-CER-681,SUP-102,GBP,1.4993,DDP,1200,17,2026-01-08,2026-10-31
QT-001166,QX-FRZ-687,SUP-116,GBP,2.0894,DDP,2430,38,2025-11-16,2026-05-02
QT-001167,QX-FRZ-687,SUP-132,TRY,91.6796,EXW,4673,8,2026-03-06,2026-05-28
QT-001168,QX-BAK-688,SUP-139,TRY,148.1560,FOB,1653,3,2025-10-27,2026-12-15
QT-001169,QX-BAK-688,SUP-119,VND,84828.9291,CIF,3040,38,2025-10-18,2026-07-28
QT-001170,QX-BAK-688,SUP-133,EUR,3.7173,EXW,3657,34,2026-01-07,2026-11-08
QT-001171,QX-BAK-692,SUP-104,GBP,3.9495,DDP,4389,33,2025-10-26,2026-11-07
QT-001172,QX-BAK-692,SUP-122,TRY,137.4863,CIF,3064,31,2026-03-05,2026-08-28
QT-001173,QX-BAK-693,SUP-139,TRY,57.2294,FOB,2762,44,2026-01-24,2026-08-31
QT-001174,QX-BAK-693,SUP-107,GBP,1.5041,DDP,4703,46,2025-12-29,2026-05-01
QT-001175,QX-BAK-693,SUP-135,EUR,1.6344,FOB,4000,12,2026-03-06,2026-11-06
QT-001176,QX-DRY-698,SUP-124,EUR,1.2675,EXW,1065,30,2025-11-13,2026-07-09
QT-001177,QX-DRY-698,SUP-111,GBP,0.9056,DDP,2544,7,2025-11-08,2026-04-22
QT-001178,QX-CER-702,SUP-129,KES,304.2820,FOB,4378,44,2026-01-28,2026-09-29
QT-001179,QX-CER-702,SUP-130,MAD,30.7352,EXW,918,12,2025-09-22,2026-11-29
QT-001180,QX-DRK-705,SUP-122,TRY,59.1763,CIF,1969,30,2025-10-15,2026-09-10
QT-001181,QX-DRK-705,SUP-124,EUR,1.4501,EXW,4423,38,2026-03-12,2026-11-27
QT-001182,QX-FRZ-706,SUP-101,GBP,2.6406,DDP,1006,5,2025-12-02,2026-06-14
QT-001183,QX-FRZ-706,SUP-132,TRY,120.0769,EXW,1768,37,2026-03-09,2026-12-01
QT-001184,QX-FRZ-706,SUP-139,TRY,109.1618,FOB,3556,8,2025-12-16,2026-06-27
QT-001185,QX-FRZ-706,SUP-124,EUR,3.0737,EXW,772,19,2025-10-31,2026-06-20
QT-001186,QX-CHL-707,SUP-111,GBP,0.8971,DDP,742,42,2025-12-26,2026-08-04
QT-001187,QX-CHL-707,SUP-122,TRY,35.7880,CIF,1639,19,2026-03-03,2026-11-12
QT-001188,QX-CHL-707,SUP-136,EUR,0.8725,FOB,1777,28,2025-10-23,2026-12-10
QT-001189,QX-CER-709,SUP-123,KES,312.7107,FOB,2898,4,2025-11-13,2026-09-17
QT-001190,QX-CER-709,SUP-109,GBP,1.9226,DDP,814,16,2026-02-04,2026-09-06
QT-001191,QX-DRK-714,SUP-119,VND,55797.4196,CIF,1381,26,2025-11-12,2026-07-06
QT-001192,QX-DRK-714,SUP-131,VND,74776.9169,FOB,2931,3,2026-02-21,2026-09-14
QT-001193,QX-PRO-718,SUP-139,TRY,78.5363,FOB,2260,12,2026-02-15,2026-07-10
QT-001194,QX-PRO-718,SUP-117,GBP,3.0566,DDP,3066,42,2026-03-08,2026-05-23
QT-001195,QX-PRO-718,SUP-112,GBP,2.5051,DDP,1052,42,2025-12-24,2026-06-30
QT-001196,QX-FRZ-719,SUP-136,EUR,3.2521,FOB,1421,15,2026-02-07,2026-06-07
QT-001197,QX-FRZ-719,SUP-122,TRY,132.5048,CIF,1227,27,2026-01-26,2026-09-30
QT-001198,QX-FRZ-719,SUP-132,TRY,110.7009,EXW,1760,44,2025-12-17,2026-09-17
QT-001199,QX-FRZ-719,SUP-116,GBP,3.0894,DDP,3810,23,2025-10-29,2026-09-04
QT-001200,QX-CER-724,SUP-107,GBP,1.8482,DDP,4160,39,2026-03-01,2026-07-16
QT-001201,QX-CER-724,SUP-132,TRY,63.1803,EXW,1714,12,2026-01-03,2026-08-26
QT-001202,QX-CER-724,SUP-129,KES,236.7490,FOB,3620,14,2025-09-18,2026-04-26
QT-001203,QX-PRO-726,SUP-126,TRY,101.2715,DDP,4683,3,2025-11-02,2026-05-28
QT-001204,QX-PRO-726,SUP-134,EUR,2.5232,CIF,932,44,2025-11-14,2026-06-18
QT-001205,QX-HBC-729,SUP-114,GBP,7.9123,DDP,816,40,2025-10-07,2026-06-21
QT-001206,QX-HBC-729,SUP-101,GBP,5.6060,DDP,3572,14,2025-11-05,2026-12-05
QT-001207,QX-HBC-729,SUP-140,USD,7.4893,FOB,4525,18,2026-02-07,2026-07-07
QT-001208,QX-HBC-729,SUP-112,GBP,6.1816,DDP,3965,38,2025-09-15,2026-12-03
QT-001209,QX-DRK-730,SUP-118,DKK,33.4116,CIF,4560,22,2026-01-16,2026-06-02
QT-001210,QX-DRK-730,SUP-105,GBP,4.0378,DDP,3146,5,2025-10-08,2026-06-11
QT-001211,QX-DRK-730,SUP-130,MAD,38.4388,EXW,3841,41,2026-01-20,2026-09-01
QT-001212,QX-CHL-734,SUP-101,GBP,11.7732,DDP,3198,41,2026-02-08,2026-09-16
QT-001213,QX-CHL-734,SUP-121,PLN,47.6531,EXW,4314,23,2025-10-10,2026-08-23
QT-001214,QX-FRZ-735,SUP-117,GBP,1.5247,DDP,1738,3,2026-01-14,2026-09-18
QT-001215,QX-FRZ-735,SUP-104,GBP,2.0585,DDP,950,27,2025-11-21,2026-09-09
QT-001216,QX-FRZ-735,SUP-136,EUR,2.3634,FOB,2930,43,2026-02-07,2026-09-09
QT-001217,QX-HBC-737,SUP-136,EUR,4.0992,FOB,1204,29,2026-02-25,2026-09-30
QT-001218,QX-HBC-737,SUP-106,GBP,2.9389,DDP,3436,29,2025-10-30,2026-12-05
QT-001219,QX-HBC-737,SUP-125,GHS,65.3117,EXW,2406,19,2025-10-13,2026-07-23
QT-001220,QX-CHL-738,SUP-115,GBP,5.0987,DDP,1385,33,2026-01-13,2026-06-06
QT-001221,QX-CHL-738,SUP-108,GBP,4.2070,DDP,1188,3,2026-02-14,2026-09-15
QT-001222,QX-PRO-739,SUP-115,GBP,2.2320,DDP,2976,41,2026-01-31,2026-11-04
QT-001223,QX-PRO-739,SUP-118,DKK,13.5190,CIF,1915,17,2025-12-18,2026-12-14
QT-001224,QX-PRO-739,SUP-133,EUR,2.3510,EXW,3453,46,2025-10-26,2026-11-17
QT-001225,QX-PRO-739,SUP-127,TRY,89.8747,DDP,2872,22,2025-11-21,2026-08-14
QT-001226,QX-BWS-747,SUP-137,EUR,14.0500,FOB,3296,45,2025-11-06,2026-09-02
QT-001227,QX-BWS-747,SUP-141,GHS,225.3877,EXW,473,36,2026-01-14,2026-09-22
QT-001228,QX-BWS-747,SUP-110,GBP,12.0846,DDP,2867,26,2025-11-28,2026-06-10
QT-001229,QX-TIN-751,SUP-118,DKK,10.4638,CIF,3941,26,2026-01-18,2026-08-15
QT-001230,QX-TIN-751,SUP-113,GBP,1.1441,DDP,2271,23,2025-12-29,2026-07-08
QT-001231,QX-TIN-751,SUP-129,KES,208.2541,FOB,1831,10,2025-10-26,2026-11-28
QT-001232,QX-TIN-753,SUP-136,EUR,0.9675,FOB,3233,6,2026-03-08,2026-07-06
QT-001233,QX-TIN-753,SUP-139,TRY,45.9568,FOB,3575,3,2025-12-17,2026-06-20
QT-001234,QX-DRK-756,SUP-138,VND,67976.2216,CIF,551,6,2025-10-04,2026-11-30
QT-001235,QX-DRK-756,SUP-111,GBP,2.6092,DDP,3768,3,2025-11-29,2026-05-25
QT-001236,QX-DRK-756,SUP-120,VND,86798.8409,FOB,1719,9,2025-11-22,2026-12-13
QT-001237,QX-DRK-756,SUP-127,TRY,92.7406,DDP,3731,16,2025-11-12,2026-08-23
QT-001238,QX-HHD-758,SUP-106,GBP,7.2481,DDP,3399,13,2026-01-15,2026-12-06
QT-001239,QX-HHD-758,SUP-131,VND,169830.5387,FOB,2132,29,2025-11-13,2026-09-20
QT-001240,QX-HHD-758,SUP-141,GHS,126.1041,EXW,1770,35,2025-09-26,2026-07-22
QT-001241,QX-HBC-764,SUP-131,VND,247783.1671,FOB,1025,14,2025-12-04,2026-10-16
QT-001242,QX-HBC-764,SUP-122,TRY,296.6575,CIF,2126,23,2025-11-23,2026-11-05
QT-001243,QX-HBC-764,SUP-127,TRY,263.7654,DDP,2985,21,2025-09-18,2026-08-03
QT-001244,QX-BAK-766,SUP-129,KES,274.6161,FOB,2280,3,2026-02-06,2026-11-03
QT-001245,QX-BAK-766,SUP-141,GHS,25.6875,EXW,4756,4,2026-01-31,2026-06-12
QT-001246,QX-BAK-766,SUP-112,GBP,1.2433,DDP,2631,6,2025-10-05,2026-08-05
QT-001247,QX-BAK-769,SUP-126,TRY,19.6303,DDP,339,35,2026-01-10,2026-12-11
QT-001248,QX-BAK-769,SUP-115,GBP,0.5661,DDP,3986,43,2025-12-13,2026-09-10
QT-001249,QX-PET-771,SUP-138,VND,148992.3334,CIF,2992,14,2025-11-21,2026-08-08
QT-001250,QX-PET-771,SUP-132,TRY,196.8313,EXW,1864,23,2025-12-04,2026-08-31
QT-001251,QX-HBC-778,SUP-123,KES,197.2329,FOB,3480,22,2025-12-04,2026-08-19
QT-001252,QX-HBC-778,SUP-118,DKK,12.1752,CIF,3681,43,2025-12-28,2026-10-11
QT-001253,QX-HBC-778,SUP-137,EUR,1.3251,FOB,2193,9,2025-10-17,2026-04-23
QT-001254,QX-PET-781,SUP-127,TRY,81.4511,DDP,1311,20,2025-12-30,2026-12-13
QT-001255,QX-PET-781,SUP-100,GBP,2.6148,DDP,3760,7,2025-12-01,2026-07-26
QT-001256,QX-PET-781,SUP-120,VND,63514.7880,FOB,1049,25,2026-02-06,2026-07-12
QT-001257,QX-BWS-785,SUP-131,VND,315678.0614,FOB,3761,34,2026-01-30,2026-08-09
QT-001258,QX-BWS-785,SUP-119,VND,429516.7164,CIF,3619,25,2025-10-30,2026-10-19
QT-001259,QX-BWS-785,SUP-104,GBP,11.2434,DDP,4612,27,2025-10-27,2026-10-29
QT-001260,QX-CER-786,SUP-108,GBP,1.1295,DDP,412,10,2025-10-16,2026-11-15
QT-001261,QX-CER-786,SUP-138,VND,49191.0343,CIF,2996,34,2026-01-12,2026-06-02
QT-001262,QX-CER-786,SUP-118,DKK,12.1148,CIF,4384,40,2025-11-30,2026-08-16
QT-001263,QX-DRK-787,SUP-139,TRY,80.1918,FOB,1322,23,2026-03-11,2026-09-28
QT-001264,QX-DRK-787,SUP-130,MAD,28.0381,EXW,792,23,2026-02-12,2026-05-18
QT-001265,QX-DRK-787,SUP-118,DKK,16.6515,CIF,673,12,2025-12-16,2026-07-23
QT-001266,QX-FRZ-788,SUP-119,VND,61350.3995,CIF,1283,14,2025-12-02,2026-04-22
QT-001267,QX-FRZ-788,SUP-101,GBP,2.0146,DDP,1968,33,2025-12-16,2026-12-07
QT-001268,QX-DRY-802,SUP-117,GBP,1.9659,DDP,2024,19,2026-02-16,2026-04-21
QT-001269,QX-DRY-802,SUP-105,GBP,1.5954,DDP,453,16,2026-01-16,2026-04-29
QT-001270,QX-DRY-802,SUP-116,GBP,1.5021,DDP,2145,9,2025-10-14,2026-12-06
QT-001271,QX-HHD-803,SUP-108,GBP,0.9032,DDP,1503,3,2025-12-29,2026-08-24
QT-001272,QX-HHD-803,SUP-140,USD,1.3864,FOB,4372,43,2026-01-17,2026-08-18
QT-001273,QX-HBC-806,SUP-106,GBP,4.8207,DDP,3793,35,2026-02-27,2026-06-22
QT-001274,QX-HBC-806,SUP-116,GBP,4.3483,DDP,4652,39,2026-01-14,2026-05-22
QT-001275,QX-HBC-806,SUP-112,GBP,4.4953,DDP,4124,15,2025-11-10,2026-05-19
QT-001276,QX-BWS-814,SUP-119,VND,580963.7032,CIF,3127,17,2026-03-01,2026-09-24
QT-001277,QX-BWS-814,SUP-141,GHS,294.0945,EXW,4752,10,2026-02-08,2026-07-09
QT-001278,QX-PRO-817,SUP-126,TRY,58.4431,DDP,3926,17,2025-11-22,2026-11-30
QT-001279,QX-PRO-817,SUP-131,VND,42996.6817,FOB,2593,18,2025-11-17,2026-11-11
QT-001280,QX-PRO-817,SUP-137,EUR,1.8483,FOB,2221,41,2026-02-23,2026-11-21
QT-001281,QX-CHL-821,SUP-119,VND,42429.6760,CIF,1622,14,2026-01-18,2026-07-17
QT-001282,QX-CHL-821,SUP-137,EUR,1.5955,FOB,1112,6,2026-01-07,2026-05-05
QT-001283,QX-CHL-821,SUP-130,MAD,19.6450,EXW,4673,8,2025-11-27,2026-08-27
QT-001284,QX-CHL-821,SUP-106,GBP,1.6082,DDP,2079,33,2026-03-03,2026-11-17
QT-001285,QX-PET-822,SUP-129,KES,1166.0980,FOB,4442,42,2026-02-08,2026-08-15
QT-001286,QX-PET-822,SUP-124,EUR,5.6852,EXW,3975,12,2025-12-24,2026-09-01
QT-001287,QX-PET-822,SUP-104,GBP,6.2366,DDP,3244,13,2026-01-14,2026-09-12
QT-001288,QX-PET-822,SUP-122,TRY,254.4521,CIF,4461,16,2025-11-30,2026-10-21
QT-001289,QX-DRK-834,SUP-134,EUR,1.7408,CIF,1980,9,2026-01-08,2026-12-06
QT-001290,QX-DRK-834,SUP-111,GBP,1.6775,DDP,3931,40,2025-10-21,2026-04-21
QT-001291,QX-HBC-840,SUP-122,TRY,34.4420,CIF,2908,31,2025-10-31,2026-11-21
QT-001292,QX-HBC-840,SUP-108,GBP,0.5807,DDP,1003,29,2026-03-01,2026-11-29
QT-001293,QX-HBC-840,SUP-127,TRY,33.3424,DDP,1668,9,2026-01-02,2026-11-30
QT-001294,QX-BWS-850,SUP-138,VND,168443.4937,CIF,1414,25,2025-12-14,2026-09-28
QT-001295,QX-BWS-850,SUP-131,VND,200398.2023,FOB,1744,28,2026-02-18,2026-04-29
QT-001296,QX-PRO-852,SUP-113,GBP,1.5427,DDP,3042,29,2025-11-10,2026-10-27
QT-001297,QX-PRO-852,SUP-103,GBP,1.0419,DDP,4285,32,2025-11-27,2026-11-08
QT-001298,QX-HHD-854,SUP-104,GBP,2.5367,DDP,4181,14,2025-09-18,2026-08-31
QT-001299,QX-HHD-854,SUP-103,GBP,2.5968,DDP,4599,36,2025-12-09,2026-07-04
QT-001300,QX-BAK-860,SUP-123,KES,203.3502,FOB,4519,30,2026-02-02,2026-07-01
QT-001301,QX-BAK-860,SUP-136,EUR,1.3524,FOB,1512,12,2026-02-27,2026-04-23
QT-001302,QX-BAK-860,SUP-101,GBP,1.4924,DDP,2067,17,2025-12-11,2026-10-22
QT-001303,QX-CHL-862,SUP-131,VND,300856.6475,FOB,4767,34,2025-09-16,2026-10-27
QT-001304,QX-CHL-862,SUP-137,EUR,10.9406,FOB,2897,18,2026-03-11,2026-08-10
QT-001305,QX-CER-866,SUP-109,GBP,2.8102,DDP,4668,6,2026-02-13,2026-10-21
QT-001306,QX-CER-866,SUP-111,GBP,2.7077,DDP,3702,25,2026-02-12,2026-12-06
QT-001307,QX-TIN-867,SUP-133,EUR,0.3219,EXW,3199,2,2026-03-06,2026-05-03
QT-001308,QX-DRK-871,SUP-111,GBP,2.3714,DDP,3679,43,2026-02-12,2026-10-01
QT-001309,QX-DRK-871,SUP-128,KES,315.5452,FOB,1819,8,2025-10-22,2026-11-12
QT-001310,QX-DRK-871,SUP-106,GBP,2.4316,DDP,3387,21,2025-12-27,2026-07-25
QT-001311,QX-DRK-871,SUP-116,GBP,1.8072,DDP,3288,34,2025-12-27,2026-09-14
QT-001312,QX-TIN-873,SUP-119,VND,44149.1928,CIF,4563,26,2026-02-01,2026-09-16
QT-001313,QX-TIN-873,SUP-122,TRY,54.2850,CIF,3590,37,2025-10-08,2026-08-27
QT-001314,QX-TIN-873,SUP-137,EUR,1.5897,FOB,239,3,2026-01-25,2026-05-19
QT-001315,QX-DRK-882,SUP-136,EUR,1.6597,FOB,2310,38,2026-01-31,2026-08-20
QT-001316,QX-DRK-882,SUP-141,GHS,19.1781,EXW,63,4,2025-11-13,2026-08-19
QT-001317,QX-DRK-882,SUP-110,GBP,1.4952,DDP,2553,7,2025-12-31,2026-07-24
QT-001318,QX-HHD-888,SUP-134,EUR,4.3850,CIF,2015,30,2025-09-21,2026-06-16
QT-001319,QX-HHD-888,SUP-105,GBP,4.9764,DDP,907,33,2025-12-20,2026-06-21
QT-001320,QX-HHD-888,SUP-102,GBP,4.2032,DDP,4164,22,2026-01-18,2026-06-27
QT-001321,QX-HHD-888,SUP-111,GBP,4.1913,DDP,3045,44,2025-11-15,2026-07-11
QT-001322,QX-PRO-889,SUP-115,GBP,2.1472,DDP,4398,34,2025-12-06,2026-10-31
QT-001323,QX-PRO-889,SUP-130,MAD,26.3587,EXW,305,34,2026-02-10,2026-10-16
QT-001324,QX-PRO-889,SUP-132,TRY,92.1896,EXW,4042,11,2025-10-28,2026-06-30
QT-001325,QX-CHL-891,SUP-115,GBP,5.1116,DDP,2489,5,2026-02-06,2026-10-15
QT-001326,QX-CHL-891,SUP-124,EUR,4.4962,EXW,2639,15,2026-02-05,2026-09-13
QT-001327,QX-CHL-891,SUP-100,GBP,5.1988,DDP,1296,34,2026-02-17,2026-11-01
QT-001328,QX-CHL-891,SUP-125,GHS,61.3014,EXW,2325,44,2026-02-27,2026-10-22
QT-001329,QX-TIN-892,SUP-101,GBP,0.6067,DDP,3734,35,2025-09-15,2026-11-08
QT-001330,QX-TIN-892,SUP-122,TRY,26.3420,CIF,3784,2,2025-12-23,2026-10-18
QT-001331,QX-BWS-897,SUP-119,VND,254116.2463,CIF,1704,22,2025-10-16,2026-09-22
QT-001332,QX-BWS-897,SUP-118,DKK,70.6125,CIF,52,46,2025-10-03,2026-05-23
QT-001333,QX-BAK-899,SUP-111,GBP,1.3367,DDP,3613,11,2026-02-26,2026-06-16
QT-001334,QX-BAK-899,SUP-122,TRY,49.4960,CIF,1172,8,2025-12-13,2026-07-23
QT-001335,QX-BAK-899,SUP-139,TRY,39.0488,FOB,3214,14,2025-11-24,2026-11-04
QT-001336,QX-PRO-906,SUP-122,TRY,25.1851,CIF,1025,22,2026-02-27,2026-10-29
QT-001337,QX-PRO-906,SUP-117,GBP,0.5582,DDP,2338,26,2025-12-02,2026-12-03
QT-001338,QX-PRO-906,SUP-105,GBP,0.4947,DDP,827,22,2025-10-16,2026-08-14
QT-001339,QX-PRO-906,SUP-141,GHS,10.0835,EXW,3945,23,2025-10-13,2026-10-06
QT-001340,QX-DRK-910,SUP-124,EUR,2.1580,EXW,2875,5,2026-03-07,2026-09-16
QT-001341,QX-DRK-910,SUP-110,GBP,2.3147,DDP,636,18,2025-12-23,2026-11-29
QT-001342,QX-DRK-910,SUP-129,KES,301.8572,FOB,3624,45,2025-10-13,2026-04-24
QT-001343,QX-DRK-910,SUP-112,GBP,2.2818,DDP,3199,22,2026-01-08,2026-06-15
QT-001344,QX-BAK-913,SUP-124,EUR,4.5082,EXW,3865,41,2026-03-07,2026-05-25
QT-001345,QX-BAK-913,SUP-117,GBP,3.1211,DDP,1385,31,2025-10-12,2026-05-24
QT-001346,QX-DRY-914,SUP-100,GBP,3.3496,DDP,3414,33,2025-10-09,2026-06-13
QT-001347,QX-DRY-914,SUP-116,GBP,3.9092,DDP,4033,2,2025-12-14,2026-10-23
QT-001348,QX-DRY-914,SUP-140,USD,3.8622,FOB,3601,34,2025-12-04,2026-08-21
QT-001349,QX-PET-916,SUP-105,GBP,3.0783,DDP,548,23,2026-02-21,2026-04-24
QT-001350,QX-PET-916,SUP-119,VND,64861.7401,CIF,2883,11,2025-10-11,2026-07-20
QT-001351,QX-TIN-926,SUP-131,VND,9956.0684,FOB,1237,26,2025-12-22,2026-12-12
QT-001352,QX-TIN-926,SUP-124,EUR,0.3986,EXW,1037,6,2025-10-08,2026-08-02
QT-001353,QX-TIN-926,SUP-116,GBP,0.3780,DDP,3962,29,2026-02-17,2026-06-20
QT-001354,QX-BAK-929,SUP-115,GBP,1.4633,DDP,4618,23,2025-12-10,2026-06-16
QT-001355,QX-BAK-929,SUP-129,KES,374.8994,FOB,4316,8,2025-09-28,2026-12-04
QT-001356,QX-BAK-929,SUP-110,GBP,2.1486,DDP,4615,17,2026-01-09,2026-08-27
QT-001357,QX-TIN-933,SUP-120,VND,20776.1689,FOB,3365,11,2026-01-16,2026-10-25
QT-001358,QX-TIN-933,SUP-139,TRY,31.5047,FOB,332,8,2025-09-28,2026-05-09
QT-001359,QX-HHD-937,SUP-110,GBP,8.0503,DDP,2038,26,2025-10-16,2026-04-26
QT-001360,QX-HHD-937,SUP-102,GBP,5.8305,DDP,4792,46,2025-10-23,2026-10-31
QT-001361,QX-CER-941,SUP-126,TRY,88.0984,DDP,3699,26,2026-02-24,2026-09-09
QT-001362,QX-CER-941,SUP-102,GBP,2.1455,DDP,1596,9,2026-02-06,2026-11-28
QT-001363,QX-CER-941,SUP-117,GBP,1.4579,DDP,1137,39,2025-10-20,2026-05-19
QT-001364,QX-CER-941,SUP-125,GHS,22.6234,EXW,3012,12,2025-12-01,2026-09-11
QT-001365,QX-CHL-946,SUP-121,PLN,57.0960,EXW,2797,35,2025-11-09,2026-07-12
QT-001366,QX-CHL-946,SUP-104,GBP,9.0703,DDP,3655,10,2025-10-30,2026-05-25
QT-001367,QX-CHL-946,SUP-136,EUR,9.3388,FOB,3104,11,2026-02-16,2026-04-25
QT-001368,QX-CHL-946,SUP-101,GBP,11.8767,DDP,2001,8,2026-01-20,2026-09-25
QT-001369,QX-HBC-948,SUP-104,GBP,2.6079,DDP,504,18,2025-12-06,2026-11-22
QT-001370,QX-HBC-948,SUP-116,GBP,2.7482,DDP,2597,26,2026-02-14,2026-09-19
QT-001371,QX-PRO-952,SUP-139,TRY,38.1374,FOB,1232,6,2025-10-28,2026-07-13
QT-001372,QX-PRO-952,SUP-140,USD,1.0772,FOB,1406,11,2025-12-23,2026-09-25
QT-001373,QX-PRO-959,SUP-131,VND,89360.9942,FOB,4178,37,2025-10-22,2026-09-21
QT-001374,QX-PRO-959,SUP-103,GBP,2.2559,DDP,4418,34,2025-11-06,2026-09-21
QT-001375,QX-PRO-959,SUP-116,GBP,2.7342,DDP,4191,17,2026-01-01,2026-08-29
QT-001376,QX-PRO-959,SUP-110,GBP,3.3426,DDP,3864,35,2025-12-19,2026-08-18
QT-001377,QX-HBC-973,SUP-139,TRY,241.5485,FOB,3140,32,2026-01-29,2026-05-06
QT-001378,QX-HBC-973,SUP-136,EUR,4.9670,FOB,3827,38,2026-01-12,2026-07-19
QT-001379,QX-HBC-973,SUP-116,GBP,5.9913,DDP,3893,30,2025-10-11,2026-09-28
QT-001380,QX-HBC-973,SUP-125,GHS,92.1752,EXW,3310,13,2026-02-26,2026-07-08
QT-001381,QX-DRK-974,SUP-109,GBP,1.2271,DDP,1566,34,2025-10-28,2026-06-16
QT-001382,QX-DRK-974,SUP-118,DKK,9.9230,CIF,374,13,2026-02-01,2026-09-19
QT-001383,QX-TIN-976,SUP-108,GBP,1.2327,DDP,4486,35,2026-02-19,2026-05-23
QT-001384,QX-TIN-976,SUP-113,GBP,1.4972,DDP,421,36,2026-02-12,2026-11-08
QT-001385,QX-TIN-976,SUP-117,GBP,1.0700,DDP,4420,18,2026-01-31,2026-11-19
QT-001386,QX-BWS-977,SUP-131,VND,523950.6138,FOB,2485,16,2025-11-30,2026-06-24
QT-001387,QX-BWS-977,SUP-101,GBP,11.1978,DDP,147,29,2025-09-14,2026-06-09
QT-001388,QX-FRZ-981,SUP-121,PLN,12.2373,EXW,3789,43,2025-09-28,2026-07-02
QT-001389,QX-FRZ-981,SUP-119,VND,79230.5391,CIF,4786,30,2025-12-11,2026-12-02
QT-001390,QX-DRY-982,SUP-113,GBP,0.5256,DDP,2814,18,2026-01-01,2026-10-25
QT-001391,QX-DRY-982,SUP-136,EUR,0.4159,FOB,3961,15,2025-11-04,2026-09-06
QT-001392,QX-DRY-982,SUP-109,GBP,0.4572,DDP,935,27,2026-02-09,2026-10-09
QT-001393,QX-DRY-982,SUP-105,GBP,0.3545,DDP,4213,13,2025-09-26,2026-09-11
QT-001394,QX-FRZ-983,SUP-139,TRY,61.9644,FOB,4719,18,2026-02-13,2026-11-02
QT-001395,QX-FRZ-983,SUP-130,MAD,23.0377,EXW,1090,11,2025-10-10,2026-07-26
QT-001396,QX-FRZ-983,SUP-107,GBP,1.5881,DDP,3014,39,2026-02-19,2026-11-09
QT-001397,QX-FRZ-983,SUP-123,KES,234.8661,FOB,2217,28,2025-10-18,2026-08-09
QT-001398,QX-DRY-986,SUP-107,GBP,1.4046,DDP,3294,19,2025-11-11,2026-05-02
QT-001399,QX-DRY-986,SUP-140,USD,1.7825,FOB,1256,14,2025-12-22,2026-08-20
QT-001400,QX-DRY-986,SUP-134,EUR,1.4726,CIF,3545,16,2025-12-16,2026-10-29
QT-001401,QX-CER-987,SUP-141,GHS,21.5349,EXW,4009,36,2026-01-11,2026-07-19
QT-001402,QX-CER-987,SUP-128,KES,229.2352,FOB,4511,14,2026-01-12,2026-07-23
QT-001403,QX-CER-987,SUP-129,KES,228.5079,FOB,1016,11,2025-11-02,2026-09-09
QT-001404,QX-BWS-992,SUP-124,EUR,21.4698,EXW,2681,38,2025-10-04,2026-06-19
QT-001405,QX-BWS-992,SUP-123,KES,2395.4566,FOB,3144,34,2025-12-08,2026-10-13
QT-001406,QX-BWS-992,SUP-130,MAD,181.8481,EXW,2467,32,2026-02-07,2026-06-04
QT-001407,QX-BWS-992,SUP-118,DKK,143.2582,CIF,2652,13,2025-09-24,2026-11-02
QT-001408,QX-CER-993,SUP-108,GBP,1.8480,DDP,2928,44,2025-11-17,2026-06-03
QT-001409,QX-CER-993,SUP-103,GBP,2.1586,DDP,4435,28,2025-09-19,2026-08-09
QT-001410,QX-CER-993,SUP-133,EUR,1.8366,EXW,3166,16,2025-10-10,2026-05-31
QT-001411,QX-TIN-995,SUP-139,TRY,49.6713,FOB,4767,13,2025-11-26,2026-05-09
QT-001412,QX-TIN-995,SUP-135,EUR,1.6515,FOB,1781,33,2026-03-07,2026-07-11
QT-001413,QX-TIN-995,SUP-117,GBP,1.1296,DDP,2650,4,2025-10-19,2026-07-21
QT-001414,QX-TIN-995,SUP-120,VND,44010.6791,FOB,3661,30,2025-10-29,2026-08-12
QT-001415,QX-CER-999,SUP-116,GBP,2.2579,DDP,3120,23,2025-11-19,2026-09-15
QT-001416,QX-CER-999,SUP-132,TRY,100.3609,EXW,3623,27,2025-12-21,2026-06-19
QT-001417,QX-CER-999,SUP-110,GBP,2.4440,DDP,4160,24,2025-11-02,2026-04-28
QT-001418,QX-CER-999,SUP-108,GBP,2.3662,DDP,834,22,2025-10-10,2026-10-13
QT-001419,QX-CHL-010,SUP-134,EUR,3.1091,CIF,117,45,2025-10-29,2026-06-25
QT-001420,QX-CHL-010,SUP-122,TRY,170.7823,CIF,2880,23,2025-11-09,2026-09-16
QT-001421,QX-CHL-010,SUP-116,GBP,3.9727,DDP,1571,6,2026-01-14,2026-09-01
QT-001422,QX-FRZ-019,SUP-125,GHS,19.7697,EXW,4009,35,2025-10-31,2026-08-18
QT-001423,QX-PRO-026,SUP-116,GBP,1.6801,DDP,191,12,2026-02-27,2026-10-04
QT-001424,QX-PRO-026,SUP-100,GBP,1.8261,DDP,2142,42,2025-12-17,2026-08-23
QT-001425,QX-PRO-026,SUP-118,DKK,13.2133,CIF,4539,21,2025-12-31,2026-06-10
QT-001426,QX-PRO-026,SUP-103,GBP,1.7446,DDP,2965,15,2026-01-03,2026-11-03
QT-001427,QX-HBC-031,SUP-101,GBP,6.3452,DDP,276,33,2025-10-31,2026-05-31
QT-001428,QX-HBC-031,SUP-120,VND,199982.1332,FOB,879,19,2026-01-24,2026-06-01
QT-001429,QX-BAK-036,SUP-125,GHS,32.6254,EXW,2721,28,2026-03-07,2026-12-05
QT-001430,QX-BAK-036,SUP-108,GBP,2.5986,DDP,1612,39,2025-12-11,2026-11-22
QT-001431,QX-TIN-038,SUP-103,GBP,0.9967,DDP,838,44,2025-12-07,2026-07-29
QT-001432,QX-TIN-038,SUP-126,TRY,33.7187,DDP,1669,39,2025-11-23,2026-10-25
QT-001433,QX-TIN-038,SUP-118,DKK,8.2815,CIF,2465,21,2025-10-14,2026-07-13
QT-001434,QX-HBC-040,SUP-135,EUR,4.1989,FOB,4165,10,2025-09-16,2026-12-09
QT-001435,QX-HBC-040,SUP-131,VND,127375.8605,FOB,160,18,2025-10-14,2026-09-04
QT-001436,QX-HBC-040,SUP-104,GBP,2.7883,DDP,729,2,2026-01-12,2026-11-22
QT-001437,QX-HBC-040,SUP-118,DKK,24.0435,CIF,684,35,2025-11-24,2026-11-13
QT-001438,QX-DRY-041,SUP-125,GHS,54.6016,EXW,4605,16,2026-02-21,2026-06-11
QT-001439,QX-DRY-041,SUP-123,KES,449.0838,FOB,3016,22,2025-12-19,2026-07-16
QT-001440,QX-DRY-041,SUP-107,GBP,3.1914,DDP,3153,31,2025-10-20,2026-06-10
QT-001441,QX-DRY-041,SUP-108,GBP,3.9062,DDP,1395,21,2026-01-14,2026-09-19
QT-001442,QX-CER-047,SUP-115,GBP,1.2078,DDP,193,20,2026-03-03,2026-04-24
QT-001443,QX-CER-047,SUP-125,GHS,17.1537,EXW,1708,14,2026-02-14,2026-10-20
QT-001444,QX-FRZ-056,SUP-114,GBP,1.5252,DDP,1145,31,2025-11-09,2026-06-30
QT-001445,QX-FRZ-056,SUP-134,EUR,1.7283,CIF,3580,19,2025-10-31,2026-07-05
QT-001446,QX-FRZ-057,SUP-109,GBP,4.3471,DDP,1573,23,2025-11-08,2026-04-24
QT-001447,QX-FRZ-057,SUP-129,KES,486.0287,FOB,4494,17,2026-01-30,2026-04-24
QT-001448,QX-FRZ-057,SUP-102,GBP,3.6412,DDP,890,31,2026-02-11,2026-08-25
QT-001449,QX-FRZ-057,SUP-114,GBP,4.3526,DDP,1708,36,2026-02-01,2026-12-13
QT-001450,QX-FRZ-060,SUP-106,GBP,3.3085,DDP,1375,5,2026-03-07,2026-05-24
QT-001451,QX-FRZ-060,SUP-117,GBP,4.3263,DDP,2929,10,2025-11-20,2026-10-17
QT-001452,QX-FRZ-060,SUP-116,GBP,4.9869,DDP,2450,18,2025-11-15,2026-11-19
QT-001453,QX-HHD-063,SUP-106,GBP,2.9624,DDP,2740,21,2026-01-30,2026-04-24
QT-001454,QX-HHD-063,SUP-118,DKK,31.8907,CIF,3806,7,2025-12-18,2026-08-31
QT-001455,QX-HHD-063,SUP-122,TRY,101.2808,CIF,627,17,2025-12-07,2026-04-25
QT-001456,QX-FRZ-064,SUP-123,KES,307.6525,FOB,2294,41,2025-12-24,2026-11-08
QT-001457,QX-FRZ-064,SUP-126,TRY,59.7753,DDP,2224,23,2026-01-06,2026-11-23
QT-001458,QX-DRY-070,SUP-122,TRY,165.4573,CIF,683,21,2025-10-30,2026-08-05
QT-001459,QX-DRY-070,SUP-111,GBP,4.2037,DDP,3499,9,2025-10-08,2026-10-15
QT-001460,QX-DRY-070,SUP-107,GBP,4.1702,DDP,81,16,2025-10-15,2026-06-14
QT-001461,QX-DRY-075,SUP-115,GBP,4.2304,DDP,2865,18,2025-10-20,2026-09-28
QT-001462,QX-DRY-075,SUP-140,USD,6.0450,FOB,2006,37,2026-01-21,2026-08-06
QT-001463,QX-DRY-075,SUP-104,GBP,3.4203,DDP,3283,21,2025-12-28,2026-10-14
QT-001464,QX-DRY-075,SUP-106,GBP,3.9098,DDP,3082,14,2026-02-24,2026-11-20
QT-001465,QX-DRK-076,SUP-116,GBP,2.1409,DDP,1102,43,2025-09-18,2026-07-12
QT-001466,QX-DRK-076,SUP-130,MAD,30.8975,EXW,515,12,2026-01-11,2026-07-16
QT-001467,QX-DRK-076,SUP-100,GBP,2.1614,DDP,3876,36,2025-10-14,2026-07-01
QT-001468,QX-DRK-076,SUP-105,GBP,2.6098,DDP,1164,32,2026-01-31,2026-09-04
QT-001469,QX-BWS-081,SUP-117,GBP,3.9522,DDP,2647,26,2025-11-29,2026-08-06
QT-001470,QX-BWS-081,SUP-121,PLN,25.3654,EXW,4143,46,2025-09-20,2026-09-29
QT-001471,QX-BWS-081,SUP-132,TRY,201.5047,EXW,2337,13,2026-01-07,2026-06-08
QT-001472,QX-BWS-081,SUP-111,GBP,6.0940,DDP,1814,22,2026-03-05,2026-07-08
QT-001473,QX-DRY-084,SUP-135,EUR,0.6454,FOB,3193,4,2025-09-28,2026-07-12
QT-001474,QX-DRY-084,SUP-123,KES,61.9004,FOB,2268,8,2026-01-21,2026-07-07
QT-001475,QX-BWS-087,SUP-115,GBP,10.5267,DDP,2485,7,2026-02-11,2026-07-13
QT-001476,QX-BWS-087,SUP-134,EUR,14.8717,CIF,2222,3,2025-10-02,2026-07-09
QT-001477,QX-BWS-087,SUP-126,TRY,483.9022,DDP,4610,33,2026-02-24,2026-06-29
QT-001478,QX-CER-093,SUP-106,GBP,2.9856,DDP,4529,29,2025-11-10,2026-10-22
QT-001479,QX-CER-093,SUP-124,EUR,2.3159,EXW,4437,28,2025-11-11,2026-09-02
QT-001480,QX-HHD-100,SUP-129,KES,704.7864,FOB,3779,32,2026-01-24,2026-08-06
QT-001481,QX-HHD-100,SUP-127,TRY,201.1882,DDP,3620,5,2025-10-28,2026-11-05
QT-001482,QX-HBC-107,SUP-115,GBP,3.9420,DDP,236,7,2025-11-21,2026-10-02
QT-001483,QX-HBC-107,SUP-137,EUR,3.8418,FOB,2864,39,2025-12-07,2026-10-29
QT-001484,QX-HBC-107,SUP-119,VND,107839.9059,CIF,3215,19,2026-02-15,2026-11-06
QT-001485,QX-DRK-113,SUP-137,EUR,2.3805,FOB,1698,33,2025-12-03,2026-06-16
QT-001486,QX-DRK-113,SUP-108,GBP,2.2036,DDP,3992,26,2025-12-26,2026-08-24
QT-001487,QX-DRK-113,SUP-138,VND,76486.6908,CIF,161,30,2025-12-02,2026-04-30
QT-001488,QX-HHD-117,SUP-115,GBP,7.1992,DDP,2126,26,2026-02-23,2026-11-10
QT-001489,QX-HHD-117,SUP-113,GBP,6.4902,DDP,4751,24,2025-11-06,2026-09-21
QT-001490,QX-TIN-122,SUP-137,EUR,1.5394,FOB,695,5,2025-09-26,2026-09-08
QT-001491,QX-TIN-122,SUP-123,KES,278.7346,FOB,4138,15,2026-03-02,2026-07-27
QT-001492,QX-HBC-125,SUP-118,DKK,67.3470,CIF,3545,40,2025-12-07,2026-08-16
QT-001493,QX-HBC-125,SUP-124,EUR,10.2955,EXW,1593,45,2026-01-23,2026-11-03
QT-001494,QX-HBC-125,SUP-110,GBP,7.9552,DDP,3676,9,2025-12-01,2026-06-19
QT-001495,QX-DRY-126,SUP-103,GBP,1.2596,DDP,1235,23,2025-11-18,2026-06-24
QT-001496,QX-DRY-126,SUP-124,EUR,1.5741,EXW,4316,35,2025-10-11,2026-10-08
QT-001497,QX-DRY-126,SUP-125,GHS,20.3013,EXW,930,38,2025-12-27,2026-10-15
QT-001498,QX-DRY-126,SUP-122,TRY,67.2845,CIF,625,21,2026-03-11,2026-11-20
QT-001499,QX-DRK-130,SUP-134,EUR,1.9795,CIF,818,29,2025-10-29,2026-05-13
QT-001500,QX-DRK-130,SUP-113,GBP,1.2780,DDP,4016,5,2025-12-21,2026-10-18
QT-001501,QX-DRK-130,SUP-121,PLN,6.6092,EXW,4704,15,2026-02-15,2026-10-27
QT-001502,QX-DRK-130,SUP-119,VND,46145.2158,CIF,1392,36,2025-10-01,2026-08-07
QT-001503,QX-CHL-136,SUP-134,EUR,2.6481,CIF,3704,32,2025-11-02,2026-07-02
QT-001504,QX-CHL-136,SUP-136,EUR,2.4857,FOB,1858,31,2025-11-03,2026-12-13
QT-001505,QX-CHL-136,SUP-132,TRY,69.7408,EXW,3255,29,2026-02-15,2026-09-13
QT-001506,QX-CHL-136,SUP-102,GBP,2.6119,DDP,4778,39,2026-01-18,2026-07-17
QT-001507,QX-BWS-138,SUP-122,TRY,418.0817,CIF,3250,3,2025-10-24,2026-09-01
QT-001508,QX-BWS-138,SUP-139,TRY,290.2218,FOB,75,26,2025-12-24,2026-11-28
QT-001509,QX-BWS-138,SUP-119,VND,266739.1462,CIF,4682,40,2025-12-12,2026-06-13
QT-001510,QX-HBC-148,SUP-119,VND,273920.8763,CIF,1688,19,2025-11-02,2026-04-22
QT-001511,QX-HBC-148,SUP-107,GBP,8.0855,DDP,4501,41,2025-11-23,2026-08-19
QT-001512,QX-HBC-148,SUP-117,GBP,7.3523,DDP,72,44,2026-02-06,2026-07-26
QT-001513,QX-HBC-148,SUP-113,GBP,9.1437,DDP,285,35,2026-01-28,2026-04-22
QT-001514,QX-PRO-150,SUP-129,KES,148.3360,FOB,1133,31,2025-09-18,2026-10-15
QT-001515,QX-PRO-150,SUP-107,GBP,1.1947,DDP,3242,12,2026-01-17,2026-04-22
QT-001516,QX-DRK-152,SUP-117,GBP,2.0272,DDP,2888,26,2025-11-25,2026-06-30
QT-001517,QX-DRK-152,SUP-135,EUR,1.8313,FOB,4030,8,2026-03-06,2026-10-25
QT-001518,QX-TIN-159,SUP-127,TRY,54.2374,DDP,2145,7,2025-11-20,2026-09-03
QT-001519,QX-TIN-159,SUP-106,GBP,0.9780,DDP,299,6,2026-02-02,2026-09-26
QT-001520,QX-TIN-159,SUP-101,GBP,1.4436,DDP,174,13,2025-11-11,2026-09-24
QT-001521,QX-FRZ-161,SUP-106,GBP,4.5398,DDP,1727,45,2025-10-02,2026-08-28
QT-001522,QX-FRZ-161,SUP-133,EUR,4.8776,EXW,283,46,2026-01-20,2026-09-01
QT-001523,QX-FRZ-161,SUP-136,EUR,4.8198,FOB,152,36,2025-11-29,2026-08-23
QT-001524,QX-PRO-171,SUP-121,PLN,9.8612,EXW,476,32,2026-02-16,2026-05-28
QT-001525,QX-PRO-171,SUP-124,EUR,1.8777,EXW,4507,3,2025-11-11,2026-06-25
QT-001526,QX-DRY-183,SUP-113,GBP,0.9755,DDP,1540,18,2025-12-04,2026-10-08
QT-001527,QX-DRY-183,SUP-110,GBP,1.1263,DDP,1155,43,2026-02-07,2026-10-11
QT-001528,QX-BAK-184,SUP-114,GBP,4.2140,DDP,1180,9,2025-10-19,2026-09-19
QT-001529,QX-BAK-184,SUP-122,TRY,158.6081,CIF,4211,37,2025-10-25,2026-08-18
QT-001530,QX-DRY-191,SUP-135,EUR,2.9142,FOB,1227,40,2026-02-08,2026-05-11
QT-001531,QX-DRY-191,SUP-119,VND,63892.1467,CIF,1592,43,2025-11-18,2026-05-27
QT-001532,QX-HHD-203,SUP-100,GBP,7.2987,DDP,3963,28,2026-01-07,2026-09-22
QT-001533,QX-HHD-203,SUP-119,VND,176570.5786,CIF,3594,27,2026-01-30,2026-09-02
QT-001534,QX-HHD-203,SUP-123,KES,1043.9943,FOB,554,44,2025-12-06,2026-12-16
QT-001535,QX-HHD-203,SUP-135,EUR,7.7883,FOB,1139,3,2025-10-25,2026-10-21
QT-001536,QX-HHD-206,SUP-116,GBP,2.3477,DDP,3401,35,2025-10-26,2026-06-01
QT-001537,QX-HHD-206,SUP-121,PLN,11.6519,EXW,1114,39,2026-01-25,2026-09-04
QT-001538,QX-CHL-207,SUP-139,TRY,79.1088,FOB,1885,8,2025-12-10,2026-12-10
QT-001539,QX-CHL-207,SUP-100,GBP,1.4877,DDP,4092,16,2026-02-15,2026-04-27
QT-001540,QX-HBC-208,SUP-116,GBP,1.2905,DDP,3365,20,2026-03-07,2026-11-24
QT-001541,QX-HBC-208,SUP-120,VND,36771.5918,FOB,4314,6,2025-12-12,2026-08-25
QT-001542,QX-HBC-208,SUP-115,GBP,1.0743,DDP,3113,23,2025-12-19,2026-08-15
QT-001543,QX-TIN-210,SUP-105,GBP,0.4598,DDP,2245,16,2025-12-07,2026-09-25
QT-001544,QX-TIN-210,SUP-123,KES,69.8188,FOB,1780,20,2026-02-02,2026-10-21
QT-001545,QX-TIN-210,SUP-106,GBP,0.5194,DDP,3275,3,2026-01-29,2026-08-14
QT-001546,QX-CER-213,SUP-100,GBP,1.8782,DDP,4732,38,2026-01-27,2026-11-19
QT-001547,QX-CER-213,SUP-132,TRY,70.6457,EXW,1372,8,2026-03-11,2026-07-04
QT-001548,QX-DRY-224,SUP-107,GBP,3.5404,DDP,2408,38,2026-03-02,2026-08-02
QT-001549,QX-DRY-224,SUP-128,KES,560.0806,FOB,687,19,2025-12-17,2026-10-29
QT-001550,QX-CER-228,SUP-121,PLN,10.0042,EXW,1693,8,2025-12-12,2026-11-12
QT-001551,QX-CER-228,SUP-110,GBP,2.0370,DDP,1116,24,2025-12-03,2026-11-05
QT-001552,QX-CER-228,SUP-118,DKK,16.9365,CIF,2773,33,2026-01-26,2026-10-14
QT-001553,QX-HHD-238,SUP-132,TRY,38.1047,EXW,1763,43,2026-02-15,2026-11-04
QT-001554,QX-HHD-238,SUP-141,GHS,22.8915,EXW,2462,36,2025-11-03,2026-05-17
QT-001555,QX-CHL-242,SUP-115,GBP,8.6258,DDP,921,12,2026-01-03,2026-06-02
QT-001556,QX-CHL-242,SUP-114,GBP,9.7621,DDP,3230,43,2026-02-08,2026-09-24
QT-001557,QX-HHD-249,SUP-136,EUR,3.0076,FOB,1672,3,2025-10-26,2026-06-14
QT-001558,QX-HHD-249,SUP-138,VND,105217.4633,CIF,2834,44,2025-12-15,2026-05-26
QT-001559,QX-HHD-249,SUP-127,TRY,108.4316,DDP,4761,19,2025-10-17,2026-10-13
QT-001560,QX-HHD-249,SUP-118,DKK,25.0713,CIF,4176,29,2025-12-08,2026-12-15
QT-001561,QX-CHL-253,SUP-103,GBP,4.8835,DDP,4575,26,2025-09-17,2026-10-26
QT-001562,QX-CHL-253,SUP-120,VND,123640.9604,FOB,2580,42,2025-12-10,2026-06-16
QT-001563,QX-CHL-253,SUP-139,TRY,211.0041,FOB,1364,41,2025-12-04,2026-08-08
QT-001564,QX-TIN-257,SUP-116,GBP,1.7254,DDP,1449,4,2025-12-11,2026-05-08
QT-001565,QX-TIN-257,SUP-135,EUR,1.3576,FOB,112,42,2025-12-23,2026-06-07
QT-001566,QX-TIN-257,SUP-127,TRY,55.8408,DDP,4203,23,2025-12-15,2026-11-26
QT-001567,QX-DRK-259,SUP-130,MAD,29.1247,EXW,1716,17,2025-10-30,2026-11-03
QT-001568,QX-DRK-259,SUP-106,GBP,3.4053,DDP,4559,42,2025-12-03,2026-06-04
QT-001569,QX-DRK-259,SUP-125,GHS,59.1528,EXW,3934,29,2026-01-07,2026-09-01
QT-001570,QX-FRZ-262,SUP-114,GBP,4.0076,DDP,1376,20,2025-11-09,2026-11-29
QT-001571,QX-FRZ-262,SUP-131,VND,127586.4710,FOB,1371,15,2025-10-01,2026-10-12
QT-001572,QX-PET-269,SUP-106,GBP,4.7212,DDP,728,43,2026-01-14,2026-06-23
QT-001573,QX-PET-269,SUP-133,EUR,4.7631,EXW,1187,45,2026-02-11,2026-11-12
QT-001574,QX-PET-269,SUP-138,VND,130868.2766,CIF,2967,34,2025-11-17,2026-10-01
QT-001575,QX-DRY-274,SUP-130,MAD,44.5289,EXW,3762,9,2026-02-09,2026-09-07
QT-001576,QX-DRY-274,SUP-134,EUR,4.7780,CIF,3607,29,2025-11-15,2026-08-15
QT-001577,QX-CER-276,SUP-121,PLN,10.5244,EXW,887,25,2025-12-15,2026-06-25
QT-001578,QX-CER-276,SUP-133,EUR,2.7283,EXW,3203,44,2025-09-16,2026-04-21
QT-001579,QX-DRY-282,SUP-114,GBP,2.6151,DDP,3169,38,2026-01-15,2026-08-27
QT-001580,QX-DRY-282,SUP-104,GBP,3.7193,DDP,4700,22,2025-11-28,2026-12-16
QT-001581,QX-DRY-282,SUP-130,MAD,38.8626,EXW,3553,5,2026-01-18,2026-06-11
QT-001582,QX-PET-284,SUP-102,GBP,4.0021,DDP,4644,15,2026-01-24,2026-11-26
QT-001583,QX-PET-284,SUP-137,EUR,4.0081,FOB,4710,45,2025-12-11,2026-08-25
QT-001584,QX-PET-284,SUP-133,EUR,3.7356,EXW,3211,44,2025-11-08,2026-08-07
QT-001585,QX-CER-285,SUP-141,GHS,12.1700,EXW,4743,20,2026-02-08,2026-10-10
QT-001586,QX-CER-285,SUP-117,GBP,1.0182,DDP,2247,32,2025-09-18,2026-08-05
QT-001587,QX-CER-285,SUP-127,TRY,43.1867,DDP,1071,37,2025-11-27,2026-07-30
QT-001588,QX-HHD-286,SUP-117,GBP,4.5178,DDP,2935,6,2026-03-06,2026-11-25
QT-001589,QX-HHD-286,SUP-124,EUR,4.4229,EXW,2613,39,2026-02-20,2026-11-12
QT-001590,QX-CER-288,SUP-100,GBP,0.8518,DDP,786,39,2026-01-31,2026-08-30
QT-001591,QX-CER-288,SUP-130,MAD,10.5147,EXW,4218,6,2026-02-05,2026-04-28
QT-001592,QX-CER-288,SUP-139,TRY,34.9063,FOB,4630,39,2025-12-28,2026-08-24
QT-001593,QX-CER-288,SUP-102,GBP,0.7869,DDP,1304,18,2026-01-16,2026-09-16
QT-001594,QX-FRZ-290,SUP-123,KES,654.4146,FOB,537,18,2026-02-03,2026-07-26
QT-001595,QX-FRZ-290,SUP-118,DKK,44.4783,CIF,1537,12,2026-02-07,2026-07-11
QT-001596,QX-FRZ-290,SUP-101,GBP,3.9503,DDP,1123,19,2026-01-13,2026-11-21
QT-001597,QX-HHD-295,SUP-119,VND,50721.7298,CIF,419,25,2025-11-23,2026-10-15
QT-001598,QX-HHD-295,SUP-107,GBP,1.7543,DDP,1174,37,2025-12-30,2026-05-15
QT-001599,QX-HHD-295,SUP-110,GBP,2.1673,DDP,2250,45,2025-10-31,2026-11-22
QT-001600,QX-HHD-295,SUP-132,TRY,62.2486,EXW,4242,7,2026-02-28,2026-08-24
QT-001601,QX-CER-296,SUP-115,GBP,1.2915,DDP,3895,13,2025-09-30,2026-05-09
QT-001602,QX-CER-296,SUP-138,VND,32423.0462,CIF,4224,9,2025-11-21,2026-06-05
QT-001603,QX-CER-296,SUP-107,GBP,1.1193,DDP,2579,37,2026-03-08,2026-12-07
QT-001604,QX-TIN-298,SUP-100,GBP,1.2658,DDP,3018,13,2025-10-06,2026-10-20
QT-001605,QX-TIN-298,SUP-140,USD,1.4838,FOB,328,26,2025-12-09,2026-11-03
QT-001606,QX-TIN-298,SUP-130,MAD,20.6382,EXW,3871,29,2025-10-31,2026-08-20
QT-001607,QX-BWS-300,SUP-116,GBP,7.5086,DDP,3133,7,2025-11-04,2026-10-23
QT-001608,QX-BWS-300,SUP-125,GHS,81.0862,EXW,1181,42,2025-11-02,2026-07-10
QT-001609,QX-BWS-300,SUP-131,VND,180275.0466,FOB,1264,36,2025-12-24,2026-08-23
QT-001610,QX-DRY-305,SUP-102,GBP,0.6827,DDP,2773,14,2025-10-13,2026-09-15
QT-001611,QX-DRY-305,SUP-127,TRY,22.3053,DDP,603,33,2025-12-02,2026-05-23
QT-001612,QX-DRY-305,SUP-105,GBP,0.4648,DDP,4349,4,2026-03-03,2026-07-20
QT-001613,QX-PRO-306,SUP-115,GBP,2.2668,DDP,3741,10,2025-10-07,2026-10-23
QT-001614,QX-PRO-306,SUP-122,TRY,86.2741,CIF,1792,39,2025-11-26,2026-07-07
QT-001615,QX-PRO-306,SUP-109,GBP,1.9572,DDP,725,8,2025-11-18,2026-05-01
QT-001616,QX-PRO-306,SUP-136,EUR,1.9368,FOB,3020,16,2025-12-28,2026-12-08
QT-001617,QX-HBC-307,SUP-130,MAD,71.9484,EXW,2507,28,2025-10-11,2026-05-23
QT-001618,QX-HBC-307,SUP-136,EUR,5.9603,FOB,682,3,2025-09-21,2026-07-30
QT-001619,QX-HBC-307,SUP-139,TRY,208.5252,FOB,2108,23,2025-09-27,2026-04-21
QT-001620,QX-BWS-311,SUP-129,KES,2580.1943,FOB,3978,24,2026-01-27,2026-11-08
QT-001621,QX-BWS-311,SUP-113,GBP,25.3109,DDP,2574,22,2025-09-27,2026-11-07
QT-001622,QX-DRK-312,SUP-133,EUR,0.4999,EXW,2275,39,2026-03-04,2026-04-28
QT-001623,QX-DRK-312,SUP-136,EUR,0.5239,FOB,3758,35,2025-10-05,2026-06-22
QT-001624,QX-DRK-312,SUP-126,TRY,17.1088,DDP,3973,26,2026-01-29,2026-11-15
QT-001625,QX-DRK-312,SUP-134,EUR,0.5571,CIF,457,9,2025-12-17,2026-09-30
QT-001626,QX-BAK-316,SUP-108,GBP,3.3542,DDP,2491,11,2025-11-06,2026-07-16
QT-001627,QX-BAK-316,SUP-119,VND,96586.9746,CIF,2651,11,2025-11-09,2026-11-14
QT-001628,QX-DRY-324,SUP-113,GBP,1.2502,DDP,2110,24,2026-01-12,2026-04-29
QT-001629,QX-DRY-324,SUP-129,KES,176.3361,FOB,3295,35,2025-10-07,2026-12-11
QT-001630,QX-DRY-324,SUP-123,KES,188.2586,FOB,1887,32,2025-10-30,2026-06-10
QT-001631,QX-CHL-328,SUP-105,GBP,7.8526,DDP,3545,10,2025-11-11,2026-09-05
QT-001632,QX-CHL-328,SUP-128,KES,1208.1889,FOB,3008,24,2025-12-10,2026-09-19
QT-001633,QX-CHL-328,SUP-134,EUR,8.7399,CIF,4394,6,2025-11-23,2026-08-07
QT-001634,QX-DRK-330,SUP-139,TRY,56.0473,FOB,3665,30,2025-09-20,2026-07-13
QT-001635,QX-DRK-330,SUP-129,KES,245.1462,FOB,1363,16,2025-09-28,2026-08-13
QT-001636,QX-DRK-330,SUP-126,TRY,60.3399,DDP,1009,34,2025-10-21,2026-07-21
QT-001637,QX-BWS-333,SUP-130,MAD,246.4355,EXW,1094,35,2026-01-01,2026-07-07
QT-001638,QX-BWS-333,SUP-129,KES,2775.5567,FOB,820,22,2025-10-03,2026-08-29
QT-001639,QX-PET-335,SUP-106,GBP,2.4256,DDP,1297,43,2026-02-25,2026-10-09
QT-001640,QX-PET-335,SUP-110,GBP,2.4935,DDP,1469,42,2025-11-08,2026-06-02
QT-001641,QX-PET-335,SUP-104,GBP,1.6842,DDP,3532,8,2026-02-07,2026-05-28
QT-001642,QX-PET-335,SUP-133,EUR,2.5753,EXW,2767,18,2025-11-06,2026-09-27
QT-001643,QX-CER-337,SUP-135,EUR,1.7408,FOB,3498,45,2026-02-19,2026-05-11
QT-001644,QX-CER-337,SUP-133,EUR,2.0977,EXW,2398,44,2025-11-24,2026-05-29
QT-001645,QX-BWS-342,SUP-123,KES,2636.1542,FOB,4462,11,2026-01-26,2026-10-07
QT-001646,QX-BWS-342,SUP-111,GBP,14.7638,DDP,1352,33,2025-09-23,2026-12-06
QT-001647,QX-BWS-342,SUP-119,VND,525991.9802,CIF,2995,24,2025-09-19,2026-05-05
QT-001648,QX-CHL-354,SUP-139,TRY,55.8889,FOB,1106,6,2025-10-21,2026-07-13
QT-001649,QX-CHL-354,SUP-111,GBP,1.2376,DDP,2169,20,2025-12-18,2026-10-14
QT-001650,QX-CHL-354,SUP-107,GBP,1.7165,DDP,3476,8,2026-03-03,2026-08-22
QT-001651,QX-CHL-354,SUP-138,VND,46061.7995,CIF,3039,25,2025-12-18,2026-05-27
QT-001652,QX-HBC-357,SUP-111,GBP,4.2602,DDP,3924,45,2026-01-27,2026-12-09
QT-001653,QX-HBC-357,SUP-117,GBP,5.3570,DDP,3037,15,2026-02-08,2026-06-20
QT-001654,QX-DRY-358,SUP-139,TRY,55.4313,FOB,2006,38,2026-03-02,2026-10-05
QT-001655,QX-DRY-358,SUP-123,KES,295.0231,FOB,2594,17,2025-11-06,2026-07-14
QT-001656,QX-DRY-358,SUP-102,GBP,1.2860,DDP,3016,19,2025-12-24,2026-07-21
QT-001657,QX-HHD-364,SUP-128,KES,300.4775,FOB,2078,37,2025-10-09,2026-07-14
QT-001658,QX-HHD-364,SUP-110,GBP,2.9120,DDP,2130,12,2026-01-23,2026-09-13
QT-001659,QX-FRZ-368,SUP-124,EUR,2.4390,EXW,1350,40,2025-10-07,2026-07-05
QT-001660,QX-FRZ-368,SUP-139,TRY,92.8837,FOB,273,39,2026-02-22,2026-06-05
QT-001661,QX-FRZ-368,SUP-141,GHS,41.4342,EXW,646,17,2026-02-20,2026-04-21
QT-001662,QX-FRZ-368,SUP-123,KES,536.3164,FOB,4083,13,2026-01-30,2026-07-16
QT-001663,QX-TIN-370,SUP-106,GBP,0.7394,DDP,1839,23,2025-12-26,2026-06-08
QT-001664,QX-TIN-370,SUP-120,VND,24230.1391,FOB,2695,26,2025-10-27,2026-04-29
QT-001665,QX-TIN-370,SUP-131,VND,23591.9168,FOB,617,15,2026-02-22,2026-07-17
QT-001666,QX-CER-383,SUP-131,VND,70944.9012,FOB,210,45,2025-11-12,2026-05-01
QT-001667,QX-CER-383,SUP-138,VND,56082.7064,CIF,1493,40,2026-02-28,2026-08-29
QT-001668,QX-HBC-385,SUP-128,KES,114.1525,FOB,3115,27,2026-02-07,2026-05-11
QT-001669,QX-HBC-385,SUP-110,GBP,1.0029,DDP,1390,21,2026-03-05,2026-06-10
QT-001670,QX-HBC-385,SUP-115,GBP,0.8079,DDP,4108,28,2025-12-16,2026-09-28
QT-001671,QX-DRK-402,SUP-131,VND,34958.0650,FOB,2865,38,2025-10-02,2026-11-13
QT-001672,QX-DRK-402,SUP-133,EUR,1.1414,EXW,1674,33,2026-02-07,2026-05-26
QT-001673,QX-DRK-402,SUP-130,MAD,14.9106,EXW,3415,34,2025-11-06,2026-06-24
QT-001674,QX-DRK-402,SUP-104,GBP,1.3666,DDP,2821,10,2026-01-01,2026-10-31
QT-001675,QX-HBC-407,SUP-126,TRY,238.8074,DDP,1667,30,2025-11-06,2026-05-11
QT-001676,QX-HBC-407,SUP-101,GBP,5.8258,DDP,1229,14,2025-12-30,2026-11-12
QT-001677,QX-HBC-407,SUP-113,GBP,6.1355,DDP,3573,12,2026-02-26,2026-08-21
QT-001678,QX-BAK-408,SUP-115,GBP,2.9852,DDP,1018,28,2025-12-27,2026-05-27
QT-001679,QX-BAK-408,SUP-123,KES,444.7707,FOB,4101,38,2026-01-28,2026-11-19
QT-001680,QX-BAK-408,SUP-109,GBP,3.1354,DDP,3923,16,2026-01-10,2026-08-17
QT-001681,QX-CHL-413,SUP-111,GBP,3.9418,DDP,2152,8,2026-03-12,2026-09-06
QT-001682,QX-CHL-413,SUP-139,TRY,147.4562,FOB,722,20,2026-02-01,2026-06-23
QT-001683,QX-CHL-413,SUP-123,KES,522.7686,FOB,2007,4,2026-01-10,2026-10-05
QT-001684,QX-CHL-413,SUP-101,GBP,2.7604,DDP,2493,40,2025-12-22,2026-10-06
QT-001685,QX-PET-432,SUP-106,GBP,2.9527,DDP,4686,7,2026-02-07,2026-08-24
QT-001686,QX-PET-432,SUP-104,GBP,3.0802,DDP,2665,8,2025-10-11,2026-09-28
QT-001687,QX-TIN-434,SUP-100,GBP,0.6415,DDP,2652,17,2026-01-07,2026-09-01
QT-001688,QX-TIN-434,SUP-103,GBP,0.8911,DDP,1292,38,2025-10-27,2026-06-06
QT-001689,QX-TIN-434,SUP-131,VND,20543.7025,FOB,4482,19,2025-12-07,2026-09-04
QT-001690,QX-CER-438,SUP-131,VND,64436.3754,FOB,1097,13,2026-03-02,2026-08-23
QT-001691,QX-CER-438,SUP-117,GBP,1.7459,DDP,2717,19,2026-02-17,2026-05-12
QT-001692,QX-CHL-439,SUP-115,GBP,5.1696,DDP,2649,9,2025-09-25,2026-06-23
QT-001693,QX-CHL-439,SUP-132,TRY,257.5137,EXW,3334,45,2025-09-25,2026-05-16
QT-001694,QX-CHL-439,SUP-141,GHS,70.3022,EXW,1011,32,2025-12-06,2026-12-08
QT-001695,QX-DRY-442,SUP-122,TRY,85.7250,CIF,3607,42,2025-10-15,2026-07-28
QT-001696,QX-DRY-442,SUP-132,TRY,105.7587,EXW,4095,29,2025-11-24,2026-11-21
QT-001697,QX-DRY-442,SUP-136,EUR,2.9618,FOB,57,8,2026-03-04,2026-08-10
QT-001698,QX-DRY-442,SUP-141,GHS,38.3025,EXW,3309,16,2026-01-09,2026-09-10
QT-001699,QX-FRZ-445,SUP-135,EUR,4.0916,FOB,1243,14,2026-01-05,2026-08-29
QT-001700,QX-FRZ-445,SUP-111,GBP,3.1746,DDP,3048,3,2026-01-24,2026-08-01
QT-001701,QX-FRZ-445,SUP-127,TRY,106.5882,DDP,1016,6,2025-11-14,2026-10-24
QT-001702,QX-BAK-449,SUP-139,TRY,33.4138,FOB,378,32,2025-10-21,2026-10-16
QT-001703,QX-BAK-449,SUP-118,DKK,7.9579,CIF,2698,34,2026-02-25,2026-11-02
