sku,zone_id,price,effective_from
QX-CER-001,PZ-METRO,3.25,2026-02-24
QX-CER-001,PZ-URBAN,2.96,2025-12-17
QX-CER-001,PZ-CORE,2.85,2026-01-28
QX-CER-001,PZ-VALUE,2.68,2025-09-14
QX-CER-001,PZ-REMOTE,3.11,2025-12-24
QX-CER-002,PZ-METRO,2.39,2025-09-22
QX-CER-002,PZ-URBAN,2.18,2025-11-19
QX-CER-002,PZ-CORE,2.10,2026-02-23
QX-CER-002,PZ-VALUE,1.97,2025-12-25
QX-CER-002,PZ-REMOTE,2.29,2025-10-26
QX-DRK-014,PZ-METRO,2.45,2025-12-31
QX-DRK-014,PZ-URBAN,2.24,2025-12-17
QX-DRK-014,PZ-CORE,2.15,2026-03-19
QX-DRK-014,PZ-VALUE,2.02,2026-03-04
QX-DRK-014,PZ-REMOTE,2.34,2025-10-29
QX-DRK-021,PZ-METRO,0.95,2025-10-21
QX-DRK-021,PZ-URBAN,0.90,2026-02-22
QX-DRK-021,PZ-CORE,0.85,2026-01-26
QX-DRK-021,PZ-VALUE,0.80,2025-12-07
QX-DRK-021,PZ-REMOTE,0.95,2026-02-10
QX-TIN-032,PZ-METRO,1.08,2026-03-04
QX-TIN-032,PZ-URBAN,1.00,2025-11-14
QX-TIN-032,PZ-CORE,0.95,2025-11-21
QX-TIN-032,PZ-VALUE,0.90,2026-01-03
QX-TIN-032,PZ-REMOTE,1.04,2025-09-14
QX-TIN-045,PZ-METRO,1.20,2026-03-06
QX-TIN-045,PZ-URBAN,1.09,2025-12-17
QX-TIN-045,PZ-CORE,1.05,2025-10-25
QX-TIN-045,PZ-VALUE,1.00,2025-11-04
QX-TIN-045,PZ-REMOTE,1.14,2025-11-13
QX-DRY-184,PZ-METRO,2.17,2026-01-08
QX-DRY-184,PZ-URBAN,1.98,2025-11-11
QX-DRY-184,PZ-CORE,1.90,2025-11-27
QX-DRY-184,PZ-VALUE,1.79,2025-09-26
QX-DRY-184,PZ-REMOTE,2.07,2026-03-16
QX-CHL-007,PZ-METRO,2.74,2025-10-22
QX-CHL-007,PZ-URBAN,2.50,2025-11-03
QX-CHL-007,PZ-CORE,2.40,2025-10-23
QX-CHL-007,PZ-VALUE,2.26,2025-10-09
QX-CHL-007,PZ-REMOTE,2.62,2025-11-21
QX-FRZ-112,PZ-METRO,2.00,2025-10-05
QX-FRZ-112,PZ-URBAN,1.82,2025-12-20
QX-FRZ-112,PZ-CORE,1.75,2026-03-06
QX-FRZ-112,PZ-VALUE,1.65,2025-11-25
QX-FRZ-112,PZ-REMOTE,1.91,2026-03-04
QX-DRK-200,PZ-METRO,6.20,2025-09-21
QX-DRK-200,PZ-URBAN,5.66,2026-01-22
QX-DRK-200,PZ-CORE,5.44,2026-02-26
QX-DRK-200,PZ-VALUE,5.11,2026-03-07
QX-DRK-200,PZ-REMOTE,5.93,2025-09-19
QX-BWS-201,PZ-METRO,14.22,2025-09-25
QX-BWS-201,PZ-URBAN,12.97,2025-12-21
QX-BWS-201,PZ-CORE,12.47,2026-02-20
QX-BWS-201,PZ-VALUE,11.72,2026-01-19
QX-BWS-201,PZ-REMOTE,13.59,2025-12-31
QX-PRO-202,PZ-METRO,1.68,2025-12-26
QX-PRO-202,PZ-URBAN,1.53,2026-02-02
QX-PRO-202,PZ-CORE,1.47,2025-11-13
QX-PRO-202,PZ-VALUE,1.38,2026-02-20
QX-PRO-202,PZ-REMOTE,1.60,2025-11-20
QX-PRO-203,PZ-METRO,3.40,2025-09-18
QX-PRO-203,PZ-URBAN,3.10,2026-03-22
QX-PRO-203,PZ-CORE,2.98,2025-10-27
QX-PRO-203,PZ-VALUE,2.80,2025-10-28
QX-PRO-203,PZ-REMOTE,3.25,2025-12-03
QX-DRK-204,PZ-METRO,1.57,2025-09-28
QX-DRK-204,PZ-URBAN,1.44,2025-11-12
QX-DRK-204,PZ-CORE,1.38,2025-11-25
QX-DRK-204,PZ-VALUE,1.30,2025-12-04
QX-DRK-204,PZ-REMOTE,1.50,2026-03-20
QX-BWS-205,PZ-METRO,21.69,2025-10-22
QX-BWS-205,PZ-URBAN,19.79,2026-01-12
QX-BWS-205,PZ-CORE,19.03,2026-02-12
QX-BWS-205,PZ-VALUE,17.89,2025-12-19
QX-BWS-205,PZ-REMOTE,20.74,2025-12-16
QX-DRK-206,PZ-METRO,2.06,2025-11-22
QX-DRK-206,PZ-URBAN,1.88,2026-02-03
QX-DRK-206,PZ-CORE,1.81,2025-11-11
QX-DRK-206,PZ-VALUE,1.70,2026-03-01
QX-DRK-206,PZ-REMOTE,1.97,2026-03-22
QX-TIN-207,PZ-METRO,0.70,2025-10-06
QX-TIN-207,PZ-URBAN,0.65,2025-09-22
QX-TIN-207,PZ-CORE,0.65,2025-09-19
QX-TIN-207,PZ-VALUE,0.60,2025-10-31
QX-TIN-207,PZ-REMOTE,0.70,2026-01-21
QX-TIN-208,PZ-METRO,1.46,2026-01-14
QX-TIN-208,PZ-URBAN,1.33,2026-03-01
QX-TIN-208,PZ-CORE,1.28,2025-10-05
QX-TIN-208,PZ-VALUE,1.20,2025-11-20
QX-TIN-208,PZ-REMOTE,1.40,2026-03-12
QX-CHL-209,PZ-METRO,2.02,2025-11-09
QX-CHL-209,PZ-URBAN,1.84,2025-09-20
QX-CHL-209,PZ-CORE,1.77,2025-11-16
QX-CHL-209,PZ-VALUE,1.66,2025-12-13
QX-CHL-209,PZ-REMOTE,1.93,2026-02-19
QX-PRO-210,PZ-METRO,2.57,2026-03-07
QX-PRO-210,PZ-URBAN,2.34,2025-12-19
QX-PRO-210,PZ-CORE,2.25,2026-01-06
QX-PRO-210,PZ-VALUE,2.11,2025-12-09
QX-PRO-210,PZ-REMOTE,2.45,2025-09-29
QX-HHD-211,PZ-METRO,11.04,2025-12-06
QX-HHD-211,PZ-URBAN,10.07,2025-09-16
QX-HHD-211,PZ-CORE,9.68,2026-02-09
QX-HHD-211,PZ-VALUE,9.10,2025-12-11
QX-HHD-211,PZ-REMOTE,10.55,2025-11-14
QX-TIN-212,PZ-METRO,2.71,2026-01-16
QX-TIN-212,PZ-URBAN,2.48,2025-09-23
QX-TIN-212,PZ-CORE,2.38,2025-09-19
QX-TIN-212,PZ-VALUE,2.24,2026-01-02
QX-TIN-212,PZ-REMOTE,2.59,2026-03-18
QX-CHL-213,PZ-METRO,22.81,2025-09-17
QX-CHL-213,PZ-URBAN,20.81,2025-10-11
QX-CHL-213,PZ-CORE,20.01,2026-02-01
QX-CHL-213,PZ-VALUE,18.81,2025-12-03
QX-CHL-213,PZ-REMOTE,21.81,2025-11-11
QX-FRZ-214,PZ-METRO,1.78,2025-11-28
QX-FRZ-214,PZ-URBAN,1.62,2025-11-26
QX-FRZ-214,PZ-CORE,1.56,2025-12-26
QX-FRZ-214,PZ-VALUE,1.47,2026-03-06
QX-FRZ-214,PZ-REMOTE,1.70,2025-12-09
QX-CHL-215,PZ-METRO,24.53,2025-11-17
QX-CHL-215,PZ-URBAN,22.38,2025-12-13
QX-CHL-215,PZ-CORE,21.52,2025-09-19
QX-CHL-215,PZ-VALUE,20.23,2026-01-01
QX-CHL-215,PZ-REMOTE,23.46,2026-01-26
QX-BAK-216,PZ-METRO,1.81,2026-02-28
QX-BAK-216,PZ-URBAN,1.65,2026-01-11
QX-BAK-216,PZ-CORE,1.59,2026-01-19
QX-BAK-216,PZ-VALUE,1.49,2026-03-10
QX-BAK-216,PZ-REMOTE,1.73,2025-12-28
QX-PRO-217,PZ-METRO,1.48,2025-10-23
QX-PRO-217,PZ-URBAN,1.35,2026-01-01
QX-PRO-217,PZ-CORE,1.30,2026-03-19
QX-PRO-217,PZ-VALUE,1.22,2026-02-22
QX-PRO-217,PZ-REMOTE,1.42,2026-01-18
QX-FRZ-218,PZ-METRO,4.58,2025-11-20
QX-FRZ-218,PZ-URBAN,4.18,2025-12-21
QX-FRZ-218,PZ-CORE,4.02,2025-12-06
QX-FRZ-218,PZ-VALUE,3.78,2025-10-01
QX-FRZ-218,PZ-REMOTE,4.38,2026-02-24
QX-HBC-219,PZ-METRO,3.07,2025-12-31
QX-HBC-219,PZ-URBAN,2.80,2025-10-31
QX-HBC-219,PZ-CORE,2.69,2026-03-04
QX-HBC-219,PZ-VALUE,2.53,2025-11-21
QX-HBC-219,PZ-REMOTE,2.93,2026-03-05
QX-HBC-220,PZ-METRO,3.36,2025-12-27
QX-HBC-220,PZ-URBAN,3.07,2026-02-28
QX-HBC-220,PZ-CORE,2.95,2025-11-02
QX-HBC-220,PZ-VALUE,2.77,2026-02-28
QX-HBC-220,PZ-REMOTE,3.22,2025-09-14
QX-BWS-221,PZ-METRO,10.75,2025-12-29
QX-BWS-221,PZ-URBAN,9.81,2026-02-13
QX-BWS-221,PZ-CORE,9.43,2025-12-30
QX-BWS-221,PZ-VALUE,8.86,2025-12-05
QX-BWS-221,PZ-REMOTE,10.28,2026-01-24
QX-BWS-222,PZ-METRO,13.19,2025-11-22
QX-BWS-222,PZ-URBAN,12.03,2026-03-04
QX-BWS-222,PZ-CORE,11.57,2026-03-16
QX-BWS-222,PZ-VALUE,10.88,2026-03-04
QX-BWS-222,PZ-REMOTE,12.61,2025-10-25
QX-BAK-223,PZ-METRO,4.01,2025-09-16
QX-BAK-223,PZ-URBAN,3.66,2026-03-02
QX-BAK-223,PZ-CORE,3.52,2025-09-27
QX-BAK-223,PZ-VALUE,3.31,2025-11-04
QX-BAK-223,PZ-REMOTE,3.84,2026-02-22
QX-DRY-224,PZ-METRO,4.74,2025-12-03
QX-DRY-224,PZ-URBAN,4.33,2025-10-07
QX-DRY-224,PZ-CORE,4.16,2026-03-10
QX-DRY-224,PZ-VALUE,3.91,2026-02-16
QX-DRY-224,PZ-REMOTE,4.53,2026-01-24
QX-HHD-225,PZ-METRO,1.05,2025-11-08
QX-HHD-225,PZ-URBAN,0.95,2025-11-18
QX-HHD-225,PZ-CORE,0.90,2025-11-21
QX-HHD-225,PZ-VALUE,0.85,2026-02-09
QX-HHD-225,PZ-REMOTE,1.00,2025-09-26
QX-PET-226,PZ-METRO,6.22,2026-02-04
QX-PET-226,PZ-URBAN,5.68,2026-02-08
QX-PET-226,PZ-CORE,5.46,2026-02-28
QX-PET-226,PZ-VALUE,5.13,2025-10-24
QX-PET-226,PZ-REMOTE,5.95,2025-11-05
QX-CER-227,PZ-METRO,1.77,2026-01-10
QX-CER-227,PZ-URBAN,1.61,2025-11-21
QX-CER-227,PZ-CORE,1.55,2025-09-19
QX-CER-227,PZ-VALUE,1.46,2026-02-13
QX-CER-227,PZ-REMOTE,1.69,2026-01-13
QX-TIN-228,PZ-METRO,2.23,2025-11-15
QX-TIN-228,PZ-URBAN,2.04,2025-11-22
QX-TIN-228,PZ-CORE,1.96,2025-11-18
QX-TIN-228,PZ-VALUE,1.84,2025-10-12
QX-TIN-228,PZ-REMOTE,2.14,2026-01-08
QX-TIN-229,PZ-METRO,2.20,2026-03-13
QX-TIN-229,PZ-URBAN,2.01,2026-02-12
QX-TIN-229,PZ-CORE,1.93,2026-01-19
QX-TIN-229,PZ-VALUE,1.81,2025-12-25
QX-TIN-229,PZ-REMOTE,2.10,2025-12-21
QX-DRK-230,PZ-METRO,1.05,2026-03-12
QX-DRK-230,PZ-URBAN,0.95,2025-12-03
QX-DRK-230,PZ-CORE,0.90,2025-10-16
QX-DRK-230,PZ-VALUE,0.85,2026-02-22
QX-DRK-230,PZ-REMOTE,1.00,2025-12-01
QX-FRZ-231,PZ-METRO,3.66,2026-02-22
QX-FRZ-231,PZ-URBAN,3.34,2026-03-10
QX-FRZ-231,PZ-CORE,3.21,2025-10-19
QX-FRZ-231,PZ-VALUE,3.02,2025-11-11
QX-FRZ-231,PZ-REMOTE,3.50,2025-09-14
QX-BAK-232,PZ-METRO,1.31,2026-03-16
QX-BAK-232,PZ-URBAN,1.20,2025-10-07
QX-BAK-232,PZ-CORE,1.15,2025-10-27
QX-BAK-232,PZ-VALUE,1.08,2025-10-12
QX-BAK-232,PZ-REMOTE,1.25,2026-01-02
QX-BAK-233,PZ-METRO,7.23,2026-02-01
QX-BAK-233,PZ-URBAN,6.59,2026-02-06
QX-BAK-233,PZ-CORE,6.34,2026-01-18
QX-BAK-233,PZ-VALUE,5.96,2025-11-03
QX-BAK-233,PZ-REMOTE,6.91,2025-11-05
QX-DRK-234,PZ-METRO,1.37,2026-01-04
QX-DRK-234,PZ-URBAN,1.25,2026-03-16
QX-DRK-234,PZ-CORE,1.20,2025-11-20
QX-DRK-234,PZ-VALUE,1.13,2025-12-11
QX-DRK-234,PZ-REMOTE,1.31,2025-11-19
QX-FRZ-235,PZ-METRO,4.15,2025-09-28
QX-FRZ-235,PZ-URBAN,3.79,2026-01-14
QX-FRZ-235,PZ-CORE,3.64,2026-01-26
QX-FRZ-235,PZ-VALUE,3.42,2025-10-09
QX-FRZ-235,PZ-REMOTE,3.97,2025-11-01
QX-PRO-236,PZ-METRO,3.07,2026-01-23
QX-PRO-236,PZ-URBAN,2.80,2025-09-20
QX-PRO-236,PZ-CORE,2.69,2026-01-19
QX-PRO-236,PZ-VALUE,2.53,2025-10-04
QX-PRO-236,PZ-REMOTE,2.93,2025-09-15
QX-PRO-237,PZ-METRO,5.94,2026-01-11
QX-PRO-237,PZ-URBAN,5.42,2025-12-02
QX-PRO-237,PZ-CORE,5.21,2026-02-23
QX-PRO-237,PZ-VALUE,4.90,2026-02-07
QX-PRO-237,PZ-REMOTE,5.68,2025-12-16
QX-CHL-238,PZ-METRO,6.48,2026-01-16
QX-CHL-238,PZ-URBAN,5.91,2025-11-09
QX-CHL-238,PZ-CORE,5.68,2025-11-16
QX-CHL-238,PZ-VALUE,5.34,2025-12-21
QX-CHL-238,PZ-REMOTE,6.19,2025-10-14
QX-BWS-239,PZ-METRO,30.35,2026-03-21
QX-BWS-239,PZ-URBAN,27.68,2026-02-23
QX-BWS-239,PZ-CORE,26.62,2026-02-17
QX-BWS-239,PZ-VALUE,25.02,2026-02-17
QX-BWS-239,PZ-REMOTE,29.02,2025-12-16
QX-HHD-240,PZ-METRO,11.04,2025-11-24
QX-HHD-240,PZ-URBAN,10.07,2025-12-24
QX-HHD-240,PZ-CORE,9.68,2025-10-29
QX-HHD-240,PZ-VALUE,9.10,2026-01-25
QX-HHD-240,PZ-REMOTE,10.55,2025-10-10
QX-CER-241,PZ-METRO,3.26,2026-01-07
QX-CER-241,PZ-URBAN,2.97,2025-09-24
QX-CER-241,PZ-CORE,2.86,2025-09-25
QX-CER-241,PZ-VALUE,2.69,2025-11-03
QX-CER-241,PZ-REMOTE,3.12,2025-12-09
QX-FRZ-242,PZ-METRO,3.59,2026-02-25
QX-FRZ-242,PZ-URBAN,3.28,2025-10-02
QX-FRZ-242,PZ-CORE,3.15,2026-02-08
QX-FRZ-242,PZ-VALUE,2.96,2025-12-23
QX-FRZ-242,PZ-REMOTE,3.43,2025-11-26
QX-DRY-243,PZ-METRO,3.56,2026-02-26
QX-DRY-243,PZ-URBAN,3.24,2026-02-21
QX-DRY-243,PZ-CORE,3.12,2026-01-16
QX-DRY-243,PZ-VALUE,2.93,2025-09-17
QX-DRY-243,PZ-REMOTE,3.40,2026-01-09
QX-FRZ-244,PZ-METRO,5.91,2025-10-25
QX-FRZ-244,PZ-URBAN,5.39,2026-02-21
QX-FRZ-244,PZ-CORE,5.18,2026-02-02
QX-FRZ-244,PZ-VALUE,4.87,2025-10-14
QX-FRZ-244,PZ-REMOTE,5.65,2026-01-19
QX-HHD-245,PZ-METRO,2.49,2025-11-26
QX-HHD-245,PZ-URBAN,2.27,2025-12-31
QX-HHD-245,PZ-CORE,2.18,2025-10-30
QX-HHD-245,PZ-VALUE,2.05,2026-02-09
QX-HHD-245,PZ-REMOTE,2.38,2025-11-13
QX-BWS-246,PZ-METRO,6.27,2026-01-05
QX-BWS-246,PZ-URBAN,5.72,2026-02-02
QX-BWS-246,PZ-CORE,5.50,2026-02-26
QX-BWS-246,PZ-VALUE,5.17,2026-01-22
QX-BWS-246,PZ-REMOTE,6.00,2026-03-15
QX-DRY-247,PZ-METRO,7.55,2025-11-05
QX-DRY-247,PZ-URBAN,6.88,2025-12-28
QX-DRY-247,PZ-CORE,6.62,2025-11-05
QX-DRY-247,PZ-VALUE,6.22,2025-10-09
QX-DRY-247,PZ-REMOTE,7.22,2025-11-07
QX-HHD-248,PZ-METRO,4.80,2025-11-09
QX-HHD-248,PZ-URBAN,4.38,2025-12-12
QX-HHD-248,PZ-CORE,4.21,2025-12-16
QX-HHD-248,PZ-VALUE,3.96,2025-12-24
QX-HHD-248,PZ-REMOTE,4.59,2026-01-15
QX-CER-249,PZ-METRO,5.21,2025-10-27
QX-CER-249,PZ-URBAN,4.75,2026-02-26
QX-CER-249,PZ-CORE,4.57,2026-02-17
QX-CER-249,PZ-VALUE,4.30,2026-01-01
QX-CER-249,PZ-REMOTE,4.98,2026-01-22
QX-CHL-250,PZ-METRO,9.31,2026-03-02
QX-CHL-250,PZ-URBAN,8.50,2025-10-31
QX-CHL-250,PZ-CORE,8.17,2025-10-24
QX-CHL-250,PZ-VALUE,7.68,2025-10-03
QX-CHL-250,PZ-REMOTE,8.91,2025-09-17
QX-TIN-251,PZ-METRO,2.84,2025-10-04
QX-TIN-251,PZ-URBAN,2.59,2025-11-16
QX-TIN-251,PZ-CORE,2.49,2026-03-22
QX-TIN-251,PZ-VALUE,2.34,2026-02-02
QX-TIN-251,PZ-REMOTE,2.71,2025-11-15
QX-FRZ-252,PZ-METRO,6.87,2025-09-15
QX-FRZ-252,PZ-URBAN,6.27,2026-02-13
QX-FRZ-252,PZ-CORE,6.03,2026-01-21
QX-FRZ-252,PZ-VALUE,5.67,2026-02-28
QX-FRZ-252,PZ-REMOTE,6.57,2025-10-30
QX-HHD-253,PZ-METRO,10.93,2025-12-17
QX-HHD-253,PZ-URBAN,9.97,2025-12-24
QX-HHD-253,PZ-CORE,9.59,2025-11-25
QX-HHD-253,PZ-VALUE,9.01,2025-10-17
QX-HHD-253,PZ-REMOTE,10.45,2025-12-06
QX-DRK-254,PZ-METRO,2.02,2026-03-17
QX-DRK-254,PZ-URBAN,1.84,2025-11-12
QX-DRK-254,PZ-CORE,1.77,2026-03-12
QX-DRK-254,PZ-VALUE,1.66,2025-12-19
QX-DRK-254,PZ-REMOTE,1.93,2026-02-13
QX-PRO-255,PZ-METRO,3.01,2025-09-27
QX-PRO-255,PZ-URBAN,2.75,2026-02-02
QX-PRO-255,PZ-CORE,2.64,2025-11-28
QX-PRO-255,PZ-VALUE,2.48,2026-01-25
QX-PRO-255,PZ-REMOTE,2.88,2025-12-03
QX-BWS-256,PZ-METRO,11.39,2025-11-28
QX-BWS-256,PZ-URBAN,10.39,2025-12-20
QX-BWS-256,PZ-CORE,9.99,2025-10-12
QX-BWS-256,PZ-VALUE,9.39,2025-11-28
QX-BWS-256,PZ-REMOTE,10.89,2026-01-13
QX-DRY-257,PZ-METRO,2.52,2025-11-16
QX-DRY-257,PZ-URBAN,2.30,2026-03-17
QX-DRY-257,PZ-CORE,2.21,2025-10-07
QX-DRY-257,PZ-VALUE,2.08,2026-01-30
QX-DRY-257,PZ-REMOTE,2.41,2026-02-23
QX-HBC-258,PZ-METRO,10.66,2026-03-18
QX-HBC-258,PZ-URBAN,9.72,2025-12-29
QX-HBC-258,PZ-CORE,9.35,2026-01-07
QX-HBC-258,PZ-VALUE,8.79,2025-09-19
QX-HBC-258,PZ-REMOTE,10.19,2025-11-15
QX-HBC-259,PZ-METRO,10.23,2025-11-12
QX-HBC-259,PZ-URBAN,9.33,2026-01-05
QX-HBC-259,PZ-CORE,8.97,2025-10-13
QX-HBC-259,PZ-VALUE,8.43,2025-12-14
QX-HBC-259,PZ-REMOTE,9.78,2026-02-28
QX-CER-260,PZ-METRO,3.78,2025-12-31
QX-CER-260,PZ-URBAN,3.45,2025-09-24
QX-CER-260,PZ-CORE,3.32,2026-03-16
QX-CER-260,PZ-VALUE,3.12,2026-03-10
QX-CER-260,PZ-REMOTE,3.62,2026-02-13
QX-HBC-261,PZ-METRO,4.14,2026-02-20
QX-HBC-261,PZ-URBAN,3.78,2025-12-14
QX-HBC-261,PZ-CORE,3.63,2026-02-03
QX-HBC-261,PZ-VALUE,3.41,2026-02-09
QX-HBC-261,PZ-REMOTE,3.96,2025-09-27
QX-BWS-262,PZ-METRO,29.13,2025-10-11
QX-BWS-262,PZ-URBAN,26.57,2026-03-11
QX-BWS-262,PZ-CORE,25.55,2026-01-02
QX-BWS-262,PZ-VALUE,24.02,2026-01-16
QX-BWS-262,PZ-REMOTE,27.85,2026-01-02
QX-TIN-263,PZ-METRO,2.55,2026-03-07
QX-TIN-263,PZ-URBAN,2.33,2025-11-18
QX-TIN-263,PZ-CORE,2.24,2026-02-07
QX-TIN-263,PZ-VALUE,2.11,2026-01-04
QX-TIN-263,PZ-REMOTE,2.44,2025-10-04
QX-TIN-264,PZ-METRO,0.90,2025-11-11
QX-TIN-264,PZ-URBAN,0.85,2026-01-21
QX-TIN-264,PZ-CORE,0.80,2026-02-04
QX-TIN-264,PZ-VALUE,0.75,2026-02-11
QX-TIN-264,PZ-REMOTE,0.90,2025-09-16
QX-BAK-265,PZ-METRO,2.37,2025-10-27
QX-BAK-265,PZ-URBAN,2.16,2025-09-18
QX-BAK-265,PZ-CORE,2.08,2025-11-16
QX-BAK-265,PZ-VALUE,1.96,2025-12-01
QX-BAK-265,PZ-REMOTE,2.27,2025-11-13
QX-FRZ-266,PZ-METRO,8.25,2025-11-20
QX-FRZ-266,PZ-URBAN,7.53,2025-11-10
QX-FRZ-266,PZ-CORE,7.24,2025-11-26
QX-FRZ-266,PZ-VALUE,6.81,2025-12-16
QX-FRZ-266,PZ-REMOTE,7.89,2025-09-16
QX-CER-267,PZ-METRO,3.89,2025-11-08
QX-CER-267,PZ-URBAN,3.55,2026-01-12
QX-CER-267,PZ-CORE,3.41,2025-09-19
QX-CER-267,PZ-VALUE,3.21,2025-09-17
QX-CER-267,PZ-REMOTE,3.72,2025-12-10
QX-CER-268,PZ-METRO,4.17,2026-01-17
QX-CER-268,PZ-URBAN,3.81,2026-02-28
QX-CER-268,PZ-CORE,3.66,2025-12-22
QX-CER-268,PZ-VALUE,3.44,2025-10-05
QX-CER-268,PZ-REMOTE,3.99,2026-01-01
QX-DRY-269,PZ-METRO,7.10,2026-01-17
QX-DRY-269,PZ-URBAN,6.48,2025-11-14
QX-DRY-269,PZ-CORE,6.23,2026-02-11
QX-DRY-269,PZ-VALUE,5.86,2025-11-28
QX-DRY-269,PZ-REMOTE,6.79,2026-02-18
QX-PET-270,PZ-METRO,5.00,2026-01-18
QX-PET-270,PZ-URBAN,4.57,2025-10-17
QX-PET-270,PZ-CORE,4.39,2025-11-05
QX-PET-270,PZ-VALUE,4.13,2026-01-15
QX-PET-270,PZ-REMOTE,4.79,2026-01-11
QX-DRY-271,PZ-METRO,1.29,2025-11-12
QX-DRY-271,PZ-URBAN,1.18,2025-10-30
QX-DRY-271,PZ-CORE,1.13,2025-10-07
QX-DRY-271,PZ-VALUE,1.06,2025-11-15
QX-DRY-271,PZ-REMOTE,1.23,2025-09-26
QX-DRY-272,PZ-METRO,7.84,2026-01-13
QX-DRY-272,PZ-URBAN,7.16,2025-10-17
QX-DRY-272,PZ-CORE,6.88,2025-12-12
QX-DRY-272,PZ-VALUE,6.47,2025-10-13
QX-DRY-272,PZ-REMOTE,7.50,2026-02-02
QX-DRK-273,PZ-METRO,2.83,2025-10-17
QX-DRK-273,PZ-URBAN,2.58,2026-03-01
QX-DRK-273,PZ-CORE,2.48,2026-01-26
QX-DRK-273,PZ-VALUE,2.33,2025-11-07
QX-DRK-273,PZ-REMOTE,2.70,2025-11-04
QX-CHL-274,PZ-METRO,1.92,2025-10-26
QX-CHL-274,PZ-URBAN,1.75,2025-12-03
QX-CHL-274,PZ-CORE,1.68,2026-01-29
QX-CHL-274,PZ-VALUE,1.58,2025-10-02
QX-CHL-274,PZ-REMOTE,1.83,2025-12-05
QX-CER-275,PZ-METRO,3.58,2025-12-29
QX-CER-275,PZ-URBAN,3.27,2026-01-13
QX-CER-275,PZ-CORE,3.14,2026-03-12
QX-CER-275,PZ-VALUE,2.95,2025-10-06
QX-CER-275,PZ-REMOTE,3.42,2025-11-12
QX-HBC-276,PZ-METRO,13.13,2025-12-26
QX-HBC-276,PZ-URBAN,11.98,2026-02-07
QX-HBC-276,PZ-CORE,11.52,2026-02-11
QX-HBC-276,PZ-VALUE,10.83,2025-09-21
QX-HBC-276,PZ-REMOTE,12.56,2026-02-07
QX-HBC-277,PZ-METRO,16.01,2026-01-20
QX-HBC-277,PZ-URBAN,14.60,2026-01-12
QX-HBC-277,PZ-CORE,14.04,2026-01-21
QX-HBC-277,PZ-VALUE,13.20,2025-09-30
QX-HBC-277,PZ-REMOTE,15.30,2025-10-05
QX-DRK-278,PZ-METRO,5.60,2025-11-08
QX-DRK-278,PZ-URBAN,5.11,2025-10-09
QX-DRK-278,PZ-CORE,4.91,2025-12-03
QX-DRK-278,PZ-VALUE,4.62,2025-11-28
QX-DRK-278,PZ-REMOTE,5.35,2026-02-25
QX-HBC-279,PZ-METRO,8.61,2026-03-18
QX-HBC-279,PZ-URBAN,7.85,2025-10-01
QX-HBC-279,PZ-CORE,7.55,2026-01-22
QX-HBC-279,PZ-VALUE,7.10,2025-12-29
QX-HBC-279,PZ-REMOTE,8.23,2026-01-04
QX-CHL-280,PZ-METRO,3.45,2025-11-29
QX-CHL-280,PZ-URBAN,3.15,2025-11-02
QX-CHL-280,PZ-CORE,3.03,2025-10-14
QX-CHL-280,PZ-VALUE,2.85,2025-09-14
QX-CHL-280,PZ-REMOTE,3.30,2025-11-26
QX-TIN-281,PZ-METRO,1.27,2026-02-28
QX-TIN-281,PZ-URBAN,1.15,2026-01-07
QX-TIN-281,PZ-CORE,1.11,2025-09-25
QX-TIN-281,PZ-VALUE,1.04,2025-09-27
QX-TIN-281,PZ-REMOTE,1.21,2025-12-11
QX-FRZ-282,PZ-METRO,9.37,2025-11-06
QX-FRZ-282,PZ-URBAN,8.55,2025-09-14
QX-FRZ-282,PZ-CORE,8.22,2025-10-06
QX-FRZ-282,PZ-VALUE,7.73,2026-03-04
QX-FRZ-282,PZ-REMOTE,8.96,2026-01-03
QX-PRO-283,PZ-METRO,1.46,2026-01-18
QX-PRO-283,PZ-URBAN,1.33,2025-10-31
QX-PRO-283,PZ-CORE,1.28,2025-10-03
QX-PRO-283,PZ-VALUE,1.20,2025-12-29
QX-PRO-283,PZ-REMOTE,1.40,2025-11-09
QX-PRO-284,PZ-METRO,3.61,2025-12-19
QX-PRO-284,PZ-URBAN,3.30,2026-03-04
QX-PRO-284,PZ-CORE,3.17,2026-01-10
QX-PRO-284,PZ-VALUE,2.98,2025-11-10
QX-PRO-284,PZ-REMOTE,3.46,2025-09-24
QX-BWS-285,PZ-METRO,8.81,2025-09-21
QX-BWS-285,PZ-URBAN,8.04,2025-10-27
QX-BWS-285,PZ-CORE,7.73,2025-11-12
QX-BWS-285,PZ-VALUE,7.27,2025-11-05
QX-BWS-285,PZ-REMOTE,8.43,2025-10-29
QX-DRY-286,PZ-METRO,1.16,2025-10-11
QX-DRY-286,PZ-URBAN,1.06,2026-02-09
QX-DRY-286,PZ-CORE,1.02,2025-09-21
QX-DRY-286,PZ-VALUE,0.95,2025-12-29
QX-DRY-286,PZ-REMOTE,1.11,2025-12-12
QX-BAK-287,PZ-METRO,1.92,2025-12-22
QX-BAK-287,PZ-URBAN,1.75,2025-10-22
QX-BAK-287,PZ-CORE,1.68,2025-10-10
QX-BAK-287,PZ-VALUE,1.58,2025-12-03
QX-BAK-287,PZ-REMOTE,1.83,2025-12-14
QX-BAK-288,PZ-METRO,4.54,2025-10-25
QX-BAK-288,PZ-URBAN,4.14,2026-02-09
QX-BAK-288,PZ-CORE,3.98,2025-12-30
QX-BAK-288,PZ-VALUE,3.74,2026-01-24
QX-BAK-288,PZ-REMOTE,4.34,2025-12-14
QX-DRK-289,PZ-METRO,5.68,2025-10-07
QX-DRK-289,PZ-URBAN,5.18,2026-03-17
QX-DRK-289,PZ-CORE,4.98,2026-03-17
QX-DRK-289,PZ-VALUE,4.68,2025-10-15
QX-DRK-289,PZ-REMOTE,5.43,2026-03-11
QX-BAK-290,PZ-METRO,8.85,2025-11-27
QX-BAK-290,PZ-URBAN,8.07,2025-09-21
QX-BAK-290,PZ-CORE,7.76,2025-10-03
QX-BAK-290,PZ-VALUE,7.29,2026-03-09
QX-BAK-290,PZ-REMOTE,8.46,2025-12-12
QX-PET-291,PZ-METRO,10.23,2025-12-14
QX-PET-291,PZ-URBAN,9.33,2025-10-05
QX-PET-291,PZ-CORE,8.97,2026-03-15
QX-PET-291,PZ-VALUE,8.43,2026-03-18
QX-PET-291,PZ-REMOTE,9.78,2025-12-12
QX-BAK-292,PZ-METRO,7.98,2025-10-02
QX-BAK-292,PZ-URBAN,7.28,2026-03-21
QX-BAK-292,PZ-CORE,7.00,2025-12-06
QX-BAK-292,PZ-VALUE,6.58,2025-11-17
QX-BAK-292,PZ-REMOTE,7.63,2026-01-28
QX-TIN-293,PZ-METRO,2.77,2025-11-27
QX-TIN-293,PZ-URBAN,2.53,2026-01-16
QX-TIN-293,PZ-CORE,2.43,2026-02-15
QX-TIN-293,PZ-VALUE,2.28,2025-09-28
QX-TIN-293,PZ-REMOTE,2.65,2025-10-31
QX-BWS-294,PZ-METRO,26.00,2026-01-28
QX-BWS-294,PZ-URBAN,23.72,2026-03-18
QX-BWS-294,PZ-CORE,22.81,2026-02-24
QX-BWS-294,PZ-VALUE,21.44,2025-10-26
QX-BWS-294,PZ-REMOTE,24.86,2025-10-26
QX-BWS-295,PZ-METRO,34.87,2026-02-23
QX-BWS-295,PZ-URBAN,31.81,2026-01-15
QX-BWS-295,PZ-CORE,30.59,2026-01-02
QX-BWS-295,PZ-VALUE,28.75,2026-01-01
QX-BWS-295,PZ-REMOTE,33.34,2025-11-22
QX-BAK-296,PZ-METRO,3.00,2025-10-29
QX-BAK-296,PZ-URBAN,2.74,2026-02-23
QX-BAK-296,PZ-CORE,2.63,2025-10-23
QX-BAK-296,PZ-VALUE,2.47,2025-12-12
QX-BAK-296,PZ-REMOTE,2.87,2025-09-25
QX-DRY-297,PZ-METRO,5.97,2025-11-25
QX-DRY-297,PZ-URBAN,5.45,2025-09-22
QX-DRY-297,PZ-CORE,5.24,2026-01-15
QX-DRY-297,PZ-VALUE,4.93,2026-03-18
QX-DRY-297,PZ-REMOTE,5.71,2025-11-28
QX-FRZ-298,PZ-METRO,6.49,2025-12-06
QX-FRZ-298,PZ-URBAN,5.92,2025-10-09
QX-FRZ-298,PZ-CORE,5.69,2025-09-14
QX-FRZ-298,PZ-VALUE,5.35,2025-11-05
QX-FRZ-298,PZ-REMOTE,6.20,2025-09-27
QX-FRZ-299,PZ-METRO,4.97,2025-12-30
QX-FRZ-299,PZ-URBAN,4.53,2025-11-02
QX-FRZ-299,PZ-CORE,4.36,2025-10-28
QX-FRZ-299,PZ-VALUE,4.10,2025-10-30
QX-FRZ-299,PZ-REMOTE,4.75,2026-01-12
QX-BAK-300,PZ-METRO,1.89,2026-01-02
QX-BAK-300,PZ-URBAN,1.73,2026-01-20
QX-BAK-300,PZ-CORE,1.66,2026-02-15
QX-BAK-300,PZ-VALUE,1.56,2026-03-20
QX-BAK-300,PZ-REMOTE,1.81,2026-03-02
QX-DRY-301,PZ-METRO,5.86,2025-10-18
QX-DRY-301,PZ-URBAN,5.35,2026-02-27
QX-DRY-301,PZ-CORE,5.14,2026-03-14
QX-DRY-301,PZ-VALUE,4.83,2026-02-20
QX-DRY-301,PZ-REMOTE,5.60,2026-03-04
QX-DRY-302,PZ-METRO,3.18,2025-11-26
QX-DRY-302,PZ-URBAN,2.90,2026-01-20
QX-DRY-302,PZ-CORE,2.79,2025-10-08
QX-DRY-302,PZ-VALUE,2.62,2025-09-21
QX-DRY-302,PZ-REMOTE,3.04,2025-12-15
QX-HHD-303,PZ-METRO,3.27,2026-03-13
QX-HHD-303,PZ-URBAN,2.98,2026-01-13
QX-HHD-303,PZ-CORE,2.87,2026-03-22
QX-HHD-303,PZ-VALUE,2.70,2026-03-14
QX-HHD-303,PZ-REMOTE,3.13,2025-10-16
QX-DRY-304,PZ-METRO,3.74,2025-11-19
QX-DRY-304,PZ-URBAN,3.41,2026-03-05
QX-DRY-304,PZ-CORE,3.28,2026-01-07
QX-DRY-304,PZ-VALUE,3.08,2026-01-24
QX-DRY-304,PZ-REMOTE,3.58,2026-01-01
QX-DRY-305,PZ-METRO,2.28,2026-03-12
QX-DRY-305,PZ-URBAN,2.08,2026-02-07
QX-DRY-305,PZ-CORE,2.00,2026-01-16
QX-DRY-305,PZ-VALUE,1.88,2025-11-18
QX-DRY-305,PZ-REMOTE,2.18,2025-10-22
QX-TIN-306,PZ-METRO,2.77,2026-03-16
QX-TIN-306,PZ-URBAN,2.53,2026-03-13
QX-TIN-306,PZ-CORE,2.43,2025-09-21
QX-TIN-306,PZ-VALUE,2.28,2025-10-25
QX-TIN-306,PZ-REMOTE,2.65,2025-12-11
QX-HBC-307,PZ-METRO,5.53,2025-09-18
QX-HBC-307,PZ-URBAN,5.04,2026-03-16
QX-HBC-307,PZ-CORE,4.85,2026-01-10
QX-HBC-307,PZ-VALUE,4.56,2025-12-10
QX-HBC-307,PZ-REMOTE,5.29,2025-09-21
QX-HHD-308,PZ-METRO,2.11,2026-02-23
QX-HHD-308,PZ-URBAN,1.92,2026-01-20
QX-HHD-308,PZ-CORE,1.85,2026-01-11
QX-HHD-308,PZ-VALUE,1.74,2026-01-04
QX-HHD-308,PZ-REMOTE,2.02,2026-01-15
QX-DRY-309,PZ-METRO,4.22,2025-10-03
QX-DRY-309,PZ-URBAN,3.85,2025-12-03
QX-DRY-309,PZ-CORE,3.70,2025-11-09
QX-DRY-309,PZ-VALUE,3.48,2026-03-02
QX-DRY-309,PZ-REMOTE,4.03,2025-10-09
QX-FRZ-310,PZ-METRO,7.25,2025-11-25
QX-FRZ-310,PZ-URBAN,6.61,2025-12-11
QX-FRZ-310,PZ-CORE,6.36,2025-09-29
QX-FRZ-310,PZ-VALUE,5.98,2026-01-20
QX-FRZ-310,PZ-REMOTE,6.93,2026-02-15
QX-HHD-311,PZ-METRO,7.99,2025-12-02
QX-HHD-311,PZ-URBAN,7.29,2025-10-10
QX-HHD-311,PZ-CORE,7.01,2025-12-23
QX-HHD-311,PZ-VALUE,6.59,2026-01-26
QX-HHD-311,PZ-REMOTE,7.64,2025-10-14
QX-DRY-312,PZ-METRO,1.92,2026-03-18
QX-DRY-312,PZ-URBAN,1.75,2025-09-17
QX-DRY-312,PZ-CORE,1.68,2025-10-28
QX-DRY-312,PZ-VALUE,1.58,2026-01-07
QX-DRY-312,PZ-REMOTE,1.83,2025-12-16
QX-HBC-313,PZ-METRO,4.75,2026-02-01
QX-HBC-313,PZ-URBAN,4.34,2025-11-21
QX-HBC-313,PZ-CORE,4.17,2025-11-23
QX-HBC-313,PZ-VALUE,3.92,2026-03-20
QX-HBC-313,PZ-REMOTE,4.55,2025-11-02
QX-CER-314,PZ-METRO,4.88,2026-02-25
QX-CER-314,PZ-URBAN,4.45,2025-10-17
QX-CER-314,PZ-CORE,4.28,2025-09-16
QX-CER-314,PZ-VALUE,4.02,2025-09-23
QX-CER-314,PZ-REMOTE,4.67,2025-10-25
QX-CHL-315,PZ-METRO,2.10,2025-12-04
QX-CHL-315,PZ-URBAN,1.91,2026-03-07
QX-CHL-315,PZ-CORE,1.84,2026-01-03
QX-CHL-315,PZ-VALUE,1.73,2025-10-29
QX-CHL-315,PZ-REMOTE,2.01,2025-11-14
QX-CER-316,PZ-METRO,2.61,2026-03-20
QX-CER-316,PZ-URBAN,2.38,2025-11-15
QX-CER-316,PZ-CORE,2.29,2025-11-16
QX-CER-316,PZ-VALUE,2.15,2025-11-28
QX-CER-316,PZ-REMOTE,2.50,2025-11-06
QX-BWS-317,PZ-METRO,15.83,2026-02-20
QX-BWS-317,PZ-URBAN,14.45,2025-12-16
QX-BWS-317,PZ-CORE,13.89,2026-01-10
QX-BWS-317,PZ-VALUE,13.06,2025-10-20
QX-BWS-317,PZ-REMOTE,15.14,2025-09-20
QX-TIN-318,PZ-METRO,2.14,2025-11-06
QX-TIN-318,PZ-URBAN,1.96,2025-11-01
QX-TIN-318,PZ-CORE,1.88,2025-09-19
QX-TIN-318,PZ-VALUE,1.77,2025-10-18
QX-TIN-318,PZ-REMOTE,2.05,2025-11-25
QX-CER-319,PZ-METRO,4.21,2026-03-15
QX-CER-319,PZ-URBAN,3.84,2025-10-29
QX-CER-319,PZ-CORE,3.69,2025-09-17
QX-CER-319,PZ-VALUE,3.47,2026-01-27
QX-CER-319,PZ-REMOTE,4.02,2025-10-22
QX-BWS-320,PZ-METRO,18.41,2025-12-12
QX-BWS-320,PZ-URBAN,16.80,2025-12-03
QX-BWS-320,PZ-CORE,16.15,2025-11-27
QX-BWS-320,PZ-VALUE,15.18,2025-11-16
QX-BWS-320,PZ-REMOTE,17.60,2025-11-03
QX-HHD-321,PZ-METRO,11.64,2025-12-10
QX-HHD-321,PZ-URBAN,10.62,2025-10-29
QX-HHD-321,PZ-CORE,10.21,2025-10-04
QX-HHD-321,PZ-VALUE,9.60,2026-02-07
QX-HHD-321,PZ-REMOTE,11.13,2026-01-09
QX-FRZ-322,PZ-METRO,2.57,2025-09-28
QX-FRZ-322,PZ-URBAN,2.34,2025-10-30
QX-FRZ-322,PZ-CORE,2.25,2025-09-20
QX-FRZ-322,PZ-VALUE,2.11,2025-12-07
QX-FRZ-322,PZ-REMOTE,2.45,2026-01-19
QX-FRZ-323,PZ-METRO,9.39,2025-10-31
QX-FRZ-323,PZ-URBAN,8.57,2025-12-04
QX-FRZ-323,PZ-CORE,8.24,2025-10-20
QX-FRZ-323,PZ-VALUE,7.75,2026-01-24
QX-FRZ-323,PZ-REMOTE,8.98,2026-01-29
QX-CER-324,PZ-METRO,3.52,2025-10-07
QX-CER-324,PZ-URBAN,3.21,2026-01-02
QX-CER-324,PZ-CORE,3.09,2025-10-27
QX-CER-324,PZ-VALUE,2.90,2025-11-22
QX-CER-324,PZ-REMOTE,3.37,2026-01-05
QX-HBC-325,PZ-METRO,4.32,2025-11-19
QX-HBC-325,PZ-URBAN,3.94,2025-09-14
QX-HBC-325,PZ-CORE,3.79,2025-12-17
QX-HBC-325,PZ-VALUE,3.56,2026-01-20
QX-HBC-325,PZ-REMOTE,4.13,2026-02-22
QX-PET-326,PZ-METRO,6.45,2025-11-30
QX-PET-326,PZ-URBAN,5.89,2025-12-01
QX-PET-326,PZ-CORE,5.66,2025-12-13
QX-PET-326,PZ-VALUE,5.32,2026-03-18
QX-PET-326,PZ-REMOTE,6.17,2025-12-15
QX-BAK-327,PZ-METRO,2.50,2026-02-15
QX-BAK-327,PZ-URBAN,2.28,2025-10-09
QX-BAK-327,PZ-CORE,2.19,2026-01-04
QX-BAK-327,PZ-VALUE,2.06,2026-02-05
QX-BAK-327,PZ-REMOTE,2.39,2025-12-11
QX-BAK-328,PZ-METRO,4.39,2026-02-28
QX-BAK-328,PZ-URBAN,4.00,2025-09-25
QX-BAK-328,PZ-CORE,3.85,2025-11-03
QX-BAK-328,PZ-VALUE,3.62,2025-10-12
QX-BAK-328,PZ-REMOTE,4.20,2026-03-06
QX-CER-329,PZ-METRO,4.81,2025-10-06
QX-CER-329,PZ-URBAN,4.39,2025-12-05
QX-CER-329,PZ-CORE,4.22,2025-11-12
QX-CER-329,PZ-VALUE,3.97,2026-02-03
QX-CER-329,PZ-REMOTE,4.60,2026-01-04
QX-HHD-330,PZ-METRO,6.87,2025-09-27
QX-HHD-330,PZ-URBAN,6.27,2025-11-09
QX-HHD-330,PZ-CORE,6.03,2025-10-21
QX-HHD-330,PZ-VALUE,5.67,2026-02-02
QX-HHD-330,PZ-REMOTE,6.57,2025-11-29
QX-CER-331,PZ-METRO,4.67,2025-10-29
QX-CER-331,PZ-URBAN,4.26,2025-11-16
QX-CER-331,PZ-CORE,4.10,2025-10-01
QX-CER-331,PZ-VALUE,3.85,2026-02-13
QX-CER-331,PZ-REMOTE,4.47,2026-01-14
QX-DRY-332,PZ-METRO,1.74,2026-03-14
QX-DRY-332,PZ-URBAN,1.59,2025-10-20
QX-DRY-332,PZ-CORE,1.53,2026-01-25
QX-DRY-332,PZ-VALUE,1.44,2025-09-19
QX-DRY-332,PZ-REMOTE,1.67,2025-09-21
QX-BAK-333,PZ-METRO,1.11,2025-11-24
QX-BAK-333,PZ-URBAN,1.01,2025-10-20
QX-BAK-333,PZ-CORE,0.95,2025-09-23
QX-BAK-333,PZ-VALUE,0.90,2026-03-05
QX-BAK-333,PZ-REMOTE,1.06,2025-12-16
QX-DRK-334,PZ-METRO,1.80,2025-11-08
QX-DRK-334,PZ-URBAN,1.64,2026-01-18
QX-DRK-334,PZ-CORE,1.58,2025-12-04
QX-DRK-334,PZ-VALUE,1.49,2025-12-04
QX-DRK-334,PZ-REMOTE,1.72,2026-03-07
QX-BAK-335,PZ-METRO,3.96,2025-12-22
QX-BAK-335,PZ-URBAN,3.61,2025-11-26
QX-BAK-335,PZ-CORE,3.47,2026-02-24
QX-BAK-335,PZ-VALUE,3.26,2026-01-18
QX-BAK-335,PZ-REMOTE,3.78,2025-09-27
QX-CHL-336,PZ-METRO,7.39,2026-02-03
QX-CHL-336,PZ-URBAN,6.74,2025-10-10
QX-CHL-336,PZ-CORE,6.48,2025-09-18
QX-CHL-336,PZ-VALUE,6.09,2025-12-11
QX-CHL-336,PZ-REMOTE,7.06,2025-10-29
QX-HBC-337,PZ-METRO,16.42,2025-09-17
QX-HBC-337,PZ-URBAN,14.98,2026-02-24
QX-HBC-337,PZ-CORE,14.40,2025-11-13
QX-HBC-337,PZ-VALUE,13.54,2026-03-21
QX-HBC-337,PZ-REMOTE,15.70,2025-11-11
QX-TIN-338,PZ-METRO,0.60,2026-02-15
QX-TIN-338,PZ-URBAN,0.55,2026-01-07
QX-TIN-338,PZ-CORE,0.50,2025-10-02
QX-TIN-338,PZ-VALUE,0.50,2025-10-10
QX-TIN-338,PZ-REMOTE,0.55,2025-12-05
QX-HHD-339,PZ-METRO,1.97,2026-01-29
QX-HHD-339,PZ-URBAN,1.80,2025-11-03
QX-HHD-339,PZ-CORE,1.73,2026-02-11
QX-HHD-339,PZ-VALUE,1.63,2026-01-07
QX-HHD-339,PZ-REMOTE,1.89,2026-02-12
QX-TIN-340,PZ-METRO,2.76,2025-09-24
QX-TIN-340,PZ-URBAN,2.52,2025-10-11
QX-TIN-340,PZ-CORE,2.42,2025-10-25
QX-TIN-340,PZ-VALUE,2.27,2025-09-16
QX-TIN-340,PZ-REMOTE,2.64,2025-10-12
QX-CER-341,PZ-METRO,1.56,2025-12-20
QX-CER-341,PZ-URBAN,1.42,2025-09-28
QX-CER-341,PZ-CORE,1.37,2025-12-14
QX-CER-341,PZ-VALUE,1.29,2026-03-16
QX-CER-341,PZ-REMOTE,1.49,2025-12-08
QX-TIN-342,PZ-METRO,0.60,2026-01-26
QX-TIN-342,PZ-URBAN,0.55,2025-11-27
QX-TIN-342,PZ-CORE,0.55,2026-02-12
QX-TIN-342,PZ-VALUE,0.50,2025-12-21
QX-TIN-342,PZ-REMOTE,0.60,2026-02-27
QX-FRZ-343,PZ-METRO,1.81,2025-12-13
QX-FRZ-343,PZ-URBAN,1.65,2026-02-19
QX-FRZ-343,PZ-CORE,1.59,2025-11-18
QX-FRZ-343,PZ-VALUE,1.49,2026-03-12
QX-FRZ-343,PZ-REMOTE,1.73,2025-12-06
QX-DRY-344,PZ-METRO,4.04,2025-11-10
QX-DRY-344,PZ-URBAN,3.68,2026-02-12
QX-DRY-344,PZ-CORE,3.54,2025-11-16
QX-DRY-344,PZ-VALUE,3.33,2025-09-23
QX-DRY-344,PZ-REMOTE,3.86,2026-02-05
QX-PET-345,PZ-METRO,7.97,2026-03-06
QX-PET-345,PZ-URBAN,7.27,2025-11-20
QX-PET-345,PZ-CORE,6.99,2025-11-04
QX-PET-345,PZ-VALUE,6.57,2026-01-16
QX-PET-345,PZ-REMOTE,7.62,2026-02-09
QX-CER-346,PZ-METRO,1.37,2026-01-02
QX-CER-346,PZ-URBAN,1.25,2025-11-17
QX-CER-346,PZ-CORE,1.20,2026-03-21
QX-CER-346,PZ-VALUE,1.13,2025-12-28
QX-CER-346,PZ-REMOTE,1.31,2026-02-27
QX-PRO-347,PZ-METRO,2.29,2025-12-22
QX-PRO-347,PZ-URBAN,2.09,2026-01-13
QX-PRO-347,PZ-CORE,2.01,2025-09-19
QX-PRO-347,PZ-VALUE,1.89,2026-03-18
QX-PRO-347,PZ-REMOTE,2.19,2025-10-18
QX-PET-348,PZ-METRO,6.57,2025-10-30
QX-PET-348,PZ-URBAN,5.99,2026-03-13
QX-PET-348,PZ-CORE,5.76,2025-09-29
QX-PET-348,PZ-VALUE,5.41,2025-09-17
QX-PET-348,PZ-REMOTE,6.28,2025-12-10
QX-PET-349,PZ-METRO,7.42,2026-02-11
QX-PET-349,PZ-URBAN,6.77,2025-11-01
QX-PET-349,PZ-CORE,6.51,2025-12-26
QX-PET-349,PZ-VALUE,6.12,2025-10-12
QX-PET-349,PZ-REMOTE,7.10,2025-11-10
QX-DRY-350,PZ-METRO,7.05,2025-12-28
QX-DRY-350,PZ-URBAN,6.43,2025-12-22
QX-DRY-350,PZ-CORE,6.18,2025-11-13
QX-DRY-350,PZ-VALUE,5.81,2026-02-24
QX-DRY-350,PZ-REMOTE,6.74,2026-01-14
QX-CHL-351,PZ-METRO,3.20,2026-01-06
QX-CHL-351,PZ-URBAN,2.92,2026-01-29
QX-CHL-351,PZ-CORE,2.81,2025-11-06
QX-CHL-351,PZ-VALUE,2.64,2026-02-25
QX-CHL-351,PZ-REMOTE,3.06,2025-10-20
QX-CHL-352,PZ-METRO,7.54,2025-12-03
QX-CHL-352,PZ-URBAN,6.87,2026-01-12
QX-CHL-352,PZ-CORE,6.61,2026-01-06
QX-CHL-352,PZ-VALUE,6.21,2026-01-07
QX-CHL-352,PZ-REMOTE,7.20,2026-02-18
QX-BWS-353,PZ-METRO,40.15,2025-12-27
QX-BWS-353,PZ-URBAN,36.63,2025-12-10
QX-BWS-353,PZ-CORE,35.22,2025-11-07
QX-BWS-353,PZ-VALUE,33.11,2025-10-29
QX-BWS-353,PZ-REMOTE,38.39,2025-10-04
QX-CHL-354,PZ-METRO,1.81,2025-11-30
QX-CHL-354,PZ-URBAN,1.65,2026-02-24
QX-CHL-354,PZ-CORE,1.59,2025-10-26
QX-CHL-354,PZ-VALUE,1.49,2026-01-07
QX-CHL-354,PZ-REMOTE,1.73,2025-10-16
QX-CER-355,PZ-METRO,3.49,2025-11-12
QX-CER-355,PZ-URBAN,3.18,2025-11-21
QX-CER-355,PZ-CORE,3.06,2026-02-10
QX-CER-355,PZ-VALUE,2.88,2025-09-25
QX-CER-355,PZ-REMOTE,3.34,2026-01-19
QX-DRK-356,PZ-METRO,6.25,2026-03-22
QX-DRK-356,PZ-URBAN,5.70,2026-02-06
QX-DRK-356,PZ-CORE,5.48,2026-02-14
QX-DRK-356,PZ-VALUE,5.15,2026-02-15
QX-DRK-356,PZ-REMOTE,5.97,2025-11-15
QX-FRZ-357,PZ-METRO,7.85,2026-01-13
QX-FRZ-357,PZ-URBAN,7.17,2025-11-13
QX-FRZ-357,PZ-CORE,6.89,2025-11-22
QX-FRZ-357,PZ-VALUE,6.48,2025-09-25
QX-FRZ-357,PZ-REMOTE,7.51,2025-11-15
QX-HBC-358,PZ-METRO,13.03,2025-12-03
QX-HBC-358,PZ-URBAN,11.89,2025-09-17
QX-HBC-358,PZ-CORE,11.43,2025-11-22
QX-HBC-358,PZ-VALUE,10.74,2025-11-20
QX-HBC-358,PZ-REMOTE,12.46,2026-02-28
QX-BWS-359,PZ-METRO,18.15,2026-02-07
QX-BWS-359,PZ-URBAN,16.56,2025-10-09
QX-BWS-359,PZ-CORE,15.92,2025-10-01
QX-BWS-359,PZ-VALUE,14.96,2026-01-21
QX-BWS-359,PZ-REMOTE,17.35,2025-12-18
QX-BAK-360,PZ-METRO,9.18,2025-11-27
QX-BAK-360,PZ-URBAN,8.37,2025-12-24
QX-BAK-360,PZ-CORE,8.05,2025-10-07
QX-BAK-360,PZ-VALUE,7.57,2025-10-18
QX-BAK-360,PZ-REMOTE,8.77,2026-01-16
QX-DRK-361,PZ-METRO,0.70,2025-12-08
QX-DRK-361,PZ-URBAN,0.65,2025-11-22
QX-DRK-361,PZ-CORE,0.65,2026-02-08
QX-DRK-361,PZ-VALUE,0.60,2026-02-16
QX-DRK-361,PZ-REMOTE,0.70,2026-03-22
QX-HHD-362,PZ-METRO,5.08,2026-02-12
QX-HHD-362,PZ-URBAN,4.64,2026-01-25
QX-HHD-362,PZ-CORE,4.46,2025-12-08
QX-HHD-362,PZ-VALUE,4.19,2025-09-30
QX-HHD-362,PZ-REMOTE,4.86,2025-11-02
QX-PRO-363,PZ-METRO,5.02,2025-09-22
QX-PRO-363,PZ-URBAN,4.58,2025-10-07
QX-PRO-363,PZ-CORE,4.40,2026-03-01
QX-PRO-363,PZ-VALUE,4.14,2025-09-28
QX-PRO-363,PZ-REMOTE,4.80,2025-11-05
QX-TIN-364,PZ-METRO,2.09,2026-03-01
QX-TIN-364,PZ-URBAN,1.90,2026-01-24
QX-TIN-364,PZ-CORE,1.83,2026-02-22
QX-TIN-364,PZ-VALUE,1.72,2025-10-12
QX-TIN-364,PZ-REMOTE,1.99,2026-03-21
QX-BWS-365,PZ-METRO,17.34,2026-01-30
QX-BWS-365,PZ-URBAN,15.82,2025-09-20
QX-BWS-365,PZ-CORE,15.21,2026-03-07
QX-BWS-365,PZ-VALUE,14.30,2025-11-28
QX-BWS-365,PZ-REMOTE,16.58,2026-01-17
QX-DRY-366,PZ-METRO,2.83,2025-10-30
QX-DRY-366,PZ-URBAN,2.58,2026-03-16
QX-DRY-366,PZ-CORE,2.48,2026-02-21
QX-DRY-366,PZ-VALUE,2.33,2025-10-19
QX-DRY-366,PZ-REMOTE,2.70,2026-03-21
QX-PET-367,PZ-METRO,1.06,2025-11-05
QX-PET-367,PZ-URBAN,0.95,2026-03-14
QX-PET-367,PZ-CORE,0.95,2025-11-20
QX-PET-367,PZ-VALUE,0.85,2025-10-10
QX-PET-367,PZ-REMOTE,1.01,2025-12-13
QX-CHL-368,PZ-METRO,1.54,2025-12-02
QX-CHL-368,PZ-URBAN,1.40,2026-02-17
QX-CHL-368,PZ-CORE,1.35,2025-10-21
QX-CHL-368,PZ-VALUE,1.27,2025-10-10
QX-CHL-368,PZ-REMOTE,1.47,2025-11-10
QX-HBC-369,PZ-METRO,6.05,2025-12-19
QX-HBC-369,PZ-URBAN,5.52,2026-01-12
QX-HBC-369,PZ-CORE,5.31,2025-12-17
QX-HBC-369,PZ-VALUE,4.99,2026-02-19
QX-HBC-369,PZ-REMOTE,5.79,2025-11-11
QX-TIN-370,PZ-METRO,1.56,2026-03-03
QX-TIN-370,PZ-URBAN,1.42,2025-12-05
QX-TIN-370,PZ-CORE,1.37,2025-12-22
QX-TIN-370,PZ-VALUE,1.29,2025-09-17
QX-TIN-370,PZ-REMOTE,1.49,2025-12-18
QX-HBC-371,PZ-METRO,7.49,2026-02-18
QX-HBC-371,PZ-URBAN,6.83,2025-10-13
QX-HBC-371,PZ-CORE,6.57,2026-02-20
QX-HBC-371,PZ-VALUE,6.18,2026-02-20
QX-HBC-371,PZ-REMOTE,7.16,2025-11-18
QX-CER-372,PZ-METRO,2.55,2025-12-30
QX-CER-372,PZ-URBAN,2.33,2026-01-16
QX-CER-372,PZ-CORE,2.24,2026-01-01
QX-CER-372,PZ-VALUE,2.11,2025-12-26
QX-CER-372,PZ-REMOTE,2.44,2025-12-24
QX-HHD-373,PZ-METRO,9.26,2025-10-31
QX-HHD-373,PZ-URBAN,8.44,2025-11-30
QX-HHD-373,PZ-CORE,8.12,2026-01-01
QX-HHD-373,PZ-VALUE,7.63,2025-12-06
QX-HHD-373,PZ-REMOTE,8.85,2026-03-22
QX-HBC-374,PZ-METRO,15.87,2025-11-26
QX-HBC-374,PZ-URBAN,14.48,2025-12-08
QX-HBC-374,PZ-CORE,13.92,2025-11-29
QX-HBC-374,PZ-VALUE,13.08,2026-01-16
QX-HBC-374,PZ-REMOTE,15.17,2026-01-29
QX-TIN-375,PZ-METRO,2.87,2025-10-23
QX-TIN-375,PZ-URBAN,2.62,2026-03-05
QX-TIN-375,PZ-CORE,2.52,2025-11-28
QX-TIN-375,PZ-VALUE,2.37,2026-01-08
QX-TIN-375,PZ-REMOTE,2.75,2026-02-12
QX-BWS-376,PZ-METRO,29.23,2025-09-21
QX-BWS-376,PZ-URBAN,26.67,2026-02-10
QX-BWS-376,PZ-CORE,25.64,2025-11-05
QX-BWS-376,PZ-VALUE,24.10,2025-11-29
QX-BWS-376,PZ-REMOTE,27.95,2025-11-18
QX-CHL-377,PZ-METRO,17.90,2025-11-30
QX-CHL-377,PZ-URBAN,16.33,2026-02-14
QX-CHL-377,PZ-CORE,15.70,2026-02-28
QX-CHL-377,PZ-VALUE,14.76,2026-01-18
QX-CHL-377,PZ-REMOTE,17.11,2025-12-01
QX-PET-378,PZ-METRO,9.13,2025-09-30
QX-PET-378,PZ-URBAN,8.33,2026-01-18
QX-PET-378,PZ-CORE,8.01,2026-02-13
QX-PET-378,PZ-VALUE,7.53,2026-03-12
QX-PET-378,PZ-REMOTE,8.73,2025-10-02
QX-BAK-379,PZ-METRO,4.65,2025-10-01
QX-BAK-379,PZ-URBAN,4.24,2026-03-21
QX-BAK-379,PZ-CORE,4.08,2025-09-22
QX-BAK-379,PZ-VALUE,3.84,2025-12-02
QX-BAK-379,PZ-REMOTE,4.45,2026-03-21
QX-DRK-380,PZ-METRO,7.34,2025-10-10
QX-DRK-380,PZ-URBAN,6.70,2025-10-12
QX-DRK-380,PZ-CORE,6.44,2026-03-03
QX-DRK-380,PZ-VALUE,6.05,2025-12-21
QX-DRK-380,PZ-REMOTE,7.02,2025-12-24
QX-CHL-381,PZ-METRO,3.84,2026-02-12
QX-CHL-381,PZ-URBAN,3.50,2026-01-13
QX-CHL-381,PZ-CORE,3.37,2025-12-04
QX-CHL-381,PZ-VALUE,3.17,2026-01-27
QX-CHL-381,PZ-REMOTE,3.67,2025-09-16
QX-FRZ-382,PZ-METRO,5.46,2026-01-16
QX-FRZ-382,PZ-URBAN,4.98,2026-02-20
QX-FRZ-382,PZ-CORE,4.79,2025-10-19
QX-FRZ-382,PZ-VALUE,4.50,2026-01-14
QX-FRZ-382,PZ-REMOTE,5.22,2025-09-30
QX-TIN-383,PZ-METRO,1.44,2025-10-30
QX-TIN-383,PZ-URBAN,1.31,2025-10-16
QX-TIN-383,PZ-CORE,1.26,2026-03-16
QX-TIN-383,PZ-VALUE,1.18,2025-11-06
QX-TIN-383,PZ-REMOTE,1.37,2026-02-03
QX-BWS-384,PZ-METRO,24.56,2026-02-28
QX-BWS-384,PZ-URBAN,22.40,2026-01-22
QX-BWS-384,PZ-CORE,21.54,2026-03-02
QX-BWS-384,PZ-VALUE,20.25,2025-10-03
QX-BWS-384,PZ-REMOTE,23.48,2025-11-20
QX-HHD-385,PZ-METRO,11.46,2025-12-23
QX-HHD-385,PZ-URBAN,10.45,2025-09-21
QX-HHD-385,PZ-CORE,10.05,2025-10-31
QX-HHD-385,PZ-VALUE,9.45,2026-03-10
QX-HHD-385,PZ-REMOTE,10.95,2026-01-04
QX-FRZ-386,PZ-METRO,9.35,2025-11-14
QX-FRZ-386,PZ-URBAN,8.53,2025-12-28
QX-FRZ-386,PZ-CORE,8.20,2026-03-02
QX-FRZ-386,PZ-VALUE,7.71,2025-09-20
QX-FRZ-386,PZ-REMOTE,8.94,2025-10-07
QX-HHD-387,PZ-METRO,6.45,2026-03-05
QX-HHD-387,PZ-URBAN,5.89,2026-02-26
QX-HHD-387,PZ-CORE,5.66,2025-12-16
QX-HHD-387,PZ-VALUE,5.32,2026-01-03
QX-HHD-387,PZ-REMOTE,6.17,2025-10-09
QX-HHD-388,PZ-METRO,12.62,2026-01-31
QX-HHD-388,PZ-URBAN,11.51,2026-01-09
QX-HHD-388,PZ-CORE,11.07,2025-11-06
QX-HHD-388,PZ-VALUE,10.41,2026-01-20
QX-HHD-388,PZ-REMOTE,12.07,2025-11-26
QX-HBC-389,PZ-METRO,14.31,2025-12-06
QX-HBC-389,PZ-URBAN,13.05,2026-01-11
QX-HBC-389,PZ-CORE,12.55,2025-11-12
QX-HBC-389,PZ-VALUE,11.80,2026-01-07
QX-HBC-389,PZ-REMOTE,13.68,2025-12-12
QX-HHD-390,PZ-METRO,1.28,2026-03-17
QX-HHD-390,PZ-URBAN,1.16,2025-12-01
QX-HHD-390,PZ-CORE,1.12,2026-01-24
QX-HHD-390,PZ-VALUE,1.05,2026-02-10
QX-HHD-390,PZ-REMOTE,1.22,2026-03-02
QX-TIN-391,PZ-METRO,1.47,2026-01-30
QX-TIN-391,PZ-URBAN,1.34,2025-12-09
QX-TIN-391,PZ-CORE,1.29,2026-01-10
QX-TIN-391,PZ-VALUE,1.21,2025-12-19
QX-TIN-391,PZ-REMOTE,1.41,2025-10-28
QX-CHL-392,PZ-METRO,10.44,2026-03-11
QX-CHL-392,PZ-URBAN,9.53,2025-11-05
QX-CHL-392,PZ-CORE,9.16,2026-03-01
QX-CHL-392,PZ-VALUE,8.61,2025-11-23
QX-CHL-392,PZ-REMOTE,9.98,2025-09-30
QX-DRK-393,PZ-METRO,7.00,2025-09-25
QX-DRK-393,PZ-URBAN,6.39,2026-01-30
QX-DRK-393,PZ-CORE,6.14,2025-09-17
QX-DRK-393,PZ-VALUE,5.77,2025-10-21
QX-DRK-393,PZ-REMOTE,6.69,2026-01-13
QX-CER-394,PZ-METRO,3.01,2026-01-28
QX-CER-394,PZ-URBAN,2.75,2026-03-10
QX-CER-394,PZ-CORE,2.64,2025-11-20
QX-CER-394,PZ-VALUE,2.48,2025-12-11
QX-CER-394,PZ-REMOTE,2.88,2025-10-15
QX-BWS-395,PZ-METRO,16.87,2026-03-04
QX-BWS-395,PZ-URBAN,15.39,2025-11-14
QX-BWS-395,PZ-CORE,14.80,2025-12-04
QX-BWS-395,PZ-VALUE,13.91,2026-03-11
QX-BWS-395,PZ-REMOTE,16.13,2026-02-21
QX-PRO-396,PZ-METRO,4.82,2025-11-23
QX-PRO-396,PZ-URBAN,4.40,2025-11-25
QX-PRO-396,PZ-CORE,4.23,2025-11-05
QX-PRO-396,PZ-VALUE,3.98,2025-09-25
QX-PRO-396,PZ-REMOTE,4.61,2025-11-10
QX-TIN-397,PZ-METRO,1.33,2025-11-13
QX-TIN-397,PZ-URBAN,1.22,2025-09-21
QX-TIN-397,PZ-CORE,1.17,2025-09-24
QX-TIN-397,PZ-VALUE,1.10,2025-11-14
QX-TIN-397,PZ-REMOTE,1.28,2025-10-30
QX-BWS-398,PZ-METRO,32.88,2026-03-19
QX-BWS-398,PZ-URBAN,29.99,2025-12-29
QX-BWS-398,PZ-CORE,28.84,2026-01-12
QX-BWS-398,PZ-VALUE,27.11,2025-11-04
QX-BWS-398,PZ-REMOTE,31.44,2026-02-27
QX-HBC-399,PZ-METRO,6.63,2026-01-16
QX-HBC-399,PZ-URBAN,6.05,2026-01-25
QX-HBC-399,PZ-CORE,5.82,2026-03-02
QX-HBC-399,PZ-VALUE,5.47,2025-10-27
QX-HBC-399,PZ-REMOTE,6.34,2026-02-24
QX-DRK-400,PZ-METRO,1.71,2026-01-20
QX-DRK-400,PZ-URBAN,1.56,2026-03-01
QX-DRK-400,PZ-CORE,1.50,2025-11-09
QX-DRK-400,PZ-VALUE,1.41,2026-02-11
QX-DRK-400,PZ-REMOTE,1.64,2026-02-15
QX-PRO-401,PZ-METRO,5.10,2026-02-27
QX-PRO-401,PZ-URBAN,4.65,2025-12-08
QX-PRO-401,PZ-CORE,4.47,2026-02-16
QX-PRO-401,PZ-VALUE,4.20,2025-09-15
QX-PRO-401,PZ-REMOTE,4.87,2026-01-08
QX-PRO-402,PZ-METRO,1.07,2025-10-02
QX-PRO-402,PZ-URBAN,1.00,2025-12-14
QX-PRO-402,PZ-CORE,0.95,2026-03-22
QX-PRO-402,PZ-VALUE,0.90,2025-09-17
QX-PRO-402,PZ-REMOTE,1.02,2026-01-09
QX-FRZ-403,PZ-METRO,4.24,2025-12-22
QX-FRZ-403,PZ-URBAN,3.87,2025-12-24
QX-FRZ-403,PZ-CORE,3.72,2026-02-14
QX-FRZ-403,PZ-VALUE,3.50,2026-03-01
QX-FRZ-403,PZ-REMOTE,4.05,2026-03-13
QX-PRO-404,PZ-METRO,5.95,2026-01-26
QX-PRO-404,PZ-URBAN,5.43,2026-03-06
QX-PRO-404,PZ-CORE,5.22,2026-02-16
QX-PRO-404,PZ-VALUE,4.91,2026-01-17
QX-PRO-404,PZ-REMOTE,5.69,2026-01-17
QX-DRK-405,PZ-METRO,6.97,2025-12-21
QX-DRK-405,PZ-URBAN,6.35,2026-03-16
QX-DRK-405,PZ-CORE,6.11,2026-02-06
QX-DRK-405,PZ-VALUE,5.74,2025-10-09
QX-DRK-405,PZ-REMOTE,6.66,2026-02-18
QX-BAK-406,PZ-METRO,1.84,2025-10-29
QX-BAK-406,PZ-URBAN,1.67,2026-03-12
QX-BAK-406,PZ-CORE,1.61,2026-03-07
QX-BAK-406,PZ-VALUE,1.51,2025-12-31
QX-BAK-406,PZ-REMOTE,1.75,2026-02-11
QX-TIN-407,PZ-METRO,2.02,2025-11-04
QX-TIN-407,PZ-URBAN,1.84,2026-03-05
QX-TIN-407,PZ-CORE,1.77,2025-12-11
QX-TIN-407,PZ-VALUE,1.66,2025-10-19
QX-TIN-407,PZ-REMOTE,1.93,2026-02-19
QX-PRO-408,PZ-METRO,1.82,2025-10-06
QX-PRO-408,PZ-URBAN,1.66,2025-10-21
QX-PRO-408,PZ-CORE,1.60,2026-02-09
QX-PRO-408,PZ-VALUE,1.50,2026-02-16
QX-PRO-408,PZ-REMOTE,1.74,2026-01-04
QX-HBC-409,PZ-METRO,5.91,2026-03-09
QX-HBC-409,PZ-URBAN,5.39,2026-03-06
QX-HBC-409,PZ-CORE,5.18,2025-12-26
QX-HBC-409,PZ-VALUE,4.87,2025-11-21
QX-HBC-409,PZ-REMOTE,5.65,2025-10-22
QX-CER-410,PZ-METRO,3.80,2025-12-13
QX-CER-410,PZ-URBAN,3.46,2025-11-12
QX-CER-410,PZ-CORE,3.33,2025-12-23
QX-CER-410,PZ-VALUE,3.13,2026-03-03
QX-CER-410,PZ-REMOTE,3.63,2026-03-05
QX-FRZ-411,PZ-METRO,7.43,2025-10-28
QX-FRZ-411,PZ-URBAN,6.78,2025-11-27
QX-FRZ-411,PZ-CORE,6.52,2025-12-03
QX-FRZ-411,PZ-VALUE,6.13,2025-10-23
QX-FRZ-411,PZ-REMOTE,7.11,2026-01-29
QX-HHD-412,PZ-METRO,12.54,2025-12-17
QX-HHD-412,PZ-URBAN,11.44,2025-09-23
QX-HHD-412,PZ-CORE,11.00,2025-10-02
QX-HHD-412,PZ-VALUE,10.34,2025-09-23
QX-HHD-412,PZ-REMOTE,11.99,2026-02-10
QX-CHL-413,PZ-METRO,15.94,2026-01-27
QX-CHL-413,PZ-URBAN,14.54,2025-11-24
QX-CHL-413,PZ-CORE,13.98,2026-02-18
QX-CHL-413,PZ-VALUE,13.14,2025-09-19
QX-CHL-413,PZ-REMOTE,15.24,2025-12-22
QX-DRY-414,PZ-METRO,1.23,2025-09-21
QX-DRY-414,PZ-URBAN,1.12,2025-12-25
QX-DRY-414,PZ-CORE,1.08,2025-12-03
QX-DRY-414,PZ-VALUE,1.02,2025-11-19
QX-DRY-414,PZ-REMOTE,1.18,2026-03-22
QX-PET-415,PZ-METRO,4.20,2026-02-07
QX-PET-415,PZ-URBAN,3.83,2025-12-03
QX-PET-415,PZ-CORE,3.68,2026-03-06
QX-PET-415,PZ-VALUE,3.46,2026-03-13
QX-PET-415,PZ-REMOTE,4.01,2026-01-29
QX-DRY-416,PZ-METRO,7.77,2026-02-12
QX-DRY-416,PZ-URBAN,7.09,2025-10-05
QX-DRY-416,PZ-CORE,6.82,2026-03-02
QX-DRY-416,PZ-VALUE,6.41,2025-10-22
QX-DRY-416,PZ-REMOTE,7.43,2026-03-11
QX-CHL-417,PZ-METRO,22.67,2025-10-27
QX-CHL-417,PZ-URBAN,20.69,2026-01-11
QX-CHL-417,PZ-CORE,19.89,2025-12-23
QX-CHL-417,PZ-VALUE,18.70,2025-10-05
QX-CHL-417,PZ-REMOTE,21.68,2025-10-19
QX-PET-418,PZ-METRO,11.76,2026-02-26
QX-PET-418,PZ-URBAN,10.73,2026-01-05
QX-PET-418,PZ-CORE,10.32,2026-01-13
QX-PET-418,PZ-VALUE,9.70,2025-10-05
QX-PET-418,PZ-REMOTE,11.25,2026-02-19
QX-DRY-419,PZ-METRO,2.14,2026-03-02
QX-DRY-419,PZ-URBAN,1.96,2025-12-15
QX-DRY-419,PZ-CORE,1.88,2025-12-02
QX-DRY-419,PZ-VALUE,1.77,2026-03-20
QX-DRY-419,PZ-REMOTE,2.05,2025-10-13
QX-BAK-420,PZ-METRO,2.38,2025-10-15
QX-BAK-420,PZ-URBAN,2.17,2026-03-15
QX-BAK-420,PZ-CORE,2.09,2026-03-04
QX-BAK-420,PZ-VALUE,1.96,2025-12-19
QX-BAK-420,PZ-REMOTE,2.28,2025-11-03
QX-PRO-421,PZ-METRO,4.02,2026-02-12
QX-PRO-421,PZ-URBAN,3.67,2026-03-01
QX-PRO-421,PZ-CORE,3.53,2025-12-03
QX-PRO-421,PZ-VALUE,3.32,2025-10-18
QX-PRO-421,PZ-REMOTE,3.85,2025-10-28
QX-DRK-422,PZ-METRO,6.79,2026-01-19
QX-DRK-422,PZ-URBAN,6.20,2025-12-12
QX-DRK-422,PZ-CORE,5.96,2025-12-28
QX-DRK-422,PZ-VALUE,5.60,2026-01-10
QX-DRK-422,PZ-REMOTE,6.50,2026-03-05
QX-DRK-423,PZ-METRO,2.38,2026-02-05
QX-DRK-423,PZ-URBAN,2.17,2026-01-29
QX-DRK-423,PZ-CORE,2.09,2025-10-14
QX-DRK-423,PZ-VALUE,1.96,2025-12-28
QX-DRK-423,PZ-REMOTE,2.28,2025-11-21
QX-HHD-424,PZ-METRO,9.82,2025-10-29
QX-HHD-424,PZ-URBAN,8.95,2025-12-24
QX-HHD-424,PZ-CORE,8.61,2026-03-03
QX-HHD-424,PZ-VALUE,8.09,2026-01-02
QX-HHD-424,PZ-REMOTE,9.38,2025-11-09
QX-PRO-425,PZ-METRO,4.33,2025-11-26
QX-PRO-425,PZ-URBAN,3.95,2026-01-23
QX-PRO-425,PZ-CORE,3.80,2025-10-28
QX-PRO-425,PZ-VALUE,3.57,2025-12-31
QX-PRO-425,PZ-REMOTE,4.14,2025-12-02
QX-CHL-426,PZ-METRO,9.54,2026-01-10
QX-CHL-426,PZ-URBAN,8.70,2025-10-13
QX-CHL-426,PZ-CORE,8.37,2026-01-04
QX-CHL-426,PZ-VALUE,7.87,2026-01-13
QX-CHL-426,PZ-REMOTE,9.12,2025-11-05
QX-PRO-427,PZ-METRO,3.50,2025-10-27
QX-PRO-427,PZ-URBAN,3.19,2026-01-22
QX-PRO-427,PZ-CORE,3.07,2026-02-16
QX-PRO-427,PZ-VALUE,2.89,2025-10-29
QX-PRO-427,PZ-REMOTE,3.35,2025-11-08
QX-CER-428,PZ-METRO,4.56,2025-11-01
QX-CER-428,PZ-URBAN,4.16,2025-10-10
QX-CER-428,PZ-CORE,4.00,2026-01-08
QX-CER-428,PZ-VALUE,3.76,2026-03-02
QX-CER-428,PZ-REMOTE,4.36,2026-02-28
QX-TIN-429,PZ-METRO,3.03,2026-01-20
QX-TIN-429,PZ-URBAN,2.77,2026-02-11
QX-TIN-429,PZ-CORE,2.66,2026-03-19
QX-TIN-429,PZ-VALUE,2.50,2026-03-07
QX-TIN-429,PZ-REMOTE,2.90,2025-09-26
QX-BAK-430,PZ-METRO,7.48,2025-11-26
QX-BAK-430,PZ-URBAN,6.82,2025-10-12
QX-BAK-430,PZ-CORE,6.56,2025-11-13
QX-BAK-430,PZ-VALUE,6.17,2025-11-14
QX-BAK-430,PZ-REMOTE,7.15,2025-11-21
QX-HBC-431,PZ-METRO,13.86,2025-09-28
QX-HBC-431,PZ-URBAN,12.65,2025-12-16
QX-HBC-431,PZ-CORE,12.16,2026-03-18
QX-HBC-431,PZ-VALUE,11.43,2026-02-09
QX-HBC-431,PZ-REMOTE,13.25,2026-01-12
QX-FRZ-432,PZ-METRO,9.33,2025-09-17
QX-FRZ-432,PZ-URBAN,8.51,2026-03-08
QX-FRZ-432,PZ-CORE,8.18,2025-12-08
QX-FRZ-432,PZ-VALUE,7.69,2025-11-30
QX-FRZ-432,PZ-REMOTE,8.92,2025-11-25
QX-DRK-433,PZ-METRO,6.32,2025-12-01
QX-DRK-433,PZ-URBAN,5.76,2025-11-29
QX-DRK-433,PZ-CORE,5.54,2025-10-01
QX-DRK-433,PZ-VALUE,5.21,2025-12-12
QX-DRK-433,PZ-REMOTE,6.04,2026-02-20
QX-BAK-434,PZ-METRO,4.41,2026-01-19
QX-BAK-434,PZ-URBAN,4.02,2025-12-27
QX-BAK-434,PZ-CORE,3.87,2026-03-08
QX-BAK-434,PZ-VALUE,3.64,2026-03-06
QX-BAK-434,PZ-REMOTE,4.22,2026-03-04
QX-FRZ-435,PZ-METRO,8.99,2025-10-11
QX-FRZ-435,PZ-URBAN,8.21,2025-12-08
QX-FRZ-435,PZ-CORE,7.89,2026-01-05
QX-FRZ-435,PZ-VALUE,7.42,2025-12-04
QX-FRZ-435,PZ-REMOTE,8.60,2026-03-19
QX-BAK-436,PZ-METRO,8.07,2026-03-13
QX-BAK-436,PZ-URBAN,7.36,2025-10-19
QX-BAK-436,PZ-CORE,7.08,2025-10-09
QX-BAK-436,PZ-VALUE,6.66,2025-09-29
QX-BAK-436,PZ-REMOTE,7.72,2026-01-25
QX-CER-437,PZ-METRO,2.00,2026-03-06
QX-CER-437,PZ-URBAN,1.82,2025-11-03
QX-CER-437,PZ-CORE,1.75,2026-03-17
QX-CER-437,PZ-VALUE,1.65,2025-11-30
QX-CER-437,PZ-REMOTE,1.91,2025-10-14
QX-CHL-438,PZ-METRO,6.25,2026-02-18
QX-CHL-438,PZ-URBAN,5.70,2025-11-26
QX-CHL-438,PZ-CORE,5.48,2026-01-17
QX-CHL-438,PZ-VALUE,5.15,2025-11-26
QX-CHL-438,PZ-REMOTE,5.97,2026-01-04
QX-PRO-439,PZ-METRO,1.54,2026-03-07
QX-PRO-439,PZ-URBAN,1.40,2025-11-18
QX-PRO-439,PZ-CORE,1.35,2025-11-24
QX-PRO-439,PZ-VALUE,1.27,2026-02-10
QX-PRO-439,PZ-REMOTE,1.47,2025-10-02
QX-BAK-440,PZ-METRO,1.93,2025-11-15
QX-BAK-440,PZ-URBAN,1.76,2025-12-18
QX-BAK-440,PZ-CORE,1.69,2026-03-21
QX-BAK-440,PZ-VALUE,1.59,2025-10-30
QX-BAK-440,PZ-REMOTE,1.84,2026-01-22
QX-PRO-441,PZ-METRO,6.27,2025-12-28
QX-PRO-441,PZ-URBAN,5.72,2026-01-03
QX-PRO-441,PZ-CORE,5.50,2026-01-20
QX-PRO-441,PZ-VALUE,5.17,2026-01-25
QX-PRO-441,PZ-REMOTE,6.00,2025-09-19
QX-HBC-442,PZ-METRO,14.69,2025-09-23
QX-HBC-442,PZ-URBAN,13.41,2026-02-07
QX-HBC-442,PZ-CORE,12.89,2025-11-20
QX-HBC-442,PZ-VALUE,12.12,2025-10-05
QX-HBC-442,PZ-REMOTE,14.05,2026-01-24
QX-CER-443,PZ-METRO,4.87,2026-02-11
QX-CER-443,PZ-URBAN,4.44,2026-02-15
QX-CER-443,PZ-CORE,4.27,2025-11-07
QX-CER-443,PZ-VALUE,4.01,2025-12-17
QX-CER-443,PZ-REMOTE,4.65,2026-01-14
QX-FRZ-444,PZ-METRO,7.57,2025-10-26
QX-FRZ-444,PZ-URBAN,6.91,2026-01-13
QX-FRZ-444,PZ-CORE,6.64,2025-12-12
QX-FRZ-444,PZ-VALUE,6.24,2025-09-21
QX-FRZ-444,PZ-REMOTE,7.24,2025-10-27
QX-BAK-445,PZ-METRO,3.18,2026-02-21
QX-BAK-445,PZ-URBAN,2.90,2026-01-24
QX-BAK-445,PZ-CORE,2.79,2026-01-07
QX-BAK-445,PZ-VALUE,2.62,2026-01-17
QX-BAK-445,PZ-REMOTE,3.04,2025-09-14
QX-FRZ-446,PZ-METRO,7.35,2025-12-02
QX-FRZ-446,PZ-URBAN,6.71,2025-11-15
QX-FRZ-446,PZ-CORE,6.45,2026-01-30
QX-FRZ-446,PZ-VALUE,6.06,2025-09-25
QX-FRZ-446,PZ-REMOTE,7.03,2026-02-05
QX-PET-447,PZ-METRO,1.40,2025-09-14
QX-PET-447,PZ-URBAN,1.28,2026-01-30
QX-PET-447,PZ-CORE,1.23,2026-03-06
QX-PET-447,PZ-VALUE,1.16,2026-02-24
QX-PET-447,PZ-REMOTE,1.34,2025-11-28
QX-CER-448,PZ-METRO,1.73,2025-11-16
QX-CER-448,PZ-URBAN,1.58,2026-03-11
QX-CER-448,PZ-CORE,1.52,2025-10-25
QX-CER-448,PZ-VALUE,1.43,2025-11-16
QX-CER-448,PZ-REMOTE,1.66,2025-12-21
QX-HBC-449,PZ-METRO,6.67,2025-10-23
QX-HBC-449,PZ-URBAN,6.08,2025-10-20
QX-HBC-449,PZ-CORE,5.85,2026-02-04
QX-HBC-449,PZ-VALUE,5.50,2026-01-21
QX-HBC-449,PZ-REMOTE,6.38,2025-09-15
QX-PET-450,PZ-METRO,1.36,2026-03-03
QX-PET-450,PZ-URBAN,1.24,2025-09-16
QX-PET-450,PZ-CORE,1.19,2025-11-17
QX-PET-450,PZ-VALUE,1.12,2026-02-07
QX-PET-450,PZ-REMOTE,1.30,2025-12-18
QX-BAK-451,PZ-METRO,4.53,2026-02-18
QX-BAK-451,PZ-URBAN,4.13,2026-03-19
QX-BAK-451,PZ-CORE,3.97,2025-11-12
QX-BAK-451,PZ-VALUE,3.73,2025-09-24
QX-BAK-451,PZ-REMOTE,4.33,2026-01-12
QX-HBC-452,PZ-METRO,10.91,2025-10-31
QX-HBC-452,PZ-URBAN,9.95,2025-12-25
QX-HBC-452,PZ-CORE,9.57,2026-01-24
QX-HBC-452,PZ-VALUE,9.00,2026-02-01
QX-HBC-452,PZ-REMOTE,10.43,2025-11-02
QX-PET-453,PZ-METRO,9.45,2026-01-25
QX-PET-453,PZ-URBAN,8.62,2026-01-30
QX-PET-453,PZ-CORE,8.29,2026-02-01
QX-PET-453,PZ-VALUE,7.79,2025-12-08
QX-PET-453,PZ-REMOTE,9.04,2025-09-30
QX-BWS-454,PZ-METRO,39.79,2025-12-24
QX-BWS-454,PZ-URBAN,36.30,2026-02-19
QX-BWS-454,PZ-CORE,34.90,2025-10-31
QX-BWS-454,PZ-VALUE,32.81,2025-11-08
QX-BWS-454,PZ-REMOTE,38.04,2025-11-27
QX-HBC-455,PZ-METRO,10.53,2025-12-30
QX-HBC-455,PZ-URBAN,9.61,2026-01-18
QX-HBC-455,PZ-CORE,9.24,2025-09-22
QX-HBC-455,PZ-VALUE,8.69,2025-10-10
QX-HBC-455,PZ-REMOTE,10.07,2026-02-13
QX-PET-456,PZ-METRO,1.31,2025-10-19
QX-PET-456,PZ-URBAN,1.20,2026-03-09
QX-PET-456,PZ-CORE,1.15,2026-01-03
QX-PET-456,PZ-VALUE,1.08,2025-11-19
QX-PET-456,PZ-REMOTE,1.25,2025-10-13
QX-DRK-457,PZ-METRO,3.41,2025-11-21
QX-DRK-457,PZ-URBAN,3.11,2025-10-21
QX-DRK-457,PZ-CORE,2.99,2026-01-13
QX-DRK-457,PZ-VALUE,2.81,2025-11-16
QX-DRK-457,PZ-REMOTE,3.26,2026-02-13
QX-CHL-458,PZ-METRO,9.84,2025-10-07
QX-CHL-458,PZ-URBAN,8.98,2025-12-11
QX-CHL-458,PZ-CORE,8.63,2025-10-13
QX-CHL-458,PZ-VALUE,8.11,2026-01-20
QX-CHL-458,PZ-REMOTE,9.41,2025-11-21
QX-CER-459,PZ-METRO,4.74,2025-12-14
QX-CER-459,PZ-URBAN,4.33,2025-11-17
QX-CER-459,PZ-CORE,4.16,2026-03-07
QX-CER-459,PZ-VALUE,3.91,2025-11-28
QX-CER-459,PZ-REMOTE,4.53,2026-03-09
QX-PET-460,PZ-METRO,1.36,2026-02-21
QX-PET-460,PZ-URBAN,1.24,2026-01-19
QX-PET-460,PZ-CORE,1.19,2026-03-05
QX-PET-460,PZ-VALUE,1.12,2026-01-18
QX-PET-460,PZ-REMOTE,1.30,2025-12-04
QX-DRK-461,PZ-METRO,5.43,2026-03-09
QX-DRK-461,PZ-URBAN,4.95,2026-01-31
QX-DRK-461,PZ-CORE,4.76,2025-12-14
QX-DRK-461,PZ-VALUE,4.47,2025-11-10
QX-DRK-461,PZ-REMOTE,5.19,2025-09-30
QX-PRO-462,PZ-METRO,2.45,2025-11-01
QX-PRO-462,PZ-URBAN,2.24,2025-09-21
QX-PRO-462,PZ-CORE,2.15,2026-01-16
QX-PRO-462,PZ-VALUE,2.02,2025-12-07
QX-PRO-462,PZ-REMOTE,2.34,2026-02-18
QX-HHD-463,PZ-METRO,3.04,2025-10-09
QX-HHD-463,PZ-URBAN,2.78,2026-01-05
QX-HHD-463,PZ-CORE,2.67,2026-02-09
QX-HHD-463,PZ-VALUE,2.51,2026-02-17
QX-HHD-463,PZ-REMOTE,2.91,2026-01-02
QX-CER-464,PZ-METRO,1.72,2026-01-09
QX-CER-464,PZ-URBAN,1.57,2026-01-23
QX-CER-464,PZ-CORE,1.51,2025-10-06
QX-CER-464,PZ-VALUE,1.42,2025-12-20
QX-CER-464,PZ-REMOTE,1.65,2025-12-25
QX-CER-465,PZ-METRO,2.35,2025-11-24
QX-CER-465,PZ-URBAN,2.14,2025-12-25
QX-CER-465,PZ-CORE,2.06,2026-03-08
QX-CER-465,PZ-VALUE,1.94,2025-10-22
QX-CER-465,PZ-REMOTE,2.25,2025-12-01
QX-PET-466,PZ-METRO,7.08,2025-12-23
QX-PET-466,PZ-URBAN,6.46,2026-03-16
QX-PET-466,PZ-CORE,6.21,2026-02-11
QX-PET-466,PZ-VALUE,5.84,2025-10-27
QX-PET-466,PZ-REMOTE,6.77,2026-03-16
QX-CER-467,PZ-METRO,2.49,2026-01-18
QX-CER-467,PZ-URBAN,2.27,2026-01-03
QX-CER-467,PZ-CORE,2.18,2026-03-02
QX-CER-467,PZ-VALUE,2.05,2026-03-08
QX-CER-467,PZ-REMOTE,2.38,2026-03-03
QX-FRZ-468,PZ-METRO,6.27,2025-12-14
QX-FRZ-468,PZ-URBAN,5.72,2026-01-21
QX-FRZ-468,PZ-CORE,5.50,2026-01-11
QX-FRZ-468,PZ-VALUE,5.17,2026-03-06
QX-FRZ-468,PZ-REMOTE,6.00,2026-02-12
QX-DRY-469,PZ-METRO,6.01,2025-12-17
QX-DRY-469,PZ-URBAN,5.48,2026-01-19
QX-DRY-469,PZ-CORE,5.27,2026-03-03
QX-DRY-469,PZ-VALUE,4.95,2025-10-15
QX-DRY-469,PZ-REMOTE,5.74,2026-02-27
QX-TIN-470,PZ-METRO,1.93,2025-10-10
QX-TIN-470,PZ-URBAN,1.76,2026-01-03
QX-TIN-470,PZ-CORE,1.69,2025-12-12
QX-TIN-470,PZ-VALUE,1.59,2025-12-16
QX-TIN-470,PZ-REMOTE,1.84,2026-02-21
QX-PRO-471,PZ-METRO,1.40,2025-10-29
QX-PRO-471,PZ-URBAN,1.28,2025-12-08
QX-PRO-471,PZ-CORE,1.23,2026-03-08
QX-PRO-471,PZ-VALUE,1.16,2025-11-03
QX-PRO-471,PZ-REMOTE,1.34,2026-01-04
QX-BWS-472,PZ-METRO,24.33,2026-01-08
QX-BWS-472,PZ-URBAN,22.19,2026-03-06
QX-BWS-472,PZ-CORE,21.34,2025-10-12
QX-BWS-472,PZ-VALUE,20.06,2026-01-06
QX-BWS-472,PZ-REMOTE,23.26,2026-02-24
QX-CER-473,PZ-METRO,4.14,2025-11-14
QX-CER-473,PZ-URBAN,3.78,2026-01-31
QX-CER-473,PZ-CORE,3.63,2026-02-28
QX-CER-473,PZ-VALUE,3.41,2025-10-04
QX-CER-473,PZ-REMOTE,3.96,2026-02-27
QX-BWS-474,PZ-METRO,24.02,2025-12-10
QX-BWS-474,PZ-URBAN,21.91,2025-12-28
QX-BWS-474,PZ-CORE,21.07,2026-02-01
QX-BWS-474,PZ-VALUE,19.81,2026-02-22
QX-BWS-474,PZ-REMOTE,22.97,2025-10-01
QX-PRO-475,PZ-METRO,1.04,2026-03-02
QX-PRO-475,PZ-URBAN,0.95,2026-02-03
QX-PRO-475,PZ-CORE,0.90,2025-11-24
QX-PRO-475,PZ-VALUE,0.85,2025-12-29
QX-PRO-475,PZ-REMOTE,1.00,2026-03-02
QX-CHL-476,PZ-METRO,23.10,2025-12-04
QX-CHL-476,PZ-URBAN,21.07,2025-11-20
QX-CHL-476,PZ-CORE,20.26,2025-10-20
QX-CHL-476,PZ-VALUE,19.04,2025-09-22
QX-CHL-476,PZ-REMOTE,22.08,2025-10-06
QX-PRO-477,PZ-METRO,5.51,2025-11-01
QX-PRO-477,PZ-URBAN,5.02,2026-02-02
QX-PRO-477,PZ-CORE,4.83,2025-10-23
QX-PRO-477,PZ-VALUE,4.54,2026-01-19
QX-PRO-477,PZ-REMOTE,5.26,2025-12-02
QX-PRO-478,PZ-METRO,4.87,2026-03-06
QX-PRO-478,PZ-URBAN,4.44,2025-12-29
QX-PRO-478,PZ-CORE,4.27,2026-02-14
QX-PRO-478,PZ-VALUE,4.01,2026-01-17
QX-PRO-478,PZ-REMOTE,4.65,2026-01-21
QX-BWS-479,PZ-METRO,6.11,2025-09-16
QX-BWS-479,PZ-URBAN,5.57,2025-10-13
QX-BWS-479,PZ-CORE,5.36,2026-03-05
QX-BWS-479,PZ-VALUE,5.04,2026-01-23
QX-BWS-479,PZ-REMOTE,5.84,2025-12-31
QX-PRO-480,PZ-METRO,4.70,2025-10-28
QX-PRO-480,PZ-URBAN,4.28,2026-03-03
QX-PRO-480,PZ-CORE,4.12,2026-03-08
QX-PRO-480,PZ-VALUE,3.87,2025-10-17
QX-PRO-480,PZ-REMOTE,4.49,2025-11-28
QX-BAK-481,PZ-METRO,1.17,2025-10-06
QX-BAK-481,PZ-URBAN,1.07,2025-10-11
QX-BAK-481,PZ-CORE,1.03,2025-11-07
QX-BAK-481,PZ-VALUE,0.95,2026-02-06
QX-BAK-481,PZ-REMOTE,1.12,2025-12-18
QX-DRY-482,PZ-METRO,3.42,2026-02-10
QX-DRY-482,PZ-URBAN,3.12,2025-11-26
QX-DRY-482,PZ-CORE,3.00,2025-09-14
QX-DRY-482,PZ-VALUE,2.82,2026-02-18
QX-DRY-482,PZ-REMOTE,3.27,2026-01-25
QX-HBC-483,PZ-METRO,2.83,2026-03-18
QX-HBC-483,PZ-URBAN,2.58,2025-11-09
QX-HBC-483,PZ-CORE,2.48,2026-01-13
QX-HBC-483,PZ-VALUE,2.33,2026-03-13
QX-HBC-483,PZ-REMOTE,2.70,2025-12-01
QX-DRY-484,PZ-METRO,3.14,2025-10-30
QX-DRY-484,PZ-URBAN,2.86,2025-10-11
QX-DRY-484,PZ-CORE,2.75,2025-11-28
QX-DRY-484,PZ-VALUE,2.59,2026-02-15
QX-DRY-484,PZ-REMOTE,3.00,2026-01-27
QX-BWS-485,PZ-METRO,30.46,2025-09-18
QX-BWS-485,PZ-URBAN,27.79,2026-01-19
QX-BWS-485,PZ-CORE,26.72,2026-01-24
QX-BWS-485,PZ-VALUE,25.12,2025-09-20
QX-BWS-485,PZ-REMOTE,29.12,2025-10-14
QX-TIN-486,PZ-METRO,2.21,2026-01-27
QX-TIN-486,PZ-URBAN,2.02,2025-12-09
QX-TIN-486,PZ-CORE,1.94,2026-03-05
QX-TIN-486,PZ-VALUE,1.82,2026-03-07
QX-TIN-486,PZ-REMOTE,2.11,2025-10-05
QX-BAK-487,PZ-METRO,7.60,2025-09-21
QX-BAK-487,PZ-URBAN,6.94,2025-10-10
QX-BAK-487,PZ-CORE,6.67,2025-12-31
QX-BAK-487,PZ-VALUE,6.27,2025-09-22
QX-BAK-487,PZ-REMOTE,7.27,2025-09-28
QX-CER-488,PZ-METRO,4.55,2025-10-31
QX-CER-488,PZ-URBAN,4.15,2026-01-20
QX-CER-488,PZ-CORE,3.99,2026-02-20
QX-CER-488,PZ-VALUE,3.75,2026-02-04
QX-CER-488,PZ-REMOTE,4.35,2025-11-10
QX-BWS-489,PZ-METRO,38.47,2025-10-02
QX-BWS-489,PZ-URBAN,35.10,2026-02-19
QX-BWS-489,PZ-CORE,33.75,2025-10-21
QX-BWS-489,PZ-VALUE,31.73,2025-11-06
QX-BWS-489,PZ-REMOTE,36.79,2025-12-14
QX-BAK-490,PZ-METRO,2.27,2026-03-19
QX-BAK-490,PZ-URBAN,2.07,2025-09-17
QX-BAK-490,PZ-CORE,1.99,2025-12-19
QX-BAK-490,PZ-VALUE,1.87,2025-10-09
QX-BAK-490,PZ-REMOTE,2.17,2026-01-29
QX-DRY-491,PZ-METRO,7.72,2026-02-05
QX-DRY-491,PZ-URBAN,7.04,2025-10-05
QX-DRY-491,PZ-CORE,6.77,2025-09-19
QX-DRY-491,PZ-VALUE,6.36,2026-03-17
QX-DRY-491,PZ-REMOTE,7.38,2025-10-08
QX-DRY-492,PZ-METRO,5.30,2026-02-19
QX-DRY-492,PZ-URBAN,4.84,2025-10-08
QX-DRY-492,PZ-CORE,4.65,2025-09-18
QX-DRY-492,PZ-VALUE,4.37,2026-03-01
QX-DRY-492,PZ-REMOTE,5.07,2025-12-09
QX-CHL-493,PZ-METRO,13.53,2026-01-25
QX-CHL-493,PZ-URBAN,12.34,2026-02-14
QX-CHL-493,PZ-CORE,11.87,2025-12-03
QX-CHL-493,PZ-VALUE,11.16,2025-11-18
QX-CHL-493,PZ-REMOTE,12.94,2026-03-07
QX-HBC-494,PZ-METRO,5.48,2025-10-03
QX-HBC-494,PZ-URBAN,5.00,2025-09-25
QX-HBC-494,PZ-CORE,4.81,2025-12-25
QX-HBC-494,PZ-VALUE,4.52,2025-12-28
QX-HBC-494,PZ-REMOTE,5.24,2026-03-06
QX-DRY-495,PZ-METRO,3.80,2025-10-10
QX-DRY-495,PZ-URBAN,3.46,2025-12-27
QX-DRY-495,PZ-CORE,3.33,2025-10-23
QX-DRY-495,PZ-VALUE,3.13,2026-02-12
QX-DRY-495,PZ-REMOTE,3.63,2026-01-16
QX-CHL-496,PZ-METRO,25.00,2026-03-10
QX-CHL-496,PZ-URBAN,22.81,2025-11-15
QX-CHL-496,PZ-CORE,21.93,2025-10-12
QX-CHL-496,PZ-VALUE,20.61,2025-10-13
QX-CHL-496,PZ-REMOTE,23.90,2026-01-19
QX-DRY-497,PZ-METRO,1.56,2025-11-23
QX-DRY-497,PZ-URBAN,1.42,2025-10-20
QX-DRY-497,PZ-CORE,1.37,2025-11-03
QX-DRY-497,PZ-VALUE,1.29,2025-10-11
QX-DRY-497,PZ-REMOTE,1.49,2025-10-31
QX-BWS-498,PZ-METRO,27.50,2025-12-19
QX-BWS-498,PZ-URBAN,25.08,2026-03-15
QX-BWS-498,PZ-CORE,24.12,2025-09-25
QX-BWS-498,PZ-VALUE,22.67,2025-11-01
QX-BWS-498,PZ-REMOTE,26.29,2025-09-23
QX-DRY-499,PZ-METRO,6.30,2025-10-29
QX-DRY-499,PZ-URBAN,5.75,2025-12-23
QX-DRY-499,PZ-CORE,5.53,2026-02-04
QX-DRY-499,PZ-VALUE,5.20,2025-10-24
QX-DRY-499,PZ-REMOTE,6.03,2026-02-09
QX-PET-500,PZ-METRO,11.70,2025-11-01
QX-PET-500,PZ-URBAN,10.67,2025-09-17
QX-PET-500,PZ-CORE,10.26,2025-12-19
QX-PET-500,PZ-VALUE,9.64,2025-10-07
QX-PET-500,PZ-REMOTE,11.18,2026-01-31
QX-HHD-501,PZ-METRO,1.12,2026-01-03
QX-HHD-501,PZ-URBAN,1.02,2026-01-20
QX-HHD-501,PZ-CORE,1.00,2025-10-24
QX-HHD-501,PZ-VALUE,0.90,2025-11-23
QX-HHD-501,PZ-REMOTE,1.07,2025-10-29
QX-DRY-502,PZ-METRO,4.62,2025-12-31
QX-DRY-502,PZ-URBAN,4.21,2025-10-23
QX-DRY-502,PZ-CORE,4.05,2025-12-28
QX-DRY-502,PZ-VALUE,3.81,2026-01-02
QX-DRY-502,PZ-REMOTE,4.41,2026-03-11
QX-PET-503,PZ-METRO,3.15,2025-10-30
QX-PET-503,PZ-URBAN,2.87,2025-12-24
QX-PET-503,PZ-CORE,2.76,2025-11-18
QX-PET-503,PZ-VALUE,2.59,2025-10-04
QX-PET-503,PZ-REMOTE,3.01,2026-01-21
QX-HHD-504,PZ-METRO,13.58,2025-09-29
QX-HHD-504,PZ-URBAN,12.39,2026-02-26
QX-HHD-504,PZ-CORE,11.91,2026-02-13
QX-HHD-504,PZ-VALUE,11.20,2025-11-20
QX-HHD-504,PZ-REMOTE,12.98,2026-03-10
QX-BAK-505,PZ-METRO,3.00,2025-12-22
QX-BAK-505,PZ-URBAN,2.74,2026-03-03
QX-BAK-505,PZ-CORE,2.63,2025-10-11
QX-BAK-505,PZ-VALUE,2.47,2025-11-21
QX-BAK-505,PZ-REMOTE,2.87,2025-12-09
QX-DRK-506,PZ-METRO,3.32,2025-12-03
QX-DRK-506,PZ-URBAN,3.03,2025-10-27
QX-DRK-506,PZ-CORE,2.91,2026-03-07
QX-DRK-506,PZ-VALUE,2.74,2025-11-29
QX-DRK-506,PZ-REMOTE,3.17,2026-03-14
QX-CER-507,PZ-METRO,3.52,2025-10-07
QX-CER-507,PZ-URBAN,3.21,2026-02-14
QX-CER-507,PZ-CORE,3.09,2025-09-23
QX-CER-507,PZ-VALUE,2.90,2025-10-01
QX-CER-507,PZ-REMOTE,3.37,2025-11-03
QX-PET-508,PZ-METRO,1.57,2025-09-15
QX-PET-508,PZ-URBAN,1.44,2026-01-27
QX-PET-508,PZ-CORE,1.38,2026-01-03
QX-PET-508,PZ-VALUE,1.30,2025-10-04
QX-PET-508,PZ-REMOTE,1.50,2025-12-02
QX-HHD-509,PZ-METRO,5.97,2025-12-25
QX-HHD-509,PZ-URBAN,5.45,2026-03-17
QX-HHD-509,PZ-CORE,5.24,2026-03-03
QX-HHD-509,PZ-VALUE,4.93,2026-02-11
QX-HHD-509,PZ-REMOTE,5.71,2025-12-22
QX-BAK-510,PZ-METRO,3.06,2026-02-12
QX-BAK-510,PZ-URBAN,2.79,2025-12-04
QX-BAK-510,PZ-CORE,2.68,2026-02-08
QX-BAK-510,PZ-VALUE,2.52,2025-10-04
QX-BAK-510,PZ-REMOTE,2.92,2025-12-21
QX-CER-511,PZ-METRO,3.72,2026-03-08
QX-CER-511,PZ-URBAN,3.39,2026-02-10
QX-CER-511,PZ-CORE,3.26,2025-11-15
QX-CER-511,PZ-VALUE,3.06,2025-10-07
QX-CER-511,PZ-REMOTE,3.55,2026-02-01
QX-BAK-512,PZ-METRO,4.85,2026-02-09
QX-BAK-512,PZ-URBAN,4.42,2026-02-07
QX-BAK-512,PZ-CORE,4.25,2025-10-03
QX-BAK-512,PZ-VALUE,3.99,2026-03-07
QX-BAK-512,PZ-REMOTE,4.63,2026-01-31
QX-CER-513,PZ-METRO,2.09,2026-03-11
QX-CER-513,PZ-URBAN,1.90,2025-09-23
QX-CER-513,PZ-CORE,1.83,2025-12-15
QX-CER-513,PZ-VALUE,1.72,2026-01-01
QX-CER-513,PZ-REMOTE,1.99,2026-02-05
QX-DRK-514,PZ-METRO,6.83,2026-01-18
QX-DRK-514,PZ-URBAN,6.23,2025-09-15
QX-DRK-514,PZ-CORE,5.99,2025-12-13
QX-DRK-514,PZ-VALUE,5.63,2025-11-02
QX-DRK-514,PZ-REMOTE,6.53,2026-02-09
QX-CER-515,PZ-METRO,1.41,2025-11-02
QX-CER-515,PZ-URBAN,1.29,2026-01-27
QX-CER-515,PZ-CORE,1.24,2025-11-03
QX-CER-515,PZ-VALUE,1.17,2025-09-23
QX-CER-515,PZ-REMOTE,1.35,2025-10-23
QX-FRZ-516,PZ-METRO,9.63,2026-03-06
QX-FRZ-516,PZ-URBAN,8.79,2025-10-19
QX-FRZ-516,PZ-CORE,8.45,2026-02-04
QX-FRZ-516,PZ-VALUE,7.94,2026-02-25
QX-FRZ-516,PZ-REMOTE,9.21,2025-12-22
QX-DRY-517,PZ-METRO,1.37,2025-12-20
QX-DRY-517,PZ-URBAN,1.25,2026-01-13
QX-DRY-517,PZ-CORE,1.20,2025-12-02
QX-DRY-517,PZ-VALUE,1.13,2025-12-23
QX-DRY-517,PZ-REMOTE,1.31,2025-10-23
QX-TIN-518,PZ-METRO,2.07,2025-10-03
QX-TIN-518,PZ-URBAN,1.89,2025-12-11
QX-TIN-518,PZ-CORE,1.82,2025-12-27
QX-TIN-518,PZ-VALUE,1.71,2025-11-09
QX-TIN-518,PZ-REMOTE,1.98,2025-10-08
QX-DRY-519,PZ-METRO,1.32,2025-10-06
QX-DRY-519,PZ-URBAN,1.21,2025-11-24
QX-DRY-519,PZ-CORE,1.16,2025-09-30
QX-DRY-519,PZ-VALUE,1.09,2025-12-06
QX-DRY-519,PZ-REMOTE,1.26,2026-03-20
QX-PRO-520,PZ-METRO,1.56,2026-02-28
QX-PRO-520,PZ-URBAN,1.42,2026-01-25
QX-PRO-520,PZ-CORE,1.37,2025-10-08
QX-PRO-520,PZ-VALUE,1.29,2025-10-18
QX-PRO-520,PZ-REMOTE,1.49,2026-02-19
QX-PRO-521,PZ-METRO,4.53,2026-03-22
QX-PRO-521,PZ-URBAN,4.13,2025-12-22
QX-PRO-521,PZ-CORE,3.97,2026-01-10
QX-PRO-521,PZ-VALUE,3.73,2026-03-22
QX-PRO-521,PZ-REMOTE,4.33,2025-12-21
QX-PET-522,PZ-METRO,3.73,2025-11-27
QX-PET-522,PZ-URBAN,3.40,2025-09-19
QX-PET-522,PZ-CORE,3.27,2026-01-02
QX-PET-522,PZ-VALUE,3.07,2026-01-29
QX-PET-522,PZ-REMOTE,3.56,2026-02-11
QX-FRZ-523,PZ-METRO,1.79,2025-09-17
QX-FRZ-523,PZ-URBAN,1.63,2025-10-09
QX-FRZ-523,PZ-CORE,1.57,2025-10-28
QX-FRZ-523,PZ-VALUE,1.48,2025-12-01
QX-FRZ-523,PZ-REMOTE,1.71,2026-02-10
QX-PRO-524,PZ-METRO,3.14,2026-02-16
QX-PRO-524,PZ-URBAN,2.86,2025-10-05
QX-PRO-524,PZ-CORE,2.75,2025-09-17
QX-PRO-524,PZ-VALUE,2.59,2026-03-19
QX-PRO-524,PZ-REMOTE,3.00,2026-03-03
QX-PET-525,PZ-METRO,5.51,2025-10-15
QX-PET-525,PZ-URBAN,5.02,2025-09-22
QX-PET-525,PZ-CORE,4.83,2025-12-23
QX-PET-525,PZ-VALUE,4.54,2025-11-11
QX-PET-525,PZ-REMOTE,5.26,2025-10-12
QX-CHL-526,PZ-METRO,2.92,2025-11-13
QX-CHL-526,PZ-URBAN,2.66,2025-12-03
QX-CHL-526,PZ-CORE,2.56,2025-11-26
QX-CHL-526,PZ-VALUE,2.41,2026-02-24
QX-CHL-526,PZ-REMOTE,2.79,2025-12-29
QX-BWS-527,PZ-METRO,41.05,2025-11-29
QX-BWS-527,PZ-URBAN,37.45,2025-11-02
QX-BWS-527,PZ-CORE,36.01,2026-03-21
QX-BWS-527,PZ-VALUE,33.85,2025-11-23
QX-BWS-527,PZ-REMOTE,39.25,2026-01-16
QX-DRY-528,PZ-METRO,4.66,2025-11-27
QX-DRY-528,PZ-URBAN,4.25,2026-02-22
QX-DRY-528,PZ-CORE,4.09,2026-01-06
QX-DRY-528,PZ-VALUE,3.84,2026-03-17
QX-DRY-528,PZ-REMOTE,4.46,2026-03-11
QX-DRY-529,PZ-METRO,3.45,2026-01-01
QX-DRY-529,PZ-URBAN,3.15,2025-12-26
QX-DRY-529,PZ-CORE,3.03,2025-10-20
QX-DRY-529,PZ-VALUE,2.85,2026-01-05
QX-DRY-529,PZ-REMOTE,3.30,2026-02-27
QX-DRK-530,PZ-METRO,7.01,2025-09-30
QX-DRK-530,PZ-URBAN,6.40,2026-02-25
QX-DRK-530,PZ-CORE,6.15,2026-01-26
QX-DRK-530,PZ-VALUE,5.78,2026-02-01
QX-DRK-530,PZ-REMOTE,6.70,2025-11-24
QX-TIN-531,PZ-METRO,2.17,2026-01-12
QX-TIN-531,PZ-URBAN,1.98,2025-12-10
QX-TIN-531,PZ-CORE,1.90,2025-12-06
QX-TIN-531,PZ-VALUE,1.79,2026-02-06
QX-TIN-531,PZ-REMOTE,2.07,2026-01-07
QX-PRO-532,PZ-METRO,5.52,2025-10-21
QX-PRO-532,PZ-URBAN,5.03,2025-09-25
QX-PRO-532,PZ-CORE,4.84,2026-01-19
QX-PRO-532,PZ-VALUE,4.55,2025-09-22
QX-PRO-532,PZ-REMOTE,5.28,2025-10-02
QX-PET-533,PZ-METRO,11.35,2026-01-11
QX-PET-533,PZ-URBAN,10.36,2025-10-03
QX-PET-533,PZ-CORE,9.96,2025-09-23
QX-PET-533,PZ-VALUE,9.36,2026-01-26
QX-PET-533,PZ-REMOTE,10.86,2026-02-18
QX-DRY-534,PZ-METRO,4.04,2025-09-15
QX-DRY-534,PZ-URBAN,3.68,2025-12-27
QX-DRY-534,PZ-CORE,3.54,2026-01-30
QX-DRY-534,PZ-VALUE,3.33,2026-02-27
QX-DRY-534,PZ-REMOTE,3.86,2026-01-16
QX-TIN-535,PZ-METRO,2.78,2026-02-19
QX-TIN-535,PZ-URBAN,2.54,2025-12-13
QX-TIN-535,PZ-CORE,2.44,2026-01-27
QX-TIN-535,PZ-VALUE,2.29,2025-10-28
QX-TIN-535,PZ-REMOTE,2.66,2025-12-04
QX-BWS-536,PZ-METRO,13.22,2025-10-16
QX-BWS-536,PZ-URBAN,12.06,2026-01-28
QX-BWS-536,PZ-CORE,11.60,2025-12-18
QX-BWS-536,PZ-VALUE,10.90,2025-12-18
QX-BWS-536,PZ-REMOTE,12.64,2025-09-26
QX-DRK-537,PZ-METRO,3.47,2026-02-22
QX-DRK-537,PZ-URBAN,3.16,2025-09-18
QX-DRK-537,PZ-CORE,3.04,2025-12-30
QX-DRK-537,PZ-VALUE,2.86,2025-09-21
QX-DRK-537,PZ-REMOTE,3.31,2026-03-11
QX-FRZ-538,PZ-METRO,1.45,2025-10-29
QX-FRZ-538,PZ-URBAN,1.32,2025-11-05
QX-FRZ-538,PZ-CORE,1.27,2026-03-18
QX-FRZ-538,PZ-VALUE,1.19,2026-03-07
QX-FRZ-538,PZ-REMOTE,1.38,2025-10-13
QX-BAK-539,PZ-METRO,4.75,2026-02-24
QX-BAK-539,PZ-URBAN,4.34,2025-11-21
QX-BAK-539,PZ-CORE,4.17,2026-03-03
QX-BAK-539,PZ-VALUE,3.92,2026-02-02
QX-BAK-539,PZ-REMOTE,4.55,2025-10-21
QX-DRK-540,PZ-METRO,7.20,2025-12-08
QX-DRK-540,PZ-URBAN,6.57,2025-11-23
QX-DRK-540,PZ-CORE,6.32,2025-10-31
QX-DRK-540,PZ-VALUE,5.94,2026-01-15
QX-DRK-540,PZ-REMOTE,6.89,2025-12-07
QX-HBC-541,PZ-METRO,11.59,2025-10-28
QX-HBC-541,PZ-URBAN,10.58,2025-10-14
QX-HBC-541,PZ-CORE,10.17,2026-02-13
QX-HBC-541,PZ-VALUE,9.56,2026-02-17
QX-HBC-541,PZ-REMOTE,11.09,2026-02-05
QX-DRY-542,PZ-METRO,4.16,2025-12-15
QX-DRY-542,PZ-URBAN,3.80,2025-12-28
QX-DRY-542,PZ-CORE,3.65,2025-11-05
QX-DRY-542,PZ-VALUE,3.43,2025-09-24
QX-DRY-542,PZ-REMOTE,3.98,2025-11-28
QX-HHD-543,PZ-METRO,13.58,2026-03-19
QX-HHD-543,PZ-URBAN,12.39,2026-02-23
QX-HHD-543,PZ-CORE,11.91,2026-02-01
QX-HHD-543,PZ-VALUE,11.20,2026-01-04
QX-HHD-543,PZ-REMOTE,12.98,2025-10-15
QX-HBC-544,PZ-METRO,3.37,2025-12-25
QX-HBC-544,PZ-URBAN,3.08,2025-10-22
QX-HBC-544,PZ-CORE,2.96,2025-11-29
QX-HBC-544,PZ-VALUE,2.78,2026-03-03
QX-HBC-544,PZ-REMOTE,3.23,2025-12-07
QX-CER-545,PZ-METRO,5.20,2025-09-14
QX-CER-545,PZ-URBAN,4.74,2025-10-14
QX-CER-545,PZ-CORE,4.56,2026-01-23
QX-CER-545,PZ-VALUE,4.29,2026-01-30
QX-CER-545,PZ-REMOTE,4.97,2025-09-24
QX-BAK-546,PZ-METRO,4.09,2026-03-08
QX-BAK-546,PZ-URBAN,3.73,2025-10-19
QX-BAK-546,PZ-CORE,3.59,2025-09-19
QX-BAK-546,PZ-VALUE,3.37,2026-02-10
QX-BAK-546,PZ-REMOTE,3.91,2026-01-22
QX-FRZ-547,PZ-METRO,9.31,2026-02-06
QX-FRZ-547,PZ-URBAN,8.50,2025-10-07
QX-FRZ-547,PZ-CORE,8.17,2026-02-18
QX-FRZ-547,PZ-VALUE,7.68,2025-10-29
QX-FRZ-547,PZ-REMOTE,8.91,2026-01-31
QX-DRK-548,PZ-METRO,0.90,2025-10-04
QX-DRK-548,PZ-URBAN,0.80,2026-03-21
QX-DRK-548,PZ-CORE,0.80,2025-12-12
QX-DRK-548,PZ-VALUE,0.75,2026-03-02
QX-DRK-548,PZ-REMOTE,0.85,2025-09-27
QX-TIN-549,PZ-METRO,0.65,2026-02-22
QX-TIN-549,PZ-URBAN,0.60,2025-10-06
QX-TIN-549,PZ-CORE,0.55,2025-09-16
QX-TIN-549,PZ-VALUE,0.55,2025-11-21
QX-TIN-549,PZ-REMOTE,0.60,2025-10-21
QX-BWS-550,PZ-METRO,19.84,2025-11-18
QX-BWS-550,PZ-URBAN,18.10,2026-02-12
QX-BWS-550,PZ-CORE,17.40,2026-02-12
QX-BWS-550,PZ-VALUE,16.36,2025-11-01
QX-BWS-550,PZ-REMOTE,18.97,2025-11-19
QX-HHD-551,PZ-METRO,4.86,2026-02-03
QX-HHD-551,PZ-URBAN,4.43,2025-12-13
QX-HHD-551,PZ-CORE,4.26,2025-09-24
QX-HHD-551,PZ-VALUE,4.00,2026-03-13
QX-HHD-551,PZ-REMOTE,4.64,2025-12-04
QX-BAK-552,PZ-METRO,6.66,2026-01-30
QX-BAK-552,PZ-URBAN,6.07,2025-10-26
QX-BAK-552,PZ-CORE,5.84,2025-10-06
QX-BAK-552,PZ-VALUE,5.49,2026-01-11
QX-BAK-552,PZ-REMOTE,6.37,2025-11-24
QX-TIN-553,PZ-METRO,2.44,2026-03-11
QX-TIN-553,PZ-URBAN,2.23,2025-09-29
QX-TIN-553,PZ-CORE,2.14,2026-02-09
QX-TIN-553,PZ-VALUE,2.01,2025-10-17
QX-TIN-553,PZ-REMOTE,2.33,2025-11-09
QX-CHL-554,PZ-METRO,6.38,2026-02-26
QX-CHL-554,PZ-URBAN,5.82,2025-11-09
QX-CHL-554,PZ-CORE,5.60,2025-11-30
QX-CHL-554,PZ-VALUE,5.26,2025-10-24
QX-CHL-554,PZ-REMOTE,6.10,2026-01-15
QX-CHL-555,PZ-METRO,18.27,2026-02-12
QX-CHL-555,PZ-URBAN,16.67,2026-02-19
QX-CHL-555,PZ-CORE,16.03,2025-12-25
QX-CHL-555,PZ-VALUE,15.07,2026-01-25
QX-CHL-555,PZ-REMOTE,17.47,2025-12-08
QX-FRZ-556,PZ-METRO,5.86,2025-11-19
QX-FRZ-556,PZ-URBAN,5.35,2025-11-01
QX-FRZ-556,PZ-CORE,5.14,2025-11-20
QX-FRZ-556,PZ-VALUE,4.83,2026-02-26
QX-FRZ-556,PZ-REMOTE,5.60,2025-12-17
QX-HBC-557,PZ-METRO,6.01,2025-09-23
QX-HBC-557,PZ-URBAN,5.48,2026-02-07
QX-HBC-557,PZ-CORE,5.27,2025-11-26
QX-HBC-557,PZ-VALUE,4.95,2025-12-17
QX-HBC-557,PZ-REMOTE,5.74,2025-12-11
QX-TIN-558,PZ-METRO,2.22,2025-12-10
QX-TIN-558,PZ-URBAN,2.03,2025-10-09
QX-TIN-558,PZ-CORE,1.95,2025-12-06
QX-TIN-558,PZ-VALUE,1.83,2026-02-11
QX-TIN-558,PZ-REMOTE,2.13,2026-03-12
QX-PET-559,PZ-METRO,4.14,2025-11-19
QX-PET-559,PZ-URBAN,3.78,2025-11-09
QX-PET-559,PZ-CORE,3.63,2025-09-15
QX-PET-559,PZ-VALUE,3.41,2025-11-22
QX-PET-559,PZ-REMOTE,3.96,2025-10-03
QX-DRK-560,PZ-METRO,2.82,2026-02-18
QX-DRK-560,PZ-URBAN,2.57,2026-03-06
QX-DRK-560,PZ-CORE,2.47,2026-03-16
QX-DRK-560,PZ-VALUE,2.32,2026-01-09
QX-DRK-560,PZ-REMOTE,2.69,2025-12-17
QX-FRZ-561,PZ-METRO,7.75,2025-11-24
QX-FRZ-561,PZ-URBAN,7.07,2026-03-05
QX-FRZ-561,PZ-CORE,6.80,2025-09-14
QX-FRZ-561,PZ-VALUE,6.39,2026-02-18
QX-FRZ-561,PZ-REMOTE,7.41,2025-12-20
QX-FRZ-562,PZ-METRO,2.27,2025-11-17
QX-FRZ-562,PZ-URBAN,2.07,2025-11-18
QX-FRZ-562,PZ-CORE,1.99,2025-11-17
QX-FRZ-562,PZ-VALUE,1.87,2025-10-19
QX-FRZ-562,PZ-REMOTE,2.17,2025-12-28
QX-DRK-563,PZ-METRO,0.80,2025-11-08
QX-DRK-563,PZ-URBAN,0.70,2025-11-14
QX-DRK-563,PZ-CORE,0.70,2025-10-20
QX-DRK-563,PZ-VALUE,0.65,2025-10-04
QX-DRK-563,PZ-REMOTE,0.75,2025-10-07
QX-FRZ-564,PZ-METRO,4.72,2026-02-28
QX-FRZ-564,PZ-URBAN,4.31,2025-11-09
QX-FRZ-564,PZ-CORE,4.14,2026-02-04
QX-FRZ-564,PZ-VALUE,3.89,2026-01-16
QX-FRZ-564,PZ-REMOTE,4.51,2025-11-07
QX-DRY-565,PZ-METRO,1.80,2025-10-03
QX-DRY-565,PZ-URBAN,1.64,2025-10-29
QX-DRY-565,PZ-CORE,1.58,2025-11-04
QX-DRY-565,PZ-VALUE,1.49,2026-01-24
QX-DRY-565,PZ-REMOTE,1.72,2026-01-15
QX-TIN-566,PZ-METRO,1.88,2025-11-25
QX-TIN-566,PZ-URBAN,1.72,2026-02-01
QX-TIN-566,PZ-CORE,1.65,2026-03-19
QX-TIN-566,PZ-VALUE,1.55,2025-10-17
QX-TIN-566,PZ-REMOTE,1.80,2025-09-15
QX-BAK-567,PZ-METRO,5.89,2025-10-19
QX-BAK-567,PZ-URBAN,5.38,2026-03-19
QX-BAK-567,PZ-CORE,5.17,2026-03-09
QX-BAK-567,PZ-VALUE,4.86,2026-02-09
QX-BAK-567,PZ-REMOTE,5.64,2025-10-31
QX-HBC-568,PZ-METRO,3.39,2025-10-28
QX-HBC-568,PZ-URBAN,3.09,2025-09-30
QX-HBC-568,PZ-CORE,2.97,2025-11-24
QX-HBC-568,PZ-VALUE,2.79,2025-12-17
QX-HBC-568,PZ-REMOTE,3.24,2026-01-06
QX-HHD-569,PZ-METRO,8.60,2025-10-16
QX-HHD-569,PZ-URBAN,7.84,2025-12-29
QX-HHD-569,PZ-CORE,7.54,2026-01-18
QX-HHD-569,PZ-VALUE,7.09,2025-10-21
QX-HHD-569,PZ-REMOTE,8.22,2025-11-30
QX-CER-570,PZ-METRO,3.16,2026-02-14
QX-CER-570,PZ-URBAN,2.88,2025-12-02
QX-CER-570,PZ-CORE,2.77,2026-01-31
QX-CER-570,PZ-VALUE,2.60,2026-02-23
QX-CER-570,PZ-REMOTE,3.02,2025-09-25
QX-DRY-571,PZ-METRO,3.53,2026-01-05
QX-DRY-571,PZ-URBAN,3.22,2026-02-19
QX-DRY-571,PZ-CORE,3.10,2025-12-25
QX-DRY-571,PZ-VALUE,2.91,2026-03-02
QX-DRY-571,PZ-REMOTE,3.38,2025-11-30
QX-PET-572,PZ-METRO,2.49,2026-03-16
QX-PET-572,PZ-URBAN,2.27,2025-10-17
QX-PET-572,PZ-CORE,2.18,2026-01-25
QX-PET-572,PZ-VALUE,2.05,2025-11-01
QX-PET-572,PZ-REMOTE,2.38,2025-10-25
QX-FRZ-573,PZ-METRO,1.63,2026-01-02
QX-FRZ-573,PZ-URBAN,1.49,2025-11-13
QX-FRZ-573,PZ-CORE,1.43,2025-11-03
QX-FRZ-573,PZ-VALUE,1.34,2026-02-03
QX-FRZ-573,PZ-REMOTE,1.56,2026-01-28
QX-DRY-574,PZ-METRO,1.73,2025-09-29
QX-DRY-574,PZ-URBAN,1.58,2025-11-09
QX-DRY-574,PZ-CORE,1.52,2025-11-03
QX-DRY-574,PZ-VALUE,1.43,2025-12-26
QX-DRY-574,PZ-REMOTE,1.66,2025-12-20
QX-PET-575,PZ-METRO,7.31,2025-12-10
QX-PET-575,PZ-URBAN,6.67,2025-12-24
QX-PET-575,PZ-CORE,6.41,2026-03-03
QX-PET-575,PZ-VALUE,6.03,2025-10-15
QX-PET-575,PZ-REMOTE,6.99,2026-02-12
QX-HBC-576,PZ-METRO,4.31,2025-10-08
QX-HBC-576,PZ-URBAN,3.93,2026-01-29
QX-HBC-576,PZ-CORE,3.78,2025-10-13
QX-HBC-576,PZ-VALUE,3.55,2025-12-15
QX-HBC-576,PZ-REMOTE,4.12,2026-01-05
QX-DRY-577,PZ-METRO,1.49,2025-12-28
QX-DRY-577,PZ-URBAN,1.36,2026-02-05
QX-DRY-577,PZ-CORE,1.31,2025-12-20
QX-DRY-577,PZ-VALUE,1.23,2025-11-01
QX-DRY-577,PZ-REMOTE,1.43,2026-02-28
QX-HBC-578,PZ-METRO,7.14,2025-09-15
QX-HBC-578,PZ-URBAN,6.51,2025-12-22
QX-HBC-578,PZ-CORE,6.26,2026-01-02
QX-HBC-578,PZ-VALUE,5.88,2025-11-03
QX-HBC-578,PZ-REMOTE,6.82,2026-01-20
QX-CHL-579,PZ-METRO,24.53,2025-11-23
QX-CHL-579,PZ-URBAN,22.38,2025-10-12
QX-CHL-579,PZ-CORE,21.52,2026-02-04
QX-CHL-579,PZ-VALUE,20.23,2026-02-02
QX-CHL-579,PZ-REMOTE,23.46,2025-09-30
QX-TIN-580,PZ-METRO,2.80,2026-03-18
QX-TIN-580,PZ-URBAN,2.56,2025-09-28
QX-TIN-580,PZ-CORE,2.46,2025-10-02
QX-TIN-580,PZ-VALUE,2.31,2025-10-05
QX-TIN-580,PZ-REMOTE,2.68,2026-01-24
QX-HHD-581,PZ-METRO,4.50,2026-01-31
QX-HHD-581,PZ-URBAN,4.11,2025-11-03
QX-HHD-581,PZ-CORE,3.95,2026-02-13
QX-HHD-581,PZ-VALUE,3.71,2026-03-12
QX-HHD-581,PZ-REMOTE,4.31,2026-02-24
QX-BAK-582,PZ-METRO,3.90,2025-12-14
QX-BAK-582,PZ-URBAN,3.56,2025-11-25
QX-BAK-582,PZ-CORE,3.42,2026-02-15
QX-BAK-582,PZ-VALUE,3.21,2025-09-18
QX-BAK-582,PZ-REMOTE,3.73,2025-11-25
QX-DRK-583,PZ-METRO,1.36,2026-01-26
QX-DRK-583,PZ-URBAN,1.24,2025-12-16
QX-DRK-583,PZ-CORE,1.19,2025-10-05
QX-DRK-583,PZ-VALUE,1.12,2025-12-30
QX-DRK-583,PZ-REMOTE,1.30,2026-01-17
QX-BWS-584,PZ-METRO,12.83,2026-01-03
QX-BWS-584,PZ-URBAN,11.70,2025-12-29
QX-BWS-584,PZ-CORE,11.25,2026-03-20
QX-BWS-584,PZ-VALUE,10.58,2026-01-12
QX-BWS-584,PZ-REMOTE,12.26,2025-10-30
QX-BAK-585,PZ-METRO,2.39,2025-11-15
QX-BAK-585,PZ-URBAN,2.18,2025-12-16
QX-BAK-585,PZ-CORE,2.10,2026-02-10
QX-BAK-585,PZ-VALUE,1.97,2025-12-27
QX-BAK-585,PZ-REMOTE,2.29,2026-02-08
QX-FRZ-586,PZ-METRO,8.15,2026-01-28
QX-FRZ-586,PZ-URBAN,7.44,2026-02-15
QX-FRZ-586,PZ-CORE,7.15,2025-10-19
QX-FRZ-586,PZ-VALUE,6.72,2025-12-18
QX-FRZ-586,PZ-REMOTE,7.79,2026-01-07
QX-BAK-587,PZ-METRO,1.54,2026-02-04
QX-BAK-587,PZ-URBAN,1.40,2026-01-21
QX-BAK-587,PZ-CORE,1.35,2025-10-31
QX-BAK-587,PZ-VALUE,1.27,2025-10-15
QX-BAK-587,PZ-REMOTE,1.47,2026-03-09
QX-CHL-588,PZ-METRO,8.87,2025-11-13
QX-CHL-588,PZ-URBAN,8.09,2025-09-22
QX-CHL-588,PZ-CORE,7.78,2025-12-03
QX-CHL-588,PZ-VALUE,7.31,2025-12-10
QX-CHL-588,PZ-REMOTE,8.48,2025-11-08
QX-BWS-589,PZ-METRO,13.04,2025-11-21
QX-BWS-589,PZ-URBAN,11.90,2026-03-05
QX-BWS-589,PZ-CORE,11.44,2026-01-26
QX-BWS-589,PZ-VALUE,10.75,2025-12-07
QX-BWS-589,PZ-REMOTE,12.47,2025-12-09
QX-BAK-590,PZ-METRO,3.41,2025-12-19
QX-BAK-590,PZ-URBAN,3.11,2025-12-04
QX-BAK-590,PZ-CORE,2.99,2026-02-05
QX-BAK-590,PZ-VALUE,2.81,2025-10-22
QX-BAK-590,PZ-REMOTE,3.26,2025-11-29
QX-FRZ-591,PZ-METRO,5.03,2025-10-19
QX-FRZ-591,PZ-URBAN,4.59,2026-02-11
QX-FRZ-591,PZ-CORE,4.41,2025-11-16
QX-FRZ-591,PZ-VALUE,4.15,2025-10-31
QX-FRZ-591,PZ-REMOTE,4.81,2025-11-23
QX-CHL-592,PZ-METRO,8.23,2026-01-31
QX-CHL-592,PZ-URBAN,7.51,2025-12-09
QX-CHL-592,PZ-CORE,7.22,2025-10-07
QX-CHL-592,PZ-VALUE,6.79,2026-02-22
QX-CHL-592,PZ-REMOTE,7.87,2025-12-02
QX-DRY-593,PZ-METRO,3.09,2025-12-02
QX-DRY-593,PZ-URBAN,2.82,2026-02-16
QX-DRY-593,PZ-CORE,2.71,2026-02-19
QX-DRY-593,PZ-VALUE,2.55,2025-12-22
QX-DRY-593,PZ-REMOTE,2.95,2025-10-27
QX-HHD-594,PZ-METRO,3.78,2026-01-15
QX-HHD-594,PZ-URBAN,3.45,2025-12-26
QX-HHD-594,PZ-CORE,3.32,2025-12-05
QX-HHD-594,PZ-VALUE,3.12,2025-12-04
QX-HHD-594,PZ-REMOTE,3.62,2025-11-25
QX-DRY-595,PZ-METRO,3.77,2025-10-17
QX-DRY-595,PZ-URBAN,3.44,2025-10-20
QX-DRY-595,PZ-CORE,3.31,2025-11-19
QX-DRY-595,PZ-VALUE,3.11,2026-02-15
QX-DRY-595,PZ-REMOTE,3.61,2025-12-04
QX-DRY-596,PZ-METRO,5.38,2025-12-11
QX-DRY-596,PZ-URBAN,4.91,2026-02-15
QX-DRY-596,PZ-CORE,4.72,2025-12-25
QX-DRY-596,PZ-VALUE,4.44,2025-12-21
QX-DRY-596,PZ-REMOTE,5.14,2025-10-19
QX-HHD-597,PZ-METRO,4.72,2025-11-02
QX-HHD-597,PZ-URBAN,4.31,2025-10-14
QX-HHD-597,PZ-CORE,4.14,2026-02-09
QX-HHD-597,PZ-VALUE,3.89,2026-02-05
QX-HHD-597,PZ-REMOTE,4.51,2025-11-06
QX-PET-598,PZ-METRO,11.51,2026-01-15
QX-PET-598,PZ-URBAN,10.50,2026-01-25
QX-PET-598,PZ-CORE,10.10,2025-10-30
QX-PET-598,PZ-VALUE,9.49,2026-01-30
QX-PET-598,PZ-REMOTE,11.01,2025-10-24
QX-BAK-599,PZ-METRO,3.19,2025-11-12
QX-BAK-599,PZ-URBAN,2.91,2025-10-22
QX-BAK-599,PZ-CORE,2.80,2025-10-30
QX-BAK-599,PZ-VALUE,2.63,2025-09-26
QX-BAK-599,PZ-REMOTE,3.05,2025-12-29
QX-HHD-600,PZ-METRO,13.22,2026-01-10
QX-HHD-600,PZ-URBAN,12.06,2026-02-09
QX-HHD-600,PZ-CORE,11.60,2026-03-04
QX-HHD-600,PZ-VALUE,10.90,2025-09-21
QX-HHD-600,PZ-REMOTE,12.64,2026-02-16
QX-HBC-601,PZ-METRO,2.35,2025-10-19
QX-HBC-601,PZ-URBAN,2.14,2025-10-10
QX-HBC-601,PZ-CORE,2.06,2025-11-28
QX-HBC-601,PZ-VALUE,1.94,2025-10-22
QX-HBC-601,PZ-REMOTE,2.25,2026-02-02
QX-DRK-602,PZ-METRO,5.18,2025-09-28
QX-DRK-602,PZ-URBAN,4.72,2026-03-01
QX-DRK-602,PZ-CORE,4.54,2025-12-03
QX-DRK-602,PZ-VALUE,4.27,2025-12-17
QX-DRK-602,PZ-REMOTE,4.95,2026-01-26
QX-DRY-603,PZ-METRO,3.78,2025-12-18
QX-DRY-603,PZ-URBAN,3.45,2026-01-18
QX-DRY-603,PZ-CORE,3.32,2026-02-12
QX-DRY-603,PZ-VALUE,3.12,2025-11-29
QX-DRY-603,PZ-REMOTE,3.62,2025-09-18
QX-CER-604,PZ-METRO,2.98,2026-02-15
QX-CER-604,PZ-URBAN,2.71,2026-02-18
QX-CER-604,PZ-CORE,2.61,2025-09-14
QX-CER-604,PZ-VALUE,2.45,2026-03-05
QX-CER-604,PZ-REMOTE,2.84,2025-10-21
QX-HHD-605,PZ-METRO,10.61,2025-09-29
QX-HHD-605,PZ-URBAN,9.68,2026-02-13
QX-HHD-605,PZ-CORE,9.31,2026-03-08
QX-HHD-605,PZ-VALUE,8.75,2026-02-24
QX-HHD-605,PZ-REMOTE,10.15,2025-10-22
QX-HHD-606,PZ-METRO,8.22,2025-10-02
QX-HHD-606,PZ-URBAN,7.50,2025-09-21
QX-HHD-606,PZ-CORE,7.21,2025-12-26
QX-HHD-606,PZ-VALUE,6.78,2025-12-01
QX-HHD-606,PZ-REMOTE,7.86,2025-12-05
QX-BWS-607,PZ-METRO,26.22,2026-01-14
QX-BWS-607,PZ-URBAN,23.92,2026-02-04
QX-BWS-607,PZ-CORE,23.00,2025-10-24
QX-BWS-607,PZ-VALUE,21.62,2025-12-22
QX-BWS-607,PZ-REMOTE,25.07,2026-01-16
QX-BAK-608,PZ-METRO,2.42,2026-01-30
QX-BAK-608,PZ-URBAN,2.20,2025-09-30
QX-BAK-608,PZ-CORE,2.12,2025-10-30
QX-BAK-608,PZ-VALUE,1.99,2025-10-18
QX-BAK-608,PZ-REMOTE,2.31,2025-12-16
QX-DRK-609,PZ-METRO,6.68,2025-12-21
QX-DRK-609,PZ-URBAN,6.09,2026-03-17
QX-DRK-609,PZ-CORE,5.86,2026-03-21
QX-DRK-609,PZ-VALUE,5.51,2025-12-26
QX-DRK-609,PZ-REMOTE,6.39,2026-02-12
QX-DRY-610,PZ-METRO,3.48,2026-01-19
QX-DRY-610,PZ-URBAN,3.17,2025-11-22
QX-DRY-610,PZ-CORE,3.05,2026-01-15
QX-DRY-610,PZ-VALUE,2.87,2026-02-02
QX-DRY-610,PZ-REMOTE,3.32,2026-02-20
QX-HHD-611,PZ-METRO,2.64,2026-03-15
QX-HHD-611,PZ-URBAN,2.41,2026-01-22
QX-HHD-611,PZ-CORE,2.32,2025-11-22
QX-HHD-611,PZ-VALUE,2.18,2026-02-18
QX-HHD-611,PZ-REMOTE,2.53,2026-02-14
QX-PRO-612,PZ-METRO,4.64,2026-03-12
QX-PRO-612,PZ-URBAN,4.23,2026-03-20
QX-PRO-612,PZ-CORE,4.07,2025-11-18
QX-PRO-612,PZ-VALUE,3.83,2025-12-13
QX-PRO-612,PZ-REMOTE,4.44,2025-10-13
QX-HBC-613,PZ-METRO,3.29,2025-12-08
QX-HBC-613,PZ-URBAN,3.01,2025-10-02
QX-HBC-613,PZ-CORE,2.89,2025-12-24
QX-HBC-613,PZ-VALUE,2.72,2025-11-03
QX-HBC-613,PZ-REMOTE,3.15,2025-12-04
QX-BWS-614,PZ-METRO,27.67,2026-03-21
QX-BWS-614,PZ-URBAN,25.24,2026-02-24
QX-BWS-614,PZ-CORE,24.27,2025-09-16
QX-BWS-614,PZ-VALUE,22.81,2026-02-06
QX-BWS-614,PZ-REMOTE,26.45,2026-01-28
QX-PET-615,PZ-METRO,9.22,2026-03-19
QX-PET-615,PZ-URBAN,8.41,2025-11-29
QX-PET-615,PZ-CORE,8.09,2026-03-09
QX-PET-615,PZ-VALUE,7.60,2026-02-14
QX-PET-615,PZ-REMOTE,8.82,2025-11-02
QX-PET-616,PZ-METRO,11.08,2025-10-21
QX-PET-616,PZ-URBAN,10.11,2025-11-04
QX-PET-616,PZ-CORE,9.72,2025-10-06
QX-PET-616,PZ-VALUE,9.14,2025-12-17
QX-PET-616,PZ-REMOTE,10.59,2026-03-20
QX-CHL-617,PZ-METRO,2.85,2025-12-12
QX-CHL-617,PZ-URBAN,2.60,2025-09-17
QX-CHL-617,PZ-CORE,2.50,2025-12-23
QX-CHL-617,PZ-VALUE,2.35,2026-03-14
QX-CHL-617,PZ-REMOTE,2.73,2025-09-14
QX-HBC-618,PZ-METRO,14.61,2025-10-24
QX-HBC-618,PZ-URBAN,13.33,2025-12-07
QX-HBC-618,PZ-CORE,12.82,2026-01-18
QX-HBC-618,PZ-VALUE,12.05,2026-01-02
QX-HBC-618,PZ-REMOTE,13.97,2025-10-13
QX-BWS-619,PZ-METRO,23.16,2026-01-10
QX-BWS-619,PZ-URBAN,21.13,2026-03-05
QX-BWS-619,PZ-CORE,20.32,2025-12-12
QX-BWS-619,PZ-VALUE,19.10,2026-03-13
QX-BWS-619,PZ-REMOTE,22.15,2025-11-08
QX-BWS-620,PZ-METRO,37.29,2025-12-15
QX-BWS-620,PZ-URBAN,34.02,2026-01-20
QX-BWS-620,PZ-CORE,32.71,2026-01-02
QX-BWS-620,PZ-VALUE,30.75,2025-09-16
QX-BWS-620,PZ-REMOTE,35.65,2025-11-26
QX-CER-621,PZ-METRO,3.83,2025-12-30
QX-CER-621,PZ-URBAN,3.49,2026-03-12
QX-CER-621,PZ-CORE,3.36,2026-02-06
QX-CER-621,PZ-VALUE,3.16,2025-10-18
QX-CER-621,PZ-REMOTE,3.66,2026-01-17
QX-FRZ-622,PZ-METRO,8.03,2025-11-06
QX-FRZ-622,PZ-URBAN,7.32,2025-10-24
QX-FRZ-622,PZ-CORE,7.04,2026-02-03
QX-FRZ-622,PZ-VALUE,6.62,2025-10-26
QX-FRZ-622,PZ-REMOTE,7.67,2026-03-18
QX-BAK-623,PZ-METRO,2.74,2025-12-07
QX-BAK-623,PZ-URBAN,2.50,2026-01-07
QX-BAK-623,PZ-CORE,2.40,2025-11-06
QX-BAK-623,PZ-VALUE,2.26,2025-09-19
QX-BAK-623,PZ-REMOTE,2.62,2026-03-15
QX-TIN-624,PZ-METRO,3.06,2026-01-22
QX-TIN-624,PZ-URBAN,2.79,2025-10-09
QX-TIN-624,PZ-CORE,2.68,2026-02-24
QX-TIN-624,PZ-VALUE,2.52,2025-12-19
QX-TIN-624,PZ-REMOTE,2.92,2025-11-18
QX-PRO-625,PZ-METRO,4.06,2026-03-20
QX-PRO-625,PZ-URBAN,3.70,2026-02-21
QX-PRO-625,PZ-CORE,3.56,2025-10-22
QX-PRO-625,PZ-VALUE,3.35,2025-11-30
QX-PRO-625,PZ-REMOTE,3.88,2025-11-26
QX-FRZ-626,PZ-METRO,1.72,2025-12-15
QX-FRZ-626,PZ-URBAN,1.57,2026-02-16
QX-FRZ-626,PZ-CORE,1.51,2025-11-01
QX-FRZ-626,PZ-VALUE,1.42,2025-10-22
QX-FRZ-626,PZ-REMOTE,1.65,2025-12-15
QX-DRK-627,PZ-METRO,2.37,2025-11-03
QX-DRK-627,PZ-URBAN,2.16,2026-02-08
QX-DRK-627,PZ-CORE,2.08,2025-12-27
QX-DRK-627,PZ-VALUE,1.96,2026-01-30
QX-DRK-627,PZ-REMOTE,2.27,2026-02-02
QX-TIN-628,PZ-METRO,1.01,2026-02-05
QX-TIN-628,PZ-URBAN,0.95,2026-02-16
QX-TIN-628,PZ-CORE,0.90,2025-10-13
QX-TIN-628,PZ-VALUE,0.85,2025-11-30
QX-TIN-628,PZ-REMOTE,0.95,2025-11-01
QX-DRY-629,PZ-METRO,4.31,2026-01-05
QX-DRY-629,PZ-URBAN,3.93,2026-02-21
QX-DRY-629,PZ-CORE,3.78,2025-10-14
QX-DRY-629,PZ-VALUE,3.55,2025-11-14
QX-DRY-629,PZ-REMOTE,4.12,2026-02-26
QX-BAK-630,PZ-METRO,1.16,2026-03-17
QX-BAK-630,PZ-URBAN,1.06,2026-03-10
QX-BAK-630,PZ-CORE,1.02,2025-10-09
QX-BAK-630,PZ-VALUE,0.95,2026-03-13
QX-BAK-630,PZ-REMOTE,1.11,2026-02-28
QX-CHL-631,PZ-METRO,3.85,2025-11-20
QX-CHL-631,PZ-URBAN,3.52,2026-03-07
QX-CHL-631,PZ-CORE,3.38,2026-01-19
QX-CHL-631,PZ-VALUE,3.18,2025-09-17
QX-CHL-631,PZ-REMOTE,3.68,2025-10-05
QX-BWS-632,PZ-METRO,5.76,2026-02-04
QX-BWS-632,PZ-URBAN,5.25,2026-02-05
QX-BWS-632,PZ-CORE,5.05,2026-03-02
QX-BWS-632,PZ-VALUE,4.75,2025-11-18
QX-BWS-632,PZ-REMOTE,5.50,2025-10-20
QX-FRZ-633,PZ-METRO,4.27,2025-10-16
QX-FRZ-633,PZ-URBAN,3.90,2026-02-22
QX-FRZ-633,PZ-CORE,3.75,2026-01-13
QX-FRZ-633,PZ-VALUE,3.53,2026-01-23
QX-FRZ-633,PZ-REMOTE,4.09,2025-11-12
QX-BWS-634,PZ-METRO,5.61,2025-11-22
QX-BWS-634,PZ-URBAN,5.12,2025-11-29
QX-BWS-634,PZ-CORE,4.92,2025-09-21
QX-BWS-634,PZ-VALUE,4.62,2025-12-29
QX-BWS-634,PZ-REMOTE,5.36,2026-02-10
QX-DRY-635,PZ-METRO,3.17,2025-11-18
QX-DRY-635,PZ-URBAN,2.89,2026-01-29
QX-DRY-635,PZ-CORE,2.78,2026-02-08
QX-DRY-635,PZ-VALUE,2.61,2025-10-19
QX-DRY-635,PZ-REMOTE,3.03,2025-11-07
QX-DRK-636,PZ-METRO,1.98,2025-09-22
QX-DRK-636,PZ-URBAN,1.81,2025-12-10
QX-DRK-636,PZ-CORE,1.74,2025-11-14
QX-DRK-636,PZ-VALUE,1.64,2026-03-02
QX-DRK-636,PZ-REMOTE,1.90,2025-10-09
QX-PRO-637,PZ-METRO,3.60,2026-02-17
QX-PRO-637,PZ-URBAN,3.29,2026-01-08
QX-PRO-637,PZ-CORE,3.16,2025-11-22
QX-PRO-637,PZ-VALUE,2.97,2025-10-27
QX-PRO-637,PZ-REMOTE,3.44,2025-12-31
QX-BAK-638,PZ-METRO,2.66,2026-03-01
QX-BAK-638,PZ-URBAN,2.42,2025-10-25
QX-BAK-638,PZ-CORE,2.33,2025-11-07
QX-BAK-638,PZ-VALUE,2.19,2025-10-04
QX-BAK-638,PZ-REMOTE,2.54,2026-01-05
QX-CER-639,PZ-METRO,5.43,2025-12-21
QX-CER-639,PZ-URBAN,4.95,2025-10-10
QX-CER-639,PZ-CORE,4.76,2025-10-09
QX-CER-639,PZ-VALUE,4.47,2025-12-04
QX-CER-639,PZ-REMOTE,5.19,2025-12-10
QX-TIN-640,PZ-METRO,1.20,2025-09-26
QX-TIN-640,PZ-URBAN,1.09,2025-11-20
QX-TIN-640,PZ-CORE,1.05,2026-02-08
QX-TIN-640,PZ-VALUE,1.00,2026-02-18
QX-TIN-640,PZ-REMOTE,1.14,2026-01-27
QX-PRO-641,PZ-METRO,3.77,2025-12-10
QX-PRO-641,PZ-URBAN,3.44,2025-09-17
QX-PRO-641,PZ-CORE,3.31,2025-11-26
QX-PRO-641,PZ-VALUE,3.11,2025-10-29
QX-PRO-641,PZ-REMOTE,3.61,2026-03-13
QX-TIN-642,PZ-METRO,3.08,2026-01-09
QX-TIN-642,PZ-URBAN,2.81,2026-01-07
QX-TIN-642,PZ-CORE,2.70,2025-10-21
QX-TIN-642,PZ-VALUE,2.54,2025-11-02
QX-TIN-642,PZ-REMOTE,2.94,2026-01-22
QX-CHL-643,PZ-METRO,15.47,2025-12-22
QX-CHL-643,PZ-URBAN,14.11,2025-12-04
QX-CHL-643,PZ-CORE,13.57,2025-11-27
QX-CHL-643,PZ-VALUE,12.76,2025-09-20
QX-CHL-643,PZ-REMOTE,14.79,2026-02-23
QX-TIN-644,PZ-METRO,0.95,2025-10-19
QX-TIN-644,PZ-URBAN,0.85,2025-10-03
QX-TIN-644,PZ-CORE,0.80,2026-01-04
QX-TIN-644,PZ-VALUE,0.75,2026-02-14
QX-TIN-644,PZ-REMOTE,0.90,2026-01-02
QX-PRO-645,PZ-METRO,2.06,2026-01-15
QX-PRO-645,PZ-URBAN,1.88,2025-10-25
QX-PRO-645,PZ-CORE,1.81,2026-01-22
QX-PRO-645,PZ-VALUE,1.70,2025-11-24
QX-PRO-645,PZ-REMOTE,1.97,2026-03-21
QX-HBC-646,PZ-METRO,15.79,2025-10-28
QX-HBC-646,PZ-URBAN,14.40,2026-01-29
QX-HBC-646,PZ-CORE,13.85,2025-10-10
QX-HBC-646,PZ-VALUE,13.02,2026-03-12
QX-HBC-646,PZ-REMOTE,15.10,2026-03-02
QX-DRY-647,PZ-METRO,7.25,2025-09-16
QX-DRY-647,PZ-URBAN,6.61,2025-11-12
QX-DRY-647,PZ-CORE,6.36,2025-12-24
QX-DRY-647,PZ-VALUE,5.98,2025-11-15
QX-DRY-647,PZ-REMOTE,6.93,2025-10-09
QX-HBC-648,PZ-METRO,2.47,2025-10-29
QX-HBC-648,PZ-URBAN,2.26,2026-01-27
QX-HBC-648,PZ-CORE,2.17,2026-02-03
QX-HBC-648,PZ-VALUE,2.04,2026-02-05
QX-HBC-648,PZ-REMOTE,2.37,2025-10-26
QX-TIN-649,PZ-METRO,2.26,2026-02-15
QX-TIN-649,PZ-URBAN,2.06,2026-02-10
QX-TIN-649,PZ-CORE,1.98,2026-01-01
QX-TIN-649,PZ-VALUE,1.86,2025-12-14
QX-TIN-649,PZ-REMOTE,2.16,2026-01-23
QX-HBC-650,PZ-METRO,11.39,2025-10-11
QX-HBC-650,PZ-URBAN,10.39,2025-11-07
QX-HBC-650,PZ-CORE,9.99,2026-01-11
QX-HBC-650,PZ-VALUE,9.39,2025-11-17
QX-HBC-650,PZ-REMOTE,10.89,2025-10-03
QX-BWS-651,PZ-METRO,36.97,2025-11-10
QX-BWS-651,PZ-URBAN,33.73,2025-11-03
QX-BWS-651,PZ-CORE,32.43,2026-01-26
QX-BWS-651,PZ-VALUE,30.48,2025-11-07
QX-BWS-651,PZ-REMOTE,35.35,2026-03-22
QX-PRO-652,PZ-METRO,3.97,2025-11-20
QX-PRO-652,PZ-URBAN,3.62,2025-11-14
QX-PRO-652,PZ-CORE,3.48,2026-01-28
QX-PRO-652,PZ-VALUE,3.27,2025-09-14
QX-PRO-652,PZ-REMOTE,3.79,2025-12-19
QX-PRO-653,PZ-METRO,1.54,2026-03-12
QX-PRO-653,PZ-URBAN,1.40,2026-02-25
QX-PRO-653,PZ-CORE,1.35,2026-02-08
QX-PRO-653,PZ-VALUE,1.27,2026-01-25
QX-PRO-653,PZ-REMOTE,1.47,2025-11-06
QX-BWS-654,PZ-METRO,7.57,2026-03-19
QX-BWS-654,PZ-URBAN,6.91,2025-10-13
QX-BWS-654,PZ-CORE,6.64,2025-11-26
QX-BWS-654,PZ-VALUE,6.24,2025-11-04
QX-BWS-654,PZ-REMOTE,7.24,2026-01-05
QX-FRZ-655,PZ-METRO,8.36,2026-02-06
QX-FRZ-655,PZ-URBAN,7.62,2025-10-07
QX-FRZ-655,PZ-CORE,7.33,2025-09-17
QX-FRZ-655,PZ-VALUE,6.89,2026-03-06
QX-FRZ-655,PZ-REMOTE,7.99,2026-02-24
QX-HHD-656,PZ-METRO,1.28,2025-12-16
QX-HHD-656,PZ-URBAN,1.16,2026-03-08
QX-HHD-656,PZ-CORE,1.12,2026-03-03
QX-HHD-656,PZ-VALUE,1.05,2025-09-18
QX-HHD-656,PZ-REMOTE,1.22,2026-02-11
QX-PET-657,PZ-METRO,10.99,2026-01-28
QX-PET-657,PZ-URBAN,10.03,2025-11-21
QX-PET-657,PZ-CORE,9.64,2026-03-22
QX-PET-657,PZ-VALUE,9.06,2025-10-23
QX-PET-657,PZ-REMOTE,10.51,2026-03-10
QX-FRZ-658,PZ-METRO,2.75,2026-03-11
QX-FRZ-658,PZ-URBAN,2.51,2025-10-30
QX-FRZ-658,PZ-CORE,2.41,2025-12-20
QX-FRZ-658,PZ-VALUE,2.27,2026-02-17
QX-FRZ-658,PZ-REMOTE,2.63,2025-11-07
QX-BAK-659,PZ-METRO,2.51,2026-02-28
QX-BAK-659,PZ-URBAN,2.29,2026-03-20
QX-BAK-659,PZ-CORE,2.20,2025-12-02
QX-BAK-659,PZ-VALUE,2.07,2026-02-08
QX-BAK-659,PZ-REMOTE,2.40,2025-10-29
QX-HHD-660,PZ-METRO,9.11,2025-12-10
QX-HHD-660,PZ-URBAN,8.31,2026-03-14
QX-HHD-660,PZ-CORE,7.99,2025-12-28
QX-HHD-660,PZ-VALUE,7.51,2025-12-11
QX-HHD-660,PZ-REMOTE,8.71,2026-02-16
QX-PET-661,PZ-METRO,3.78,2026-01-05
QX-PET-661,PZ-URBAN,3.45,2025-10-07
QX-PET-661,PZ-CORE,3.32,2026-02-14
QX-PET-661,PZ-VALUE,3.12,2026-02-18
QX-PET-661,PZ-REMOTE,3.62,2025-11-18
QX-CHL-662,PZ-METRO,16.30,2026-01-27
QX-CHL-662,PZ-URBAN,14.87,2026-02-09
QX-CHL-662,PZ-CORE,14.30,2025-10-19
QX-CHL-662,PZ-VALUE,13.44,2025-09-30
QX-CHL-662,PZ-REMOTE,15.59,2025-12-15
QX-HHD-663,PZ-METRO,6.26,2025-11-25
QX-HHD-663,PZ-URBAN,5.71,2026-02-04
QX-HHD-663,PZ-CORE,5.49,2026-01-16
QX-HHD-663,PZ-VALUE,5.16,2025-10-02
QX-HHD-663,PZ-REMOTE,5.98,2026-01-11
QX-TIN-664,PZ-METRO,1.38,2025-12-22
QX-TIN-664,PZ-URBAN,1.26,2025-12-19
QX-TIN-664,PZ-CORE,1.21,2026-02-27
QX-TIN-664,PZ-VALUE,1.14,2025-12-14
QX-TIN-664,PZ-REMOTE,1.32,2025-11-13
QX-HHD-665,PZ-METRO,13.24,2025-12-12
QX-HHD-665,PZ-URBAN,12.07,2026-02-06
QX-HHD-665,PZ-CORE,11.61,2025-12-09
QX-HHD-665,PZ-VALUE,10.91,2026-02-05
QX-HHD-665,PZ-REMOTE,12.65,2026-01-25
QX-FRZ-666,PZ-METRO,7.32,2025-09-26
QX-FRZ-666,PZ-URBAN,6.68,2025-11-09
QX-FRZ-666,PZ-CORE,6.42,2026-01-28
QX-FRZ-666,PZ-VALUE,6.03,2025-10-13
QX-FRZ-666,PZ-REMOTE,7.00,2026-03-21
QX-BAK-667,PZ-METRO,2.96,2026-02-20
QX-BAK-667,PZ-URBAN,2.70,2025-11-09
QX-BAK-667,PZ-CORE,2.60,2026-02-26
QX-BAK-667,PZ-VALUE,2.44,2025-11-27
QX-BAK-667,PZ-REMOTE,2.83,2026-01-30
QX-BWS-668,PZ-METRO,6.01,2025-11-10
QX-BWS-668,PZ-URBAN,5.48,2026-02-05
QX-BWS-668,PZ-CORE,5.27,2026-01-30
QX-BWS-668,PZ-VALUE,4.95,2025-10-09
QX-BWS-668,PZ-REMOTE,5.74,2026-03-18
QX-BWS-669,PZ-METRO,16.52,2026-01-21
QX-BWS-669,PZ-URBAN,15.07,2026-01-09
QX-BWS-669,PZ-CORE,14.49,2025-12-14
QX-BWS-669,PZ-VALUE,13.62,2025-10-06
QX-BWS-669,PZ-REMOTE,15.79,2025-09-22
QX-CHL-670,PZ-METRO,3.12,2026-01-19
QX-CHL-670,PZ-URBAN,2.85,2025-11-17
QX-CHL-670,PZ-CORE,2.74,2025-11-13
QX-CHL-670,PZ-VALUE,2.58,2026-02-09
QX-CHL-670,PZ-REMOTE,2.99,2026-03-19
QX-DRK-671,PZ-METRO,5.15,2026-02-08
QX-DRK-671,PZ-URBAN,4.70,2025-12-17
QX-DRK-671,PZ-CORE,4.52,2025-12-24
QX-DRK-671,PZ-VALUE,4.25,2026-03-05
QX-DRK-671,PZ-REMOTE,4.93,2026-02-18
QX-PRO-672,PZ-METRO,1.65,2025-12-17
QX-PRO-672,PZ-URBAN,1.51,2026-01-05
QX-PRO-672,PZ-CORE,1.45,2025-12-05
QX-PRO-672,PZ-VALUE,1.36,2026-01-20
QX-PRO-672,PZ-REMOTE,1.58,2026-01-17
QX-PET-673,PZ-METRO,5.59,2026-01-15
QX-PET-673,PZ-URBAN,5.10,2025-10-31
QX-PET-673,PZ-CORE,4.90,2025-12-20
QX-PET-673,PZ-VALUE,4.61,2025-12-24
QX-PET-673,PZ-REMOTE,5.34,2026-01-28
QX-BWS-674,PZ-METRO,9.93,2026-01-21
QX-BWS-674,PZ-URBAN,9.06,2026-03-10
QX-BWS-674,PZ-CORE,8.71,2025-10-23
QX-BWS-674,PZ-VALUE,8.19,2026-03-05
QX-BWS-674,PZ-REMOTE,9.49,2026-01-29
QX-BAK-675,PZ-METRO,2.36,2025-12-07
QX-BAK-675,PZ-URBAN,2.15,2025-09-28
QX-BAK-675,PZ-CORE,2.07,2025-09-29
QX-BAK-675,PZ-VALUE,1.95,2026-01-20
QX-BAK-675,PZ-REMOTE,2.26,2026-02-11
QX-HBC-676,PZ-METRO,10.17,2025-10-31
QX-HBC-676,PZ-URBAN,9.28,2026-02-08
QX-HBC-676,PZ-CORE,8.92,2025-11-30
QX-HBC-676,PZ-VALUE,8.38,2025-12-06
QX-HBC-676,PZ-REMOTE,9.72,2025-12-29
QX-PET-677,PZ-METRO,7.42,2025-11-11
QX-PET-677,PZ-URBAN,6.77,2026-02-03
QX-PET-677,PZ-CORE,6.51,2025-12-29
QX-PET-677,PZ-VALUE,6.12,2025-11-12
QX-PET-677,PZ-REMOTE,7.10,2025-09-18
QX-DRK-678,PZ-METRO,3.31,2025-10-30
QX-DRK-678,PZ-URBAN,3.02,2026-02-04
QX-DRK-678,PZ-CORE,2.90,2026-01-27
QX-DRK-678,PZ-VALUE,2.73,2025-12-23
QX-DRK-678,PZ-REMOTE,3.16,2026-02-26
QX-BAK-679,PZ-METRO,4.09,2026-03-22
QX-BAK-679,PZ-URBAN,3.73,2026-02-15
QX-BAK-679,PZ-CORE,3.59,2026-02-06
QX-BAK-679,PZ-VALUE,3.37,2025-10-15
QX-BAK-679,PZ-REMOTE,3.91,2025-12-19
QX-DRY-680,PZ-METRO,2.28,2025-11-06
QX-DRY-680,PZ-URBAN,2.08,2025-12-18
QX-DRY-680,PZ-CORE,2.00,2026-01-13
QX-DRY-680,PZ-VALUE,1.88,2025-12-09
QX-DRY-680,PZ-REMOTE,2.18,2025-10-12
QX-PRO-681,PZ-METRO,3.82,2025-11-30
QX-PRO-681,PZ-URBAN,3.48,2025-11-06
QX-PRO-681,PZ-CORE,3.35,2026-01-02
QX-PRO-681,PZ-VALUE,3.15,2026-02-22
QX-PRO-681,PZ-REMOTE,3.65,2026-01-30
QX-CER-682,PZ-METRO,3.86,2025-12-20
QX-CER-682,PZ-URBAN,3.53,2026-01-28
QX-CER-682,PZ-CORE,3.39,2025-12-18
QX-CER-682,PZ-VALUE,3.19,2025-10-02
QX-CER-682,PZ-REMOTE,3.70,2026-03-07
QX-DRK-683,PZ-METRO,2.77,2025-11-21
QX-DRK-683,PZ-URBAN,2.53,2025-10-08
QX-DRK-683,PZ-CORE,2.43,2025-12-06
QX-DRK-683,PZ-VALUE,2.28,2025-10-12
QX-DRK-683,PZ-REMOTE,2.65,2026-03-06
QX-PET-684,PZ-METRO,2.63,2026-03-21
QX-PET-684,PZ-URBAN,2.40,2026-01-02
QX-PET-684,PZ-CORE,2.31,2025-12-12
QX-PET-684,PZ-VALUE,2.17,2025-10-09
QX-PET-684,PZ-REMOTE,2.52,2025-10-09
QX-CHL-685,PZ-METRO,6.34,2026-01-15
QX-CHL-685,PZ-URBAN,5.78,2026-01-15
QX-CHL-685,PZ-CORE,5.56,2025-10-25
QX-CHL-685,PZ-VALUE,5.23,2025-10-27
QX-CHL-685,PZ-REMOTE,6.06,2026-01-25
QX-PET-686,PZ-METRO,1.06,2026-03-12
QX-PET-686,PZ-URBAN,0.95,2025-11-03
QX-PET-686,PZ-CORE,0.95,2025-11-29
QX-PET-686,PZ-VALUE,0.85,2025-10-26
QX-PET-686,PZ-REMOTE,1.01,2026-01-28
QX-TIN-687,PZ-METRO,0.65,2025-10-26
QX-TIN-687,PZ-URBAN,0.60,2025-12-17
QX-TIN-687,PZ-CORE,0.60,2025-11-16
QX-TIN-687,PZ-VALUE,0.55,2025-12-01
QX-TIN-687,PZ-REMOTE,0.65,2025-12-14
QX-BAK-688,PZ-METRO,2.03,2025-12-01
QX-BAK-688,PZ-URBAN,1.85,2025-12-30
QX-BAK-688,PZ-CORE,1.78,2026-02-23
QX-BAK-688,PZ-VALUE,1.67,2026-01-07
QX-BAK-688,PZ-REMOTE,1.94,2025-11-16
QX-DRY-689,PZ-METRO,1.50,2026-01-16
QX-DRY-689,PZ-URBAN,1.37,2025-11-01
QX-DRY-689,PZ-CORE,1.32,2026-03-11
QX-DRY-689,PZ-VALUE,1.24,2025-12-11
QX-DRY-689,PZ-REMOTE,1.44,2026-03-19
QX-TIN-690,PZ-METRO,1.37,2025-12-01
QX-TIN-690,PZ-URBAN,1.25,2026-02-14
QX-TIN-690,PZ-CORE,1.20,2025-11-27
QX-TIN-690,PZ-VALUE,1.13,2025-12-12
QX-TIN-690,PZ-REMOTE,1.31,2026-02-06
QX-TIN-691,PZ-METRO,2.75,2026-02-27
QX-TIN-691,PZ-URBAN,2.51,2025-12-16
QX-TIN-691,PZ-CORE,2.41,2026-03-03
QX-TIN-691,PZ-VALUE,2.27,2025-10-26
QX-TIN-691,PZ-REMOTE,2.63,2026-02-27
QX-CHL-692,PZ-METRO,21.51,2025-11-18
QX-CHL-692,PZ-URBAN,19.62,2025-10-31
QX-CHL-692,PZ-CORE,18.87,2026-03-12
QX-CHL-692,PZ-VALUE,17.74,2025-10-13
QX-CHL-692,PZ-REMOTE,20.57,2026-01-14
QX-HHD-693,PZ-METRO,8.97,2026-02-02
QX-HHD-693,PZ-URBAN,8.18,2025-09-23
QX-HHD-693,PZ-CORE,7.87,2025-10-20
QX-HHD-693,PZ-VALUE,7.40,2026-03-13
QX-HHD-693,PZ-REMOTE,8.58,2025-11-30
QX-TIN-694,PZ-METRO,0.70,2026-01-24
QX-TIN-694,PZ-URBAN,0.65,2026-02-07
QX-TIN-694,PZ-CORE,0.65,2026-02-18
QX-TIN-694,PZ-VALUE,0.60,2025-10-20
QX-TIN-694,PZ-REMOTE,0.70,2025-12-26
QX-BAK-695,PZ-METRO,7.16,2025-10-04
QX-BAK-695,PZ-URBAN,6.53,2025-12-29
QX-BAK-695,PZ-CORE,6.28,2025-11-30
QX-BAK-695,PZ-VALUE,5.90,2025-12-15
QX-BAK-695,PZ-REMOTE,6.85,2026-01-23
QX-BAK-696,PZ-METRO,3.90,2026-03-11
QX-BAK-696,PZ-URBAN,3.56,2025-10-06
QX-BAK-696,PZ-CORE,3.42,2025-12-26
QX-BAK-696,PZ-VALUE,3.21,2025-09-23
QX-BAK-696,PZ-REMOTE,3.73,2025-10-20
QX-BWS-697,PZ-METRO,41.42,2026-01-24
QX-BWS-697,PZ-URBAN,37.78,2025-12-26
QX-BWS-697,PZ-CORE,36.33,2025-12-20
QX-BWS-697,PZ-VALUE,34.15,2025-11-12
QX-BWS-697,PZ-REMOTE,39.60,2026-03-18
QX-HBC-698,PZ-METRO,7.44,2026-01-12
QX-HBC-698,PZ-URBAN,6.79,2026-01-13
QX-HBC-698,PZ-CORE,6.53,2025-11-30
QX-HBC-698,PZ-VALUE,6.14,2026-01-10
QX-HBC-698,PZ-REMOTE,7.12,2025-11-14
QX-BAK-699,PZ-METRO,3.56,2026-03-02
QX-BAK-699,PZ-URBAN,3.24,2025-11-14
QX-BAK-699,PZ-CORE,3.12,2026-02-15
QX-BAK-699,PZ-VALUE,2.93,2025-10-21
QX-BAK-699,PZ-REMOTE,3.40,2025-11-25
QX-PET-700,PZ-METRO,3.84,2026-01-30
QX-PET-700,PZ-URBAN,3.50,2026-02-03
QX-PET-700,PZ-CORE,3.37,2026-01-07
QX-PET-700,PZ-VALUE,3.17,2026-02-24
QX-PET-700,PZ-REMOTE,3.67,2026-01-31
QX-CHL-701,PZ-METRO,3.15,2025-12-02
QX-CHL-701,PZ-URBAN,2.87,2025-11-09
QX-CHL-701,PZ-CORE,2.76,2025-12-18
QX-CHL-701,PZ-VALUE,2.59,2025-11-19
QX-CHL-701,PZ-REMOTE,3.01,2026-01-28
QX-FRZ-702,PZ-METRO,1.97,2026-01-11
QX-FRZ-702,PZ-URBAN,1.80,2025-11-25
QX-FRZ-702,PZ-CORE,1.73,2026-01-25
QX-FRZ-702,PZ-VALUE,1.63,2025-12-06
QX-FRZ-702,PZ-REMOTE,1.89,2025-12-24
QX-PET-703,PZ-METRO,8.41,2026-01-28
QX-PET-703,PZ-URBAN,7.68,2025-10-07
QX-PET-703,PZ-CORE,7.38,2026-02-27
QX-PET-703,PZ-VALUE,6.94,2026-01-21
QX-PET-703,PZ-REMOTE,8.04,2026-01-06
QX-DRK-704,PZ-METRO,1.15,2026-01-01
QX-DRK-704,PZ-URBAN,1.05,2025-12-18
QX-DRK-704,PZ-CORE,1.01,2026-01-13
QX-DRK-704,PZ-VALUE,0.95,2025-09-17
QX-DRK-704,PZ-REMOTE,1.10,2025-12-09
QX-DRK-705,PZ-METRO,5.99,2025-11-13
QX-DRK-705,PZ-URBAN,5.46,2025-12-09
QX-DRK-705,PZ-CORE,5.25,2026-03-09
QX-DRK-705,PZ-VALUE,4.93,2025-10-18
QX-DRK-705,PZ-REMOTE,5.72,2025-12-18
QX-BAK-706,PZ-METRO,2.36,2026-02-23
QX-BAK-706,PZ-URBAN,2.15,2026-02-20
QX-BAK-706,PZ-CORE,2.07,2025-09-14
QX-BAK-706,PZ-VALUE,1.95,2025-12-04
QX-BAK-706,PZ-REMOTE,2.26,2025-12-16
QX-HHD-707,PZ-METRO,11.21,2025-12-31
QX-HHD-707,PZ-URBAN,10.22,2025-12-11
QX-HHD-707,PZ-CORE,9.83,2025-12-05
QX-HHD-707,PZ-VALUE,9.24,2026-01-23
QX-HHD-707,PZ-REMOTE,10.71,2026-01-24
QX-PET-708,PZ-METRO,10.50,2025-09-14
QX-PET-708,PZ-URBAN,9.58,2025-12-25
QX-PET-708,PZ-CORE,9.21,2025-09-24
QX-PET-708,PZ-VALUE,8.66,2026-03-19
QX-PET-708,PZ-REMOTE,10.04,2025-10-23
QX-DRK-709,PZ-METRO,1.48,2026-01-13
QX-DRK-709,PZ-URBAN,1.35,2026-02-05
QX-DRK-709,PZ-CORE,1.30,2025-12-31
QX-DRK-709,PZ-VALUE,1.22,2025-12-14
QX-DRK-709,PZ-REMOTE,1.42,2026-01-15
QX-HHD-710,PZ-METRO,3.52,2025-11-27
QX-HHD-710,PZ-URBAN,3.21,2025-09-27
QX-HHD-710,PZ-CORE,3.09,2025-12-06
QX-HHD-710,PZ-VALUE,2.90,2025-10-04
QX-HHD-710,PZ-REMOTE,3.37,2026-03-22
QX-FRZ-711,PZ-METRO,5.29,2026-03-09
QX-FRZ-711,PZ-URBAN,4.83,2025-12-01
QX-FRZ-711,PZ-CORE,4.64,2025-10-15
QX-FRZ-711,PZ-VALUE,4.36,2026-03-10
QX-FRZ-711,PZ-REMOTE,5.06,2026-02-02
QX-BWS-712,PZ-METRO,17.97,2025-09-14
QX-BWS-712,PZ-URBAN,16.39,2025-12-30
QX-BWS-712,PZ-CORE,15.76,2025-10-09
QX-BWS-712,PZ-VALUE,14.81,2025-10-24
QX-BWS-712,PZ-REMOTE,17.18,2025-11-30
QX-DRK-713,PZ-METRO,3.94,2025-12-27
QX-DRK-713,PZ-URBAN,3.60,2026-01-21
QX-DRK-713,PZ-CORE,3.46,2025-12-22
QX-DRK-713,PZ-VALUE,3.25,2026-01-08
QX-DRK-713,PZ-REMOTE,3.77,2025-10-06
QX-PRO-714,PZ-METRO,2.95,2026-01-18
QX-PRO-714,PZ-URBAN,2.69,2025-11-19
QX-PRO-714,PZ-CORE,2.59,2026-03-06
QX-PRO-714,PZ-VALUE,2.43,2025-11-28
QX-PRO-714,PZ-REMOTE,2.82,2025-10-29
QX-BAK-715,PZ-METRO,4.04,2026-02-03
QX-BAK-715,PZ-URBAN,3.68,2026-01-07
QX-BAK-715,PZ-CORE,3.54,2026-01-24
QX-BAK-715,PZ-VALUE,3.33,2025-11-21
QX-BAK-715,PZ-REMOTE,3.86,2026-02-21
QX-CHL-716,PZ-METRO,20.68,2025-09-14
QX-CHL-716,PZ-URBAN,18.87,2025-10-30
QX-CHL-716,PZ-CORE,18.14,2025-11-04
QX-CHL-716,PZ-VALUE,17.05,2025-12-25
QX-CHL-716,PZ-REMOTE,19.77,2026-02-06
QX-FRZ-717,PZ-METRO,6.83,2025-09-17
QX-FRZ-717,PZ-URBAN,6.23,2025-10-14
QX-FRZ-717,PZ-CORE,5.99,2025-09-29
QX-FRZ-717,PZ-VALUE,5.63,2026-01-24
QX-FRZ-717,PZ-REMOTE,6.53,2026-01-27
QX-DRY-718,PZ-METRO,7.56,2026-03-11
QX-DRY-718,PZ-URBAN,6.90,2026-01-02
QX-DRY-718,PZ-CORE,6.63,2026-01-03
QX-DRY-718,PZ-VALUE,6.23,2026-01-15
QX-DRY-718,PZ-REMOTE,7.23,2025-11-14
QX-BAK-719,PZ-METRO,2.68,2025-11-01
QX-BAK-719,PZ-URBAN,2.44,2025-12-14
QX-BAK-719,PZ-CORE,2.35,2025-12-18
QX-BAK-719,PZ-VALUE,2.21,2025-11-19
QX-BAK-719,PZ-REMOTE,2.56,2026-01-28
QX-DRK-720,PZ-METRO,7.24,2026-01-13
QX-DRK-720,PZ-URBAN,6.60,2026-01-20
QX-DRK-720,PZ-CORE,6.35,2025-10-04
QX-DRK-720,PZ-VALUE,5.97,2026-01-06
QX-DRK-720,PZ-REMOTE,6.92,2026-03-16
QX-BWS-721,PZ-METRO,29.05,2025-10-31
QX-BWS-721,PZ-URBAN,26.50,2025-12-09
QX-BWS-721,PZ-CORE,25.48,2025-11-19
QX-BWS-721,PZ-VALUE,23.95,2025-11-11
QX-BWS-721,PZ-REMOTE,27.77,2026-02-22
QX-FRZ-722,PZ-METRO,5.00,2025-11-11
QX-FRZ-722,PZ-URBAN,4.57,2026-01-01
QX-FRZ-722,PZ-CORE,4.39,2025-11-12
QX-FRZ-722,PZ-VALUE,4.13,2025-12-13
QX-FRZ-722,PZ-REMOTE,4.79,2026-01-13
QX-HBC-723,PZ-METRO,13.10,2026-01-29
QX-HBC-723,PZ-URBAN,11.95,2026-03-17
QX-HBC-723,PZ-CORE,11.49,2025-10-30
QX-HBC-723,PZ-VALUE,10.80,2026-01-17
QX-HBC-723,PZ-REMOTE,12.52,2025-09-21
QX-CHL-724,PZ-METRO,9.11,2025-11-06
QX-CHL-724,PZ-URBAN,8.31,2025-10-31
QX-CHL-724,PZ-CORE,7.99,2025-11-29
QX-CHL-724,PZ-VALUE,7.51,2025-09-18
QX-CHL-724,PZ-REMOTE,8.71,2025-12-09
QX-HBC-725,PZ-METRO,15.88,2026-02-28
QX-HBC-725,PZ-URBAN,14.49,2025-11-09
QX-HBC-725,PZ-CORE,13.93,2025-11-17
QX-HBC-725,PZ-VALUE,13.09,2025-12-02
QX-HBC-725,PZ-REMOTE,15.18,2025-10-06
QX-PRO-726,PZ-METRO,1.07,2026-02-15
QX-PRO-726,PZ-URBAN,1.00,2025-12-26
QX-PRO-726,PZ-CORE,0.95,2025-11-14
QX-PRO-726,PZ-VALUE,0.90,2025-12-18
QX-PRO-726,PZ-REMOTE,1.02,2025-12-12
QX-FRZ-727,PZ-METRO,9.34,2026-02-27
QX-FRZ-727,PZ-URBAN,8.52,2025-10-09
QX-FRZ-727,PZ-CORE,8.19,2026-01-16
QX-FRZ-727,PZ-VALUE,7.70,2025-11-10
QX-FRZ-727,PZ-REMOTE,8.93,2025-12-30
QX-DRK-728,PZ-METRO,6.73,2026-03-15
QX-DRK-728,PZ-URBAN,6.14,2026-02-03
QX-DRK-728,PZ-CORE,5.90,2026-02-07
QX-DRK-728,PZ-VALUE,5.55,2025-09-16
QX-DRK-728,PZ-REMOTE,6.43,2025-12-30
QX-HHD-729,PZ-METRO,8.49,2025-09-23
QX-HHD-729,PZ-URBAN,7.75,2025-10-22
QX-HHD-729,PZ-CORE,7.45,2025-12-12
QX-HHD-729,PZ-VALUE,7.00,2026-01-29
QX-HHD-729,PZ-REMOTE,8.12,2025-09-23
QX-BAK-730,PZ-METRO,1.72,2025-10-25
QX-BAK-730,PZ-URBAN,1.57,2025-09-24
QX-BAK-730,PZ-CORE,1.51,2025-09-20
QX-BAK-730,PZ-VALUE,1.42,2026-03-16
QX-BAK-730,PZ-REMOTE,1.65,2026-01-13
QX-BWS-731,PZ-METRO,24.56,2026-02-13
QX-BWS-731,PZ-URBAN,22.40,2025-09-22
QX-BWS-731,PZ-CORE,21.54,2026-03-12
QX-BWS-731,PZ-VALUE,20.25,2026-03-16
QX-BWS-731,PZ-REMOTE,23.48,2026-01-12
QX-BAK-732,PZ-METRO,4.62,2026-03-02
QX-BAK-732,PZ-URBAN,4.21,2025-11-17
QX-BAK-732,PZ-CORE,4.05,2026-03-04
QX-BAK-732,PZ-VALUE,3.81,2025-12-16
QX-BAK-732,PZ-REMOTE,4.41,2026-01-08
QX-HBC-733,PZ-METRO,2.94,2025-10-02
QX-HBC-733,PZ-URBAN,2.68,2025-11-25
QX-HBC-733,PZ-CORE,2.58,2026-02-26
QX-HBC-733,PZ-VALUE,2.43,2025-10-23
QX-HBC-733,PZ-REMOTE,2.81,2025-12-26
QX-CER-734,PZ-METRO,3.44,2025-10-23
QX-CER-734,PZ-URBAN,3.14,2026-02-15
QX-CER-734,PZ-CORE,3.02,2026-01-30
QX-CER-734,PZ-VALUE,2.84,2026-01-10
QX-CER-734,PZ-REMOTE,3.29,2025-10-26
QX-PRO-735,PZ-METRO,4.53,2025-12-21
QX-PRO-735,PZ-URBAN,4.13,2026-01-27
QX-PRO-735,PZ-CORE,3.97,2025-11-26
QX-PRO-735,PZ-VALUE,3.73,2025-12-03
QX-PRO-735,PZ-REMOTE,4.33,2026-03-13
QX-DRK-736,PZ-METRO,6.91,2026-03-20
QX-DRK-736,PZ-URBAN,6.30,2025-10-13
QX-DRK-736,PZ-CORE,6.06,2025-11-19
QX-DRK-736,PZ-VALUE,5.70,2025-09-23
QX-DRK-736,PZ-REMOTE,6.61,2026-03-18
QX-DRK-737,PZ-METRO,2.45,2025-12-16
QX-DRK-737,PZ-URBAN,2.24,2025-09-21
QX-DRK-737,PZ-CORE,2.15,2025-12-07
QX-DRK-737,PZ-VALUE,2.02,2025-10-29
QX-DRK-737,PZ-REMOTE,2.34,2025-10-01
QX-FRZ-738,PZ-METRO,6.18,2026-03-02
QX-FRZ-738,PZ-URBAN,5.64,2025-10-22
QX-FRZ-738,PZ-CORE,5.42,2026-02-27
QX-FRZ-738,PZ-VALUE,5.09,2025-12-29
QX-FRZ-738,PZ-REMOTE,5.91,2025-10-05
QX-CHL-739,PZ-METRO,3.88,2025-12-15
QX-CHL-739,PZ-URBAN,3.54,2025-12-22
QX-CHL-739,PZ-CORE,3.40,2025-10-17
QX-CHL-739,PZ-VALUE,3.20,2026-02-25
QX-CHL-739,PZ-REMOTE,3.71,2025-10-04
QX-CHL-740,PZ-METRO,6.91,2025-09-17
QX-CHL-740,PZ-URBAN,6.30,2025-10-09
QX-CHL-740,PZ-CORE,6.06,2025-11-19
QX-CHL-740,PZ-VALUE,5.70,2026-02-17
QX-CHL-740,PZ-REMOTE,6.61,2025-12-14
QX-HHD-741,PZ-METRO,12.06,2025-10-20
QX-HHD-741,PZ-URBAN,11.00,2025-12-15
QX-HHD-741,PZ-CORE,10.58,2026-02-17
QX-HHD-741,PZ-VALUE,9.95,2026-02-03
QX-HHD-741,PZ-REMOTE,11.53,2025-11-02
QX-CHL-742,PZ-METRO,18.88,2025-11-30
QX-CHL-742,PZ-URBAN,17.22,2025-11-24
QX-CHL-742,PZ-CORE,16.56,2025-09-24
QX-CHL-742,PZ-VALUE,15.57,2025-10-24
QX-CHL-742,PZ-REMOTE,18.05,2025-12-26
QX-BWS-743,PZ-METRO,43.23,2025-12-27
QX-BWS-743,PZ-URBAN,39.44,2026-03-08
QX-BWS-743,PZ-CORE,37.92,2026-03-16
QX-BWS-743,PZ-VALUE,35.64,2026-02-13
QX-BWS-743,PZ-REMOTE,41.33,2025-11-14
QX-PRO-744,PZ-METRO,2.93,2026-02-11
QX-PRO-744,PZ-URBAN,2.67,2025-12-14
QX-PRO-744,PZ-CORE,2.57,2026-01-21
QX-PRO-744,PZ-VALUE,2.42,2025-10-22
QX-PRO-744,PZ-REMOTE,2.80,2025-12-02
QX-BAK-745,PZ-METRO,3.33,2026-02-06
QX-BAK-745,PZ-URBAN,3.04,2025-10-22
QX-BAK-745,PZ-CORE,2.92,2025-10-26
QX-BAK-745,PZ-VALUE,2.74,2025-12-05
QX-BAK-745,PZ-REMOTE,3.18,2025-12-30
QX-CHL-746,PZ-METRO,4.21,2025-09-24
QX-CHL-746,PZ-URBAN,3.84,2025-10-07
QX-CHL-746,PZ-CORE,3.69,2025-12-29
QX-CHL-746,PZ-VALUE,3.47,2025-10-14
QX-CHL-746,PZ-REMOTE,4.02,2026-01-18
QX-BWS-747,PZ-METRO,29.00,2026-01-10
QX-BWS-747,PZ-URBAN,26.46,2026-01-21
QX-BWS-747,PZ-CORE,25.44,2026-02-05
QX-BWS-747,PZ-VALUE,23.91,2025-11-14
QX-BWS-747,PZ-REMOTE,27.73,2025-09-15
QX-BWS-748,PZ-METRO,29.91,2025-10-03
QX-BWS-748,PZ-URBAN,27.29,2025-11-29
QX-BWS-748,PZ-CORE,26.24,2025-10-14
QX-BWS-748,PZ-VALUE,24.67,2025-12-02
QX-BWS-748,PZ-REMOTE,28.60,2026-03-22
QX-FRZ-749,PZ-METRO,7.16,2025-10-01
QX-FRZ-749,PZ-URBAN,6.53,2026-03-10
QX-FRZ-749,PZ-CORE,6.28,2025-10-12
QX-FRZ-749,PZ-VALUE,5.90,2026-02-25
QX-FRZ-749,PZ-REMOTE,6.85,2025-10-30
QX-CER-750,PZ-METRO,3.63,2026-01-22
QX-CER-750,PZ-URBAN,3.31,2025-12-20
QX-CER-750,PZ-CORE,3.18,2025-12-16
QX-CER-750,PZ-VALUE,2.99,2026-01-11
QX-CER-750,PZ-REMOTE,3.47,2025-11-25
QX-DRY-751,PZ-METRO,4.89,2025-10-25
QX-DRY-751,PZ-URBAN,4.46,2026-02-06
QX-DRY-751,PZ-CORE,4.29,2026-02-08
QX-DRY-751,PZ-VALUE,4.03,2025-10-29
QX-DRY-751,PZ-REMOTE,4.68,2025-11-19
QX-CHL-752,PZ-METRO,7.40,2026-01-31
QX-CHL-752,PZ-URBAN,6.75,2026-02-06
QX-CHL-752,PZ-CORE,6.49,2026-03-10
QX-CHL-752,PZ-VALUE,6.10,2025-11-21
QX-CHL-752,PZ-REMOTE,7.07,2025-11-16
QX-BWS-753,PZ-METRO,8.07,2026-03-13
QX-BWS-753,PZ-URBAN,7.36,2025-09-30
QX-BWS-753,PZ-CORE,7.08,2026-03-06
QX-BWS-753,PZ-VALUE,6.66,2026-01-30
QX-BWS-753,PZ-REMOTE,7.72,2025-10-04
QX-PRO-754,PZ-METRO,2.29,2025-10-26
QX-PRO-754,PZ-URBAN,2.09,2025-11-26
QX-PRO-754,PZ-CORE,2.01,2026-02-14
QX-PRO-754,PZ-VALUE,1.89,2025-12-15
QX-PRO-754,PZ-REMOTE,2.19,2025-11-17
QX-DRK-755,PZ-METRO,6.05,2026-03-06
QX-DRK-755,PZ-URBAN,5.52,2026-01-28
QX-DRK-755,PZ-CORE,5.31,2026-02-24
QX-DRK-755,PZ-VALUE,4.99,2026-02-25
QX-DRK-755,PZ-REMOTE,5.79,2026-01-18
QX-CHL-756,PZ-METRO,6.81,2026-02-17
QX-CHL-756,PZ-URBAN,6.21,2026-01-10
QX-CHL-756,PZ-CORE,5.97,2026-03-03
QX-CHL-756,PZ-VALUE,5.61,2026-01-17
QX-CHL-756,PZ-REMOTE,6.51,2025-12-31
QX-HHD-757,PZ-METRO,13.29,2026-03-22
QX-HHD-757,PZ-URBAN,12.13,2025-12-27
QX-HHD-757,PZ-CORE,11.66,2025-10-05
QX-HHD-757,PZ-VALUE,10.96,2026-03-21
QX-HHD-757,PZ-REMOTE,12.71,2025-10-23
QX-BWS-758,PZ-METRO,41.18,2025-10-23
QX-BWS-758,PZ-URBAN,37.56,2026-01-20
QX-BWS-758,PZ-CORE,36.12,2025-09-28
QX-BWS-758,PZ-VALUE,33.95,2025-11-04
QX-BWS-758,PZ-REMOTE,39.37,2025-11-21
QX-HHD-759,PZ-METRO,3.42,2025-12-27
QX-HHD-759,PZ-URBAN,3.12,2026-02-20
QX-HHD-759,PZ-CORE,3.00,2026-01-20
QX-HHD-759,PZ-VALUE,2.82,2026-03-05
QX-HHD-759,PZ-REMOTE,3.27,2025-11-12
QX-DRY-760,PZ-METRO,2.05,2025-09-28
QX-DRY-760,PZ-URBAN,1.87,2025-09-17
QX-DRY-760,PZ-CORE,1.80,2026-01-07
QX-DRY-760,PZ-VALUE,1.69,2025-10-19
QX-DRY-760,PZ-REMOTE,1.96,2026-02-07
QX-TIN-761,PZ-METRO,0.60,2025-11-06
QX-TIN-761,PZ-URBAN,0.55,2025-10-22
QX-TIN-761,PZ-CORE,0.50,2026-02-04
QX-TIN-761,PZ-VALUE,0.50,2026-01-12
QX-TIN-761,PZ-REMOTE,0.55,2025-12-15
QX-DRY-762,PZ-METRO,2.88,2025-10-04
QX-DRY-762,PZ-URBAN,2.63,2025-12-20
QX-DRY-762,PZ-CORE,2.53,2026-03-14
QX-DRY-762,PZ-VALUE,2.38,2025-10-23
QX-DRY-762,PZ-REMOTE,2.76,2025-12-04
QX-CER-763,PZ-METRO,1.89,2025-11-13
QX-CER-763,PZ-URBAN,1.73,2026-01-26
QX-CER-763,PZ-CORE,1.66,2026-02-21
QX-CER-763,PZ-VALUE,1.56,2025-10-17
QX-CER-763,PZ-REMOTE,1.81,2025-10-30
QX-FRZ-764,PZ-METRO,7.79,2026-02-04
QX-FRZ-764,PZ-URBAN,7.10,2025-11-07
QX-FRZ-764,PZ-CORE,6.83,2025-11-19
QX-FRZ-764,PZ-VALUE,6.42,2025-09-16
QX-FRZ-764,PZ-REMOTE,7.44,2025-11-27
QX-BWS-765,PZ-METRO,8.86,2025-10-27
QX-BWS-765,PZ-URBAN,8.08,2026-02-14
QX-BWS-765,PZ-CORE,7.77,2026-01-20
QX-BWS-765,PZ-VALUE,7.30,2025-10-17
QX-BWS-765,PZ-REMOTE,8.47,2026-03-22
QX-PRO-766,PZ-METRO,5.11,2025-12-17
QX-PRO-766,PZ-URBAN,4.66,2026-01-22
QX-PRO-766,PZ-CORE,4.48,2026-01-20
QX-PRO-766,PZ-VALUE,4.21,2025-11-17
QX-PRO-766,PZ-REMOTE,4.88,2026-01-06
QX-BAK-767,PZ-METRO,4.51,2025-11-17
QX-BAK-767,PZ-URBAN,4.12,2025-09-21
QX-BAK-767,PZ-CORE,3.96,2026-01-29
QX-BAK-767,PZ-VALUE,3.72,2026-01-19
QX-BAK-767,PZ-REMOTE,4.32,2026-01-08
QX-BAK-768,PZ-METRO,5.23,2026-03-21
QX-BAK-768,PZ-URBAN,4.77,2026-03-22
QX-BAK-768,PZ-CORE,4.59,2025-10-13
QX-BAK-768,PZ-VALUE,4.31,2025-10-08
QX-BAK-768,PZ-REMOTE,5.00,2026-03-05
QX-PET-769,PZ-METRO,8.89,2026-01-16
QX-PET-769,PZ-URBAN,8.11,2025-10-27
QX-PET-769,PZ-CORE,7.80,2025-11-10
QX-PET-769,PZ-VALUE,7.33,2025-11-06
QX-PET-769,PZ-REMOTE,8.50,2025-12-26
QX-CER-770,PZ-METRO,2.71,2025-10-14
QX-CER-770,PZ-URBAN,2.48,2025-11-18
QX-CER-770,PZ-CORE,2.38,2025-12-03
QX-CER-770,PZ-VALUE,2.24,2026-03-08
QX-CER-770,PZ-REMOTE,2.59,2026-03-08
QX-BWS-771,PZ-METRO,27.49,2026-01-24
QX-BWS-771,PZ-URBAN,25.07,2026-01-06
QX-BWS-771,PZ-CORE,24.11,2026-01-30
QX-BWS-771,PZ-VALUE,22.66,2026-02-16
QX-BWS-771,PZ-REMOTE,26.28,2026-01-26
QX-HBC-772,PZ-METRO,6.99,2025-10-26
QX-HBC-772,PZ-URBAN,6.38,2025-09-24
QX-HBC-772,PZ-CORE,6.13,2025-10-25
QX-HBC-772,PZ-VALUE,5.76,2026-02-12
QX-HBC-772,PZ-REMOTE,6.68,2026-02-28
QX-CER-773,PZ-METRO,3.15,2025-10-07
QX-CER-773,PZ-URBAN,2.87,2025-10-06
QX-CER-773,PZ-CORE,2.76,2025-11-09
QX-CER-773,PZ-VALUE,2.59,2025-11-28
QX-CER-773,PZ-REMOTE,3.01,2026-02-17
QX-CER-774,PZ-METRO,2.68,2026-03-08
QX-CER-774,PZ-URBAN,2.44,2026-03-01
QX-CER-774,PZ-CORE,2.35,2025-11-28
QX-CER-774,PZ-VALUE,2.21,2025-10-07
QX-CER-774,PZ-REMOTE,2.56,2026-01-02
QX-CHL-775,PZ-METRO,5.64,2026-02-25
QX-CHL-775,PZ-URBAN,5.15,2025-10-28
QX-CHL-775,PZ-CORE,4.95,2025-10-14
QX-CHL-775,PZ-VALUE,4.65,2025-10-01
QX-CHL-775,PZ-REMOTE,5.40,2026-02-04
QX-HHD-776,PZ-METRO,1.97,2025-12-16
QX-HHD-776,PZ-URBAN,1.80,2026-01-19
QX-HHD-776,PZ-CORE,1.73,2025-12-10
QX-HHD-776,PZ-VALUE,1.63,2026-01-31
QX-HHD-776,PZ-REMOTE,1.89,2026-02-26
QX-CHL-777,PZ-METRO,19.60,2025-10-13
QX-CHL-777,PZ-URBAN,17.88,2026-03-17
QX-CHL-777,PZ-CORE,17.19,2025-10-01
QX-CHL-777,PZ-VALUE,16.16,2026-01-16
QX-CHL-777,PZ-REMOTE,18.74,2025-10-09
QX-PRO-778,PZ-METRO,3.90,2026-02-10
QX-PRO-778,PZ-URBAN,3.56,2025-11-18
QX-PRO-778,PZ-CORE,3.42,2026-02-03
QX-PRO-778,PZ-VALUE,3.21,2025-12-09
QX-PRO-778,PZ-REMOTE,3.73,2026-01-19
QX-HBC-779,PZ-METRO,6.20,2025-12-15
QX-HBC-779,PZ-URBAN,5.66,2025-09-25
QX-HBC-779,PZ-CORE,5.44,2026-03-18
QX-HBC-779,PZ-VALUE,5.11,2026-03-17
QX-HBC-779,PZ-REMOTE,5.93,2026-01-10
QX-PET-780,PZ-METRO,3.74,2026-02-28
QX-PET-780,PZ-URBAN,3.41,2025-12-15
QX-PET-780,PZ-CORE,3.28,2025-09-14
QX-PET-780,PZ-VALUE,3.08,2026-03-05
QX-PET-780,PZ-REMOTE,3.58,2026-02-06
QX-DRY-781,PZ-METRO,2.61,2025-11-26
QX-DRY-781,PZ-URBAN,2.38,2025-09-16
QX-DRY-781,PZ-CORE,2.29,2025-10-17
QX-DRY-781,PZ-VALUE,2.15,2026-03-03
QX-DRY-781,PZ-REMOTE,2.50,2026-01-22
QX-PRO-782,PZ-METRO,4.09,2026-03-21
QX-PRO-782,PZ-URBAN,3.73,2025-10-14
QX-PRO-782,PZ-CORE,3.59,2025-10-28
QX-PRO-782,PZ-VALUE,3.37,2026-01-24
QX-PRO-782,PZ-REMOTE,3.91,2026-03-07
QX-PET-783,PZ-METRO,5.70,2025-09-24
QX-PET-783,PZ-URBAN,5.20,2026-01-29
QX-PET-783,PZ-CORE,5.00,2025-12-20
QX-PET-783,PZ-VALUE,4.70,2026-03-14
QX-PET-783,PZ-REMOTE,5.45,2025-12-15
QX-CER-784,PZ-METRO,2.75,2026-02-16
QX-CER-784,PZ-URBAN,2.51,2026-03-10
QX-CER-784,PZ-CORE,2.41,2026-01-11
QX-CER-784,PZ-VALUE,2.27,2025-09-23
QX-CER-784,PZ-REMOTE,2.63,2025-10-10
QX-CHL-785,PZ-METRO,5.28,2025-11-02
QX-CHL-785,PZ-URBAN,4.82,2025-11-16
QX-CHL-785,PZ-CORE,4.63,2025-09-19
QX-CHL-785,PZ-VALUE,4.35,2025-11-09
QX-CHL-785,PZ-REMOTE,5.05,2025-10-17
QX-HBC-786,PZ-METRO,13.91,2026-01-07
QX-HBC-786,PZ-URBAN,12.69,2025-10-21
QX-HBC-786,PZ-CORE,12.20,2025-10-01
QX-HBC-786,PZ-VALUE,11.47,2025-11-22
QX-HBC-786,PZ-REMOTE,13.30,2025-10-03
QX-BAK-787,PZ-METRO,4.51,2026-01-04
QX-BAK-787,PZ-URBAN,4.12,2025-12-24
QX-BAK-787,PZ-CORE,3.96,2026-02-10
QX-BAK-787,PZ-VALUE,3.72,2025-10-06
QX-BAK-787,PZ-REMOTE,4.32,2025-10-15
QX-HHD-788,PZ-METRO,6.74,2025-09-19
QX-HHD-788,PZ-URBAN,6.15,2025-12-04
QX-HHD-788,PZ-CORE,5.91,2026-03-07
QX-HHD-788,PZ-VALUE,5.56,2025-10-01
QX-HHD-788,PZ-REMOTE,6.44,2025-11-24
QX-DRK-789,PZ-METRO,1.03,2025-11-21
QX-DRK-789,PZ-URBAN,0.95,2026-01-12
QX-DRK-789,PZ-CORE,0.90,2026-02-22
QX-DRK-789,PZ-VALUE,0.85,2025-09-28
QX-DRK-789,PZ-REMOTE,1.00,2025-12-26
QX-HHD-790,PZ-METRO,5.41,2025-11-26
QX-HHD-790,PZ-URBAN,4.94,2025-12-20
QX-HHD-790,PZ-CORE,4.75,2025-10-25
QX-HHD-790,PZ-VALUE,4.47,2026-03-18
QX-HHD-790,PZ-REMOTE,5.18,2025-10-03
QX-HBC-791,PZ-METRO,5.32,2026-03-03
QX-HBC-791,PZ-URBAN,4.86,2025-09-18
QX-HBC-791,PZ-CORE,4.67,2025-12-01
QX-HBC-791,PZ-VALUE,4.39,2026-02-24
QX-HBC-791,PZ-REMOTE,5.09,2026-01-14
QX-FRZ-792,PZ-METRO,9.43,2026-02-08
QX-FRZ-792,PZ-URBAN,8.60,2025-12-04
QX-FRZ-792,PZ-CORE,8.27,2026-03-18
QX-FRZ-792,PZ-VALUE,7.77,2025-10-19
QX-FRZ-792,PZ-REMOTE,9.01,2025-11-25
QX-CER-793,PZ-METRO,5.20,2025-10-18
QX-CER-793,PZ-URBAN,4.74,2026-03-18
QX-CER-793,PZ-CORE,4.56,2026-02-01
QX-CER-793,PZ-VALUE,4.29,2025-12-06
QX-CER-793,PZ-REMOTE,4.97,2025-10-21
QX-DRK-794,PZ-METRO,4.43,2025-11-29
QX-DRK-794,PZ-URBAN,4.05,2025-10-21
QX-DRK-794,PZ-CORE,3.89,2026-03-03
QX-DRK-794,PZ-VALUE,3.66,2026-01-20
QX-DRK-794,PZ-REMOTE,4.24,2026-01-27
QX-FRZ-795,PZ-METRO,6.17,2025-10-24
QX-FRZ-795,PZ-URBAN,5.63,2026-02-11
QX-FRZ-795,PZ-CORE,5.41,2026-03-13
QX-FRZ-795,PZ-VALUE,5.09,2025-10-25
QX-FRZ-795,PZ-REMOTE,5.90,2025-12-02
QX-HBC-796,PZ-METRO,15.78,2025-10-24
QX-HBC-796,PZ-URBAN,14.39,2026-01-20
QX-HBC-796,PZ-CORE,13.84,2026-01-29
QX-HBC-796,PZ-VALUE,13.01,2026-01-05
QX-HBC-796,PZ-REMOTE,15.09,2026-02-07
QX-DRK-797,PZ-METRO,3.53,2026-02-01
QX-DRK-797,PZ-URBAN,3.22,2025-11-07
QX-DRK-797,PZ-CORE,3.10,2025-11-15
QX-DRK-797,PZ-VALUE,2.91,2025-11-22
QX-DRK-797,PZ-REMOTE,3.38,2025-12-31
QX-HHD-798,PZ-METRO,13.10,2025-12-12
QX-HHD-798,PZ-URBAN,11.95,2025-12-14
QX-HHD-798,PZ-CORE,11.49,2026-03-08
QX-HHD-798,PZ-VALUE,10.80,2026-03-10
QX-HHD-798,PZ-REMOTE,12.52,2026-01-01
QX-FRZ-799,PZ-METRO,2.23,2026-03-22
QX-FRZ-799,PZ-URBAN,2.04,2026-02-17
QX-FRZ-799,PZ-CORE,1.96,2026-02-06
QX-FRZ-799,PZ-VALUE,1.84,2025-09-17
QX-FRZ-799,PZ-REMOTE,2.14,2025-11-19
QX-CHL-800,PZ-METRO,6.26,2025-12-21
QX-CHL-800,PZ-URBAN,5.71,2025-12-29
QX-CHL-800,PZ-CORE,5.49,2026-01-29
QX-CHL-800,PZ-VALUE,5.16,2025-10-11
QX-CHL-800,PZ-REMOTE,5.98,2025-09-29
QX-PET-801,PZ-METRO,1.47,2025-09-22
QX-PET-801,PZ-URBAN,1.34,2025-11-03
QX-PET-801,PZ-CORE,1.29,2025-10-24
QX-PET-801,PZ-VALUE,1.21,2026-03-22
QX-PET-801,PZ-REMOTE,1.41,2026-02-07
QX-BAK-802,PZ-METRO,8.78,2025-10-05
QX-BAK-802,PZ-URBAN,8.01,2026-01-06
QX-BAK-802,PZ-CORE,7.70,2025-09-16
QX-BAK-802,PZ-VALUE,7.24,2025-10-06
QX-BAK-802,PZ-REMOTE,8.39,2025-12-10
QX-TIN-803,PZ-METRO,1.07,2026-02-12
QX-TIN-803,PZ-URBAN,1.00,2025-11-03
QX-TIN-803,PZ-CORE,0.95,2026-03-11
QX-TIN-803,PZ-VALUE,0.90,2025-09-17
QX-TIN-803,PZ-REMOTE,1.02,2026-03-22
QX-HBC-804,PZ-METRO,7.99,2026-02-21
QX-HBC-804,PZ-URBAN,7.29,2025-12-19
QX-HBC-804,PZ-CORE,7.01,2025-10-21
QX-HBC-804,PZ-VALUE,6.59,2026-01-29
QX-HBC-804,PZ-REMOTE,7.64,2025-10-29
QX-PET-805,PZ-METRO,9.96,2026-03-19
QX-PET-805,PZ-URBAN,9.09,2026-02-27
QX-PET-805,PZ-CORE,8.74,2026-02-24
QX-PET-805,PZ-VALUE,8.22,2026-03-17
QX-PET-805,PZ-REMOTE,9.53,2026-02-23
QX-FRZ-806,PZ-METRO,4.66,2026-01-05
QX-FRZ-806,PZ-URBAN,4.25,2026-01-30
QX-FRZ-806,PZ-CORE,4.09,2025-09-29
QX-FRZ-806,PZ-VALUE,3.84,2025-11-22
QX-FRZ-806,PZ-REMOTE,4.46,2026-02-08
QX-DRK-807,PZ-METRO,3.32,2025-10-14
QX-DRK-807,PZ-URBAN,3.03,2025-10-04
QX-DRK-807,PZ-CORE,2.91,2025-09-21
QX-DRK-807,PZ-VALUE,2.74,2026-01-26
QX-DRK-807,PZ-REMOTE,3.17,2026-01-14
QX-CHL-808,PZ-METRO,4.43,2026-02-01
QX-CHL-808,PZ-URBAN,4.05,2025-10-27
QX-CHL-808,PZ-CORE,3.89,2026-01-13
QX-CHL-808,PZ-VALUE,3.66,2025-12-06
QX-CHL-808,PZ-REMOTE,4.24,2025-09-26
QX-FRZ-809,PZ-METRO,2.91,2025-11-12
QX-FRZ-809,PZ-URBAN,2.65,2026-03-17
QX-FRZ-809,PZ-CORE,2.55,2025-09-23
QX-FRZ-809,PZ-VALUE,2.40,2026-01-12
QX-FRZ-809,PZ-REMOTE,2.78,2026-03-19
QX-DRK-810,PZ-METRO,6.18,2025-10-16
QX-DRK-810,PZ-URBAN,5.64,2026-01-24
QX-DRK-810,PZ-CORE,5.42,2026-03-05
QX-DRK-810,PZ-VALUE,5.09,2025-11-29
QX-DRK-810,PZ-REMOTE,5.91,2025-11-12
QX-DRY-811,PZ-METRO,3.75,2025-11-14
QX-DRY-811,PZ-URBAN,3.42,2026-03-05
QX-DRY-811,PZ-CORE,3.29,2025-12-15
QX-DRY-811,PZ-VALUE,3.09,2025-12-21
QX-DRY-811,PZ-REMOTE,3.59,2025-09-14
QX-CER-812,PZ-METRO,3.17,2026-01-19
QX-CER-812,PZ-URBAN,2.89,2026-01-13
QX-CER-812,PZ-CORE,2.78,2025-12-27
QX-CER-812,PZ-VALUE,2.61,2025-11-20
QX-CER-812,PZ-REMOTE,3.03,2026-01-01
QX-HHD-813,PZ-METRO,6.84,2025-12-05
QX-HHD-813,PZ-URBAN,6.24,2025-10-08
QX-HHD-813,PZ-CORE,6.00,2025-12-31
QX-HHD-813,PZ-VALUE,5.64,2025-11-05
QX-HHD-813,PZ-REMOTE,6.54,2025-12-09
QX-HHD-814,PZ-METRO,9.25,2025-11-04
QX-HHD-814,PZ-URBAN,8.43,2026-03-02
QX-HHD-814,PZ-CORE,8.11,2025-11-29
QX-HHD-814,PZ-VALUE,7.62,2026-03-05
QX-HHD-814,PZ-REMOTE,8.84,2025-12-15
QX-DRK-815,PZ-METRO,4.07,2026-02-12
QX-DRK-815,PZ-URBAN,3.71,2025-12-31
QX-DRK-815,PZ-CORE,3.57,2025-11-23
QX-DRK-815,PZ-VALUE,3.36,2026-03-15
QX-DRK-815,PZ-REMOTE,3.89,2026-02-04
QX-BWS-816,PZ-METRO,22.64,2026-03-22
QX-BWS-816,PZ-URBAN,20.65,2026-02-22
QX-BWS-816,PZ-CORE,19.86,2026-01-23
QX-BWS-816,PZ-VALUE,18.67,2026-03-17
QX-BWS-816,PZ-REMOTE,21.65,2025-11-11
QX-PRO-817,PZ-METRO,1.40,2026-02-22
QX-PRO-817,PZ-URBAN,1.28,2025-09-24
QX-PRO-817,PZ-CORE,1.23,2026-02-15
QX-PRO-817,PZ-VALUE,1.16,2025-09-27
QX-PRO-817,PZ-REMOTE,1.34,2026-02-05
QX-CER-818,PZ-METRO,4.45,2025-10-20
QX-CER-818,PZ-URBAN,4.06,2025-11-27
QX-CER-818,PZ-CORE,3.90,2025-09-23
QX-CER-818,PZ-VALUE,3.67,2026-02-17
QX-CER-818,PZ-REMOTE,4.25,2025-11-02
QX-TIN-819,PZ-METRO,1.41,2025-12-11
QX-TIN-819,PZ-URBAN,1.29,2025-12-18
QX-TIN-819,PZ-CORE,1.24,2026-02-14
QX-TIN-819,PZ-VALUE,1.17,2025-11-14
QX-TIN-819,PZ-REMOTE,1.35,2026-02-18
QX-HHD-820,PZ-METRO,5.13,2025-10-22
QX-HHD-820,PZ-URBAN,4.68,2025-10-24
QX-HHD-820,PZ-CORE,4.50,2025-12-13
QX-HHD-820,PZ-VALUE,4.23,2026-01-23
QX-HHD-820,PZ-REMOTE,4.91,2025-12-11
QX-CER-821,PZ-METRO,5.37,2026-01-26
QX-CER-821,PZ-URBAN,4.90,2025-12-20
QX-CER-821,PZ-CORE,4.71,2025-11-09
QX-CER-821,PZ-VALUE,4.43,2026-03-21
QX-CER-821,PZ-REMOTE,5.13,2026-01-21
QX-PRO-822,PZ-METRO,2.93,2025-12-09
QX-PRO-822,PZ-URBAN,2.67,2025-11-04
QX-PRO-822,PZ-CORE,2.57,2025-12-09
QX-PRO-822,PZ-VALUE,2.42,2025-11-14
QX-PRO-822,PZ-REMOTE,2.80,2026-02-17
QX-BAK-823,PZ-METRO,9.74,2026-03-17
QX-BAK-823,PZ-URBAN,8.88,2025-11-09
QX-BAK-823,PZ-CORE,8.54,2025-09-14
QX-BAK-823,PZ-VALUE,8.03,2026-01-02
QX-BAK-823,PZ-REMOTE,9.31,2026-01-10
QX-BWS-824,PZ-METRO,40.13,2026-01-04
QX-BWS-824,PZ-URBAN,36.61,2026-03-20
QX-BWS-824,PZ-CORE,35.20,2026-01-17
QX-BWS-824,PZ-VALUE,33.09,2026-02-08
QX-BWS-824,PZ-REMOTE,38.37,2025-11-24
QX-BWS-825,PZ-METRO,22.24,2026-01-16
QX-BWS-825,PZ-URBAN,20.29,2026-01-30
QX-BWS-825,PZ-CORE,19.51,2025-11-25
QX-BWS-825,PZ-VALUE,18.34,2025-12-29
QX-BWS-825,PZ-REMOTE,21.27,2025-10-12
QX-HHD-826,PZ-METRO,6.60,2026-01-19
QX-HHD-826,PZ-URBAN,6.02,2026-01-14
QX-HHD-826,PZ-CORE,5.79,2025-09-15
QX-HHD-826,PZ-VALUE,5.44,2025-12-02
QX-HHD-826,PZ-REMOTE,6.31,2025-10-26
QX-BAK-827,PZ-METRO,1.29,2025-12-10
QX-BAK-827,PZ-URBAN,1.18,2026-01-08
QX-BAK-827,PZ-CORE,1.13,2025-12-25
QX-BAK-827,PZ-VALUE,1.06,2025-12-06
QX-BAK-827,PZ-REMOTE,1.23,2026-03-05
QX-DRY-828,PZ-METRO,1.72,2026-01-31
QX-DRY-828,PZ-URBAN,1.57,2026-02-23
QX-DRY-828,PZ-CORE,1.51,2026-01-30
QX-DRY-828,PZ-VALUE,1.42,2026-01-04
QX-DRY-828,PZ-REMOTE,1.65,2025-11-04
QX-BWS-829,PZ-METRO,31.01,2025-09-19
QX-BWS-829,PZ-URBAN,28.29,2025-10-11
QX-BWS-829,PZ-CORE,27.20,2025-09-24
QX-BWS-829,PZ-VALUE,25.57,2026-02-25
QX-BWS-829,PZ-REMOTE,29.65,2026-01-08
QX-BAK-830,PZ-METRO,0.95,2025-09-19
QX-BAK-830,PZ-URBAN,0.85,2025-10-24
QX-BAK-830,PZ-CORE,0.85,2026-02-18
QX-BAK-830,PZ-VALUE,0.80,2025-10-26
QX-BAK-830,PZ-REMOTE,0.90,2025-09-16
QX-PET-831,PZ-METRO,3.35,2026-02-12
QX-PET-831,PZ-URBAN,3.06,2025-10-30
QX-PET-831,PZ-CORE,2.94,2025-12-22
QX-PET-831,PZ-VALUE,2.76,2026-01-03
QX-PET-831,PZ-REMOTE,3.20,2025-09-15
QX-BWS-832,PZ-METRO,12.11,2025-09-27
QX-BWS-832,PZ-URBAN,11.04,2025-10-14
QX-BWS-832,PZ-CORE,10.62,2025-12-08
QX-BWS-832,PZ-VALUE,9.98,2025-12-13
QX-BWS-832,PZ-REMOTE,11.58,2025-11-08
QX-CER-833,PZ-METRO,4.59,2025-10-22
QX-CER-833,PZ-URBAN,4.19,2025-11-29
QX-CER-833,PZ-CORE,4.03,2025-12-22
QX-CER-833,PZ-VALUE,3.79,2025-11-01
QX-CER-833,PZ-REMOTE,4.39,2025-10-08
QX-PET-834,PZ-METRO,10.97,2026-02-06
QX-PET-834,PZ-URBAN,10.00,2026-03-13
QX-PET-834,PZ-CORE,9.62,2025-10-29
QX-PET-834,PZ-VALUE,9.04,2025-11-28
QX-PET-834,PZ-REMOTE,10.49,2025-11-02
QX-BWS-835,PZ-METRO,29.15,2026-01-29
QX-BWS-835,PZ-URBAN,26.59,2025-11-03
QX-BWS-835,PZ-CORE,25.57,2025-10-27
QX-BWS-835,PZ-VALUE,24.04,2026-03-15
QX-BWS-835,PZ-REMOTE,27.87,2025-12-19
QX-DRY-836,PZ-METRO,3.81,2025-10-14
QX-DRY-836,PZ-URBAN,3.47,2025-11-04
QX-DRY-836,PZ-CORE,3.34,2025-09-20
QX-DRY-836,PZ-VALUE,3.14,2025-12-17
QX-DRY-836,PZ-REMOTE,3.64,2025-10-10
QX-HHD-837,PZ-METRO,4.18,2025-10-01
QX-HHD-837,PZ-URBAN,3.82,2026-01-23
QX-HHD-837,PZ-CORE,3.67,2025-12-27
QX-HHD-837,PZ-VALUE,3.45,2026-02-04
QX-HHD-837,PZ-REMOTE,4.00,2025-11-23
QX-PRO-838,PZ-METRO,4.50,2026-03-12
QX-PRO-838,PZ-URBAN,4.11,2026-02-26
QX-PRO-838,PZ-CORE,3.95,2025-12-18
QX-PRO-838,PZ-VALUE,3.71,2025-10-31
QX-PRO-838,PZ-REMOTE,4.31,2025-10-17
QX-FRZ-839,PZ-METRO,9.63,2025-10-30
QX-FRZ-839,PZ-URBAN,8.79,2026-01-01
QX-FRZ-839,PZ-CORE,8.45,2026-02-11
QX-FRZ-839,PZ-VALUE,7.94,2026-02-20
QX-FRZ-839,PZ-REMOTE,9.21,2026-02-16
QX-DRK-840,PZ-METRO,6.53,2025-09-21
QX-DRK-840,PZ-URBAN,5.96,2026-03-14
QX-DRK-840,PZ-CORE,5.73,2026-02-17
QX-DRK-840,PZ-VALUE,5.39,2025-10-09
QX-DRK-840,PZ-REMOTE,6.25,2025-12-04
QX-PRO-841,PZ-METRO,4.26,2026-03-12
QX-PRO-841,PZ-URBAN,3.89,2025-12-11
QX-PRO-841,PZ-CORE,3.74,2025-12-23
QX-PRO-841,PZ-VALUE,3.52,2026-02-20
QX-PRO-841,PZ-REMOTE,4.08,2026-03-20
QX-BAK-842,PZ-METRO,3.81,2025-10-17
QX-BAK-842,PZ-URBAN,3.47,2025-11-24
QX-BAK-842,PZ-CORE,3.34,2026-03-04
QX-BAK-842,PZ-VALUE,3.14,2026-03-14
QX-BAK-842,PZ-REMOTE,3.64,2026-02-24
QX-CER-843,PZ-METRO,1.38,2026-01-30
QX-CER-843,PZ-URBAN,1.26,2025-12-13
QX-CER-843,PZ-CORE,1.21,2025-12-31
QX-CER-843,PZ-VALUE,1.14,2025-10-29
QX-CER-843,PZ-REMOTE,1.32,2025-11-09
QX-BAK-844,PZ-METRO,6.74,2025-11-05
QX-BAK-844,PZ-URBAN,6.15,2025-11-20
QX-BAK-844,PZ-CORE,5.91,2026-02-26
QX-BAK-844,PZ-VALUE,5.56,2026-01-04
QX-BAK-844,PZ-REMOTE,6.44,2026-03-17
QX-DRK-845,PZ-METRO,5.18,2026-01-24
QX-DRK-845,PZ-URBAN,4.72,2025-10-01
QX-DRK-845,PZ-CORE,4.54,2025-09-22
QX-DRK-845,PZ-VALUE,4.27,2026-03-16
QX-DRK-845,PZ-REMOTE,4.95,2025-12-17
QX-TIN-846,PZ-METRO,1.03,2025-11-24
QX-TIN-846,PZ-URBAN,0.95,2026-02-12
QX-TIN-846,PZ-CORE,0.90,2025-11-04
QX-TIN-846,PZ-VALUE,0.85,2026-03-10
QX-TIN-846,PZ-REMOTE,1.00,2025-12-22
QX-PRO-847,PZ-METRO,0.65,2025-12-07
QX-PRO-847,PZ-URBAN,0.60,2025-12-04
QX-PRO-847,PZ-CORE,0.60,2026-01-08
QX-PRO-847,PZ-VALUE,0.55,2025-10-05
QX-PRO-847,PZ-REMOTE,0.65,2026-01-04
QX-HHD-848,PZ-METRO,8.46,2025-11-04
QX-HHD-848,PZ-URBAN,7.72,2026-02-03
QX-HHD-848,PZ-CORE,7.42,2026-02-18
QX-HHD-848,PZ-VALUE,6.97,2025-11-12
QX-HHD-848,PZ-REMOTE,8.09,2026-02-16
QX-TIN-849,PZ-METRO,2.36,2025-09-19
QX-TIN-849,PZ-URBAN,2.15,2025-10-19
QX-TIN-849,PZ-CORE,2.07,2025-12-05
QX-TIN-849,PZ-VALUE,1.95,2026-03-22
QX-TIN-849,PZ-REMOTE,2.26,2025-09-20
QX-CHL-850,PZ-METRO,7.08,2026-01-02
QX-CHL-850,PZ-URBAN,6.46,2025-11-26
QX-CHL-850,PZ-CORE,6.21,2025-10-21
QX-CHL-850,PZ-VALUE,5.84,2026-01-19
QX-CHL-850,PZ-REMOTE,6.77,2026-01-01
QX-PET-851,PZ-METRO,8.94,2025-11-29
QX-PET-851,PZ-URBAN,8.15,2026-01-14
QX-PET-851,PZ-CORE,7.84,2025-10-04
QX-PET-851,PZ-VALUE,7.37,2025-10-21
QX-PET-851,PZ-REMOTE,8.55,2025-12-16
QX-HHD-852,PZ-METRO,4.16,2025-12-01
QX-HHD-852,PZ-URBAN,3.80,2026-03-15
QX-HHD-852,PZ-CORE,3.65,2026-03-22
QX-HHD-852,PZ-VALUE,3.43,2026-01-31
QX-HHD-852,PZ-REMOTE,3.98,2026-02-12
QX-TIN-853,PZ-METRO,1.81,2025-12-08
QX-TIN-853,PZ-URBAN,1.65,2026-02-16
QX-TIN-853,PZ-CORE,1.59,2026-01-21
QX-TIN-853,PZ-VALUE,1.49,2025-10-23
QX-TIN-853,PZ-REMOTE,1.73,2025-09-26
QX-TIN-854,PZ-METRO,1.17,2026-03-16
QX-TIN-854,PZ-URBAN,1.07,2025-12-21
QX-TIN-854,PZ-CORE,1.03,2026-01-03
QX-TIN-854,PZ-VALUE,0.95,2026-02-08
QX-TIN-854,PZ-REMOTE,1.12,2026-01-16
QX-PET-855,PZ-METRO,1.57,2025-10-17
QX-PET-855,PZ-URBAN,1.44,2026-03-16
QX-PET-855,PZ-CORE,1.38,2025-10-11
QX-PET-855,PZ-VALUE,1.30,2025-11-04
QX-PET-855,PZ-REMOTE,1.50,2025-09-14
QX-DRK-856,PZ-METRO,5.47,2025-09-21
QX-DRK-856,PZ-URBAN,4.99,2025-09-26
QX-DRK-856,PZ-CORE,4.80,2025-12-27
QX-DRK-856,PZ-VALUE,4.51,2026-02-07
QX-DRK-856,PZ-REMOTE,5.23,2025-10-14
QX-BAK-857,PZ-METRO,4.37,2025-11-13
QX-BAK-857,PZ-URBAN,3.98,2025-09-16
QX-BAK-857,PZ-CORE,3.83,2025-11-20
QX-BAK-857,PZ-VALUE,3.60,2026-03-09
QX-BAK-857,PZ-REMOTE,4.17,2026-03-22
QX-DRY-858,PZ-METRO,2.99,2026-03-08
QX-DRY-858,PZ-URBAN,2.72,2025-12-22
QX-DRY-858,PZ-CORE,2.62,2026-03-01
QX-DRY-858,PZ-VALUE,2.46,2025-11-13
QX-DRY-858,PZ-REMOTE,2.86,2026-01-01
QX-DRY-859,PZ-METRO,4.05,2026-01-24
QX-DRY-859,PZ-URBAN,3.69,2025-09-15
QX-DRY-859,PZ-CORE,3.55,2025-12-29
QX-DRY-859,PZ-VALUE,3.34,2025-12-20
QX-DRY-859,PZ-REMOTE,3.87,2026-02-09
QX-HHD-860,PZ-METRO,5.11,2025-09-15
QX-HHD-860,PZ-URBAN,4.66,2026-01-05
QX-HHD-860,PZ-CORE,4.48,2025-09-22
QX-HHD-860,PZ-VALUE,4.21,2025-10-13
QX-HHD-860,PZ-REMOTE,4.88,2026-02-26
QX-CHL-861,PZ-METRO,13.81,2026-03-18
QX-CHL-861,PZ-URBAN,12.59,2025-11-06
QX-CHL-861,PZ-CORE,12.11,2026-01-16
QX-CHL-861,PZ-VALUE,11.38,2026-03-08
QX-CHL-861,PZ-REMOTE,13.20,2026-01-10
QX-CER-862,PZ-METRO,1.86,2026-02-23
QX-CER-862,PZ-URBAN,1.70,2025-11-28
QX-CER-862,PZ-CORE,1.63,2026-03-06
QX-CER-862,PZ-VALUE,1.53,2025-09-18
QX-CER-862,PZ-REMOTE,1.78,2025-11-01
QX-PRO-863,PZ-METRO,0.90,2025-12-01
QX-PRO-863,PZ-URBAN,0.80,2026-01-22
QX-PRO-863,PZ-CORE,0.80,2025-12-24
QX-PRO-863,PZ-VALUE,0.75,2026-01-24
QX-PRO-863,PZ-REMOTE,0.85,2026-02-20
QX-DRY-864,PZ-METRO,1.89,2025-12-22
QX-DRY-864,PZ-URBAN,1.73,2026-01-18
QX-DRY-864,PZ-CORE,1.66,2025-10-30
QX-DRY-864,PZ-VALUE,1.56,2026-03-13
QX-DRY-864,PZ-REMOTE,1.81,2026-01-01
QX-CER-865,PZ-METRO,3.36,2025-10-08
QX-CER-865,PZ-URBAN,3.07,2026-01-26
QX-CER-865,PZ-CORE,2.95,2025-09-21
QX-CER-865,PZ-VALUE,2.77,2025-09-25
QX-CER-865,PZ-REMOTE,3.22,2025-12-04
QX-PRO-866,PZ-METRO,4.87,2026-03-09
QX-PRO-866,PZ-URBAN,4.44,2026-01-09
QX-PRO-866,PZ-CORE,4.27,2025-10-29
QX-PRO-866,PZ-VALUE,4.01,2026-03-13
QX-PRO-866,PZ-REMOTE,4.65,2026-01-05
QX-BAK-867,PZ-METRO,2.95,2026-01-08
QX-BAK-867,PZ-URBAN,2.69,2026-02-18
QX-BAK-867,PZ-CORE,2.59,2025-11-27
QX-BAK-867,PZ-VALUE,2.43,2026-01-13
QX-BAK-867,PZ-REMOTE,2.82,2026-03-03
QX-TIN-868,PZ-METRO,1.03,2025-10-26
QX-TIN-868,PZ-URBAN,0.95,2025-10-19
QX-TIN-868,PZ-CORE,0.90,2026-01-10
QX-TIN-868,PZ-VALUE,0.85,2025-12-23
QX-TIN-868,PZ-REMOTE,1.00,2025-10-29
QX-PRO-869,PZ-METRO,1.20,2026-03-12
QX-PRO-869,PZ-URBAN,1.09,2025-12-27
QX-PRO-869,PZ-CORE,1.05,2025-10-28
QX-PRO-869,PZ-VALUE,1.00,2025-12-21
QX-PRO-869,PZ-REMOTE,1.14,2025-12-14
QX-HBC-870,PZ-METRO,3.72,2026-01-18
QX-HBC-870,PZ-URBAN,3.39,2025-11-18
QX-HBC-870,PZ-CORE,3.26,2026-02-08
QX-HBC-870,PZ-VALUE,3.06,2026-01-08
QX-HBC-870,PZ-REMOTE,3.55,2025-09-29
QX-HHD-871,PZ-METRO,10.47,2026-01-23
QX-HHD-871,PZ-URBAN,9.55,2026-03-14
QX-HHD-871,PZ-CORE,9.18,2026-03-17
QX-HHD-871,PZ-VALUE,8.63,2025-12-01
QX-HHD-871,PZ-REMOTE,10.01,2026-03-16
QX-BWS-872,PZ-METRO,32.14,2026-02-21
QX-BWS-872,PZ-URBAN,29.32,2026-02-08
QX-BWS-872,PZ-CORE,28.19,2026-03-14
QX-BWS-872,PZ-VALUE,26.50,2025-12-19
QX-BWS-872,PZ-REMOTE,30.73,2025-12-12
QX-DRY-873,PZ-METRO,7.22,2025-11-26
QX-DRY-873,PZ-URBAN,6.58,2025-09-25
QX-DRY-873,PZ-CORE,6.33,2026-03-02
QX-DRY-873,PZ-VALUE,5.95,2025-11-02
QX-DRY-873,PZ-REMOTE,6.90,2025-12-11
QX-PRO-874,PZ-METRO,1.40,2026-01-12
QX-PRO-874,PZ-URBAN,1.28,2025-12-07
QX-PRO-874,PZ-CORE,1.23,2025-11-27
QX-PRO-874,PZ-VALUE,1.16,2025-12-17
QX-PRO-874,PZ-REMOTE,1.34,2026-03-06
QX-BWS-875,PZ-METRO,39.23,2026-01-21
QX-BWS-875,PZ-URBAN,35.79,2025-09-22
QX-BWS-875,PZ-CORE,34.41,2025-12-02
QX-BWS-875,PZ-VALUE,32.35,2025-10-04
QX-BWS-875,PZ-REMOTE,37.51,2026-01-18
QX-DRY-876,PZ-METRO,4.13,2026-02-01
QX-DRY-876,PZ-URBAN,3.76,2026-01-06
QX-DRY-876,PZ-CORE,3.62,2025-12-05
QX-DRY-876,PZ-VALUE,3.40,2026-03-12
QX-DRY-876,PZ-REMOTE,3.95,2026-01-04
QX-TIN-877,PZ-METRO,3.20,2025-12-26
QX-TIN-877,PZ-URBAN,2.92,2025-12-24
QX-TIN-877,PZ-CORE,2.81,2025-12-26
QX-TIN-877,PZ-VALUE,2.64,2025-12-13
QX-TIN-877,PZ-REMOTE,3.06,2025-09-14
QX-PET-878,PZ-METRO,4.53,2026-03-04
QX-PET-878,PZ-URBAN,4.13,2026-01-23
QX-PET-878,PZ-CORE,3.97,2025-11-06
QX-PET-878,PZ-VALUE,3.73,2026-01-22
QX-PET-878,PZ-REMOTE,4.33,2025-09-16
QX-HBC-879,PZ-METRO,7.01,2025-09-14
QX-HBC-879,PZ-URBAN,6.40,2026-03-11
QX-HBC-879,PZ-CORE,6.15,2025-11-18
QX-HBC-879,PZ-VALUE,5.78,2026-02-01
QX-HBC-879,PZ-REMOTE,6.70,2026-01-29
QX-CHL-880,PZ-METRO,2.70,2025-11-23
QX-CHL-880,PZ-URBAN,2.46,2025-11-27
QX-CHL-880,PZ-CORE,2.37,2026-02-18
QX-CHL-880,PZ-VALUE,2.23,2025-10-10
QX-CHL-880,PZ-REMOTE,2.58,2025-11-21
QX-CHL-881,PZ-METRO,7.02,2025-12-30
QX-CHL-881,PZ-URBAN,6.41,2026-01-08
QX-CHL-881,PZ-CORE,6.16,2025-11-16
QX-CHL-881,PZ-VALUE,5.79,2025-11-21
QX-CHL-881,PZ-REMOTE,6.71,2025-10-06
QX-CER-882,PZ-METRO,3.82,2026-03-09
QX-CER-882,PZ-URBAN,3.48,2025-12-20
QX-CER-882,PZ-CORE,3.35,2025-12-12
QX-CER-882,PZ-VALUE,3.15,2026-02-28
QX-CER-882,PZ-REMOTE,3.65,2025-09-20
QX-HHD-883,PZ-METRO,12.64,2026-02-02
QX-HHD-883,PZ-URBAN,11.53,2026-02-27
QX-HHD-883,PZ-CORE,11.09,2025-12-11
QX-HHD-883,PZ-VALUE,10.42,2025-10-05
QX-HHD-883,PZ-REMOTE,12.09,2025-11-08
QX-DRK-884,PZ-METRO,1.97,2025-10-19
QX-DRK-884,PZ-URBAN,1.80,2025-12-15
QX-DRK-884,PZ-CORE,1.73,2026-01-11
QX-DRK-884,PZ-VALUE,1.63,2025-11-08
QX-DRK-884,PZ-REMOTE,1.89,2026-03-16
QX-HHD-885,PZ-METRO,4.81,2025-09-15
QX-HHD-885,PZ-URBAN,4.39,2025-09-27
QX-HHD-885,PZ-CORE,4.22,2025-10-19
QX-HHD-885,PZ-VALUE,3.97,2026-02-13
QX-HHD-885,PZ-REMOTE,4.60,2025-10-02
QX-DRY-886,PZ-METRO,7.88,2026-03-08
QX-DRY-886,PZ-URBAN,7.19,2025-11-06
QX-DRY-886,PZ-CORE,6.91,2025-10-21
QX-DRY-886,PZ-VALUE,6.50,2025-11-07
QX-DRY-886,PZ-REMOTE,7.53,2025-11-09
QX-BWS-887,PZ-METRO,25.68,2025-12-23
QX-BWS-887,PZ-URBAN,23.43,2026-01-29
QX-BWS-887,PZ-CORE,22.53,2025-10-11
QX-BWS-887,PZ-VALUE,21.18,2026-02-06
QX-BWS-887,PZ-REMOTE,24.56,2025-11-27
QX-PRO-888,PZ-METRO,3.35,2026-03-08
QX-PRO-888,PZ-URBAN,3.06,2026-01-07
QX-PRO-888,PZ-CORE,2.94,2026-02-22
QX-PRO-888,PZ-VALUE,2.76,2025-11-09
QX-PRO-888,PZ-REMOTE,3.20,2025-10-07
QX-PRO-889,PZ-METRO,1.57,2025-12-26
QX-PRO-889,PZ-URBAN,1.44,2025-09-25
QX-PRO-889,PZ-CORE,1.38,2026-03-05
QX-PRO-889,PZ-VALUE,1.30,2026-02-03
QX-PRO-889,PZ-REMOTE,1.50,2026-01-18
QX-CHL-890,PZ-METRO,5.27,2025-09-24
QX-CHL-890,PZ-URBAN,4.80,2026-01-18
QX-CHL-890,PZ-CORE,4.62,2026-03-19
QX-CHL-890,PZ-VALUE,4.34,2025-11-08
QX-CHL-890,PZ-REMOTE,5.04,2026-01-25
QX-PET-891,PZ-METRO,12.43,2026-01-03
QX-PET-891,PZ-URBAN,11.34,2025-12-14
QX-PET-891,PZ-CORE,10.90,2025-10-19
QX-PET-891,PZ-VALUE,10.25,2025-09-22
QX-PET-891,PZ-REMOTE,11.88,2025-10-24
QX-PRO-892,PZ-METRO,3.32,2025-10-29
QX-PRO-892,PZ-URBAN,3.03,2025-12-06
QX-PRO-892,PZ-CORE,2.91,2025-12-01
QX-PRO-892,PZ-VALUE,2.74,2026-01-25
QX-PRO-892,PZ-REMOTE,3.17,2025-09-27
QX-BWS-893,PZ-METRO,38.13,2026-02-26
QX-BWS-893,PZ-URBAN,34.79,2025-12-14
QX-BWS-893,PZ-CORE,33.45,2025-12-28
QX-BWS-893,PZ-VALUE,31.44,2025-11-07
QX-BWS-893,PZ-REMOTE,36.46,2025-11-13
QX-CER-894,PZ-METRO,4.37,2026-02-10
QX-CER-894,PZ-URBAN,3.98,2025-10-10
QX-CER-894,PZ-CORE,3.83,2026-01-14
QX-CER-894,PZ-VALUE,3.60,2025-10-22
QX-CER-894,PZ-REMOTE,4.17,2025-11-11
QX-HBC-895,PZ-METRO,6.57,2025-10-16
QX-HBC-895,PZ-URBAN,5.99,2025-12-03
QX-HBC-895,PZ-CORE,5.76,2026-01-27
QX-HBC-895,PZ-VALUE,5.41,2025-11-11
QX-HBC-895,PZ-REMOTE,6.28,2026-02-08
QX-PET-896,PZ-METRO,0.95,2025-12-06
QX-PET-896,PZ-URBAN,0.85,2025-10-26
QX-PET-896,PZ-CORE,0.85,2025-12-27
QX-PET-896,PZ-VALUE,0.80,2026-01-02
QX-PET-896,PZ-REMOTE,0.90,2025-09-29
QX-FRZ-897,PZ-METRO,6.18,2025-09-26
QX-FRZ-897,PZ-URBAN,5.64,2025-10-19
QX-FRZ-897,PZ-CORE,5.42,2026-01-13
QX-FRZ-897,PZ-VALUE,5.09,2026-02-19
QX-FRZ-897,PZ-REMOTE,5.91,2026-03-07
QX-DRK-898,PZ-METRO,2.75,2026-01-09
QX-DRK-898,PZ-URBAN,2.51,2025-09-16
QX-DRK-898,PZ-CORE,2.41,2026-01-21
QX-DRK-898,PZ-VALUE,2.27,2026-03-01
QX-DRK-898,PZ-REMOTE,2.63,2026-02-26
QX-CHL-899,PZ-METRO,7.84,2026-01-18
QX-CHL-899,PZ-URBAN,7.16,2025-11-26
QX-CHL-899,PZ-CORE,6.88,2025-10-12
QX-CHL-899,PZ-VALUE,6.47,2026-01-01
QX-CHL-899,PZ-REMOTE,7.50,2025-11-07
QX-FRZ-900,PZ-METRO,7.98,2025-09-23
QX-FRZ-900,PZ-URBAN,7.28,2025-10-12
QX-FRZ-900,PZ-CORE,7.00,2025-11-27
QX-FRZ-900,PZ-VALUE,6.58,2026-03-17
QX-FRZ-900,PZ-REMOTE,7.63,2026-03-04
QX-PET-901,PZ-METRO,4.70,2025-12-03
QX-PET-901,PZ-URBAN,4.28,2026-02-17
QX-PET-901,PZ-CORE,4.12,2026-03-04
QX-PET-901,PZ-VALUE,3.87,2025-10-04
QX-PET-901,PZ-REMOTE,4.49,2026-01-16
QX-HHD-902,PZ-METRO,10.90,2025-11-03
QX-HHD-902,PZ-URBAN,9.94,2025-10-02
QX-HHD-902,PZ-CORE,9.56,2025-10-15
QX-HHD-902,PZ-VALUE,8.99,2025-12-22
QX-HHD-902,PZ-REMOTE,10.42,2025-12-31
QX-DRY-903,PZ-METRO,3.10,2025-10-27
QX-DRY-903,PZ-URBAN,2.83,2026-03-06
QX-DRY-903,PZ-CORE,2.72,2025-11-13
QX-DRY-903,PZ-VALUE,2.56,2025-10-16
QX-DRY-903,PZ-REMOTE,2.96,2025-10-27
QX-HBC-904,PZ-METRO,12.52,2026-02-02
QX-HBC-904,PZ-URBAN,11.42,2025-10-20
QX-HBC-904,PZ-CORE,10.98,2026-01-15
QX-HBC-904,PZ-VALUE,10.32,2026-01-28
QX-HBC-904,PZ-REMOTE,11.97,2025-12-04
QX-BAK-905,PZ-METRO,4.42,2025-10-25
QX-BAK-905,PZ-URBAN,4.04,2026-02-03
QX-BAK-905,PZ-CORE,3.88,2025-12-10
QX-BAK-905,PZ-VALUE,3.65,2025-10-09
QX-BAK-905,PZ-REMOTE,4.23,2025-11-09
QX-DRY-906,PZ-METRO,6.06,2025-09-24
QX-DRY-906,PZ-URBAN,5.53,2025-12-30
QX-DRY-906,PZ-CORE,5.32,2026-03-15
QX-DRY-906,PZ-VALUE,5.00,2025-11-08
QX-DRY-906,PZ-REMOTE,5.80,2025-10-23
QX-TIN-907,PZ-METRO,0.65,2025-09-18
QX-TIN-907,PZ-URBAN,0.55,2025-11-03
QX-TIN-907,PZ-CORE,0.55,2026-01-22
QX-TIN-907,PZ-VALUE,0.50,2025-10-28
QX-TIN-907,PZ-REMOTE,0.60,2026-01-18
QX-TIN-908,PZ-METRO,2.63,2025-10-29
QX-TIN-908,PZ-URBAN,2.40,2025-11-01
QX-TIN-908,PZ-CORE,2.31,2026-02-21
QX-TIN-908,PZ-VALUE,2.17,2025-10-30
QX-TIN-908,PZ-REMOTE,2.52,2026-02-12
QX-FRZ-909,PZ-METRO,2.91,2025-11-28
QX-FRZ-909,PZ-URBAN,2.65,2025-12-13
QX-FRZ-909,PZ-CORE,2.55,2025-09-26
QX-FRZ-909,PZ-VALUE,2.40,2025-09-30
QX-FRZ-909,PZ-REMOTE,2.78,2026-01-08
QX-PRO-910,PZ-METRO,3.16,2025-12-08
QX-PRO-910,PZ-URBAN,2.88,2025-12-15
QX-PRO-910,PZ-CORE,2.77,2025-11-30
QX-PRO-910,PZ-VALUE,2.60,2025-11-06
QX-PRO-910,PZ-REMOTE,3.02,2026-01-01
QX-PET-911,PZ-METRO,5.16,2025-11-21
QX-PET-911,PZ-URBAN,4.71,2026-01-12
QX-PET-911,PZ-CORE,4.53,2025-10-22
QX-PET-911,PZ-VALUE,4.26,2025-10-27
QX-PET-911,PZ-REMOTE,4.94,2025-12-26
QX-BAK-912,PZ-METRO,8.08,2026-02-01
QX-BAK-912,PZ-URBAN,7.37,2026-03-20
QX-BAK-912,PZ-CORE,7.09,2025-11-28
QX-BAK-912,PZ-VALUE,6.66,2026-03-02
QX-BAK-912,PZ-REMOTE,7.73,2026-02-19
QX-HBC-913,PZ-METRO,2.07,2025-10-11
QX-HBC-913,PZ-URBAN,1.89,2026-01-13
QX-HBC-913,PZ-CORE,1.82,2025-11-05
QX-HBC-913,PZ-VALUE,1.71,2025-11-22
QX-HBC-913,PZ-REMOTE,1.98,2025-10-12
QX-DRY-914,PZ-METRO,5.14,2025-12-16
QX-DRY-914,PZ-URBAN,4.69,2026-02-15
QX-DRY-914,PZ-CORE,4.51,2025-10-17
QX-DRY-914,PZ-VALUE,4.24,2026-02-10
QX-DRY-914,PZ-REMOTE,4.92,2026-02-18
QX-DRY-915,PZ-METRO,7.57,2025-11-07
QX-DRY-915,PZ-URBAN,6.91,2025-12-30
QX-DRY-915,PZ-CORE,6.64,2026-01-03
QX-DRY-915,PZ-VALUE,6.24,2025-12-22
QX-DRY-915,PZ-REMOTE,7.24,2025-12-20
QX-BAK-916,PZ-METRO,4.58,2026-02-20
QX-BAK-916,PZ-URBAN,4.18,2025-09-16
QX-BAK-916,PZ-CORE,4.02,2025-10-16
QX-BAK-916,PZ-VALUE,3.78,2025-12-10
QX-BAK-916,PZ-REMOTE,4.38,2026-03-05
QX-CHL-917,PZ-METRO,6.73,2026-01-04
QX-CHL-917,PZ-URBAN,6.14,2025-12-26
QX-CHL-917,PZ-CORE,5.90,2025-10-04
QX-CHL-917,PZ-VALUE,5.55,2025-10-07
QX-CHL-917,PZ-REMOTE,6.43,2025-11-13
QX-BAK-918,PZ-METRO,7.38,2026-02-20
QX-BAK-918,PZ-URBAN,6.73,2026-03-10
QX-BAK-918,PZ-CORE,6.47,2026-02-22
QX-BAK-918,PZ-VALUE,6.08,2026-02-11
QX-BAK-918,PZ-REMOTE,7.05,2026-02-08
QX-HBC-919,PZ-METRO,2.87,2026-03-22
QX-HBC-919,PZ-URBAN,2.62,2026-03-03
QX-HBC-919,PZ-CORE,2.52,2025-10-27
QX-HBC-919,PZ-VALUE,2.37,2025-10-07
QX-HBC-919,PZ-REMOTE,2.75,2025-12-14
QX-TIN-920,PZ-METRO,2.23,2025-12-06
QX-TIN-920,PZ-URBAN,2.04,2025-09-28
QX-TIN-920,PZ-CORE,1.96,2026-01-16
QX-TIN-920,PZ-VALUE,1.84,2026-02-27
QX-TIN-920,PZ-REMOTE,2.14,2025-12-20
QX-BWS-921,PZ-METRO,21.39,2025-12-20
QX-BWS-921,PZ-URBAN,19.51,2025-10-20
QX-BWS-921,PZ-CORE,18.76,2025-09-25
QX-BWS-921,PZ-VALUE,17.63,2026-02-07
QX-BWS-921,PZ-REMOTE,20.45,2025-11-29
QX-DRY-922,PZ-METRO,2.17,2026-03-21
QX-DRY-922,PZ-URBAN,1.98,2025-10-30
QX-DRY-922,PZ-CORE,1.90,2025-11-01
QX-DRY-922,PZ-VALUE,1.79,2025-10-22
QX-DRY-922,PZ-REMOTE,2.07,2026-01-10
QX-DRK-923,PZ-METRO,6.45,2025-10-12
QX-DRK-923,PZ-URBAN,5.89,2026-02-08
QX-DRK-923,PZ-CORE,5.66,2025-10-18
QX-DRK-923,PZ-VALUE,5.32,2025-10-27
QX-DRK-923,PZ-REMOTE,6.17,2025-10-14
QX-FRZ-924,PZ-METRO,2.25,2026-02-06
QX-FRZ-924,PZ-URBAN,2.05,2025-09-28
QX-FRZ-924,PZ-CORE,1.97,2026-01-30
QX-FRZ-924,PZ-VALUE,1.85,2026-02-26
QX-FRZ-924,PZ-REMOTE,2.15,2026-01-25
QX-PET-925,PZ-METRO,1.00,2025-09-15
QX-PET-925,PZ-URBAN,0.90,2026-03-13
QX-PET-925,PZ-CORE,0.90,2025-11-05
QX-PET-925,PZ-VALUE,0.85,2025-11-13
QX-PET-925,PZ-REMOTE,0.95,2025-10-24
QX-CER-926,PZ-METRO,1.42,2025-12-16
QX-CER-926,PZ-URBAN,1.30,2026-03-08
QX-CER-926,PZ-CORE,1.25,2025-10-29
QX-CER-926,PZ-VALUE,1.17,2026-01-05
QX-CER-926,PZ-REMOTE,1.36,2026-01-27
QX-PRO-927,PZ-METRO,0.55,2025-10-21
QX-PRO-927,PZ-URBAN,0.50,2025-12-26
QX-PRO-927,PZ-CORE,0.50,2025-10-02
QX-PRO-927,PZ-VALUE,0.45,2026-01-15
QX-PRO-927,PZ-REMOTE,0.55,2026-01-22
QX-TIN-928,PZ-METRO,3.16,2025-10-05
QX-TIN-928,PZ-URBAN,2.88,2025-10-30
QX-TIN-928,PZ-CORE,2.77,2026-01-04
QX-TIN-928,PZ-VALUE,2.60,2026-01-31
QX-TIN-928,PZ-REMOTE,3.02,2025-12-17
QX-CER-929,PZ-METRO,2.17,2025-11-17
QX-CER-929,PZ-URBAN,1.98,2025-12-07
QX-CER-929,PZ-CORE,1.90,2025-11-06
QX-CER-929,PZ-VALUE,1.79,2025-11-03
QX-CER-929,PZ-REMOTE,2.07,2025-11-23
QX-TIN-930,PZ-METRO,0.65,2026-02-02
QX-TIN-930,PZ-URBAN,0.55,2025-10-06
QX-TIN-930,PZ-CORE,0.55,2025-10-12
QX-TIN-930,PZ-VALUE,0.50,2025-10-12
QX-TIN-930,PZ-REMOTE,0.60,2026-02-01
QX-FRZ-931,PZ-METRO,9.79,2025-12-17
QX-FRZ-931,PZ-URBAN,8.93,2026-01-31
QX-FRZ-931,PZ-CORE,8.59,2025-12-03
QX-FRZ-931,PZ-VALUE,8.07,2025-10-05
QX-FRZ-931,PZ-REMOTE,9.36,2025-12-05
QX-BAK-932,PZ-METRO,6.29,2025-10-29
QX-BAK-932,PZ-URBAN,5.74,2025-10-20
QX-BAK-932,PZ-CORE,5.52,2025-10-27
QX-BAK-932,PZ-VALUE,5.19,2025-10-05
QX-BAK-932,PZ-REMOTE,6.02,2026-02-13
QX-BWS-933,PZ-METRO,11.47,2026-02-21
QX-BWS-933,PZ-URBAN,10.46,2026-02-08
QX-BWS-933,PZ-CORE,10.06,2026-02-28
QX-BWS-933,PZ-VALUE,9.46,2025-12-31
QX-BWS-933,PZ-REMOTE,10.97,2026-01-04
QX-BAK-934,PZ-METRO,1.49,2025-12-03
QX-BAK-934,PZ-URBAN,1.36,2026-02-07
QX-BAK-934,PZ-CORE,1.31,2025-10-09
QX-BAK-934,PZ-VALUE,1.23,2025-09-17
QX-BAK-934,PZ-REMOTE,1.43,2025-11-21
QX-DRK-935,PZ-METRO,5.81,2026-03-10
QX-DRK-935,PZ-URBAN,5.30,2025-10-13
QX-DRK-935,PZ-CORE,5.10,2025-10-22
QX-DRK-935,PZ-VALUE,4.79,2026-03-15
QX-DRK-935,PZ-REMOTE,5.56,2025-11-05
QX-HHD-936,PZ-METRO,9.12,2026-03-03
QX-HHD-936,PZ-URBAN,8.32,2026-01-03
QX-HHD-936,PZ-CORE,8.00,2026-01-02
QX-HHD-936,PZ-VALUE,7.52,2026-03-16
QX-HHD-936,PZ-REMOTE,8.72,2025-11-03
QX-TIN-937,PZ-METRO,2.41,2025-10-04
QX-TIN-937,PZ-URBAN,2.19,2025-09-17
QX-TIN-937,PZ-CORE,2.11,2026-01-24
QX-TIN-937,PZ-VALUE,1.98,2025-10-09
QX-TIN-937,PZ-REMOTE,2.30,2025-11-02
QX-BWS-938,PZ-METRO,30.54,2026-03-12
QX-BWS-938,PZ-URBAN,27.86,2025-12-08
QX-BWS-938,PZ-CORE,26.79,2026-01-26
QX-BWS-938,PZ-VALUE,25.18,2026-02-07
QX-BWS-938,PZ-REMOTE,29.20,2026-03-13
QX-PET-939,PZ-METRO,4.58,2026-02-10
QX-PET-939,PZ-URBAN,4.18,2025-10-14
QX-PET-939,PZ-CORE,4.02,2026-03-07
QX-PET-939,PZ-VALUE,3.78,2025-12-15
QX-PET-939,PZ-REMOTE,4.38,2025-12-23
QX-BAK-940,PZ-METRO,3.68,2025-11-24
QX-BAK-940,PZ-URBAN,3.36,2026-01-20
QX-BAK-940,PZ-CORE,3.23,2025-09-15
QX-BAK-940,PZ-VALUE,3.04,2026-03-09
QX-BAK-940,PZ-REMOTE,3.52,2026-03-04
QX-BAK-941,PZ-METRO,2.94,2025-11-11
QX-BAK-941,PZ-URBAN,2.68,2026-03-12
QX-BAK-941,PZ-CORE,2.58,2025-11-05
QX-BAK-941,PZ-VALUE,2.43,2025-11-26
QX-BAK-941,PZ-REMOTE,2.81,2025-11-23
QX-DRK-942,PZ-METRO,1.80,2025-10-01
QX-DRK-942,PZ-URBAN,1.64,2026-01-02
QX-DRK-942,PZ-CORE,1.58,2025-11-27
QX-DRK-942,PZ-VALUE,1.49,2025-10-26
QX-DRK-942,PZ-REMOTE,1.72,2025-12-22
QX-PRO-943,PZ-METRO,1.97,2026-01-05
QX-PRO-943,PZ-URBAN,1.80,2025-10-07
QX-PRO-943,PZ-CORE,1.73,2026-01-16
QX-PRO-943,PZ-VALUE,1.63,2026-02-15
QX-PRO-943,PZ-REMOTE,1.89,2026-01-23
QX-TIN-944,PZ-METRO,1.55,2026-02-27
QX-TIN-944,PZ-URBAN,1.41,2025-11-30
QX-TIN-944,PZ-CORE,1.36,2026-02-27
QX-TIN-944,PZ-VALUE,1.28,2026-01-11
QX-TIN-944,PZ-REMOTE,1.48,2025-10-22
QX-CHL-945,PZ-METRO,6.10,2025-12-27
QX-CHL-945,PZ-URBAN,5.56,2026-03-16
QX-CHL-945,PZ-CORE,5.35,2025-12-24
QX-CHL-945,PZ-VALUE,5.03,2026-02-10
QX-CHL-945,PZ-REMOTE,5.83,2026-01-28
QX-BAK-946,PZ-METRO,4.75,2026-03-13
QX-BAK-946,PZ-URBAN,4.34,2026-02-26
QX-BAK-946,PZ-CORE,4.17,2025-10-29
QX-BAK-946,PZ-VALUE,3.92,2025-11-05
QX-BAK-946,PZ-REMOTE,4.55,2025-10-21
QX-CER-947,PZ-METRO,3.72,2026-02-25
QX-CER-947,PZ-URBAN,3.39,2025-12-04
QX-CER-947,PZ-CORE,3.26,2025-11-09
QX-CER-947,PZ-VALUE,3.06,2025-10-02
QX-CER-947,PZ-REMOTE,3.55,2026-03-20
QX-TIN-948,PZ-METRO,2.37,2026-01-16
QX-TIN-948,PZ-URBAN,2.16,2026-01-31
QX-TIN-948,PZ-CORE,2.08,2025-10-21
QX-TIN-948,PZ-VALUE,1.96,2025-11-17
QX-TIN-948,PZ-REMOTE,2.27,2026-02-10
QX-CHL-949,PZ-METRO,5.49,2025-09-25
QX-CHL-949,PZ-URBAN,5.01,2025-12-18
QX-CHL-949,PZ-CORE,4.82,2026-03-01
QX-CHL-949,PZ-VALUE,4.53,2026-01-17
QX-CHL-949,PZ-REMOTE,5.25,2025-10-08
QX-TIN-950,PZ-METRO,2.45,2026-01-24
QX-TIN-950,PZ-URBAN,2.24,2026-03-05
QX-TIN-950,PZ-CORE,2.15,2025-10-23
QX-TIN-950,PZ-VALUE,2.02,2026-02-09
QX-TIN-950,PZ-REMOTE,2.34,2026-01-02
QX-DRK-951,PZ-METRO,0.90,2025-11-10
QX-DRK-951,PZ-URBAN,0.80,2026-01-09
QX-DRK-951,PZ-CORE,0.80,2026-01-06
QX-DRK-951,PZ-VALUE,0.75,2026-03-20
QX-DRK-951,PZ-REMOTE,0.85,2025-11-21
QX-HBC-952,PZ-METRO,15.93,2026-01-10
QX-HBC-952,PZ-URBAN,14.53,2025-10-02
QX-HBC-952,PZ-CORE,13.97,2025-11-23
QX-HBC-952,PZ-VALUE,13.13,2025-11-09
QX-HBC-952,PZ-REMOTE,15.23,2025-12-05
QX-CER-953,PZ-METRO,2.18,2026-02-13
QX-CER-953,PZ-URBAN,1.99,2025-11-13
QX-CER-953,PZ-CORE,1.91,2025-09-24
QX-CER-953,PZ-VALUE,1.80,2025-09-21
QX-CER-953,PZ-REMOTE,2.08,2025-12-29
QX-TIN-954,PZ-METRO,0.70,2025-11-21
QX-TIN-954,PZ-URBAN,0.65,2025-11-04
QX-TIN-954,PZ-CORE,0.60,2025-10-23
QX-TIN-954,PZ-VALUE,0.55,2026-01-16
QX-TIN-954,PZ-REMOTE,0.65,2025-11-16
QX-BWS-955,PZ-METRO,41.86,2025-11-09
QX-BWS-955,PZ-URBAN,38.19,2026-02-20
QX-BWS-955,PZ-CORE,36.72,2025-12-19
QX-BWS-955,PZ-VALUE,34.52,2025-09-15
QX-BWS-955,PZ-REMOTE,40.02,2026-03-02
QX-CHL-956,PZ-METRO,1.72,2025-10-01
QX-CHL-956,PZ-URBAN,1.57,2026-03-06
QX-CHL-956,PZ-CORE,1.51,2026-03-19
QX-CHL-956,PZ-VALUE,1.42,2026-03-10
QX-CHL-956,PZ-REMOTE,1.65,2025-11-25
QX-BAK-957,PZ-METRO,1.36,2026-03-20
QX-BAK-957,PZ-URBAN,1.24,2026-02-14
QX-BAK-957,PZ-CORE,1.19,2026-03-11
QX-BAK-957,PZ-VALUE,1.12,2026-03-18
QX-BAK-957,PZ-REMOTE,1.30,2025-11-02
QX-BAK-958,PZ-METRO,2.10,2026-02-10
QX-BAK-958,PZ-URBAN,1.91,2026-01-22
QX-BAK-958,PZ-CORE,1.84,2025-11-01
QX-BAK-958,PZ-VALUE,1.73,2026-03-14
QX-BAK-958,PZ-REMOTE,2.01,2026-03-13
QX-CHL-959,PZ-METRO,4.24,2026-02-02
QX-CHL-959,PZ-URBAN,3.87,2025-10-02
QX-CHL-959,PZ-CORE,3.72,2026-03-10
QX-CHL-959,PZ-VALUE,3.50,2026-02-01
QX-CHL-959,PZ-REMOTE,4.05,2025-10-14
QX-PET-960,PZ-METRO,4.50,2025-12-06
QX-PET-960,PZ-URBAN,4.11,2026-03-03
QX-PET-960,PZ-CORE,3.95,2026-01-09
QX-PET-960,PZ-VALUE,3.71,2026-03-08
QX-PET-960,PZ-REMOTE,4.31,2026-03-05
QX-FRZ-961,PZ-METRO,9.13,2025-12-26
QX-FRZ-961,PZ-URBAN,8.33,2026-01-16
QX-FRZ-961,PZ-CORE,8.01,2025-10-11
QX-FRZ-961,PZ-VALUE,7.53,2026-02-20
QX-FRZ-961,PZ-REMOTE,8.73,2026-03-06
QX-PET-962,PZ-METRO,12.45,2025-10-26
QX-PET-962,PZ-URBAN,11.36,2025-09-16
QX-PET-962,PZ-CORE,10.92,2025-09-26
QX-PET-962,PZ-VALUE,10.26,2026-01-04
QX-PET-962,PZ-REMOTE,11.90,2025-10-02
QX-BAK-963,PZ-METRO,4.32,2025-11-17
QX-BAK-963,PZ-URBAN,3.94,2025-10-03
QX-BAK-963,PZ-CORE,3.79,2025-12-22
QX-BAK-963,PZ-VALUE,3.56,2025-12-09
QX-BAK-963,PZ-REMOTE,4.13,2026-01-05
QX-CHL-964,PZ-METRO,18.79,2025-12-09
QX-CHL-964,PZ-URBAN,17.14,2025-10-11
QX-CHL-964,PZ-CORE,16.48,2025-11-17
QX-CHL-964,PZ-VALUE,15.49,2025-11-11
QX-CHL-964,PZ-REMOTE,17.96,2025-10-01
QX-DRY-965,PZ-METRO,3.83,2025-10-25
QX-DRY-965,PZ-URBAN,3.49,2026-01-29
QX-DRY-965,PZ-CORE,3.36,2025-10-17
QX-DRY-965,PZ-VALUE,3.16,2025-10-24
QX-DRY-965,PZ-REMOTE,3.66,2025-11-13
QX-CHL-966,PZ-METRO,25.96,2025-11-26
QX-CHL-966,PZ-URBAN,23.68,2026-01-11
QX-CHL-966,PZ-CORE,22.77,2026-03-11
QX-CHL-966,PZ-VALUE,21.40,2026-02-06
QX-CHL-966,PZ-REMOTE,24.82,2025-12-22
QX-PET-967,PZ-METRO,2.49,2026-02-24
QX-PET-967,PZ-URBAN,2.27,2025-09-18
QX-PET-967,PZ-CORE,2.18,2026-02-09
QX-PET-967,PZ-VALUE,2.05,2025-10-30
QX-PET-967,PZ-REMOTE,2.38,2026-03-02
QX-BAK-968,PZ-METRO,4.26,2025-11-22
QX-BAK-968,PZ-URBAN,3.89,2025-11-05
QX-BAK-968,PZ-CORE,3.74,2025-11-10
QX-BAK-968,PZ-VALUE,3.52,2026-02-02
QX-BAK-968,PZ-REMOTE,4.08,2025-10-05
QX-HBC-969,PZ-METRO,4.94,2025-12-06
QX-HBC-969,PZ-URBAN,4.50,2026-02-28
QX-HBC-969,PZ-CORE,4.33,2025-12-23
QX-HBC-969,PZ-VALUE,4.07,2025-09-25
QX-HBC-969,PZ-REMOTE,4.72,2025-12-01
QX-PET-970,PZ-METRO,9.75,2025-12-04
QX-PET-970,PZ-URBAN,8.89,2025-11-05
QX-PET-970,PZ-CORE,8.55,2026-02-07
QX-PET-970,PZ-VALUE,8.04,2026-01-20
QX-PET-970,PZ-REMOTE,9.32,2025-10-13
QX-HBC-971,PZ-METRO,16.35,2026-03-07
QX-HBC-971,PZ-URBAN,14.91,2026-01-06
QX-HBC-971,PZ-CORE,14.34,2026-01-22
QX-HBC-971,PZ-VALUE,13.48,2025-11-03
QX-HBC-971,PZ-REMOTE,15.63,2025-10-08
QX-TIN-972,PZ-METRO,2.45,2026-02-22
QX-TIN-972,PZ-URBAN,2.24,2025-12-10
QX-TIN-972,PZ-CORE,2.15,2025-12-18
QX-TIN-972,PZ-VALUE,2.02,2026-01-30
QX-TIN-972,PZ-REMOTE,2.34,2025-10-05
QX-TIN-973,PZ-METRO,2.04,2026-03-05
QX-TIN-973,PZ-URBAN,1.86,2026-03-05
QX-TIN-973,PZ-CORE,1.79,2026-01-11
QX-TIN-973,PZ-VALUE,1.68,2025-11-03
QX-TIN-973,PZ-REMOTE,1.95,2025-10-26
QX-HBC-974,PZ-METRO,6.18,2025-11-30
QX-HBC-974,PZ-URBAN,5.64,2025-12-28
QX-HBC-974,PZ-CORE,5.42,2025-10-29
QX-HBC-974,PZ-VALUE,5.09,2025-10-24
QX-HBC-974,PZ-REMOTE,5.91,2026-01-22
QX-TIN-975,PZ-METRO,2.76,2026-01-21
QX-TIN-975,PZ-URBAN,2.52,2026-01-26
QX-TIN-975,PZ-CORE,2.42,2025-09-29
QX-TIN-975,PZ-VALUE,2.27,2026-01-25
QX-TIN-975,PZ-REMOTE,2.64,2026-01-22
QX-PET-976,PZ-METRO,2.29,2025-12-06
QX-PET-976,PZ-URBAN,2.09,2025-09-15
QX-PET-976,PZ-CORE,2.01,2025-11-11
QX-PET-976,PZ-VALUE,1.89,2025-09-25
QX-PET-976,PZ-REMOTE,2.19,2026-01-27
QX-FRZ-977,PZ-METRO,6.91,2026-02-17
QX-FRZ-977,PZ-URBAN,6.30,2025-10-22
QX-FRZ-977,PZ-CORE,6.06,2025-10-30
QX-FRZ-977,PZ-VALUE,5.70,2025-10-02
QX-FRZ-977,PZ-REMOTE,6.61,2025-10-12
QX-HHD-978,PZ-METRO,7.92,2025-09-26
QX-HHD-978,PZ-URBAN,7.23,2025-10-13
QX-HHD-978,PZ-CORE,6.95,2025-12-23
QX-HHD-978,PZ-VALUE,6.53,2025-11-03
QX-HHD-978,PZ-REMOTE,7.58,2025-12-01
QX-CHL-979,PZ-METRO,6.44,2025-12-16
QX-CHL-979,PZ-URBAN,5.88,2026-03-02
QX-CHL-979,PZ-CORE,5.65,2026-03-18
QX-CHL-979,PZ-VALUE,5.31,2025-10-02
QX-CHL-979,PZ-REMOTE,6.16,2025-11-21
QX-BWS-980,PZ-METRO,12.90,2026-02-06
QX-BWS-980,PZ-URBAN,11.77,2025-11-15
QX-BWS-980,PZ-CORE,11.32,2025-11-12
QX-BWS-980,PZ-VALUE,10.64,2025-12-14
QX-BWS-980,PZ-REMOTE,12.34,2025-12-01
QX-CER-981,PZ-METRO,4.41,2026-02-07
QX-CER-981,PZ-URBAN,4.02,2025-11-14
QX-CER-981,PZ-CORE,3.87,2025-09-21
QX-CER-981,PZ-VALUE,3.64,2026-02-10
QX-CER-981,PZ-REMOTE,4.22,2025-09-21
QX-FRZ-982,PZ-METRO,8.01,2025-10-26
QX-FRZ-982,PZ-URBAN,7.31,2026-02-21
QX-FRZ-982,PZ-CORE,7.03,2025-12-11
QX-FRZ-982,PZ-VALUE,6.61,2026-02-05
QX-FRZ-982,PZ-REMOTE,7.66,2025-12-30
QX-FRZ-983,PZ-METRO,7.96,2025-09-22
QX-FRZ-983,PZ-URBAN,7.26,2025-12-25
QX-FRZ-983,PZ-CORE,6.98,2026-02-22
QX-FRZ-983,PZ-VALUE,6.56,2025-10-17
QX-FRZ-983,PZ-REMOTE,7.61,2025-11-16
QX-PET-984,PZ-METRO,7.55,2026-01-21
QX-PET-984,PZ-URBAN,6.88,2025-11-05
QX-PET-984,PZ-CORE,6.62,2025-12-15
QX-PET-984,PZ-VALUE,6.22,2026-03-12
QX-PET-984,PZ-REMOTE,7.22,2026-01-07
QX-HBC-985,PZ-METRO,5.75,2025-11-30
QX-HBC-985,PZ-URBAN,5.24,2025-12-17
QX-HBC-985,PZ-CORE,5.04,2026-01-09
QX-HBC-985,PZ-VALUE,4.74,2026-01-01
QX-HBC-985,PZ-REMOTE,5.49,2025-10-22
QX-HHD-986,PZ-METRO,2.31,2025-10-28
QX-HHD-986,PZ-URBAN,2.11,2026-03-15
QX-HHD-986,PZ-CORE,2.03,2026-02-25
QX-HHD-986,PZ-VALUE,1.91,2025-10-18
QX-HHD-986,PZ-REMOTE,2.21,2025-09-22
QX-TIN-987,PZ-METRO,1.20,2025-12-13
QX-TIN-987,PZ-URBAN,1.09,2025-10-18
QX-TIN-987,PZ-CORE,1.05,2025-12-27
QX-TIN-987,PZ-VALUE,1.00,2026-02-13
QX-TIN-987,PZ-REMOTE,1.14,2025-10-24
QX-CHL-988,PZ-METRO,7.60,2025-11-23
QX-CHL-988,PZ-URBAN,6.94,2025-10-03
QX-CHL-988,PZ-CORE,6.67,2026-01-24
QX-CHL-988,PZ-VALUE,6.27,2025-11-09
QX-CHL-988,PZ-REMOTE,7.27,2025-12-21
QX-BAK-989,PZ-METRO,2.77,2025-11-06
QX-BAK-989,PZ-URBAN,2.53,2025-12-10
QX-BAK-989,PZ-CORE,2.43,2026-01-03
QX-BAK-989,PZ-VALUE,2.28,2026-03-22
QX-BAK-989,PZ-REMOTE,2.65,2025-10-21
QX-CER-990,PZ-METRO,2.57,2026-02-18
QX-CER-990,PZ-URBAN,2.34,2026-02-23
QX-CER-990,PZ-CORE,2.25,2025-12-17
QX-CER-990,PZ-VALUE,2.11,2025-12-20
QX-CER-990,PZ-REMOTE,2.45,2025-10-22
QX-CHL-991,PZ-METRO,1.87,2025-12-29
QX-CHL-991,PZ-URBAN,1.71,2026-01-30
QX-CHL-991,PZ-CORE,1.64,2025-10-03
QX-CHL-991,PZ-VALUE,1.54,2025-11-28
QX-CHL-991,PZ-REMOTE,1.79,2025-10-22
QX-PET-992,PZ-METRO,5.87,2025-10-31
QX-PET-992,PZ-URBAN,5.36,2026-01-15
QX-PET-992,PZ-CORE,5.15,2025-09-14
QX-PET-992,PZ-VALUE,4.84,2026-02-06
QX-PET-992,PZ-REMOTE,5.61,2025-10-13
QX-DRK-993,PZ-METRO,5.86,2026-01-01
QX-DRK-993,PZ-URBAN,5.35,2026-01-27
QX-DRK-993,PZ-CORE,5.14,2025-10-24
QX-DRK-993,PZ-VALUE,4.83,2025-10-05
QX-DRK-993,PZ-REMOTE,5.60,2026-03-09
QX-HHD-994,PZ-METRO,5.04,2026-02-13
QX-HHD-994,PZ-URBAN,4.60,2025-11-15
QX-HHD-994,PZ-CORE,4.42,2026-01-15
QX-HHD-994,PZ-VALUE,4.15,2026-02-09
QX-HHD-994,PZ-REMOTE,4.82,2025-10-16
QX-TIN-995,PZ-METRO,1.09,2026-02-12
QX-TIN-995,PZ-URBAN,1.00,2025-10-23
QX-TIN-995,PZ-CORE,0.95,2025-09-29
QX-TIN-995,PZ-VALUE,0.90,2026-02-19
QX-TIN-995,PZ-REMOTE,1.05,2026-01-12
QX-HBC-996,PZ-METRO,12.57,2025-11-09
QX-HBC-996,PZ-URBAN,11.47,2025-10-22
QX-HBC-996,PZ-CORE,11.03,2026-03-08
QX-HBC-996,PZ-VALUE,10.37,2025-12-09
QX-HBC-996,PZ-REMOTE,12.02,2026-01-13
QX-CHL-997,PZ-METRO,21.19,2026-02-19
QX-CHL-997,PZ-URBAN,19.33,2026-01-25
QX-CHL-997,PZ-CORE,18.59,2026-03-11
QX-CHL-997,PZ-VALUE,17.47,2026-01-02
QX-CHL-997,PZ-REMOTE,20.26,2025-12-28
QX-DRK-998,PZ-METRO,2.10,2025-11-23
QX-DRK-998,PZ-URBAN,1.91,2025-11-06
QX-DRK-998,PZ-CORE,1.84,2026-02-11
QX-DRK-998,PZ-VALUE,1.73,2025-11-16
QX-DRK-998,PZ-REMOTE,2.01,2025-10-04
QX-HHD-999,PZ-METRO,5.89,2025-12-04
QX-HHD-999,PZ-URBAN,5.38,2025-11-22
QX-HHD-999,PZ-CORE,5.17,2025-11-21
QX-HHD-999,PZ-VALUE,4.86,2025-12-16
QX-HHD-999,PZ-REMOTE,5.64,2026-02-14
QX-TIN-000,PZ-METRO,1.22,2026-02-24
QX-TIN-000,PZ-URBAN,1.11,2025-12-21
QX-TIN-000,PZ-CORE,1.07,2025-11-16
QX-TIN-000,PZ-VALUE,1.01,2026-02-12
QX-TIN-000,PZ-REMOTE,1.17,2026-01-01
QX-BWS-001,PZ-METRO,40.55,2025-09-25
QX-BWS-001,PZ-URBAN,36.99,2026-03-11
QX-BWS-001,PZ-CORE,35.57,2025-12-13
QX-BWS-001,PZ-VALUE,33.44,2025-10-28
QX-BWS-001,PZ-REMOTE,38.77,2025-12-18
QX-HBC-002,PZ-METRO,14.22,2025-09-23
QX-HBC-002,PZ-URBAN,12.97,2026-03-06
QX-HBC-002,PZ-CORE,12.47,2025-10-24
QX-HBC-002,PZ-VALUE,11.72,2025-10-06
QX-HBC-002,PZ-REMOTE,13.59,2026-03-05
QX-PET-003,PZ-METRO,12.21,2026-02-02
QX-PET-003,PZ-URBAN,11.14,2025-11-19
QX-PET-003,PZ-CORE,10.71,2025-10-24
QX-PET-003,PZ-VALUE,10.07,2026-03-02
QX-PET-003,PZ-REMOTE,11.67,2025-12-06
QX-FRZ-004,PZ-METRO,6.29,2026-02-04
QX-FRZ-004,PZ-URBAN,5.74,2025-12-28
QX-FRZ-004,PZ-CORE,5.52,2025-11-10
QX-FRZ-004,PZ-VALUE,5.19,2025-10-21
QX-FRZ-004,PZ-REMOTE,6.02,2025-09-29
QX-DRY-005,PZ-METRO,2.68,2026-01-23
QX-DRY-005,PZ-URBAN,2.44,2025-12-03
QX-DRY-005,PZ-CORE,2.35,2026-02-18
QX-DRY-005,PZ-VALUE,2.21,2025-12-04
QX-DRY-005,PZ-REMOTE,2.56,2025-10-30
QX-CHL-006,PZ-METRO,3.88,2026-02-16
QX-CHL-006,PZ-URBAN,3.54,2025-11-07
QX-CHL-006,PZ-CORE,3.40,2026-02-05
QX-CHL-006,PZ-VALUE,3.20,2025-11-05
QX-CHL-006,PZ-REMOTE,3.71,2026-03-09
QX-FRZ-007,PZ-METRO,3.18,2025-09-25
QX-FRZ-007,PZ-URBAN,2.90,2026-01-01
QX-FRZ-007,PZ-CORE,2.79,2026-03-15
QX-FRZ-007,PZ-VALUE,2.62,2026-02-08
QX-FRZ-007,PZ-REMOTE,3.04,2025-11-02
QX-BAK-008,PZ-METRO,8.32,2025-12-18
QX-BAK-008,PZ-URBAN,7.59,2026-03-20
QX-BAK-008,PZ-CORE,7.30,2026-01-15
QX-BAK-008,PZ-VALUE,6.86,2026-02-06
QX-BAK-008,PZ-REMOTE,7.96,2026-02-23
QX-DRY-009,PZ-METRO,3.57,2026-02-02
QX-DRY-009,PZ-URBAN,3.26,2025-10-10
QX-DRY-009,PZ-CORE,3.13,2026-03-14
QX-DRY-009,PZ-VALUE,2.94,2025-10-04
QX-DRY-009,PZ-REMOTE,3.41,2025-12-16
QX-DRY-010,PZ-METRO,5.37,2025-10-29
QX-DRY-010,PZ-URBAN,4.90,2025-09-19
QX-DRY-010,PZ-CORE,4.71,2026-03-07
QX-DRY-010,PZ-VALUE,4.43,2026-01-01
QX-DRY-010,PZ-REMOTE,5.13,2025-11-26
QX-CHL-011,PZ-METRO,13.24,2025-10-09
QX-CHL-011,PZ-URBAN,12.07,2026-01-11
QX-CHL-011,PZ-CORE,11.61,2025-11-08
QX-CHL-011,PZ-VALUE,10.91,2026-03-13
QX-CHL-011,PZ-REMOTE,12.65,2025-10-12
QX-DRY-012,PZ-METRO,4.79,2025-10-17
QX-DRY-012,PZ-URBAN,4.37,2026-01-06
QX-DRY-012,PZ-CORE,4.20,2025-10-26
QX-DRY-012,PZ-VALUE,3.95,2026-01-03
QX-DRY-012,PZ-REMOTE,4.58,2025-12-15
QX-DRK-013,PZ-METRO,1.79,2026-01-20
QX-DRK-013,PZ-URBAN,1.63,2026-03-08
QX-DRK-013,PZ-CORE,1.57,2025-10-14
QX-DRK-013,PZ-VALUE,1.48,2025-12-02
QX-DRK-013,PZ-REMOTE,1.71,2025-11-08
QX-DRY-014,PZ-METRO,1.58,2025-12-18
QX-DRY-014,PZ-URBAN,1.45,2026-03-20
QX-DRY-014,PZ-CORE,1.39,2025-11-26
QX-DRY-014,PZ-VALUE,1.31,2025-12-01
QX-DRY-014,PZ-REMOTE,1.52,2026-03-04
QX-BWS-015,PZ-METRO,5.22,2026-01-15
QX-BWS-015,PZ-URBAN,4.76,2026-01-12
QX-BWS-015,PZ-CORE,4.58,2026-01-23
QX-BWS-015,PZ-VALUE,4.31,2025-11-15
QX-BWS-015,PZ-REMOTE,4.99,2025-09-25
QX-CHL-016,PZ-METRO,16.88,2026-03-17
QX-CHL-016,PZ-URBAN,15.40,2025-11-12
QX-CHL-016,PZ-CORE,14.81,2025-11-24
QX-CHL-016,PZ-VALUE,13.92,2026-01-22
QX-CHL-016,PZ-REMOTE,16.14,2026-01-30
QX-FRZ-017,PZ-METRO,7.35,2025-11-09
QX-FRZ-017,PZ-URBAN,6.71,2026-03-03
QX-FRZ-017,PZ-CORE,6.45,2025-11-06
QX-FRZ-017,PZ-VALUE,6.06,2026-02-24
QX-FRZ-017,PZ-REMOTE,7.03,2025-12-21
QX-CHL-018,PZ-METRO,8.42,2026-02-15
QX-CHL-018,PZ-URBAN,7.69,2025-10-06
QX-CHL-018,PZ-CORE,7.39,2025-11-17
QX-CHL-018,PZ-VALUE,6.95,2025-11-27
QX-CHL-018,PZ-REMOTE,8.06,2025-10-20
QX-DRY-019,PZ-METRO,1.30,2025-09-22
QX-DRY-019,PZ-URBAN,1.19,2025-11-09
QX-DRY-019,PZ-CORE,1.14,2025-09-21
QX-DRY-019,PZ-VALUE,1.07,2025-10-17
QX-DRY-019,PZ-REMOTE,1.24,2026-01-31
QX-CER-020,PZ-METRO,4.65,2026-03-20
QX-CER-020,PZ-URBAN,4.24,2025-12-12
QX-CER-020,PZ-CORE,4.08,2025-11-23
QX-CER-020,PZ-VALUE,3.84,2026-01-04
QX-CER-020,PZ-REMOTE,4.45,2025-09-18
QX-PRO-022,PZ-METRO,2.86,2025-10-14
QX-PRO-022,PZ-URBAN,2.61,2025-11-14
QX-PRO-022,PZ-CORE,2.51,2026-03-08
QX-PRO-022,PZ-VALUE,2.36,2025-12-27
QX-PRO-022,PZ-REMOTE,2.74,2025-12-21
QX-PET-023,PZ-METRO,10.62,2026-01-01
QX-PET-023,PZ-URBAN,9.69,2025-12-22
QX-PET-023,PZ-CORE,9.32,2026-03-02
QX-PET-023,PZ-VALUE,8.76,2025-12-01
QX-PET-023,PZ-REMOTE,10.16,2025-10-20
QX-CER-024,PZ-METRO,2.10,2025-09-25
QX-CER-024,PZ-URBAN,1.91,2025-11-02
QX-CER-024,PZ-CORE,1.84,2025-12-18
QX-CER-024,PZ-VALUE,1.73,2026-01-10
QX-CER-024,PZ-REMOTE,2.01,2026-03-18
QX-DRY-025,PZ-METRO,4.32,2025-09-23
QX-DRY-025,PZ-URBAN,3.94,2025-10-03
QX-DRY-025,PZ-CORE,3.79,2026-02-24
QX-DRY-025,PZ-VALUE,3.56,2026-02-25
QX-DRY-025,PZ-REMOTE,4.13,2025-11-14
QX-PRO-026,PZ-METRO,1.32,2026-03-16
QX-PRO-026,PZ-URBAN,1.21,2026-02-18
QX-PRO-026,PZ-CORE,1.16,2026-01-30
QX-PRO-026,PZ-VALUE,1.09,2025-09-28
QX-PRO-026,PZ-REMOTE,1.26,2026-03-21
QX-DRK-027,PZ-METRO,1.47,2026-02-06
QX-DRK-027,PZ-URBAN,1.34,2025-12-21
QX-DRK-027,PZ-CORE,1.29,2025-11-28
QX-DRK-027,PZ-VALUE,1.21,2025-12-10
QX-DRK-027,PZ-REMOTE,1.41,2025-09-30
QX-HHD-028,PZ-METRO,9.54,2026-01-21
QX-HHD-028,PZ-URBAN,8.70,2026-02-13
QX-HHD-028,PZ-CORE,8.37,2026-03-12
QX-HHD-028,PZ-VALUE,7.87,2025-09-19
QX-HHD-028,PZ-REMOTE,9.12,2025-12-01
QX-DRY-029,PZ-METRO,6.48,2026-02-11
QX-DRY-029,PZ-URBAN,5.91,2026-02-23
QX-DRY-029,PZ-CORE,5.68,2025-11-04
QX-DRY-029,PZ-VALUE,5.34,2026-01-14
QX-DRY-029,PZ-REMOTE,6.19,2026-03-02
QX-CHL-030,PZ-METRO,9.82,2026-03-17
QX-CHL-030,PZ-URBAN,8.95,2026-03-17
QX-CHL-030,PZ-CORE,8.61,2025-10-14
QX-CHL-030,PZ-VALUE,8.09,2026-03-18
QX-CHL-030,PZ-REMOTE,9.38,2026-01-25
QX-CER-031,PZ-METRO,4.32,2026-01-11
QX-CER-031,PZ-URBAN,3.94,2025-11-22
QX-CER-031,PZ-CORE,3.79,2025-10-27
QX-CER-031,PZ-VALUE,3.56,2026-02-11
QX-CER-031,PZ-REMOTE,4.13,2025-11-22
QX-CER-032,PZ-METRO,3.96,2026-01-29
QX-CER-032,PZ-URBAN,3.61,2026-02-24
QX-CER-032,PZ-CORE,3.47,2026-03-08
QX-CER-032,PZ-VALUE,3.26,2026-01-28
QX-CER-032,PZ-REMOTE,3.78,2026-01-27
QX-CHL-033,PZ-METRO,7.18,2025-09-21
QX-CHL-033,PZ-URBAN,6.55,2025-10-18
QX-CHL-033,PZ-CORE,6.30,2026-02-22
QX-CHL-033,PZ-VALUE,5.92,2026-03-13
QX-CHL-033,PZ-REMOTE,6.87,2025-11-12
QX-BAK-034,PZ-METRO,3.25,2026-01-26
QX-BAK-034,PZ-URBAN,2.96,2025-12-18
QX-BAK-034,PZ-CORE,2.85,2025-11-18
QX-BAK-034,PZ-VALUE,2.68,2025-11-20
QX-BAK-034,PZ-REMOTE,3.11,2026-03-18
QX-TIN-035,PZ-METRO,2.87,2026-02-21
QX-TIN-035,PZ-URBAN,2.62,2025-12-16
QX-TIN-035,PZ-CORE,2.52,2025-09-17
QX-TIN-035,PZ-VALUE,2.37,2025-12-01
QX-TIN-035,PZ-REMOTE,2.75,2026-02-07
QX-HHD-036,PZ-METRO,4.57,2026-02-25
QX-HHD-036,PZ-URBAN,4.17,2025-12-28
QX-HHD-036,PZ-CORE,4.01,2026-01-20
QX-HHD-036,PZ-VALUE,3.77,2025-11-12
QX-HHD-036,PZ-REMOTE,4.37,2026-02-02
QX-BWS-037,PZ-METRO,33.40,2025-09-24
QX-BWS-037,PZ-URBAN,30.47,2025-10-27
QX-BWS-037,PZ-CORE,29.30,2025-11-18
QX-BWS-037,PZ-VALUE,27.54,2025-10-26
QX-BWS-037,PZ-REMOTE,31.94,2025-10-08
QX-CHL-038,PZ-METRO,4.75,2025-12-04
QX-CHL-038,PZ-URBAN,4.34,2026-03-10
QX-CHL-038,PZ-CORE,4.17,2025-11-16
QX-CHL-038,PZ-VALUE,3.92,2025-11-16
QX-CHL-038,PZ-REMOTE,4.55,2026-02-08
QX-PET-039,PZ-METRO,10.53,2026-03-04
QX-PET-039,PZ-URBAN,9.61,2025-11-30
QX-PET-039,PZ-CORE,9.24,2026-01-08
QX-PET-039,PZ-VALUE,8.69,2026-01-10
QX-PET-039,PZ-REMOTE,10.07,2025-10-22
QX-DRY-040,PZ-METRO,8.20,2026-02-26
QX-DRY-040,PZ-URBAN,7.48,2026-01-13
QX-DRY-040,PZ-CORE,7.19,2025-10-01
QX-DRY-040,PZ-VALUE,6.76,2026-02-01
QX-DRY-040,PZ-REMOTE,7.84,2026-02-22
QX-CHL-041,PZ-METRO,24.73,2026-03-03
QX-CHL-041,PZ-URBAN,22.56,2025-09-28
QX-CHL-041,PZ-CORE,21.69,2026-03-13
QX-CHL-041,PZ-VALUE,20.39,2025-12-03
QX-CHL-041,PZ-REMOTE,23.64,2026-01-07
QX-DRK-042,PZ-METRO,2.61,2025-12-06
QX-DRK-042,PZ-URBAN,2.38,2026-03-06
QX-DRK-042,PZ-CORE,2.29,2026-03-10
QX-DRK-042,PZ-VALUE,2.15,2026-03-08
QX-DRK-042,PZ-REMOTE,2.50,2025-10-21
QX-CER-043,PZ-METRO,3.14,2025-11-30
QX-CER-043,PZ-URBAN,2.86,2025-11-23
QX-CER-043,PZ-CORE,2.75,2026-01-19
QX-CER-043,PZ-VALUE,2.59,2025-09-17
QX-CER-043,PZ-REMOTE,3.00,2025-12-24
QX-TIN-044,PZ-METRO,1.00,2025-10-09
QX-TIN-044,PZ-URBAN,0.90,2026-02-04
QX-TIN-044,PZ-CORE,0.85,2026-01-05
QX-TIN-044,PZ-VALUE,0.80,2026-01-16
QX-TIN-044,PZ-REMOTE,0.95,2025-10-12
QX-DRK-045,PZ-METRO,2.66,2026-01-06
QX-DRK-045,PZ-URBAN,2.42,2026-03-13
QX-DRK-045,PZ-CORE,2.33,2025-12-25
QX-DRK-045,PZ-VALUE,2.19,2025-09-19
QX-DRK-045,PZ-REMOTE,2.54,2025-12-19
QX-CER-046,PZ-METRO,2.54,2026-02-05
QX-CER-046,PZ-URBAN,2.32,2025-10-10
QX-CER-046,PZ-CORE,2.23,2025-09-17
QX-CER-046,PZ-VALUE,2.10,2026-02-09
QX-CER-046,PZ-REMOTE,2.43,2026-02-01
QX-TIN-047,PZ-METRO,1.06,2025-10-21
QX-TIN-047,PZ-URBAN,0.95,2025-12-14
QX-TIN-047,PZ-CORE,0.95,2025-10-01
QX-TIN-047,PZ-VALUE,0.85,2025-12-04
QX-TIN-047,PZ-REMOTE,1.01,2026-01-15
QX-CHL-048,PZ-METRO,22.86,2025-11-16
QX-CHL-048,PZ-URBAN,20.85,2025-11-30
QX-CHL-048,PZ-CORE,20.05,2025-12-27
QX-CHL-048,PZ-VALUE,18.85,2026-01-18
QX-CHL-048,PZ-REMOTE,21.85,2026-02-09
QX-CHL-049,PZ-METRO,11.54,2026-01-07
QX-CHL-049,PZ-URBAN,10.52,2025-09-24
QX-CHL-049,PZ-CORE,10.12,2025-11-11
QX-CHL-049,PZ-VALUE,9.51,2026-01-12
QX-CHL-049,PZ-REMOTE,11.03,2026-03-18
QX-FRZ-050,PZ-METRO,4.61,2026-03-12
QX-FRZ-050,PZ-URBAN,4.20,2025-10-28
QX-FRZ-050,PZ-CORE,4.04,2026-03-20
QX-FRZ-050,PZ-VALUE,3.80,2026-03-13
QX-FRZ-050,PZ-REMOTE,4.40,2026-02-08
QX-PET-051,PZ-METRO,5.64,2025-11-03
QX-PET-051,PZ-URBAN,5.15,2025-11-15
QX-PET-051,PZ-CORE,4.95,2025-09-15
QX-PET-051,PZ-VALUE,4.65,2026-03-01
QX-PET-051,PZ-REMOTE,5.40,2025-11-02
QX-PET-052,PZ-METRO,6.11,2025-09-25
QX-PET-052,PZ-URBAN,5.57,2025-11-01
QX-PET-052,PZ-CORE,5.36,2025-12-03
QX-PET-052,PZ-VALUE,5.04,2026-01-29
QX-PET-052,PZ-REMOTE,5.84,2025-12-14
QX-DRK-053,PZ-METRO,7.36,2025-10-06
QX-DRK-053,PZ-URBAN,6.72,2026-01-13
QX-DRK-053,PZ-CORE,6.46,2025-12-23
QX-DRK-053,PZ-VALUE,6.07,2026-02-18
QX-DRK-053,PZ-REMOTE,7.04,2026-01-10
QX-HBC-054,PZ-METRO,5.59,2026-01-25
QX-HBC-054,PZ-URBAN,5.10,2026-02-05
QX-HBC-054,PZ-CORE,4.90,2025-12-07
QX-HBC-054,PZ-VALUE,4.61,2025-10-15
QX-HBC-054,PZ-REMOTE,5.34,2026-03-03
QX-HBC-055,PZ-METRO,4.34,2025-12-01
QX-HBC-055,PZ-URBAN,3.96,2026-03-20
QX-HBC-055,PZ-CORE,3.81,2025-12-23
QX-HBC-055,PZ-VALUE,3.58,2026-03-17
QX-HBC-055,PZ-REMOTE,4.15,2025-10-10
QX-DRY-056,PZ-METRO,1.62,2025-09-24
QX-DRY-056,PZ-URBAN,1.48,2026-03-07
QX-DRY-056,PZ-CORE,1.42,2025-10-06
QX-DRY-056,PZ-VALUE,1.33,2026-02-25
QX-DRY-056,PZ-REMOTE,1.55,2026-02-23
QX-HBC-057,PZ-METRO,8.05,2026-03-08
QX-HBC-057,PZ-URBAN,7.34,2026-03-09
QX-HBC-057,PZ-CORE,7.06,2025-12-01
QX-HBC-057,PZ-VALUE,6.64,2025-09-21
QX-HBC-057,PZ-REMOTE,7.70,2026-02-26
QX-CER-058,PZ-METRO,2.06,2025-12-04
QX-CER-058,PZ-URBAN,1.88,2025-12-27
QX-CER-058,PZ-CORE,1.81,2026-01-27
QX-CER-058,PZ-VALUE,1.70,2025-12-12
QX-CER-058,PZ-REMOTE,1.97,2025-10-09
QX-BAK-059,PZ-METRO,2.64,2025-11-05
QX-BAK-059,PZ-URBAN,2.41,2026-02-03
QX-BAK-059,PZ-CORE,2.32,2025-12-17
QX-BAK-059,PZ-VALUE,2.18,2026-01-19
QX-BAK-059,PZ-REMOTE,2.53,2025-12-04
QX-PRO-060,PZ-METRO,4.58,2026-01-21
QX-PRO-060,PZ-URBAN,4.18,2025-10-25
QX-PRO-060,PZ-CORE,4.02,2025-09-20
QX-PRO-060,PZ-VALUE,3.78,2026-02-14
QX-PRO-060,PZ-REMOTE,4.38,2025-11-22
QX-CHL-061,PZ-METRO,9.63,2025-12-06
QX-CHL-061,PZ-URBAN,8.79,2025-11-30
QX-CHL-061,PZ-CORE,8.45,2026-01-31
QX-CHL-061,PZ-VALUE,7.94,2026-02-20
QX-CHL-061,PZ-REMOTE,9.21,2025-10-22
QX-BWS-062,PZ-METRO,7.82,2025-12-21
QX-BWS-062,PZ-URBAN,7.13,2025-09-15
QX-BWS-062,PZ-CORE,6.86,2025-10-13
QX-BWS-062,PZ-VALUE,6.45,2026-03-09
QX-BWS-062,PZ-REMOTE,7.48,2026-01-23
QX-HHD-063,PZ-METRO,2.43,2026-03-09
QX-HHD-063,PZ-URBAN,2.22,2025-10-03
QX-HHD-063,PZ-CORE,2.13,2025-11-21
QX-HHD-063,PZ-VALUE,2.00,2025-11-08
QX-HHD-063,PZ-REMOTE,2.32,2025-09-29
QX-CHL-064,PZ-METRO,26.09,2025-11-30
QX-CHL-064,PZ-URBAN,23.81,2026-03-02
QX-CHL-064,PZ-CORE,22.89,2026-02-21
QX-CHL-064,PZ-VALUE,21.52,2025-11-15
QX-CHL-064,PZ-REMOTE,24.95,2025-09-25
QX-PET-065,PZ-METRO,4.90,2025-12-30
QX-PET-065,PZ-URBAN,4.47,2025-11-07
QX-PET-065,PZ-CORE,4.30,2026-02-19
QX-PET-065,PZ-VALUE,4.04,2026-01-02
QX-PET-065,PZ-REMOTE,4.69,2026-02-05
QX-CHL-066,PZ-METRO,15.96,2025-12-16
QX-CHL-066,PZ-URBAN,14.56,2026-01-19
QX-CHL-066,PZ-CORE,14.00,2026-03-21
QX-CHL-066,PZ-VALUE,13.16,2025-10-07
QX-CHL-066,PZ-REMOTE,15.26,2025-10-23
QX-TIN-067,PZ-METRO,0.65,2025-10-12
QX-TIN-067,PZ-URBAN,0.55,2025-12-24
QX-TIN-067,PZ-CORE,0.55,2025-11-07
QX-TIN-067,PZ-VALUE,0.50,2025-09-17
QX-TIN-067,PZ-REMOTE,0.60,2025-11-23
QX-FRZ-068,PZ-METRO,2.78,2025-12-20
QX-FRZ-068,PZ-URBAN,2.54,2025-10-02
QX-FRZ-068,PZ-CORE,2.44,2025-10-16
QX-FRZ-068,PZ-VALUE,2.29,2026-03-12
QX-FRZ-068,PZ-REMOTE,2.66,2025-09-24
QX-CER-069,PZ-METRO,3.45,2025-09-27
QX-CER-069,PZ-URBAN,3.15,2025-09-27
QX-CER-069,PZ-CORE,3.03,2025-12-26
QX-CER-069,PZ-VALUE,2.85,2025-10-09
QX-CER-069,PZ-REMOTE,3.30,2025-10-24
QX-BWS-070,PZ-METRO,28.68,2026-03-04
QX-BWS-070,PZ-URBAN,26.17,2025-10-01
QX-BWS-070,PZ-CORE,25.16,2026-01-10
QX-BWS-070,PZ-VALUE,23.65,2025-12-16
QX-BWS-070,PZ-REMOTE,27.42,2026-01-28
QX-TIN-071,PZ-METRO,2.93,2026-02-08
QX-TIN-071,PZ-URBAN,2.67,2025-11-27
QX-TIN-071,PZ-CORE,2.57,2025-12-03
QX-TIN-071,PZ-VALUE,2.42,2026-03-17
QX-TIN-071,PZ-REMOTE,2.80,2026-02-16
QX-CHL-072,PZ-METRO,1.27,2026-02-25
QX-CHL-072,PZ-URBAN,1.15,2025-09-29
QX-CHL-072,PZ-CORE,1.11,2025-11-11
QX-CHL-072,PZ-VALUE,1.04,2025-11-09
QX-CHL-072,PZ-REMOTE,1.21,2026-03-13
QX-FRZ-073,PZ-METRO,1.70,2025-10-23
QX-FRZ-073,PZ-URBAN,1.55,2025-11-17
QX-FRZ-073,PZ-CORE,1.49,2026-03-21
QX-FRZ-073,PZ-VALUE,1.40,2026-03-06
QX-FRZ-073,PZ-REMOTE,1.62,2025-09-26
QX-TIN-074,PZ-METRO,2.94,2025-09-14
QX-TIN-074,PZ-URBAN,2.68,2025-12-13
QX-TIN-074,PZ-CORE,2.58,2025-12-23
QX-TIN-074,PZ-VALUE,2.43,2026-01-31
QX-TIN-074,PZ-REMOTE,2.81,2026-03-19
QX-TIN-075,PZ-METRO,3.19,2026-01-14
QX-TIN-075,PZ-URBAN,2.91,2025-09-27
QX-TIN-075,PZ-CORE,2.80,2026-03-14
QX-TIN-075,PZ-VALUE,2.63,2025-09-24
QX-TIN-075,PZ-REMOTE,3.05,2026-02-10
QX-HBC-076,PZ-METRO,5.45,2025-12-20
QX-HBC-076,PZ-URBAN,4.97,2026-02-22
QX-HBC-076,PZ-CORE,4.78,2025-10-04
QX-HBC-076,PZ-VALUE,4.49,2025-10-10
QX-HBC-076,PZ-REMOTE,5.21,2026-01-31
QX-PRO-077,PZ-METRO,3.11,2026-01-05
QX-PRO-077,PZ-URBAN,2.84,2025-09-23
QX-PRO-077,PZ-CORE,2.73,2026-03-07
QX-PRO-077,PZ-VALUE,2.57,2025-11-29
QX-PRO-077,PZ-REMOTE,2.98,2026-02-16
QX-BAK-078,PZ-METRO,3.51,2026-03-17
QX-BAK-078,PZ-URBAN,3.20,2026-03-02
QX-BAK-078,PZ-CORE,3.08,2026-02-28
QX-BAK-078,PZ-VALUE,2.90,2025-12-03
QX-BAK-078,PZ-REMOTE,3.36,2025-11-20
QX-DRY-079,PZ-METRO,1.88,2025-11-19
QX-DRY-079,PZ-URBAN,1.72,2026-01-08
QX-DRY-079,PZ-CORE,1.65,2025-12-20
QX-DRY-079,PZ-VALUE,1.55,2025-11-24
QX-DRY-079,PZ-REMOTE,1.80,2025-09-24
QX-FRZ-080,PZ-METRO,2.83,2025-11-12
QX-FRZ-080,PZ-URBAN,2.58,2025-10-15
QX-FRZ-080,PZ-CORE,2.48,2026-01-21
QX-FRZ-080,PZ-VALUE,2.33,2026-01-05
QX-FRZ-080,PZ-REMOTE,2.70,2025-10-14
QX-DRY-081,PZ-METRO,7.59,2025-11-09
QX-DRY-081,PZ-URBAN,6.93,2026-03-16
QX-DRY-081,PZ-CORE,6.66,2026-01-21
QX-DRY-081,PZ-VALUE,6.26,2025-10-01
QX-DRY-081,PZ-REMOTE,7.26,2026-01-06
QX-PRO-082,PZ-METRO,4.98,2025-11-02
QX-PRO-082,PZ-URBAN,4.54,2026-01-31
QX-PRO-082,PZ-CORE,4.37,2026-02-27
QX-PRO-082,PZ-VALUE,4.11,2026-03-01
QX-PRO-082,PZ-REMOTE,4.76,2025-11-23
QX-PRO-083,PZ-METRO,1.05,2025-12-03
QX-PRO-083,PZ-URBAN,0.95,2025-10-02
QX-PRO-083,PZ-CORE,0.90,2026-03-11
QX-PRO-083,PZ-VALUE,0.85,2025-09-24
QX-PRO-083,PZ-REMOTE,1.00,2025-12-11
QX-DRY-084,PZ-METRO,5.56,2025-11-07
QX-DRY-084,PZ-URBAN,5.08,2025-11-05
QX-DRY-084,PZ-CORE,4.88,2025-11-20
QX-DRY-084,PZ-VALUE,4.59,2026-01-04
QX-DRY-084,PZ-REMOTE,5.32,2025-09-23
QX-CER-085,PZ-METRO,2.05,2026-02-04
QX-CER-085,PZ-URBAN,1.87,2026-01-01
QX-CER-085,PZ-CORE,1.80,2025-11-11
QX-CER-085,PZ-VALUE,1.69,2026-01-08
QX-CER-085,PZ-REMOTE,1.96,2026-02-07
QX-BWS-086,PZ-METRO,27.05,2025-12-03
QX-BWS-086,PZ-URBAN,24.68,2026-01-06
QX-BWS-086,PZ-CORE,23.73,2026-01-01
QX-BWS-086,PZ-VALUE,22.31,2025-11-24
QX-BWS-086,PZ-REMOTE,25.87,2025-10-07
QX-TIN-087,PZ-METRO,2.44,2026-03-13
QX-TIN-087,PZ-URBAN,2.23,2026-02-21
QX-TIN-087,PZ-CORE,2.14,2025-12-13
QX-TIN-087,PZ-VALUE,2.01,2026-03-07
QX-TIN-087,PZ-REMOTE,2.33,2025-11-09
QX-HHD-088,PZ-METRO,1.96,2025-10-22
QX-HHD-088,PZ-URBAN,1.79,2026-02-20
QX-HHD-088,PZ-CORE,1.72,2025-10-07
QX-HHD-088,PZ-VALUE,1.62,2026-01-05
QX-HHD-088,PZ-REMOTE,1.87,2025-10-29
QX-BAK-089,PZ-METRO,2.41,2026-02-23
QX-BAK-089,PZ-URBAN,2.19,2026-03-20
QX-BAK-089,PZ-CORE,2.11,2025-11-19
QX-BAK-089,PZ-VALUE,1.98,2025-10-23
QX-BAK-089,PZ-REMOTE,2.30,2026-03-06
QX-FRZ-090,PZ-METRO,3.11,2025-11-03
QX-FRZ-090,PZ-URBAN,2.84,2025-12-20
QX-FRZ-090,PZ-CORE,2.73,2026-01-25
QX-FRZ-090,PZ-VALUE,2.57,2025-12-16
QX-FRZ-090,PZ-REMOTE,2.98,2025-09-20
QX-DRY-091,PZ-METRO,6.24,2025-09-21
QX-DRY-091,PZ-URBAN,5.69,2026-01-25
QX-DRY-091,PZ-CORE,5.47,2025-10-30
QX-DRY-091,PZ-VALUE,5.14,2026-02-22
QX-DRY-091,PZ-REMOTE,5.96,2025-09-26
QX-DRK-092,PZ-METRO,5.26,2025-09-22
QX-DRK-092,PZ-URBAN,4.79,2026-02-24
QX-DRK-092,PZ-CORE,4.61,2025-09-26
QX-DRK-092,PZ-VALUE,4.33,2026-01-10
QX-DRK-092,PZ-REMOTE,5.02,2026-01-13
QX-HBC-093,PZ-METRO,9.70,2026-01-16
QX-HBC-093,PZ-URBAN,8.85,2026-02-04
QX-HBC-093,PZ-CORE,8.51,2026-01-18
QX-HBC-093,PZ-VALUE,8.00,2025-12-12
QX-HBC-093,PZ-REMOTE,9.28,2025-09-25
QX-PET-094,PZ-METRO,1.63,2025-10-15
QX-PET-094,PZ-URBAN,1.49,2025-10-14
QX-PET-094,PZ-CORE,1.43,2026-03-04
QX-PET-094,PZ-VALUE,1.34,2026-03-15
QX-PET-094,PZ-REMOTE,1.56,2026-03-11
QX-DRK-095,PZ-METRO,4.94,2026-01-30
QX-DRK-095,PZ-URBAN,4.50,2026-01-20
QX-DRK-095,PZ-CORE,4.33,2025-12-08
QX-DRK-095,PZ-VALUE,4.07,2026-03-13
QX-DRK-095,PZ-REMOTE,4.72,2025-11-24
QX-FRZ-096,PZ-METRO,7.50,2025-12-22
QX-FRZ-096,PZ-URBAN,6.84,2025-11-10
QX-FRZ-096,PZ-CORE,6.58,2025-10-18
QX-FRZ-096,PZ-VALUE,6.19,2025-11-27
QX-FRZ-096,PZ-REMOTE,7.17,2025-11-01
QX-CER-097,PZ-METRO,5.03,2026-03-22
QX-CER-097,PZ-URBAN,4.59,2025-12-29
QX-CER-097,PZ-CORE,4.41,2026-02-03
QX-CER-097,PZ-VALUE,4.15,2025-12-12
QX-CER-097,PZ-REMOTE,4.81,2026-03-05
QX-PRO-098,PZ-METRO,4.87,2026-03-22
QX-PRO-098,PZ-URBAN,4.44,2026-01-12
QX-PRO-098,PZ-CORE,4.27,2025-11-11
QX-PRO-098,PZ-VALUE,4.01,2025-12-31
QX-PRO-098,PZ-REMOTE,4.65,2026-02-10
QX-HBC-099,PZ-METRO,7.83,2025-11-03
QX-HBC-099,PZ-URBAN,7.14,2025-10-08
QX-HBC-099,PZ-CORE,6.87,2025-12-23
QX-HBC-099,PZ-VALUE,6.46,2025-10-11
QX-HBC-099,PZ-REMOTE,7.49,2026-01-01
QX-HBC-100,PZ-METRO,11.95,2025-09-26
QX-HBC-100,PZ-URBAN,10.90,2025-10-02
QX-HBC-100,PZ-CORE,10.48,2025-12-08
QX-HBC-100,PZ-VALUE,9.85,2025-12-29
QX-HBC-100,PZ-REMOTE,11.42,2026-03-10
QX-CHL-101,PZ-METRO,5.22,2026-02-24
QX-CHL-101,PZ-URBAN,4.76,2025-11-23
QX-CHL-101,PZ-CORE,4.58,2025-10-13
QX-CHL-101,PZ-VALUE,4.31,2025-12-04
QX-CHL-101,PZ-REMOTE,4.99,2026-02-07
QX-TIN-102,PZ-METRO,2.58,2025-11-23
QX-TIN-102,PZ-URBAN,2.35,2026-02-24
QX-TIN-102,PZ-CORE,2.26,2025-11-20
QX-TIN-102,PZ-VALUE,2.12,2026-01-02
QX-TIN-102,PZ-REMOTE,2.46,2025-10-23
QX-BAK-103,PZ-METRO,1.79,2025-11-23
QX-BAK-103,PZ-URBAN,1.63,2026-02-21
QX-BAK-103,PZ-CORE,1.57,2025-09-24
QX-BAK-103,PZ-VALUE,1.48,2026-02-22
QX-BAK-103,PZ-REMOTE,1.71,2026-02-02
QX-PET-104,PZ-METRO,2.18,2025-11-03
QX-PET-104,PZ-URBAN,1.99,2025-12-12
QX-PET-104,PZ-CORE,1.91,2025-10-06
QX-PET-104,PZ-VALUE,1.80,2025-09-14
QX-PET-104,PZ-REMOTE,2.08,2026-02-17
QX-TIN-105,PZ-METRO,3.23,2025-10-13
QX-TIN-105,PZ-URBAN,2.94,2025-12-26
QX-TIN-105,PZ-CORE,2.83,2026-02-08
QX-TIN-105,PZ-VALUE,2.66,2025-10-12
QX-TIN-105,PZ-REMOTE,3.08,2026-01-08
QX-CHL-106,PZ-METRO,5.49,2025-10-05
QX-CHL-106,PZ-URBAN,5.01,2026-02-10
QX-CHL-106,PZ-CORE,4.82,2025-12-25
QX-CHL-106,PZ-VALUE,4.53,2025-11-04
QX-CHL-106,PZ-REMOTE,5.25,2026-01-06
QX-HHD-107,PZ-METRO,8.66,2026-03-06
QX-HHD-107,PZ-URBAN,7.90,2025-12-25
QX-HHD-107,PZ-CORE,7.60,2026-03-16
QX-HHD-107,PZ-VALUE,7.14,2025-09-14
QX-HHD-107,PZ-REMOTE,8.28,2025-12-19
QX-CHL-108,PZ-METRO,7.48,2026-01-08
QX-CHL-108,PZ-URBAN,6.82,2026-03-22
QX-CHL-108,PZ-CORE,6.56,2025-11-19
QX-CHL-108,PZ-VALUE,6.17,2026-01-14
QX-CHL-108,PZ-REMOTE,7.15,2025-11-27
QX-HHD-109,PZ-METRO,13.10,2026-01-17
QX-HHD-109,PZ-URBAN,11.95,2025-10-25
QX-HHD-109,PZ-CORE,11.49,2026-02-28
QX-HHD-109,PZ-VALUE,10.80,2025-11-20
QX-HHD-109,PZ-REMOTE,12.52,2026-02-17
QX-CHL-110,PZ-METRO,1.14,2025-11-18
QX-CHL-110,PZ-URBAN,1.04,2026-01-24
QX-CHL-110,PZ-CORE,1.00,2026-03-20
QX-CHL-110,PZ-VALUE,0.95,2025-10-28
QX-CHL-110,PZ-REMOTE,1.09,2026-02-18
QX-HBC-111,PZ-METRO,7.41,2026-02-12
QX-HBC-111,PZ-URBAN,6.76,2026-01-24
QX-HBC-111,PZ-CORE,6.50,2026-02-13
QX-HBC-111,PZ-VALUE,6.11,2025-12-23
QX-HBC-111,PZ-REMOTE,7.09,2025-12-10
QX-TIN-112,PZ-METRO,1.09,2025-09-29
QX-TIN-112,PZ-URBAN,1.00,2025-09-18
QX-TIN-112,PZ-CORE,0.95,2025-10-28
QX-TIN-112,PZ-VALUE,0.90,2025-12-26
QX-TIN-112,PZ-REMOTE,1.05,2026-03-22
QX-PET-113,PZ-METRO,10.13,2026-01-20
QX-PET-113,PZ-URBAN,9.25,2026-01-23
QX-PET-113,PZ-CORE,8.89,2025-12-01
QX-PET-113,PZ-VALUE,8.36,2025-11-03
QX-PET-113,PZ-REMOTE,9.69,2026-02-23
QX-BWS-114,PZ-METRO,25.56,2025-09-29
QX-BWS-114,PZ-URBAN,23.32,2026-02-27
QX-BWS-114,PZ-CORE,22.42,2025-10-14
QX-BWS-114,PZ-VALUE,21.07,2025-12-19
QX-BWS-114,PZ-REMOTE,24.44,2025-11-04
QX-TIN-115,PZ-METRO,0.80,2026-01-19
QX-TIN-115,PZ-URBAN,0.70,2026-01-07
QX-TIN-115,PZ-CORE,0.70,2025-12-24
QX-TIN-115,PZ-VALUE,0.65,2026-03-01
QX-TIN-115,PZ-REMOTE,0.75,2026-02-18
QX-CHL-116,PZ-METRO,9.78,2025-12-20
QX-CHL-116,PZ-URBAN,8.92,2026-03-13
QX-CHL-116,PZ-CORE,8.58,2025-10-07
QX-CHL-116,PZ-VALUE,8.07,2025-10-30
QX-CHL-116,PZ-REMOTE,9.35,2025-10-24
QX-CHL-117,PZ-METRO,18.38,2025-11-24
QX-CHL-117,PZ-URBAN,16.76,2026-02-10
QX-CHL-117,PZ-CORE,16.12,2025-09-27
QX-CHL-117,PZ-VALUE,15.15,2025-11-17
QX-CHL-117,PZ-REMOTE,17.57,2026-01-29
QX-CER-118,PZ-METRO,2.29,2025-12-04
QX-CER-118,PZ-URBAN,2.09,2026-03-03
QX-CER-118,PZ-CORE,2.01,2026-02-18
QX-CER-118,PZ-VALUE,1.89,2025-11-17
QX-CER-118,PZ-REMOTE,2.19,2025-12-05
QX-PET-119,PZ-METRO,8.29,2025-10-24
QX-PET-119,PZ-URBAN,7.56,2026-02-13
QX-PET-119,PZ-CORE,7.27,2025-10-23
QX-PET-119,PZ-VALUE,6.83,2025-12-24
QX-PET-119,PZ-REMOTE,7.92,2025-12-14
QX-DRK-120,PZ-METRO,4.57,2026-03-10
QX-DRK-120,PZ-URBAN,4.17,2025-10-03
QX-DRK-120,PZ-CORE,4.01,2025-12-19
QX-DRK-120,PZ-VALUE,3.77,2025-10-07
QX-DRK-120,PZ-REMOTE,4.37,2026-01-02
QX-HBC-121,PZ-METRO,6.46,2026-03-04
QX-HBC-121,PZ-URBAN,5.90,2026-01-02
QX-HBC-121,PZ-CORE,5.67,2026-02-13
QX-HBC-121,PZ-VALUE,5.33,2025-12-07
QX-HBC-121,PZ-REMOTE,6.18,2025-10-26
QX-DRY-122,PZ-METRO,7.57,2026-01-30
QX-DRY-122,PZ-URBAN,6.91,2026-03-02
QX-DRY-122,PZ-CORE,6.64,2025-10-07
QX-DRY-122,PZ-VALUE,6.24,2025-11-14
QX-DRY-122,PZ-REMOTE,7.24,2025-12-28
QX-HHD-123,PZ-METRO,13.50,2025-11-18
QX-HHD-123,PZ-URBAN,12.31,2025-09-27
QX-HHD-123,PZ-CORE,11.84,2025-12-26
QX-HHD-123,PZ-VALUE,11.13,2025-09-28
QX-HHD-123,PZ-REMOTE,12.91,2026-01-31
QX-BAK-124,PZ-METRO,0.90,2025-11-23
QX-BAK-124,PZ-URBAN,0.85,2025-11-18
QX-BAK-124,PZ-CORE,0.80,2025-12-31
QX-BAK-124,PZ-VALUE,0.75,2026-02-15
QX-BAK-124,PZ-REMOTE,0.85,2026-01-15
QX-PRO-125,PZ-METRO,5.46,2025-10-28
QX-PRO-125,PZ-URBAN,4.98,2025-12-26
QX-PRO-125,PZ-CORE,4.79,2025-11-06
QX-PRO-125,PZ-VALUE,4.50,2025-11-07
QX-PRO-125,PZ-REMOTE,5.22,2026-03-11
QX-CHL-126,PZ-METRO,9.46,2025-12-08
QX-CHL-126,PZ-URBAN,8.63,2025-11-09
QX-CHL-126,PZ-CORE,8.30,2026-03-12
QX-CHL-126,PZ-VALUE,7.80,2025-10-04
QX-CHL-126,PZ-REMOTE,9.05,2026-01-24
QX-HBC-127,PZ-METRO,13.78,2026-03-03
QX-HBC-127,PZ-URBAN,12.57,2025-10-30
QX-HBC-127,PZ-CORE,12.09,2025-11-13
QX-HBC-127,PZ-VALUE,11.36,2026-03-08
QX-HBC-127,PZ-REMOTE,13.18,2026-01-26
QX-DRK-128,PZ-METRO,5.27,2026-03-09
QX-DRK-128,PZ-URBAN,4.80,2025-12-05
QX-DRK-128,PZ-CORE,4.62,2025-12-01
QX-DRK-128,PZ-VALUE,4.34,2026-02-22
QX-DRK-128,PZ-REMOTE,5.04,2025-09-16
QX-BAK-129,PZ-METRO,4.51,2025-09-23
QX-BAK-129,PZ-URBAN,4.12,2026-02-23
QX-BAK-129,PZ-CORE,3.96,2025-11-16
QX-BAK-129,PZ-VALUE,3.72,2026-01-14
QX-BAK-129,PZ-REMOTE,4.32,2025-10-29
QX-HHD-130,PZ-METRO,8.90,2026-03-07
QX-HHD-130,PZ-URBAN,8.12,2026-02-24
QX-HHD-130,PZ-CORE,7.81,2026-02-07
QX-HHD-130,PZ-VALUE,7.34,2025-09-19
QX-HHD-130,PZ-REMOTE,8.51,2026-02-16
QX-HHD-131,PZ-METRO,7.54,2026-03-21
QX-HHD-131,PZ-URBAN,6.87,2026-01-07
QX-HHD-131,PZ-CORE,6.61,2026-01-17
QX-HHD-131,PZ-VALUE,6.21,2025-10-10
QX-HHD-131,PZ-REMOTE,7.20,2025-12-18
QX-TIN-132,PZ-METRO,3.08,2025-12-30
QX-TIN-132,PZ-URBAN,2.81,2025-10-23
QX-TIN-132,PZ-CORE,2.70,2025-11-26
QX-TIN-132,PZ-VALUE,2.54,2025-10-26
QX-TIN-132,PZ-REMOTE,2.94,2026-01-12
QX-CHL-133,PZ-METRO,5.32,2026-01-26
QX-CHL-133,PZ-URBAN,4.86,2025-09-28
QX-CHL-133,PZ-CORE,4.67,2025-09-16
QX-CHL-133,PZ-VALUE,4.39,2026-03-11
QX-CHL-133,PZ-REMOTE,5.09,2026-01-08
QX-BAK-134,PZ-METRO,4.51,2025-10-14
QX-BAK-134,PZ-URBAN,4.12,2026-02-02
QX-BAK-134,PZ-CORE,3.96,2026-02-11
QX-BAK-134,PZ-VALUE,3.72,2026-01-09
QX-BAK-134,PZ-REMOTE,4.32,2025-12-06
QX-HHD-135,PZ-METRO,13.63,2025-10-31
QX-HHD-135,PZ-URBAN,12.44,2026-03-11
QX-HHD-135,PZ-CORE,11.96,2025-12-11
QX-HHD-135,PZ-VALUE,11.24,2026-02-16
QX-HHD-135,PZ-REMOTE,13.04,2026-02-05
QX-CHL-136,PZ-METRO,14.81,2026-01-13
QX-CHL-136,PZ-URBAN,13.51,2026-01-04
QX-CHL-136,PZ-CORE,12.99,2025-10-27
QX-CHL-136,PZ-VALUE,12.21,2026-01-02
QX-CHL-136,PZ-REMOTE,14.16,2026-03-04
QX-PRO-137,PZ-METRO,4.82,2026-02-23
QX-PRO-137,PZ-URBAN,4.40,2025-09-16
QX-PRO-137,PZ-CORE,4.23,2026-02-11
QX-PRO-137,PZ-VALUE,3.98,2026-02-01
QX-PRO-137,PZ-REMOTE,4.61,2026-01-01
QX-DRY-138,PZ-METRO,5.02,2026-01-08
QX-DRY-138,PZ-URBAN,4.58,2025-11-16
QX-DRY-138,PZ-CORE,4.40,2025-11-04
QX-DRY-138,PZ-VALUE,4.14,2026-03-08
QX-DRY-138,PZ-REMOTE,4.80,2026-03-22
QX-HHD-139,PZ-METRO,4.12,2025-10-14
QX-HHD-139,PZ-URBAN,3.75,2025-10-21
QX-HHD-139,PZ-CORE,3.61,2025-12-27
QX-HHD-139,PZ-VALUE,3.39,2026-01-08
QX-HHD-139,PZ-REMOTE,3.93,2026-02-18
QX-FRZ-140,PZ-METRO,4.98,2026-03-07
QX-FRZ-140,PZ-URBAN,4.54,2026-03-08
QX-FRZ-140,PZ-CORE,4.37,2025-10-24
QX-FRZ-140,PZ-VALUE,4.11,2025-11-07
QX-FRZ-140,PZ-REMOTE,4.76,2025-12-22
QX-BWS-141,PZ-METRO,25.83,2026-01-18
QX-BWS-141,PZ-URBAN,23.57,2026-02-18
QX-BWS-141,PZ-CORE,22.66,2025-11-17
QX-BWS-141,PZ-VALUE,21.30,2025-09-20
QX-BWS-141,PZ-REMOTE,24.70,2026-02-25
QX-TIN-142,PZ-METRO,2.13,2025-10-01
QX-TIN-142,PZ-URBAN,1.94,2026-01-03
QX-TIN-142,PZ-CORE,1.87,2025-11-18
QX-TIN-142,PZ-VALUE,1.76,2026-02-03
QX-TIN-142,PZ-REMOTE,2.04,2025-10-27
QX-PRO-143,PZ-METRO,4.59,2025-12-27
QX-PRO-143,PZ-URBAN,4.19,2026-02-01
QX-PRO-143,PZ-CORE,4.03,2025-12-16
QX-PRO-143,PZ-VALUE,3.79,2025-10-28
QX-PRO-143,PZ-REMOTE,4.39,2025-09-23
QX-CER-144,PZ-METRO,4.23,2025-09-24
QX-CER-144,PZ-URBAN,3.86,2026-01-12
QX-CER-144,PZ-CORE,3.71,2025-10-06
QX-CER-144,PZ-VALUE,3.49,2025-09-18
QX-CER-144,PZ-REMOTE,4.04,2025-11-20
QX-CER-145,PZ-METRO,4.43,2025-09-26
QX-CER-145,PZ-URBAN,4.05,2025-11-30
QX-CER-145,PZ-CORE,3.89,2025-10-26
QX-CER-145,PZ-VALUE,3.66,2026-02-10
QX-CER-145,PZ-REMOTE,4.24,2026-03-19
QX-DRY-146,PZ-METRO,7.02,2025-11-18
QX-DRY-146,PZ-URBAN,6.41,2025-11-03
QX-DRY-146,PZ-CORE,6.16,2025-09-14
QX-DRY-146,PZ-VALUE,5.79,2025-11-25
QX-DRY-146,PZ-REMOTE,6.71,2025-12-24
QX-DRK-147,PZ-METRO,7.27,2025-10-13
QX-DRK-147,PZ-URBAN,6.64,2025-10-13
QX-DRK-147,PZ-CORE,6.38,2026-01-14
QX-DRK-147,PZ-VALUE,6.00,2025-12-04
QX-DRK-147,PZ-REMOTE,6.95,2025-12-20
QX-DRY-148,PZ-METRO,4.53,2026-01-26
QX-DRY-148,PZ-URBAN,4.13,2025-11-28
QX-DRY-148,PZ-CORE,3.97,2026-01-24
QX-DRY-148,PZ-VALUE,3.73,2025-09-17
QX-DRY-148,PZ-REMOTE,4.33,2026-03-10
QX-TIN-149,PZ-METRO,1.04,2026-01-16
QX-TIN-149,PZ-URBAN,0.95,2026-03-07
QX-TIN-149,PZ-CORE,0.90,2025-11-11
QX-TIN-149,PZ-VALUE,0.85,2025-10-15
QX-TIN-149,PZ-REMOTE,1.00,2025-12-28
QX-PRO-150,PZ-METRO,1.65,2025-11-29
QX-PRO-150,PZ-URBAN,1.51,2025-11-14
QX-PRO-150,PZ-CORE,1.45,2025-11-02
QX-PRO-150,PZ-VALUE,1.36,2026-03-14
QX-PRO-150,PZ-REMOTE,1.58,2025-11-14
QX-TIN-151,PZ-METRO,2.19,2025-11-18
QX-TIN-151,PZ-URBAN,2.00,2026-02-04
QX-TIN-151,PZ-CORE,1.92,2026-02-18
QX-TIN-151,PZ-VALUE,1.80,2025-10-06
QX-TIN-151,PZ-REMOTE,2.09,2025-11-10
QX-HHD-152,PZ-METRO,3.19,2026-03-19
QX-HHD-152,PZ-URBAN,2.91,2025-10-24
QX-HHD-152,PZ-CORE,2.80,2026-03-01
QX-HHD-152,PZ-VALUE,2.63,2026-03-06
QX-HHD-152,PZ-REMOTE,3.05,2026-02-07
QX-PRO-153,PZ-METRO,4.42,2025-12-05
QX-PRO-153,PZ-URBAN,4.04,2025-10-19
QX-PRO-153,PZ-CORE,3.88,2026-03-11
QX-PRO-153,PZ-VALUE,3.65,2026-02-19
QX-PRO-153,PZ-REMOTE,4.23,2026-02-03
QX-BAK-154,PZ-METRO,9.86,2025-10-22
QX-BAK-154,PZ-URBAN,9.00,2025-09-24
QX-BAK-154,PZ-CORE,8.65,2025-10-30
QX-BAK-154,PZ-VALUE,8.13,2025-10-18
QX-BAK-154,PZ-REMOTE,9.43,2026-03-10
QX-PRO-155,PZ-METRO,1.73,2025-12-25
QX-PRO-155,PZ-URBAN,1.58,2026-01-31
QX-PRO-155,PZ-CORE,1.52,2025-11-24
QX-PRO-155,PZ-VALUE,1.43,2026-01-10
QX-PRO-155,PZ-REMOTE,1.66,2026-01-22
QX-BAK-156,PZ-METRO,2.72,2026-03-04
QX-BAK-156,PZ-URBAN,2.49,2026-03-16
QX-BAK-156,PZ-CORE,2.39,2026-02-04
QX-BAK-156,PZ-VALUE,2.25,2025-12-23
QX-BAK-156,PZ-REMOTE,2.61,2026-01-08
QX-TIN-157,PZ-METRO,1.00,2026-03-17
QX-TIN-157,PZ-URBAN,0.90,2025-12-17
QX-TIN-157,PZ-CORE,0.85,2026-01-14
QX-TIN-157,PZ-VALUE,0.80,2025-09-22
QX-TIN-157,PZ-REMOTE,0.95,2025-11-04
QX-BWS-158,PZ-METRO,35.35,2025-09-17
QX-BWS-158,PZ-URBAN,32.25,2025-10-21
QX-BWS-158,PZ-CORE,31.01,2026-03-20
QX-BWS-158,PZ-VALUE,29.15,2026-02-08
QX-BWS-158,PZ-REMOTE,33.80,2026-02-26
QX-HHD-159,PZ-METRO,3.72,2025-12-21
QX-HHD-159,PZ-URBAN,3.39,2026-03-14
QX-HHD-159,PZ-CORE,3.26,2026-02-06
QX-HHD-159,PZ-VALUE,3.06,2026-03-02
QX-HHD-159,PZ-REMOTE,3.55,2025-11-13
QX-DRY-160,PZ-METRO,4.51,2025-11-14
QX-DRY-160,PZ-URBAN,4.12,2025-12-10
QX-DRY-160,PZ-CORE,3.96,2025-10-01
QX-DRY-160,PZ-VALUE,3.72,2026-02-08
QX-DRY-160,PZ-REMOTE,4.32,2025-10-22
QX-HBC-161,PZ-METRO,14.81,2025-10-10
QX-HBC-161,PZ-URBAN,13.51,2026-02-08
QX-HBC-161,PZ-CORE,12.99,2025-09-30
QX-HBC-161,PZ-VALUE,12.21,2026-01-20
QX-HBC-161,PZ-REMOTE,14.16,2025-11-05
QX-DRK-162,PZ-METRO,4.77,2026-02-05
QX-DRK-162,PZ-URBAN,4.35,2025-12-05
QX-DRK-162,PZ-CORE,4.18,2025-11-24
QX-DRK-162,PZ-VALUE,3.93,2026-02-19
QX-DRK-162,PZ-REMOTE,4.56,2025-12-25
QX-BAK-163,PZ-METRO,4.59,2025-10-24
QX-BAK-163,PZ-URBAN,4.19,2026-01-21
QX-BAK-163,PZ-CORE,4.03,2026-02-07
QX-BAK-163,PZ-VALUE,3.79,2025-11-28
QX-BAK-163,PZ-REMOTE,4.39,2025-10-21
QX-HBC-164,PZ-METRO,5.55,2026-01-17
QX-HBC-164,PZ-URBAN,5.06,2026-02-12
QX-HBC-164,PZ-CORE,4.87,2026-02-12
QX-HBC-164,PZ-VALUE,4.58,2026-02-07
QX-HBC-164,PZ-REMOTE,5.31,2026-02-15
QX-CHL-165,PZ-METRO,8.94,2025-10-09
QX-CHL-165,PZ-URBAN,8.15,2025-12-26
QX-CHL-165,PZ-CORE,7.84,2025-12-08
QX-CHL-165,PZ-VALUE,7.37,2025-09-16
QX-CHL-165,PZ-REMOTE,8.55,2025-10-08
QX-HBC-166,PZ-METRO,15.04,2025-11-19
QX-HBC-166,PZ-URBAN,13.72,2025-11-16
QX-HBC-166,PZ-CORE,13.19,2026-01-14
QX-HBC-166,PZ-VALUE,12.40,2025-12-16
QX-HBC-166,PZ-REMOTE,14.38,2025-10-03
QX-BAK-167,PZ-METRO,4.70,2025-09-21
QX-BAK-167,PZ-URBAN,4.28,2025-11-18
QX-BAK-167,PZ-CORE,4.12,2025-11-13
QX-BAK-167,PZ-VALUE,3.87,2025-12-01
QX-BAK-167,PZ-REMOTE,4.49,2026-02-15
QX-HBC-168,PZ-METRO,15.12,2026-01-31
QX-HBC-168,PZ-URBAN,13.79,2025-12-29
QX-HBC-168,PZ-CORE,13.26,2026-03-10
QX-HBC-168,PZ-VALUE,12.46,2026-01-14
QX-HBC-168,PZ-REMOTE,14.45,2025-10-13
QX-PET-169,PZ-METRO,10.69,2026-02-21
QX-PET-169,PZ-URBAN,9.76,2026-01-13
QX-PET-169,PZ-CORE,9.38,2026-01-15
QX-PET-169,PZ-VALUE,8.82,2025-09-23
QX-PET-169,PZ-REMOTE,10.22,2026-03-20
QX-PRO-170,PZ-METRO,2.62,2026-02-04
QX-PRO-170,PZ-URBAN,2.39,2025-09-18
QX-PRO-170,PZ-CORE,2.30,2025-09-18
QX-PRO-170,PZ-VALUE,2.16,2026-02-19
QX-PRO-170,PZ-REMOTE,2.51,2025-12-19
QX-TIN-171,PZ-METRO,0.65,2025-09-14
QX-TIN-171,PZ-URBAN,0.55,2025-11-21
QX-TIN-171,PZ-CORE,0.55,2026-01-01
QX-TIN-171,PZ-VALUE,0.50,2025-10-15
QX-TIN-171,PZ-REMOTE,0.60,2025-10-26
QX-HHD-172,PZ-METRO,4.48,2025-10-24
QX-HHD-172,PZ-URBAN,4.09,2026-02-03
QX-HHD-172,PZ-CORE,3.93,2025-12-12
QX-HHD-172,PZ-VALUE,3.69,2025-11-13
QX-HHD-172,PZ-REMOTE,4.28,2026-02-19
QX-DRY-173,PZ-METRO,3.00,2026-02-06
QX-DRY-173,PZ-URBAN,2.74,2025-12-14
QX-DRY-173,PZ-CORE,2.63,2025-11-04
QX-DRY-173,PZ-VALUE,2.47,2026-02-19
QX-DRY-173,PZ-REMOTE,2.87,2026-03-12
QX-PRO-174,PZ-METRO,2.02,2026-01-03
QX-PRO-174,PZ-URBAN,1.84,2025-12-25
QX-PRO-174,PZ-CORE,1.77,2026-03-14
QX-PRO-174,PZ-VALUE,1.66,2026-01-13
QX-PRO-174,PZ-REMOTE,1.93,2025-09-14
QX-BWS-175,PZ-METRO,23.26,2026-03-11
QX-BWS-175,PZ-URBAN,21.22,2026-02-13
QX-BWS-175,PZ-CORE,20.40,2025-11-20
QX-BWS-175,PZ-VALUE,19.18,2025-09-19
QX-BWS-175,PZ-REMOTE,22.24,2026-03-05
QX-PRO-176,PZ-METRO,1.17,2026-01-22
QX-PRO-176,PZ-URBAN,1.07,2026-02-26
QX-PRO-176,PZ-CORE,1.03,2025-12-06
QX-PRO-176,PZ-VALUE,0.95,2025-12-10
QX-PRO-176,PZ-REMOTE,1.12,2025-10-26
QX-HHD-177,PZ-METRO,8.15,2025-10-04
QX-HHD-177,PZ-URBAN,7.44,2025-09-28
QX-HHD-177,PZ-CORE,7.15,2026-02-26
QX-HHD-177,PZ-VALUE,6.72,2025-10-30
QX-HHD-177,PZ-REMOTE,7.79,2026-02-11
QX-PRO-178,PZ-METRO,1.04,2026-02-07
QX-PRO-178,PZ-URBAN,0.95,2026-01-14
QX-PRO-178,PZ-CORE,0.90,2026-01-11
QX-PRO-178,PZ-VALUE,0.85,2025-12-15
QX-PRO-178,PZ-REMOTE,1.00,2026-02-02
QX-HBC-179,PZ-METRO,6.85,2025-12-20
QX-HBC-179,PZ-URBAN,6.25,2025-11-04
QX-HBC-179,PZ-CORE,6.01,2025-12-06
QX-HBC-179,PZ-VALUE,5.65,2026-01-01
QX-HBC-179,PZ-REMOTE,6.55,2026-01-26
QX-PET-180,PZ-METRO,1.40,2025-10-19
QX-PET-180,PZ-URBAN,1.28,2026-03-09
QX-PET-180,PZ-CORE,1.23,2026-01-28
QX-PET-180,PZ-VALUE,1.16,2026-01-26
QX-PET-180,PZ-REMOTE,1.34,2025-11-02
QX-BAK-181,PZ-METRO,1.22,2026-01-06
QX-BAK-181,PZ-URBAN,1.11,2025-11-15
QX-BAK-181,PZ-CORE,1.07,2025-12-23
QX-BAK-181,PZ-VALUE,1.01,2026-03-08
QX-BAK-181,PZ-REMOTE,1.17,2026-01-13
QX-PET-182,PZ-METRO,9.14,2025-11-06
QX-PET-182,PZ-URBAN,8.34,2026-02-05
QX-PET-182,PZ-CORE,8.02,2026-01-23
QX-PET-182,PZ-VALUE,7.54,2025-09-14
QX-PET-182,PZ-REMOTE,8.74,2026-01-20
QX-DRY-183,PZ-METRO,6.32,2025-10-14
QX-DRY-183,PZ-URBAN,5.76,2026-02-11
QX-DRY-183,PZ-CORE,5.54,2026-02-15
QX-DRY-183,PZ-VALUE,5.21,2026-01-22
QX-DRY-183,PZ-REMOTE,6.04,2025-12-16
QX-CER-184,PZ-METRO,1.85,2026-02-27
QX-CER-184,PZ-URBAN,1.68,2025-10-30
QX-CER-184,PZ-CORE,1.62,2025-10-05
QX-CER-184,PZ-VALUE,1.52,2025-10-16
QX-CER-184,PZ-REMOTE,1.77,2026-01-31
QX-PRO-185,PZ-METRO,3.11,2025-09-15
QX-PRO-185,PZ-URBAN,2.84,2026-01-29
QX-PRO-185,PZ-CORE,2.73,2025-09-20
QX-PRO-185,PZ-VALUE,2.57,2025-10-19
QX-PRO-185,PZ-REMOTE,2.98,2025-11-15
QX-DRK-186,PZ-METRO,0.80,2025-09-18
QX-DRK-186,PZ-URBAN,0.75,2025-11-10
QX-DRK-186,PZ-CORE,0.70,2025-10-16
QX-DRK-186,PZ-VALUE,0.65,2025-09-29
QX-DRK-186,PZ-REMOTE,0.75,2026-03-08
QX-TIN-187,PZ-METRO,0.65,2025-09-17
QX-TIN-187,PZ-URBAN,0.60,2026-02-26
QX-TIN-187,PZ-CORE,0.60,2025-11-25
QX-TIN-187,PZ-VALUE,0.55,2026-02-10
QX-TIN-187,PZ-REMOTE,0.65,2025-09-21
QX-FRZ-188,PZ-METRO,1.86,2025-10-27
QX-FRZ-188,PZ-URBAN,1.70,2026-03-08
QX-FRZ-188,PZ-CORE,1.63,2025-10-09
QX-FRZ-188,PZ-VALUE,1.53,2026-02-18
QX-FRZ-188,PZ-REMOTE,1.78,2025-12-18
QX-HHD-189,PZ-METRO,5.29,2025-10-08
QX-HHD-189,PZ-URBAN,4.83,2026-01-16
QX-HHD-189,PZ-CORE,4.64,2025-11-20
QX-HHD-189,PZ-VALUE,4.36,2026-03-19
QX-HHD-189,PZ-REMOTE,5.06,2025-12-16
QX-BWS-190,PZ-METRO,23.94,2025-10-26
QX-BWS-190,PZ-URBAN,21.84,2025-10-28
QX-BWS-190,PZ-CORE,21.00,2025-12-09
QX-BWS-190,PZ-VALUE,19.74,2026-02-12
QX-BWS-190,PZ-REMOTE,22.89,2025-12-18
QX-PET-191,PZ-METRO,7.89,2025-11-04
QX-PET-191,PZ-URBAN,7.20,2025-12-11
QX-PET-191,PZ-CORE,6.92,2026-01-09
QX-PET-191,PZ-VALUE,6.50,2025-10-05
QX-PET-191,PZ-REMOTE,7.54,2026-02-15
QX-DRY-192,PZ-METRO,1.54,2025-10-31
QX-DRY-192,PZ-URBAN,1.40,2025-10-01
QX-DRY-192,PZ-CORE,1.35,2025-12-01
QX-DRY-192,PZ-VALUE,1.27,2026-02-17
QX-DRY-192,PZ-REMOTE,1.47,2025-11-27
QX-TIN-193,PZ-METRO,3.23,2025-11-20
QX-TIN-193,PZ-URBAN,2.94,2026-03-19
QX-TIN-193,PZ-CORE,2.83,2025-12-30
QX-TIN-193,PZ-VALUE,2.66,2025-11-10
QX-TIN-193,PZ-REMOTE,3.08,2025-11-05
QX-PET-194,PZ-METRO,5.31,2025-12-22
QX-PET-194,PZ-URBAN,4.85,2025-12-27
QX-PET-194,PZ-CORE,4.66,2025-10-26
QX-PET-194,PZ-VALUE,4.38,2025-11-24
QX-PET-194,PZ-REMOTE,5.08,2025-12-26
QX-CER-195,PZ-METRO,3.76,2025-11-05
QX-CER-195,PZ-URBAN,3.43,2026-01-07
QX-CER-195,PZ-CORE,3.30,2026-03-09
QX-CER-195,PZ-VALUE,3.10,2026-01-04
QX-CER-195,PZ-REMOTE,3.60,2025-10-02
QX-DRK-196,PZ-METRO,0.80,2026-01-21
QX-DRK-196,PZ-URBAN,0.70,2026-02-24
QX-DRK-196,PZ-CORE,0.70,2026-02-08
QX-DRK-196,PZ-VALUE,0.65,2025-12-26
QX-DRK-196,PZ-REMOTE,0.75,2025-12-29
QX-TIN-197,PZ-METRO,1.33,2025-10-31
QX-TIN-197,PZ-URBAN,1.22,2025-11-16
QX-TIN-197,PZ-CORE,1.17,2025-10-26
QX-TIN-197,PZ-VALUE,1.10,2026-01-20
QX-TIN-197,PZ-REMOTE,1.28,2025-10-26
QX-BWS-198,PZ-METRO,4.88,2025-12-07
QX-BWS-198,PZ-URBAN,4.45,2026-02-10
QX-BWS-198,PZ-CORE,4.28,2025-10-12
QX-BWS-198,PZ-VALUE,4.02,2025-12-30
QX-BWS-198,PZ-REMOTE,4.67,2025-10-28
QX-HBC-199,PZ-METRO,9.77,2026-03-19
QX-HBC-199,PZ-URBAN,8.91,2026-02-28
QX-HBC-199,PZ-CORE,8.57,2025-10-21
QX-HBC-199,PZ-VALUE,8.06,2026-01-24
QX-HBC-199,PZ-REMOTE,9.34,2026-01-01
QX-DRY-200,PZ-METRO,5.56,2026-01-13
QX-DRY-200,PZ-URBAN,5.08,2026-01-17
QX-DRY-200,PZ-CORE,4.88,2025-12-28
QX-DRY-200,PZ-VALUE,4.59,2025-12-30
QX-DRY-200,PZ-REMOTE,5.32,2025-11-01
QX-FRZ-201,PZ-METRO,8.01,2026-02-24
QX-FRZ-201,PZ-URBAN,7.31,2026-03-12
QX-FRZ-201,PZ-CORE,7.03,2026-03-21
QX-FRZ-201,PZ-VALUE,6.61,2026-03-14
QX-FRZ-201,PZ-REMOTE,7.66,2025-10-20
QX-PET-202,PZ-METRO,1.39,2025-10-03
QX-PET-202,PZ-URBAN,1.27,2025-10-04
QX-PET-202,PZ-CORE,1.22,2025-12-20
QX-PET-202,PZ-VALUE,1.15,2026-01-20
QX-PET-202,PZ-REMOTE,1.33,2026-01-13
QX-TIN-204,PZ-METRO,0.80,2025-11-12
QX-TIN-204,PZ-URBAN,0.70,2025-12-07
QX-TIN-204,PZ-CORE,0.70,2025-12-27
QX-TIN-204,PZ-VALUE,0.65,2025-09-15
QX-TIN-204,PZ-REMOTE,0.75,2025-12-08
QX-BAK-205,PZ-METRO,8.71,2026-01-03
QX-BAK-205,PZ-URBAN,7.95,2025-12-30
QX-BAK-205,PZ-CORE,7.64,2026-03-06
QX-BAK-205,PZ-VALUE,7.18,2025-11-10
QX-BAK-205,PZ-REMOTE,8.33,2025-11-30
QX-PRO-206,PZ-METRO,1.52,2025-09-24
QX-PRO-206,PZ-URBAN,1.38,2026-02-20
QX-PRO-206,PZ-CORE,1.33,2026-02-15
QX-PRO-206,PZ-VALUE,1.25,2026-03-08
QX-PRO-206,PZ-REMOTE,1.45,2025-11-09
QX-CHL-207,PZ-METRO,8.01,2025-09-21
QX-CHL-207,PZ-URBAN,7.31,2025-12-25
QX-CHL-207,PZ-CORE,7.03,2026-02-10
QX-CHL-207,PZ-VALUE,6.61,2025-12-17
QX-CHL-207,PZ-REMOTE,7.66,2025-12-03
QX-HBC-208,PZ-METRO,10.75,2026-01-21
QX-HBC-208,PZ-URBAN,9.81,2026-01-30
QX-HBC-208,PZ-CORE,9.43,2026-02-27
QX-HBC-208,PZ-VALUE,8.86,2025-11-02
QX-HBC-208,PZ-REMOTE,10.28,2026-01-29
QX-BAK-209,PZ-METRO,9.38,2025-12-30
QX-BAK-209,PZ-URBAN,8.56,2025-11-10
QX-BAK-209,PZ-CORE,8.23,2025-12-18
QX-BAK-209,PZ-VALUE,7.74,2026-02-11
QX-BAK-209,PZ-REMOTE,8.97,2025-09-22
QX-FRZ-210,PZ-METRO,5.94,2025-11-02
QX-FRZ-210,PZ-URBAN,5.42,2025-11-25
QX-FRZ-210,PZ-CORE,5.21,2025-09-20
QX-FRZ-210,PZ-VALUE,4.90,2026-02-13
QX-FRZ-210,PZ-REMOTE,5.68,2026-02-02
QX-TIN-211,PZ-METRO,2.26,2025-10-09
QX-TIN-211,PZ-URBAN,2.06,2026-02-10
QX-TIN-211,PZ-CORE,1.98,2025-11-17
QX-TIN-211,PZ-VALUE,1.86,2025-11-17
QX-TIN-211,PZ-REMOTE,2.16,2026-01-11
QX-BAK-215,PZ-METRO,0.80,2025-12-24
QX-BAK-215,PZ-URBAN,0.75,2026-03-09
QX-BAK-215,PZ-CORE,0.70,2026-01-25
QX-BAK-215,PZ-VALUE,0.65,2025-09-25
QX-BAK-215,PZ-REMOTE,0.75,2026-02-08
QX-DRK-216,PZ-METRO,6.24,2025-11-12
QX-DRK-216,PZ-URBAN,5.69,2026-01-13
QX-DRK-216,PZ-CORE,5.47,2026-03-05
QX-DRK-216,PZ-VALUE,5.14,2026-02-24
QX-DRK-216,PZ-REMOTE,5.96,2026-01-31
QX-BAK-217,PZ-METRO,4.16,2025-10-20
QX-BAK-217,PZ-URBAN,3.80,2026-01-31
QX-BAK-217,PZ-CORE,3.65,2025-09-19
QX-BAK-217,PZ-VALUE,3.43,2026-03-02
QX-BAK-217,PZ-REMOTE,3.98,2025-09-24
QX-TIN-218,PZ-METRO,3.18,2025-10-17
QX-TIN-218,PZ-URBAN,2.90,2026-01-28
QX-TIN-218,PZ-CORE,2.79,2026-02-12
QX-TIN-218,PZ-VALUE,2.62,2026-03-07
QX-TIN-218,PZ-REMOTE,3.04,2025-10-05
QX-CER-219,PZ-METRO,2.30,2026-02-09
QX-CER-219,PZ-URBAN,2.10,2026-02-25
QX-CER-219,PZ-CORE,2.02,2025-10-04
QX-CER-219,PZ-VALUE,1.90,2025-09-14
QX-CER-219,PZ-REMOTE,2.20,2026-02-16
QX-BWS-220,PZ-METRO,10.58,2026-02-07
QX-BWS-220,PZ-URBAN,9.65,2026-02-19
QX-BWS-220,PZ-CORE,9.28,2025-10-07
QX-BWS-220,PZ-VALUE,8.72,2025-12-07
QX-BWS-220,PZ-REMOTE,10.12,2025-10-28
QX-CHL-221,PZ-METRO,13.81,2026-01-24
QX-CHL-221,PZ-URBAN,12.59,2025-10-21
QX-CHL-221,PZ-CORE,12.11,2025-12-27
QX-CHL-221,PZ-VALUE,11.38,2026-02-18
QX-CHL-221,PZ-REMOTE,13.20,2026-01-25
QX-PRO-222,PZ-METRO,4.40,2026-03-21
QX-PRO-222,PZ-URBAN,4.01,2025-09-21
QX-PRO-222,PZ-CORE,3.86,2025-09-30
QX-PRO-222,PZ-VALUE,3.63,2025-12-13
QX-PRO-222,PZ-REMOTE,4.21,2025-11-10
QX-PRO-223,PZ-METRO,0.65,2025-11-18
QX-PRO-223,PZ-URBAN,0.60,2025-11-02
QX-PRO-223,PZ-CORE,0.55,2025-12-12
QX-PRO-223,PZ-VALUE,0.55,2025-10-12
QX-PRO-223,PZ-REMOTE,0.60,2026-01-28
QX-PET-224,PZ-METRO,10.89,2026-01-05
QX-PET-224,PZ-URBAN,9.93,2026-01-03
QX-PET-224,PZ-CORE,9.55,2025-10-22
QX-PET-224,PZ-VALUE,8.98,2025-12-15
QX-PET-224,PZ-REMOTE,10.41,2026-02-19
QX-PRO-225,PZ-METRO,4.62,2025-12-30
QX-PRO-225,PZ-URBAN,4.21,2026-03-13
QX-PRO-225,PZ-CORE,4.05,2025-09-21
QX-PRO-225,PZ-VALUE,3.81,2026-03-21
QX-PRO-225,PZ-REMOTE,4.41,2026-02-08
QX-TIN-227,PZ-METRO,2.86,2025-11-10
QX-TIN-227,PZ-URBAN,2.61,2026-02-01
QX-TIN-227,PZ-CORE,2.51,2025-10-03
QX-TIN-227,PZ-VALUE,2.36,2026-03-06
QX-TIN-227,PZ-REMOTE,2.74,2025-12-20
QX-BWS-228,PZ-METRO,39.01,2025-12-29
QX-BWS-228,PZ-URBAN,35.59,2026-03-09
QX-BWS-228,PZ-CORE,34.22,2025-10-13
QX-BWS-228,PZ-VALUE,32.17,2025-11-28
QX-BWS-228,PZ-REMOTE,37.30,2025-09-22
QX-BWS-229,PZ-METRO,25.43,2026-03-15
QX-BWS-229,PZ-URBAN,23.20,2026-01-14
QX-BWS-229,PZ-CORE,22.31,2026-03-10
QX-BWS-229,PZ-VALUE,20.97,2026-03-17
QX-BWS-229,PZ-REMOTE,24.32,2025-10-19
QX-DRY-230,PZ-METRO,3.44,2025-12-11
QX-DRY-230,PZ-URBAN,3.14,2025-11-01
QX-DRY-230,PZ-CORE,3.02,2026-01-16
QX-DRY-230,PZ-VALUE,2.84,2026-01-15
QX-DRY-230,PZ-REMOTE,3.29,2026-02-17
QX-CER-231,PZ-METRO,2.76,2026-01-13
QX-CER-231,PZ-URBAN,2.52,2026-03-08
QX-CER-231,PZ-CORE,2.42,2025-10-25
QX-CER-231,PZ-VALUE,2.27,2025-11-12
QX-CER-231,PZ-REMOTE,2.64,2025-09-15
QX-CER-232,PZ-METRO,3.36,2025-12-03
QX-CER-232,PZ-URBAN,3.07,2025-11-09
QX-CER-232,PZ-CORE,2.95,2025-10-06
QX-CER-232,PZ-VALUE,2.77,2025-12-21
QX-CER-232,PZ-REMOTE,3.22,2026-01-16
QX-FRZ-233,PZ-METRO,9.37,2025-11-14
QX-FRZ-233,PZ-URBAN,8.55,2025-10-28
QX-FRZ-233,PZ-CORE,8.22,2025-09-25
QX-FRZ-233,PZ-VALUE,7.73,2026-02-19
QX-FRZ-233,PZ-REMOTE,8.96,2025-11-01
QX-PRO-234,PZ-METRO,2.52,2026-01-10
QX-PRO-234,PZ-URBAN,2.30,2026-01-23
QX-PRO-234,PZ-CORE,2.21,2026-01-05
QX-PRO-234,PZ-VALUE,2.08,2026-01-06
QX-PRO-234,PZ-REMOTE,2.41,2025-11-08
QX-BAK-235,PZ-METRO,5.75,2026-03-09
QX-BAK-235,PZ-URBAN,5.24,2026-01-29
QX-BAK-235,PZ-CORE,5.04,2025-10-01
QX-BAK-235,PZ-VALUE,4.74,2025-11-13
QX-BAK-235,PZ-REMOTE,5.49,2025-10-18
QX-HHD-236,PZ-METRO,13.11,2025-09-20
QX-HHD-236,PZ-URBAN,11.96,2026-01-12
QX-HHD-236,PZ-CORE,11.50,2025-09-24
QX-HHD-236,PZ-VALUE,10.81,2025-11-29
QX-HHD-236,PZ-REMOTE,12.54,2025-09-16
QX-FRZ-238,PZ-METRO,5.24,2026-02-18
QX-FRZ-238,PZ-URBAN,4.78,2026-02-08
QX-FRZ-238,PZ-CORE,4.60,2026-01-09
QX-FRZ-238,PZ-VALUE,4.32,2026-01-07
QX-FRZ-238,PZ-REMOTE,5.01,2026-02-02
QX-DRK-239,PZ-METRO,2.50,2026-01-15
QX-DRK-239,PZ-URBAN,2.28,2025-12-17
QX-DRK-239,PZ-CORE,2.19,2025-12-08
QX-DRK-239,PZ-VALUE,2.06,2026-03-22
QX-DRK-239,PZ-REMOTE,2.39,2026-01-13
QX-BAK-240,PZ-METRO,7.33,2026-02-14
QX-BAK-240,PZ-URBAN,6.69,2025-11-27
QX-BAK-240,PZ-CORE,6.43,2025-10-26
QX-BAK-240,PZ-VALUE,6.04,2026-03-20
QX-BAK-240,PZ-REMOTE,7.01,2026-01-07
QX-DRY-241,PZ-METRO,3.88,2025-11-22
QX-DRY-241,PZ-URBAN,3.54,2026-02-11
QX-DRY-241,PZ-CORE,3.40,2026-01-30
QX-DRY-241,PZ-VALUE,3.20,2025-12-26
QX-DRY-241,PZ-REMOTE,3.71,2026-01-21
QX-HHD-242,PZ-METRO,4.02,2026-03-06
QX-HHD-242,PZ-URBAN,3.67,2026-01-29
QX-HHD-242,PZ-CORE,3.53,2026-02-28
QX-HHD-242,PZ-VALUE,3.32,2026-03-19
QX-HHD-242,PZ-REMOTE,3.85,2026-01-02
QX-PRO-243,PZ-METRO,5.62,2025-12-20
QX-PRO-243,PZ-URBAN,5.13,2025-12-11
QX-PRO-243,PZ-CORE,4.93,2025-12-25
QX-PRO-243,PZ-VALUE,4.63,2026-02-05
QX-PRO-243,PZ-REMOTE,5.37,2025-10-19
QX-TIN-244,PZ-METRO,0.65,2025-12-05
QX-TIN-244,PZ-URBAN,0.60,2026-01-07
QX-TIN-244,PZ-CORE,0.55,2025-11-04
QX-TIN-244,PZ-VALUE,0.55,2025-11-18
QX-TIN-244,PZ-REMOTE,0.60,2026-02-14
QX-CER-245,PZ-METRO,1.57,2025-11-07
QX-CER-245,PZ-URBAN,1.44,2025-09-29
QX-CER-245,PZ-CORE,1.38,2026-03-22
QX-CER-245,PZ-VALUE,1.30,2026-02-02
QX-CER-245,PZ-REMOTE,1.50,2025-11-02
QX-HHD-246,PZ-METRO,5.08,2025-11-20
QX-HHD-246,PZ-URBAN,4.64,2025-10-05
QX-HHD-246,PZ-CORE,4.46,2025-10-10
QX-HHD-246,PZ-VALUE,4.19,2026-02-02
QX-HHD-246,PZ-REMOTE,4.86,2026-02-10
QX-BWS-247,PZ-METRO,13.71,2025-10-04
QX-BWS-247,PZ-URBAN,12.51,2026-03-05
QX-BWS-247,PZ-CORE,12.03,2026-02-07
QX-BWS-247,PZ-VALUE,11.31,2025-10-12
QX-BWS-247,PZ-REMOTE,13.11,2025-11-22
QX-BAK-248,PZ-METRO,3.12,2025-12-15
QX-BAK-248,PZ-URBAN,2.85,2025-11-13
QX-BAK-248,PZ-CORE,2.74,2025-12-23
QX-BAK-248,PZ-VALUE,2.58,2025-10-16
QX-BAK-248,PZ-REMOTE,2.99,2025-12-31
QX-FRZ-249,PZ-METRO,7.90,2025-12-23
QX-FRZ-249,PZ-URBAN,7.21,2025-10-18
QX-FRZ-249,PZ-CORE,6.93,2026-02-13
QX-FRZ-249,PZ-VALUE,6.51,2025-10-01
QX-FRZ-249,PZ-REMOTE,7.55,2026-03-15
QX-CHL-251,PZ-METRO,13.90,2025-11-17
QX-CHL-251,PZ-URBAN,12.68,2025-11-27
QX-CHL-251,PZ-CORE,12.19,2025-11-16
QX-CHL-251,PZ-VALUE,11.46,2026-01-31
QX-CHL-251,PZ-REMOTE,13.29,2025-10-28
QX-PET-252,PZ-METRO,3.18,2025-12-11
QX-PET-252,PZ-URBAN,2.90,2026-02-09
QX-PET-252,PZ-CORE,2.79,2026-01-02
QX-PET-252,PZ-VALUE,2.62,2025-10-16
QX-PET-252,PZ-REMOTE,3.04,2026-01-03
QX-BAK-255,PZ-METRO,4.67,2025-12-12
QX-BAK-255,PZ-URBAN,4.26,2025-11-15
QX-BAK-255,PZ-CORE,4.10,2026-02-28
QX-BAK-255,PZ-VALUE,3.85,2026-02-25
QX-BAK-255,PZ-REMOTE,4.47,2025-12-23
QX-HHD-257,PZ-METRO,1.53,2025-11-08
QX-HHD-257,PZ-URBAN,1.39,2025-10-03
QX-HHD-257,PZ-CORE,1.34,2026-02-01
QX-HHD-257,PZ-VALUE,1.26,2026-02-14
QX-HHD-257,PZ-REMOTE,1.46,2026-01-15
QX-DRK-258,PZ-METRO,4.33,2026-01-01
QX-DRK-258,PZ-URBAN,3.95,2025-09-25
QX-DRK-258,PZ-CORE,3.80,2025-09-26
QX-DRK-258,PZ-VALUE,3.57,2025-11-05
QX-DRK-258,PZ-REMOTE,4.14,2025-11-25
QX-DRK-259,PZ-METRO,4.09,2025-09-28
QX-DRK-259,PZ-URBAN,3.73,2025-09-18
QX-DRK-259,PZ-CORE,3.59,2025-12-10
QX-DRK-259,PZ-VALUE,3.37,2026-03-12
QX-DRK-259,PZ-REMOTE,3.91,2026-01-23
QX-BWS-260,PZ-METRO,40.97,2025-10-21
QX-BWS-260,PZ-URBAN,37.38,2026-02-22
QX-BWS-260,PZ-CORE,35.94,2025-10-11
QX-BWS-260,PZ-VALUE,33.78,2026-03-07
QX-BWS-260,PZ-REMOTE,39.17,2026-02-06
QX-BAK-261,PZ-METRO,2.27,2026-03-08
QX-BAK-261,PZ-URBAN,2.07,2025-09-17
QX-BAK-261,PZ-CORE,1.99,2025-12-24
QX-BAK-261,PZ-VALUE,1.87,2025-10-18
QX-BAK-261,PZ-REMOTE,2.17,2026-01-14
QX-PRO-262,PZ-METRO,4.25,2025-11-14
QX-PRO-262,PZ-URBAN,3.88,2026-01-03
QX-PRO-262,PZ-CORE,3.73,2026-01-12
QX-PRO-262,PZ-VALUE,3.51,2025-10-02
QX-PRO-262,PZ-REMOTE,4.07,2026-01-13
QX-PRO-263,PZ-METRO,2.29,2025-11-22
QX-PRO-263,PZ-URBAN,2.09,2025-11-19
QX-PRO-263,PZ-CORE,2.01,2025-10-10
QX-PRO-263,PZ-VALUE,1.89,2026-01-04
QX-PRO-263,PZ-REMOTE,2.19,2025-12-04
QX-PRO-264,PZ-METRO,3.36,2025-10-03
QX-PRO-264,PZ-URBAN,3.07,2026-03-22
QX-PRO-264,PZ-CORE,2.95,2025-11-28
QX-PRO-264,PZ-VALUE,2.77,2025-12-24
QX-PRO-264,PZ-REMOTE,3.22,2026-02-05
QX-DRY-266,PZ-METRO,5.86,2025-11-13
QX-DRY-266,PZ-URBAN,5.35,2025-09-19
QX-DRY-266,PZ-CORE,5.14,2025-11-29
QX-DRY-266,PZ-VALUE,4.83,2026-01-17
QX-DRY-266,PZ-REMOTE,5.60,2026-01-27
QX-TIN-267,PZ-METRO,1.77,2025-12-01
QX-TIN-267,PZ-URBAN,1.61,2025-11-15
QX-TIN-267,PZ-CORE,1.55,2026-02-09
QX-TIN-267,PZ-VALUE,1.46,2026-03-22
QX-TIN-267,PZ-REMOTE,1.69,2025-10-08
QX-HHD-268,PZ-METRO,9.75,2025-11-26
QX-HHD-268,PZ-URBAN,8.89,2026-01-11
QX-HHD-268,PZ-CORE,8.55,2025-11-01
QX-HHD-268,PZ-VALUE,8.04,2026-02-27
QX-HHD-268,PZ-REMOTE,9.32,2026-01-25
QX-CHL-269,PZ-METRO,1.85,2025-09-15
QX-CHL-269,PZ-URBAN,1.68,2026-02-07
QX-CHL-269,PZ-CORE,1.62,2026-01-07
QX-CHL-269,PZ-VALUE,1.52,2026-02-13
QX-CHL-269,PZ-REMOTE,1.77,2025-10-29
QX-CER-270,PZ-METRO,4.38,2025-12-25
QX-CER-270,PZ-URBAN,3.99,2025-12-03
QX-CER-270,PZ-CORE,3.84,2025-11-04
QX-CER-270,PZ-VALUE,3.61,2026-01-15
QX-CER-270,PZ-REMOTE,4.19,2026-02-04
QX-PET-271,PZ-METRO,4.25,2025-11-23
QX-PET-271,PZ-URBAN,3.88,2025-12-15
QX-PET-271,PZ-CORE,3.73,2025-10-28
QX-PET-271,PZ-VALUE,3.51,2025-09-27
QX-PET-271,PZ-REMOTE,4.07,2025-10-25
QX-TIN-272,PZ-METRO,2.09,2026-02-02
QX-TIN-272,PZ-URBAN,1.90,2026-02-23
QX-TIN-272,PZ-CORE,1.83,2025-10-06
QX-TIN-272,PZ-VALUE,1.72,2025-09-30
QX-TIN-272,PZ-REMOTE,1.99,2025-10-18
QX-FRZ-273,PZ-METRO,5.35,2026-03-05
QX-FRZ-273,PZ-URBAN,4.88,2025-11-06
QX-FRZ-273,PZ-CORE,4.69,2025-12-28
QX-FRZ-273,PZ-VALUE,4.41,2026-03-12
QX-FRZ-273,PZ-REMOTE,5.11,2025-09-14
QX-CER-274,PZ-METRO,4.30,2025-12-31
QX-CER-274,PZ-URBAN,3.92,2025-12-03
QX-CER-274,PZ-CORE,3.77,2026-01-21
QX-CER-274,PZ-VALUE,3.54,2025-10-25
QX-CER-274,PZ-REMOTE,4.11,2025-11-13
QX-HBC-275,PZ-METRO,13.11,2025-09-22
QX-HBC-275,PZ-URBAN,11.96,2025-09-17
QX-HBC-275,PZ-CORE,11.50,2025-12-29
QX-HBC-275,PZ-VALUE,10.81,2026-03-17
QX-HBC-275,PZ-REMOTE,12.54,2025-12-05
QX-PET-276,PZ-METRO,2.12,2025-11-07
QX-PET-276,PZ-URBAN,1.93,2026-01-21
QX-PET-276,PZ-CORE,1.86,2026-02-09
QX-PET-276,PZ-VALUE,1.75,2026-01-19
QX-PET-276,PZ-REMOTE,2.03,2025-09-21
QX-BAK-277,PZ-METRO,1.54,2025-10-24
QX-BAK-277,PZ-URBAN,1.40,2026-03-21
QX-BAK-277,PZ-CORE,1.35,2025-10-29
QX-BAK-277,PZ-VALUE,1.27,2026-02-01
QX-BAK-277,PZ-REMOTE,1.47,2025-09-18
QX-CHL-278,PZ-METRO,1.58,2025-10-01
QX-CHL-278,PZ-URBAN,1.45,2026-02-04
QX-CHL-278,PZ-CORE,1.39,2025-10-04
QX-CHL-278,PZ-VALUE,1.31,2026-02-01
QX-CHL-278,PZ-REMOTE,1.52,2026-02-20
QX-BWS-279,PZ-METRO,15.52,2025-11-05
QX-BWS-279,PZ-URBAN,14.15,2026-03-10
QX-BWS-279,PZ-CORE,13.61,2025-10-31
QX-BWS-279,PZ-VALUE,12.79,2025-11-13
QX-BWS-279,PZ-REMOTE,14.83,2025-09-23
QX-DRK-280,PZ-METRO,6.97,2025-12-09
QX-DRK-280,PZ-URBAN,6.35,2025-10-07
QX-DRK-280,PZ-CORE,6.11,2025-11-02
QX-DRK-280,PZ-VALUE,5.74,2025-09-17
QX-DRK-280,PZ-REMOTE,6.66,2026-01-22
QX-DRK-281,PZ-METRO,7.05,2026-03-04
QX-DRK-281,PZ-URBAN,6.43,2025-10-26
QX-DRK-281,PZ-CORE,6.18,2026-03-08
QX-DRK-281,PZ-VALUE,5.81,2025-12-03
QX-DRK-281,PZ-REMOTE,6.74,2025-09-30
QX-BWS-282,PZ-METRO,12.68,2025-12-04
QX-BWS-282,PZ-URBAN,11.56,2025-12-12
QX-BWS-282,PZ-CORE,11.12,2025-12-02
QX-BWS-282,PZ-VALUE,10.45,2025-12-09
QX-BWS-282,PZ-REMOTE,12.12,2026-01-06
QX-DRY-283,PZ-METRO,7.59,2026-03-13
QX-DRY-283,PZ-URBAN,6.93,2025-12-13
QX-DRY-283,PZ-CORE,6.66,2025-11-17
QX-DRY-283,PZ-VALUE,6.26,2025-10-28
QX-DRY-283,PZ-REMOTE,7.26,2026-02-09
QX-TIN-284,PZ-METRO,0.95,2026-03-05
QX-TIN-284,PZ-URBAN,0.85,2026-01-13
QX-TIN-284,PZ-CORE,0.85,2026-02-05
QX-TIN-284,PZ-VALUE,0.80,2026-01-28
QX-TIN-284,PZ-REMOTE,0.90,2025-10-18
QX-PET-285,PZ-METRO,2.69,2025-11-01
QX-PET-285,PZ-URBAN,2.45,2025-10-28
QX-PET-285,PZ-CORE,2.36,2025-10-27
QX-PET-285,PZ-VALUE,2.22,2026-03-14
QX-PET-285,PZ-REMOTE,2.57,2026-02-18
QX-BAK-286,PZ-METRO,6.92,2026-01-02
QX-BAK-286,PZ-URBAN,6.31,2025-10-29
QX-BAK-286,PZ-CORE,6.07,2026-01-06
QX-BAK-286,PZ-VALUE,5.71,2025-09-22
QX-BAK-286,PZ-REMOTE,6.62,2025-11-10
QX-TIN-288,PZ-METRO,1.21,2025-10-09
QX-TIN-288,PZ-URBAN,1.10,2026-01-25
QX-TIN-288,PZ-CORE,1.06,2025-12-20
QX-TIN-288,PZ-VALUE,1.00,2026-02-16
QX-TIN-288,PZ-REMOTE,1.16,2025-12-14
QX-BWS-289,PZ-METRO,28.52,2026-03-13
QX-BWS-289,PZ-URBAN,26.02,2026-03-18
QX-BWS-289,PZ-CORE,25.02,2025-10-03
QX-BWS-289,PZ-VALUE,23.52,2026-01-22
QX-BWS-289,PZ-REMOTE,27.27,2026-02-26
QX-TIN-290,PZ-METRO,2.19,2026-03-08
QX-TIN-290,PZ-URBAN,2.00,2025-11-09
QX-TIN-290,PZ-CORE,1.92,2025-12-13
QX-TIN-290,PZ-VALUE,1.80,2025-11-07
QX-TIN-290,PZ-REMOTE,2.09,2025-11-08
QX-HBC-291,PZ-METRO,1.40,2026-01-18
QX-HBC-291,PZ-URBAN,1.28,2025-10-07
QX-HBC-291,PZ-CORE,1.23,2025-11-01
QX-HBC-291,PZ-VALUE,1.16,2026-02-10
QX-HBC-291,PZ-REMOTE,1.34,2026-03-14
QX-DRK-292,PZ-METRO,5.64,2025-09-18
QX-DRK-292,PZ-URBAN,5.15,2025-10-19
QX-DRK-292,PZ-CORE,4.95,2026-02-08
QX-DRK-292,PZ-VALUE,4.65,2026-01-28
QX-DRK-292,PZ-REMOTE,5.40,2025-12-08
QX-HHD-293,PZ-METRO,2.30,2026-01-25
QX-HHD-293,PZ-URBAN,2.10,2025-11-12
QX-HHD-293,PZ-CORE,2.02,2025-10-30
QX-HHD-293,PZ-VALUE,1.90,2026-03-18
QX-HHD-293,PZ-REMOTE,2.20,2026-02-24
QX-BAK-294,PZ-METRO,7.32,2026-03-15
QX-BAK-294,PZ-URBAN,6.68,2025-10-02
QX-BAK-294,PZ-CORE,6.42,2026-03-17
QX-BAK-294,PZ-VALUE,6.03,2026-02-12
QX-BAK-294,PZ-REMOTE,7.00,2025-12-15
QX-CHL-295,PZ-METRO,8.53,2025-11-29
QX-CHL-295,PZ-URBAN,7.78,2025-10-17
QX-CHL-295,PZ-CORE,7.48,2026-03-10
QX-CHL-295,PZ-VALUE,7.03,2025-11-08
QX-CHL-295,PZ-REMOTE,8.15,2025-09-17
QX-BWS-296,PZ-METRO,7.77,2026-02-02
QX-BWS-296,PZ-URBAN,7.09,2026-02-02
QX-BWS-296,PZ-CORE,6.82,2026-02-13
QX-BWS-296,PZ-VALUE,6.41,2025-12-16
QX-BWS-296,PZ-REMOTE,7.43,2025-10-06
QX-TIN-297,PZ-METRO,2.12,2025-11-27
QX-TIN-297,PZ-URBAN,1.93,2025-10-28
QX-TIN-297,PZ-CORE,1.86,2026-01-31
QX-TIN-297,PZ-VALUE,1.75,2026-01-18
QX-TIN-297,PZ-REMOTE,2.03,2025-11-02
QX-HBC-298,PZ-METRO,14.87,2025-12-03
QX-HBC-298,PZ-URBAN,13.56,2026-01-06
QX-HBC-298,PZ-CORE,13.04,2025-11-20
QX-HBC-298,PZ-VALUE,12.26,2025-11-08
QX-HBC-298,PZ-REMOTE,14.21,2026-01-19
QX-BAK-299,PZ-METRO,9.88,2026-02-28
QX-BAK-299,PZ-URBAN,9.02,2025-10-25
QX-BAK-299,PZ-CORE,8.67,2025-12-11
QX-BAK-299,PZ-VALUE,8.15,2026-03-03
QX-BAK-299,PZ-REMOTE,9.45,2025-09-23
QX-DRK-300,PZ-METRO,3.81,2025-12-26
QX-DRK-300,PZ-URBAN,3.47,2026-01-08
QX-DRK-300,PZ-CORE,3.34,2026-01-11
QX-DRK-300,PZ-VALUE,3.14,2026-02-26
QX-DRK-300,PZ-REMOTE,3.64,2025-11-26
QX-PRO-301,PZ-METRO,2.88,2025-11-05
QX-PRO-301,PZ-URBAN,2.63,2026-01-10
QX-PRO-301,PZ-CORE,2.53,2026-02-13
QX-PRO-301,PZ-VALUE,2.38,2025-11-11
QX-PRO-301,PZ-REMOTE,2.76,2025-09-17
QX-CER-302,PZ-METRO,2.57,2025-11-15
QX-CER-302,PZ-URBAN,2.34,2025-10-06
QX-CER-302,PZ-CORE,2.25,2025-11-25
QX-CER-302,PZ-VALUE,2.11,2026-02-20
QX-CER-302,PZ-REMOTE,2.45,2025-10-02
QX-CER-303,PZ-METRO,5.16,2025-10-05
QX-CER-303,PZ-URBAN,4.71,2026-01-21
QX-CER-303,PZ-CORE,4.53,2026-01-06
QX-CER-303,PZ-VALUE,4.26,2026-02-24
QX-CER-303,PZ-REMOTE,4.94,2026-01-17
QX-HBC-304,PZ-METRO,9.38,2025-12-13
QX-HBC-304,PZ-URBAN,8.56,2026-03-02
QX-HBC-304,PZ-CORE,8.23,2025-09-22
QX-HBC-304,PZ-VALUE,7.74,2026-03-05
QX-HBC-304,PZ-REMOTE,8.97,2025-12-11
QX-BWS-305,PZ-METRO,38.35,2026-02-25
QX-BWS-305,PZ-URBAN,34.99,2026-01-16
QX-BWS-305,PZ-CORE,33.64,2026-03-11
QX-BWS-305,PZ-VALUE,31.62,2025-11-22
QX-BWS-305,PZ-REMOTE,36.67,2025-12-23
QX-BWS-306,PZ-METRO,21.91,2026-03-04
QX-BWS-306,PZ-URBAN,19.99,2025-11-03
QX-BWS-306,PZ-CORE,19.22,2025-10-13
QX-BWS-306,PZ-VALUE,18.07,2025-09-28
QX-BWS-306,PZ-REMOTE,20.95,2026-02-10
QX-CER-307,PZ-METRO,3.33,2025-11-20
QX-CER-307,PZ-URBAN,3.04,2025-11-23
QX-CER-307,PZ-CORE,2.92,2026-01-05
QX-CER-307,PZ-VALUE,2.74,2025-10-18
QX-CER-307,PZ-REMOTE,3.18,2025-12-26
QX-TIN-309,PZ-METRO,0.75,2026-01-30
QX-TIN-309,PZ-URBAN,0.70,2026-01-19
QX-TIN-309,PZ-CORE,0.65,2025-10-01
QX-TIN-309,PZ-VALUE,0.60,2026-03-08
QX-TIN-309,PZ-REMOTE,0.70,2025-09-23
QX-TIN-310,PZ-METRO,2.77,2026-01-27
QX-TIN-310,PZ-URBAN,2.53,2026-02-10
QX-TIN-310,PZ-CORE,2.43,2025-12-24
QX-TIN-310,PZ-VALUE,2.28,2026-01-02
QX-TIN-310,PZ-REMOTE,2.65,2026-02-02
QX-TIN-311,PZ-METRO,2.93,2026-02-17
QX-TIN-311,PZ-URBAN,2.67,2026-01-05
QX-TIN-311,PZ-CORE,2.57,2025-10-19
QX-TIN-311,PZ-VALUE,2.42,2026-03-11
QX-TIN-311,PZ-REMOTE,2.80,2025-11-01
QX-CHL-313,PZ-METRO,1.85,2025-10-15
QX-CHL-313,PZ-URBAN,1.68,2025-11-04
QX-CHL-313,PZ-CORE,1.62,2026-01-09
QX-CHL-313,PZ-VALUE,1.52,2025-09-15
QX-CHL-313,PZ-REMOTE,1.77,2026-01-23
QX-BWS-314,PZ-METRO,6.27,2026-02-04
QX-BWS-314,PZ-URBAN,5.72,2025-11-12
QX-BWS-314,PZ-CORE,5.50,2025-12-23
QX-BWS-314,PZ-VALUE,5.17,2026-01-02
QX-BWS-314,PZ-REMOTE,6.00,2026-03-06
QX-PET-315,PZ-METRO,7.17,2026-03-01
QX-PET-315,PZ-URBAN,6.54,2025-11-22
QX-PET-315,PZ-CORE,6.29,2025-12-19
QX-PET-315,PZ-VALUE,5.91,2026-02-15
QX-PET-315,PZ-REMOTE,6.86,2026-01-10
QX-HHD-316,PZ-METRO,7.82,2025-12-24
QX-HHD-316,PZ-URBAN,7.13,2026-02-22
QX-HHD-316,PZ-CORE,6.86,2025-09-28
QX-HHD-316,PZ-VALUE,6.45,2025-12-12
QX-HHD-316,PZ-REMOTE,7.48,2025-10-04
QX-DRY-317,PZ-METRO,1.87,2026-02-22
QX-DRY-317,PZ-URBAN,1.71,2025-11-14
QX-DRY-317,PZ-CORE,1.64,2026-01-15
QX-DRY-317,PZ-VALUE,1.54,2026-02-13
QX-DRY-317,PZ-REMOTE,1.79,2026-02-06
QX-DRY-318,PZ-METRO,3.16,2026-03-22
QX-DRY-318,PZ-URBAN,2.88,2026-03-21
QX-DRY-318,PZ-CORE,2.77,2025-10-11
QX-DRY-318,PZ-VALUE,2.60,2025-09-21
QX-DRY-318,PZ-REMOTE,3.02,2026-03-09
QX-HHD-319,PZ-METRO,6.66,2025-09-17
QX-HHD-319,PZ-URBAN,6.07,2026-01-14
QX-HHD-319,PZ-CORE,5.84,2025-12-06
QX-HHD-319,PZ-VALUE,5.49,2025-09-26
QX-HHD-319,PZ-REMOTE,6.37,2025-12-04
QX-DRK-320,PZ-METRO,6.05,2025-12-10
QX-DRK-320,PZ-URBAN,5.52,2025-11-05
QX-DRK-320,PZ-CORE,5.31,2026-01-28
QX-DRK-320,PZ-VALUE,4.99,2025-10-06
QX-DRK-320,PZ-REMOTE,5.79,2025-09-30
QX-HBC-321,PZ-METRO,13.89,2025-11-18
QX-HBC-321,PZ-URBAN,12.67,2025-09-17
QX-HBC-321,PZ-CORE,12.18,2026-03-03
QX-HBC-321,PZ-VALUE,11.45,2025-12-17
QX-HBC-321,PZ-REMOTE,13.28,2026-01-10
QX-DRY-322,PZ-METRO,3.88,2026-01-15
QX-DRY-322,PZ-URBAN,3.54,2026-01-08
QX-DRY-322,PZ-CORE,3.40,2026-02-01
QX-DRY-322,PZ-VALUE,3.20,2025-11-10
QX-DRY-322,PZ-REMOTE,3.71,2025-10-24
QX-DRK-323,PZ-METRO,7.02,2026-01-20
QX-DRK-323,PZ-URBAN,6.41,2025-10-01
QX-DRK-323,PZ-CORE,6.16,2025-12-23
QX-DRK-323,PZ-VALUE,5.79,2026-02-27
QX-DRK-323,PZ-REMOTE,6.71,2025-12-30
QX-DRY-324,PZ-METRO,2.82,2025-10-17
QX-DRY-324,PZ-URBAN,2.57,2026-02-03
QX-DRY-324,PZ-CORE,2.47,2025-10-18
QX-DRY-324,PZ-VALUE,2.32,2026-03-12
QX-DRY-324,PZ-REMOTE,2.69,2025-10-13
QX-DRY-325,PZ-METRO,8.14,2026-02-10
QX-DRY-325,PZ-URBAN,7.43,2025-10-02
QX-DRY-325,PZ-CORE,7.14,2025-11-01
QX-DRY-325,PZ-VALUE,6.71,2025-09-19
QX-DRY-325,PZ-REMOTE,7.78,2025-11-15
QX-TIN-328,PZ-METRO,2.47,2025-11-03
QX-TIN-328,PZ-URBAN,2.26,2026-01-16
QX-TIN-328,PZ-CORE,2.17,2025-12-15
QX-TIN-328,PZ-VALUE,2.04,2025-10-06
QX-TIN-328,PZ-REMOTE,2.37,2026-02-23
QX-BWS-329,PZ-METRO,4.05,2025-10-27
QX-BWS-329,PZ-URBAN,3.69,2026-01-13
QX-BWS-329,PZ-CORE,3.55,2026-01-25
QX-BWS-329,PZ-VALUE,3.34,2026-03-04
QX-BWS-329,PZ-REMOTE,3.87,2025-09-28
QX-CHL-330,PZ-METRO,8.99,2025-11-08
QX-CHL-330,PZ-URBAN,8.21,2026-01-01
QX-CHL-330,PZ-CORE,7.89,2025-10-14
QX-CHL-330,PZ-VALUE,7.42,2025-09-16
QX-CHL-330,PZ-REMOTE,8.60,2025-09-26
QX-HBC-332,PZ-METRO,7.47,2025-12-23
QX-HBC-332,PZ-URBAN,6.81,2025-09-25
QX-HBC-332,PZ-CORE,6.55,2026-03-12
QX-HBC-332,PZ-VALUE,6.16,2025-10-06
QX-HBC-332,PZ-REMOTE,7.14,2026-01-21
QX-DRY-333,PZ-METRO,4.63,2026-02-11
QX-DRY-333,PZ-URBAN,4.22,2025-12-16
QX-DRY-333,PZ-CORE,4.06,2025-12-26
QX-DRY-333,PZ-VALUE,3.82,2026-03-13
QX-DRY-333,PZ-REMOTE,4.43,2025-09-25
QX-FRZ-334,PZ-METRO,9.04,2025-12-16
QX-FRZ-334,PZ-URBAN,8.25,2026-03-02
QX-FRZ-334,PZ-CORE,7.93,2025-11-17
QX-FRZ-334,PZ-VALUE,7.45,2025-12-29
QX-FRZ-334,PZ-REMOTE,8.64,2026-01-17
QX-DRK-336,PZ-METRO,3.48,2026-02-27
QX-DRK-336,PZ-URBAN,3.17,2026-01-12
QX-DRK-336,PZ-CORE,3.05,2026-02-12
QX-DRK-336,PZ-VALUE,2.87,2026-03-01
QX-DRK-336,PZ-REMOTE,3.32,2025-11-08
QX-PET-337,PZ-METRO,5.67,2026-01-06
QX-PET-337,PZ-URBAN,5.17,2026-02-22
QX-PET-337,PZ-CORE,4.97,2025-10-11
QX-PET-337,PZ-VALUE,4.67,2025-11-24
QX-PET-337,PZ-REMOTE,5.42,2025-10-05
QX-HHD-338,PZ-METRO,11.90,2026-03-04
QX-HHD-338,PZ-URBAN,10.86,2025-12-21
QX-HHD-338,PZ-CORE,10.44,2025-12-06
QX-HHD-338,PZ-VALUE,9.81,2026-01-26
QX-HHD-338,PZ-REMOTE,11.38,2026-02-18
QX-TIN-339,PZ-METRO,3.01,2025-11-14
QX-TIN-339,PZ-URBAN,2.75,2025-11-08
QX-TIN-339,PZ-CORE,2.64,2025-10-28
QX-TIN-339,PZ-VALUE,2.48,2025-11-20
QX-TIN-339,PZ-REMOTE,2.88,2026-01-09
QX-DRY-340,PZ-METRO,7.17,2025-11-30
QX-DRY-340,PZ-URBAN,6.54,2025-11-07
QX-DRY-340,PZ-CORE,6.29,2026-01-18
QX-DRY-340,PZ-VALUE,5.91,2026-01-05
QX-DRY-340,PZ-REMOTE,6.86,2025-11-29
QX-DRK-341,PZ-METRO,1.61,2026-01-11
QX-DRK-341,PZ-URBAN,1.47,2025-12-08
QX-DRK-341,PZ-CORE,1.41,2025-10-15
QX-DRK-341,PZ-VALUE,1.33,2026-03-08
QX-DRK-341,PZ-REMOTE,1.54,2026-03-18
QX-CER-343,PZ-METRO,3.33,2026-03-08
QX-CER-343,PZ-URBAN,3.04,2026-01-03
QX-CER-343,PZ-CORE,2.92,2026-01-12
QX-CER-343,PZ-VALUE,2.74,2026-03-11
QX-CER-343,PZ-REMOTE,3.18,2025-11-08
QX-TIN-344,PZ-METRO,1.53,2026-03-06
QX-TIN-344,PZ-URBAN,1.39,2025-10-17
QX-TIN-344,PZ-CORE,1.34,2026-02-14
QX-TIN-344,PZ-VALUE,1.26,2025-10-12
QX-TIN-344,PZ-REMOTE,1.46,2026-02-04
QX-FRZ-345,PZ-METRO,3.86,2025-12-09
QX-FRZ-345,PZ-URBAN,3.53,2026-03-09
QX-FRZ-345,PZ-CORE,3.39,2026-02-25
QX-FRZ-345,PZ-VALUE,3.19,2026-03-10
QX-FRZ-345,PZ-REMOTE,3.70,2025-09-30
QX-FRZ-346,PZ-METRO,1.74,2025-12-25
QX-FRZ-346,PZ-URBAN,1.59,2025-12-27
QX-FRZ-346,PZ-CORE,1.53,2025-09-25
QX-FRZ-346,PZ-VALUE,1.44,2025-10-23
QX-FRZ-346,PZ-REMOTE,1.67,2025-09-29
QX-HHD-347,PZ-METRO,7.06,2026-01-21
QX-HHD-347,PZ-URBAN,6.44,2025-11-08
QX-HHD-347,PZ-CORE,6.19,2025-11-06
QX-HHD-347,PZ-VALUE,5.82,2025-10-09
QX-HHD-347,PZ-REMOTE,6.75,2026-03-13
QX-DRK-348,PZ-METRO,4.65,2026-02-15
QX-DRK-348,PZ-URBAN,4.24,2025-10-02
QX-DRK-348,PZ-CORE,4.08,2026-02-16
QX-DRK-348,PZ-VALUE,3.84,2026-01-02
QX-DRK-348,PZ-REMOTE,4.45,2025-10-21
QX-CER-349,PZ-METRO,4.66,2026-03-19
QX-CER-349,PZ-URBAN,4.25,2026-03-01
QX-CER-349,PZ-CORE,4.09,2026-01-20
QX-CER-349,PZ-VALUE,3.84,2025-11-04
QX-CER-349,PZ-REMOTE,4.46,2025-09-28
QX-FRZ-351,PZ-METRO,5.94,2025-10-05
QX-FRZ-351,PZ-URBAN,5.42,2025-11-09
QX-FRZ-351,PZ-CORE,5.21,2026-01-09
QX-FRZ-351,PZ-VALUE,4.90,2025-12-07
QX-FRZ-351,PZ-REMOTE,5.68,2025-11-24
QX-BWS-352,PZ-METRO,42.50,2025-09-17
QX-BWS-352,PZ-URBAN,38.77,2025-11-23
QX-BWS-352,PZ-CORE,37.28,2025-12-11
QX-BWS-352,PZ-VALUE,35.04,2026-03-09
QX-BWS-352,PZ-REMOTE,40.64,2025-10-19
QX-CER-353,PZ-METRO,1.73,2025-10-06
QX-CER-353,PZ-URBAN,1.58,2026-03-22
QX-CER-353,PZ-CORE,1.52,2026-02-09
QX-CER-353,PZ-VALUE,1.43,2026-03-12
QX-CER-353,PZ-REMOTE,1.66,2025-11-06
QX-HHD-354,PZ-METRO,4.48,2025-11-23
QX-HHD-354,PZ-URBAN,4.09,2026-03-20
QX-HHD-354,PZ-CORE,3.93,2026-01-19
QX-HHD-354,PZ-VALUE,3.69,2026-01-01
QX-HHD-354,PZ-REMOTE,4.28,2025-12-28
QX-TIN-355,PZ-METRO,2.14,2025-10-05
QX-TIN-355,PZ-URBAN,1.96,2025-09-20
QX-TIN-355,PZ-CORE,1.88,2025-11-01
QX-TIN-355,PZ-VALUE,1.77,2026-02-05
QX-TIN-355,PZ-REMOTE,2.05,2026-01-21
QX-HBC-356,PZ-METRO,16.09,2025-10-01
QX-HBC-356,PZ-URBAN,14.67,2026-01-31
QX-HBC-356,PZ-CORE,14.11,2025-10-04
QX-HBC-356,PZ-VALUE,13.26,2025-11-05
QX-HBC-356,PZ-REMOTE,15.38,2025-09-24
QX-TIN-357,PZ-METRO,3.07,2026-02-18
QX-TIN-357,PZ-URBAN,2.80,2026-02-24
QX-TIN-357,PZ-CORE,2.69,2026-02-16
QX-TIN-357,PZ-VALUE,2.53,2026-02-08
QX-TIN-357,PZ-REMOTE,2.93,2026-03-10
QX-PET-358,PZ-METRO,1.27,2025-12-17
QX-PET-358,PZ-URBAN,1.15,2026-01-12
QX-PET-358,PZ-CORE,1.11,2025-11-07
QX-PET-358,PZ-VALUE,1.04,2025-09-23
QX-PET-358,PZ-REMOTE,1.21,2026-01-30
QX-CER-359,PZ-METRO,4.98,2025-12-29
QX-CER-359,PZ-URBAN,4.54,2026-03-19
QX-CER-359,PZ-CORE,4.37,2025-09-21
QX-CER-359,PZ-VALUE,4.11,2026-03-11
QX-CER-359,PZ-REMOTE,4.76,2026-01-27
QX-DRY-360,PZ-METRO,4.09,2025-11-08
QX-DRY-360,PZ-URBAN,3.73,2025-12-26
QX-DRY-360,PZ-CORE,3.59,2025-10-03
QX-DRY-360,PZ-VALUE,3.37,2026-02-05
QX-DRY-360,PZ-REMOTE,3.91,2025-09-26
QX-HHD-361,PZ-METRO,10.15,2025-12-14
QX-HHD-361,PZ-URBAN,9.26,2026-02-01
QX-HHD-361,PZ-CORE,8.90,2025-10-01
QX-HHD-361,PZ-VALUE,8.37,2025-11-24
QX-HHD-361,PZ-REMOTE,9.70,2025-10-17
QX-DRK-362,PZ-METRO,4.89,2026-02-05
QX-DRK-362,PZ-URBAN,4.46,2025-11-06
QX-DRK-362,PZ-CORE,4.29,2025-10-21
QX-DRK-362,PZ-VALUE,4.03,2026-01-31
QX-DRK-362,PZ-REMOTE,4.68,2026-03-04
QX-DRK-363,PZ-METRO,3.94,2025-10-02
QX-DRK-363,PZ-URBAN,3.60,2025-11-10
QX-DRK-363,PZ-CORE,3.46,2025-09-30
QX-DRK-363,PZ-VALUE,3.25,2025-12-16
QX-DRK-363,PZ-REMOTE,3.77,2026-02-02
QX-DRY-365,PZ-METRO,1.38,2026-02-08
QX-DRY-365,PZ-URBAN,1.26,2025-10-10
QX-DRY-365,PZ-CORE,1.21,2026-01-30
QX-DRY-365,PZ-VALUE,1.14,2025-12-12
QX-DRY-365,PZ-REMOTE,1.32,2026-02-22
QX-PRO-366,PZ-METRO,4.75,2026-01-23
QX-PRO-366,PZ-URBAN,4.34,2026-02-24
QX-PRO-366,PZ-CORE,4.17,2026-01-23
QX-PRO-366,PZ-VALUE,3.92,2025-09-20
QX-PRO-366,PZ-REMOTE,4.55,2026-02-19
QX-FRZ-367,PZ-METRO,4.78,2025-12-24
QX-FRZ-367,PZ-URBAN,4.36,2026-01-08
QX-FRZ-367,PZ-CORE,4.19,2025-12-28
QX-FRZ-367,PZ-VALUE,3.94,2026-01-16
QX-FRZ-367,PZ-REMOTE,4.57,2026-02-01
QX-PET-368,PZ-METRO,6.09,2026-03-03
QX-PET-368,PZ-URBAN,5.55,2025-12-11
QX-PET-368,PZ-CORE,5.34,2026-03-04
QX-PET-368,PZ-VALUE,5.02,2025-11-02
QX-PET-368,PZ-REMOTE,5.82,2025-11-17
QX-CER-369,PZ-METRO,3.91,2025-11-04
QX-CER-369,PZ-URBAN,3.57,2025-11-07
QX-CER-369,PZ-CORE,3.43,2026-02-05
QX-CER-369,PZ-VALUE,3.22,2025-10-28
QX-CER-369,PZ-REMOTE,3.74,2025-12-29
QX-BWS-371,PZ-METRO,21.27,2026-03-05
QX-BWS-371,PZ-URBAN,19.41,2026-02-07
QX-BWS-371,PZ-CORE,18.66,2026-03-04
QX-BWS-371,PZ-VALUE,17.54,2026-01-17
QX-BWS-371,PZ-REMOTE,20.34,2025-10-07
QX-PET-372,PZ-METRO,7.25,2025-11-12
QX-PET-372,PZ-URBAN,6.61,2026-01-16
QX-PET-372,PZ-CORE,6.36,2026-01-18
QX-PET-372,PZ-VALUE,5.98,2025-09-29
QX-PET-372,PZ-REMOTE,6.93,2026-03-05
QX-PET-373,PZ-METRO,10.39,2025-12-05
QX-PET-373,PZ-URBAN,9.47,2025-12-23
QX-PET-373,PZ-CORE,9.11,2025-11-26
QX-PET-373,PZ-VALUE,8.56,2025-10-14
QX-PET-373,PZ-REMOTE,9.93,2025-10-09
QX-HHD-374,PZ-METRO,9.46,2025-10-23
QX-HHD-374,PZ-URBAN,8.63,2025-11-03
QX-HHD-374,PZ-CORE,8.30,2025-09-27
QX-HHD-374,PZ-VALUE,7.80,2026-03-20
QX-HHD-374,PZ-REMOTE,9.05,2025-11-06
QX-CHL-375,PZ-METRO,6.25,2026-01-13
QX-CHL-375,PZ-URBAN,5.70,2026-01-30
QX-CHL-375,PZ-CORE,5.48,2026-01-15
QX-CHL-375,PZ-VALUE,5.15,2026-01-30
QX-CHL-375,PZ-REMOTE,5.97,2026-03-01
QX-BAK-376,PZ-METRO,3.55,2025-10-15
QX-BAK-376,PZ-URBAN,3.23,2026-02-17
QX-BAK-376,PZ-CORE,3.11,2026-02-02
QX-BAK-376,PZ-VALUE,2.92,2026-02-10
QX-BAK-376,PZ-REMOTE,3.39,2025-12-29
QX-BWS-377,PZ-METRO,7.51,2025-11-18
QX-BWS-377,PZ-URBAN,6.85,2026-01-08
QX-BWS-377,PZ-CORE,6.59,2026-01-08
QX-BWS-377,PZ-VALUE,6.19,2025-11-06
QX-BWS-377,PZ-REMOTE,7.18,2025-10-05
QX-CER-378,PZ-METRO,1.96,2026-03-16
QX-CER-378,PZ-URBAN,1.79,2026-03-19
QX-CER-378,PZ-CORE,1.72,2025-09-23
QX-CER-378,PZ-VALUE,1.62,2026-01-15
QX-CER-378,PZ-REMOTE,1.87,2026-03-02
QX-DRY-380,PZ-METRO,1.68,2025-10-25
QX-DRY-380,PZ-URBAN,1.53,2026-01-06
QX-DRY-380,PZ-CORE,1.47,2025-11-29
QX-DRY-380,PZ-VALUE,1.38,2026-03-17
QX-DRY-380,PZ-REMOTE,1.60,2026-01-26
QX-HHD-381,PZ-METRO,2.93,2025-12-12
QX-HHD-381,PZ-URBAN,2.67,2026-01-23
QX-HHD-381,PZ-CORE,2.57,2026-02-24
QX-HHD-381,PZ-VALUE,2.42,2025-10-01
QX-HHD-381,PZ-REMOTE,2.80,2026-03-01
QX-CER-382,PZ-METRO,2.31,2025-11-20
QX-CER-382,PZ-URBAN,2.11,2025-10-13
QX-CER-382,PZ-CORE,2.03,2026-03-01
QX-CER-382,PZ-VALUE,1.91,2026-01-28
QX-CER-382,PZ-REMOTE,2.21,2026-02-14
QX-PRO-383,PZ-METRO,1.98,2025-10-08
QX-PRO-383,PZ-URBAN,1.81,2026-02-11
QX-PRO-383,PZ-CORE,1.74,2025-10-06
QX-PRO-383,PZ-VALUE,1.64,2025-12-21
QX-PRO-383,PZ-REMOTE,1.90,2025-11-03
QX-FRZ-384,PZ-METRO,9.03,2026-03-01
QX-FRZ-384,PZ-URBAN,8.24,2026-01-06
QX-FRZ-384,PZ-CORE,7.92,2025-10-06
QX-FRZ-384,PZ-VALUE,7.44,2026-01-22
QX-FRZ-384,PZ-REMOTE,8.63,2025-12-26
QX-BWS-386,PZ-METRO,32.57,2025-12-10
QX-BWS-386,PZ-URBAN,29.71,2026-01-12
QX-BWS-386,PZ-CORE,28.57,2025-12-26
QX-BWS-386,PZ-VALUE,26.86,2026-02-20
QX-BWS-386,PZ-REMOTE,31.14,2025-11-16
QX-DRK-387,PZ-METRO,2.90,2026-02-17
QX-DRK-387,PZ-URBAN,2.64,2025-10-20
QX-DRK-387,PZ-CORE,2.54,2025-11-15
QX-DRK-387,PZ-VALUE,2.39,2025-11-16
QX-DRK-387,PZ-REMOTE,2.77,2025-12-13
QX-CHL-388,PZ-METRO,9.30,2026-01-10
QX-CHL-388,PZ-URBAN,8.49,2025-10-10
QX-CHL-388,PZ-CORE,8.16,2026-01-29
QX-CHL-388,PZ-VALUE,7.67,2025-09-16
QX-CHL-388,PZ-REMOTE,8.89,2025-10-24
QX-CHL-389,PZ-METRO,17.13,2025-12-27
QX-CHL-389,PZ-URBAN,15.63,2026-01-18
QX-CHL-389,PZ-CORE,15.03,2025-12-13
QX-CHL-389,PZ-VALUE,14.13,2026-03-11
QX-CHL-389,PZ-REMOTE,16.38,2025-11-14
QX-DRK-390,PZ-METRO,1.16,2025-12-07
QX-DRK-390,PZ-URBAN,1.06,2025-12-08
QX-DRK-390,PZ-CORE,1.02,2026-03-12
QX-DRK-390,PZ-VALUE,0.95,2025-11-18
QX-DRK-390,PZ-REMOTE,1.11,2025-10-30
QX-DRK-391,PZ-METRO,0.75,2026-01-31
QX-DRK-391,PZ-URBAN,0.70,2025-10-16
QX-DRK-391,PZ-CORE,0.65,2025-09-29
QX-DRK-391,PZ-VALUE,0.60,2026-02-04
QX-DRK-391,PZ-REMOTE,0.70,2026-02-04
QX-DRK-392,PZ-METRO,0.80,2026-01-27
QX-DRK-392,PZ-URBAN,0.75,2026-02-14
QX-DRK-392,PZ-CORE,0.70,2025-11-16
QX-DRK-392,PZ-VALUE,0.65,2026-03-21
QX-DRK-392,PZ-REMOTE,0.75,2026-03-11
QX-CHL-393,PZ-METRO,5.41,2026-03-02
QX-CHL-393,PZ-URBAN,4.94,2026-01-18
QX-CHL-393,PZ-CORE,4.75,2025-12-10
QX-CHL-393,PZ-VALUE,4.47,2025-12-17
QX-CHL-393,PZ-REMOTE,5.18,2025-12-17
QX-HBC-394,PZ-METRO,7.07,2025-09-17
QX-HBC-394,PZ-URBAN,6.45,2026-01-18
QX-HBC-394,PZ-CORE,6.20,2026-02-14
QX-HBC-394,PZ-VALUE,5.83,2025-11-23
QX-HBC-394,PZ-REMOTE,6.76,2026-02-21
QX-HHD-395,PZ-METRO,13.55,2025-09-26
QX-HHD-395,PZ-URBAN,12.37,2026-02-23
QX-HHD-395,PZ-CORE,11.89,2025-12-24
QX-HHD-395,PZ-VALUE,11.18,2025-10-28
QX-HHD-395,PZ-REMOTE,12.96,2026-03-05
QX-PET-396,PZ-METRO,10.39,2025-11-28
QX-PET-396,PZ-URBAN,9.47,2025-11-11
QX-PET-396,PZ-CORE,9.11,2026-01-21
QX-PET-396,PZ-VALUE,8.56,2025-10-24
QX-PET-396,PZ-REMOTE,9.93,2026-02-24
QX-PRO-397,PZ-METRO,3.08,2025-12-06
QX-PRO-397,PZ-URBAN,2.81,2026-01-04
QX-PRO-397,PZ-CORE,2.70,2025-12-17
QX-PRO-397,PZ-VALUE,2.54,2025-12-22
QX-PRO-397,PZ-REMOTE,2.94,2026-02-03
QX-CER-398,PZ-METRO,2.29,2026-03-15
QX-CER-398,PZ-URBAN,2.09,2026-01-13
QX-CER-398,PZ-CORE,2.01,2025-12-23
QX-CER-398,PZ-VALUE,1.89,2026-01-22
QX-CER-398,PZ-REMOTE,2.19,2026-02-17
QX-BWS-399,PZ-METRO,28.82,2026-02-10
QX-BWS-399,PZ-URBAN,26.29,2026-02-22
QX-BWS-399,PZ-CORE,25.28,2025-10-31
QX-BWS-399,PZ-VALUE,23.76,2025-10-08
QX-BWS-399,PZ-REMOTE,27.56,2026-02-07
QX-HBC-400,PZ-METRO,9.04,2026-02-05
QX-HBC-400,PZ-URBAN,8.25,2025-12-28
QX-HBC-400,PZ-CORE,7.93,2026-01-21
QX-HBC-400,PZ-VALUE,7.45,2026-03-12
QX-HBC-400,PZ-REMOTE,8.64,2025-10-31
QX-BWS-402,PZ-METRO,36.34,2025-12-27
QX-BWS-402,PZ-URBAN,33.16,2025-11-15
QX-BWS-402,PZ-CORE,31.88,2025-10-27
QX-BWS-402,PZ-VALUE,29.97,2025-12-20
QX-BWS-402,PZ-REMOTE,34.75,2026-01-12
QX-HHD-403,PZ-METRO,13.20,2026-03-03
QX-HHD-403,PZ-URBAN,12.04,2026-01-23
QX-HHD-403,PZ-CORE,11.58,2025-10-09
QX-HHD-403,PZ-VALUE,10.89,2025-10-19
QX-HHD-403,PZ-REMOTE,12.62,2025-12-20
QX-DRY-404,PZ-METRO,2.67,2026-01-21
QX-DRY-404,PZ-URBAN,2.43,2026-01-29
QX-DRY-404,PZ-CORE,2.34,2026-01-28
QX-DRY-404,PZ-VALUE,2.20,2025-11-07
QX-DRY-404,PZ-REMOTE,2.55,2026-01-10
QX-PET-405,PZ-METRO,12.49,2025-12-21
QX-PET-405,PZ-URBAN,11.40,2025-09-26
QX-PET-405,PZ-CORE,10.96,2025-11-26
QX-PET-405,PZ-VALUE,10.30,2026-02-10
QX-PET-405,PZ-REMOTE,11.95,2025-11-12
QX-HBC-406,PZ-METRO,15.77,2026-02-13
QX-HBC-406,PZ-URBAN,14.38,2025-11-12
QX-HBC-406,PZ-CORE,13.83,2025-12-30
QX-HBC-406,PZ-VALUE,13.00,2025-09-14
QX-HBC-406,PZ-REMOTE,15.07,2025-10-07
QX-DRY-407,PZ-METRO,7.73,2026-01-15
QX-DRY-407,PZ-URBAN,7.05,2025-10-14
QX-DRY-407,PZ-CORE,6.78,2025-10-07
QX-DRY-407,PZ-VALUE,6.37,2025-09-24
QX-DRY-407,PZ-REMOTE,7.39,2025-10-02
QX-DRY-408,PZ-METRO,1.64,2025-12-06
QX-DRY-408,PZ-URBAN,1.50,2025-12-24
QX-DRY-408,PZ-CORE,1.44,2026-01-18
QX-DRY-408,PZ-VALUE,1.35,2025-11-10
QX-DRY-408,PZ-REMOTE,1.57,2025-12-08
QX-PRO-409,PZ-METRO,3.09,2026-03-06
QX-PRO-409,PZ-URBAN,2.82,2025-09-17
QX-PRO-409,PZ-CORE,2.71,2026-03-18
QX-PRO-409,PZ-VALUE,2.55,2026-02-26
QX-PRO-409,PZ-REMOTE,2.95,2025-11-07
QX-CHL-410,PZ-METRO,10.36,2025-10-01
QX-CHL-410,PZ-URBAN,9.45,2025-11-14
QX-CHL-410,PZ-CORE,9.09,2025-10-07
QX-CHL-410,PZ-VALUE,8.54,2025-09-26
QX-CHL-410,PZ-REMOTE,9.91,2025-12-12
QX-BWS-412,PZ-METRO,8.65,2025-10-11
QX-BWS-412,PZ-URBAN,7.89,2026-01-13
QX-BWS-412,PZ-CORE,7.59,2025-12-29
QX-BWS-412,PZ-VALUE,7.13,2025-11-05
QX-BWS-412,PZ-REMOTE,8.27,2026-03-01
QX-FRZ-413,PZ-METRO,5.73,2025-11-17
QX-FRZ-413,PZ-URBAN,5.23,2025-11-30
QX-FRZ-413,PZ-CORE,5.03,2026-02-20
QX-FRZ-413,PZ-VALUE,4.73,2025-11-22
QX-FRZ-413,PZ-REMOTE,5.48,2026-02-24
QX-FRZ-414,PZ-METRO,4.57,2025-12-29
QX-FRZ-414,PZ-URBAN,4.17,2026-03-21
QX-FRZ-414,PZ-CORE,4.01,2025-12-27
QX-FRZ-414,PZ-VALUE,3.77,2026-01-06
QX-FRZ-414,PZ-REMOTE,4.37,2025-10-14
QX-FRZ-415,PZ-METRO,9.55,2026-03-03
QX-FRZ-415,PZ-URBAN,8.72,2025-10-10
QX-FRZ-415,PZ-CORE,8.38,2025-10-08
QX-FRZ-415,PZ-VALUE,7.88,2026-01-29
QX-FRZ-415,PZ-REMOTE,9.13,2026-03-03
QX-PET-416,PZ-METRO,4.90,2025-10-24
QX-PET-416,PZ-URBAN,4.47,2025-12-18
QX-PET-416,PZ-CORE,4.30,2025-11-25
QX-PET-416,PZ-VALUE,4.04,2026-03-20
QX-PET-416,PZ-REMOTE,4.69,2026-01-06
QX-PET-417,PZ-METRO,4.79,2025-09-14
QX-PET-417,PZ-URBAN,4.37,2026-03-07
QX-PET-417,PZ-CORE,4.20,2026-02-24
QX-PET-417,PZ-VALUE,3.95,2026-02-09
QX-PET-417,PZ-REMOTE,4.58,2026-03-19
QX-HHD-418,PZ-METRO,8.57,2025-12-07
QX-HHD-418,PZ-URBAN,7.82,2026-02-14
QX-HHD-418,PZ-CORE,7.52,2025-09-20
QX-HHD-418,PZ-VALUE,7.07,2026-02-20
QX-HHD-418,PZ-REMOTE,8.20,2025-10-08
QX-BAK-419,PZ-METRO,7.93,2026-01-21
QX-BAK-419,PZ-URBAN,7.24,2025-11-16
QX-BAK-419,PZ-CORE,6.96,2026-02-25
QX-BAK-419,PZ-VALUE,6.54,2026-02-02
QX-BAK-419,PZ-REMOTE,7.59,2026-01-17
QX-DRK-420,PZ-METRO,0.75,2025-12-01
QX-DRK-420,PZ-URBAN,0.65,2026-01-17
QX-DRK-420,PZ-CORE,0.65,2026-01-03
QX-DRK-420,PZ-VALUE,0.60,2025-11-27
QX-DRK-420,PZ-REMOTE,0.70,2026-03-18
QX-FRZ-421,PZ-METRO,7.48,2026-01-08
QX-FRZ-421,PZ-URBAN,6.82,2025-12-30
QX-FRZ-421,PZ-CORE,6.56,2025-10-29
QX-FRZ-421,PZ-VALUE,6.17,2025-10-27
QX-FRZ-421,PZ-REMOTE,7.15,2026-01-30
QX-PET-422,PZ-METRO,2.77,2025-12-18
QX-PET-422,PZ-URBAN,2.53,2025-10-03
QX-PET-422,PZ-CORE,2.43,2025-12-27
QX-PET-422,PZ-VALUE,2.28,2025-12-28
QX-PET-422,PZ-REMOTE,2.65,2026-01-03
QX-PRO-423,PZ-METRO,2.44,2026-02-17
QX-PRO-423,PZ-URBAN,2.23,2025-11-10
QX-PRO-423,PZ-CORE,2.14,2025-12-14
QX-PRO-423,PZ-VALUE,2.01,2025-12-26
QX-PRO-423,PZ-REMOTE,2.33,2025-10-02
QX-CHL-424,PZ-METRO,25.24,2026-01-18
QX-CHL-424,PZ-URBAN,23.03,2025-10-20
QX-CHL-424,PZ-CORE,22.14,2025-12-06
QX-CHL-424,PZ-VALUE,20.81,2026-03-22
QX-CHL-424,PZ-REMOTE,24.13,2025-09-26
QX-BAK-425,PZ-METRO,2.06,2025-10-30
QX-BAK-425,PZ-URBAN,1.88,2026-02-27
QX-BAK-425,PZ-CORE,1.81,2025-11-24
QX-BAK-425,PZ-VALUE,1.70,2026-02-21
QX-BAK-425,PZ-REMOTE,1.97,2025-12-12
QX-DRK-426,PZ-METRO,2.13,2025-12-28
QX-DRK-426,PZ-URBAN,1.94,2025-11-30
QX-DRK-426,PZ-CORE,1.87,2026-02-03
QX-DRK-426,PZ-VALUE,1.76,2026-02-24
QX-DRK-426,PZ-REMOTE,2.04,2025-10-02
QX-PET-427,PZ-METRO,3.97,2025-10-14
QX-PET-427,PZ-URBAN,3.62,2025-09-16
QX-PET-427,PZ-CORE,3.48,2026-02-03
QX-PET-427,PZ-VALUE,3.27,2026-01-16
QX-PET-427,PZ-REMOTE,3.79,2026-01-04
QX-DRY-429,PZ-METRO,1.89,2026-02-09
QX-DRY-429,PZ-URBAN,1.73,2025-11-17
QX-DRY-429,PZ-CORE,1.66,2025-11-26
QX-DRY-429,PZ-VALUE,1.56,2026-02-18
QX-DRY-429,PZ-REMOTE,1.81,2025-12-17
QX-FRZ-430,PZ-METRO,1.92,2026-01-06
QX-FRZ-430,PZ-URBAN,1.75,2026-01-03
QX-FRZ-430,PZ-CORE,1.68,2025-10-12
QX-FRZ-430,PZ-VALUE,1.58,2026-02-05
QX-FRZ-430,PZ-REMOTE,1.83,2026-02-10
QX-CHL-431,PZ-METRO,5.86,2025-11-30
QX-CHL-431,PZ-URBAN,5.35,2026-02-03
QX-CHL-431,PZ-CORE,5.14,2026-02-16
QX-CHL-431,PZ-VALUE,4.83,2025-10-11
QX-CHL-431,PZ-REMOTE,5.60,2026-03-21
QX-PET-432,PZ-METRO,9.25,2025-09-30
QX-PET-432,PZ-URBAN,8.43,2026-02-10
QX-PET-432,PZ-CORE,8.11,2025-09-26
QX-PET-432,PZ-VALUE,7.62,2025-10-14
QX-PET-432,PZ-REMOTE,8.84,2025-11-04
QX-CER-433,PZ-METRO,4.95,2025-09-30
QX-CER-433,PZ-URBAN,4.51,2025-10-03
QX-CER-433,PZ-CORE,4.34,2026-01-07
QX-CER-433,PZ-VALUE,4.08,2025-10-26
QX-CER-433,PZ-REMOTE,4.73,2025-11-08
QX-PRO-434,PZ-METRO,1.44,2025-12-15
QX-PRO-434,PZ-URBAN,1.31,2026-02-28
QX-PRO-434,PZ-CORE,1.26,2025-12-25
QX-PRO-434,PZ-VALUE,1.18,2025-10-14
QX-PRO-434,PZ-REMOTE,1.37,2025-11-27
QX-PRO-435,PZ-METRO,2.62,2026-01-21
QX-PRO-435,PZ-URBAN,2.39,2026-03-19
QX-PRO-435,PZ-CORE,2.30,2025-10-13
QX-PRO-435,PZ-VALUE,2.16,2026-02-22
QX-PRO-435,PZ-REMOTE,2.51,2025-10-28
QX-FRZ-436,PZ-METRO,3.78,2025-11-06
QX-FRZ-436,PZ-URBAN,3.45,2026-02-04
QX-FRZ-436,PZ-CORE,3.32,2026-02-04
QX-FRZ-436,PZ-VALUE,3.12,2026-01-11
QX-FRZ-436,PZ-REMOTE,3.62,2025-11-26
QX-CHL-437,PZ-METRO,6.63,2025-11-26
QX-CHL-437,PZ-URBAN,6.05,2025-11-16
QX-CHL-437,PZ-CORE,5.82,2025-10-10
QX-CHL-437,PZ-VALUE,5.47,2025-11-26
QX-CHL-437,PZ-REMOTE,6.34,2026-01-27
QX-BWS-438,PZ-METRO,7.72,2025-11-06
QX-BWS-438,PZ-URBAN,7.04,2025-10-15
QX-BWS-438,PZ-CORE,6.77,2025-11-09
QX-BWS-438,PZ-VALUE,6.36,2025-12-05
QX-BWS-438,PZ-REMOTE,7.38,2026-03-19
QX-FRZ-439,PZ-METRO,3.44,2026-01-13
QX-FRZ-439,PZ-URBAN,3.14,2025-12-18
QX-FRZ-439,PZ-CORE,3.02,2025-10-20
QX-FRZ-439,PZ-VALUE,2.84,2025-12-16
QX-FRZ-439,PZ-REMOTE,3.29,2026-02-06
QX-HHD-440,PZ-METRO,8.01,2025-09-21
QX-HHD-440,PZ-URBAN,7.31,2026-02-28
QX-HHD-440,PZ-CORE,7.03,2026-02-01
QX-HHD-440,PZ-VALUE,6.61,2026-01-31
QX-HHD-440,PZ-REMOTE,7.66,2025-11-27
QX-HBC-441,PZ-METRO,8.47,2026-01-11
QX-HBC-441,PZ-URBAN,7.73,2025-10-10
QX-HBC-441,PZ-CORE,7.43,2026-01-31
QX-HBC-441,PZ-VALUE,6.98,2025-09-30
QX-HBC-441,PZ-REMOTE,8.10,2025-12-26
QX-HHD-442,PZ-METRO,5.84,2025-09-23
QX-HHD-442,PZ-URBAN,5.32,2026-02-25
QX-HHD-442,PZ-CORE,5.12,2026-01-20
QX-HHD-442,PZ-VALUE,4.81,2025-12-17
QX-HHD-442,PZ-REMOTE,5.58,2025-10-23
QX-HHD-444,PZ-METRO,5.53,2026-03-02
QX-HHD-444,PZ-URBAN,5.04,2025-11-24
QX-HHD-444,PZ-CORE,4.85,2026-02-15
QX-HHD-444,PZ-VALUE,4.56,2025-12-06
QX-HHD-444,PZ-REMOTE,5.29,2025-11-07
QX-PET-445,PZ-METRO,1.73,2026-02-13
QX-PET-445,PZ-URBAN,1.58,2025-11-28
QX-PET-445,PZ-CORE,1.52,2026-01-07
QX-PET-445,PZ-VALUE,1.43,2025-12-13
QX-PET-445,PZ-REMOTE,1.66,2025-11-28
QX-TIN-446,PZ-METRO,3.03,2026-02-17
QX-TIN-446,PZ-URBAN,2.77,2025-09-16
QX-TIN-446,PZ-CORE,2.66,2026-01-10
QX-TIN-446,PZ-VALUE,2.50,2025-11-03
QX-TIN-446,PZ-REMOTE,2.90,2025-12-17
QX-PET-449,PZ-METRO,11.43,2025-11-16
QX-PET-449,PZ-URBAN,10.43,2025-11-20
QX-PET-449,PZ-CORE,10.03,2025-09-26
QX-PET-449,PZ-VALUE,9.43,2026-02-03
QX-PET-449,PZ-REMOTE,10.93,2025-12-20
QX-HHD-450,PZ-METRO,3.28,2025-10-28
QX-HHD-450,PZ-URBAN,3.00,2026-02-04
QX-HHD-450,PZ-CORE,2.88,2025-10-28
QX-HHD-450,PZ-VALUE,2.71,2025-11-09
QX-HHD-450,PZ-REMOTE,3.14,2026-02-13
QX-BWS-451,PZ-METRO,35.98,2026-01-22
QX-BWS-451,PZ-URBAN,32.82,2025-09-21
QX-BWS-451,PZ-CORE,31.56,2025-12-20
QX-BWS-451,PZ-VALUE,29.67,2026-01-20
QX-BWS-451,PZ-REMOTE,34.40,2025-12-31
QX-HHD-452,PZ-METRO,2.63,2026-03-01
QX-HHD-452,PZ-URBAN,2.40,2026-01-30
QX-HHD-452,PZ-CORE,2.31,2026-02-06
QX-HHD-452,PZ-VALUE,2.17,2025-11-10
QX-HHD-452,PZ-REMOTE,2.52,2026-01-04
QX-PRO-453,PZ-METRO,3.25,2025-09-18
QX-PRO-453,PZ-URBAN,2.96,2026-01-28
QX-PRO-453,PZ-CORE,2.85,2026-01-07
QX-PRO-453,PZ-VALUE,2.68,2025-12-02
QX-PRO-453,PZ-REMOTE,3.11,2025-10-12
QX-CER-454,PZ-METRO,1.80,2026-03-09
QX-CER-454,PZ-URBAN,1.64,2026-01-21
QX-CER-454,PZ-CORE,1.58,2025-12-23
QX-CER-454,PZ-VALUE,1.49,2026-01-17
QX-CER-454,PZ-REMOTE,1.72,2026-02-18
QX-PET-455,PZ-METRO,3.32,2025-10-25
QX-PET-455,PZ-URBAN,3.03,2025-11-25
QX-PET-455,PZ-CORE,2.91,2026-02-09
QX-PET-455,PZ-VALUE,2.74,2025-10-29
QX-PET-455,PZ-REMOTE,3.17,2026-03-03
QX-PRO-456,PZ-METRO,5.31,2025-09-29
QX-PRO-456,PZ-URBAN,4.85,2025-12-06
QX-PRO-456,PZ-CORE,4.66,2025-09-30
QX-PRO-456,PZ-VALUE,4.38,2025-09-28
QX-PRO-456,PZ-REMOTE,5.08,2026-01-22
QX-DRY-457,PZ-METRO,6.28,2025-12-16
QX-DRY-457,PZ-URBAN,5.73,2025-10-15
QX-DRY-457,PZ-CORE,5.51,2025-12-25
QX-DRY-457,PZ-VALUE,5.18,2026-01-02
QX-DRY-457,PZ-REMOTE,6.01,2025-11-19
QX-CER-458,PZ-METRO,4.71,2025-10-26
QX-CER-458,PZ-URBAN,4.30,2025-12-11
QX-CER-458,PZ-CORE,4.13,2025-09-30
QX-CER-458,PZ-VALUE,3.88,2026-02-14
QX-CER-458,PZ-REMOTE,4.50,2025-10-08
QX-PET-459,PZ-METRO,1.38,2026-01-02
QX-PET-459,PZ-URBAN,1.26,2025-11-24
QX-PET-459,PZ-CORE,1.21,2026-03-21
QX-PET-459,PZ-VALUE,1.14,2026-01-03
QX-PET-459,PZ-REMOTE,1.32,2025-09-17
QX-DRK-460,PZ-METRO,6.70,2025-10-19
QX-DRK-460,PZ-URBAN,6.12,2026-03-19
QX-DRK-460,PZ-CORE,5.88,2026-01-08
QX-DRK-460,PZ-VALUE,5.53,2026-01-18
QX-DRK-460,PZ-REMOTE,6.41,2026-01-25
QX-BAK-461,PZ-METRO,6.83,2025-10-08
QX-BAK-461,PZ-URBAN,6.23,2026-02-12
QX-BAK-461,PZ-CORE,5.99,2026-02-20
QX-BAK-461,PZ-VALUE,5.63,2025-12-10
QX-BAK-461,PZ-REMOTE,6.53,2025-09-24
QX-PET-462,PZ-METRO,3.23,2026-03-08
QX-PET-462,PZ-URBAN,2.94,2025-10-08
QX-PET-462,PZ-CORE,2.83,2025-09-23
QX-PET-462,PZ-VALUE,2.66,2026-03-06
QX-PET-462,PZ-REMOTE,3.08,2026-03-18
QX-TIN-463,PZ-METRO,1.94,2026-02-08
QX-TIN-463,PZ-URBAN,1.77,2025-10-08
QX-TIN-463,PZ-CORE,1.70,2026-01-31
QX-TIN-463,PZ-VALUE,1.60,2026-03-14
QX-TIN-463,PZ-REMOTE,1.85,2025-11-25
QX-BAK-464,PZ-METRO,8.08,2026-01-18
QX-BAK-464,PZ-URBAN,7.37,2026-01-29
QX-BAK-464,PZ-CORE,7.09,2025-12-27
QX-BAK-464,PZ-VALUE,6.66,2025-12-03
QX-BAK-464,PZ-REMOTE,7.73,2026-03-03
QX-HBC-465,PZ-METRO,13.93,2025-10-06
QX-HBC-465,PZ-URBAN,12.71,2025-11-12
QX-HBC-465,PZ-CORE,12.22,2026-03-03
QX-HBC-465,PZ-VALUE,11.49,2026-03-09
QX-HBC-465,PZ-REMOTE,13.32,2026-02-23
QX-CHL-466,PZ-METRO,22.77,2025-11-25
QX-CHL-466,PZ-URBAN,20.77,2025-12-06
QX-CHL-466,PZ-CORE,19.97,2025-11-04
QX-CHL-466,PZ-VALUE,18.77,2025-12-12
QX-CHL-466,PZ-REMOTE,21.77,2026-03-18
QX-DRK-467,PZ-METRO,0.75,2026-03-19
QX-DRK-467,PZ-URBAN,0.65,2025-12-02
QX-DRK-467,PZ-CORE,0.65,2025-11-06
QX-DRK-467,PZ-VALUE,0.60,2025-11-26
QX-DRK-467,PZ-REMOTE,0.70,2025-10-26
QX-TIN-468,PZ-METRO,1.90,2025-09-18
QX-TIN-468,PZ-URBAN,1.74,2025-10-08
QX-TIN-468,PZ-CORE,1.67,2025-09-26
QX-TIN-468,PZ-VALUE,1.57,2025-10-12
QX-TIN-468,PZ-REMOTE,1.82,2025-10-29
QX-HHD-469,PZ-METRO,7.11,2025-11-11
QX-HHD-469,PZ-URBAN,6.49,2026-01-01
QX-HHD-469,PZ-CORE,6.24,2026-01-21
QX-HHD-469,PZ-VALUE,5.87,2026-01-13
QX-HHD-469,PZ-REMOTE,6.80,2025-09-16
QX-BWS-470,PZ-METRO,25.29,2026-01-08
QX-BWS-470,PZ-URBAN,23.07,2026-02-01
QX-BWS-470,PZ-CORE,22.18,2025-11-26
QX-BWS-470,PZ-VALUE,20.85,2026-02-05
QX-BWS-470,PZ-REMOTE,24.18,2025-12-25
QX-PET-471,PZ-METRO,11.19,2026-03-02
QX-PET-471,PZ-URBAN,10.21,2025-09-19
QX-PET-471,PZ-CORE,9.82,2026-02-01
QX-PET-471,PZ-VALUE,9.23,2025-11-25
QX-PET-471,PZ-REMOTE,10.70,2025-12-02
QX-DRY-472,PZ-METRO,2.92,2026-02-05
QX-DRY-472,PZ-URBAN,2.66,2025-10-11
QX-DRY-472,PZ-CORE,2.56,2025-11-12
QX-DRY-472,PZ-VALUE,2.41,2025-12-25
QX-DRY-472,PZ-REMOTE,2.79,2026-03-20
QX-FRZ-474,PZ-METRO,2.46,2026-02-06
QX-FRZ-474,PZ-URBAN,2.25,2025-09-17
QX-FRZ-474,PZ-CORE,2.16,2025-11-21
QX-FRZ-474,PZ-VALUE,2.03,2026-03-17
QX-FRZ-474,PZ-REMOTE,2.35,2026-01-06
QX-CHL-475,PZ-METRO,9.85,2026-03-02
QX-CHL-475,PZ-URBAN,8.99,2025-11-29
QX-CHL-475,PZ-CORE,8.64,2025-12-03
QX-CHL-475,PZ-VALUE,8.12,2025-12-13
QX-CHL-475,PZ-REMOTE,9.42,2025-12-31
QX-PET-476,PZ-METRO,9.94,2025-11-01
QX-PET-476,PZ-URBAN,9.07,2025-11-28
QX-PET-476,PZ-CORE,8.72,2025-11-02
QX-PET-476,PZ-VALUE,8.20,2025-11-16
QX-PET-476,PZ-REMOTE,9.50,2025-11-02
QX-BWS-477,PZ-METRO,33.37,2025-11-26
QX-BWS-477,PZ-URBAN,30.44,2025-10-20
QX-BWS-477,PZ-CORE,29.27,2025-11-27
QX-BWS-477,PZ-VALUE,27.51,2025-12-17
QX-BWS-477,PZ-REMOTE,31.90,2025-12-01
QX-CHL-478,PZ-METRO,15.50,2026-01-14
QX-CHL-478,PZ-URBAN,14.14,2025-12-04
QX-CHL-478,PZ-CORE,13.60,2026-02-24
QX-CHL-478,PZ-VALUE,12.78,2025-12-18
QX-CHL-478,PZ-REMOTE,14.82,2026-02-15
QX-TIN-480,PZ-METRO,2.54,2025-11-01
QX-TIN-480,PZ-URBAN,2.32,2026-02-17
QX-TIN-480,PZ-CORE,2.23,2025-09-26
QX-TIN-480,PZ-VALUE,2.10,2026-01-05
QX-TIN-480,PZ-REMOTE,2.43,2026-02-20
QX-PET-481,PZ-METRO,1.92,2025-10-04
QX-PET-481,PZ-URBAN,1.75,2025-09-26
QX-PET-481,PZ-CORE,1.68,2026-02-21
QX-PET-481,PZ-VALUE,1.58,2026-02-25
QX-PET-481,PZ-REMOTE,1.83,2026-01-19
QX-CHL-482,PZ-METRO,7.44,2025-09-17
QX-CHL-482,PZ-URBAN,6.79,2026-02-04
QX-CHL-482,PZ-CORE,6.53,2025-11-14
QX-CHL-482,PZ-VALUE,6.14,2025-12-05
QX-CHL-482,PZ-REMOTE,7.12,2026-01-12
QX-DRK-484,PZ-METRO,3.78,2025-11-25
QX-DRK-484,PZ-URBAN,3.45,2025-10-18
QX-DRK-484,PZ-CORE,3.32,2025-11-08
QX-DRK-484,PZ-VALUE,3.12,2026-02-23
QX-DRK-484,PZ-REMOTE,3.62,2026-01-28
QX-HBC-486,PZ-METRO,14.47,2026-03-13
QX-HBC-486,PZ-URBAN,13.20,2026-02-08
QX-HBC-486,PZ-CORE,12.69,2026-03-12
QX-HBC-486,PZ-VALUE,11.93,2026-01-18
QX-HBC-486,PZ-REMOTE,13.83,2026-02-27
QX-TIN-487,PZ-METRO,0.75,2026-03-22
QX-TIN-487,PZ-URBAN,0.70,2026-03-01
QX-TIN-487,PZ-CORE,0.65,2025-10-18
QX-TIN-487,PZ-VALUE,0.65,2026-03-20
QX-TIN-487,PZ-REMOTE,0.75,2026-01-01
QX-BAK-488,PZ-METRO,1.31,2026-03-13
QX-BAK-488,PZ-URBAN,1.20,2026-02-28
QX-BAK-488,PZ-CORE,1.15,2026-01-07
QX-BAK-488,PZ-VALUE,1.08,2025-11-09
QX-BAK-488,PZ-REMOTE,1.25,2026-02-23
QX-DRY-489,PZ-METRO,3.03,2025-12-21
QX-DRY-489,PZ-URBAN,2.77,2025-12-12
QX-DRY-489,PZ-CORE,2.66,2026-01-18
QX-DRY-489,PZ-VALUE,2.50,2025-09-14
QX-DRY-489,PZ-REMOTE,2.90,2026-02-15
QX-BWS-490,PZ-METRO,18.06,2026-02-26
QX-BWS-490,PZ-URBAN,16.47,2026-02-28
QX-BWS-490,PZ-CORE,15.84,2026-02-03
QX-BWS-490,PZ-VALUE,14.89,2025-10-08
QX-BWS-490,PZ-REMOTE,17.27,2025-11-18
QX-BWS-491,PZ-METRO,17.45,2026-01-04
QX-BWS-491,PZ-URBAN,15.92,2026-02-28
QX-BWS-491,PZ-CORE,15.31,2026-02-27
QX-BWS-491,PZ-VALUE,14.39,2025-12-31
QX-BWS-491,PZ-REMOTE,16.69,2025-10-04
QX-HHD-492,PZ-METRO,8.23,2026-03-16
QX-HHD-492,PZ-URBAN,7.51,2025-09-19
QX-HHD-492,PZ-CORE,7.22,2025-12-14
QX-HHD-492,PZ-VALUE,6.79,2025-12-07
QX-HHD-492,PZ-REMOTE,7.87,2025-09-17
QX-HHD-493,PZ-METRO,1.12,2025-10-28
QX-HHD-493,PZ-URBAN,1.02,2025-09-25
QX-HHD-493,PZ-CORE,1.00,2025-10-09
QX-HHD-493,PZ-VALUE,0.90,2026-01-27
QX-HHD-493,PZ-REMOTE,1.07,2025-12-09
QX-PET-494,PZ-METRO,8.45,2025-12-16
QX-PET-494,PZ-URBAN,7.71,2025-11-13
QX-PET-494,PZ-CORE,7.41,2026-02-07
QX-PET-494,PZ-VALUE,6.97,2025-11-05
QX-PET-494,PZ-REMOTE,8.08,2025-10-09
QX-FRZ-495,PZ-METRO,4.37,2026-03-11
QX-FRZ-495,PZ-URBAN,3.98,2025-09-17
QX-FRZ-495,PZ-CORE,3.83,2026-03-22
QX-FRZ-495,PZ-VALUE,3.60,2025-12-12
QX-FRZ-495,PZ-REMOTE,4.17,2026-03-03
QX-HBC-499,PZ-METRO,3.10,2026-01-03
QX-HBC-499,PZ-URBAN,2.83,2026-02-06
QX-HBC-499,PZ-CORE,2.72,2026-01-08
QX-HBC-499,PZ-VALUE,2.56,2026-02-10
QX-HBC-499,PZ-REMOTE,2.96,2026-02-19
QX-FRZ-500,PZ-METRO,2.84,2026-03-01
QX-FRZ-500,PZ-URBAN,2.59,2025-10-08
QX-FRZ-500,PZ-CORE,2.49,2026-02-28
QX-FRZ-500,PZ-VALUE,2.34,2025-11-27
QX-FRZ-500,PZ-REMOTE,2.71,2025-12-15
QX-BAK-502,PZ-METRO,1.41,2026-01-26
QX-BAK-502,PZ-URBAN,1.29,2026-02-02
QX-BAK-502,PZ-CORE,1.24,2026-01-25
QX-BAK-502,PZ-VALUE,1.17,2025-12-13
QX-BAK-502,PZ-REMOTE,1.35,2026-03-07
QX-DRK-503,PZ-METRO,2.11,2025-12-05
QX-DRK-503,PZ-URBAN,1.92,2025-11-30
QX-DRK-503,PZ-CORE,1.85,2026-01-26
QX-DRK-503,PZ-VALUE,1.74,2025-11-04
QX-DRK-503,PZ-REMOTE,2.02,2026-02-16
QX-FRZ-504,PZ-METRO,1.81,2025-09-17
QX-FRZ-504,PZ-URBAN,1.65,2025-10-05
QX-FRZ-504,PZ-CORE,1.59,2026-01-31
QX-FRZ-504,PZ-VALUE,1.49,2026-02-28
QX-FRZ-504,PZ-REMOTE,1.73,2026-01-01
QX-PET-505,PZ-METRO,4.57,2025-12-14
QX-PET-505,PZ-URBAN,4.17,2025-10-07
QX-PET-505,PZ-CORE,4.01,2026-02-15
QX-PET-505,PZ-VALUE,3.77,2026-02-22
QX-PET-505,PZ-REMOTE,4.37,2025-11-29
QX-DRY-506,PZ-METRO,3.92,2026-02-16
QX-DRY-506,PZ-URBAN,3.58,2025-10-22
QX-DRY-506,PZ-CORE,3.44,2025-11-24
QX-DRY-506,PZ-VALUE,3.23,2025-12-25
QX-DRY-506,PZ-REMOTE,3.75,2026-03-11
QX-PET-507,PZ-METRO,4.26,2026-01-25
QX-PET-507,PZ-URBAN,3.89,2025-10-31
QX-PET-507,PZ-CORE,3.74,2025-12-23
QX-PET-507,PZ-VALUE,3.52,2026-01-21
QX-PET-507,PZ-REMOTE,4.08,2025-11-22
QX-FRZ-509,PZ-METRO,1.62,2025-12-30
QX-FRZ-509,PZ-URBAN,1.48,2026-02-13
QX-FRZ-509,PZ-CORE,1.42,2026-03-18
QX-FRZ-509,PZ-VALUE,1.33,2026-01-29
QX-FRZ-509,PZ-REMOTE,1.55,2026-01-27
QX-TIN-510,PZ-METRO,0.60,2026-03-02
QX-TIN-510,PZ-URBAN,0.55,2025-12-10
QX-TIN-510,PZ-CORE,0.55,2025-10-02
QX-TIN-510,PZ-VALUE,0.50,2025-11-26
QX-TIN-510,PZ-REMOTE,0.60,2025-11-29
QX-CHL-511,PZ-METRO,5.65,2025-12-16
QX-CHL-511,PZ-URBAN,5.16,2026-03-01
QX-CHL-511,PZ-CORE,4.96,2025-11-01
QX-CHL-511,PZ-VALUE,4.66,2025-10-04
QX-CHL-511,PZ-REMOTE,5.41,2026-02-11
QX-DRK-513,PZ-METRO,4.51,2026-01-11
QX-DRK-513,PZ-URBAN,4.12,2026-01-02
QX-DRK-513,PZ-CORE,3.96,2025-12-01
QX-DRK-513,PZ-VALUE,3.72,2025-12-21
QX-DRK-513,PZ-REMOTE,4.32,2026-03-18
QX-BAK-514,PZ-METRO,8.26,2026-01-20
QX-BAK-514,PZ-URBAN,7.54,2025-10-04
QX-BAK-514,PZ-CORE,7.25,2026-01-02
QX-BAK-514,PZ-VALUE,6.82,2025-11-04
QX-BAK-514,PZ-REMOTE,7.90,2026-01-19
QX-TIN-515,PZ-METRO,1.38,2026-01-23
QX-TIN-515,PZ-URBAN,1.26,2025-10-01
QX-TIN-515,PZ-CORE,1.21,2026-01-03
QX-TIN-515,PZ-VALUE,1.14,2026-02-25
QX-TIN-515,PZ-REMOTE,1.32,2025-10-03
QX-HHD-516,PZ-METRO,4.80,2026-01-04
QX-HHD-516,PZ-URBAN,4.38,2026-02-06
QX-HHD-516,PZ-CORE,4.21,2025-10-01
QX-HHD-516,PZ-VALUE,3.96,2026-01-24
QX-HHD-516,PZ-REMOTE,4.59,2025-10-04
QX-BWS-519,PZ-METRO,41.45,2026-01-25
QX-BWS-519,PZ-URBAN,37.81,2025-10-18
QX-BWS-519,PZ-CORE,36.36,2025-10-08
QX-BWS-519,PZ-VALUE,34.18,2026-02-03
QX-BWS-519,PZ-REMOTE,39.63,2026-01-20
QX-BAK-520,PZ-METRO,2.33,2025-09-23
QX-BAK-520,PZ-URBAN,2.12,2025-12-28
QX-BAK-520,PZ-CORE,2.04,2025-10-30
QX-BAK-520,PZ-VALUE,1.92,2025-10-22
QX-BAK-520,PZ-REMOTE,2.22,2026-01-25
QX-CER-521,PZ-METRO,4.31,2026-01-17
QX-CER-521,PZ-URBAN,3.93,2026-03-22
QX-CER-521,PZ-CORE,3.78,2026-02-22
QX-CER-521,PZ-VALUE,3.55,2025-09-28
QX-CER-521,PZ-REMOTE,4.12,2026-03-07
QX-HHD-522,PZ-METRO,5.77,2025-11-03
QX-HHD-522,PZ-URBAN,5.26,2026-01-03
QX-HHD-522,PZ-CORE,5.06,2025-09-18
QX-HHD-522,PZ-VALUE,4.76,2026-01-23
QX-HHD-522,PZ-REMOTE,5.52,2025-10-20
QX-HHD-523,PZ-METRO,9.31,2026-03-03
QX-HHD-523,PZ-URBAN,8.50,2026-01-21
QX-HHD-523,PZ-CORE,8.17,2025-11-01
QX-HHD-523,PZ-VALUE,7.68,2026-01-05
QX-HHD-523,PZ-REMOTE,8.91,2025-12-24
QX-PET-524,PZ-METRO,1.22,2025-12-11
QX-PET-524,PZ-URBAN,1.11,2025-12-02
QX-PET-524,PZ-CORE,1.07,2026-02-27
QX-PET-524,PZ-VALUE,1.01,2026-03-20
QX-PET-524,PZ-REMOTE,1.17,2026-03-20
QX-CHL-525,PZ-METRO,25.29,2026-02-24
QX-CHL-525,PZ-URBAN,23.07,2026-01-03
QX-CHL-525,PZ-CORE,22.18,2025-12-17
QX-CHL-525,PZ-VALUE,20.85,2025-11-13
QX-CHL-525,PZ-REMOTE,24.18,2025-12-04
QX-BAK-526,PZ-METRO,6.57,2026-02-10
QX-BAK-526,PZ-URBAN,5.99,2026-02-10
QX-BAK-526,PZ-CORE,5.76,2026-01-11
QX-BAK-526,PZ-VALUE,5.41,2026-01-12
QX-BAK-526,PZ-REMOTE,6.28,2026-03-12
QX-BAK-527,PZ-METRO,1.29,2025-10-14
QX-BAK-527,PZ-URBAN,1.18,2025-09-18
QX-BAK-527,PZ-CORE,1.13,2026-02-21
QX-BAK-527,PZ-VALUE,1.06,2026-02-10
QX-BAK-527,PZ-REMOTE,1.23,2025-12-09
QX-BAK-528,PZ-METRO,2.82,2026-02-06
QX-BAK-528,PZ-URBAN,2.57,2026-01-22
QX-BAK-528,PZ-CORE,2.47,2026-01-07
QX-BAK-528,PZ-VALUE,2.32,2026-01-30
QX-BAK-528,PZ-REMOTE,2.69,2026-01-26
QX-PET-531,PZ-METRO,7.10,2026-02-22
QX-PET-531,PZ-URBAN,6.48,2025-12-20
QX-PET-531,PZ-CORE,6.23,2026-02-17
QX-PET-531,PZ-VALUE,5.86,2025-09-24
QX-PET-531,PZ-REMOTE,6.79,2026-03-05
QX-HBC-532,PZ-METRO,11.33,2026-03-04
QX-HBC-532,PZ-URBAN,10.34,2026-02-06
QX-HBC-532,PZ-CORE,9.94,2026-01-29
QX-HBC-532,PZ-VALUE,9.34,2025-10-01
QX-HBC-532,PZ-REMOTE,10.83,2025-12-09
QX-TIN-533,PZ-METRO,1.74,2025-11-18
QX-TIN-533,PZ-URBAN,1.59,2025-10-27
QX-TIN-533,PZ-CORE,1.53,2026-01-07
QX-TIN-533,PZ-VALUE,1.44,2026-01-15
QX-TIN-533,PZ-REMOTE,1.67,2025-10-22
QX-CHL-534,PZ-METRO,3.39,2026-02-23
QX-CHL-534,PZ-URBAN,3.09,2026-01-09
QX-CHL-534,PZ-CORE,2.97,2026-01-01
QX-CHL-534,PZ-VALUE,2.79,2026-02-05
QX-CHL-534,PZ-REMOTE,3.24,2025-09-16
QX-CHL-535,PZ-METRO,6.78,2026-01-28
QX-CHL-535,PZ-URBAN,6.19,2025-09-29
QX-CHL-535,PZ-CORE,5.95,2025-11-22
QX-CHL-535,PZ-VALUE,5.59,2026-01-25
QX-CHL-535,PZ-REMOTE,6.49,2025-12-19
QX-CER-537,PZ-METRO,2.96,2026-01-27
QX-CER-537,PZ-URBAN,2.70,2025-11-10
QX-CER-537,PZ-CORE,2.60,2026-01-24
QX-CER-537,PZ-VALUE,2.44,2026-02-25
QX-CER-537,PZ-REMOTE,2.83,2025-09-16
QX-BWS-538,PZ-METRO,38.42,2025-10-10
QX-BWS-538,PZ-URBAN,35.05,2026-03-16
QX-BWS-538,PZ-CORE,33.70,2025-10-26
QX-BWS-538,PZ-VALUE,31.68,2026-03-04
QX-BWS-538,PZ-REMOTE,36.73,2026-02-22
QX-DRY-539,PZ-METRO,3.66,2025-10-13
QX-DRY-539,PZ-URBAN,3.34,2025-11-24
QX-DRY-539,PZ-CORE,3.21,2025-10-15
QX-DRY-539,PZ-VALUE,3.02,2025-10-04
QX-DRY-539,PZ-REMOTE,3.50,2026-01-14
QX-HHD-540,PZ-METRO,3.39,2025-12-14
QX-HHD-540,PZ-URBAN,3.09,2026-02-01
QX-HHD-540,PZ-CORE,2.97,2025-12-01
QX-HHD-540,PZ-VALUE,2.79,2026-03-03
QX-HHD-540,PZ-REMOTE,3.24,2025-11-12
QX-PRO-541,PZ-METRO,4.75,2025-09-23
QX-PRO-541,PZ-URBAN,4.34,2025-12-12
QX-PRO-541,PZ-CORE,4.17,2025-11-04
QX-PRO-541,PZ-VALUE,3.92,2026-02-09
QX-PRO-541,PZ-REMOTE,4.55,2025-11-22
QX-HHD-542,PZ-METRO,5.80,2025-12-10
QX-HHD-542,PZ-URBAN,5.29,2025-10-09
QX-HHD-542,PZ-CORE,5.09,2025-09-22
QX-HHD-542,PZ-VALUE,4.78,2025-12-27
QX-HHD-542,PZ-REMOTE,5.55,2025-11-24
QX-PRO-543,PZ-METRO,2.17,2025-12-30
QX-PRO-543,PZ-URBAN,1.98,2025-10-30
QX-PRO-543,PZ-CORE,1.90,2025-10-06
QX-PRO-543,PZ-VALUE,1.79,2026-02-10
QX-PRO-543,PZ-REMOTE,2.07,2025-10-10
QX-PRO-544,PZ-METRO,2.22,2025-11-04
QX-PRO-544,PZ-URBAN,2.03,2025-11-16
QX-PRO-544,PZ-CORE,1.95,2026-01-20
QX-PRO-544,PZ-VALUE,1.83,2025-09-24
QX-PRO-544,PZ-REMOTE,2.13,2025-10-23
QX-DRY-545,PZ-METRO,5.71,2026-03-22
QX-DRY-545,PZ-URBAN,5.21,2026-02-27
QX-DRY-545,PZ-CORE,5.01,2026-02-22
QX-DRY-545,PZ-VALUE,4.71,2026-01-21
QX-DRY-545,PZ-REMOTE,5.46,2025-09-19
QX-PRO-546,PZ-METRO,2.47,2026-01-09
QX-PRO-546,PZ-URBAN,2.26,2025-12-10
QX-PRO-546,PZ-CORE,2.17,2025-11-04
QX-PRO-546,PZ-VALUE,2.04,2025-10-22
QX-PRO-546,PZ-REMOTE,2.37,2025-11-05
QX-CHL-547,PZ-METRO,3.23,2026-01-21
QX-CHL-547,PZ-URBAN,2.94,2025-11-05
QX-CHL-547,PZ-CORE,2.83,2026-02-12
QX-CHL-547,PZ-VALUE,2.66,2026-03-02
QX-CHL-547,PZ-REMOTE,3.08,2025-11-15
QX-PRO-548,PZ-METRO,4.14,2025-10-14
QX-PRO-548,PZ-URBAN,3.78,2026-01-01
QX-PRO-548,PZ-CORE,3.63,2025-09-14
QX-PRO-548,PZ-VALUE,3.41,2025-12-12
QX-PRO-548,PZ-REMOTE,3.96,2025-10-14
QX-CHL-549,PZ-METRO,23.60,2026-01-26
QX-CHL-549,PZ-URBAN,21.53,2025-10-27
QX-CHL-549,PZ-CORE,20.70,2026-03-20
QX-CHL-549,PZ-VALUE,19.46,2026-03-04
QX-CHL-549,PZ-REMOTE,22.56,2025-09-18
QX-CHL-550,PZ-METRO,10.09,2025-10-16
QX-CHL-550,PZ-URBAN,9.20,2025-10-23
QX-CHL-550,PZ-CORE,8.85,2025-09-20
QX-CHL-550,PZ-VALUE,8.32,2026-02-01
QX-CHL-550,PZ-REMOTE,9.65,2025-11-29
QX-PRO-551,PZ-METRO,1.53,2025-12-05
QX-PRO-551,PZ-URBAN,1.39,2025-10-29
QX-PRO-551,PZ-CORE,1.34,2025-09-26
QX-PRO-551,PZ-VALUE,1.26,2026-01-19
QX-PRO-551,PZ-REMOTE,1.46,2026-02-03
QX-DRY-552,PZ-METRO,7.55,2025-10-19
QX-DRY-552,PZ-URBAN,6.88,2026-01-23
QX-DRY-552,PZ-CORE,6.62,2025-11-28
QX-DRY-552,PZ-VALUE,6.22,2026-03-03
QX-DRY-552,PZ-REMOTE,7.22,2025-10-10
QX-HBC-553,PZ-METRO,15.85,2026-02-05
QX-HBC-553,PZ-URBAN,14.46,2025-09-28
QX-HBC-553,PZ-CORE,13.90,2025-12-19
QX-HBC-553,PZ-VALUE,13.07,2026-01-05
QX-HBC-553,PZ-REMOTE,15.15,2025-12-16
QX-DRK-554,PZ-METRO,1.46,2025-11-30
QX-DRK-554,PZ-URBAN,1.33,2026-03-04
QX-DRK-554,PZ-CORE,1.28,2025-11-30
QX-DRK-554,PZ-VALUE,1.20,2026-02-12
QX-DRK-554,PZ-REMOTE,1.40,2026-02-01
QX-FRZ-555,PZ-METRO,8.16,2025-10-18
QX-FRZ-555,PZ-URBAN,7.45,2026-03-11
QX-FRZ-555,PZ-CORE,7.16,2025-12-03
QX-FRZ-555,PZ-VALUE,6.73,2026-02-26
QX-FRZ-555,PZ-REMOTE,7.80,2026-03-17
QX-TIN-556,PZ-METRO,0.75,2026-01-27
QX-TIN-556,PZ-URBAN,0.70,2026-03-03
QX-TIN-556,PZ-CORE,0.65,2026-03-14
QX-TIN-556,PZ-VALUE,0.60,2026-02-03
QX-TIN-556,PZ-REMOTE,0.70,2025-09-22
QX-BWS-557,PZ-METRO,7.47,2025-11-12
QX-BWS-557,PZ-URBAN,6.81,2025-09-17
QX-BWS-557,PZ-CORE,6.55,2026-03-01
QX-BWS-557,PZ-VALUE,6.16,2025-10-03
QX-BWS-557,PZ-REMOTE,7.14,2025-11-04
QX-CHL-558,PZ-METRO,4.21,2025-12-04
QX-CHL-558,PZ-URBAN,3.84,2025-10-19
QX-CHL-558,PZ-CORE,3.69,2025-10-23
QX-CHL-558,PZ-VALUE,3.47,2025-09-19
QX-CHL-558,PZ-REMOTE,4.02,2026-01-01
QX-HHD-559,PZ-METRO,12.07,2025-12-31
QX-HHD-559,PZ-URBAN,11.01,2025-11-07
QX-HHD-559,PZ-CORE,10.59,2025-10-15
QX-HHD-559,PZ-VALUE,9.95,2025-10-13
QX-HHD-559,PZ-REMOTE,11.54,2025-12-21
QX-TIN-560,PZ-METRO,1.28,2026-03-17
QX-TIN-560,PZ-URBAN,1.16,2025-11-02
QX-TIN-560,PZ-CORE,1.12,2026-03-05
QX-TIN-560,PZ-VALUE,1.05,2025-11-04
QX-TIN-560,PZ-REMOTE,1.22,2025-12-17
QX-PRO-562,PZ-METRO,2.25,2025-10-23
QX-PRO-562,PZ-URBAN,2.05,2026-01-21
QX-PRO-562,PZ-CORE,1.97,2026-01-14
QX-PRO-562,PZ-VALUE,1.85,2025-11-09
QX-PRO-562,PZ-REMOTE,2.15,2025-12-12
QX-HBC-563,PZ-METRO,10.82,2025-11-23
QX-HBC-563,PZ-URBAN,9.87,2026-02-20
QX-HBC-563,PZ-CORE,9.49,2026-01-01
QX-HBC-563,PZ-VALUE,8.92,2025-10-21
QX-HBC-563,PZ-REMOTE,10.34,2025-10-30
QX-CER-564,PZ-METRO,3.63,2026-03-02
QX-CER-564,PZ-URBAN,3.31,2025-11-08
QX-CER-564,PZ-CORE,3.18,2026-02-01
QX-CER-564,PZ-VALUE,2.99,2025-11-23
QX-CER-564,PZ-REMOTE,3.47,2026-02-09
QX-HHD-566,PZ-METRO,5.39,2025-12-26
QX-HHD-566,PZ-URBAN,4.92,2025-10-18
QX-HHD-566,PZ-CORE,4.73,2025-10-17
QX-HHD-566,PZ-VALUE,4.45,2025-11-25
QX-HHD-566,PZ-REMOTE,5.16,2025-09-22
QX-TIN-567,PZ-METRO,3.27,2025-12-13
QX-TIN-567,PZ-URBAN,2.98,2026-01-16
QX-TIN-567,PZ-CORE,2.87,2025-11-15
QX-TIN-567,PZ-VALUE,2.70,2025-12-10
QX-TIN-567,PZ-REMOTE,3.13,2026-02-01
QX-CER-568,PZ-METRO,3.06,2025-12-05
QX-CER-568,PZ-URBAN,2.79,2025-10-14
QX-CER-568,PZ-CORE,2.68,2025-11-21
QX-CER-568,PZ-VALUE,2.52,2025-12-01
QX-CER-568,PZ-REMOTE,2.92,2026-01-03
QX-PET-569,PZ-METRO,7.80,2026-02-14
QX-PET-569,PZ-URBAN,7.11,2025-10-21
QX-PET-569,PZ-CORE,6.84,2025-11-01
QX-PET-569,PZ-VALUE,6.43,2026-02-02
QX-PET-569,PZ-REMOTE,7.46,2026-03-14
QX-BWS-570,PZ-METRO,14.11,2026-03-05
QX-BWS-570,PZ-URBAN,12.88,2025-10-08
QX-BWS-570,PZ-CORE,12.38,2026-01-01
QX-BWS-570,PZ-VALUE,11.64,2025-10-09
QX-BWS-570,PZ-REMOTE,13.49,2026-03-11
QX-DRK-571,PZ-METRO,3.10,2025-09-14
QX-DRK-571,PZ-URBAN,2.83,2025-09-27
QX-DRK-571,PZ-CORE,2.72,2025-11-01
QX-DRK-571,PZ-VALUE,2.56,2026-03-10
QX-DRK-571,PZ-REMOTE,2.96,2026-01-04
QX-BWS-572,PZ-METRO,40.24,2025-10-20
QX-BWS-572,PZ-URBAN,36.71,2026-03-05
QX-BWS-572,PZ-CORE,35.30,2026-03-13
QX-BWS-572,PZ-VALUE,33.18,2025-09-29
QX-BWS-572,PZ-REMOTE,38.48,2026-02-09
QX-PRO-573,PZ-METRO,5.51,2026-01-27
QX-PRO-573,PZ-URBAN,5.02,2025-12-22
QX-PRO-573,PZ-CORE,4.83,2026-01-07
QX-PRO-573,PZ-VALUE,4.54,2026-03-04
QX-PRO-573,PZ-REMOTE,5.26,2025-10-03
QX-HBC-574,PZ-METRO,11.78,2025-10-03
QX-HBC-574,PZ-URBAN,10.74,2025-10-23
QX-HBC-574,PZ-CORE,10.33,2025-11-13
QX-HBC-574,PZ-VALUE,9.71,2026-01-17
QX-HBC-574,PZ-REMOTE,11.26,2026-01-03
QX-BWS-575,PZ-METRO,26.12,2025-10-05
QX-BWS-575,PZ-URBAN,23.83,2026-02-04
QX-BWS-575,PZ-CORE,22.91,2025-11-15
QX-BWS-575,PZ-VALUE,21.54,2026-03-20
QX-BWS-575,PZ-REMOTE,24.97,2026-03-11
QX-FRZ-576,PZ-METRO,7.62,2025-09-27
QX-FRZ-576,PZ-URBAN,6.95,2025-09-23
QX-FRZ-576,PZ-CORE,6.68,2025-10-31
QX-FRZ-576,PZ-VALUE,6.28,2026-01-24
QX-FRZ-576,PZ-REMOTE,7.28,2026-02-13
QX-BAK-577,PZ-METRO,2.50,2026-01-03
QX-BAK-577,PZ-URBAN,2.28,2025-11-24
QX-BAK-577,PZ-CORE,2.19,2025-10-30
QX-BAK-577,PZ-VALUE,2.06,2025-10-26
QX-BAK-577,PZ-REMOTE,2.39,2025-12-27
QX-PRO-578,PZ-METRO,4.12,2025-11-04
QX-PRO-578,PZ-URBAN,3.75,2025-10-17
QX-PRO-578,PZ-CORE,3.61,2026-01-11
QX-PRO-578,PZ-VALUE,3.39,2025-12-16
QX-PRO-578,PZ-REMOTE,3.93,2026-02-11
QX-PET-579,PZ-METRO,5.14,2026-02-09
QX-PET-579,PZ-URBAN,4.69,2025-12-14
QX-PET-579,PZ-CORE,4.51,2025-11-29
QX-PET-579,PZ-VALUE,4.24,2026-02-24
QX-PET-579,PZ-REMOTE,4.92,2026-03-16
QX-HHD-580,PZ-METRO,11.86,2025-10-03
QX-HHD-580,PZ-URBAN,10.82,2025-12-31
QX-HHD-580,PZ-CORE,10.40,2026-03-05
QX-HHD-580,PZ-VALUE,9.78,2025-10-08
QX-HHD-580,PZ-REMOTE,11.34,2025-12-01
QX-CHL-581,PZ-METRO,7.12,2026-01-30
QX-CHL-581,PZ-URBAN,6.50,2025-12-17
QX-CHL-581,PZ-CORE,6.25,2025-11-29
QX-CHL-581,PZ-VALUE,5.88,2025-10-24
QX-CHL-581,PZ-REMOTE,6.81,2026-03-01
QX-DRK-582,PZ-METRO,6.69,2025-10-19
QX-DRK-582,PZ-URBAN,6.10,2025-11-14
QX-DRK-582,PZ-CORE,5.87,2025-10-07
QX-DRK-582,PZ-VALUE,5.52,2025-10-02
QX-DRK-582,PZ-REMOTE,6.40,2026-02-16
QX-HHD-583,PZ-METRO,2.41,2026-03-03
QX-HHD-583,PZ-URBAN,2.19,2025-12-30
QX-HHD-583,PZ-CORE,2.11,2025-11-25
QX-HHD-583,PZ-VALUE,1.98,2025-11-08
QX-HHD-583,PZ-REMOTE,2.30,2025-11-14
QX-DRK-584,PZ-METRO,2.19,2025-12-28
QX-DRK-584,PZ-URBAN,2.00,2026-03-09
QX-DRK-584,PZ-CORE,1.92,2025-11-23
QX-DRK-584,PZ-VALUE,1.80,2025-10-19
QX-DRK-584,PZ-REMOTE,2.09,2025-11-10
QX-DRK-586,PZ-METRO,1.52,2026-03-03
QX-DRK-586,PZ-URBAN,1.38,2026-03-15
QX-DRK-586,PZ-CORE,1.33,2025-12-02
QX-DRK-586,PZ-VALUE,1.25,2026-02-12
QX-DRK-586,PZ-REMOTE,1.45,2026-01-23
QX-BWS-587,PZ-METRO,25.09,2025-09-19
QX-BWS-587,PZ-URBAN,22.89,2025-11-29
QX-BWS-587,PZ-CORE,22.01,2025-10-27
QX-BWS-587,PZ-VALUE,20.69,2026-02-06
QX-BWS-587,PZ-REMOTE,23.99,2025-09-15
QX-DRY-588,PZ-METRO,4.69,2025-10-14
QX-DRY-588,PZ-URBAN,4.27,2025-10-20
QX-DRY-588,PZ-CORE,4.11,2025-10-14
QX-DRY-588,PZ-VALUE,3.86,2025-12-29
QX-DRY-588,PZ-REMOTE,4.48,2026-02-16
QX-CER-589,PZ-METRO,3.37,2025-11-14
QX-CER-589,PZ-URBAN,3.08,2025-11-14
QX-CER-589,PZ-CORE,2.96,2025-09-15
QX-CER-589,PZ-VALUE,2.78,2025-11-18
QX-CER-589,PZ-REMOTE,3.23,2025-12-15
QX-PRO-591,PZ-METRO,0.80,2025-12-28
QX-PRO-591,PZ-URBAN,0.75,2025-12-19
QX-PRO-591,PZ-CORE,0.70,2026-01-13
QX-PRO-591,PZ-VALUE,0.65,2025-11-03
QX-PRO-591,PZ-REMOTE,0.75,2025-09-16
QX-PET-592,PZ-METRO,4.96,2026-03-10
QX-PET-592,PZ-URBAN,4.52,2026-02-15
QX-PET-592,PZ-CORE,4.35,2025-10-02
QX-PET-592,PZ-VALUE,4.09,2025-10-12
QX-PET-592,PZ-REMOTE,4.74,2025-12-19
QX-BAK-593,PZ-METRO,9.93,2026-02-24
QX-BAK-593,PZ-URBAN,9.06,2025-11-18
QX-BAK-593,PZ-CORE,8.71,2025-10-02
QX-BAK-593,PZ-VALUE,8.19,2026-01-26
QX-BAK-593,PZ-REMOTE,9.49,2025-11-18
QX-PRO-594,PZ-METRO,4.45,2026-01-15
QX-PRO-594,PZ-URBAN,4.06,2025-09-15
QX-PRO-594,PZ-CORE,3.90,2025-09-15
QX-PRO-594,PZ-VALUE,3.67,2025-11-03
QX-PRO-594,PZ-REMOTE,4.25,2026-03-14
QX-PET-595,PZ-METRO,5.86,2025-10-30
QX-PET-595,PZ-URBAN,5.35,2025-12-31
QX-PET-595,PZ-CORE,5.14,2025-12-23
QX-PET-595,PZ-VALUE,4.83,2025-12-11
QX-PET-595,PZ-REMOTE,5.60,2026-02-13
QX-HHD-596,PZ-METRO,6.57,2025-12-31
QX-HHD-596,PZ-URBAN,5.99,2026-01-23
QX-HHD-596,PZ-CORE,5.76,2025-10-04
QX-HHD-596,PZ-VALUE,5.41,2025-10-12
QX-HHD-596,PZ-REMOTE,6.28,2026-02-05
QX-CER-597,PZ-METRO,5.34,2026-03-14
QX-CER-597,PZ-URBAN,4.87,2026-03-18
QX-CER-597,PZ-CORE,4.68,2025-12-22
QX-CER-597,PZ-VALUE,4.40,2025-12-21
QX-CER-597,PZ-REMOTE,5.10,2025-10-30
QX-PRO-598,PZ-METRO,1.41,2025-12-07
QX-PRO-598,PZ-URBAN,1.29,2025-10-05
QX-PRO-598,PZ-CORE,1.24,2025-11-26
QX-PRO-598,PZ-VALUE,1.17,2026-01-04
QX-PRO-598,PZ-REMOTE,1.35,2026-01-30
QX-CER-599,PZ-METRO,2.34,2025-10-24
QX-CER-599,PZ-URBAN,2.13,2026-02-22
QX-CER-599,PZ-CORE,2.05,2026-03-15
QX-CER-599,PZ-VALUE,1.93,2026-01-28
QX-CER-599,PZ-REMOTE,2.23,2025-10-30
QX-BAK-600,PZ-METRO,3.37,2025-12-28
QX-BAK-600,PZ-URBAN,3.08,2025-11-06
QX-BAK-600,PZ-CORE,2.96,2025-12-21
QX-BAK-600,PZ-VALUE,2.78,2025-10-09
QX-BAK-600,PZ-REMOTE,3.23,2025-10-20
QX-HHD-601,PZ-METRO,9.92,2025-12-21
QX-HHD-601,PZ-URBAN,9.05,2025-12-18
QX-HHD-601,PZ-CORE,8.70,2026-03-02
QX-HHD-601,PZ-VALUE,8.18,2025-10-21
QX-HHD-601,PZ-REMOTE,9.48,2025-12-09
QX-PRO-602,PZ-METRO,2.39,2026-03-03
QX-PRO-602,PZ-URBAN,2.18,2026-03-01
QX-PRO-602,PZ-CORE,2.10,2026-01-13
QX-PRO-602,PZ-VALUE,1.97,2025-10-31
QX-PRO-602,PZ-REMOTE,2.29,2026-01-14
QX-DRK-603,PZ-METRO,3.98,2026-03-22
QX-DRK-603,PZ-URBAN,3.63,2025-09-22
QX-DRK-603,PZ-CORE,3.49,2026-01-01
QX-DRK-603,PZ-VALUE,3.28,2026-03-06
QX-DRK-603,PZ-REMOTE,3.80,2026-03-02
QX-DRY-604,PZ-METRO,5.37,2025-09-28
QX-DRY-604,PZ-URBAN,4.90,2026-01-27
QX-DRY-604,PZ-CORE,4.71,2025-12-05
QX-DRY-604,PZ-VALUE,4.43,2026-01-17
QX-DRY-604,PZ-REMOTE,5.13,2026-03-18
QX-BWS-605,PZ-METRO,25.89,2025-10-14
QX-BWS-605,PZ-URBAN,23.62,2025-09-14
QX-BWS-605,PZ-CORE,22.71,2026-02-16
QX-BWS-605,PZ-VALUE,21.35,2026-03-15
QX-BWS-605,PZ-REMOTE,24.75,2026-02-11
QX-PRO-606,PZ-METRO,1.28,2025-09-26
QX-PRO-606,PZ-URBAN,1.16,2025-09-27
QX-PRO-606,PZ-CORE,1.12,2026-03-16
QX-PRO-606,PZ-VALUE,1.05,2025-10-03
QX-PRO-606,PZ-REMOTE,1.22,2026-03-11
QX-BAK-607,PZ-METRO,4.26,2026-03-03
QX-BAK-607,PZ-URBAN,3.89,2026-02-14
QX-BAK-607,PZ-CORE,3.74,2026-01-03
QX-BAK-607,PZ-VALUE,3.52,2026-02-14
QX-BAK-607,PZ-REMOTE,4.08,2025-12-19
QX-PRO-608,PZ-METRO,4.56,2026-02-11
QX-PRO-608,PZ-URBAN,4.16,2025-10-23
QX-PRO-608,PZ-CORE,4.00,2026-03-14
QX-PRO-608,PZ-VALUE,3.76,2025-12-19
QX-PRO-608,PZ-REMOTE,4.36,2025-12-27
QX-HBC-609,PZ-METRO,6.01,2026-02-21
QX-HBC-609,PZ-URBAN,5.48,2025-10-15
QX-HBC-609,PZ-CORE,5.27,2025-11-08
QX-HBC-609,PZ-VALUE,4.95,2026-03-03
QX-HBC-609,PZ-REMOTE,5.74,2025-11-11
QX-BWS-610,PZ-METRO,34.93,2026-03-15
QX-BWS-610,PZ-URBAN,31.87,2026-02-23
QX-BWS-610,PZ-CORE,30.64,2025-12-29
QX-BWS-610,PZ-VALUE,28.80,2025-11-26
QX-BWS-610,PZ-REMOTE,33.40,2025-10-21
QX-DRK-611,PZ-METRO,6.45,2025-10-16
QX-DRK-611,PZ-URBAN,5.89,2025-12-14
QX-DRK-611,PZ-CORE,5.66,2025-12-22
QX-DRK-611,PZ-VALUE,5.32,2026-01-27
QX-DRK-611,PZ-REMOTE,6.17,2026-01-18
QX-CER-612,PZ-METRO,4.35,2026-01-16
QX-CER-612,PZ-URBAN,3.97,2025-10-19
QX-CER-612,PZ-CORE,3.82,2025-12-14
QX-CER-612,PZ-VALUE,3.59,2026-02-16
QX-CER-612,PZ-REMOTE,4.16,2026-02-26
QX-BWS-613,PZ-METRO,19.33,2026-01-31
QX-BWS-613,PZ-URBAN,17.64,2025-12-03
QX-BWS-613,PZ-CORE,16.96,2025-10-30
QX-BWS-613,PZ-VALUE,15.94,2026-02-10
QX-BWS-613,PZ-REMOTE,18.49,2026-02-13
QX-FRZ-614,PZ-METRO,9.59,2025-12-29
QX-FRZ-614,PZ-URBAN,8.75,2025-10-16
QX-FRZ-614,PZ-CORE,8.41,2025-11-22
QX-FRZ-614,PZ-VALUE,7.91,2026-02-15
QX-FRZ-614,PZ-REMOTE,9.17,2026-02-01
QX-CHL-615,PZ-METRO,3.09,2026-01-16
QX-CHL-615,PZ-URBAN,2.82,2025-11-16
QX-CHL-615,PZ-CORE,2.71,2026-03-03
QX-CHL-615,PZ-VALUE,2.55,2026-01-23
QX-CHL-615,PZ-REMOTE,2.95,2025-12-21
QX-BAK-616,PZ-METRO,4.47,2026-03-22
QX-BAK-616,PZ-URBAN,4.08,2026-02-08
QX-BAK-616,PZ-CORE,3.92,2025-12-26
QX-BAK-616,PZ-VALUE,3.68,2026-01-25
QX-BAK-616,PZ-REMOTE,4.27,2025-12-27
QX-BWS-617,PZ-METRO,9.71,2026-03-12
QX-BWS-617,PZ-URBAN,8.86,2026-01-09
QX-BWS-617,PZ-CORE,8.52,2025-11-29
QX-BWS-617,PZ-VALUE,8.01,2025-10-26
QX-BWS-617,PZ-REMOTE,9.29,2025-10-15
QX-BWS-618,PZ-METRO,20.18,2025-12-27
QX-BWS-618,PZ-URBAN,18.41,2026-01-16
QX-BWS-618,PZ-CORE,17.70,2025-12-02
QX-BWS-618,PZ-VALUE,16.64,2025-11-28
QX-BWS-618,PZ-REMOTE,19.29,2025-10-29
QX-BAK-619,PZ-METRO,2.55,2025-12-28
QX-BAK-619,PZ-URBAN,2.33,2025-12-25
QX-BAK-619,PZ-CORE,2.24,2025-09-14
QX-BAK-619,PZ-VALUE,2.11,2026-02-12
QX-BAK-619,PZ-REMOTE,2.44,2025-10-05
QX-FRZ-621,PZ-METRO,8.99,2026-03-18
QX-FRZ-621,PZ-URBAN,8.21,2025-10-25
QX-FRZ-621,PZ-CORE,7.89,2025-12-03
QX-FRZ-621,PZ-VALUE,7.42,2025-12-05
QX-FRZ-621,PZ-REMOTE,8.60,2025-11-07
QX-HHD-622,PZ-METRO,5.61,2025-12-27
QX-HHD-622,PZ-URBAN,5.12,2025-12-09
QX-HHD-622,PZ-CORE,4.92,2026-01-02
QX-HHD-622,PZ-VALUE,4.62,2026-02-15
QX-HHD-622,PZ-REMOTE,5.36,2026-01-17
QX-CHL-623,PZ-METRO,2.01,2025-10-07
QX-CHL-623,PZ-URBAN,1.83,2025-09-22
QX-CHL-623,PZ-CORE,1.76,2025-10-12
QX-CHL-623,PZ-VALUE,1.65,2026-01-27
QX-CHL-623,PZ-REMOTE,1.92,2025-12-15
QX-DRY-624,PZ-METRO,7.10,2025-11-01
QX-DRY-624,PZ-URBAN,6.48,2025-10-20
QX-DRY-624,PZ-CORE,6.23,2025-12-27
QX-DRY-624,PZ-VALUE,5.86,2026-01-26
QX-DRY-624,PZ-REMOTE,6.79,2026-01-20
QX-CER-625,PZ-METRO,1.92,2025-11-16
QX-CER-625,PZ-URBAN,1.75,2025-12-04
QX-CER-625,PZ-CORE,1.68,2026-01-30
QX-CER-625,PZ-VALUE,1.58,2026-01-13
QX-CER-625,PZ-REMOTE,1.83,2025-11-09
QX-DRY-626,PZ-METRO,5.16,2025-11-19
QX-DRY-626,PZ-URBAN,4.71,2025-10-16
QX-DRY-626,PZ-CORE,4.53,2026-02-23
QX-DRY-626,PZ-VALUE,4.26,2025-10-17
QX-DRY-626,PZ-REMOTE,4.94,2025-09-24
QX-HHD-627,PZ-METRO,10.68,2026-02-07
QX-HHD-627,PZ-URBAN,9.74,2025-11-18
QX-HHD-627,PZ-CORE,9.37,2026-01-09
QX-HHD-627,PZ-VALUE,8.81,2025-09-14
QX-HHD-627,PZ-REMOTE,10.21,2026-01-14
QX-FRZ-628,PZ-METRO,4.45,2025-12-22
QX-FRZ-628,PZ-URBAN,4.06,2025-12-01
QX-FRZ-628,PZ-CORE,3.90,2026-02-17
QX-FRZ-628,PZ-VALUE,3.67,2025-12-27
QX-FRZ-628,PZ-REMOTE,4.25,2025-12-24
QX-FRZ-629,PZ-METRO,6.74,2026-02-17
QX-FRZ-629,PZ-URBAN,6.15,2025-10-18
QX-FRZ-629,PZ-CORE,5.91,2025-10-04
QX-FRZ-629,PZ-VALUE,5.56,2025-11-19
QX-FRZ-629,PZ-REMOTE,6.44,2026-01-04
QX-DRK-630,PZ-METRO,5.29,2025-11-08
QX-DRK-630,PZ-URBAN,4.83,2025-12-15
QX-DRK-630,PZ-CORE,4.64,2025-09-22
QX-DRK-630,PZ-VALUE,4.36,2025-10-21
QX-DRK-630,PZ-REMOTE,5.06,2025-11-30
QX-FRZ-631,PZ-METRO,7.12,2025-10-19
QX-FRZ-631,PZ-URBAN,6.50,2025-09-21
QX-FRZ-631,PZ-CORE,6.25,2026-01-23
QX-FRZ-631,PZ-VALUE,5.88,2025-12-09
QX-FRZ-631,PZ-REMOTE,6.81,2025-12-20
QX-TIN-632,PZ-METRO,3.06,2025-10-08
QX-TIN-632,PZ-URBAN,2.79,2025-11-11
QX-TIN-632,PZ-CORE,2.68,2026-01-21
QX-TIN-632,PZ-VALUE,2.52,2026-03-02
QX-TIN-632,PZ-REMOTE,2.92,2026-01-19
QX-CHL-633,PZ-METRO,10.82,2026-01-23
QX-CHL-633,PZ-URBAN,9.87,2025-11-29
QX-CHL-633,PZ-CORE,9.49,2025-11-23
QX-CHL-633,PZ-VALUE,8.92,2025-12-04
QX-CHL-633,PZ-REMOTE,10.34,2025-12-25
QX-DRK-634,PZ-METRO,3.18,2025-11-14
QX-DRK-634,PZ-URBAN,2.90,2025-11-01
QX-DRK-634,PZ-CORE,2.79,2025-12-09
QX-DRK-634,PZ-VALUE,2.62,2025-11-22
QX-DRK-634,PZ-REMOTE,3.04,2026-01-02
QX-BAK-635,PZ-METRO,3.01,2026-01-17
QX-BAK-635,PZ-URBAN,2.75,2025-09-25
QX-BAK-635,PZ-CORE,2.64,2026-03-04
QX-BAK-635,PZ-VALUE,2.48,2025-09-15
QX-BAK-635,PZ-REMOTE,2.88,2026-03-02
QX-TIN-636,PZ-METRO,1.85,2026-01-31
QX-TIN-636,PZ-URBAN,1.68,2025-10-12
QX-TIN-636,PZ-CORE,1.62,2025-10-07
QX-TIN-636,PZ-VALUE,1.52,2026-03-11
QX-TIN-636,PZ-REMOTE,1.77,2025-10-01
QX-HHD-637,PZ-METRO,3.49,2025-10-26
QX-HHD-637,PZ-URBAN,3.18,2026-03-09
QX-HHD-637,PZ-CORE,3.06,2025-12-29
QX-HHD-637,PZ-VALUE,2.88,2026-01-22
QX-HHD-637,PZ-REMOTE,3.34,2025-11-01
QX-PET-638,PZ-METRO,5.32,2025-11-30
QX-PET-638,PZ-URBAN,4.86,2026-01-14
QX-PET-638,PZ-CORE,4.67,2025-10-11
QX-PET-638,PZ-VALUE,4.39,2026-03-04
QX-PET-638,PZ-REMOTE,5.09,2026-03-03
QX-BAK-639,PZ-METRO,9.39,2026-01-08
QX-BAK-639,PZ-URBAN,8.57,2026-01-14
QX-BAK-639,PZ-CORE,8.24,2025-09-17
QX-BAK-639,PZ-VALUE,7.75,2025-10-04
QX-BAK-639,PZ-REMOTE,8.98,2025-11-10
QX-HHD-640,PZ-METRO,6.82,2025-09-29
QX-HHD-640,PZ-URBAN,6.22,2026-03-05
QX-HHD-640,PZ-CORE,5.98,2026-02-21
QX-HHD-640,PZ-VALUE,5.62,2025-12-31
QX-HHD-640,PZ-REMOTE,6.52,2026-01-18
QX-FRZ-641,PZ-METRO,1.80,2025-10-24
QX-FRZ-641,PZ-URBAN,1.64,2026-03-21
QX-FRZ-641,PZ-CORE,1.58,2025-09-27
QX-FRZ-641,PZ-VALUE,1.49,2025-10-26
QX-FRZ-641,PZ-REMOTE,1.72,2026-02-23
QX-HBC-642,PZ-METRO,6.84,2025-12-12
QX-HBC-642,PZ-URBAN,6.24,2025-11-12
QX-HBC-642,PZ-CORE,6.00,2025-11-16
QX-HBC-642,PZ-VALUE,5.64,2026-01-01
QX-HBC-642,PZ-REMOTE,6.54,2025-10-03
QX-PRO-643,PZ-METRO,4.82,2025-10-20
QX-PRO-643,PZ-URBAN,4.40,2025-09-21
QX-PRO-643,PZ-CORE,4.23,2026-03-06
QX-PRO-643,PZ-VALUE,3.98,2026-03-13
QX-PRO-643,PZ-REMOTE,4.61,2026-01-29
QX-BAK-644,PZ-METRO,4.75,2026-03-20
QX-BAK-644,PZ-URBAN,4.34,2026-03-19
QX-BAK-644,PZ-CORE,4.17,2025-12-31
QX-BAK-644,PZ-VALUE,3.92,2026-02-12
QX-BAK-644,PZ-REMOTE,4.55,2026-03-10
QX-DRK-645,PZ-METRO,5.89,2025-12-26
QX-DRK-645,PZ-URBAN,5.38,2026-02-02
QX-DRK-645,PZ-CORE,5.17,2026-03-10
QX-DRK-645,PZ-VALUE,4.86,2025-11-15
QX-DRK-645,PZ-REMOTE,5.64,2026-01-06
QX-DRY-646,PZ-METRO,3.89,2025-11-25
QX-DRY-646,PZ-URBAN,3.55,2025-12-28
QX-DRY-646,PZ-CORE,3.41,2026-02-18
QX-DRY-646,PZ-VALUE,3.21,2025-09-22
QX-DRY-646,PZ-REMOTE,3.72,2026-02-25
QX-BAK-647,PZ-METRO,1.65,2025-09-28
QX-BAK-647,PZ-URBAN,1.51,2025-10-31
QX-BAK-647,PZ-CORE,1.45,2026-01-14
QX-BAK-647,PZ-VALUE,1.36,2026-01-20
QX-BAK-647,PZ-REMOTE,1.58,2025-12-03
QX-CHL-648,PZ-METRO,5.40,2025-11-21
QX-CHL-648,PZ-URBAN,4.93,2025-09-18
QX-CHL-648,PZ-CORE,4.74,2025-11-07
QX-CHL-648,PZ-VALUE,4.46,2025-12-22
QX-CHL-648,PZ-REMOTE,5.17,2025-12-03
QX-FRZ-649,PZ-METRO,7.81,2025-12-25
QX-FRZ-649,PZ-URBAN,7.12,2025-09-17
QX-FRZ-649,PZ-CORE,6.85,2025-12-19
QX-FRZ-649,PZ-VALUE,6.44,2025-12-10
QX-FRZ-649,PZ-REMOTE,7.47,2026-03-19
QX-BAK-650,PZ-METRO,4.55,2025-12-25
QX-BAK-650,PZ-URBAN,4.15,2025-12-23
QX-BAK-650,PZ-CORE,3.99,2025-09-28
QX-BAK-650,PZ-VALUE,3.75,2026-01-15
QX-BAK-650,PZ-REMOTE,4.35,2026-02-21
QX-DRK-651,PZ-METRO,3.14,2026-02-06
QX-DRK-651,PZ-URBAN,2.86,2026-01-28
QX-DRK-651,PZ-CORE,2.75,2026-02-16
QX-DRK-651,PZ-VALUE,2.59,2025-10-27
QX-DRK-651,PZ-REMOTE,3.00,2026-01-07
QX-FRZ-652,PZ-METRO,6.29,2025-11-09
QX-FRZ-652,PZ-URBAN,5.74,2025-12-06
QX-FRZ-652,PZ-CORE,5.52,2026-01-03
QX-FRZ-652,PZ-VALUE,5.19,2025-09-24
QX-FRZ-652,PZ-REMOTE,6.02,2026-03-05
QX-CER-653,PZ-METRO,2.80,2026-01-21
QX-CER-653,PZ-URBAN,2.56,2025-11-29
QX-CER-653,PZ-CORE,2.46,2025-11-17
QX-CER-653,PZ-VALUE,2.31,2025-12-11
QX-CER-653,PZ-REMOTE,2.68,2025-12-12
QX-BAK-654,PZ-METRO,3.89,2025-12-28
QX-BAK-654,PZ-URBAN,3.55,2025-12-20
QX-BAK-654,PZ-CORE,3.41,2025-10-10
QX-BAK-654,PZ-VALUE,3.21,2025-09-15
QX-BAK-654,PZ-REMOTE,3.72,2025-11-11
QX-BWS-655,PZ-METRO,13.86,2026-02-08
QX-BWS-655,PZ-URBAN,12.65,2025-09-17
QX-BWS-655,PZ-CORE,12.16,2026-02-05
QX-BWS-655,PZ-VALUE,11.43,2026-02-26
QX-BWS-655,PZ-REMOTE,13.25,2026-01-14
QX-TIN-656,PZ-METRO,1.07,2026-02-17
QX-TIN-656,PZ-URBAN,1.00,2025-12-12
QX-TIN-656,PZ-CORE,0.95,2025-09-28
QX-TIN-656,PZ-VALUE,0.90,2026-03-20
QX-TIN-656,PZ-REMOTE,1.02,2025-10-06
QX-CER-657,PZ-METRO,3.76,2026-01-12
QX-CER-657,PZ-URBAN,3.43,2026-03-18
QX-CER-657,PZ-CORE,3.30,2025-10-22
QX-CER-657,PZ-VALUE,3.10,2025-11-19
QX-CER-657,PZ-REMOTE,3.60,2025-11-03
QX-DRY-658,PZ-METRO,2.90,2026-02-27
QX-DRY-658,PZ-URBAN,2.64,2025-12-03
QX-DRY-658,PZ-CORE,2.54,2026-03-17
QX-DRY-658,PZ-VALUE,2.39,2026-02-13
QX-DRY-658,PZ-REMOTE,2.77,2026-02-22
QX-BAK-660,PZ-METRO,8.54,2025-11-04
QX-BAK-660,PZ-URBAN,7.79,2025-10-07
QX-BAK-660,PZ-CORE,7.49,2025-11-03
QX-BAK-660,PZ-VALUE,7.04,2026-03-07
QX-BAK-660,PZ-REMOTE,8.16,2026-03-09
QX-HHD-662,PZ-METRO,1.95,2025-10-26
QX-HHD-662,PZ-URBAN,1.78,2026-03-18
QX-HHD-662,PZ-CORE,1.71,2026-02-04
QX-HHD-662,PZ-VALUE,1.61,2026-01-26
QX-HHD-662,PZ-REMOTE,1.86,2026-03-17
QX-CER-663,PZ-METRO,2.01,2025-12-06
QX-CER-663,PZ-URBAN,1.83,2025-12-29
QX-CER-663,PZ-CORE,1.76,2026-03-17
QX-CER-663,PZ-VALUE,1.65,2026-03-18
QX-CER-663,PZ-REMOTE,1.92,2026-03-12
QX-BAK-664,PZ-METRO,3.29,2026-02-18
QX-BAK-664,PZ-URBAN,3.01,2026-01-20
QX-BAK-664,PZ-CORE,2.89,2025-09-30
QX-BAK-664,PZ-VALUE,2.72,2025-12-08
QX-BAK-664,PZ-REMOTE,3.15,2026-02-19
QX-BWS-666,PZ-METRO,13.29,2025-10-19
QX-BWS-666,PZ-URBAN,12.13,2026-02-06
QX-BWS-666,PZ-CORE,11.66,2026-02-11
QX-BWS-666,PZ-VALUE,10.96,2025-11-03
QX-BWS-666,PZ-REMOTE,12.71,2026-03-07
QX-FRZ-667,PZ-METRO,1.66,2026-01-25
QX-FRZ-667,PZ-URBAN,1.52,2026-02-09
QX-FRZ-667,PZ-CORE,1.46,2025-09-25
QX-FRZ-667,PZ-VALUE,1.37,2025-12-27
QX-FRZ-667,PZ-REMOTE,1.59,2025-11-01
QX-CER-668,PZ-METRO,5.40,2025-11-14
QX-CER-668,PZ-URBAN,4.93,2025-12-28
QX-CER-668,PZ-CORE,4.74,2025-10-06
QX-CER-668,PZ-VALUE,4.46,2025-10-08
QX-CER-668,PZ-REMOTE,5.17,2025-09-15
QX-DRK-669,PZ-METRO,6.27,2025-11-23
QX-DRK-669,PZ-URBAN,5.72,2025-11-04
QX-DRK-669,PZ-CORE,5.50,2025-10-09
QX-DRK-669,PZ-VALUE,5.17,2025-10-18
QX-DRK-669,PZ-REMOTE,6.00,2025-10-08
QX-HHD-670,PZ-METRO,1.66,2026-01-16
QX-HHD-670,PZ-URBAN,1.52,2025-12-03
QX-HHD-670,PZ-CORE,1.46,2025-12-03
QX-HHD-670,PZ-VALUE,1.37,2025-12-18
QX-HHD-670,PZ-REMOTE,1.59,2026-03-01
QX-BWS-671,PZ-METRO,16.50,2026-02-13
QX-BWS-671,PZ-URBAN,15.05,2025-10-07
QX-BWS-671,PZ-CORE,14.47,2025-11-03
QX-BWS-671,PZ-VALUE,13.60,2025-09-26
QX-BWS-671,PZ-REMOTE,15.77,2026-03-14
QX-TIN-672,PZ-METRO,2.51,2025-12-04
QX-TIN-672,PZ-URBAN,2.29,2026-01-04
QX-TIN-672,PZ-CORE,2.20,2025-10-30
QX-TIN-672,PZ-VALUE,2.07,2026-03-20
QX-TIN-672,PZ-REMOTE,2.40,2026-01-18
QX-CER-674,PZ-METRO,4.27,2025-12-18
QX-CER-674,PZ-URBAN,3.90,2025-09-19
QX-CER-674,PZ-CORE,3.75,2026-02-03
QX-CER-674,PZ-VALUE,3.53,2026-01-08
QX-CER-674,PZ-REMOTE,4.09,2025-12-23
QX-CHL-675,PZ-METRO,4.64,2026-03-09
QX-CHL-675,PZ-URBAN,4.23,2026-01-14
QX-CHL-675,PZ-CORE,4.07,2026-03-10
QX-CHL-675,PZ-VALUE,3.83,2026-02-22
QX-CHL-675,PZ-REMOTE,4.44,2025-09-26
QX-DRK-676,PZ-METRO,7.15,2025-11-10
QX-DRK-676,PZ-URBAN,6.52,2025-11-06
QX-DRK-676,PZ-CORE,6.27,2025-10-15
QX-DRK-676,PZ-VALUE,5.89,2026-01-31
QX-DRK-676,PZ-REMOTE,6.83,2025-09-16
QX-DRK-677,PZ-METRO,3.37,2025-11-02
QX-DRK-677,PZ-URBAN,3.08,2026-02-04
QX-DRK-677,PZ-CORE,2.96,2025-10-19
QX-DRK-677,PZ-VALUE,2.78,2025-10-18
QX-DRK-677,PZ-REMOTE,3.23,2026-02-26
QX-FRZ-678,PZ-METRO,9.39,2026-01-23
QX-FRZ-678,PZ-URBAN,8.57,2026-02-06
QX-FRZ-678,PZ-CORE,8.24,2025-10-12
QX-FRZ-678,PZ-VALUE,7.75,2025-09-20
QX-FRZ-678,PZ-REMOTE,8.98,2025-11-03
QX-HHD-679,PZ-METRO,13.22,2026-01-25
QX-HHD-679,PZ-URBAN,12.06,2025-12-04
QX-HHD-679,PZ-CORE,11.60,2026-02-21
QX-HHD-679,PZ-VALUE,10.90,2026-01-10
QX-HHD-679,PZ-REMOTE,12.64,2025-12-15
QX-CHL-680,PZ-METRO,17.26,2025-10-30
QX-CHL-680,PZ-URBAN,15.75,2025-09-25
QX-CHL-680,PZ-CORE,15.14,2026-02-03
QX-CHL-680,PZ-VALUE,14.23,2026-01-04
QX-CHL-680,PZ-REMOTE,16.50,2025-12-10
QX-PRO-683,PZ-METRO,1.41,2026-02-24
QX-PRO-683,PZ-URBAN,1.29,2026-01-13
QX-PRO-683,PZ-CORE,1.24,2025-09-18
QX-PRO-683,PZ-VALUE,1.17,2026-01-27
QX-PRO-683,PZ-REMOTE,1.35,2025-10-24
QX-BWS-684,PZ-METRO,8.54,2025-12-06
QX-BWS-684,PZ-URBAN,7.79,2026-02-11
QX-BWS-684,PZ-CORE,7.49,2026-02-13
QX-BWS-684,PZ-VALUE,7.04,2025-11-13
QX-BWS-684,PZ-REMOTE,8.16,2026-03-21
QX-PET-685,PZ-METRO,7.65,2025-12-25
QX-PET-685,PZ-URBAN,6.98,2025-11-19
QX-PET-685,PZ-CORE,6.71,2025-12-24
QX-PET-685,PZ-VALUE,6.31,2026-02-09
QX-PET-685,PZ-REMOTE,7.31,2026-02-15
QX-BWS-686,PZ-METRO,22.02,2026-02-14
QX-BWS-686,PZ-URBAN,20.09,2026-01-21
QX-BWS-686,PZ-CORE,19.32,2025-10-11
QX-BWS-686,PZ-VALUE,18.16,2026-02-05
QX-BWS-686,PZ-REMOTE,21.06,2025-10-18
QX-BAK-687,PZ-METRO,6.29,2025-11-29
QX-BAK-687,PZ-URBAN,5.74,2026-02-02
QX-BAK-687,PZ-CORE,5.52,2026-02-21
QX-BAK-687,PZ-VALUE,5.19,2025-12-27
QX-BAK-687,PZ-REMOTE,6.02,2025-11-12
QX-DRK-688,PZ-METRO,1.19,2025-11-10
QX-DRK-688,PZ-URBAN,1.08,2026-01-13
QX-DRK-688,PZ-CORE,1.04,2026-02-15
QX-DRK-688,PZ-VALUE,1.00,2026-01-01
QX-DRK-688,PZ-REMOTE,1.13,2025-11-17
QX-PRO-689,PZ-METRO,3.86,2026-03-11
QX-PRO-689,PZ-URBAN,3.53,2026-01-02
QX-PRO-689,PZ-CORE,3.39,2025-11-03
QX-PRO-689,PZ-VALUE,3.19,2025-09-23
QX-PRO-689,PZ-REMOTE,3.70,2026-03-10
QX-PET-690,PZ-METRO,9.66,2026-01-11
QX-PET-690,PZ-URBAN,8.81,2025-09-26
QX-PET-690,PZ-CORE,8.47,2026-01-13
QX-PET-690,PZ-VALUE,7.96,2025-09-28
QX-PET-690,PZ-REMOTE,9.23,2025-12-31
QX-BWS-691,PZ-METRO,29.51,2026-03-22
QX-BWS-691,PZ-URBAN,26.93,2025-12-25
QX-BWS-691,PZ-CORE,25.89,2025-09-28
QX-BWS-691,PZ-VALUE,24.34,2026-02-14
QX-BWS-691,PZ-REMOTE,28.22,2025-12-24
QX-PRO-692,PZ-METRO,2.20,2026-01-12
QX-PRO-692,PZ-URBAN,2.01,2026-02-06
QX-PRO-692,PZ-CORE,1.93,2026-01-17
QX-PRO-692,PZ-VALUE,1.81,2026-02-01
QX-PRO-692,PZ-REMOTE,2.10,2026-01-07
QX-DRY-693,PZ-METRO,1.19,2025-10-09
QX-DRY-693,PZ-URBAN,1.08,2026-03-19
QX-DRY-693,PZ-CORE,1.04,2025-10-27
QX-DRY-693,PZ-VALUE,1.00,2025-10-02
QX-DRY-693,PZ-REMOTE,1.13,2026-03-20
QX-FRZ-694,PZ-METRO,4.87,2025-11-07
QX-FRZ-694,PZ-URBAN,4.44,2025-10-04
QX-FRZ-694,PZ-CORE,4.27,2025-10-11
QX-FRZ-694,PZ-VALUE,4.01,2026-01-08
QX-FRZ-694,PZ-REMOTE,4.65,2025-11-12
QX-CER-696,PZ-METRO,3.58,2025-12-01
QX-CER-696,PZ-URBAN,3.27,2025-12-01
QX-CER-696,PZ-CORE,3.14,2025-10-08
QX-CER-696,PZ-VALUE,2.95,2026-01-01
QX-CER-696,PZ-REMOTE,3.42,2025-12-16
QX-HHD-697,PZ-METRO,9.05,2025-12-19
QX-HHD-697,PZ-URBAN,8.26,2026-02-04
QX-HHD-697,PZ-CORE,7.94,2026-02-17
QX-HHD-697,PZ-VALUE,7.46,2025-11-04
QX-HHD-697,PZ-REMOTE,8.65,2026-03-12
QX-CER-698,PZ-METRO,4.02,2025-10-06
QX-CER-698,PZ-URBAN,3.67,2025-09-14
QX-CER-698,PZ-CORE,3.53,2025-10-12
QX-CER-698,PZ-VALUE,3.32,2025-10-03
QX-CER-698,PZ-REMOTE,3.85,2025-09-23
QX-HBC-699,PZ-METRO,13.59,2025-11-17
QX-HBC-699,PZ-URBAN,12.40,2025-10-09
QX-HBC-699,PZ-CORE,11.92,2025-10-18
QX-HBC-699,PZ-VALUE,11.20,2026-03-05
QX-HBC-699,PZ-REMOTE,12.99,2025-11-19
QX-BAK-700,PZ-METRO,7.36,2026-03-16
QX-BAK-700,PZ-URBAN,6.72,2026-03-14
QX-BAK-700,PZ-CORE,6.46,2025-10-23
QX-BAK-700,PZ-VALUE,6.07,2026-01-16
QX-BAK-700,PZ-REMOTE,7.04,2025-10-04
QX-BAK-701,PZ-METRO,2.70,2025-09-18
QX-BAK-701,PZ-URBAN,2.46,2026-01-18
QX-BAK-701,PZ-CORE,2.37,2026-01-17
QX-BAK-701,PZ-VALUE,2.23,2025-10-28
QX-BAK-701,PZ-REMOTE,2.58,2026-02-07
QX-PET-702,PZ-METRO,10.59,2025-12-11
QX-PET-702,PZ-URBAN,9.66,2026-02-04
QX-PET-702,PZ-CORE,9.29,2026-01-22
QX-PET-702,PZ-VALUE,8.73,2026-01-12
QX-PET-702,PZ-REMOTE,10.13,2025-11-30
QX-CHL-703,PZ-METRO,7.77,2025-10-12
QX-CHL-703,PZ-URBAN,7.09,2025-10-01
QX-CHL-703,PZ-CORE,6.82,2025-12-26
QX-CHL-703,PZ-VALUE,6.41,2026-03-08
QX-CHL-703,PZ-REMOTE,7.43,2025-11-22
QX-FRZ-704,PZ-METRO,1.94,2025-12-16
QX-FRZ-704,PZ-URBAN,1.77,2026-03-10
QX-FRZ-704,PZ-CORE,1.70,2026-02-28
QX-FRZ-704,PZ-VALUE,1.60,2025-11-15
QX-FRZ-704,PZ-REMOTE,1.85,2025-12-04
QX-TIN-705,PZ-METRO,2.04,2026-02-04
QX-TIN-705,PZ-URBAN,1.86,2025-09-24
QX-TIN-705,PZ-CORE,1.79,2026-03-07
QX-TIN-705,PZ-VALUE,1.68,2026-02-07
QX-TIN-705,PZ-REMOTE,1.95,2025-10-27
QX-TIN-706,PZ-METRO,2.83,2026-02-21
QX-TIN-706,PZ-URBAN,2.58,2026-03-11
QX-TIN-706,PZ-CORE,2.48,2026-01-14
QX-TIN-706,PZ-VALUE,2.33,2025-10-09
QX-TIN-706,PZ-REMOTE,2.70,2025-12-09
QX-BWS-707,PZ-METRO,19.44,2025-11-21
QX-BWS-707,PZ-URBAN,17.73,2025-10-24
QX-BWS-707,PZ-CORE,17.05,2026-01-17
QX-BWS-707,PZ-VALUE,16.03,2025-11-22
QX-BWS-707,PZ-REMOTE,18.58,2025-11-13
QX-HHD-708,PZ-METRO,11.05,2026-02-16
QX-HHD-708,PZ-URBAN,10.08,2025-11-30
QX-HHD-708,PZ-CORE,9.69,2026-01-02
QX-HHD-708,PZ-VALUE,9.11,2025-11-21
QX-HHD-708,PZ-REMOTE,10.56,2026-02-02
QX-BWS-711,PZ-METRO,6.81,2025-11-05
QX-BWS-711,PZ-URBAN,6.21,2026-01-21
QX-BWS-711,PZ-CORE,5.97,2026-01-27
QX-BWS-711,PZ-VALUE,5.61,2025-10-12
QX-BWS-711,PZ-REMOTE,6.51,2026-03-10
QX-FRZ-712,PZ-METRO,1.66,2025-12-23
QX-FRZ-712,PZ-URBAN,1.52,2026-02-28
QX-FRZ-712,PZ-CORE,1.46,2025-09-28
QX-FRZ-712,PZ-VALUE,1.37,2026-02-15
QX-FRZ-712,PZ-REMOTE,1.59,2026-01-22
QX-CER-714,PZ-METRO,3.32,2026-01-18
QX-CER-714,PZ-URBAN,3.03,2025-10-30
QX-CER-714,PZ-CORE,2.91,2025-12-19
QX-CER-714,PZ-VALUE,2.74,2026-01-07
QX-CER-714,PZ-REMOTE,3.17,2026-02-24
QX-TIN-715,PZ-METRO,1.66,2026-01-05
QX-TIN-715,PZ-URBAN,1.52,2026-02-01
QX-TIN-715,PZ-CORE,1.46,2026-02-17
QX-TIN-715,PZ-VALUE,1.37,2025-10-10
QX-TIN-715,PZ-REMOTE,1.59,2026-02-23
QX-BAK-716,PZ-METRO,4.31,2026-01-24
QX-BAK-716,PZ-URBAN,3.93,2025-10-16
QX-BAK-716,PZ-CORE,3.78,2025-11-10
QX-BAK-716,PZ-VALUE,3.55,2025-12-16
QX-BAK-716,PZ-REMOTE,4.12,2026-03-12
QX-CER-717,PZ-METRO,1.69,2025-11-18
QX-CER-717,PZ-URBAN,1.54,2025-12-05
QX-CER-717,PZ-CORE,1.48,2025-12-04
QX-CER-717,PZ-VALUE,1.39,2025-10-30
QX-CER-717,PZ-REMOTE,1.61,2025-12-03
QX-TIN-718,PZ-METRO,1.11,2026-01-10
QX-TIN-718,PZ-URBAN,1.01,2025-09-18
QX-TIN-718,PZ-CORE,0.95,2025-09-16
QX-TIN-718,PZ-VALUE,0.90,2025-11-10
QX-TIN-718,PZ-REMOTE,1.06,2026-03-19
QX-CER-720,PZ-METRO,4.34,2025-10-12
QX-CER-720,PZ-URBAN,3.96,2026-01-23
QX-CER-720,PZ-CORE,3.81,2026-01-08
QX-CER-720,PZ-VALUE,3.58,2025-10-26
QX-CER-720,PZ-REMOTE,4.15,2025-09-28
QX-HBC-721,PZ-METRO,3.96,2026-02-10
QX-HBC-721,PZ-URBAN,3.61,2025-12-12
QX-HBC-721,PZ-CORE,3.47,2026-02-07
QX-HBC-721,PZ-VALUE,3.26,2025-11-06
QX-HBC-721,PZ-REMOTE,3.78,2025-09-30
QX-TIN-722,PZ-METRO,2.29,2025-11-11
QX-TIN-722,PZ-URBAN,2.09,2026-01-28
QX-TIN-722,PZ-CORE,2.01,2026-02-26
QX-TIN-722,PZ-VALUE,1.89,2026-01-02
QX-TIN-722,PZ-REMOTE,2.19,2025-10-04
QX-DRY-724,PZ-METRO,1.78,2025-12-29
QX-DRY-724,PZ-URBAN,1.62,2026-02-21
QX-DRY-724,PZ-CORE,1.56,2025-12-24
QX-DRY-724,PZ-VALUE,1.47,2025-11-02
QX-DRY-724,PZ-REMOTE,1.70,2026-03-13
QX-HHD-725,PZ-METRO,7.93,2025-09-14
QX-HHD-725,PZ-URBAN,7.24,2025-12-26
QX-HHD-725,PZ-CORE,6.96,2025-11-15
QX-HHD-725,PZ-VALUE,6.54,2025-12-26
QX-HHD-725,PZ-REMOTE,7.59,2026-02-21
QX-BAK-726,PZ-METRO,2.37,2026-03-20
QX-BAK-726,PZ-URBAN,2.16,2025-11-30
QX-BAK-726,PZ-CORE,2.08,2025-10-24
QX-BAK-726,PZ-VALUE,1.96,2026-03-16
QX-BAK-726,PZ-REMOTE,2.27,2026-02-28
QX-DRY-727,PZ-METRO,7.08,2026-01-15
QX-DRY-727,PZ-URBAN,6.46,2025-10-24
QX-DRY-727,PZ-CORE,6.21,2026-03-18
QX-DRY-727,PZ-VALUE,5.84,2026-01-26
QX-DRY-727,PZ-REMOTE,6.77,2025-11-13
QX-HHD-728,PZ-METRO,8.80,2026-03-10
QX-HHD-728,PZ-URBAN,8.03,2026-01-18
QX-HHD-728,PZ-CORE,7.72,2025-12-23
QX-HHD-728,PZ-VALUE,7.26,2025-12-21
QX-HHD-728,PZ-REMOTE,8.41,2025-10-24
QX-PET-729,PZ-METRO,10.40,2026-02-16
QX-PET-729,PZ-URBAN,9.48,2026-01-19
QX-PET-729,PZ-CORE,9.12,2025-10-16
QX-PET-729,PZ-VALUE,8.57,2025-11-15
QX-PET-729,PZ-REMOTE,9.94,2025-09-24
QX-FRZ-730,PZ-METRO,5.57,2026-01-24
QX-FRZ-730,PZ-URBAN,5.09,2026-02-13
QX-FRZ-730,PZ-CORE,4.89,2025-12-11
QX-FRZ-730,PZ-VALUE,4.60,2025-11-13
QX-FRZ-730,PZ-REMOTE,5.33,2025-12-29
QX-PRO-731,PZ-METRO,4.91,2025-10-10
QX-PRO-731,PZ-URBAN,4.48,2025-11-28
QX-PRO-731,PZ-CORE,4.31,2025-11-30
QX-PRO-731,PZ-VALUE,4.05,2026-02-14
QX-PRO-731,PZ-REMOTE,4.70,2026-01-27
QX-TIN-732,PZ-METRO,2.85,2025-11-19
QX-TIN-732,PZ-URBAN,2.60,2025-11-23
QX-TIN-732,PZ-CORE,2.50,2025-09-24
QX-TIN-732,PZ-VALUE,2.35,2026-03-11
QX-TIN-732,PZ-REMOTE,2.73,2026-01-08
QX-DRK-733,PZ-METRO,2.95,2025-11-06
QX-DRK-733,PZ-URBAN,2.69,2025-12-10
QX-DRK-733,PZ-CORE,2.59,2026-01-18
QX-DRK-733,PZ-VALUE,2.43,2025-12-26
QX-DRK-733,PZ-REMOTE,2.82,2025-11-15
QX-CHL-734,PZ-METRO,6.50,2026-03-21
QX-CHL-734,PZ-URBAN,5.93,2025-11-12
QX-CHL-734,PZ-CORE,5.70,2026-01-11
QX-CHL-734,PZ-VALUE,5.36,2025-12-25
QX-CHL-734,PZ-REMOTE,6.21,2025-12-25
QX-FRZ-735,PZ-METRO,8.55,2026-01-22
QX-FRZ-735,PZ-URBAN,7.80,2026-01-23
QX-FRZ-735,PZ-CORE,7.50,2026-01-04
QX-FRZ-735,PZ-VALUE,7.05,2025-10-06
QX-FRZ-735,PZ-REMOTE,8.18,2026-01-22
QX-PET-736,PZ-METRO,6.90,2026-01-20
QX-PET-736,PZ-URBAN,6.29,2025-11-26
QX-PET-736,PZ-CORE,6.05,2025-10-29
QX-PET-736,PZ-VALUE,5.69,2026-01-02
QX-PET-736,PZ-REMOTE,6.59,2026-01-22
QX-BAK-737,PZ-METRO,3.44,2025-12-15
QX-BAK-737,PZ-URBAN,3.14,2025-12-02
QX-BAK-737,PZ-CORE,3.02,2025-10-11
QX-BAK-737,PZ-VALUE,2.84,2025-12-21
QX-BAK-737,PZ-REMOTE,3.29,2026-01-08
QX-HBC-738,PZ-METRO,16.04,2025-11-29
QX-HBC-738,PZ-URBAN,14.63,2025-11-09
QX-HBC-738,PZ-CORE,14.07,2026-01-15
QX-HBC-738,PZ-VALUE,13.23,2025-10-01
QX-HBC-738,PZ-REMOTE,15.34,2026-02-11
QX-HHD-739,PZ-METRO,5.86,2025-09-16
QX-HHD-739,PZ-URBAN,5.35,2025-12-18
QX-HHD-739,PZ-CORE,5.14,2025-10-27
QX-HHD-739,PZ-VALUE,4.83,2026-03-07
QX-HHD-739,PZ-REMOTE,5.60,2025-11-28
QX-BWS-740,PZ-METRO,17.01,2025-10-06
QX-BWS-740,PZ-URBAN,15.52,2025-11-19
QX-BWS-740,PZ-CORE,14.92,2025-10-26
QX-BWS-740,PZ-VALUE,14.02,2025-09-16
QX-BWS-740,PZ-REMOTE,16.26,2025-12-10
QX-DRK-741,PZ-METRO,5.07,2026-01-31
QX-DRK-741,PZ-URBAN,4.63,2025-11-23
QX-DRK-741,PZ-CORE,4.45,2025-10-13
QX-DRK-741,PZ-VALUE,4.18,2025-10-04
QX-DRK-741,PZ-REMOTE,4.85,2025-09-27
QX-DRK-743,PZ-METRO,3.98,2025-09-16
QX-DRK-743,PZ-URBAN,3.63,2025-11-10
QX-DRK-743,PZ-CORE,3.49,2025-09-14
QX-DRK-743,PZ-VALUE,3.28,2025-11-01
QX-DRK-743,PZ-REMOTE,3.80,2026-03-03
QX-TIN-744,PZ-METRO,0.95,2025-11-20
QX-TIN-744,PZ-URBAN,0.85,2025-10-01
QX-TIN-744,PZ-CORE,0.85,2025-11-04
QX-TIN-744,PZ-VALUE,0.80,2026-03-18
QX-TIN-744,PZ-REMOTE,0.90,2026-02-20
QX-FRZ-745,PZ-METRO,8.21,2026-01-13
QX-FRZ-745,PZ-URBAN,7.49,2025-10-21
QX-FRZ-745,PZ-CORE,7.20,2025-12-25
QX-FRZ-745,PZ-VALUE,6.77,2025-10-31
QX-FRZ-745,PZ-REMOTE,7.85,2025-10-20
QX-PRO-746,PZ-METRO,2.61,2026-02-02
QX-PRO-746,PZ-URBAN,2.38,2026-01-29
QX-PRO-746,PZ-CORE,2.29,2026-01-04
QX-PRO-746,PZ-VALUE,2.15,2025-11-20
QX-PRO-746,PZ-REMOTE,2.50,2026-03-05
QX-PET-748,PZ-METRO,8.21,2026-03-08
QX-PET-748,PZ-URBAN,7.49,2025-10-01
QX-PET-748,PZ-CORE,7.20,2025-10-03
QX-PET-748,PZ-VALUE,6.77,2026-01-04
QX-PET-748,PZ-REMOTE,7.85,2025-11-11
QX-DRY-749,PZ-METRO,6.89,2025-10-21
QX-DRY-749,PZ-URBAN,6.28,2025-09-15
QX-DRY-749,PZ-CORE,6.04,2026-01-25
QX-DRY-749,PZ-VALUE,5.68,2025-09-21
QX-DRY-749,PZ-REMOTE,6.58,2026-01-12
QX-PET-750,PZ-METRO,8.00,2025-10-16
QX-PET-750,PZ-URBAN,7.30,2026-01-17
QX-PET-750,PZ-CORE,7.02,2025-12-18
QX-PET-750,PZ-VALUE,6.60,2025-11-16
QX-PET-750,PZ-REMOTE,7.65,2025-12-19
QX-FRZ-751,PZ-METRO,2.83,2026-03-12
QX-FRZ-751,PZ-URBAN,2.58,2025-11-21
QX-FRZ-751,PZ-CORE,2.48,2025-12-30
QX-FRZ-751,PZ-VALUE,2.33,2025-11-12
QX-FRZ-751,PZ-REMOTE,2.70,2025-10-04
QX-FRZ-752,PZ-METRO,3.56,2026-03-15
QX-FRZ-752,PZ-URBAN,3.24,2026-02-24
QX-FRZ-752,PZ-CORE,3.12,2025-12-01
QX-FRZ-752,PZ-VALUE,2.93,2025-11-21
QX-FRZ-752,PZ-REMOTE,3.40,2025-11-28
QX-CHL-753,PZ-METRO,10.69,2026-03-01
QX-CHL-753,PZ-URBAN,9.76,2025-12-14
QX-CHL-753,PZ-CORE,9.38,2026-01-23
QX-CHL-753,PZ-VALUE,8.82,2026-02-18
QX-CHL-753,PZ-REMOTE,10.22,2025-10-25
QX-HHD-754,PZ-METRO,5.75,2026-02-23
QX-HHD-754,PZ-URBAN,5.24,2025-10-11
QX-HHD-754,PZ-CORE,5.04,2025-10-31
QX-HHD-754,PZ-VALUE,4.74,2025-12-19
QX-HHD-754,PZ-REMOTE,5.49,2026-01-15
QX-CER-756,PZ-METRO,5.32,2025-10-22
QX-CER-756,PZ-URBAN,4.86,2025-12-27
QX-CER-756,PZ-CORE,4.67,2025-10-22
QX-CER-756,PZ-VALUE,4.39,2026-03-16
QX-CER-756,PZ-REMOTE,5.09,2025-11-30
QX-CER-757,PZ-METRO,3.99,2025-12-11
QX-CER-757,PZ-URBAN,3.64,2026-02-17
QX-CER-757,PZ-CORE,3.50,2026-01-09
QX-CER-757,PZ-VALUE,3.29,2026-01-16
QX-CER-757,PZ-REMOTE,3.82,2025-10-01
QX-HBC-758,PZ-METRO,13.42,2025-11-24
QX-HBC-758,PZ-URBAN,12.24,2025-11-13
QX-HBC-758,PZ-CORE,11.77,2025-11-28
QX-HBC-758,PZ-VALUE,11.06,2025-11-08
QX-HBC-758,PZ-REMOTE,12.83,2026-01-25
QX-DRY-759,PZ-METRO,2.68,2026-02-23
QX-DRY-759,PZ-URBAN,2.44,2026-01-23
QX-DRY-759,PZ-CORE,2.35,2025-09-29
QX-DRY-759,PZ-VALUE,2.21,2025-09-21
QX-DRY-759,PZ-REMOTE,2.56,2025-10-04
QX-TIN-760,PZ-METRO,3.27,2026-02-17
QX-TIN-760,PZ-URBAN,2.98,2025-09-22
QX-TIN-760,PZ-CORE,2.87,2026-01-12
QX-TIN-760,PZ-VALUE,2.70,2025-09-27
QX-TIN-760,PZ-REMOTE,3.13,2025-10-10
QX-CER-762,PZ-METRO,5.04,2026-03-06
QX-CER-762,PZ-URBAN,4.60,2026-01-25
QX-CER-762,PZ-CORE,4.42,2026-03-20
QX-CER-762,PZ-VALUE,4.15,2025-11-16
QX-CER-762,PZ-REMOTE,4.82,2025-10-14
QX-DRK-763,PZ-METRO,1.79,2025-10-25
QX-DRK-763,PZ-URBAN,1.63,2026-01-19
QX-DRK-763,PZ-CORE,1.57,2025-09-28
QX-DRK-763,PZ-VALUE,1.48,2026-02-06
QX-DRK-763,PZ-REMOTE,1.71,2025-09-25
QX-CER-764,PZ-METRO,3.36,2026-02-02
QX-CER-764,PZ-URBAN,3.07,2025-12-10
QX-CER-764,PZ-CORE,2.95,2026-02-05
QX-CER-764,PZ-VALUE,2.77,2025-10-30
QX-CER-764,PZ-REMOTE,3.22,2026-02-05
QX-TIN-765,PZ-METRO,1.25,2026-02-02
QX-TIN-765,PZ-URBAN,1.14,2026-01-06
QX-TIN-765,PZ-CORE,1.10,2025-11-20
QX-TIN-765,PZ-VALUE,1.03,2026-01-11
QX-TIN-765,PZ-REMOTE,1.20,2025-11-21
QX-HBC-767,PZ-METRO,13.52,2026-01-24
QX-HBC-767,PZ-URBAN,12.33,2025-11-17
QX-HBC-767,PZ-CORE,11.86,2025-10-15
QX-HBC-767,PZ-VALUE,11.15,2025-10-09
QX-HBC-767,PZ-REMOTE,12.93,2025-09-16
QX-BAK-769,PZ-METRO,2.14,2025-12-24
QX-BAK-769,PZ-URBAN,1.96,2025-12-22
QX-BAK-769,PZ-CORE,1.88,2026-01-10
QX-BAK-769,PZ-VALUE,1.77,2026-02-02
QX-BAK-769,PZ-REMOTE,2.05,2025-10-03
QX-FRZ-770,PZ-METRO,5.85,2025-12-18
QX-FRZ-770,PZ-URBAN,5.34,2026-03-04
QX-FRZ-770,PZ-CORE,5.13,2026-02-18
QX-FRZ-770,PZ-VALUE,4.82,2026-03-16
QX-FRZ-770,PZ-REMOTE,5.59,2025-10-20
QX-FRZ-772,PZ-METRO,9.29,2025-10-28
QX-FRZ-772,PZ-URBAN,8.48,2025-09-14
QX-FRZ-772,PZ-CORE,8.15,2025-09-22
QX-FRZ-772,PZ-VALUE,7.66,2026-02-11
QX-FRZ-772,PZ-REMOTE,8.88,2026-03-10
QX-CHL-773,PZ-METRO,6.69,2025-09-26
QX-CHL-773,PZ-URBAN,6.10,2025-09-28
QX-CHL-773,PZ-CORE,5.87,2025-09-14
QX-CHL-773,PZ-VALUE,5.52,2025-10-07
QX-CHL-773,PZ-REMOTE,6.40,2025-10-17
QX-BAK-774,PZ-METRO,0.80,2025-09-25
QX-BAK-774,PZ-URBAN,0.75,2025-10-07
QX-BAK-774,PZ-CORE,0.70,2026-02-03
QX-BAK-774,PZ-VALUE,0.65,2026-01-30
QX-BAK-774,PZ-REMOTE,0.75,2025-09-30
QX-HHD-775,PZ-METRO,10.72,2025-11-27
QX-HHD-775,PZ-URBAN,9.78,2025-11-30
QX-HHD-775,PZ-CORE,9.40,2026-03-07
QX-HHD-775,PZ-VALUE,8.84,2025-12-29
QX-HHD-775,PZ-REMOTE,10.25,2025-12-04
QX-CHL-776,PZ-METRO,9.28,2025-09-28
QX-CHL-776,PZ-URBAN,8.47,2025-11-17
QX-CHL-776,PZ-CORE,8.14,2025-12-21
QX-CHL-776,PZ-VALUE,7.65,2025-11-18
QX-CHL-776,PZ-REMOTE,8.87,2025-09-27
QX-BAK-777,PZ-METRO,3.24,2025-12-21
QX-BAK-777,PZ-URBAN,2.95,2025-12-21
QX-BAK-777,PZ-CORE,2.84,2025-10-25
QX-BAK-777,PZ-VALUE,2.67,2025-11-01
QX-BAK-777,PZ-REMOTE,3.10,2026-02-27
QX-BAK-778,PZ-METRO,3.00,2025-10-30
QX-BAK-778,PZ-URBAN,2.74,2025-12-07
QX-BAK-778,PZ-CORE,2.63,2026-01-18
QX-BAK-778,PZ-VALUE,2.47,2025-11-13
QX-BAK-778,PZ-REMOTE,2.87,2026-03-16
QX-BWS-779,PZ-METRO,24.19,2025-11-06
QX-BWS-779,PZ-URBAN,22.07,2026-02-04
QX-BWS-779,PZ-CORE,21.22,2025-10-25
QX-BWS-779,PZ-VALUE,19.95,2025-12-09
QX-BWS-779,PZ-REMOTE,23.13,2026-02-01
QX-TIN-780,PZ-METRO,2.27,2025-11-04
QX-TIN-780,PZ-URBAN,2.07,2025-10-04
QX-TIN-780,PZ-CORE,1.99,2026-03-13
QX-TIN-780,PZ-VALUE,1.87,2026-03-19
QX-TIN-780,PZ-REMOTE,2.17,2025-11-19
QX-PRO-781,PZ-METRO,1.40,2025-11-19
QX-PRO-781,PZ-URBAN,1.28,2026-02-15
QX-PRO-781,PZ-CORE,1.23,2025-10-25
QX-PRO-781,PZ-VALUE,1.16,2025-10-02
QX-PRO-781,PZ-REMOTE,1.34,2025-11-03
QX-HHD-782,PZ-METRO,1.54,2026-02-03
QX-HHD-782,PZ-URBAN,1.40,2025-10-11
QX-HHD-782,PZ-CORE,1.35,2025-09-23
QX-HHD-782,PZ-VALUE,1.27,2025-11-20
QX-HHD-782,PZ-REMOTE,1.47,2026-02-10
QX-HHD-783,PZ-METRO,5.91,2026-02-16
QX-HHD-783,PZ-URBAN,5.39,2026-01-16
QX-HHD-783,PZ-CORE,5.18,2025-12-28
QX-HHD-783,PZ-VALUE,4.87,2025-11-06
QX-HHD-783,PZ-REMOTE,5.65,2025-09-24
QX-FRZ-784,PZ-METRO,7.15,2025-11-04
QX-FRZ-784,PZ-URBAN,6.52,2025-10-14
QX-FRZ-784,PZ-CORE,6.27,2025-11-17
QX-FRZ-784,PZ-VALUE,5.89,2026-03-19
QX-FRZ-784,PZ-REMOTE,6.83,2026-01-09
QX-CER-785,PZ-METRO,3.01,2025-11-09
QX-CER-785,PZ-URBAN,2.75,2026-02-07
QX-CER-785,PZ-CORE,2.64,2026-02-27
QX-CER-785,PZ-VALUE,2.48,2025-12-12
QX-CER-785,PZ-REMOTE,2.88,2025-11-14
QX-CHL-786,PZ-METRO,15.04,2025-11-16
QX-CHL-786,PZ-URBAN,13.72,2025-11-28
QX-CHL-786,PZ-CORE,13.19,2025-12-21
QX-CHL-786,PZ-VALUE,12.40,2025-10-26
QX-CHL-786,PZ-REMOTE,14.38,2025-12-30
QX-HHD-787,PZ-METRO,7.75,2025-09-23
QX-HHD-787,PZ-URBAN,7.07,2026-02-07
QX-HHD-787,PZ-CORE,6.80,2025-11-05
QX-HHD-787,PZ-VALUE,6.39,2026-03-22
QX-HHD-787,PZ-REMOTE,7.41,2026-02-01
QX-BAK-788,PZ-METRO,3.99,2026-01-20
QX-BAK-788,PZ-URBAN,3.64,2026-02-07
QX-BAK-788,PZ-CORE,3.50,2025-12-26
QX-BAK-788,PZ-VALUE,3.29,2026-01-06
QX-BAK-788,PZ-REMOTE,3.82,2025-10-02
QX-BWS-789,PZ-METRO,10.32,2026-02-03
QX-BWS-789,PZ-URBAN,9.41,2026-01-20
QX-BWS-789,PZ-CORE,9.05,2026-01-16
QX-BWS-789,PZ-VALUE,8.51,2025-09-23
QX-BWS-789,PZ-REMOTE,9.86,2025-09-28
QX-DRY-790,PZ-METRO,2.11,2025-10-24
QX-DRY-790,PZ-URBAN,1.92,2025-12-09
QX-DRY-790,PZ-CORE,1.85,2026-02-23
QX-DRY-790,PZ-VALUE,1.74,2026-01-17
QX-DRY-790,PZ-REMOTE,2.02,2026-01-13
QX-BWS-791,PZ-METRO,39.58,2025-11-27
QX-BWS-791,PZ-URBAN,36.11,2026-01-15
QX-BWS-791,PZ-CORE,34.72,2025-11-21
QX-BWS-791,PZ-VALUE,32.64,2025-10-19
QX-BWS-791,PZ-REMOTE,37.84,2025-12-17
QX-TIN-792,PZ-METRO,2.63,2025-12-23
QX-TIN-792,PZ-URBAN,2.40,2026-02-05
QX-TIN-792,PZ-CORE,2.31,2025-12-19
QX-TIN-792,PZ-VALUE,2.17,2025-11-10
QX-TIN-792,PZ-REMOTE,2.52,2026-03-17
QX-BAK-793,PZ-METRO,4.65,2025-11-27
QX-BAK-793,PZ-URBAN,4.24,2026-01-08
QX-BAK-793,PZ-CORE,4.08,2026-01-01
QX-BAK-793,PZ-VALUE,3.84,2025-10-07
QX-BAK-793,PZ-REMOTE,4.45,2026-01-02
QX-TIN-794,PZ-METRO,3.24,2026-01-01
QX-TIN-794,PZ-URBAN,2.95,2025-09-27
QX-TIN-794,PZ-CORE,2.84,2025-12-06
QX-TIN-794,PZ-VALUE,2.67,2025-11-08
QX-TIN-794,PZ-REMOTE,3.10,2026-03-16
QX-DRK-795,PZ-METRO,0.90,2025-11-30
QX-DRK-795,PZ-URBAN,0.85,2026-03-12
QX-DRK-795,PZ-CORE,0.80,2025-11-09
QX-DRK-795,PZ-VALUE,0.75,2026-01-02
QX-DRK-795,PZ-REMOTE,0.90,2026-01-18
QX-PET-797,PZ-METRO,12.22,2026-01-01
QX-PET-797,PZ-URBAN,11.15,2026-01-08
QX-PET-797,PZ-CORE,10.72,2025-12-24
QX-PET-797,PZ-VALUE,10.08,2025-10-06
QX-PET-797,PZ-REMOTE,11.68,2025-10-22
QX-CER-798,PZ-METRO,4.74,2025-10-30
QX-CER-798,PZ-URBAN,4.33,2025-11-18
QX-CER-798,PZ-CORE,4.16,2025-10-25
QX-CER-798,PZ-VALUE,3.91,2026-02-06
QX-CER-798,PZ-REMOTE,4.53,2025-12-27
QX-TIN-799,PZ-METRO,3.14,2025-10-30
QX-TIN-799,PZ-URBAN,2.86,2025-10-23
QX-TIN-799,PZ-CORE,2.75,2025-09-17
QX-TIN-799,PZ-VALUE,2.59,2026-03-05
QX-TIN-799,PZ-REMOTE,3.00,2025-10-17
QX-PRO-800,PZ-METRO,2.13,2026-01-26
QX-PRO-800,PZ-URBAN,1.94,2025-11-17
QX-PRO-800,PZ-CORE,1.87,2026-01-31
QX-PRO-800,PZ-VALUE,1.76,2026-01-31
QX-PRO-800,PZ-REMOTE,2.04,2025-11-13
QX-PRO-801,PZ-METRO,6.04,2025-10-25
QX-PRO-801,PZ-URBAN,5.51,2025-10-10
QX-PRO-801,PZ-CORE,5.30,2025-10-21
QX-PRO-801,PZ-VALUE,4.98,2025-10-27
QX-PRO-801,PZ-REMOTE,5.78,2025-12-02
QX-TIN-802,PZ-METRO,3.08,2026-02-02
QX-TIN-802,PZ-URBAN,2.81,2025-09-15
QX-TIN-802,PZ-CORE,2.70,2026-02-16
QX-TIN-802,PZ-VALUE,2.54,2025-12-19
QX-TIN-802,PZ-REMOTE,2.94,2025-10-16
QX-BAK-803,PZ-METRO,3.24,2025-11-21
QX-BAK-803,PZ-URBAN,2.95,2026-01-18
QX-BAK-803,PZ-CORE,2.84,2025-10-28
QX-BAK-803,PZ-VALUE,2.67,2025-09-29
QX-BAK-803,PZ-REMOTE,3.10,2026-02-12
QX-HBC-805,PZ-METRO,16.27,2025-10-15
QX-HBC-805,PZ-URBAN,14.84,2026-02-17
QX-HBC-805,PZ-CORE,14.27,2026-02-04
QX-HBC-805,PZ-VALUE,13.41,2026-03-06
QX-HBC-805,PZ-REMOTE,15.55,2025-12-30
QX-HBC-806,PZ-METRO,4.79,2026-01-29
QX-HBC-806,PZ-URBAN,4.37,2025-11-12
QX-HBC-806,PZ-CORE,4.20,2026-02-13
QX-HBC-806,PZ-VALUE,3.95,2025-09-14
QX-HBC-806,PZ-REMOTE,4.58,2025-11-19
QX-BAK-807,PZ-METRO,1.31,2026-03-09
QX-BAK-807,PZ-URBAN,1.20,2026-02-28
QX-BAK-807,PZ-CORE,1.15,2025-12-24
QX-BAK-807,PZ-VALUE,1.08,2026-01-07
QX-BAK-807,PZ-REMOTE,1.25,2025-12-29
QX-BWS-808,PZ-METRO,27.12,2026-01-04
QX-BWS-808,PZ-URBAN,24.74,2026-01-10
QX-BWS-808,PZ-CORE,23.79,2026-02-02
QX-BWS-808,PZ-VALUE,22.36,2025-11-18
QX-BWS-808,PZ-REMOTE,25.93,2025-12-01
QX-BWS-809,PZ-METRO,42.56,2025-10-11
QX-BWS-809,PZ-URBAN,38.82,2025-10-17
QX-BWS-809,PZ-CORE,37.33,2025-11-22
QX-BWS-809,PZ-VALUE,35.09,2026-01-31
QX-BWS-809,PZ-REMOTE,40.69,2026-03-20
QX-BAK-810,PZ-METRO,4.00,2025-10-04
QX-BAK-810,PZ-URBAN,3.65,2025-09-19
QX-BAK-810,PZ-CORE,3.51,2025-11-29
QX-BAK-810,PZ-VALUE,3.30,2026-01-21
QX-BAK-810,PZ-REMOTE,3.83,2026-02-17
QX-HBC-811,PZ-METRO,4.90,2025-12-05
QX-HBC-811,PZ-URBAN,4.47,2025-11-22
QX-HBC-811,PZ-CORE,4.30,2026-02-26
QX-HBC-811,PZ-VALUE,4.04,2026-02-11
QX-HBC-811,PZ-REMOTE,4.69,2025-12-05
QX-DRK-812,PZ-METRO,1.64,2026-02-15
QX-DRK-812,PZ-URBAN,1.50,2025-10-20
QX-DRK-812,PZ-CORE,1.44,2025-10-09
QX-DRK-812,PZ-VALUE,1.35,2026-01-15
QX-DRK-812,PZ-REMOTE,1.57,2025-12-25
QX-DRY-813,PZ-METRO,6.21,2026-03-21
QX-DRY-813,PZ-URBAN,5.67,2026-01-23
QX-DRY-813,PZ-CORE,5.45,2025-10-04
QX-DRY-813,PZ-VALUE,5.12,2026-02-25
QX-DRY-813,PZ-REMOTE,5.94,2026-02-08
QX-DRK-814,PZ-METRO,4.34,2025-10-26
QX-DRK-814,PZ-URBAN,3.96,2025-11-21
QX-DRK-814,PZ-CORE,3.81,2026-01-14
QX-DRK-814,PZ-VALUE,3.58,2026-01-03
QX-DRK-814,PZ-REMOTE,4.15,2025-12-24
QX-CER-815,PZ-METRO,5.41,2025-10-28
QX-CER-815,PZ-URBAN,4.94,2026-02-01
QX-CER-815,PZ-CORE,4.75,2026-02-19
QX-CER-815,PZ-VALUE,4.47,2026-01-15
QX-CER-815,PZ-REMOTE,5.18,2025-10-01
QX-CER-816,PZ-METRO,4.61,2025-09-29
QX-CER-816,PZ-URBAN,4.20,2026-01-08
QX-CER-816,PZ-CORE,4.04,2025-11-18
QX-CER-816,PZ-VALUE,3.80,2025-12-14
QX-CER-816,PZ-REMOTE,4.40,2026-03-09
QX-PET-817,PZ-METRO,7.06,2025-12-04
QX-PET-817,PZ-URBAN,6.44,2025-11-09
QX-PET-817,PZ-CORE,6.19,2025-09-30
QX-PET-817,PZ-VALUE,5.82,2026-02-24
QX-PET-817,PZ-REMOTE,6.75,2025-09-25
QX-TIN-818,PZ-METRO,0.70,2026-01-11
QX-TIN-818,PZ-URBAN,0.65,2025-09-14
QX-TIN-818,PZ-CORE,0.65,2026-01-17
QX-TIN-818,PZ-VALUE,0.60,2026-03-14
QX-TIN-818,PZ-REMOTE,0.70,2025-11-26
QX-DRY-819,PZ-METRO,7.33,2025-10-04
QX-DRY-819,PZ-URBAN,6.69,2026-02-12
QX-DRY-819,PZ-CORE,6.43,2026-01-09
QX-DRY-819,PZ-VALUE,6.04,2026-02-26
QX-DRY-819,PZ-REMOTE,7.01,2025-09-17
QX-TIN-820,PZ-METRO,1.35,2026-02-17
QX-TIN-820,PZ-URBAN,1.23,2025-10-28
QX-TIN-820,PZ-CORE,1.18,2026-01-29
QX-TIN-820,PZ-VALUE,1.11,2026-02-10
QX-TIN-820,PZ-REMOTE,1.29,2025-11-06
QX-BWS-821,PZ-METRO,42.65,2026-03-07
QX-BWS-821,PZ-URBAN,38.91,2025-12-11
QX-BWS-821,PZ-CORE,37.41,2026-01-20
QX-BWS-821,PZ-VALUE,35.17,2025-11-14
QX-BWS-821,PZ-REMOTE,40.78,2025-11-12
QX-CHL-823,PZ-METRO,8.66,2025-12-06
QX-CHL-823,PZ-URBAN,7.90,2025-11-20
QX-CHL-823,PZ-CORE,7.60,2025-12-07
QX-CHL-823,PZ-VALUE,7.14,2025-10-26
QX-CHL-823,PZ-REMOTE,8.28,2025-09-20
QX-PRO-824,PZ-METRO,4.50,2025-09-19
QX-PRO-824,PZ-URBAN,4.11,2026-02-23
QX-PRO-824,PZ-CORE,3.95,2026-03-10
QX-PRO-824,PZ-VALUE,3.71,2025-12-08
QX-PRO-824,PZ-REMOTE,4.31,2025-12-24
QX-CHL-825,PZ-METRO,8.83,2025-09-15
QX-CHL-825,PZ-URBAN,8.06,2025-10-04
QX-CHL-825,PZ-CORE,7.75,2025-11-16
QX-CHL-825,PZ-VALUE,7.28,2025-12-31
QX-CHL-825,PZ-REMOTE,8.45,2025-11-17
QX-BWS-826,PZ-METRO,29.01,2025-12-04
QX-BWS-826,PZ-URBAN,26.47,2026-01-16
QX-BWS-826,PZ-CORE,25.45,2026-01-21
QX-BWS-826,PZ-VALUE,23.92,2026-02-16
QX-BWS-826,PZ-REMOTE,27.74,2025-09-28
QX-DRY-827,PZ-METRO,2.64,2025-12-21
QX-DRY-827,PZ-URBAN,2.41,2026-02-16
QX-DRY-827,PZ-CORE,2.32,2025-09-15
QX-DRY-827,PZ-VALUE,2.18,2025-11-05
QX-DRY-827,PZ-REMOTE,2.53,2025-11-21
QX-FRZ-829,PZ-METRO,4.05,2026-03-16
QX-FRZ-829,PZ-URBAN,3.69,2026-03-02
QX-FRZ-829,PZ-CORE,3.55,2025-12-18
QX-FRZ-829,PZ-VALUE,3.34,2026-02-08
QX-FRZ-829,PZ-REMOTE,3.87,2026-01-23
QX-CER-830,PZ-METRO,4.67,2026-01-31
QX-CER-830,PZ-URBAN,4.26,2025-12-05
QX-CER-830,PZ-CORE,4.10,2025-10-16
QX-CER-830,PZ-VALUE,3.85,2026-02-19
QX-CER-830,PZ-REMOTE,4.47,2026-02-22
QX-TIN-831,PZ-METRO,2.88,2026-03-09
QX-TIN-831,PZ-URBAN,2.63,2026-03-01
QX-TIN-831,PZ-CORE,2.53,2025-10-01
QX-TIN-831,PZ-VALUE,2.38,2026-03-13
QX-TIN-831,PZ-REMOTE,2.76,2025-11-11
QX-PET-832,PZ-METRO,2.30,2026-01-26
QX-PET-832,PZ-URBAN,2.10,2025-12-22
QX-PET-832,PZ-CORE,2.02,2026-03-16
QX-PET-832,PZ-VALUE,1.90,2026-02-24
QX-PET-832,PZ-REMOTE,2.20,2026-03-11
QX-FRZ-833,PZ-METRO,5.38,2025-12-08
QX-FRZ-833,PZ-URBAN,4.91,2025-11-08
QX-FRZ-833,PZ-CORE,4.72,2026-02-04
QX-FRZ-833,PZ-VALUE,4.44,2026-01-15
QX-FRZ-833,PZ-REMOTE,5.14,2025-11-17
QX-DRK-834,PZ-METRO,5.19,2025-12-03
QX-DRK-834,PZ-URBAN,4.73,2026-03-06
QX-DRK-834,PZ-CORE,4.55,2026-02-15
QX-DRK-834,PZ-VALUE,4.28,2025-12-27
QX-DRK-834,PZ-REMOTE,4.96,2026-01-10
QX-DRY-835,PZ-METRO,6.65,2025-11-09
QX-DRY-835,PZ-URBAN,6.06,2025-11-21
QX-DRY-835,PZ-CORE,5.83,2026-03-18
QX-DRY-835,PZ-VALUE,5.48,2025-10-20
QX-DRY-835,PZ-REMOTE,6.35,2026-01-03
QX-FRZ-836,PZ-METRO,2.34,2025-10-06
QX-FRZ-836,PZ-URBAN,2.13,2025-12-14
QX-FRZ-836,PZ-CORE,2.05,2026-03-10
QX-FRZ-836,PZ-VALUE,1.93,2026-02-03
QX-FRZ-836,PZ-REMOTE,2.23,2026-03-05
QX-BAK-837,PZ-METRO,3.16,2025-10-17
QX-BAK-837,PZ-URBAN,2.88,2025-11-21
QX-BAK-837,PZ-CORE,2.77,2026-02-17
QX-BAK-837,PZ-VALUE,2.60,2025-11-03
QX-BAK-837,PZ-REMOTE,3.02,2025-12-25
QX-HBC-838,PZ-METRO,2.75,2025-12-19
QX-HBC-838,PZ-URBAN,2.51,2025-11-14
QX-HBC-838,PZ-CORE,2.41,2025-09-19
QX-HBC-838,PZ-VALUE,2.27,2026-01-23
QX-HBC-838,PZ-REMOTE,2.63,2026-03-18
QX-TIN-839,PZ-METRO,2.69,2026-01-16
QX-TIN-839,PZ-URBAN,2.45,2025-09-25
QX-TIN-839,PZ-CORE,2.36,2026-01-09
QX-TIN-839,PZ-VALUE,2.22,2025-11-17
QX-TIN-839,PZ-REMOTE,2.57,2025-10-12
QX-BAK-840,PZ-METRO,2.21,2025-09-24
QX-BAK-840,PZ-URBAN,2.02,2025-12-23
QX-BAK-840,PZ-CORE,1.94,2025-10-04
QX-BAK-840,PZ-VALUE,1.82,2026-03-12
QX-BAK-840,PZ-REMOTE,2.11,2025-10-10
QX-CER-841,PZ-METRO,3.12,2026-01-02
QX-CER-841,PZ-URBAN,2.85,2025-12-08
QX-CER-841,PZ-CORE,2.74,2026-02-25
QX-CER-841,PZ-VALUE,2.58,2026-01-19
QX-CER-841,PZ-REMOTE,2.99,2025-10-25
QX-BWS-843,PZ-METRO,42.21,2026-03-03
QX-BWS-843,PZ-URBAN,38.51,2026-03-01
QX-BWS-843,PZ-CORE,37.03,2025-11-07
QX-BWS-843,PZ-VALUE,34.81,2025-12-02
QX-BWS-843,PZ-REMOTE,40.36,2026-01-07
QX-TIN-844,PZ-METRO,3.28,2026-02-11
QX-TIN-844,PZ-URBAN,3.00,2026-02-08
QX-TIN-844,PZ-CORE,2.88,2025-10-12
QX-TIN-844,PZ-VALUE,2.71,2025-11-11
QX-TIN-844,PZ-REMOTE,3.14,2025-10-28
QX-HHD-845,PZ-METRO,7.66,2025-10-07
QX-HHD-845,PZ-URBAN,6.99,2026-02-03
QX-HHD-845,PZ-CORE,6.72,2025-12-08
QX-HHD-845,PZ-VALUE,6.32,2025-10-31
QX-HHD-845,PZ-REMOTE,7.32,2026-01-25
QX-PRO-846,PZ-METRO,2.88,2026-03-13
QX-PRO-846,PZ-URBAN,2.63,2026-01-06
QX-PRO-846,PZ-CORE,2.53,2025-11-21
QX-PRO-846,PZ-VALUE,2.38,2026-02-23
QX-PRO-846,PZ-REMOTE,2.76,2026-03-14
QX-FRZ-847,PZ-METRO,7.16,2025-10-08
QX-FRZ-847,PZ-URBAN,6.53,2026-02-14
QX-FRZ-847,PZ-CORE,6.28,2026-01-17
QX-FRZ-847,PZ-VALUE,5.90,2026-02-08
QX-FRZ-847,PZ-REMOTE,6.85,2025-12-15
QX-DRY-849,PZ-METRO,7.58,2025-11-22
QX-DRY-849,PZ-URBAN,6.92,2026-01-07
QX-DRY-849,PZ-CORE,6.65,2025-09-14
QX-DRY-849,PZ-VALUE,6.25,2025-12-08
QX-DRY-849,PZ-REMOTE,7.25,2026-02-11
QX-FRZ-850,PZ-METRO,7.18,2026-01-14
QX-FRZ-850,PZ-URBAN,6.55,2026-01-17
QX-FRZ-850,PZ-CORE,6.30,2026-03-03
QX-FRZ-850,PZ-VALUE,5.92,2025-09-26
QX-FRZ-850,PZ-REMOTE,6.87,2025-10-16
QX-CER-851,PZ-METRO,3.74,2025-10-04
QX-CER-851,PZ-URBAN,3.41,2026-01-13
QX-CER-851,PZ-CORE,3.28,2025-11-29
QX-CER-851,PZ-VALUE,3.08,2025-12-25
QX-CER-851,PZ-REMOTE,3.58,2026-03-06
QX-BAK-852,PZ-METRO,2.74,2026-01-25
QX-BAK-852,PZ-URBAN,2.50,2025-12-06
QX-BAK-852,PZ-CORE,2.40,2026-02-25
QX-BAK-852,PZ-VALUE,2.26,2026-02-26
QX-BAK-852,PZ-REMOTE,2.62,2025-11-28
QX-DRK-853,PZ-METRO,4.63,2025-09-28
QX-DRK-853,PZ-URBAN,4.22,2025-12-23
QX-DRK-853,PZ-CORE,4.06,2025-12-12
QX-DRK-853,PZ-VALUE,3.82,2025-12-21
QX-DRK-853,PZ-REMOTE,4.43,2026-01-15
QX-HBC-854,PZ-METRO,3.57,2026-03-06
QX-HBC-854,PZ-URBAN,3.26,2026-01-14
QX-HBC-854,PZ-CORE,3.13,2026-02-01
QX-HBC-854,PZ-VALUE,2.94,2025-11-03
QX-HBC-854,PZ-REMOTE,3.41,2025-11-10
QX-HHD-855,PZ-METRO,6.33,2026-01-20
QX-HHD-855,PZ-URBAN,5.77,2026-03-10
QX-HHD-855,PZ-CORE,5.55,2026-02-15
QX-HHD-855,PZ-VALUE,5.22,2025-10-23
QX-HHD-855,PZ-REMOTE,6.05,2026-01-16
QX-CHL-856,PZ-METRO,5.46,2026-02-13
QX-CHL-856,PZ-URBAN,4.98,2026-01-05
QX-CHL-856,PZ-CORE,4.79,2025-12-29
QX-CHL-856,PZ-VALUE,4.50,2025-11-22
QX-CHL-856,PZ-REMOTE,5.22,2026-03-06
QX-HBC-857,PZ-METRO,5.53,2026-02-13
QX-HBC-857,PZ-URBAN,5.04,2025-10-02
QX-HBC-857,PZ-CORE,4.85,2026-03-08
QX-HBC-857,PZ-VALUE,4.56,2026-02-08
QX-HBC-857,PZ-REMOTE,5.29,2025-10-30
QX-PRO-858,PZ-METRO,3.08,2025-09-21
QX-PRO-858,PZ-URBAN,2.81,2026-01-10
QX-PRO-858,PZ-CORE,2.70,2026-01-24
QX-PRO-858,PZ-VALUE,2.54,2026-02-01
QX-PRO-858,PZ-REMOTE,2.94,2026-02-13
QX-DRK-859,PZ-METRO,0.85,2026-03-16
QX-DRK-859,PZ-URBAN,0.80,2025-12-13
QX-DRK-859,PZ-CORE,0.75,2025-12-07
QX-DRK-859,PZ-VALUE,0.70,2026-02-19
QX-DRK-859,PZ-REMOTE,0.85,2026-02-08
QX-DRY-860,PZ-METRO,2.63,2025-10-11
QX-DRY-860,PZ-URBAN,2.40,2026-02-07
QX-DRY-860,PZ-CORE,2.31,2026-01-25
QX-DRY-860,PZ-VALUE,2.17,2025-10-13
QX-DRY-860,PZ-REMOTE,2.52,2026-02-10
QX-DRK-861,PZ-METRO,5.45,2025-12-02
QX-DRK-861,PZ-URBAN,4.97,2026-02-27
QX-DRK-861,PZ-CORE,4.78,2025-09-28
QX-DRK-861,PZ-VALUE,4.49,2025-12-03
QX-DRK-861,PZ-REMOTE,5.21,2026-03-07
QX-TIN-862,PZ-METRO,2.62,2025-12-09
QX-TIN-862,PZ-URBAN,2.39,2026-02-01
QX-TIN-862,PZ-CORE,2.30,2026-01-22
QX-TIN-862,PZ-VALUE,2.16,2026-03-14
QX-TIN-862,PZ-REMOTE,2.51,2026-01-23
QX-DRY-863,PZ-METRO,3.10,2026-02-09
QX-DRY-863,PZ-URBAN,2.83,2025-12-25
QX-DRY-863,PZ-CORE,2.72,2026-03-08
QX-DRY-863,PZ-VALUE,2.56,2026-02-17
QX-DRY-863,PZ-REMOTE,2.96,2025-11-27
QX-BWS-864,PZ-METRO,6.69,2025-12-21
QX-BWS-864,PZ-URBAN,6.10,2025-12-12
QX-BWS-864,PZ-CORE,5.87,2025-09-18
QX-BWS-864,PZ-VALUE,5.52,2025-12-21
QX-BWS-864,PZ-REMOTE,6.40,2025-09-29
QX-HBC-865,PZ-METRO,2.41,2025-12-02
QX-HBC-865,PZ-URBAN,2.19,2025-11-11
QX-HBC-865,PZ-CORE,2.11,2025-12-21
QX-HBC-865,PZ-VALUE,1.98,2026-02-18
QX-HBC-865,PZ-REMOTE,2.30,2026-03-15
QX-PET-866,PZ-METRO,7.57,2026-03-11
QX-PET-866,PZ-URBAN,6.91,2025-12-28
QX-PET-866,PZ-CORE,6.64,2025-12-04
QX-PET-866,PZ-VALUE,6.24,2025-10-29
QX-PET-866,PZ-REMOTE,7.24,2026-03-12
QX-BWS-867,PZ-METRO,12.13,2025-09-15
QX-BWS-867,PZ-URBAN,11.07,2026-02-03
QX-BWS-867,PZ-CORE,10.64,2025-12-27
QX-BWS-867,PZ-VALUE,10.00,2025-12-27
QX-BWS-867,PZ-REMOTE,11.60,2025-11-28
QX-PET-869,PZ-METRO,5.11,2025-10-15
QX-PET-869,PZ-URBAN,4.66,2026-02-05
QX-PET-869,PZ-CORE,4.48,2026-01-07
QX-PET-869,PZ-VALUE,4.21,2026-03-08
QX-PET-869,PZ-REMOTE,4.88,2026-01-25
QX-TIN-870,PZ-METRO,3.28,2026-03-06
QX-TIN-870,PZ-URBAN,3.00,2025-12-19
QX-TIN-870,PZ-CORE,2.88,2025-10-08
QX-TIN-870,PZ-VALUE,2.71,2026-03-21
QX-TIN-870,PZ-REMOTE,3.14,2026-01-14
QX-DRY-871,PZ-METRO,7.84,2025-10-07
QX-DRY-871,PZ-URBAN,7.16,2025-09-19
QX-DRY-871,PZ-CORE,6.88,2025-11-08
QX-DRY-871,PZ-VALUE,6.47,2026-01-06
QX-DRY-871,PZ-REMOTE,7.50,2026-02-11
QX-PET-872,PZ-METRO,2.43,2026-03-14
QX-PET-872,PZ-URBAN,2.22,2026-01-28
QX-PET-872,PZ-CORE,2.13,2025-10-09
QX-PET-872,PZ-VALUE,2.00,2025-10-28
QX-PET-872,PZ-REMOTE,2.32,2025-12-27
QX-BAK-873,PZ-METRO,10.09,2025-09-27
QX-BAK-873,PZ-URBAN,9.20,2025-10-21
QX-BAK-873,PZ-CORE,8.85,2025-11-11
QX-BAK-873,PZ-VALUE,8.32,2025-12-26
QX-BAK-873,PZ-REMOTE,9.65,2025-11-08
QX-FRZ-874,PZ-METRO,2.70,2026-02-10
QX-FRZ-874,PZ-URBAN,2.46,2025-11-27
QX-FRZ-874,PZ-CORE,2.37,2025-10-29
QX-FRZ-874,PZ-VALUE,2.23,2026-02-26
QX-FRZ-874,PZ-REMOTE,2.58,2025-09-18
QX-HBC-875,PZ-METRO,1.54,2026-02-16
QX-HBC-875,PZ-URBAN,1.40,2025-12-11
QX-HBC-875,PZ-CORE,1.35,2025-12-06
QX-HBC-875,PZ-VALUE,1.27,2025-10-04
QX-HBC-875,PZ-REMOTE,1.47,2025-12-13
QX-CHL-876,PZ-METRO,7.80,2025-10-02
QX-CHL-876,PZ-URBAN,7.11,2025-12-13
QX-CHL-876,PZ-CORE,6.84,2026-03-10
QX-CHL-876,PZ-VALUE,6.43,2025-11-11
QX-CHL-876,PZ-REMOTE,7.46,2025-09-14
QX-BAK-877,PZ-METRO,2.17,2025-09-24
QX-BAK-877,PZ-URBAN,1.98,2026-01-04
QX-BAK-877,PZ-CORE,1.90,2025-12-06
QX-BAK-877,PZ-VALUE,1.79,2025-11-03
QX-BAK-877,PZ-REMOTE,2.07,2025-09-22
QX-TIN-878,PZ-METRO,0.85,2025-12-12
QX-TIN-878,PZ-URBAN,0.80,2025-10-26
QX-TIN-878,PZ-CORE,0.75,2025-10-25
QX-TIN-878,PZ-VALUE,0.70,2026-01-10
QX-TIN-878,PZ-REMOTE,0.85,2025-12-08
QX-BAK-879,PZ-METRO,2.06,2026-03-21
QX-BAK-879,PZ-URBAN,1.88,2026-02-16
QX-BAK-879,PZ-CORE,1.81,2025-09-21
QX-BAK-879,PZ-VALUE,1.70,2025-12-10
QX-BAK-879,PZ-REMOTE,1.97,2025-10-05
QX-DRY-880,PZ-METRO,5.03,2026-01-18
QX-DRY-880,PZ-URBAN,4.59,2025-10-16
QX-DRY-880,PZ-CORE,4.41,2025-11-11
QX-DRY-880,PZ-VALUE,4.15,2026-01-25
QX-DRY-880,PZ-REMOTE,4.81,2025-12-09
QX-PRO-881,PZ-METRO,2.46,2025-12-14
QX-PRO-881,PZ-URBAN,2.25,2026-03-03
QX-PRO-881,PZ-CORE,2.16,2025-10-02
QX-PRO-881,PZ-VALUE,2.03,2025-12-18
QX-PRO-881,PZ-REMOTE,2.35,2026-01-12
QX-BAK-882,PZ-METRO,9.07,2026-02-09
QX-BAK-882,PZ-URBAN,8.28,2026-03-12
QX-BAK-882,PZ-CORE,7.96,2025-12-26
QX-BAK-882,PZ-VALUE,7.48,2025-12-25
QX-BAK-882,PZ-REMOTE,8.68,2026-02-23
QX-PET-883,PZ-METRO,4.62,2026-03-20
QX-PET-883,PZ-URBAN,4.21,2025-09-23
QX-PET-883,PZ-CORE,4.05,2026-02-28
QX-PET-883,PZ-VALUE,3.81,2025-10-30
QX-PET-883,PZ-REMOTE,4.41,2026-01-28
QX-PET-884,PZ-METRO,8.11,2026-01-28
QX-PET-884,PZ-URBAN,7.39,2025-10-05
QX-PET-884,PZ-CORE,7.11,2026-03-13
QX-PET-884,PZ-VALUE,6.68,2025-11-25
QX-PET-884,PZ-REMOTE,7.75,2025-11-30
QX-FRZ-885,PZ-METRO,4.27,2026-03-10
QX-FRZ-885,PZ-URBAN,3.90,2025-11-23
QX-FRZ-885,PZ-CORE,3.75,2026-02-15
QX-FRZ-885,PZ-VALUE,3.53,2025-11-17
QX-FRZ-885,PZ-REMOTE,4.09,2025-11-08
QX-PRO-886,PZ-METRO,3.61,2026-01-21
QX-PRO-886,PZ-URBAN,3.30,2025-11-14
QX-PRO-886,PZ-CORE,3.17,2025-09-15
QX-PRO-886,PZ-VALUE,2.98,2026-02-17
QX-PRO-886,PZ-REMOTE,3.46,2025-12-14
QX-FRZ-888,PZ-METRO,2.61,2026-01-18
QX-FRZ-888,PZ-URBAN,2.38,2026-02-07
QX-FRZ-888,PZ-CORE,2.29,2025-11-10
QX-FRZ-888,PZ-VALUE,2.15,2025-11-14
QX-FRZ-888,PZ-REMOTE,2.50,2025-10-06
QX-CER-889,PZ-METRO,3.43,2026-02-11
QX-CER-889,PZ-URBAN,3.13,2026-02-20
QX-CER-889,PZ-CORE,3.01,2025-09-15
QX-CER-889,PZ-VALUE,2.83,2025-11-25
QX-CER-889,PZ-REMOTE,3.28,2025-11-15
QX-CER-890,PZ-METRO,3.96,2025-11-11
QX-CER-890,PZ-URBAN,3.61,2026-03-22
QX-CER-890,PZ-CORE,3.47,2026-02-17
QX-CER-890,PZ-VALUE,3.26,2026-02-01
QX-CER-890,PZ-REMOTE,3.78,2025-09-29
QX-BAK-891,PZ-METRO,6.56,2025-10-10
QX-BAK-891,PZ-URBAN,5.98,2025-09-28
QX-BAK-891,PZ-CORE,5.75,2026-01-14
QX-BAK-891,PZ-VALUE,5.40,2026-03-17
QX-BAK-891,PZ-REMOTE,6.27,2025-11-04
QX-BAK-892,PZ-METRO,9.91,2025-11-08
QX-BAK-892,PZ-URBAN,9.04,2026-02-13
QX-BAK-892,PZ-CORE,8.69,2025-11-10
QX-BAK-892,PZ-VALUE,8.17,2026-02-10
QX-BAK-892,PZ-REMOTE,9.47,2026-03-16
QX-DRY-893,PZ-METRO,1.42,2026-03-18
QX-DRY-893,PZ-URBAN,1.30,2025-10-14
QX-DRY-893,PZ-CORE,1.25,2025-10-26
QX-DRY-893,PZ-VALUE,1.17,2026-03-16
QX-DRY-893,PZ-REMOTE,1.36,2025-12-30
QX-TIN-894,PZ-METRO,3.08,2026-01-17
QX-TIN-894,PZ-URBAN,2.81,2026-02-02
QX-TIN-894,PZ-CORE,2.70,2025-11-09
QX-TIN-894,PZ-VALUE,2.54,2025-12-11
QX-TIN-894,PZ-REMOTE,2.94,2026-03-02
QX-CHL-895,PZ-METRO,2.67,2025-11-17
QX-CHL-895,PZ-URBAN,2.43,2026-03-07
QX-CHL-895,PZ-CORE,2.34,2025-12-29
QX-CHL-895,PZ-VALUE,2.20,2025-11-18
QX-CHL-895,PZ-REMOTE,2.55,2026-03-19
QX-BAK-896,PZ-METRO,1.97,2025-09-22
QX-BAK-896,PZ-URBAN,1.80,2026-02-03
QX-BAK-896,PZ-CORE,1.73,2026-01-19
QX-BAK-896,PZ-VALUE,1.63,2026-03-02
QX-BAK-896,PZ-REMOTE,1.89,2026-02-18
QX-BWS-897,PZ-METRO,15.30,2026-02-08
QX-BWS-897,PZ-URBAN,13.96,2025-11-26
QX-BWS-897,PZ-CORE,13.42,2025-09-19
QX-BWS-897,PZ-VALUE,12.61,2026-02-27
QX-BWS-897,PZ-REMOTE,14.63,2025-11-10
QX-HHD-898,PZ-METRO,12.10,2026-02-19
QX-HHD-898,PZ-URBAN,11.03,2025-09-16
QX-HHD-898,PZ-CORE,10.61,2025-11-10
QX-HHD-898,PZ-VALUE,9.97,2026-01-05
QX-HHD-898,PZ-REMOTE,11.56,2025-11-20
QX-CER-899,PZ-METRO,3.08,2025-10-08
QX-CER-899,PZ-URBAN,2.81,2025-11-09
QX-CER-899,PZ-CORE,2.70,2026-02-02
QX-CER-899,PZ-VALUE,2.54,2025-10-29
QX-CER-899,PZ-REMOTE,2.94,2026-03-19
QX-TIN-900,PZ-METRO,1.31,2026-02-26
QX-TIN-900,PZ-URBAN,1.20,2026-02-16
QX-TIN-900,PZ-CORE,1.15,2026-03-15
QX-TIN-900,PZ-VALUE,1.08,2026-01-24
QX-TIN-900,PZ-REMOTE,1.25,2025-09-28
QX-FRZ-901,PZ-METRO,7.55,2026-02-28
QX-FRZ-901,PZ-URBAN,6.88,2026-01-17
QX-FRZ-901,PZ-CORE,6.62,2026-01-10
QX-FRZ-901,PZ-VALUE,6.22,2026-01-04
QX-FRZ-901,PZ-REMOTE,7.22,2026-03-08
QX-FRZ-902,PZ-METRO,6.91,2025-10-03
QX-FRZ-902,PZ-URBAN,6.30,2025-10-15
QX-FRZ-902,PZ-CORE,6.06,2026-01-11
QX-FRZ-902,PZ-VALUE,5.70,2025-10-21
QX-FRZ-902,PZ-REMOTE,6.61,2026-02-02
QX-CER-903,PZ-METRO,5.41,2025-10-19
QX-CER-903,PZ-URBAN,4.94,2025-10-28
QX-CER-903,PZ-CORE,4.75,2025-09-29
QX-CER-903,PZ-VALUE,4.47,2025-10-11
QX-CER-903,PZ-REMOTE,5.18,2025-11-05
QX-FRZ-904,PZ-METRO,5.07,2025-09-29
QX-FRZ-904,PZ-URBAN,4.63,2026-02-01
QX-FRZ-904,PZ-CORE,4.45,2026-01-29
QX-FRZ-904,PZ-VALUE,4.18,2026-02-01
QX-FRZ-904,PZ-REMOTE,4.85,2026-01-20
QX-FRZ-905,PZ-METRO,8.12,2026-02-02
QX-FRZ-905,PZ-URBAN,7.40,2026-02-16
QX-FRZ-905,PZ-CORE,7.12,2026-03-05
QX-FRZ-905,PZ-VALUE,6.69,2025-09-18
QX-FRZ-905,PZ-REMOTE,7.76,2026-03-11
QX-PET-906,PZ-METRO,8.17,2026-03-07
QX-PET-906,PZ-URBAN,7.46,2025-11-17
QX-PET-906,PZ-CORE,7.17,2026-02-22
QX-PET-906,PZ-VALUE,6.74,2026-02-14
QX-PET-906,PZ-REMOTE,7.82,2026-03-17
QX-PRO-907,PZ-METRO,4.75,2026-01-24
QX-PRO-907,PZ-URBAN,4.34,2025-09-29
QX-PRO-907,PZ-CORE,4.17,2025-09-21
QX-PRO-907,PZ-VALUE,3.92,2025-10-26
QX-PRO-907,PZ-REMOTE,4.55,2025-10-01
QX-PET-908,PZ-METRO,1.58,2025-10-30
QX-PET-908,PZ-URBAN,1.45,2025-11-13
QX-PET-908,PZ-CORE,1.39,2025-12-14
QX-PET-908,PZ-VALUE,1.31,2025-10-04
QX-PET-908,PZ-REMOTE,1.52,2026-01-25
QX-DRK-909,PZ-METRO,0.70,2026-01-01
QX-DRK-909,PZ-URBAN,0.60,2025-11-30
QX-DRK-909,PZ-CORE,0.60,2026-01-22
QX-DRK-909,PZ-VALUE,0.55,2026-02-08
QX-DRK-909,PZ-REMOTE,0.65,2025-09-25
QX-DRY-910,PZ-METRO,5.85,2026-01-12
QX-DRY-910,PZ-URBAN,5.34,2025-12-08
QX-DRY-910,PZ-CORE,5.13,2025-11-03
QX-DRY-910,PZ-VALUE,4.82,2026-03-14
QX-DRY-910,PZ-REMOTE,5.59,2025-09-20
QX-DRK-911,PZ-METRO,1.53,2026-02-01
QX-DRK-911,PZ-URBAN,1.39,2025-11-08
QX-DRK-911,PZ-CORE,1.34,2025-11-07
QX-DRK-911,PZ-VALUE,1.26,2025-12-13
QX-DRK-911,PZ-REMOTE,1.46,2025-10-01
QX-FRZ-912,PZ-METRO,6.29,2026-03-10
QX-FRZ-912,PZ-URBAN,5.74,2025-09-18
QX-FRZ-912,PZ-CORE,5.52,2025-10-10
QX-FRZ-912,PZ-VALUE,5.19,2025-11-30
QX-FRZ-912,PZ-REMOTE,6.02,2025-11-03
QX-PRO-913,PZ-METRO,2.68,2026-03-01
QX-PRO-913,PZ-URBAN,2.44,2025-12-11
QX-PRO-913,PZ-CORE,2.35,2025-12-31
QX-PRO-913,PZ-VALUE,2.21,2026-01-05
QX-PRO-913,PZ-REMOTE,2.56,2025-12-10
QX-TIN-914,PZ-METRO,0.75,2025-10-12
QX-TIN-914,PZ-URBAN,0.70,2026-01-31
QX-TIN-914,PZ-CORE,0.65,2025-11-10
QX-TIN-914,PZ-VALUE,0.60,2026-03-07
QX-TIN-914,PZ-REMOTE,0.70,2025-10-27
QX-TIN-915,PZ-METRO,1.17,2026-02-03
QX-TIN-915,PZ-URBAN,1.07,2026-02-19
QX-TIN-915,PZ-CORE,1.03,2025-09-17
QX-TIN-915,PZ-VALUE,0.95,2025-10-03
QX-TIN-915,PZ-REMOTE,1.12,2025-12-19
QX-TIN-916,PZ-METRO,2.94,2025-10-20
QX-TIN-916,PZ-URBAN,2.68,2025-12-16
QX-TIN-916,PZ-CORE,2.58,2025-12-11
QX-TIN-916,PZ-VALUE,2.43,2025-09-21
QX-TIN-916,PZ-REMOTE,2.81,2025-12-06
QX-CER-917,PZ-METRO,2.31,2026-01-02
QX-CER-917,PZ-URBAN,2.11,2026-01-07
QX-CER-917,PZ-CORE,2.03,2025-10-15
QX-CER-917,PZ-VALUE,1.91,2025-09-20
QX-CER-917,PZ-REMOTE,2.21,2025-10-27
QX-TIN-918,PZ-METRO,2.52,2026-01-19
QX-TIN-918,PZ-URBAN,2.30,2026-01-10
QX-TIN-918,PZ-CORE,2.21,2026-03-11
QX-TIN-918,PZ-VALUE,2.08,2026-01-26
QX-TIN-918,PZ-REMOTE,2.41,2025-11-23
QX-PRO-919,PZ-METRO,5.72,2025-09-29
QX-PRO-919,PZ-URBAN,5.22,2025-10-27
QX-PRO-919,PZ-CORE,5.02,2026-03-02
QX-PRO-919,PZ-VALUE,4.72,2025-10-09
QX-PRO-919,PZ-REMOTE,5.47,2025-11-14
QX-HBC-920,PZ-METRO,10.72,2026-02-27
QX-HBC-920,PZ-URBAN,9.78,2025-12-16
QX-HBC-920,PZ-CORE,9.40,2026-01-26
QX-HBC-920,PZ-VALUE,8.84,2025-09-18
QX-HBC-920,PZ-REMOTE,10.25,2026-02-25
QX-CHL-921,PZ-METRO,4.10,2026-01-15
QX-CHL-921,PZ-URBAN,3.74,2025-11-08
QX-CHL-921,PZ-CORE,3.60,2026-01-25
QX-CHL-921,PZ-VALUE,3.38,2025-10-06
QX-CHL-921,PZ-REMOTE,3.92,2026-01-19
QX-DRK-922,PZ-METRO,3.53,2025-12-27
QX-DRK-922,PZ-URBAN,3.22,2026-02-25
QX-DRK-922,PZ-CORE,3.10,2025-09-19
QX-DRK-922,PZ-VALUE,2.91,2026-03-21
QX-DRK-922,PZ-REMOTE,3.38,2026-03-11
QX-PRO-923,PZ-METRO,4.33,2026-02-25
QX-PRO-923,PZ-URBAN,3.95,2025-10-03
QX-PRO-923,PZ-CORE,3.80,2025-12-21
QX-PRO-923,PZ-VALUE,3.57,2025-10-21
QX-PRO-923,PZ-REMOTE,4.14,2025-11-09
QX-HBC-924,PZ-METRO,14.96,2025-09-28
QX-HBC-924,PZ-URBAN,13.64,2026-03-01
QX-HBC-924,PZ-CORE,13.12,2026-03-01
QX-HBC-924,PZ-VALUE,12.33,2026-01-27
QX-HBC-924,PZ-REMOTE,14.30,2026-01-25
QX-CHL-925,PZ-METRO,4.86,2025-11-10
QX-CHL-925,PZ-URBAN,4.43,2025-10-22
QX-CHL-925,PZ-CORE,4.26,2025-11-10
QX-CHL-925,PZ-VALUE,4.00,2025-11-24
QX-CHL-925,PZ-REMOTE,4.64,2026-01-13
QX-PRO-926,PZ-METRO,4.43,2025-12-14
QX-PRO-926,PZ-URBAN,4.05,2025-09-20
QX-PRO-926,PZ-CORE,3.89,2025-12-28
QX-PRO-926,PZ-VALUE,3.66,2026-01-12
QX-PRO-926,PZ-REMOTE,4.24,2025-09-25
QX-PET-927,PZ-METRO,8.73,2026-02-10
QX-PET-927,PZ-URBAN,7.97,2025-10-31
QX-PET-927,PZ-CORE,7.66,2025-12-08
QX-PET-927,PZ-VALUE,7.20,2025-11-05
QX-PET-927,PZ-REMOTE,8.35,2026-01-30
QX-HBC-928,PZ-METRO,15.69,2025-09-25
QX-HBC-928,PZ-URBAN,14.31,2025-10-06
QX-HBC-928,PZ-CORE,13.76,2026-01-25
QX-HBC-928,PZ-VALUE,12.93,2026-01-28
QX-HBC-928,PZ-REMOTE,15.00,2025-09-24
QX-HHD-929,PZ-METRO,7.91,2026-02-08
QX-HHD-929,PZ-URBAN,7.22,2025-11-11
QX-HHD-929,PZ-CORE,6.94,2026-03-21
QX-HHD-929,PZ-VALUE,6.52,2025-10-04
QX-HHD-929,PZ-REMOTE,7.56,2025-11-26
QX-FRZ-930,PZ-METRO,6.51,2025-11-13
QX-FRZ-930,PZ-URBAN,5.94,2026-01-18
QX-FRZ-930,PZ-CORE,5.71,2025-09-26
QX-FRZ-930,PZ-VALUE,5.37,2026-01-30
QX-FRZ-930,PZ-REMOTE,6.22,2026-01-19
QX-PET-931,PZ-METRO,3.40,2025-12-07
QX-PET-931,PZ-URBAN,3.10,2026-02-05
QX-PET-931,PZ-CORE,2.98,2025-10-14
QX-PET-931,PZ-VALUE,2.80,2025-12-14
QX-PET-931,PZ-REMOTE,3.25,2026-03-15
QX-CHL-932,PZ-METRO,9.96,2025-10-15
QX-CHL-932,PZ-URBAN,9.09,2025-09-27
QX-CHL-932,PZ-CORE,8.74,2025-11-30
QX-CHL-932,PZ-VALUE,8.22,2026-01-11
QX-CHL-932,PZ-REMOTE,9.53,2025-09-29
QX-FRZ-933,PZ-METRO,8.03,2026-02-11
QX-FRZ-933,PZ-URBAN,7.32,2025-11-03
QX-FRZ-933,PZ-CORE,7.04,2025-11-01
QX-FRZ-933,PZ-VALUE,6.62,2025-10-03
QX-FRZ-933,PZ-REMOTE,7.67,2026-02-23
QX-CHL-935,PZ-METRO,9.47,2025-09-24
QX-CHL-935,PZ-URBAN,8.64,2026-02-10
QX-CHL-935,PZ-CORE,8.31,2025-11-03
QX-CHL-935,PZ-VALUE,7.81,2025-11-06
QX-CHL-935,PZ-REMOTE,9.06,2025-12-03
QX-TIN-936,PZ-METRO,1.84,2025-11-28
QX-TIN-936,PZ-URBAN,1.67,2026-03-19
QX-TIN-936,PZ-CORE,1.61,2025-10-13
QX-TIN-936,PZ-VALUE,1.51,2026-01-27
QX-TIN-936,PZ-REMOTE,1.75,2026-01-03
QX-HBC-937,PZ-METRO,11.05,2026-01-27
QX-HBC-937,PZ-URBAN,10.08,2026-01-13
QX-HBC-937,PZ-CORE,9.69,2025-11-27
QX-HBC-937,PZ-VALUE,9.11,2025-11-13
QX-HBC-937,PZ-REMOTE,10.56,2025-10-14
QX-TIN-938,PZ-METRO,1.56,2025-11-12
QX-TIN-938,PZ-URBAN,1.42,2025-12-12
QX-TIN-938,PZ-CORE,1.37,2025-12-12
QX-TIN-938,PZ-VALUE,1.29,2025-12-27
QX-TIN-938,PZ-REMOTE,1.49,2025-09-15
QX-TIN-939,PZ-METRO,2.79,2026-03-11
QX-TIN-939,PZ-URBAN,2.55,2026-03-06
QX-TIN-939,PZ-CORE,2.45,2025-12-19
QX-TIN-939,PZ-VALUE,2.30,2026-02-22
QX-TIN-939,PZ-REMOTE,2.67,2026-03-14
QX-DRK-940,PZ-METRO,0.95,2025-11-03
QX-DRK-940,PZ-URBAN,0.85,2025-10-30
QX-DRK-940,PZ-CORE,0.80,2025-09-27
QX-DRK-940,PZ-VALUE,0.75,2025-11-10
QX-DRK-940,PZ-REMOTE,0.90,2025-12-27
QX-FRZ-941,PZ-METRO,6.51,2025-11-20
QX-FRZ-941,PZ-URBAN,5.94,2025-11-28
QX-FRZ-941,PZ-CORE,5.71,2026-03-09
QX-FRZ-941,PZ-VALUE,5.37,2025-12-24
QX-FRZ-941,PZ-REMOTE,6.22,2026-01-25
QX-HHD-942,PZ-METRO,13.52,2026-01-13
QX-HHD-942,PZ-URBAN,12.33,2025-10-12
QX-HHD-942,PZ-CORE,11.86,2026-03-08
QX-HHD-942,PZ-VALUE,11.15,2026-02-19
QX-HHD-942,PZ-REMOTE,12.93,2026-03-19
QX-CHL-943,PZ-METRO,10.20,2025-09-30
QX-CHL-943,PZ-URBAN,9.31,2026-01-07
QX-CHL-943,PZ-CORE,8.95,2025-09-19
QX-CHL-943,PZ-VALUE,8.41,2025-11-10
QX-CHL-943,PZ-REMOTE,9.76,2025-12-02
QX-BWS-944,PZ-METRO,8.46,2025-12-15
QX-BWS-944,PZ-URBAN,7.72,2026-02-17
QX-BWS-944,PZ-CORE,7.42,2026-03-08
QX-BWS-944,PZ-VALUE,6.97,2025-11-25
QX-BWS-944,PZ-REMOTE,8.09,2025-10-08
QX-DRY-945,PZ-METRO,5.60,2025-10-25
QX-DRY-945,PZ-URBAN,5.11,2025-11-22
QX-DRY-945,PZ-CORE,4.91,2026-01-12
QX-DRY-945,PZ-VALUE,4.62,2026-01-29
QX-DRY-945,PZ-REMOTE,5.35,2025-10-30
QX-CER-946,PZ-METRO,3.83,2025-12-01
QX-CER-946,PZ-URBAN,3.49,2026-02-13
QX-CER-946,PZ-CORE,3.36,2026-02-11
QX-CER-946,PZ-VALUE,3.16,2026-03-19
QX-CER-946,PZ-REMOTE,3.66,2026-02-01
QX-BAK-947,PZ-METRO,2.58,2025-12-28
QX-BAK-947,PZ-URBAN,2.35,2026-02-06
QX-BAK-947,PZ-CORE,2.26,2026-03-01
QX-BAK-947,PZ-VALUE,2.12,2025-09-28
QX-BAK-947,PZ-REMOTE,2.46,2025-12-10
QX-DRK-948,PZ-METRO,7.32,2025-11-29
QX-DRK-948,PZ-URBAN,6.68,2025-12-13
QX-DRK-948,PZ-CORE,6.42,2025-12-10
QX-DRK-948,PZ-VALUE,6.03,2026-01-20
QX-DRK-948,PZ-REMOTE,7.00,2025-10-05
QX-PRO-949,PZ-METRO,4.49,2026-03-03
QX-PRO-949,PZ-URBAN,4.10,2026-01-19
QX-PRO-949,PZ-CORE,3.94,2025-11-11
QX-PRO-949,PZ-VALUE,3.70,2025-12-27
QX-PRO-949,PZ-REMOTE,4.29,2025-12-18
QX-TIN-951,PZ-METRO,1.66,2026-02-28
QX-TIN-951,PZ-URBAN,1.52,2025-09-18
QX-TIN-951,PZ-CORE,1.46,2025-10-16
QX-TIN-951,PZ-VALUE,1.37,2025-12-04
QX-TIN-951,PZ-REMOTE,1.59,2026-02-20
QX-DRY-952,PZ-METRO,4.00,2026-02-05
QX-DRY-952,PZ-URBAN,3.65,2025-11-22
QX-DRY-952,PZ-CORE,3.51,2025-12-26
QX-DRY-952,PZ-VALUE,3.30,2025-11-19
QX-DRY-952,PZ-REMOTE,3.83,2026-01-10
QX-FRZ-953,PZ-METRO,8.24,2026-03-16
QX-FRZ-953,PZ-URBAN,7.52,2026-03-06
QX-FRZ-953,PZ-CORE,7.23,2025-11-20
QX-FRZ-953,PZ-VALUE,6.80,2025-10-30
QX-FRZ-953,PZ-REMOTE,7.88,2025-11-05
QX-CER-954,PZ-METRO,3.88,2026-01-14
QX-CER-954,PZ-URBAN,3.54,2025-10-24
QX-CER-954,PZ-CORE,3.40,2026-02-11
QX-CER-954,PZ-VALUE,3.20,2025-12-03
QX-CER-954,PZ-REMOTE,3.71,2026-02-17
QX-BAK-955,PZ-METRO,4.63,2026-03-06
QX-BAK-955,PZ-URBAN,4.22,2025-12-12
QX-BAK-955,PZ-CORE,4.06,2026-01-13
QX-BAK-955,PZ-VALUE,3.82,2026-02-21
QX-BAK-955,PZ-REMOTE,4.43,2026-03-10
QX-PET-956,PZ-METRO,3.85,2026-01-02
QX-PET-956,PZ-URBAN,3.52,2025-09-23
QX-PET-956,PZ-CORE,3.38,2025-12-21
QX-PET-956,PZ-VALUE,3.18,2025-10-02
QX-PET-956,PZ-REMOTE,3.68,2025-11-19
QX-FRZ-957,PZ-METRO,6.57,2025-12-04
QX-FRZ-957,PZ-URBAN,5.99,2025-12-14
QX-FRZ-957,PZ-CORE,5.76,2025-10-05
QX-FRZ-957,PZ-VALUE,5.41,2026-01-16
QX-FRZ-957,PZ-REMOTE,6.28,2026-02-26
QX-PET-958,PZ-METRO,3.48,2026-01-17
QX-PET-958,PZ-URBAN,3.17,2026-01-21
QX-PET-958,PZ-CORE,3.05,2025-10-05
QX-PET-958,PZ-VALUE,2.87,2026-02-12
QX-PET-958,PZ-REMOTE,3.32,2026-01-05
QX-HBC-959,PZ-METRO,10.76,2026-02-25
QX-HBC-959,PZ-URBAN,9.82,2025-09-19
QX-HBC-959,PZ-CORE,9.44,2026-02-06
QX-HBC-959,PZ-VALUE,8.87,2025-12-04
QX-HBC-959,PZ-REMOTE,10.29,2025-10-29
QX-PRO-960,PZ-METRO,4.79,2026-03-13
QX-PRO-960,PZ-URBAN,4.37,2025-11-11
QX-PRO-960,PZ-CORE,4.20,2026-02-09
QX-PRO-960,PZ-VALUE,3.95,2025-10-21
QX-PRO-960,PZ-REMOTE,4.58,2025-12-01
QX-TIN-961,PZ-METRO,0.60,2025-10-17
QX-TIN-961,PZ-URBAN,0.55,2026-01-31
QX-TIN-961,PZ-CORE,0.50,2026-01-11
QX-TIN-961,PZ-VALUE,0.50,2025-09-28
QX-TIN-961,PZ-REMOTE,0.55,2026-02-10
QX-FRZ-962,PZ-METRO,2.82,2025-11-01
QX-FRZ-962,PZ-URBAN,2.57,2026-01-16
QX-FRZ-962,PZ-CORE,2.47,2025-10-17
QX-FRZ-962,PZ-VALUE,2.32,2025-12-09
QX-FRZ-962,PZ-REMOTE,2.69,2025-10-28
QX-DRK-963,PZ-METRO,2.67,2026-02-14
QX-DRK-963,PZ-URBAN,2.43,2026-01-04
QX-DRK-963,PZ-CORE,2.34,2026-02-19
QX-DRK-963,PZ-VALUE,2.20,2025-11-15
QX-DRK-963,PZ-REMOTE,2.55,2026-03-15
QX-PRO-964,PZ-METRO,1.41,2025-12-19
QX-PRO-964,PZ-URBAN,1.29,2026-02-02
QX-PRO-964,PZ-CORE,1.24,2026-02-09
QX-PRO-964,PZ-VALUE,1.17,2025-12-20
QX-PRO-964,PZ-REMOTE,1.35,2026-02-21
QX-BAK-965,PZ-METRO,0.75,2026-02-03
QX-BAK-965,PZ-URBAN,0.65,2025-11-05
QX-BAK-965,PZ-CORE,0.65,2026-02-27
QX-BAK-965,PZ-VALUE,0.60,2025-10-11
QX-BAK-965,PZ-REMOTE,0.70,2025-11-24
QX-BWS-966,PZ-METRO,5.51,2025-09-24
QX-BWS-966,PZ-URBAN,5.02,2025-10-07
QX-BWS-966,PZ-CORE,4.83,2025-09-29
QX-BWS-966,PZ-VALUE,4.54,2025-09-28
QX-BWS-966,PZ-REMOTE,5.26,2026-02-14
QX-CER-967,PZ-METRO,3.96,2025-12-08
QX-CER-967,PZ-URBAN,3.61,2026-02-03
QX-CER-967,PZ-CORE,3.47,2026-02-10
QX-CER-967,PZ-VALUE,3.26,2025-12-03
QX-CER-967,PZ-REMOTE,3.78,2025-09-24
QX-CER-968,PZ-METRO,5.41,2026-03-04
QX-CER-968,PZ-URBAN,4.94,2026-01-13
QX-CER-968,PZ-CORE,4.75,2026-01-31
QX-CER-968,PZ-VALUE,4.47,2025-12-06
QX-CER-968,PZ-REMOTE,5.18,2025-09-23
QX-HHD-969,PZ-METRO,12.86,2026-02-28
QX-HHD-969,PZ-URBAN,11.73,2025-11-25
QX-HHD-969,PZ-CORE,11.28,2025-10-01
QX-HHD-969,PZ-VALUE,10.60,2025-09-20
QX-HHD-969,PZ-REMOTE,12.30,2025-10-29
QX-DRY-970,PZ-METRO,6.94,2026-01-17
QX-DRY-970,PZ-URBAN,6.33,2025-10-04
QX-DRY-970,PZ-CORE,6.09,2026-02-22
QX-DRY-970,PZ-VALUE,5.72,2026-02-07
QX-DRY-970,PZ-REMOTE,6.64,2025-12-23
QX-CHL-971,PZ-METRO,5.02,2025-10-07
QX-CHL-971,PZ-URBAN,4.58,2025-12-25
QX-CHL-971,PZ-CORE,4.40,2025-10-03
QX-CHL-971,PZ-VALUE,4.14,2026-01-09
QX-CHL-971,PZ-REMOTE,4.80,2025-09-16
QX-HHD-972,PZ-METRO,10.12,2025-10-08
QX-HHD-972,PZ-URBAN,9.24,2026-02-04
QX-HHD-972,PZ-CORE,8.88,2026-01-04
QX-HHD-972,PZ-VALUE,8.35,2026-02-04
QX-HHD-972,PZ-REMOTE,9.68,2026-03-15
QX-CER-973,PZ-METRO,2.12,2025-10-13
QX-CER-973,PZ-URBAN,1.93,2025-11-01
QX-CER-973,PZ-CORE,1.86,2026-02-15
QX-CER-973,PZ-VALUE,1.75,2026-01-09
QX-CER-973,PZ-REMOTE,2.03,2025-10-29
QX-HHD-974,PZ-METRO,6.06,2026-02-28
QX-HHD-974,PZ-URBAN,5.53,2025-11-07
QX-HHD-974,PZ-CORE,5.32,2025-12-21
QX-HHD-974,PZ-VALUE,5.00,2026-03-22
QX-HHD-974,PZ-REMOTE,5.80,2025-10-10
QX-CHL-976,PZ-METRO,10.58,2026-01-17
QX-CHL-976,PZ-URBAN,9.65,2026-03-17
QX-CHL-976,PZ-CORE,9.28,2026-02-10
QX-CHL-976,PZ-VALUE,8.72,2026-02-21
QX-CHL-976,PZ-REMOTE,10.12,2026-02-22
QX-TIN-978,PZ-METRO,2.38,2025-12-14
QX-TIN-978,PZ-URBAN,2.17,2025-09-22
QX-TIN-978,PZ-CORE,2.09,2026-02-18
QX-TIN-978,PZ-VALUE,1.96,2025-11-18
QX-TIN-978,PZ-REMOTE,2.28,2026-03-10
QX-HBC-979,PZ-METRO,4.22,2026-03-09
QX-HBC-979,PZ-URBAN,3.85,2026-01-25
QX-HBC-979,PZ-CORE,3.70,2026-01-16
QX-HBC-979,PZ-VALUE,3.48,2026-03-10
QX-HBC-979,PZ-REMOTE,4.03,2026-01-09
QX-PET-980,PZ-METRO,9.39,2026-02-25
QX-PET-980,PZ-URBAN,8.57,2025-12-19
QX-PET-980,PZ-CORE,8.24,2026-01-25
QX-PET-980,PZ-VALUE,7.75,2025-12-29
QX-PET-980,PZ-REMOTE,8.98,2026-03-17
QX-HBC-982,PZ-METRO,7.76,2025-12-17
QX-HBC-982,PZ-URBAN,7.08,2025-12-26
QX-HBC-982,PZ-CORE,6.81,2026-02-24
QX-HBC-982,PZ-VALUE,6.40,2025-12-14
QX-HBC-982,PZ-REMOTE,7.42,2025-10-13
QX-HBC-983,PZ-METRO,13.71,2026-03-12
QX-HBC-983,PZ-URBAN,12.51,2025-12-15
QX-HBC-983,PZ-CORE,12.03,2025-12-24
QX-HBC-983,PZ-VALUE,11.31,2026-03-15
QX-HBC-983,PZ-REMOTE,13.11,2026-03-02
QX-DRY-984,PZ-METRO,6.42,2025-09-18
QX-DRY-984,PZ-URBAN,5.86,2025-10-27
QX-DRY-984,PZ-CORE,5.63,2026-02-05
QX-DRY-984,PZ-VALUE,5.29,2025-10-11
QX-DRY-984,PZ-REMOTE,6.14,2025-12-07
QX-DRK-985,PZ-METRO,1.94,2026-01-27
QX-DRK-985,PZ-URBAN,1.77,2026-03-03
QX-DRK-985,PZ-CORE,1.70,2026-01-28
QX-DRK-985,PZ-VALUE,1.60,2025-12-15
QX-DRK-985,PZ-REMOTE,1.85,2025-10-05
QX-DRK-986,PZ-METRO,2.46,2025-10-30
QX-DRK-986,PZ-URBAN,2.25,2025-11-08
QX-DRK-986,PZ-CORE,2.16,2025-09-30
QX-DRK-986,PZ-VALUE,2.03,2025-10-22
QX-DRK-986,PZ-REMOTE,2.35,2026-02-10
QX-HHD-987,PZ-METRO,2.57,2025-10-04
QX-HHD-987,PZ-URBAN,2.34,2025-12-07
QX-HHD-987,PZ-CORE,2.25,2025-11-22
QX-HHD-987,PZ-VALUE,2.11,2025-10-07
QX-HHD-987,PZ-REMOTE,2.45,2026-01-30
QX-HHD-988,PZ-METRO,4.31,2025-11-24
QX-HHD-988,PZ-URBAN,3.93,2025-12-07
QX-HHD-988,PZ-CORE,3.78,2025-12-17
QX-HHD-988,PZ-VALUE,3.55,2025-12-31
QX-HHD-988,PZ-REMOTE,4.12,2025-10-06
QX-CHL-989,PZ-METRO,8.11,2025-11-26
QX-CHL-989,PZ-URBAN,7.39,2025-10-12
QX-CHL-989,PZ-CORE,7.11,2025-11-04
QX-CHL-989,PZ-VALUE,6.68,2026-02-04
QX-CHL-989,PZ-REMOTE,7.75,2025-12-30
QX-DRK-990,PZ-METRO,1.13,2026-03-09
QX-DRK-990,PZ-URBAN,1.03,2026-03-14
QX-DRK-990,PZ-CORE,1.00,2025-12-17
QX-DRK-990,PZ-VALUE,0.95,2025-10-14
QX-DRK-990,PZ-REMOTE,1.08,2025-12-12
QX-BWS-991,PZ-METRO,27.14,2026-03-08
QX-BWS-991,PZ-URBAN,24.76,2025-10-29
QX-BWS-991,PZ-CORE,23.81,2026-01-21
QX-BWS-991,PZ-VALUE,22.38,2025-12-08
QX-BWS-991,PZ-REMOTE,25.95,2026-03-08
QX-FRZ-992,PZ-METRO,1.30,2025-12-25
QX-FRZ-992,PZ-URBAN,1.19,2026-01-17
QX-FRZ-992,PZ-CORE,1.14,2026-01-20
QX-FRZ-992,PZ-VALUE,1.07,2025-11-20
QX-FRZ-992,PZ-REMOTE,1.24,2025-12-31
QX-CHL-993,PZ-METRO,7.26,2026-02-04
QX-CHL-993,PZ-URBAN,6.62,2025-10-11
QX-CHL-993,PZ-CORE,6.37,2025-11-13
QX-CHL-993,PZ-VALUE,5.99,2026-03-16
QX-CHL-993,PZ-REMOTE,6.94,2026-03-10
QX-BAK-994,PZ-METRO,3.56,2025-09-29
QX-BAK-994,PZ-URBAN,3.24,2025-11-30
QX-BAK-994,PZ-CORE,3.12,2025-11-13
QX-BAK-994,PZ-VALUE,2.93,2026-01-31
QX-BAK-994,PZ-REMOTE,3.40,2026-02-08
QX-FRZ-995,PZ-METRO,6.52,2025-10-27
QX-FRZ-995,PZ-URBAN,5.95,2026-02-17
QX-FRZ-995,PZ-CORE,5.72,2026-02-24
QX-FRZ-995,PZ-VALUE,5.38,2025-12-06
QX-FRZ-995,PZ-REMOTE,6.23,2025-12-07
QX-DRY-996,PZ-METRO,3.65,2026-01-27
QX-DRY-996,PZ-URBAN,3.33,2025-11-16
QX-DRY-996,PZ-CORE,3.20,2025-11-25
QX-DRY-996,PZ-VALUE,3.01,2025-11-24
QX-DRY-996,PZ-REMOTE,3.49,2026-02-11
QX-FRZ-997,PZ-METRO,2.99,2025-09-30
QX-FRZ-997,PZ-URBAN,2.72,2026-03-21
QX-FRZ-997,PZ-CORE,2.62,2025-09-21
QX-FRZ-997,PZ-VALUE,2.46,2025-09-18
QX-FRZ-997,PZ-REMOTE,2.86,2026-03-10
QX-PRO-999,PZ-METRO,0.80,2025-10-28
QX-PRO-999,PZ-URBAN,0.70,2025-12-04
QX-PRO-999,PZ-CORE,0.70,2026-02-02
QX-PRO-999,PZ-VALUE,0.65,2025-10-16
QX-PRO-999,PZ-REMOTE,0.75,2026-01-11
QX-BAK-000,PZ-METRO,8.94,2025-09-22
QX-BAK-000,PZ-URBAN,8.15,2026-03-02
QX-BAK-000,PZ-CORE,7.84,2025-10-17
QX-BAK-000,PZ-VALUE,7.37,2025-10-20
QX-BAK-000,PZ-REMOTE,8.55,2025-12-31
QX-BAK-001,PZ-METRO,7.48,2026-01-19
QX-BAK-001,PZ-URBAN,6.82,2025-12-28
QX-BAK-001,PZ-CORE,6.56,2025-11-15
QX-BAK-001,PZ-VALUE,6.17,2026-01-01
QX-BAK-001,PZ-REMOTE,7.15,2025-12-08
QX-CER-003,PZ-METRO,2.72,2025-12-29
QX-CER-003,PZ-URBAN,2.49,2025-11-18
QX-CER-003,PZ-CORE,2.39,2025-11-03
QX-CER-003,PZ-VALUE,2.25,2025-12-27
QX-CER-003,PZ-REMOTE,2.61,2025-10-20
QX-CER-006,PZ-METRO,4.75,2026-02-13
QX-CER-006,PZ-URBAN,4.34,2025-11-19
QX-CER-006,PZ-CORE,4.17,2025-09-21
QX-CER-006,PZ-VALUE,3.92,2025-09-20
QX-CER-006,PZ-REMOTE,4.55,2025-10-13
QX-TIN-007,PZ-METRO,3.03,2025-09-14
QX-TIN-007,PZ-URBAN,2.77,2026-01-07
QX-TIN-007,PZ-CORE,2.66,2025-10-08
QX-TIN-007,PZ-VALUE,2.50,2026-01-06
QX-TIN-007,PZ-REMOTE,2.90,2026-01-04
QX-HHD-008,PZ-METRO,12.36,2026-03-18
QX-HHD-008,PZ-URBAN,11.27,2026-02-22
QX-HHD-008,PZ-CORE,10.84,2025-11-26
QX-HHD-008,PZ-VALUE,10.19,2025-12-03
QX-HHD-008,PZ-REMOTE,11.82,2025-12-01
QX-HHD-009,PZ-METRO,12.21,2025-10-28
QX-HHD-009,PZ-URBAN,11.14,2025-11-04
QX-HHD-009,PZ-CORE,10.71,2025-11-02
QX-HHD-009,PZ-VALUE,10.07,2026-01-11
QX-HHD-009,PZ-REMOTE,11.67,2025-12-27
QX-HBC-010,PZ-METRO,15.21,2025-12-19
QX-HBC-010,PZ-URBAN,13.87,2026-01-11
QX-HBC-010,PZ-CORE,13.34,2026-03-16
QX-HBC-010,PZ-VALUE,12.54,2026-01-09
QX-HBC-010,PZ-REMOTE,14.54,2025-11-09
QX-CHL-012,PZ-METRO,22.34,2025-10-08
QX-CHL-012,PZ-URBAN,20.38,2026-03-11
QX-CHL-012,PZ-CORE,19.60,2025-11-08
QX-CHL-012,PZ-VALUE,18.42,2025-10-02
QX-CHL-012,PZ-REMOTE,21.36,2026-03-10
QX-PET-013,PZ-METRO,6.92,2026-02-16
QX-PET-013,PZ-URBAN,6.31,2025-10-17
QX-PET-013,PZ-CORE,6.07,2025-12-14
QX-PET-013,PZ-VALUE,5.71,2025-11-08
QX-PET-013,PZ-REMOTE,6.62,2025-12-01
QX-HHD-014,PZ-METRO,2.62,2025-11-15
QX-HHD-014,PZ-URBAN,2.39,2025-11-07
QX-HHD-014,PZ-CORE,2.30,2025-11-21
QX-HHD-014,PZ-VALUE,2.16,2025-10-22
QX-HHD-014,PZ-REMOTE,2.51,2026-02-18
QX-DRY-016,PZ-METRO,1.76,2026-02-06
QX-DRY-016,PZ-URBAN,1.60,2026-03-06
QX-DRY-016,PZ-CORE,1.54,2026-01-27
QX-DRY-016,PZ-VALUE,1.45,2025-09-24
QX-DRY-016,PZ-REMOTE,1.68,2025-12-02
QX-DRY-017,PZ-METRO,2.26,2025-11-12
QX-DRY-017,PZ-URBAN,2.06,2025-11-09
QX-DRY-017,PZ-CORE,1.98,2026-01-31
QX-DRY-017,PZ-VALUE,1.86,2026-02-14
QX-DRY-017,PZ-REMOTE,2.16,2026-03-07
QX-PET-018,PZ-METRO,3.26,2026-02-16
QX-PET-018,PZ-URBAN,2.97,2025-12-20
QX-PET-018,PZ-CORE,2.86,2025-10-30
QX-PET-018,PZ-VALUE,2.69,2025-10-23
QX-PET-018,PZ-REMOTE,3.12,2025-12-18
QX-FRZ-019,PZ-METRO,4.61,2026-01-24
QX-FRZ-019,PZ-URBAN,4.20,2025-12-07
QX-FRZ-019,PZ-CORE,4.04,2025-12-05
QX-FRZ-019,PZ-VALUE,3.80,2026-01-12
QX-FRZ-019,PZ-REMOTE,4.40,2025-10-25
QX-HBC-020,PZ-METRO,11.37,2025-11-27
QX-HBC-020,PZ-URBAN,10.37,2025-10-22
QX-HBC-020,PZ-CORE,9.97,2025-11-21
QX-HBC-020,PZ-VALUE,9.37,2025-11-11
QX-HBC-020,PZ-REMOTE,10.87,2026-03-10
QX-HBC-021,PZ-METRO,12.94,2026-02-24
QX-HBC-021,PZ-URBAN,11.80,2026-01-16
QX-HBC-021,PZ-CORE,11.35,2026-03-13
QX-HBC-021,PZ-VALUE,10.67,2026-03-06
QX-HBC-021,PZ-REMOTE,12.37,2025-10-05
QX-FRZ-022,PZ-METRO,5.40,2026-01-14
QX-FRZ-022,PZ-URBAN,4.93,2025-11-04
QX-FRZ-022,PZ-CORE,4.74,2025-10-01
QX-FRZ-022,PZ-VALUE,4.46,2025-10-10
QX-FRZ-022,PZ-REMOTE,5.17,2025-10-20
QX-HHD-023,PZ-METRO,8.01,2025-11-25
QX-HHD-023,PZ-URBAN,7.31,2025-10-05
QX-HHD-023,PZ-CORE,7.03,2026-01-03
QX-HHD-023,PZ-VALUE,6.61,2025-11-26
QX-HHD-023,PZ-REMOTE,7.66,2026-01-10
QX-DRY-024,PZ-METRO,6.81,2025-10-14
QX-DRY-024,PZ-URBAN,6.21,2025-11-07
QX-DRY-024,PZ-CORE,5.97,2026-03-10
QX-DRY-024,PZ-VALUE,5.61,2025-10-10
QX-DRY-024,PZ-REMOTE,6.51,2025-12-24
QX-PRO-025,PZ-METRO,4.13,2025-11-28
QX-PRO-025,PZ-URBAN,3.76,2025-12-20
QX-PRO-025,PZ-CORE,3.62,2026-02-18
QX-PRO-025,PZ-VALUE,3.40,2025-11-20
QX-PRO-025,PZ-REMOTE,3.95,2026-02-26
QX-PET-026,PZ-METRO,9.53,2025-12-02
QX-PET-026,PZ-URBAN,8.69,2026-02-12
QX-PET-026,PZ-CORE,8.36,2025-10-08
QX-PET-026,PZ-VALUE,7.86,2025-10-14
QX-PET-026,PZ-REMOTE,9.11,2025-10-03
QX-TIN-027,PZ-METRO,2.39,2025-09-26
QX-TIN-027,PZ-URBAN,2.18,2025-11-22
QX-TIN-027,PZ-CORE,2.10,2025-12-12
QX-TIN-027,PZ-VALUE,1.97,2025-12-13
QX-TIN-027,PZ-REMOTE,2.29,2025-11-09
QX-FRZ-028,PZ-METRO,2.74,2026-02-01
QX-FRZ-028,PZ-URBAN,2.50,2026-02-28
QX-FRZ-028,PZ-CORE,2.40,2026-02-15
QX-FRZ-028,PZ-VALUE,2.26,2025-12-07
QX-FRZ-028,PZ-REMOTE,2.62,2026-02-08
QX-FRZ-029,PZ-METRO,2.39,2025-12-01
QX-FRZ-029,PZ-URBAN,2.18,2026-03-11
QX-FRZ-029,PZ-CORE,2.10,2025-12-31
QX-FRZ-029,PZ-VALUE,1.97,2026-01-06
QX-FRZ-029,PZ-REMOTE,2.29,2025-12-03
QX-DRK-030,PZ-METRO,5.71,2026-03-20
QX-DRK-030,PZ-URBAN,5.21,2025-11-24
QX-DRK-030,PZ-CORE,5.01,2025-11-08
QX-DRK-030,PZ-VALUE,4.71,2025-10-05
QX-DRK-030,PZ-REMOTE,5.46,2026-02-18
QX-TIN-031,PZ-METRO,2.82,2026-01-11
QX-TIN-031,PZ-URBAN,2.57,2026-03-01
QX-TIN-031,PZ-CORE,2.47,2026-03-04
QX-TIN-031,PZ-VALUE,2.32,2026-03-18
QX-TIN-031,PZ-REMOTE,2.69,2026-02-15
QX-CHL-032,PZ-METRO,23.26,2025-10-10
QX-CHL-032,PZ-URBAN,21.22,2026-01-11
QX-CHL-032,PZ-CORE,20.40,2025-11-26
QX-CHL-032,PZ-VALUE,19.18,2026-03-18
QX-CHL-032,PZ-REMOTE,22.24,2026-02-28
QX-HHD-033,PZ-METRO,9.42,2026-01-06
QX-HHD-033,PZ-URBAN,8.59,2026-01-12
QX-HHD-033,PZ-CORE,8.26,2026-02-09
QX-HHD-033,PZ-VALUE,7.76,2025-12-04
QX-HHD-033,PZ-REMOTE,9.00,2025-12-06
QX-CER-034,PZ-METRO,2.43,2026-02-02
QX-CER-034,PZ-URBAN,2.22,2026-02-21
QX-CER-034,PZ-CORE,2.13,2025-11-05
QX-CER-034,PZ-VALUE,2.00,2026-02-13
QX-CER-034,PZ-REMOTE,2.32,2025-12-03
QX-PET-035,PZ-METRO,5.70,2026-02-01
QX-PET-035,PZ-URBAN,5.20,2025-10-24
QX-PET-035,PZ-CORE,5.00,2026-01-05
QX-PET-035,PZ-VALUE,4.70,2025-10-30
QX-PET-035,PZ-REMOTE,5.45,2025-09-16
QX-DRK-036,PZ-METRO,3.27,2025-11-27
QX-DRK-036,PZ-URBAN,2.98,2025-11-25
QX-DRK-036,PZ-CORE,2.87,2025-11-09
QX-DRK-036,PZ-VALUE,2.70,2025-11-20
QX-DRK-036,PZ-REMOTE,3.13,2025-09-27
QX-CER-037,PZ-METRO,2.09,2026-03-19
QX-CER-037,PZ-URBAN,1.90,2025-09-20
QX-CER-037,PZ-CORE,1.83,2026-02-20
QX-CER-037,PZ-VALUE,1.72,2026-03-15
QX-CER-037,PZ-REMOTE,1.99,2025-11-28
QX-CER-038,PZ-METRO,1.39,2026-03-15
QX-CER-038,PZ-URBAN,1.27,2026-02-17
QX-CER-038,PZ-CORE,1.22,2025-10-15
QX-CER-038,PZ-VALUE,1.15,2025-12-07
QX-CER-038,PZ-REMOTE,1.33,2025-10-18
QX-DRY-039,PZ-METRO,5.04,2026-01-15
QX-DRY-039,PZ-URBAN,4.60,2026-01-09
QX-DRY-039,PZ-CORE,4.42,2026-03-10
QX-DRY-039,PZ-VALUE,4.15,2026-02-11
QX-DRY-039,PZ-REMOTE,4.82,2025-09-16
QX-PRO-040,PZ-METRO,0.50,2025-11-25
QX-PRO-040,PZ-URBAN,0.45,2025-09-16
QX-PRO-040,PZ-CORE,0.45,2026-01-22
QX-PRO-040,PZ-VALUE,0.40,2026-03-01
QX-PRO-040,PZ-REMOTE,0.50,2025-12-12
QX-DRY-041,PZ-METRO,3.14,2025-11-01
QX-DRY-041,PZ-URBAN,2.86,2026-01-04
QX-DRY-041,PZ-CORE,2.75,2025-12-21
QX-DRY-041,PZ-VALUE,2.59,2026-02-10
QX-DRY-041,PZ-REMOTE,3.00,2025-11-05
QX-DRY-042,PZ-METRO,3.80,2025-10-28
QX-DRY-042,PZ-URBAN,3.46,2025-12-12
QX-DRY-042,PZ-CORE,3.33,2026-02-15
QX-DRY-042,PZ-VALUE,3.13,2026-01-29
QX-DRY-042,PZ-REMOTE,3.63,2026-03-16
QX-PRO-043,PZ-METRO,3.76,2025-10-08
QX-PRO-043,PZ-URBAN,3.43,2026-02-21
QX-PRO-043,PZ-CORE,3.30,2026-02-11
QX-PRO-043,PZ-VALUE,3.10,2026-02-12
QX-PRO-043,PZ-REMOTE,3.60,2025-11-08
QX-BAK-044,PZ-METRO,6.97,2026-03-04
QX-BAK-044,PZ-URBAN,6.35,2025-10-24
QX-BAK-044,PZ-CORE,6.11,2025-11-23
QX-BAK-044,PZ-VALUE,5.74,2025-12-15
QX-BAK-044,PZ-REMOTE,6.66,2026-03-06
QX-PET-045,PZ-METRO,6.29,2025-12-14
QX-PET-045,PZ-URBAN,5.74,2025-10-28
QX-PET-045,PZ-CORE,5.52,2025-12-08
QX-PET-045,PZ-VALUE,5.19,2025-11-24
QX-PET-045,PZ-REMOTE,6.02,2026-01-07
QX-DRY-046,PZ-METRO,2.25,2025-10-26
QX-DRY-046,PZ-URBAN,2.05,2026-03-12
QX-DRY-046,PZ-CORE,1.97,2025-11-19
QX-DRY-046,PZ-VALUE,1.85,2026-03-07
QX-DRY-046,PZ-REMOTE,2.15,2025-10-20
QX-FRZ-048,PZ-METRO,7.64,2026-01-09
QX-FRZ-048,PZ-URBAN,6.97,2025-12-14
QX-FRZ-048,PZ-CORE,6.70,2025-12-07
QX-FRZ-048,PZ-VALUE,6.30,2025-10-07
QX-FRZ-048,PZ-REMOTE,7.30,2026-03-07
QX-FRZ-049,PZ-METRO,2.13,2025-10-11
QX-FRZ-049,PZ-URBAN,1.94,2026-01-04
QX-FRZ-049,PZ-CORE,1.87,2025-10-23
QX-FRZ-049,PZ-VALUE,1.76,2026-01-22
QX-FRZ-049,PZ-REMOTE,2.04,2025-12-18
QX-HHD-050,PZ-METRO,9.05,2026-02-23
QX-HHD-050,PZ-URBAN,8.26,2026-03-22
QX-HHD-050,PZ-CORE,7.94,2026-02-28
QX-HHD-050,PZ-VALUE,7.46,2025-12-28
QX-HHD-050,PZ-REMOTE,8.65,2025-12-08
QX-CER-051,PZ-METRO,4.81,2026-01-01
QX-CER-051,PZ-URBAN,4.39,2026-02-05
QX-CER-051,PZ-CORE,4.22,2025-11-02
QX-CER-051,PZ-VALUE,3.97,2025-09-19
QX-CER-051,PZ-REMOTE,4.60,2026-03-10
QX-CER-052,PZ-METRO,4.72,2025-12-10
QX-CER-052,PZ-URBAN,4.31,2025-11-07
QX-CER-052,PZ-CORE,4.14,2026-02-10
QX-CER-052,PZ-VALUE,3.89,2025-09-23
QX-CER-052,PZ-REMOTE,4.51,2025-12-21
QX-DRY-054,PZ-METRO,1.39,2025-11-22
QX-DRY-054,PZ-URBAN,1.27,2025-11-02
QX-DRY-054,PZ-CORE,1.22,2025-11-13
QX-DRY-054,PZ-VALUE,1.15,2026-03-20
QX-DRY-054,PZ-REMOTE,1.33,2026-03-02
QX-BWS-055,PZ-METRO,17.07,2025-09-24
QX-BWS-055,PZ-URBAN,15.57,2025-11-29
QX-BWS-055,PZ-CORE,14.97,2026-03-05
QX-BWS-055,PZ-VALUE,14.07,2025-10-14
QX-BWS-055,PZ-REMOTE,16.32,2025-11-25
QX-BAK-056,PZ-METRO,3.24,2026-02-01
QX-BAK-056,PZ-URBAN,2.95,2025-10-16
QX-BAK-056,PZ-CORE,2.84,2026-02-23
QX-BAK-056,PZ-VALUE,2.67,2025-10-02
QX-BAK-056,PZ-REMOTE,3.10,2025-09-25
QX-BWS-057,PZ-METRO,33.23,2025-11-02
QX-BWS-057,PZ-URBAN,30.32,2025-09-14
QX-BWS-057,PZ-CORE,29.15,2026-02-01
QX-BWS-057,PZ-VALUE,27.40,2025-10-01
QX-BWS-057,PZ-REMOTE,31.77,2025-10-09
QX-DRY-058,PZ-METRO,3.68,2025-12-12
QX-DRY-058,PZ-URBAN,3.36,2025-10-20
QX-DRY-058,PZ-CORE,3.23,2025-12-30
QX-DRY-058,PZ-VALUE,3.04,2025-10-21
QX-DRY-058,PZ-REMOTE,3.52,2026-01-22
QX-DRK-059,PZ-METRO,3.16,2026-01-27
QX-DRK-059,PZ-URBAN,2.88,2025-09-14
QX-DRK-059,PZ-CORE,2.77,2026-01-02
QX-DRK-059,PZ-VALUE,2.60,2025-12-17
QX-DRK-059,PZ-REMOTE,3.02,2025-09-26
QX-BAK-060,PZ-METRO,1.63,2025-11-10
QX-BAK-060,PZ-URBAN,1.49,2025-11-05
QX-BAK-060,PZ-CORE,1.43,2025-09-16
QX-BAK-060,PZ-VALUE,1.34,2025-11-21
QX-BAK-060,PZ-REMOTE,1.56,2025-12-23
QX-TIN-061,PZ-METRO,0.85,2026-01-17
QX-TIN-061,PZ-URBAN,0.80,2025-10-08
QX-TIN-061,PZ-CORE,0.75,2025-09-15
QX-TIN-061,PZ-VALUE,0.70,2025-12-07
QX-TIN-061,PZ-REMOTE,0.85,2025-11-02
QX-HBC-062,PZ-METRO,11.35,2026-03-09
QX-HBC-062,PZ-URBAN,10.36,2026-02-11
QX-HBC-062,PZ-CORE,9.96,2026-03-20
QX-HBC-062,PZ-VALUE,9.36,2025-12-05
QX-HBC-062,PZ-REMOTE,10.86,2025-10-30
QX-BAK-063,PZ-METRO,7.64,2026-02-15
QX-BAK-063,PZ-URBAN,6.97,2025-12-12
QX-BAK-063,PZ-CORE,6.70,2026-01-01
QX-BAK-063,PZ-VALUE,6.30,2026-01-05
QX-BAK-063,PZ-REMOTE,7.30,2025-12-15
QX-CER-064,PZ-METRO,2.68,2025-11-07
QX-CER-064,PZ-URBAN,2.44,2026-01-25
QX-CER-064,PZ-CORE,2.35,2025-09-14
QX-CER-064,PZ-VALUE,2.21,2026-01-08
QX-CER-064,PZ-REMOTE,2.56,2025-10-13
QX-PRO-065,PZ-METRO,0.80,2026-03-17
QX-PRO-065,PZ-URBAN,0.70,2025-11-05
QX-PRO-065,PZ-CORE,0.70,2026-01-14
QX-PRO-065,PZ-VALUE,0.65,2025-10-24
QX-PRO-065,PZ-REMOTE,0.75,2026-03-08
QX-FRZ-066,PZ-METRO,3.31,2025-12-25
QX-FRZ-066,PZ-URBAN,3.02,2026-03-10
QX-FRZ-066,PZ-CORE,2.90,2026-01-26
QX-FRZ-066,PZ-VALUE,2.73,2025-10-13
QX-FRZ-066,PZ-REMOTE,3.16,2026-02-22
QX-FRZ-067,PZ-METRO,2.33,2025-10-29
QX-FRZ-067,PZ-URBAN,2.12,2025-09-19
QX-FRZ-067,PZ-CORE,2.04,2025-10-31
QX-FRZ-067,PZ-VALUE,1.92,2025-09-23
QX-FRZ-067,PZ-REMOTE,2.22,2025-12-14
QX-PRO-068,PZ-METRO,2.05,2025-12-24
QX-PRO-068,PZ-URBAN,1.87,2025-11-06
QX-PRO-068,PZ-CORE,1.80,2025-11-10
QX-PRO-068,PZ-VALUE,1.69,2026-03-16
QX-PRO-068,PZ-REMOTE,1.96,2025-10-30
QX-CHL-069,PZ-METRO,1.25,2026-01-17
QX-CHL-069,PZ-URBAN,1.14,2025-12-02
QX-CHL-069,PZ-CORE,1.10,2025-09-24
QX-CHL-069,PZ-VALUE,1.03,2026-01-04
QX-CHL-069,PZ-REMOTE,1.20,2025-10-24
QX-HHD-070,PZ-METRO,6.61,2026-01-07
QX-HHD-070,PZ-URBAN,6.03,2025-11-23
QX-HHD-070,PZ-CORE,5.80,2026-01-30
QX-HHD-070,PZ-VALUE,5.45,2026-03-09
QX-HHD-070,PZ-REMOTE,6.32,2026-01-05
QX-FRZ-071,PZ-METRO,3.97,2025-10-20
QX-FRZ-071,PZ-URBAN,3.62,2025-11-15
QX-FRZ-071,PZ-CORE,3.48,2025-09-14
QX-FRZ-071,PZ-VALUE,3.27,2026-01-11
QX-FRZ-071,PZ-REMOTE,3.79,2026-01-27
QX-PET-072,PZ-METRO,9.17,2025-09-21
QX-PET-072,PZ-URBAN,8.36,2026-03-01
QX-PET-072,PZ-CORE,8.04,2025-11-21
QX-PET-072,PZ-VALUE,7.56,2026-01-08
QX-PET-072,PZ-REMOTE,8.76,2026-02-12
QX-TIN-073,PZ-METRO,2.42,2026-01-06
QX-TIN-073,PZ-URBAN,2.20,2025-11-01
QX-TIN-073,PZ-CORE,2.12,2026-03-04
QX-TIN-073,PZ-VALUE,1.99,2026-01-27
QX-TIN-073,PZ-REMOTE,2.31,2026-01-28
QX-HBC-074,PZ-METRO,1.65,2026-03-19
QX-HBC-074,PZ-URBAN,1.51,2025-12-21
QX-HBC-074,PZ-CORE,1.45,2025-12-20
QX-HBC-074,PZ-VALUE,1.36,2026-03-16
QX-HBC-074,PZ-REMOTE,1.58,2026-03-06
QX-BAK-076,PZ-METRO,3.36,2026-01-24
QX-BAK-076,PZ-URBAN,3.07,2026-01-20
QX-BAK-076,PZ-CORE,2.95,2025-10-15
QX-BAK-076,PZ-VALUE,2.77,2025-11-04
QX-BAK-076,PZ-REMOTE,3.22,2026-02-05
QX-HHD-077,PZ-METRO,4.59,2026-02-22
QX-HHD-077,PZ-URBAN,4.19,2026-02-13
QX-HHD-077,PZ-CORE,4.03,2026-01-24
QX-HHD-077,PZ-VALUE,3.79,2026-01-25
QX-HHD-077,PZ-REMOTE,4.39,2026-02-08
QX-PET-078,PZ-METRO,2.79,2026-01-06
QX-PET-078,PZ-URBAN,2.55,2026-03-10
QX-PET-078,PZ-CORE,2.45,2025-11-07
QX-PET-078,PZ-VALUE,2.30,2025-12-31
QX-PET-078,PZ-REMOTE,2.67,2026-01-08
QX-FRZ-079,PZ-METRO,5.11,2025-12-27
QX-FRZ-079,PZ-URBAN,4.66,2025-10-22
QX-FRZ-079,PZ-CORE,4.48,2025-12-28
QX-FRZ-079,PZ-VALUE,4.21,2026-02-02
QX-FRZ-079,PZ-REMOTE,4.88,2025-09-21
QX-HBC-080,PZ-METRO,11.97,2025-11-11
QX-HBC-080,PZ-URBAN,10.92,2025-11-24
QX-HBC-080,PZ-CORE,10.50,2026-01-13
QX-HBC-080,PZ-VALUE,9.87,2025-10-11
QX-HBC-080,PZ-REMOTE,11.45,2025-12-12
QX-BAK-081,PZ-METRO,3.00,2025-10-04
QX-BAK-081,PZ-URBAN,2.74,2025-11-01
QX-BAK-081,PZ-CORE,2.63,2025-09-21
QX-BAK-081,PZ-VALUE,2.47,2025-09-14
QX-BAK-081,PZ-REMOTE,2.87,2026-01-14
QX-CHL-082,PZ-METRO,20.63,2026-02-28
QX-CHL-082,PZ-URBAN,18.82,2026-02-03
QX-CHL-082,PZ-CORE,18.10,2026-02-28
QX-CHL-082,PZ-VALUE,17.01,2025-10-04
QX-CHL-082,PZ-REMOTE,19.73,2025-12-13
QX-TIN-083,PZ-METRO,1.30,2025-12-20
QX-TIN-083,PZ-URBAN,1.19,2025-11-16
QX-TIN-083,PZ-CORE,1.14,2026-01-12
QX-TIN-083,PZ-VALUE,1.07,2025-11-29
QX-TIN-083,PZ-REMOTE,1.24,2025-11-04
QX-HBC-084,PZ-METRO,5.92,2026-01-08
QX-HBC-084,PZ-URBAN,5.40,2026-03-18
QX-HBC-084,PZ-CORE,5.19,2026-02-03
QX-HBC-084,PZ-VALUE,4.88,2026-01-20
QX-HBC-084,PZ-REMOTE,5.66,2025-12-09
QX-PET-085,PZ-METRO,8.98,2026-03-13
QX-PET-085,PZ-URBAN,8.20,2026-01-28
QX-PET-085,PZ-CORE,7.88,2025-10-26
QX-PET-085,PZ-VALUE,7.41,2026-01-31
QX-PET-085,PZ-REMOTE,8.59,2025-10-03
QX-HHD-086,PZ-METRO,12.85,2025-11-22
QX-HHD-086,PZ-URBAN,11.72,2026-01-05
QX-HHD-086,PZ-CORE,11.27,2026-01-14
QX-HHD-086,PZ-VALUE,10.59,2026-01-15
QX-HHD-086,PZ-REMOTE,12.28,2026-02-05
QX-CHL-087,PZ-METRO,7.02,2026-01-09
QX-CHL-087,PZ-URBAN,6.41,2026-03-02
QX-CHL-087,PZ-CORE,6.16,2025-09-19
QX-CHL-087,PZ-VALUE,5.79,2025-11-12
QX-CHL-087,PZ-REMOTE,6.71,2025-10-26
QX-DRK-088,PZ-METRO,4.67,2026-02-14
QX-DRK-088,PZ-URBAN,4.26,2026-01-03
QX-DRK-088,PZ-CORE,4.10,2026-01-11
QX-DRK-088,PZ-VALUE,3.85,2025-11-09
QX-DRK-088,PZ-REMOTE,4.47,2026-01-13
QX-HBC-089,PZ-METRO,8.08,2025-12-09
QX-HBC-089,PZ-URBAN,7.37,2026-01-09
QX-HBC-089,PZ-CORE,7.09,2025-10-23
QX-HBC-089,PZ-VALUE,6.66,2026-02-02
QX-HBC-089,PZ-REMOTE,7.73,2025-09-17
QX-PET-090,PZ-METRO,2.80,2026-02-24
QX-PET-090,PZ-URBAN,2.56,2025-12-03
QX-PET-090,PZ-CORE,2.46,2025-11-05
QX-PET-090,PZ-VALUE,2.31,2026-01-29
QX-PET-090,PZ-REMOTE,2.68,2025-09-22
QX-BWS-091,PZ-METRO,5.32,2025-10-07
QX-BWS-091,PZ-URBAN,4.86,2025-09-20
QX-BWS-091,PZ-CORE,4.67,2026-01-14
QX-BWS-091,PZ-VALUE,4.39,2025-12-16
QX-BWS-091,PZ-REMOTE,5.09,2025-11-04
QX-HHD-092,PZ-METRO,5.36,2026-01-19
QX-HHD-092,PZ-URBAN,4.89,2025-10-20
QX-HHD-092,PZ-CORE,4.70,2026-02-17
QX-HHD-092,PZ-VALUE,4.42,2026-03-10
QX-HHD-092,PZ-REMOTE,5.12,2026-02-20
QX-HHD-093,PZ-METRO,3.59,2026-03-01
QX-HHD-093,PZ-URBAN,3.28,2025-09-24
QX-HHD-093,PZ-CORE,3.15,2025-11-21
QX-HHD-093,PZ-VALUE,2.96,2025-12-18
QX-HHD-093,PZ-REMOTE,3.43,2025-10-06
QX-BWS-094,PZ-METRO,32.92,2026-02-11
QX-BWS-094,PZ-URBAN,30.04,2026-03-01
QX-BWS-094,PZ-CORE,28.88,2025-11-10
QX-BWS-094,PZ-VALUE,27.15,2026-01-22
QX-BWS-094,PZ-REMOTE,31.48,2025-10-31
QX-FRZ-095,PZ-METRO,9.07,2025-12-23
QX-FRZ-095,PZ-URBAN,8.28,2026-02-01
QX-FRZ-095,PZ-CORE,7.96,2026-01-19
QX-FRZ-095,PZ-VALUE,7.48,2026-02-27
QX-FRZ-095,PZ-REMOTE,8.68,2026-02-01
QX-PET-097,PZ-METRO,8.04,2026-03-10
QX-PET-097,PZ-URBAN,7.33,2025-12-16
QX-PET-097,PZ-CORE,7.05,2025-12-19
QX-PET-097,PZ-VALUE,6.63,2025-10-30
QX-PET-097,PZ-REMOTE,7.68,2025-10-12
QX-CHL-098,PZ-METRO,7.34,2026-01-12
QX-CHL-098,PZ-URBAN,6.70,2025-10-11
QX-CHL-098,PZ-CORE,6.44,2025-12-03
QX-CHL-098,PZ-VALUE,6.05,2026-01-10
QX-CHL-098,PZ-REMOTE,7.02,2026-02-23
QX-DRK-099,PZ-METRO,4.26,2025-10-04
QX-DRK-099,PZ-URBAN,3.89,2026-03-06
QX-DRK-099,PZ-CORE,3.74,2025-10-27
QX-DRK-099,PZ-VALUE,3.52,2025-09-15
QX-DRK-099,PZ-REMOTE,4.08,2026-02-06
QX-PET-100,PZ-METRO,2.93,2025-11-19
QX-PET-100,PZ-URBAN,2.67,2026-03-06
QX-PET-100,PZ-CORE,2.57,2026-02-20
QX-PET-100,PZ-VALUE,2.42,2025-11-27
QX-PET-100,PZ-REMOTE,2.80,2026-03-11
QX-HHD-101,PZ-METRO,5.96,2026-03-04
QX-HHD-101,PZ-URBAN,5.44,2025-09-24
QX-HHD-101,PZ-CORE,5.23,2026-03-05
QX-HHD-101,PZ-VALUE,4.92,2026-03-05
QX-HHD-101,PZ-REMOTE,5.70,2025-12-31
QX-HHD-102,PZ-METRO,5.83,2025-11-11
QX-HHD-102,PZ-URBAN,5.31,2025-10-18
QX-HHD-102,PZ-CORE,5.11,2026-03-13
QX-HHD-102,PZ-VALUE,4.80,2025-11-24
QX-HHD-102,PZ-REMOTE,5.57,2026-03-06
QX-DRK-103,PZ-METRO,3.70,2026-01-05
QX-DRK-103,PZ-URBAN,3.38,2026-01-13
QX-DRK-103,PZ-CORE,3.25,2025-10-12
QX-DRK-103,PZ-VALUE,3.06,2025-10-26
QX-DRK-103,PZ-REMOTE,3.54,2025-11-04
QX-DRK-104,PZ-METRO,2.03,2025-10-17
QX-DRK-104,PZ-URBAN,1.85,2026-01-09
QX-DRK-104,PZ-CORE,1.78,2026-02-10
QX-DRK-104,PZ-VALUE,1.67,2025-11-03
QX-DRK-104,PZ-REMOTE,1.94,2026-02-08
QX-CHL-105,PZ-METRO,2.20,2025-11-21
QX-CHL-105,PZ-URBAN,2.01,2025-09-24
QX-CHL-105,PZ-CORE,1.93,2025-12-16
QX-CHL-105,PZ-VALUE,1.81,2026-03-05
QX-CHL-105,PZ-REMOTE,2.10,2026-01-24
QX-CER-106,PZ-METRO,1.38,2025-09-14
QX-CER-106,PZ-URBAN,1.26,2025-11-21
QX-CER-106,PZ-CORE,1.21,2025-10-12
QX-CER-106,PZ-VALUE,1.14,2025-10-22
QX-CER-106,PZ-REMOTE,1.32,2026-02-21
QX-DRY-107,PZ-METRO,6.69,2025-12-12
QX-DRY-107,PZ-URBAN,6.10,2026-02-10
QX-DRY-107,PZ-CORE,5.87,2025-11-18
QX-DRY-107,PZ-VALUE,5.52,2026-03-16
QX-DRY-107,PZ-REMOTE,6.40,2025-12-09
QX-TIN-108,PZ-METRO,1.82,2026-01-15
QX-TIN-108,PZ-URBAN,1.66,2025-11-26
QX-TIN-108,PZ-CORE,1.60,2025-09-14
QX-TIN-108,PZ-VALUE,1.50,2026-02-19
QX-TIN-108,PZ-REMOTE,1.74,2025-11-14
QX-BAK-109,PZ-METRO,4.64,2026-03-05
QX-BAK-109,PZ-URBAN,4.23,2026-03-02
QX-BAK-109,PZ-CORE,4.07,2025-11-20
QX-BAK-109,PZ-VALUE,3.83,2026-01-10
QX-BAK-109,PZ-REMOTE,4.44,2025-09-30
QX-DRY-110,PZ-METRO,1.14,2026-02-25
QX-DRY-110,PZ-URBAN,1.04,2026-01-27
QX-DRY-110,PZ-CORE,1.00,2026-02-22
QX-DRY-110,PZ-VALUE,0.95,2025-12-27
QX-DRY-110,PZ-REMOTE,1.09,2025-10-07
QX-DRY-111,PZ-METRO,5.37,2025-11-30
QX-DRY-111,PZ-URBAN,4.90,2025-10-03
QX-DRY-111,PZ-CORE,4.71,2025-12-12
QX-DRY-111,PZ-VALUE,4.43,2026-03-21
QX-DRY-111,PZ-REMOTE,5.13,2025-11-03
QX-BAK-112,PZ-METRO,4.18,2026-01-11
QX-BAK-112,PZ-URBAN,3.82,2026-02-07
QX-BAK-112,PZ-CORE,3.67,2026-01-02
QX-BAK-112,PZ-VALUE,3.45,2026-03-05
QX-BAK-112,PZ-REMOTE,4.00,2026-01-17
QX-FRZ-113,PZ-METRO,6.59,2026-02-15
QX-FRZ-113,PZ-URBAN,6.01,2025-10-18
QX-FRZ-113,PZ-CORE,5.78,2026-02-04
QX-FRZ-113,PZ-VALUE,5.43,2026-02-06
QX-FRZ-113,PZ-REMOTE,6.30,2026-02-18
QX-HBC-114,PZ-METRO,7.79,2025-10-13
QX-HBC-114,PZ-URBAN,7.10,2025-12-18
QX-HBC-114,PZ-CORE,6.83,2026-03-02
QX-HBC-114,PZ-VALUE,6.42,2025-12-18
QX-HBC-114,PZ-REMOTE,7.44,2026-02-11
QX-CER-115,PZ-METRO,4.89,2026-01-06
QX-CER-115,PZ-URBAN,4.46,2025-12-12
QX-CER-115,PZ-CORE,4.29,2026-01-11
QX-CER-115,PZ-VALUE,4.03,2025-09-28
QX-CER-115,PZ-REMOTE,4.68,2025-12-10
QX-DRY-116,PZ-METRO,6.92,2025-10-02
QX-DRY-116,PZ-URBAN,6.31,2026-02-26
QX-DRY-116,PZ-CORE,6.07,2025-11-01
QX-DRY-116,PZ-VALUE,5.71,2025-09-30
QX-DRY-116,PZ-REMOTE,6.62,2026-01-15
QX-TIN-117,PZ-METRO,0.80,2026-01-09
QX-TIN-117,PZ-URBAN,0.75,2026-03-08
QX-TIN-117,PZ-CORE,0.70,2025-11-22
QX-TIN-117,PZ-VALUE,0.65,2025-12-11
QX-TIN-117,PZ-REMOTE,0.75,2026-02-12
QX-BWS-118,PZ-METRO,12.35,2026-02-16
QX-BWS-118,PZ-URBAN,11.26,2026-01-21
QX-BWS-118,PZ-CORE,10.83,2026-03-16
QX-BWS-118,PZ-VALUE,10.18,2026-03-08
QX-BWS-118,PZ-REMOTE,11.80,2026-01-27
QX-DRY-119,PZ-METRO,7.51,2026-02-28
QX-DRY-119,PZ-URBAN,6.85,2026-02-05
QX-DRY-119,PZ-CORE,6.59,2026-01-25
QX-DRY-119,PZ-VALUE,6.19,2026-01-28
QX-DRY-119,PZ-REMOTE,7.18,2026-02-10
QX-DRY-121,PZ-METRO,7.80,2025-09-24
QX-DRY-121,PZ-URBAN,7.11,2025-10-08
QX-DRY-121,PZ-CORE,6.84,2025-12-11
QX-DRY-121,PZ-VALUE,6.43,2026-03-11
QX-DRY-121,PZ-REMOTE,7.46,2025-11-12
QX-TIN-122,PZ-METRO,0.80,2025-11-08
QX-TIN-122,PZ-URBAN,0.75,2025-09-27
QX-TIN-122,PZ-CORE,0.70,2025-09-17
QX-TIN-122,PZ-VALUE,0.70,2026-03-20
QX-TIN-122,PZ-REMOTE,0.80,2025-09-17
QX-CHL-123,PZ-METRO,25.46,2025-11-21
QX-CHL-123,PZ-URBAN,23.22,2025-10-14
QX-CHL-123,PZ-CORE,22.33,2025-12-27
QX-CHL-123,PZ-VALUE,20.99,2026-01-16
QX-CHL-123,PZ-REMOTE,24.34,2025-11-09
QX-TIN-124,PZ-METRO,2.60,2025-11-13
QX-TIN-124,PZ-URBAN,2.37,2026-01-20
QX-TIN-124,PZ-CORE,2.28,2025-10-01
QX-TIN-124,PZ-VALUE,2.14,2026-03-18
QX-TIN-124,PZ-REMOTE,2.49,2025-10-28
QX-DRK-125,PZ-METRO,1.65,2026-01-30
QX-DRK-125,PZ-URBAN,1.51,2026-01-16
QX-DRK-125,PZ-CORE,1.45,2025-10-01
QX-DRK-125,PZ-VALUE,1.36,2026-03-19
QX-DRK-125,PZ-REMOTE,1.58,2026-01-16
QX-BWS-126,PZ-METRO,30.26,2026-03-05
QX-BWS-126,PZ-URBAN,27.60,2025-11-28
QX-BWS-126,PZ-CORE,26.54,2026-01-26
QX-BWS-126,PZ-VALUE,24.95,2026-03-11
QX-BWS-126,PZ-REMOTE,28.93,2026-03-17
QX-PRO-127,PZ-METRO,3.42,2025-10-15
QX-PRO-127,PZ-URBAN,3.12,2025-10-18
QX-PRO-127,PZ-CORE,3.00,2026-01-15
QX-PRO-127,PZ-VALUE,2.82,2025-11-16
QX-PRO-127,PZ-REMOTE,3.27,2025-10-14
QX-DRY-129,PZ-METRO,1.21,2026-03-08
QX-DRY-129,PZ-URBAN,1.10,2025-10-29
QX-DRY-129,PZ-CORE,1.06,2025-12-23
QX-DRY-129,PZ-VALUE,1.00,2025-10-20
QX-DRY-129,PZ-REMOTE,1.16,2026-02-21
QX-PRO-130,PZ-METRO,1.40,2026-03-07
QX-PRO-130,PZ-URBAN,1.28,2026-03-05
QX-PRO-130,PZ-CORE,1.23,2025-11-21
QX-PRO-130,PZ-VALUE,1.16,2026-02-17
QX-PRO-130,PZ-REMOTE,1.34,2026-03-16
QX-BAK-131,PZ-METRO,3.16,2025-09-22
QX-BAK-131,PZ-URBAN,2.88,2026-01-05
QX-BAK-131,PZ-CORE,2.77,2026-02-15
QX-BAK-131,PZ-VALUE,2.60,2025-11-12
QX-BAK-131,PZ-REMOTE,3.02,2025-12-27
QX-HBC-132,PZ-METRO,10.18,2025-10-16
QX-HBC-132,PZ-URBAN,9.29,2026-01-07
QX-HBC-132,PZ-CORE,8.93,2025-11-10
QX-HBC-132,PZ-VALUE,8.39,2025-12-25
QX-HBC-132,PZ-REMOTE,9.73,2025-10-02
QX-FRZ-133,PZ-METRO,4.81,2025-09-18
QX-FRZ-133,PZ-URBAN,4.39,2025-11-01
QX-FRZ-133,PZ-CORE,4.22,2025-11-25
QX-FRZ-133,PZ-VALUE,3.97,2025-11-10
QX-FRZ-133,PZ-REMOTE,4.60,2026-03-01
QX-CER-134,PZ-METRO,3.66,2026-01-24
QX-CER-134,PZ-URBAN,3.34,2025-10-13
QX-CER-134,PZ-CORE,3.21,2026-01-27
QX-CER-134,PZ-VALUE,3.02,2025-10-23
QX-CER-134,PZ-REMOTE,3.50,2026-01-20
QX-CER-135,PZ-METRO,4.09,2026-01-10
QX-CER-135,PZ-URBAN,3.73,2026-01-29
QX-CER-135,PZ-CORE,3.59,2026-01-06
QX-CER-135,PZ-VALUE,3.37,2025-11-25
QX-CER-135,PZ-REMOTE,3.91,2025-10-06
QX-DRK-136,PZ-METRO,4.35,2026-01-14
QX-DRK-136,PZ-URBAN,3.97,2025-10-13
QX-DRK-136,PZ-CORE,3.82,2026-03-21
QX-DRK-136,PZ-VALUE,3.59,2025-09-16
QX-DRK-136,PZ-REMOTE,4.16,2026-01-10
QX-PET-137,PZ-METRO,1.77,2026-01-21
QX-PET-137,PZ-URBAN,1.61,2026-03-01
QX-PET-137,PZ-CORE,1.55,2026-01-24
QX-PET-137,PZ-VALUE,1.46,2025-12-29
QX-PET-137,PZ-REMOTE,1.69,2026-03-17
QX-TIN-138,PZ-METRO,3.16,2026-03-17
QX-TIN-138,PZ-URBAN,2.88,2026-03-12
QX-TIN-138,PZ-CORE,2.77,2026-01-31
QX-TIN-138,PZ-VALUE,2.60,2025-12-16
QX-TIN-138,PZ-REMOTE,3.02,2026-03-15
QX-BAK-139,PZ-METRO,3.85,2026-03-01
QX-BAK-139,PZ-URBAN,3.52,2025-12-22
QX-BAK-139,PZ-CORE,3.38,2026-02-26
QX-BAK-139,PZ-VALUE,3.18,2026-03-02
QX-BAK-139,PZ-REMOTE,3.68,2025-12-17
QX-DRY-140,PZ-METRO,5.83,2025-10-22
QX-DRY-140,PZ-URBAN,5.31,2025-11-22
QX-DRY-140,PZ-CORE,5.11,2026-02-26
QX-DRY-140,PZ-VALUE,4.80,2026-02-20
QX-DRY-140,PZ-REMOTE,5.57,2025-10-25
QX-CER-141,PZ-METRO,4.83,2026-02-17
QX-CER-141,PZ-URBAN,4.41,2026-03-05
QX-CER-141,PZ-CORE,4.24,2026-02-17
QX-CER-141,PZ-VALUE,3.99,2026-03-07
QX-CER-141,PZ-REMOTE,4.62,2025-10-30
QX-PRO-142,PZ-METRO,2.62,2026-02-11
QX-PRO-142,PZ-URBAN,2.39,2025-12-23
QX-PRO-142,PZ-CORE,2.30,2025-10-03
QX-PRO-142,PZ-VALUE,2.16,2026-01-03
QX-PRO-142,PZ-REMOTE,2.51,2025-10-26
QX-CER-143,PZ-METRO,2.23,2025-12-13
QX-CER-143,PZ-URBAN,2.04,2026-02-22
QX-CER-143,PZ-CORE,1.96,2025-09-24
QX-CER-143,PZ-VALUE,1.84,2025-12-22
QX-CER-143,PZ-REMOTE,2.14,2026-01-10
QX-CHL-145,PZ-METRO,4.55,2025-12-12
QX-CHL-145,PZ-URBAN,4.15,2025-10-01
QX-CHL-145,PZ-CORE,3.99,2025-10-14
QX-CHL-145,PZ-VALUE,3.75,2025-10-20
QX-CHL-145,PZ-REMOTE,4.35,2026-03-14
QX-TIN-146,PZ-METRO,2.35,2025-11-17
QX-TIN-146,PZ-URBAN,2.14,2026-02-04
QX-TIN-146,PZ-CORE,2.06,2025-09-25
QX-TIN-146,PZ-VALUE,1.94,2026-01-25
QX-TIN-146,PZ-REMOTE,2.25,2025-10-30
QX-BWS-147,PZ-METRO,18.83,2026-03-04
QX-BWS-147,PZ-URBAN,17.18,2025-10-07
QX-BWS-147,PZ-CORE,16.52,2025-10-11
QX-BWS-147,PZ-VALUE,15.53,2025-11-04
QX-BWS-147,PZ-REMOTE,18.01,2026-03-12
QX-HHD-148,PZ-METRO,6.24,2026-02-13
QX-HHD-148,PZ-URBAN,5.69,2026-01-10
QX-HHD-148,PZ-CORE,5.47,2025-10-18
QX-HHD-148,PZ-VALUE,5.14,2025-12-17
QX-HHD-148,PZ-REMOTE,5.96,2025-10-18
QX-PET-150,PZ-METRO,3.99,2026-01-10
QX-PET-150,PZ-URBAN,3.64,2025-12-07
QX-PET-150,PZ-CORE,3.50,2025-09-28
QX-PET-150,PZ-VALUE,3.29,2026-01-12
QX-PET-150,PZ-REMOTE,3.82,2026-01-28
QX-CER-151,PZ-METRO,1.95,2025-12-06
QX-CER-151,PZ-URBAN,1.78,2025-12-05
QX-CER-151,PZ-CORE,1.71,2025-10-01
QX-CER-151,PZ-VALUE,1.61,2025-09-19
QX-CER-151,PZ-REMOTE,1.86,2025-10-15
QX-DRK-152,PZ-METRO,3.55,2025-12-07
QX-DRK-152,PZ-URBAN,3.23,2025-12-29
QX-DRK-152,PZ-CORE,3.11,2026-01-06
QX-DRK-152,PZ-VALUE,2.92,2025-12-03
QX-DRK-152,PZ-REMOTE,3.39,2025-11-24
QX-PRO-154,PZ-METRO,4.46,2025-09-17
QX-PRO-154,PZ-URBAN,4.07,2025-10-20
QX-PRO-154,PZ-CORE,3.91,2026-02-03
QX-PRO-154,PZ-VALUE,3.68,2025-11-15
QX-PRO-154,PZ-REMOTE,4.26,2025-12-20
QX-CER-156,PZ-METRO,2.93,2025-10-29
QX-CER-156,PZ-URBAN,2.67,2026-01-12
QX-CER-156,PZ-CORE,2.57,2025-10-30
QX-CER-156,PZ-VALUE,2.42,2025-10-15
QX-CER-156,PZ-REMOTE,2.80,2026-02-04
QX-PRO-158,PZ-METRO,5.08,2026-03-03
QX-PRO-158,PZ-URBAN,4.64,2025-09-20
QX-PRO-158,PZ-CORE,4.46,2025-12-04
QX-PRO-158,PZ-VALUE,4.19,2026-03-08
QX-PRO-158,PZ-REMOTE,4.86,2025-10-18
QX-CHL-159,PZ-METRO,9.45,2026-01-29
QX-CHL-159,PZ-URBAN,8.62,2025-09-27
QX-CHL-159,PZ-CORE,8.29,2025-10-05
QX-CHL-159,PZ-VALUE,7.79,2025-11-07
QX-CHL-159,PZ-REMOTE,9.04,2025-10-09
QX-HBC-160,PZ-METRO,16.17,2025-11-25
QX-HBC-160,PZ-URBAN,14.75,2025-12-12
QX-HBC-160,PZ-CORE,14.18,2026-01-15
QX-HBC-160,PZ-VALUE,13.33,2025-10-08
QX-HBC-160,PZ-REMOTE,15.46,2025-10-26
QX-TIN-161,PZ-METRO,1.96,2026-03-16
QX-TIN-161,PZ-URBAN,1.79,2026-01-25
QX-TIN-161,PZ-CORE,1.72,2025-10-08
QX-TIN-161,PZ-VALUE,1.62,2025-11-13
QX-TIN-161,PZ-REMOTE,1.87,2026-01-04
QX-PRO-162,PZ-METRO,2.46,2025-10-21
QX-PRO-162,PZ-URBAN,2.25,2026-03-22
QX-PRO-162,PZ-CORE,2.16,2025-12-19
QX-PRO-162,PZ-VALUE,2.03,2026-02-10
QX-PRO-162,PZ-REMOTE,2.35,2025-11-25
QX-BWS-163,PZ-METRO,20.98,2025-11-10
QX-BWS-163,PZ-URBAN,19.14,2026-03-13
QX-BWS-163,PZ-CORE,18.40,2025-10-14
QX-BWS-163,PZ-VALUE,17.30,2025-10-24
QX-BWS-163,PZ-REMOTE,20.06,2026-02-16
QX-DRK-164,PZ-METRO,3.98,2025-09-17
QX-DRK-164,PZ-URBAN,3.63,2025-10-26
QX-DRK-164,PZ-CORE,3.49,2026-03-19
QX-DRK-164,PZ-VALUE,3.28,2025-12-04
QX-DRK-164,PZ-REMOTE,3.80,2026-01-03
QX-TIN-165,PZ-METRO,2.26,2025-12-14
QX-TIN-165,PZ-URBAN,2.06,2026-02-10
QX-TIN-165,PZ-CORE,1.98,2025-12-24
QX-TIN-165,PZ-VALUE,1.86,2026-02-12
QX-TIN-165,PZ-REMOTE,2.16,2026-02-23
QX-DRY-166,PZ-METRO,1.58,2026-01-29
QX-DRY-166,PZ-URBAN,1.45,2026-01-26
QX-DRY-166,PZ-CORE,1.39,2025-12-22
QX-DRY-166,PZ-VALUE,1.31,2026-01-29
QX-DRY-166,PZ-REMOTE,1.52,2025-10-05
QX-DRK-167,PZ-METRO,6.98,2026-01-15
QX-DRK-167,PZ-URBAN,6.36,2026-03-19
QX-DRK-167,PZ-CORE,6.12,2026-02-28
QX-DRK-167,PZ-VALUE,5.75,2025-10-20
QX-DRK-167,PZ-REMOTE,6.67,2026-01-13
QX-TIN-168,PZ-METRO,1.11,2025-11-01
QX-TIN-168,PZ-URBAN,1.01,2026-02-03
QX-TIN-168,PZ-CORE,0.95,2026-03-18
QX-TIN-168,PZ-VALUE,0.90,2025-12-21
QX-TIN-168,PZ-REMOTE,1.06,2025-10-26
QX-BAK-169,PZ-METRO,0.90,2025-12-11
QX-BAK-169,PZ-URBAN,0.80,2026-01-17
QX-BAK-169,PZ-CORE,0.80,2026-01-13
QX-BAK-169,PZ-VALUE,0.75,2025-12-05
QX-BAK-169,PZ-REMOTE,0.85,2025-12-26
QX-DRY-170,PZ-METRO,5.13,2025-10-28
QX-DRY-170,PZ-URBAN,4.68,2026-02-26
QX-DRY-170,PZ-CORE,4.50,2025-11-10
QX-DRY-170,PZ-VALUE,4.23,2025-10-07
QX-DRY-170,PZ-REMOTE,4.91,2026-02-11
QX-HBC-171,PZ-METRO,12.60,2026-02-09
QX-HBC-171,PZ-URBAN,11.49,2025-10-21
QX-HBC-171,PZ-CORE,11.05,2026-03-01
QX-HBC-171,PZ-VALUE,10.39,2026-03-10
QX-HBC-171,PZ-REMOTE,12.04,2026-01-14
QX-BAK-172,PZ-METRO,3.41,2026-01-03
QX-BAK-172,PZ-URBAN,3.11,2025-10-26
QX-BAK-172,PZ-CORE,2.99,2026-03-22
QX-BAK-172,PZ-VALUE,2.81,2026-01-25
QX-BAK-172,PZ-REMOTE,3.26,2026-02-25
QX-HHD-173,PZ-METRO,9.86,2025-12-05
QX-HHD-173,PZ-URBAN,9.00,2025-10-08
QX-HHD-173,PZ-CORE,8.65,2025-11-17
QX-HHD-173,PZ-VALUE,8.13,2025-12-05
QX-HHD-173,PZ-REMOTE,9.43,2025-11-08
QX-BWS-174,PZ-METRO,35.48,2025-12-14
QX-BWS-174,PZ-URBAN,32.36,2026-02-16
QX-BWS-174,PZ-CORE,31.12,2025-11-26
QX-BWS-174,PZ-VALUE,29.25,2026-01-04
QX-BWS-174,PZ-REMOTE,33.92,2025-12-03
QX-CHL-175,PZ-METRO,8.49,2026-02-15
QX-CHL-175,PZ-URBAN,7.75,2025-10-29
QX-CHL-175,PZ-CORE,7.45,2026-02-21
QX-CHL-175,PZ-VALUE,7.00,2025-10-25
QX-CHL-175,PZ-REMOTE,8.12,2026-03-07
QX-FRZ-176,PZ-METRO,5.29,2026-03-08
QX-FRZ-176,PZ-URBAN,4.83,2026-03-12
QX-FRZ-176,PZ-CORE,4.64,2025-09-28
QX-FRZ-176,PZ-VALUE,4.36,2025-09-29
QX-FRZ-176,PZ-REMOTE,5.06,2025-11-30
QX-DRK-177,PZ-METRO,7.01,2025-12-30
QX-DRK-177,PZ-URBAN,6.40,2025-12-09
QX-DRK-177,PZ-CORE,6.15,2025-11-07
QX-DRK-177,PZ-VALUE,5.78,2025-09-21
QX-DRK-177,PZ-REMOTE,6.70,2026-03-18
QX-PET-178,PZ-METRO,9.30,2026-01-27
QX-PET-178,PZ-URBAN,8.49,2026-01-03
QX-PET-178,PZ-CORE,8.16,2025-10-28
QX-PET-178,PZ-VALUE,7.67,2026-03-13
QX-PET-178,PZ-REMOTE,8.89,2026-01-23
QX-PET-179,PZ-METRO,9.07,2025-10-20
QX-PET-179,PZ-URBAN,8.28,2026-02-08
QX-PET-179,PZ-CORE,7.96,2025-12-01
QX-PET-179,PZ-VALUE,7.48,2026-03-22
QX-PET-179,PZ-REMOTE,8.68,2025-12-12
QX-HBC-180,PZ-METRO,15.83,2026-02-16
QX-HBC-180,PZ-URBAN,14.45,2026-03-06
QX-HBC-180,PZ-CORE,13.89,2025-11-23
QX-HBC-180,PZ-VALUE,13.06,2025-10-20
QX-HBC-180,PZ-REMOTE,15.14,2025-09-23
QX-PET-181,PZ-METRO,4.42,2026-03-20
QX-PET-181,PZ-URBAN,4.04,2025-11-25
QX-PET-181,PZ-CORE,3.88,2025-09-20
QX-PET-181,PZ-VALUE,3.65,2026-02-04
QX-PET-181,PZ-REMOTE,4.23,2026-03-15
QX-DRK-182,PZ-METRO,5.75,2025-11-01
QX-DRK-182,PZ-URBAN,5.24,2025-11-20
QX-DRK-182,PZ-CORE,5.04,2025-10-23
QX-DRK-182,PZ-VALUE,4.74,2025-12-10
QX-DRK-182,PZ-REMOTE,5.49,2025-12-17
QX-BAK-183,PZ-METRO,2.51,2026-01-25
QX-BAK-183,PZ-URBAN,2.29,2025-10-16
QX-BAK-183,PZ-CORE,2.20,2026-02-11
QX-BAK-183,PZ-VALUE,2.07,2025-11-03
QX-BAK-183,PZ-REMOTE,2.40,2025-10-04
QX-HHD-184,PZ-METRO,12.39,2025-10-08
QX-HHD-184,PZ-URBAN,11.30,2025-12-24
QX-HHD-184,PZ-CORE,10.87,2025-09-18
QX-HHD-184,PZ-VALUE,10.22,2026-03-05
QX-HHD-184,PZ-REMOTE,11.85,2025-11-13
QX-TIN-185,PZ-METRO,1.14,2025-12-16
QX-TIN-185,PZ-URBAN,1.04,2025-11-25
QX-TIN-185,PZ-CORE,1.00,2025-10-11
QX-TIN-185,PZ-VALUE,0.95,2025-09-30
QX-TIN-185,PZ-REMOTE,1.09,2026-02-09
QX-BWS-186,PZ-METRO,9.86,2025-12-14
QX-BWS-186,PZ-URBAN,9.00,2025-10-29
QX-BWS-186,PZ-CORE,8.65,2025-10-09
QX-BWS-186,PZ-VALUE,8.13,2025-12-21
QX-BWS-186,PZ-REMOTE,9.43,2025-10-13
QX-PRO-187,PZ-METRO,1.69,2025-12-14
QX-PRO-187,PZ-URBAN,1.54,2026-03-14
QX-PRO-187,PZ-CORE,1.48,2026-02-26
QX-PRO-187,PZ-VALUE,1.39,2025-12-15
QX-PRO-187,PZ-REMOTE,1.61,2025-12-26
QX-HBC-188,PZ-METRO,1.22,2025-10-17
QX-HBC-188,PZ-URBAN,1.11,2026-02-17
QX-HBC-188,PZ-CORE,1.07,2026-01-28
QX-HBC-188,PZ-VALUE,1.01,2026-01-20
QX-HBC-188,PZ-REMOTE,1.17,2025-12-09
QX-DRY-189,PZ-METRO,6.21,2025-12-18
QX-DRY-189,PZ-URBAN,5.67,2025-11-16
QX-DRY-189,PZ-CORE,5.45,2026-03-01
QX-DRY-189,PZ-VALUE,5.12,2026-01-27
QX-DRY-189,PZ-REMOTE,5.94,2026-01-10
QX-DRK-190,PZ-METRO,2.94,2026-01-29
QX-DRK-190,PZ-URBAN,2.68,2025-11-27
QX-DRK-190,PZ-CORE,2.58,2025-10-18
QX-DRK-190,PZ-VALUE,2.43,2025-12-25
QX-DRK-190,PZ-REMOTE,2.81,2025-12-25
QX-HHD-191,PZ-METRO,3.57,2026-03-09
QX-HHD-191,PZ-URBAN,3.26,2025-12-18
QX-HHD-191,PZ-CORE,3.13,2025-11-08
QX-HHD-191,PZ-VALUE,2.94,2025-12-13
QX-HHD-191,PZ-REMOTE,3.41,2026-01-12
QX-PET-192,PZ-METRO,8.52,2026-01-22
QX-PET-192,PZ-URBAN,7.77,2025-11-05
QX-PET-192,PZ-CORE,7.47,2025-10-11
QX-PET-192,PZ-VALUE,7.02,2025-12-29
QX-PET-192,PZ-REMOTE,8.14,2025-10-05
QX-HHD-193,PZ-METRO,10.18,2025-09-27
QX-HHD-193,PZ-URBAN,9.29,2025-09-23
QX-HHD-193,PZ-CORE,8.93,2026-03-19
QX-HHD-193,PZ-VALUE,8.39,2025-12-08
QX-HHD-193,PZ-REMOTE,9.73,2025-11-06
QX-DRY-194,PZ-METRO,2.44,2025-11-11
QX-DRY-194,PZ-URBAN,2.23,2025-11-11
QX-DRY-194,PZ-CORE,2.14,2026-02-26
QX-DRY-194,PZ-VALUE,2.01,2026-02-22
QX-DRY-194,PZ-REMOTE,2.33,2025-09-18
QX-BAK-195,PZ-METRO,7.80,2025-12-03
QX-BAK-195,PZ-URBAN,7.11,2025-12-07
QX-BAK-195,PZ-CORE,6.84,2025-11-13
QX-BAK-195,PZ-VALUE,6.43,2025-12-09
QX-BAK-195,PZ-REMOTE,7.46,2025-12-24
QX-FRZ-196,PZ-METRO,2.35,2025-10-27
QX-FRZ-196,PZ-URBAN,2.14,2026-02-10
QX-FRZ-196,PZ-CORE,2.06,2026-01-30
QX-FRZ-196,PZ-VALUE,1.94,2025-12-12
QX-FRZ-196,PZ-REMOTE,2.25,2026-03-15
QX-CHL-197,PZ-METRO,13.08,2025-12-25
QX-CHL-197,PZ-URBAN,11.93,2026-01-03
QX-CHL-197,PZ-CORE,11.47,2026-02-08
QX-CHL-197,PZ-VALUE,10.78,2025-09-28
QX-CHL-197,PZ-REMOTE,12.50,2025-12-27
QX-HBC-198,PZ-METRO,15.52,2026-02-17
QX-HBC-198,PZ-URBAN,14.15,2025-12-13
QX-HBC-198,PZ-CORE,13.61,2026-03-09
QX-HBC-198,PZ-VALUE,12.79,2026-01-09
QX-HBC-198,PZ-REMOTE,14.83,2025-12-06
QX-BAK-199,PZ-METRO,2.53,2025-10-27
QX-BAK-199,PZ-URBAN,2.31,2025-12-09
QX-BAK-199,PZ-CORE,2.22,2026-01-21
QX-BAK-199,PZ-VALUE,2.09,2025-10-06
QX-BAK-199,PZ-REMOTE,2.42,2026-01-15
QX-HBC-200,PZ-METRO,10.76,2025-10-29
QX-HBC-200,PZ-URBAN,9.82,2025-10-07
QX-HBC-200,PZ-CORE,9.44,2025-09-25
QX-HBC-200,PZ-VALUE,8.87,2025-10-24
QX-HBC-200,PZ-REMOTE,10.29,2025-11-21
QX-CER-201,PZ-METRO,1.82,2026-01-08
QX-CER-201,PZ-URBAN,1.66,2026-02-18
QX-CER-201,PZ-CORE,1.60,2026-02-02
QX-CER-201,PZ-VALUE,1.50,2025-12-27
QX-CER-201,PZ-REMOTE,1.74,2025-12-20
QX-FRZ-202,PZ-METRO,5.95,2025-10-23
QX-FRZ-202,PZ-URBAN,5.43,2025-10-16
QX-FRZ-202,PZ-CORE,5.22,2026-01-14
QX-FRZ-202,PZ-VALUE,4.91,2025-09-27
QX-FRZ-202,PZ-REMOTE,5.69,2025-11-05
QX-CHL-203,PZ-METRO,20.86,2026-01-15
QX-CHL-203,PZ-URBAN,19.03,2026-01-15
QX-CHL-203,PZ-CORE,18.30,2025-09-30
QX-CHL-203,PZ-VALUE,17.20,2025-12-24
QX-CHL-203,PZ-REMOTE,19.95,2025-10-08
QX-BAK-204,PZ-METRO,0.95,2026-03-03
QX-BAK-204,PZ-URBAN,0.85,2025-12-27
QX-BAK-204,PZ-CORE,0.80,2026-03-10
QX-BAK-204,PZ-VALUE,0.75,2025-11-16
QX-BAK-204,PZ-REMOTE,0.90,2025-11-06
QX-CHL-205,PZ-METRO,8.46,2025-10-12
QX-CHL-205,PZ-URBAN,7.72,2026-03-01
QX-CHL-205,PZ-CORE,7.42,2025-09-22
QX-CHL-205,PZ-VALUE,6.97,2025-11-18
QX-CHL-205,PZ-REMOTE,8.09,2026-01-14
QX-DRY-206,PZ-METRO,4.39,2025-10-01
QX-DRY-206,PZ-URBAN,4.00,2025-10-17
QX-DRY-206,PZ-CORE,3.85,2025-11-06
QX-DRY-206,PZ-VALUE,3.62,2026-02-17
QX-DRY-206,PZ-REMOTE,4.20,2025-09-18
QX-HHD-207,PZ-METRO,2.02,2025-12-08
QX-HHD-207,PZ-URBAN,1.84,2025-12-12
QX-HHD-207,PZ-CORE,1.77,2025-09-14
QX-HHD-207,PZ-VALUE,1.66,2025-11-25
QX-HHD-207,PZ-REMOTE,1.93,2025-09-23
QX-BAK-208,PZ-METRO,6.18,2026-02-02
QX-BAK-208,PZ-URBAN,5.64,2026-01-16
QX-BAK-208,PZ-CORE,5.42,2025-12-20
QX-BAK-208,PZ-VALUE,5.09,2025-11-10
QX-BAK-208,PZ-REMOTE,5.91,2026-03-03
QX-DRY-209,PZ-METRO,6.25,2026-03-22
QX-DRY-209,PZ-URBAN,5.70,2025-12-12
QX-DRY-209,PZ-CORE,5.48,2026-03-04
QX-DRY-209,PZ-VALUE,5.15,2026-02-28
QX-DRY-209,PZ-REMOTE,5.97,2026-02-10
QX-HBC-211,PZ-METRO,8.76,2026-01-31
QX-HBC-211,PZ-URBAN,7.99,2025-11-17
QX-HBC-211,PZ-CORE,7.68,2025-10-29
QX-HBC-211,PZ-VALUE,7.22,2025-11-10
QX-HBC-211,PZ-REMOTE,8.37,2025-11-29
QX-CER-212,PZ-METRO,4.99,2026-02-26
QX-CER-212,PZ-URBAN,4.56,2026-01-25
QX-CER-212,PZ-CORE,4.38,2026-01-05
QX-CER-212,PZ-VALUE,4.12,2025-09-16
QX-CER-212,PZ-REMOTE,4.77,2025-09-26
QX-DRY-213,PZ-METRO,1.87,2025-10-28
QX-DRY-213,PZ-URBAN,1.71,2025-10-11
QX-DRY-213,PZ-CORE,1.64,2026-03-05
QX-DRY-213,PZ-VALUE,1.54,2025-10-23
QX-DRY-213,PZ-REMOTE,1.79,2025-12-15
QX-PET-214,PZ-METRO,2.66,2026-02-11
QX-PET-214,PZ-URBAN,2.42,2025-11-18
QX-PET-214,PZ-CORE,2.33,2025-10-22
QX-PET-214,PZ-VALUE,2.19,2025-09-27
QX-PET-214,PZ-REMOTE,2.54,2026-02-11
QX-HHD-217,PZ-METRO,5.32,2025-11-13
QX-HHD-217,PZ-URBAN,4.86,2025-10-27
QX-HHD-217,PZ-CORE,4.67,2025-09-29
QX-HHD-217,PZ-VALUE,4.39,2025-09-20
QX-HHD-217,PZ-REMOTE,5.09,2026-03-03
QX-DRY-218,PZ-METRO,6.79,2025-11-28
QX-DRY-218,PZ-URBAN,6.20,2026-03-09
QX-DRY-218,PZ-CORE,5.96,2026-02-09
QX-DRY-218,PZ-VALUE,5.60,2025-09-19
QX-DRY-218,PZ-REMOTE,6.50,2025-12-29
QX-CHL-219,PZ-METRO,13.41,2025-12-05
QX-CHL-219,PZ-URBAN,12.23,2026-02-20
QX-CHL-219,PZ-CORE,11.76,2025-09-18
QX-CHL-219,PZ-VALUE,11.05,2026-02-22
QX-CHL-219,PZ-REMOTE,12.82,2025-12-07
QX-HHD-220,PZ-METRO,5.69,2026-02-23
QX-HHD-220,PZ-URBAN,5.19,2026-03-11
QX-HHD-220,PZ-CORE,4.99,2025-12-02
QX-HHD-220,PZ-VALUE,4.69,2025-12-25
QX-HHD-220,PZ-REMOTE,5.44,2026-02-24
QX-HHD-221,PZ-METRO,5.27,2025-12-18
QX-HHD-221,PZ-URBAN,4.80,2025-09-23
QX-HHD-221,PZ-CORE,4.62,2026-02-25
QX-HHD-221,PZ-VALUE,4.34,2025-09-28
QX-HHD-221,PZ-REMOTE,5.04,2026-01-09
QX-DRK-223,PZ-METRO,5.97,2025-11-18
QX-DRK-223,PZ-URBAN,5.45,2025-09-28
QX-DRK-223,PZ-CORE,5.24,2026-02-08
QX-DRK-223,PZ-VALUE,4.93,2025-10-17
QX-DRK-223,PZ-REMOTE,5.71,2025-10-14
QX-HBC-224,PZ-METRO,10.16,2026-02-24
QX-HBC-224,PZ-URBAN,9.27,2026-01-24
QX-HBC-224,PZ-CORE,8.91,2026-03-13
QX-HBC-224,PZ-VALUE,8.38,2025-12-04
QX-HBC-224,PZ-REMOTE,9.71,2026-02-26
QX-DRY-225,PZ-METRO,3.86,2025-11-20
QX-DRY-225,PZ-URBAN,3.53,2026-01-11
QX-DRY-225,PZ-CORE,3.39,2026-02-12
QX-DRY-225,PZ-VALUE,3.19,2025-09-25
QX-DRY-225,PZ-REMOTE,3.70,2025-12-15
QX-CHL-226,PZ-METRO,3.81,2025-12-18
QX-CHL-226,PZ-URBAN,3.47,2026-02-25
QX-CHL-226,PZ-CORE,3.34,2026-03-03
QX-CHL-226,PZ-VALUE,3.14,2026-03-09
QX-CHL-226,PZ-REMOTE,3.64,2026-02-08
QX-PRO-227,PZ-METRO,1.45,2026-02-11
QX-PRO-227,PZ-URBAN,1.32,2025-11-13
QX-PRO-227,PZ-CORE,1.27,2025-10-21
QX-PRO-227,PZ-VALUE,1.19,2025-09-23
QX-PRO-227,PZ-REMOTE,1.38,2025-11-16
QX-DRY-228,PZ-METRO,3.86,2025-11-08
QX-DRY-228,PZ-URBAN,3.53,2026-02-16
QX-DRY-228,PZ-CORE,3.39,2025-12-18
QX-DRY-228,PZ-VALUE,3.19,2026-01-26
QX-DRY-228,PZ-REMOTE,3.70,2026-02-24
QX-HBC-230,PZ-METRO,12.70,2026-03-16
QX-HBC-230,PZ-URBAN,11.59,2026-01-31
QX-HBC-230,PZ-CORE,11.14,2025-11-10
QX-HBC-230,PZ-VALUE,10.47,2025-10-08
QX-HBC-230,PZ-REMOTE,12.14,2025-11-29
QX-DRY-232,PZ-METRO,7.40,2025-10-12
QX-DRY-232,PZ-URBAN,6.75,2025-11-10
QX-DRY-232,PZ-CORE,6.49,2025-09-22
QX-DRY-232,PZ-VALUE,6.10,2026-03-12
QX-DRY-232,PZ-REMOTE,7.07,2026-01-03
QX-HHD-233,PZ-METRO,7.50,2025-10-28
QX-HHD-233,PZ-URBAN,6.84,2025-10-05
QX-HHD-233,PZ-CORE,6.58,2025-11-27
QX-HHD-233,PZ-VALUE,6.19,2025-10-06
QX-HHD-233,PZ-REMOTE,7.17,2026-01-28
QX-CER-234,PZ-METRO,4.99,2025-12-28
QX-CER-234,PZ-URBAN,4.56,2026-01-24
QX-CER-234,PZ-CORE,4.38,2026-03-20
QX-CER-234,PZ-VALUE,4.12,2026-03-20
QX-CER-234,PZ-REMOTE,4.77,2026-03-17
QX-TIN-235,PZ-METRO,0.55,2025-09-26
QX-TIN-235,PZ-URBAN,0.50,2025-10-20
QX-TIN-235,PZ-CORE,0.45,2026-03-02
QX-TIN-235,PZ-VALUE,0.45,2026-02-09
QX-TIN-235,PZ-REMOTE,0.50,2025-11-23
QX-DRK-236,PZ-METRO,3.64,2026-03-18
QX-DRK-236,PZ-URBAN,3.32,2025-12-19
QX-DRK-236,PZ-CORE,3.19,2026-01-18
QX-DRK-236,PZ-VALUE,3.00,2025-11-02
QX-DRK-236,PZ-REMOTE,3.48,2025-09-25
QX-BWS-237,PZ-METRO,20.87,2025-09-29
QX-BWS-237,PZ-URBAN,19.04,2026-01-30
QX-BWS-237,PZ-CORE,18.31,2025-10-17
QX-BWS-237,PZ-VALUE,17.21,2026-01-15
QX-BWS-237,PZ-REMOTE,19.96,2026-02-05
QX-PET-238,PZ-METRO,3.33,2026-01-11
QX-PET-238,PZ-URBAN,3.04,2026-02-12
QX-PET-238,PZ-CORE,2.92,2025-10-05
QX-PET-238,PZ-VALUE,2.74,2026-01-08
QX-PET-238,PZ-REMOTE,3.18,2026-03-10
QX-CER-239,PZ-METRO,5.23,2026-01-11
QX-CER-239,PZ-URBAN,4.77,2026-02-13
QX-CER-239,PZ-CORE,4.59,2025-11-03
QX-CER-239,PZ-VALUE,4.31,2025-12-30
QX-CER-239,PZ-REMOTE,5.00,2025-12-06
QX-HBC-240,PZ-METRO,5.95,2025-10-13
QX-HBC-240,PZ-URBAN,5.43,2026-01-31
QX-HBC-240,PZ-CORE,5.22,2026-01-13
QX-HBC-240,PZ-VALUE,4.91,2026-02-16
QX-HBC-240,PZ-REMOTE,5.69,2026-01-24
QX-CHL-241,PZ-METRO,9.82,2025-11-18
QX-CHL-241,PZ-URBAN,8.95,2026-02-22
QX-CHL-241,PZ-CORE,8.61,2025-11-23
QX-CHL-241,PZ-VALUE,8.09,2025-12-17
QX-CHL-241,PZ-REMOTE,9.38,2025-11-16
QX-DRK-243,PZ-METRO,6.93,2025-10-25
QX-DRK-243,PZ-URBAN,6.32,2026-03-13
QX-DRK-243,PZ-CORE,6.08,2025-12-27
QX-DRK-243,PZ-VALUE,5.72,2025-11-18
QX-DRK-243,PZ-REMOTE,6.63,2025-09-30
QX-DRY-244,PZ-METRO,5.60,2025-10-13
QX-DRY-244,PZ-URBAN,5.11,2025-10-05
QX-DRY-244,PZ-CORE,4.91,2026-03-20
QX-DRY-244,PZ-VALUE,4.62,2025-10-01
QX-DRY-244,PZ-REMOTE,5.35,2025-11-11
QX-PET-245,PZ-METRO,7.67,2026-03-06
QX-PET-245,PZ-URBAN,7.00,2026-03-19
QX-PET-245,PZ-CORE,6.73,2026-03-20
QX-PET-245,PZ-VALUE,6.33,2025-12-11
QX-PET-245,PZ-REMOTE,7.34,2026-01-01
QX-CHL-246,PZ-METRO,16.81,2026-03-07
QX-CHL-246,PZ-URBAN,15.34,2025-10-09
QX-CHL-246,PZ-CORE,14.75,2025-12-13
QX-CHL-246,PZ-VALUE,13.86,2025-09-22
QX-CHL-246,PZ-REMOTE,16.08,2025-12-27
QX-BAK-247,PZ-METRO,1.11,2025-09-28
QX-BAK-247,PZ-URBAN,1.01,2025-11-25
QX-BAK-247,PZ-CORE,0.95,2025-10-30
QX-BAK-247,PZ-VALUE,0.90,2025-11-12
QX-BAK-247,PZ-REMOTE,1.06,2026-01-24
QX-PET-249,PZ-METRO,3.16,2025-11-05
QX-PET-249,PZ-URBAN,2.88,2026-02-11
QX-PET-249,PZ-CORE,2.77,2026-01-28
QX-PET-249,PZ-VALUE,2.60,2025-11-27
QX-PET-249,PZ-REMOTE,3.02,2025-09-17
QX-BAK-250,PZ-METRO,4.48,2025-11-03
QX-BAK-250,PZ-URBAN,4.09,2025-10-08
QX-BAK-250,PZ-CORE,3.93,2025-12-14
QX-BAK-250,PZ-VALUE,3.69,2026-02-14
QX-BAK-250,PZ-REMOTE,4.28,2025-12-09
QX-CER-251,PZ-METRO,4.94,2025-12-13
QX-CER-251,PZ-URBAN,4.50,2025-10-20
QX-CER-251,PZ-CORE,4.33,2025-12-23
QX-CER-251,PZ-VALUE,4.07,2025-10-07
QX-CER-251,PZ-REMOTE,4.72,2025-11-17
QX-TIN-252,PZ-METRO,1.20,2026-03-14
QX-TIN-252,PZ-URBAN,1.09,2025-11-06
QX-TIN-252,PZ-CORE,1.05,2025-10-01
QX-TIN-252,PZ-VALUE,1.00,2025-11-01
QX-TIN-252,PZ-REMOTE,1.14,2026-01-31
QX-BAK-253,PZ-METRO,1.38,2025-11-09
QX-BAK-253,PZ-URBAN,1.26,2026-02-12
QX-BAK-253,PZ-CORE,1.21,2025-11-10
QX-BAK-253,PZ-VALUE,1.14,2026-03-09
QX-BAK-253,PZ-REMOTE,1.32,2026-03-07
QX-HBC-254,PZ-METRO,16.53,2025-12-08
QX-HBC-254,PZ-URBAN,15.08,2026-02-07
QX-HBC-254,PZ-CORE,14.50,2025-10-25
QX-HBC-254,PZ-VALUE,13.63,2025-12-21
QX-HBC-254,PZ-REMOTE,15.81,2026-02-12
QX-HHD-255,PZ-METRO,12.56,2026-02-08
QX-HHD-255,PZ-URBAN,11.46,2026-02-25
QX-HHD-255,PZ-CORE,11.02,2026-03-08
QX-HHD-255,PZ-VALUE,10.36,2026-01-09
QX-HHD-255,PZ-REMOTE,12.01,2026-01-31
QX-HHD-256,PZ-METRO,1.68,2025-09-24
QX-HHD-256,PZ-URBAN,1.53,2025-11-09
QX-HHD-256,PZ-CORE,1.47,2025-12-30
QX-HHD-256,PZ-VALUE,1.38,2026-03-04
QX-HHD-256,PZ-REMOTE,1.60,2025-11-11
QX-FRZ-257,PZ-METRO,2.58,2026-01-13
QX-FRZ-257,PZ-URBAN,2.35,2026-01-26
QX-FRZ-257,PZ-CORE,2.26,2026-01-19
QX-FRZ-257,PZ-VALUE,2.12,2026-02-09
QX-FRZ-257,PZ-REMOTE,2.46,2026-02-11
QX-DRY-258,PZ-METRO,8.16,2025-12-29
QX-DRY-258,PZ-URBAN,7.45,2026-01-24
QX-DRY-258,PZ-CORE,7.16,2026-01-09
QX-DRY-258,PZ-VALUE,6.73,2025-11-06
QX-DRY-258,PZ-REMOTE,7.80,2026-02-16
QX-TIN-259,PZ-METRO,2.90,2026-03-03
QX-TIN-259,PZ-URBAN,2.64,2025-09-21
QX-TIN-259,PZ-CORE,2.54,2026-02-26
QX-TIN-259,PZ-VALUE,2.39,2026-03-21
QX-TIN-259,PZ-REMOTE,2.77,2025-11-24
QX-CHL-261,PZ-METRO,9.66,2026-02-14
QX-CHL-261,PZ-URBAN,8.81,2025-10-21
QX-CHL-261,PZ-CORE,8.47,2025-12-27
QX-CHL-261,PZ-VALUE,7.96,2026-02-28
QX-CHL-261,PZ-REMOTE,9.23,2025-10-29
QX-BAK-262,PZ-METRO,3.83,2025-09-20
QX-BAK-262,PZ-URBAN,3.49,2026-01-28
QX-BAK-262,PZ-CORE,3.36,2026-02-21
QX-BAK-262,PZ-VALUE,3.16,2025-11-08
QX-BAK-262,PZ-REMOTE,3.66,2026-02-27
QX-FRZ-263,PZ-METRO,7.95,2025-10-25
QX-FRZ-263,PZ-URBAN,7.25,2025-10-12
QX-FRZ-263,PZ-CORE,6.97,2025-10-25
QX-FRZ-263,PZ-VALUE,6.55,2025-12-30
QX-FRZ-263,PZ-REMOTE,7.60,2025-10-02
QX-DRK-264,PZ-METRO,2.47,2025-11-21
QX-DRK-264,PZ-URBAN,2.26,2026-02-11
QX-DRK-264,PZ-CORE,2.17,2026-01-04
QX-DRK-264,PZ-VALUE,2.04,2025-11-13
QX-DRK-264,PZ-REMOTE,2.37,2025-09-21
QX-TIN-265,PZ-METRO,2.95,2025-10-30
QX-TIN-265,PZ-URBAN,2.69,2026-02-15
QX-TIN-265,PZ-CORE,2.59,2026-02-28
QX-TIN-265,PZ-VALUE,2.43,2026-01-23
QX-TIN-265,PZ-REMOTE,2.82,2025-11-14
QX-PRO-267,PZ-METRO,1.66,2025-12-20
QX-PRO-267,PZ-URBAN,1.52,2025-10-13
QX-PRO-267,PZ-CORE,1.46,2025-12-18
QX-PRO-267,PZ-VALUE,1.37,2025-10-02
QX-PRO-267,PZ-REMOTE,1.59,2025-09-23
QX-BWS-268,PZ-METRO,38.32,2025-10-31
QX-BWS-268,PZ-URBAN,34.95,2026-02-06
QX-BWS-268,PZ-CORE,33.61,2025-12-16
QX-BWS-268,PZ-VALUE,31.59,2026-02-19
QX-BWS-268,PZ-REMOTE,36.63,2025-11-13
QX-PRO-269,PZ-METRO,3.76,2025-12-18
QX-PRO-269,PZ-URBAN,3.43,2025-11-30
QX-PRO-269,PZ-CORE,3.30,2025-09-23
QX-PRO-269,PZ-VALUE,3.10,2025-09-17
QX-PRO-269,PZ-REMOTE,3.60,2025-12-27
QX-DRY-270,PZ-METRO,6.37,2025-11-16
QX-DRY-270,PZ-URBAN,5.81,2026-01-06
QX-DRY-270,PZ-CORE,5.59,2025-11-28
QX-DRY-270,PZ-VALUE,5.25,2025-09-18
QX-DRY-270,PZ-REMOTE,6.09,2026-01-12
QX-CER-272,PZ-METRO,3.21,2026-03-05
QX-CER-272,PZ-URBAN,2.93,2025-10-10
QX-CER-272,PZ-CORE,2.82,2025-12-21
QX-CER-272,PZ-VALUE,2.65,2026-01-01
QX-CER-272,PZ-REMOTE,3.07,2025-11-24
QX-HHD-273,PZ-METRO,3.66,2026-01-19
QX-HHD-273,PZ-URBAN,3.34,2025-10-23
QX-HHD-273,PZ-CORE,3.21,2025-12-23
QX-HHD-273,PZ-VALUE,3.02,2026-03-19
QX-HHD-273,PZ-REMOTE,3.50,2026-01-14
QX-PRO-274,PZ-METRO,5.54,2025-09-24
QX-PRO-274,PZ-URBAN,5.05,2025-11-30
QX-PRO-274,PZ-CORE,4.86,2026-02-17
QX-PRO-274,PZ-VALUE,4.57,2026-02-25
QX-PRO-274,PZ-REMOTE,5.30,2025-11-30
QX-DRY-275,PZ-METRO,1.00,2025-09-20
QX-DRY-275,PZ-URBAN,0.90,2025-12-18
QX-DRY-275,PZ-CORE,0.85,2025-10-20
QX-DRY-275,PZ-VALUE,0.80,2025-11-03
QX-DRY-275,PZ-REMOTE,0.95,2026-02-18
QX-HHD-276,PZ-METRO,2.98,2025-12-25
QX-HHD-276,PZ-URBAN,2.71,2025-10-22
QX-HHD-276,PZ-CORE,2.61,2025-10-24
QX-HHD-276,PZ-VALUE,2.45,2026-01-17
QX-HHD-276,PZ-REMOTE,2.84,2026-01-01
QX-DRY-277,PZ-METRO,5.51,2025-12-15
QX-DRY-277,PZ-URBAN,5.02,2025-09-21
QX-DRY-277,PZ-CORE,4.83,2026-02-21
QX-DRY-277,PZ-VALUE,4.54,2025-11-23
QX-DRY-277,PZ-REMOTE,5.26,2026-01-28
QX-BAK-278,PZ-METRO,4.49,2025-09-27
QX-BAK-278,PZ-URBAN,4.10,2025-09-27
QX-BAK-278,PZ-CORE,3.94,2025-09-23
QX-BAK-278,PZ-VALUE,3.70,2025-11-24
QX-BAK-278,PZ-REMOTE,4.29,2026-03-04
QX-CHL-279,PZ-METRO,5.57,2025-11-15
QX-CHL-279,PZ-URBAN,5.09,2025-12-04
QX-CHL-279,PZ-CORE,4.89,2026-01-31
QX-CHL-279,PZ-VALUE,4.60,2025-12-23
QX-CHL-279,PZ-REMOTE,5.33,2026-01-10
QX-BWS-280,PZ-METRO,26.61,2026-03-11
QX-BWS-280,PZ-URBAN,24.27,2026-02-11
QX-BWS-280,PZ-CORE,23.34,2025-11-06
QX-BWS-280,PZ-VALUE,21.94,2025-12-05
QX-BWS-280,PZ-REMOTE,25.44,2025-10-30
QX-PRO-281,PZ-METRO,1.58,2026-03-05
QX-PRO-281,PZ-URBAN,1.45,2026-02-26
QX-PRO-281,PZ-CORE,1.39,2025-09-20
QX-PRO-281,PZ-VALUE,1.31,2026-01-29
QX-PRO-281,PZ-REMOTE,1.52,2025-12-31
QX-PET-282,PZ-METRO,2.02,2025-12-06
QX-PET-282,PZ-URBAN,1.84,2025-10-03
QX-PET-282,PZ-CORE,1.77,2026-03-13
QX-PET-282,PZ-VALUE,1.66,2025-12-18
QX-PET-282,PZ-REMOTE,1.93,2026-02-09
QX-PET-283,PZ-METRO,4.09,2025-12-27
QX-PET-283,PZ-URBAN,3.73,2026-02-09
QX-PET-283,PZ-CORE,3.59,2026-02-04
QX-PET-283,PZ-VALUE,3.37,2026-01-31
QX-PET-283,PZ-REMOTE,3.91,2025-12-10
QX-BWS-284,PZ-METRO,20.33,2025-11-07
QX-BWS-284,PZ-URBAN,18.54,2025-12-05
QX-BWS-284,PZ-CORE,17.83,2026-01-05
QX-BWS-284,PZ-VALUE,16.76,2025-11-13
QX-BWS-284,PZ-REMOTE,19.43,2026-02-18
QX-TIN-287,PZ-METRO,1.47,2025-10-09
QX-TIN-287,PZ-URBAN,1.34,2026-01-29
QX-TIN-287,PZ-CORE,1.29,2025-10-08
QX-TIN-287,PZ-VALUE,1.21,2025-12-21
QX-TIN-287,PZ-REMOTE,1.41,2025-11-28
QX-DRK-288,PZ-METRO,6.06,2026-03-18
QX-DRK-288,PZ-URBAN,5.53,2025-12-23
QX-DRK-288,PZ-CORE,5.32,2025-12-07
QX-DRK-288,PZ-VALUE,5.00,2025-10-27
QX-DRK-288,PZ-REMOTE,5.80,2026-01-15
QX-HBC-289,PZ-METRO,11.19,2025-10-22
QX-HBC-289,PZ-URBAN,10.21,2026-01-09
QX-HBC-289,PZ-CORE,9.82,2025-11-25
QX-HBC-289,PZ-VALUE,9.23,2026-01-21
QX-HBC-289,PZ-REMOTE,10.70,2025-11-25
QX-BWS-290,PZ-METRO,17.85,2025-09-25
QX-BWS-290,PZ-URBAN,16.29,2025-11-29
QX-BWS-290,PZ-CORE,15.66,2026-02-11
QX-BWS-290,PZ-VALUE,14.72,2026-01-08
QX-BWS-290,PZ-REMOTE,17.07,2025-10-02
QX-DRY-291,PZ-METRO,6.98,2026-03-07
QX-DRY-291,PZ-URBAN,6.36,2026-01-18
QX-DRY-291,PZ-CORE,6.12,2026-01-14
QX-DRY-291,PZ-VALUE,5.75,2025-09-30
QX-DRY-291,PZ-REMOTE,6.67,2026-01-04
QX-HBC-292,PZ-METRO,3.02,2025-09-20
QX-HBC-292,PZ-URBAN,2.76,2026-01-18
QX-HBC-292,PZ-CORE,2.65,2025-12-13
QX-HBC-292,PZ-VALUE,2.49,2026-01-13
QX-HBC-292,PZ-REMOTE,2.89,2025-10-03
QX-PRO-293,PZ-METRO,3.77,2026-02-18
QX-PRO-293,PZ-URBAN,3.44,2025-10-21
QX-PRO-293,PZ-CORE,3.31,2025-11-26
QX-PRO-293,PZ-VALUE,3.11,2025-11-02
QX-PRO-293,PZ-REMOTE,3.61,2026-01-17
QX-DRK-294,PZ-METRO,7.06,2026-01-16
QX-DRK-294,PZ-URBAN,6.44,2025-12-31
QX-DRK-294,PZ-CORE,6.19,2026-02-18
QX-DRK-294,PZ-VALUE,5.82,2026-01-07
QX-DRK-294,PZ-REMOTE,6.75,2026-02-02
QX-BAK-295,PZ-METRO,3.00,2026-02-26
QX-BAK-295,PZ-URBAN,2.74,2026-01-28
QX-BAK-295,PZ-CORE,2.63,2026-02-10
QX-BAK-295,PZ-VALUE,2.47,2025-11-29
QX-BAK-295,PZ-REMOTE,2.87,2025-10-20
QX-DRK-296,PZ-METRO,7.38,2025-10-04
QX-DRK-296,PZ-URBAN,6.73,2026-01-20
QX-DRK-296,PZ-CORE,6.47,2025-11-09
QX-DRK-296,PZ-VALUE,6.08,2026-03-14
QX-DRK-296,PZ-REMOTE,7.05,2025-10-09
QX-CER-297,PZ-METRO,4.01,2026-01-05
QX-CER-297,PZ-URBAN,3.66,2026-03-17
QX-CER-297,PZ-CORE,3.52,2025-10-01
QX-CER-297,PZ-VALUE,3.31,2026-02-20
QX-CER-297,PZ-REMOTE,3.84,2025-12-04
QX-PRO-298,PZ-METRO,4.50,2025-12-09
QX-PRO-298,PZ-URBAN,4.11,2025-11-25
QX-PRO-298,PZ-CORE,3.95,2026-02-24
QX-PRO-298,PZ-VALUE,3.71,2025-10-13
QX-PRO-298,PZ-REMOTE,4.31,2026-02-08
QX-PRO-299,PZ-METRO,3.50,2025-09-14
QX-PRO-299,PZ-URBAN,3.19,2025-12-13
QX-PRO-299,PZ-CORE,3.07,2025-09-18
QX-PRO-299,PZ-VALUE,2.89,2026-02-04
QX-PRO-299,PZ-REMOTE,3.35,2026-02-14
QX-CER-300,PZ-METRO,1.71,2025-12-29
QX-CER-300,PZ-URBAN,1.56,2026-01-22
QX-CER-300,PZ-CORE,1.50,2026-03-22
QX-CER-300,PZ-VALUE,1.41,2025-12-27
QX-CER-300,PZ-REMOTE,1.64,2025-09-14
QX-DRK-302,PZ-METRO,3.57,2025-12-17
QX-DRK-302,PZ-URBAN,3.26,2025-11-08
QX-DRK-302,PZ-CORE,3.13,2026-03-07
QX-DRK-302,PZ-VALUE,2.94,2026-02-12
QX-DRK-302,PZ-REMOTE,3.41,2026-01-30
QX-BWS-303,PZ-METRO,42.72,2025-12-13
QX-BWS-303,PZ-URBAN,38.97,2026-03-11
QX-BWS-303,PZ-CORE,37.47,2025-12-19
QX-BWS-303,PZ-VALUE,35.22,2025-11-02
QX-BWS-303,PZ-REMOTE,40.84,2025-11-13
QX-PET-305,PZ-METRO,8.14,2025-10-21
QX-PET-305,PZ-URBAN,7.43,2026-02-28
QX-PET-305,PZ-CORE,7.14,2025-11-13
QX-PET-305,PZ-VALUE,6.71,2026-02-14
QX-PET-305,PZ-REMOTE,7.78,2025-09-14
QX-CHL-306,PZ-METRO,5.89,2025-11-07
QX-CHL-306,PZ-URBAN,5.38,2025-12-03
QX-CHL-306,PZ-CORE,5.17,2025-12-06
QX-CHL-306,PZ-VALUE,4.86,2025-11-24
QX-CHL-306,PZ-REMOTE,5.64,2025-12-07
QX-TIN-307,PZ-METRO,0.95,2025-12-16
QX-TIN-307,PZ-URBAN,0.90,2025-12-24
QX-TIN-307,PZ-CORE,0.85,2026-01-24
QX-TIN-307,PZ-VALUE,0.80,2025-12-07
QX-TIN-307,PZ-REMOTE,0.95,2025-12-07
QX-FRZ-308,PZ-METRO,3.93,2025-11-25
QX-FRZ-308,PZ-URBAN,3.59,2025-09-26
QX-FRZ-308,PZ-CORE,3.45,2026-01-26
QX-FRZ-308,PZ-VALUE,3.24,2025-11-14
QX-FRZ-308,PZ-REMOTE,3.76,2025-09-20
QX-BWS-309,PZ-METRO,4.27,2026-02-03
QX-BWS-309,PZ-URBAN,3.90,2026-03-14
QX-BWS-309,PZ-CORE,3.75,2025-11-27
QX-BWS-309,PZ-VALUE,3.53,2025-12-31
QX-BWS-309,PZ-REMOTE,4.09,2026-03-14
QX-CER-310,PZ-METRO,2.04,2026-01-28
QX-CER-310,PZ-URBAN,1.86,2026-01-03
QX-CER-310,PZ-CORE,1.79,2026-01-23
QX-CER-310,PZ-VALUE,1.68,2025-11-15
QX-CER-310,PZ-REMOTE,1.95,2025-12-17
QX-BAK-311,PZ-METRO,3.17,2026-02-25
QX-BAK-311,PZ-URBAN,2.89,2025-10-12
QX-BAK-311,PZ-CORE,2.78,2025-10-03
QX-BAK-311,PZ-VALUE,2.61,2026-01-05
QX-BAK-311,PZ-REMOTE,3.03,2026-02-04
QX-HHD-313,PZ-METRO,13.26,2026-01-10
QX-HHD-313,PZ-URBAN,12.10,2025-11-21
QX-HHD-313,PZ-CORE,11.63,2025-09-27
QX-HHD-313,PZ-VALUE,10.93,2025-11-29
QX-HHD-313,PZ-REMOTE,12.68,2026-01-16
QX-HBC-314,PZ-METRO,15.95,2025-10-14
QX-HBC-314,PZ-URBAN,14.55,2025-09-21
QX-HBC-314,PZ-CORE,13.99,2025-11-09
QX-HBC-314,PZ-VALUE,13.15,2025-11-25
QX-HBC-314,PZ-REMOTE,15.25,2026-03-02
QX-CER-315,PZ-METRO,4.83,2025-10-29
QX-CER-315,PZ-URBAN,4.41,2026-02-19
QX-CER-315,PZ-CORE,4.24,2025-11-05
QX-CER-315,PZ-VALUE,3.99,2026-02-14
QX-CER-315,PZ-REMOTE,4.62,2025-10-27
QX-CER-318,PZ-METRO,1.90,2025-11-04
QX-CER-318,PZ-URBAN,1.74,2025-10-21
QX-CER-318,PZ-CORE,1.67,2025-11-25
QX-CER-318,PZ-VALUE,1.57,2025-12-30
QX-CER-318,PZ-REMOTE,1.82,2025-10-19
QX-DRK-319,PZ-METRO,2.01,2025-10-30
QX-DRK-319,PZ-URBAN,1.83,2026-03-22
QX-DRK-319,PZ-CORE,1.76,2025-09-30
QX-DRK-319,PZ-VALUE,1.65,2026-02-02
QX-DRK-319,PZ-REMOTE,1.92,2026-03-06
QX-PET-320,PZ-METRO,2.25,2026-02-25
QX-PET-320,PZ-URBAN,2.05,2025-09-20
QX-PET-320,PZ-CORE,1.97,2025-12-28
QX-PET-320,PZ-VALUE,1.85,2026-01-28
QX-PET-320,PZ-REMOTE,2.15,2025-11-30
QX-FRZ-321,PZ-METRO,2.28,2025-11-15
QX-FRZ-321,PZ-URBAN,2.08,2026-02-05
QX-FRZ-321,PZ-CORE,2.00,2025-09-20
QX-FRZ-321,PZ-VALUE,1.88,2025-10-03
QX-FRZ-321,PZ-REMOTE,2.18,2026-01-07
QX-DRK-322,PZ-METRO,3.96,2025-12-09
QX-DRK-322,PZ-URBAN,3.61,2025-10-21
QX-DRK-322,PZ-CORE,3.47,2026-02-02
QX-DRK-322,PZ-VALUE,3.26,2025-10-10
QX-DRK-322,PZ-REMOTE,3.78,2025-12-23
QX-PRO-323,PZ-METRO,1.36,2025-12-10
QX-PRO-323,PZ-URBAN,1.24,2026-01-25
QX-PRO-323,PZ-CORE,1.19,2026-02-04
QX-PRO-323,PZ-VALUE,1.12,2025-10-04
QX-PRO-323,PZ-REMOTE,1.30,2026-01-13
QX-PRO-324,PZ-METRO,0.75,2025-11-02
QX-PRO-324,PZ-URBAN,0.70,2026-01-06
QX-PRO-324,PZ-CORE,0.65,2026-02-12
QX-PRO-324,PZ-VALUE,0.60,2025-12-04
QX-PRO-324,PZ-REMOTE,0.70,2026-03-14
QX-BWS-326,PZ-METRO,11.34,2025-11-19
QX-BWS-326,PZ-URBAN,10.35,2026-02-19
QX-BWS-326,PZ-CORE,9.95,2025-10-19
QX-BWS-326,PZ-VALUE,9.35,2026-02-28
QX-BWS-326,PZ-REMOTE,10.85,2026-03-19
QX-CHL-327,PZ-METRO,3.65,2025-12-02
QX-CHL-327,PZ-URBAN,3.33,2025-11-11
QX-CHL-327,PZ-CORE,3.20,2026-02-22
QX-CHL-327,PZ-VALUE,3.01,2026-01-09
QX-CHL-327,PZ-REMOTE,3.49,2026-03-16
QX-FRZ-328,PZ-METRO,3.85,2025-12-04
QX-FRZ-328,PZ-URBAN,3.52,2025-12-27
QX-FRZ-328,PZ-CORE,3.38,2026-02-23
QX-FRZ-328,PZ-VALUE,3.18,2025-10-03
QX-FRZ-328,PZ-REMOTE,3.68,2025-11-14
QX-PRO-329,PZ-METRO,4.10,2026-01-02
QX-PRO-329,PZ-URBAN,3.74,2026-02-07
QX-PRO-329,PZ-CORE,3.60,2026-01-24
QX-PRO-329,PZ-VALUE,3.38,2026-03-04
QX-PRO-329,PZ-REMOTE,3.92,2026-02-01
QX-TIN-330,PZ-METRO,1.87,2025-10-10
QX-TIN-330,PZ-URBAN,1.71,2026-02-06
QX-TIN-330,PZ-CORE,1.64,2025-12-27
QX-TIN-330,PZ-VALUE,1.54,2025-11-17
QX-TIN-330,PZ-REMOTE,1.79,2026-03-08
QX-DRY-331,PZ-METRO,1.80,2025-09-18
QX-DRY-331,PZ-URBAN,1.64,2026-01-07
QX-DRY-331,PZ-CORE,1.58,2026-02-14
QX-DRY-331,PZ-VALUE,1.49,2025-12-02
QX-DRY-331,PZ-REMOTE,1.72,2026-01-02
QX-FRZ-332,PZ-METRO,9.45,2025-10-31
QX-FRZ-332,PZ-URBAN,8.62,2025-11-03
QX-FRZ-332,PZ-CORE,8.29,2026-02-18
QX-FRZ-332,PZ-VALUE,7.79,2026-01-21
QX-FRZ-332,PZ-REMOTE,9.04,2025-10-15
QX-CER-333,PZ-METRO,2.68,2025-10-17
QX-CER-333,PZ-URBAN,2.44,2025-12-25
QX-CER-333,PZ-CORE,2.35,2025-10-07
QX-CER-333,PZ-VALUE,2.21,2025-12-16
QX-CER-333,PZ-REMOTE,2.56,2025-12-19
QX-BWS-334,PZ-METRO,14.49,2026-01-29
QX-BWS-334,PZ-URBAN,13.22,2025-11-03
QX-BWS-334,PZ-CORE,12.71,2025-10-07
QX-BWS-334,PZ-VALUE,11.95,2025-11-15
QX-BWS-334,PZ-REMOTE,13.85,2026-01-05
QX-DRK-335,PZ-METRO,5.78,2025-10-20
QX-DRK-335,PZ-URBAN,5.27,2025-12-27
QX-DRK-335,PZ-CORE,5.07,2026-02-22
QX-DRK-335,PZ-VALUE,4.77,2026-01-31
QX-DRK-335,PZ-REMOTE,5.53,2025-09-18
QX-HBC-336,PZ-METRO,16.50,2025-10-21
QX-HBC-336,PZ-URBAN,15.05,2025-11-10
QX-HBC-336,PZ-CORE,14.47,2025-10-31
QX-HBC-336,PZ-VALUE,13.60,2025-12-10
QX-HBC-336,PZ-REMOTE,15.77,2026-01-20
QX-HHD-337,PZ-METRO,4.85,2025-11-30
QX-HHD-337,PZ-URBAN,4.42,2025-10-21
QX-HHD-337,PZ-CORE,4.25,2025-12-20
QX-HHD-337,PZ-VALUE,3.99,2026-01-04
QX-HHD-337,PZ-REMOTE,4.63,2026-02-26
QX-BWS-338,PZ-METRO,34.18,2026-01-21
QX-BWS-338,PZ-URBAN,31.18,2025-12-20
QX-BWS-338,PZ-CORE,29.98,2025-09-27
QX-BWS-338,PZ-VALUE,28.18,2026-03-07
QX-BWS-338,PZ-REMOTE,32.68,2025-12-10
QX-BAK-339,PZ-METRO,2.91,2025-09-19
QX-BAK-339,PZ-URBAN,2.65,2026-02-18
QX-BAK-339,PZ-CORE,2.55,2025-12-29
QX-BAK-339,PZ-VALUE,2.40,2025-12-30
QX-BAK-339,PZ-REMOTE,2.78,2026-01-09
QX-CHL-341,PZ-METRO,17.31,2025-11-15
QX-CHL-341,PZ-URBAN,15.79,2025-09-30
QX-CHL-341,PZ-CORE,15.18,2025-11-15
QX-CHL-341,PZ-VALUE,14.27,2025-12-20
QX-CHL-341,PZ-REMOTE,16.55,2026-01-30
QX-CER-342,PZ-METRO,3.52,2025-10-26
QX-CER-342,PZ-URBAN,3.21,2025-11-14
QX-CER-342,PZ-CORE,3.09,2025-09-21
QX-CER-342,PZ-VALUE,2.90,2026-01-23
QX-CER-342,PZ-REMOTE,3.37,2026-03-20
QX-DRK-343,PZ-METRO,5.07,2025-10-21
QX-DRK-343,PZ-URBAN,4.63,2025-09-23
QX-DRK-343,PZ-CORE,4.45,2026-03-15
QX-DRK-343,PZ-VALUE,4.18,2025-09-15
QX-DRK-343,PZ-REMOTE,4.85,2025-09-28
QX-BAK-344,PZ-METRO,9.39,2026-01-02
QX-BAK-344,PZ-URBAN,8.57,2025-10-25
QX-BAK-344,PZ-CORE,8.24,2025-12-28
QX-BAK-344,PZ-VALUE,7.75,2025-09-30
QX-BAK-344,PZ-REMOTE,8.98,2026-02-12
QX-TIN-345,PZ-METRO,0.70,2025-12-22
QX-TIN-345,PZ-URBAN,0.60,2026-01-24
QX-TIN-345,PZ-CORE,0.60,2026-02-22
QX-TIN-345,PZ-VALUE,0.55,2025-12-20
QX-TIN-345,PZ-REMOTE,0.65,2025-09-25
QX-BAK-346,PZ-METRO,3.70,2025-11-05
QX-BAK-346,PZ-URBAN,3.38,2025-10-02
QX-BAK-346,PZ-CORE,3.25,2025-12-21
QX-BAK-346,PZ-VALUE,3.06,2026-02-21
QX-BAK-346,PZ-REMOTE,3.54,2026-02-18
QX-BWS-347,PZ-METRO,28.50,2025-11-20
QX-BWS-347,PZ-URBAN,26.00,2026-01-28
QX-BWS-347,PZ-CORE,25.00,2026-01-07
QX-BWS-347,PZ-VALUE,23.50,2025-09-23
QX-BWS-347,PZ-REMOTE,27.25,2026-03-12
QX-HBC-348,PZ-METRO,8.71,2025-09-24
QX-HBC-348,PZ-URBAN,7.95,2026-01-10
QX-HBC-348,PZ-CORE,7.64,2025-09-18
QX-HBC-348,PZ-VALUE,7.18,2025-11-13
QX-HBC-348,PZ-REMOTE,8.33,2025-10-21
QX-HBC-349,PZ-METRO,4.23,2026-01-25
QX-HBC-349,PZ-URBAN,3.86,2026-03-16
QX-HBC-349,PZ-CORE,3.71,2025-12-30
QX-HBC-349,PZ-VALUE,3.49,2026-01-31
QX-HBC-349,PZ-REMOTE,4.04,2025-11-04
QX-PET-350,PZ-METRO,4.87,2025-12-08
QX-PET-350,PZ-URBAN,4.44,2025-12-30
QX-PET-350,PZ-CORE,4.27,2025-12-21
QX-PET-350,PZ-VALUE,4.01,2025-11-04
QX-PET-350,PZ-REMOTE,4.65,2025-10-09
QX-DRY-351,PZ-METRO,4.80,2026-02-04
QX-DRY-351,PZ-URBAN,4.38,2025-10-04
QX-DRY-351,PZ-CORE,4.21,2026-03-05
QX-DRY-351,PZ-VALUE,3.96,2025-12-03
QX-DRY-351,PZ-REMOTE,4.59,2026-03-16
QX-HBC-353,PZ-METRO,12.44,2026-01-26
QX-HBC-353,PZ-URBAN,11.35,2026-02-19
QX-HBC-353,PZ-CORE,10.91,2025-09-24
QX-HBC-353,PZ-VALUE,10.26,2026-02-22
QX-HBC-353,PZ-REMOTE,11.89,2026-01-29
QX-BAK-354,PZ-METRO,2.50,2026-01-14
QX-BAK-354,PZ-URBAN,2.28,2025-09-19
QX-BAK-354,PZ-CORE,2.19,2025-12-10
QX-BAK-354,PZ-VALUE,2.06,2025-10-15
QX-BAK-354,PZ-REMOTE,2.39,2025-11-09
QX-HBC-355,PZ-METRO,13.59,2026-03-04
QX-HBC-355,PZ-URBAN,12.40,2026-03-16
QX-HBC-355,PZ-CORE,11.92,2025-12-13
QX-HBC-355,PZ-VALUE,11.20,2025-09-28
QX-HBC-355,PZ-REMOTE,12.99,2025-12-07
QX-CHL-357,PZ-METRO,3.31,2026-01-09
QX-CHL-357,PZ-URBAN,3.02,2026-01-03
QX-CHL-357,PZ-CORE,2.90,2025-10-14
QX-CHL-357,PZ-VALUE,2.73,2025-09-15
QX-CHL-357,PZ-REMOTE,3.16,2025-09-19
QX-TIN-358,PZ-METRO,1.50,2025-11-01
QX-TIN-358,PZ-URBAN,1.37,2025-12-03
QX-TIN-358,PZ-CORE,1.32,2025-12-31
QX-TIN-358,PZ-VALUE,1.24,2025-12-18
QX-TIN-358,PZ-REMOTE,1.44,2025-12-07
QX-DRK-359,PZ-METRO,5.49,2026-03-21
QX-DRK-359,PZ-URBAN,5.01,2026-01-12
QX-DRK-359,PZ-CORE,4.82,2025-10-17
QX-DRK-359,PZ-VALUE,4.53,2025-10-01
QX-DRK-359,PZ-REMOTE,5.25,2025-10-06
QX-HBC-360,PZ-METRO,9.80,2025-09-29
QX-HBC-360,PZ-URBAN,8.94,2026-02-26
QX-HBC-360,PZ-CORE,8.60,2025-11-29
QX-HBC-360,PZ-VALUE,8.08,2025-11-20
QX-HBC-360,PZ-REMOTE,9.37,2025-11-26
QX-DRY-361,PZ-METRO,3.27,2026-01-07
QX-DRY-361,PZ-URBAN,2.98,2025-10-26
QX-DRY-361,PZ-CORE,2.87,2025-10-17
QX-DRY-361,PZ-VALUE,2.70,2025-12-02
QX-DRY-361,PZ-REMOTE,3.13,2026-02-03
QX-FRZ-362,PZ-METRO,7.91,2025-12-29
QX-FRZ-362,PZ-URBAN,7.22,2026-02-16
QX-FRZ-362,PZ-CORE,6.94,2026-01-23
QX-FRZ-362,PZ-VALUE,6.52,2026-03-02
QX-FRZ-362,PZ-REMOTE,7.56,2025-11-12
QX-HHD-363,PZ-METRO,7.09,2025-10-10
QX-HHD-363,PZ-URBAN,6.47,2025-10-30
QX-HHD-363,PZ-CORE,6.22,2026-02-07
QX-HHD-363,PZ-VALUE,5.85,2026-02-26
QX-HHD-363,PZ-REMOTE,6.78,2025-10-21
QX-HBC-364,PZ-METRO,6.43,2026-03-09
QX-HBC-364,PZ-URBAN,5.87,2025-11-28
QX-HBC-364,PZ-CORE,5.64,2026-01-18
QX-HBC-364,PZ-VALUE,5.30,2026-01-15
QX-HBC-364,PZ-REMOTE,6.15,2026-01-14
QX-CHL-365,PZ-METRO,19.05,2025-09-14
QX-CHL-365,PZ-URBAN,17.38,2025-11-06
QX-CHL-365,PZ-CORE,16.71,2025-11-01
QX-CHL-365,PZ-VALUE,15.71,2025-12-27
QX-CHL-365,PZ-REMOTE,18.21,2025-11-15
QX-TIN-366,PZ-METRO,1.60,2025-12-22
QX-TIN-366,PZ-URBAN,1.46,2026-01-11
QX-TIN-366,PZ-CORE,1.40,2026-02-27
QX-TIN-366,PZ-VALUE,1.32,2026-02-12
QX-TIN-366,PZ-REMOTE,1.53,2025-11-25
QX-CER-367,PZ-METRO,2.23,2025-09-19
QX-CER-367,PZ-URBAN,2.04,2025-12-30
QX-CER-367,PZ-CORE,1.96,2026-01-27
QX-CER-367,PZ-VALUE,1.84,2025-09-27
QX-CER-367,PZ-REMOTE,2.14,2026-03-12
QX-BAK-368,PZ-METRO,3.51,2025-11-28
QX-BAK-368,PZ-URBAN,3.20,2025-12-12
QX-BAK-368,PZ-CORE,3.08,2026-02-14
QX-BAK-368,PZ-VALUE,2.90,2025-12-09
QX-BAK-368,PZ-REMOTE,3.36,2025-11-12
QX-BWS-369,PZ-METRO,19.45,2025-10-26
QX-BWS-369,PZ-URBAN,17.74,2025-11-01
QX-BWS-369,PZ-CORE,17.06,2026-03-11
QX-BWS-369,PZ-VALUE,16.04,2025-12-27
QX-BWS-369,PZ-REMOTE,18.60,2025-11-29
QX-HBC-370,PZ-METRO,3.24,2025-09-23
QX-HBC-370,PZ-URBAN,2.95,2026-02-03
QX-HBC-370,PZ-CORE,2.84,2025-12-07
QX-HBC-370,PZ-VALUE,2.67,2025-09-30
QX-HBC-370,PZ-REMOTE,3.10,2026-01-09
QX-DRY-371,PZ-METRO,2.64,2026-03-19
QX-DRY-371,PZ-URBAN,2.41,2025-12-26
QX-DRY-371,PZ-CORE,2.32,2025-10-30
QX-DRY-371,PZ-VALUE,2.18,2025-11-14
QX-DRY-371,PZ-REMOTE,2.53,2026-01-06
QX-PRO-372,PZ-METRO,3.51,2025-10-25
QX-PRO-372,PZ-URBAN,3.20,2025-12-31
QX-PRO-372,PZ-CORE,3.08,2026-02-03
QX-PRO-372,PZ-VALUE,2.90,2025-12-05
QX-PRO-372,PZ-REMOTE,3.36,2026-02-04
QX-BWS-373,PZ-METRO,35.27,2025-10-15
QX-BWS-373,PZ-URBAN,32.18,2026-03-09
QX-BWS-373,PZ-CORE,30.94,2025-11-17
QX-BWS-373,PZ-VALUE,29.08,2025-12-03
QX-BWS-373,PZ-REMOTE,33.72,2026-03-18
QX-DRK-374,PZ-METRO,6.43,2025-10-03
QX-DRK-374,PZ-URBAN,5.87,2025-11-08
QX-DRK-374,PZ-CORE,5.64,2025-09-26
QX-DRK-374,PZ-VALUE,5.30,2026-03-14
QX-DRK-374,PZ-REMOTE,6.15,2026-01-30
QX-DRK-376,PZ-METRO,2.99,2026-01-15
QX-DRK-376,PZ-URBAN,2.72,2025-10-02
QX-DRK-376,PZ-CORE,2.62,2026-02-17
QX-DRK-376,PZ-VALUE,2.46,2026-01-08
QX-DRK-376,PZ-REMOTE,2.86,2025-09-29
QX-HHD-377,PZ-METRO,8.25,2025-10-13
QX-HHD-377,PZ-URBAN,7.53,2025-10-18
QX-HHD-377,PZ-CORE,7.24,2025-09-22
QX-HHD-377,PZ-VALUE,6.81,2025-12-31
QX-HHD-377,PZ-REMOTE,7.89,2026-01-05
QX-HBC-378,PZ-METRO,6.17,2026-02-20
QX-HBC-378,PZ-URBAN,5.63,2025-11-20
QX-HBC-378,PZ-CORE,5.41,2026-01-19
QX-HBC-378,PZ-VALUE,5.09,2025-12-09
QX-HBC-378,PZ-REMOTE,5.90,2025-10-25
QX-DRY-379,PZ-METRO,4.31,2025-11-15
QX-DRY-379,PZ-URBAN,3.93,2026-03-12
QX-DRY-379,PZ-CORE,3.78,2025-10-16
QX-DRY-379,PZ-VALUE,3.55,2025-09-18
QX-DRY-379,PZ-REMOTE,4.12,2025-12-05
QX-PET-380,PZ-METRO,5.38,2025-10-27
QX-PET-380,PZ-URBAN,4.91,2025-10-02
QX-PET-380,PZ-CORE,4.72,2026-03-12
QX-PET-380,PZ-VALUE,4.44,2025-10-28
QX-PET-380,PZ-REMOTE,5.14,2025-11-14
QX-BWS-381,PZ-METRO,20.39,2025-11-04
QX-BWS-381,PZ-URBAN,18.61,2025-09-25
QX-BWS-381,PZ-CORE,17.89,2026-01-30
QX-BWS-381,PZ-VALUE,16.82,2026-01-25
QX-BWS-381,PZ-REMOTE,19.50,2025-10-23
QX-CHL-382,PZ-METRO,13.77,2025-10-18
QX-CHL-382,PZ-URBAN,12.56,2025-11-02
QX-CHL-382,PZ-CORE,12.08,2026-02-05
QX-CHL-382,PZ-VALUE,11.36,2026-01-19
QX-CHL-382,PZ-REMOTE,13.17,2025-10-16
QX-HHD-383,PZ-METRO,9.11,2025-09-25
QX-HHD-383,PZ-URBAN,8.31,2025-12-30
QX-HHD-383,PZ-CORE,7.99,2025-12-01
QX-HHD-383,PZ-VALUE,7.51,2026-01-21
QX-HHD-383,PZ-REMOTE,8.71,2025-12-21
QX-CER-384,PZ-METRO,2.72,2026-02-02
QX-CER-384,PZ-URBAN,2.49,2025-12-30
QX-CER-384,PZ-CORE,2.39,2026-03-11
QX-CER-384,PZ-VALUE,2.25,2026-03-04
QX-CER-384,PZ-REMOTE,2.61,2026-03-02
QX-CER-385,PZ-METRO,3.97,2025-09-25
QX-CER-385,PZ-URBAN,3.62,2026-01-06
QX-CER-385,PZ-CORE,3.48,2026-02-13
QX-CER-385,PZ-VALUE,3.27,2025-09-26
QX-CER-385,PZ-REMOTE,3.79,2025-09-26
QX-BAK-387,PZ-METRO,2.94,2025-12-11
QX-BAK-387,PZ-URBAN,2.68,2026-02-12
QX-BAK-387,PZ-CORE,2.58,2026-01-07
QX-BAK-387,PZ-VALUE,2.43,2025-12-31
QX-BAK-387,PZ-REMOTE,2.81,2025-11-30
QX-PET-389,PZ-METRO,7.96,2026-03-16
QX-PET-389,PZ-URBAN,7.26,2025-11-13
QX-PET-389,PZ-CORE,6.98,2026-01-17
QX-PET-389,PZ-VALUE,6.56,2026-02-01
QX-PET-389,PZ-REMOTE,7.61,2025-10-03
QX-DRY-391,PZ-METRO,3.50,2025-10-30
QX-DRY-391,PZ-URBAN,3.19,2026-02-07
QX-DRY-391,PZ-CORE,3.07,2025-11-19
QX-DRY-391,PZ-VALUE,2.89,2025-10-08
QX-DRY-391,PZ-REMOTE,3.35,2025-12-31
QX-CER-392,PZ-METRO,1.44,2025-10-05
QX-CER-392,PZ-URBAN,1.31,2025-11-24
QX-CER-392,PZ-CORE,1.26,2025-09-28
QX-CER-392,PZ-VALUE,1.18,2026-02-11
QX-CER-392,PZ-REMOTE,1.37,2026-01-14
QX-FRZ-393,PZ-METRO,2.13,2026-03-10
QX-FRZ-393,PZ-URBAN,1.94,2025-10-19
QX-FRZ-393,PZ-CORE,1.87,2025-10-05
QX-FRZ-393,PZ-VALUE,1.76,2025-11-16
QX-FRZ-393,PZ-REMOTE,2.04,2025-12-27
QX-DRY-394,PZ-METRO,1.30,2025-10-27
QX-DRY-394,PZ-URBAN,1.19,2026-01-04
QX-DRY-394,PZ-CORE,1.14,2026-02-19
QX-DRY-394,PZ-VALUE,1.07,2025-12-29
QX-DRY-394,PZ-REMOTE,1.24,2026-01-18
QX-CHL-396,PZ-METRO,14.76,2026-03-07
QX-CHL-396,PZ-URBAN,13.47,2026-01-24
QX-CHL-396,PZ-CORE,12.95,2025-12-25
QX-CHL-396,PZ-VALUE,12.17,2026-01-15
QX-CHL-396,PZ-REMOTE,14.12,2026-02-06
QX-BWS-397,PZ-METRO,4.82,2025-09-15
QX-BWS-397,PZ-URBAN,4.40,2025-12-28
QX-BWS-397,PZ-CORE,4.23,2025-12-20
QX-BWS-397,PZ-VALUE,3.98,2026-01-05
QX-BWS-397,PZ-REMOTE,4.61,2026-01-02
QX-TIN-398,PZ-METRO,1.13,2025-10-19
QX-TIN-398,PZ-URBAN,1.03,2025-11-26
QX-TIN-398,PZ-CORE,1.00,2025-12-19
QX-TIN-398,PZ-VALUE,0.95,2026-02-28
QX-TIN-398,PZ-REMOTE,1.08,2025-10-15
QX-DRK-399,PZ-METRO,6.54,2025-11-04
QX-DRK-399,PZ-URBAN,5.97,2026-01-22
QX-DRK-399,PZ-CORE,5.74,2025-12-24
QX-DRK-399,PZ-VALUE,5.40,2026-03-09
QX-DRK-399,PZ-REMOTE,6.26,2025-11-07
QX-HHD-400,PZ-METRO,10.13,2025-11-29
QX-HHD-400,PZ-URBAN,9.25,2025-10-31
QX-HHD-400,PZ-CORE,8.89,2025-12-19
QX-HHD-400,PZ-VALUE,8.36,2025-11-30
QX-HHD-400,PZ-REMOTE,9.69,2025-12-07
QX-DRK-401,PZ-METRO,6.06,2026-02-14
QX-DRK-401,PZ-URBAN,5.53,2025-10-13
QX-DRK-401,PZ-CORE,5.32,2026-02-25
QX-DRK-401,PZ-VALUE,5.00,2026-03-04
QX-DRK-401,PZ-REMOTE,5.80,2026-03-19
QX-DRY-402,PZ-METRO,3.16,2026-03-17
QX-DRY-402,PZ-URBAN,2.88,2025-12-05
QX-DRY-402,PZ-CORE,2.77,2025-10-30
QX-DRY-402,PZ-VALUE,2.60,2025-12-27
QX-DRY-402,PZ-REMOTE,3.02,2025-12-22
QX-DRK-403,PZ-METRO,2.11,2025-11-05
QX-DRK-403,PZ-URBAN,1.92,2025-10-14
QX-DRK-403,PZ-CORE,1.85,2025-10-17
QX-DRK-403,PZ-VALUE,1.74,2026-02-21
QX-DRK-403,PZ-REMOTE,2.02,2025-10-23
QX-HHD-404,PZ-METRO,5.31,2026-03-09
QX-HHD-404,PZ-URBAN,4.85,2025-11-03
QX-HHD-404,PZ-CORE,4.66,2026-02-17
QX-HHD-404,PZ-VALUE,4.38,2025-12-09
QX-HHD-404,PZ-REMOTE,5.08,2025-12-03
QX-HHD-405,PZ-METRO,8.16,2026-02-02
QX-HHD-405,PZ-URBAN,7.45,2025-12-29
QX-HHD-405,PZ-CORE,7.16,2025-11-28
QX-HHD-405,PZ-VALUE,6.73,2026-02-13
QX-HHD-405,PZ-REMOTE,7.80,2025-09-28
QX-CHL-407,PZ-METRO,7.12,2025-11-23
QX-CHL-407,PZ-URBAN,6.50,2025-11-23
QX-CHL-407,PZ-CORE,6.25,2025-12-19
QX-CHL-407,PZ-VALUE,5.88,2026-02-14
QX-CHL-407,PZ-REMOTE,6.81,2025-10-29
QX-TIN-408,PZ-METRO,0.95,2025-11-11
QX-TIN-408,PZ-URBAN,0.85,2025-12-25
QX-TIN-408,PZ-CORE,0.80,2025-12-28
QX-TIN-408,PZ-VALUE,0.75,2025-11-22
QX-TIN-408,PZ-REMOTE,0.90,2026-02-28
QX-DRY-409,PZ-METRO,5.54,2025-11-03
QX-DRY-409,PZ-URBAN,5.05,2026-02-27
QX-DRY-409,PZ-CORE,4.86,2025-10-28
QX-DRY-409,PZ-VALUE,4.57,2025-11-28
QX-DRY-409,PZ-REMOTE,5.30,2025-12-18
QX-HBC-410,PZ-METRO,6.52,2025-09-19
QX-HBC-410,PZ-URBAN,5.95,2026-02-26
QX-HBC-410,PZ-CORE,5.72,2025-11-30
QX-HBC-410,PZ-VALUE,5.38,2026-01-20
QX-HBC-410,PZ-REMOTE,6.23,2026-01-05
QX-DRY-411,PZ-METRO,1.00,2026-01-22
QX-DRY-411,PZ-URBAN,0.90,2026-01-28
QX-DRY-411,PZ-CORE,0.90,2026-03-06
QX-DRY-411,PZ-VALUE,0.85,2026-03-17
QX-DRY-411,PZ-REMOTE,0.95,2025-11-14
QX-HBC-413,PZ-METRO,2.61,2025-12-24
QX-HBC-413,PZ-URBAN,2.38,2025-11-29
QX-HBC-413,PZ-CORE,2.29,2026-03-20
QX-HBC-413,PZ-VALUE,2.15,2025-11-30
QX-HBC-413,PZ-REMOTE,2.50,2026-02-28
QX-CER-414,PZ-METRO,4.75,2025-11-15
QX-CER-414,PZ-URBAN,4.34,2025-11-30
QX-CER-414,PZ-CORE,4.17,2025-11-12
QX-CER-414,PZ-VALUE,3.92,2026-03-09
QX-CER-414,PZ-REMOTE,4.55,2025-11-07
QX-BWS-415,PZ-METRO,27.11,2025-09-29
QX-BWS-415,PZ-URBAN,24.73,2026-01-18
QX-BWS-415,PZ-CORE,23.78,2026-01-16
QX-BWS-415,PZ-VALUE,22.35,2025-10-05
QX-BWS-415,PZ-REMOTE,25.92,2025-10-01
QX-TIN-417,PZ-METRO,0.60,2026-01-10
QX-TIN-417,PZ-URBAN,0.55,2025-10-26
QX-TIN-417,PZ-CORE,0.50,2025-10-17
QX-TIN-417,PZ-VALUE,0.50,2025-11-03
QX-TIN-417,PZ-REMOTE,0.55,2025-12-15
QX-FRZ-418,PZ-METRO,7.75,2026-02-24
QX-FRZ-418,PZ-URBAN,7.07,2025-12-14
QX-FRZ-418,PZ-CORE,6.80,2025-11-11
QX-FRZ-418,PZ-VALUE,6.39,2025-09-30
QX-FRZ-418,PZ-REMOTE,7.41,2025-10-09
QX-HBC-419,PZ-METRO,13.62,2026-03-01
QX-HBC-419,PZ-URBAN,12.43,2025-11-29
QX-HBC-419,PZ-CORE,11.95,2026-03-02
QX-HBC-419,PZ-VALUE,11.23,2026-02-19
QX-HBC-419,PZ-REMOTE,13.03,2025-11-30
QX-HHD-420,PZ-METRO,5.47,2026-02-02
QX-HHD-420,PZ-URBAN,4.99,2025-12-29
QX-HHD-420,PZ-CORE,4.80,2026-03-01
QX-HHD-420,PZ-VALUE,4.51,2026-03-02
QX-HHD-420,PZ-REMOTE,5.23,2025-12-20
QX-BAK-422,PZ-METRO,9.25,2025-11-28
QX-BAK-422,PZ-URBAN,8.43,2025-11-06
QX-BAK-422,PZ-CORE,8.11,2026-02-21
QX-BAK-422,PZ-VALUE,7.62,2025-12-05
QX-BAK-422,PZ-REMOTE,8.84,2026-02-13
QX-BWS-423,PZ-METRO,22.61,2026-03-21
QX-BWS-423,PZ-URBAN,20.62,2026-02-06
QX-BWS-423,PZ-CORE,19.83,2026-01-15
QX-BWS-423,PZ-VALUE,18.64,2026-01-11
QX-BWS-423,PZ-REMOTE,21.61,2026-01-29
QX-FRZ-426,PZ-METRO,7.31,2026-02-09
QX-FRZ-426,PZ-URBAN,6.67,2026-02-16
QX-FRZ-426,PZ-CORE,6.41,2025-10-22
QX-FRZ-426,PZ-VALUE,6.03,2026-02-05
QX-FRZ-426,PZ-REMOTE,6.99,2025-10-30
QX-HHD-427,PZ-METRO,7.12,2025-11-21
QX-HHD-427,PZ-URBAN,6.50,2025-10-12
QX-HHD-427,PZ-CORE,6.25,2025-12-31
QX-HHD-427,PZ-VALUE,5.88,2026-01-24
QX-HHD-427,PZ-REMOTE,6.81,2026-01-14
QX-CHL-428,PZ-METRO,5.53,2025-11-28
QX-CHL-428,PZ-URBAN,5.04,2026-03-16
QX-CHL-428,PZ-CORE,4.85,2025-10-11
QX-CHL-428,PZ-VALUE,4.56,2025-12-01
QX-CHL-428,PZ-REMOTE,5.29,2026-03-11
QX-BAK-429,PZ-METRO,4.27,2025-10-20
QX-BAK-429,PZ-URBAN,3.90,2026-01-22
QX-BAK-429,PZ-CORE,3.75,2025-10-28
QX-BAK-429,PZ-VALUE,3.53,2026-03-22
QX-BAK-429,PZ-REMOTE,4.09,2025-12-17
QX-PET-430,PZ-METRO,12.15,2025-12-17
QX-PET-430,PZ-URBAN,11.09,2025-11-05
QX-PET-430,PZ-CORE,10.66,2025-12-04
QX-PET-430,PZ-VALUE,10.02,2026-02-10
QX-PET-430,PZ-REMOTE,11.62,2025-12-11
QX-BAK-431,PZ-METRO,5.13,2025-12-17
QX-BAK-431,PZ-URBAN,4.68,2026-02-01
QX-BAK-431,PZ-CORE,4.50,2026-03-17
QX-BAK-431,PZ-VALUE,4.23,2026-02-22
QX-BAK-431,PZ-REMOTE,4.91,2026-01-07
QX-CHL-432,PZ-METRO,22.33,2025-11-30
QX-CHL-432,PZ-URBAN,20.37,2026-01-24
QX-CHL-432,PZ-CORE,19.59,2025-10-03
QX-CHL-432,PZ-VALUE,18.41,2026-03-16
QX-CHL-432,PZ-REMOTE,21.35,2025-09-16
QX-BWS-433,PZ-METRO,39.49,2025-11-17
QX-BWS-433,PZ-URBAN,36.03,2025-11-19
QX-BWS-433,PZ-CORE,34.64,2026-01-08
QX-BWS-433,PZ-VALUE,32.56,2025-10-29
QX-BWS-433,PZ-REMOTE,37.76,2025-11-29
QX-PET-434,PZ-METRO,11.35,2025-10-28
QX-PET-434,PZ-URBAN,10.36,2025-11-07
QX-PET-434,PZ-CORE,9.96,2026-02-08
QX-PET-434,PZ-VALUE,9.36,2025-10-02
QX-PET-434,PZ-REMOTE,10.86,2026-02-17
QX-BAK-435,PZ-METRO,5.75,2025-09-15
QX-BAK-435,PZ-URBAN,5.24,2026-01-27
QX-BAK-435,PZ-CORE,5.04,2026-01-27
QX-BAK-435,PZ-VALUE,4.74,2025-10-31
QX-BAK-435,PZ-REMOTE,5.49,2025-10-20
QX-TIN-436,PZ-METRO,1.72,2025-12-29
QX-TIN-436,PZ-URBAN,1.57,2025-12-03
QX-TIN-436,PZ-CORE,1.51,2025-11-27
QX-TIN-436,PZ-VALUE,1.42,2025-12-06
QX-TIN-436,PZ-REMOTE,1.65,2026-03-01
QX-FRZ-437,PZ-METRO,9.47,2025-11-20
QX-FRZ-437,PZ-URBAN,8.64,2025-10-16
QX-FRZ-437,PZ-CORE,8.31,2025-10-14
QX-FRZ-437,PZ-VALUE,7.81,2025-10-08
QX-FRZ-437,PZ-REMOTE,9.06,2026-02-14
QX-CER-438,PZ-METRO,1.76,2025-11-26
QX-CER-438,PZ-URBAN,1.60,2026-03-12
QX-CER-438,PZ-CORE,1.54,2025-12-17
QX-CER-438,PZ-VALUE,1.45,2025-12-13
QX-CER-438,PZ-REMOTE,1.68,2026-02-28
QX-TIN-439,PZ-METRO,1.86,2026-01-23
QX-TIN-439,PZ-URBAN,1.70,2025-12-17
QX-TIN-439,PZ-CORE,1.63,2025-11-04
QX-TIN-439,PZ-VALUE,1.53,2026-01-10
QX-TIN-439,PZ-REMOTE,1.78,2025-12-04
QX-CER-440,PZ-METRO,3.86,2026-02-27
QX-CER-440,PZ-URBAN,3.53,2025-11-14
QX-CER-440,PZ-CORE,3.39,2025-10-27
QX-CER-440,PZ-VALUE,3.19,2026-02-06
QX-CER-440,PZ-REMOTE,3.70,2026-01-02
QX-CHL-441,PZ-METRO,11.42,2026-01-30
QX-CHL-441,PZ-URBAN,10.42,2026-01-16
QX-CHL-441,PZ-CORE,10.02,2025-10-22
QX-CHL-441,PZ-VALUE,9.42,2025-10-03
QX-CHL-441,PZ-REMOTE,10.92,2026-03-12
QX-CHL-442,PZ-METRO,11.25,2026-01-22
QX-CHL-442,PZ-URBAN,10.26,2026-02-12
QX-CHL-442,PZ-CORE,9.87,2026-01-12
QX-CHL-442,PZ-VALUE,9.28,2025-11-28
QX-CHL-442,PZ-REMOTE,10.76,2025-10-28
QX-DRY-443,PZ-METRO,3.44,2026-03-11
QX-DRY-443,PZ-URBAN,3.14,2025-10-18
QX-DRY-443,PZ-CORE,3.02,2026-01-13
QX-DRY-443,PZ-VALUE,2.84,2025-12-19
QX-DRY-443,PZ-REMOTE,3.29,2025-12-21
QX-DRY-444,PZ-METRO,5.67,2026-02-19
QX-DRY-444,PZ-URBAN,5.17,2025-11-17
QX-DRY-444,PZ-CORE,4.97,2026-03-09
QX-DRY-444,PZ-VALUE,4.67,2025-11-22
QX-DRY-444,PZ-REMOTE,5.42,2026-02-07
QX-FRZ-445,PZ-METRO,7.73,2025-10-01
QX-FRZ-445,PZ-URBAN,7.05,2025-12-17
QX-FRZ-445,PZ-CORE,6.78,2026-03-17
QX-FRZ-445,PZ-VALUE,6.37,2026-01-07
QX-FRZ-445,PZ-REMOTE,7.39,2025-10-27
QX-DRK-446,PZ-METRO,7.26,2026-03-01
QX-DRK-446,PZ-URBAN,6.62,2025-11-03
QX-DRK-446,PZ-CORE,6.37,2025-10-06
QX-DRK-446,PZ-VALUE,5.99,2025-10-12
QX-DRK-446,PZ-REMOTE,6.94,2025-11-04
QX-FRZ-447,PZ-METRO,6.46,2025-11-19
QX-FRZ-447,PZ-URBAN,5.90,2026-02-19
QX-FRZ-447,PZ-CORE,5.67,2026-01-23
QX-FRZ-447,PZ-VALUE,5.33,2026-02-28
QX-FRZ-447,PZ-REMOTE,6.18,2026-03-18
QX-CHL-449,PZ-METRO,5.56,2025-12-25
QX-CHL-449,PZ-URBAN,5.08,2026-02-12
QX-CHL-449,PZ-CORE,4.88,2025-10-21
QX-CHL-449,PZ-VALUE,4.59,2025-09-24
QX-CHL-449,PZ-REMOTE,5.32,2026-01-28
QX-CHL-450,PZ-METRO,11.10,2025-09-15
QX-CHL-450,PZ-URBAN,10.13,2025-11-05
QX-CHL-450,PZ-CORE,9.74,2026-01-09
QX-CHL-450,PZ-VALUE,9.16,2025-10-29
QX-CHL-450,PZ-REMOTE,10.62,2025-12-16
QX-DRY-451,PZ-METRO,6.90,2025-09-22
QX-DRY-451,PZ-URBAN,6.29,2025-11-04
QX-DRY-451,PZ-CORE,6.05,2025-09-16
QX-DRY-451,PZ-VALUE,5.69,2026-03-21
QX-DRY-451,PZ-REMOTE,6.59,2026-01-28
QX-PET-452,PZ-METRO,9.56,2026-01-04
QX-PET-452,PZ-URBAN,8.73,2026-03-13
QX-PET-452,PZ-CORE,8.39,2026-03-10
QX-PET-452,PZ-VALUE,7.89,2025-12-20
QX-PET-452,PZ-REMOTE,9.15,2026-01-15
QX-CER-453,PZ-METRO,1.73,2025-11-03
QX-CER-453,PZ-URBAN,1.58,2026-03-08
QX-CER-453,PZ-CORE,1.52,2025-10-11
QX-CER-453,PZ-VALUE,1.43,2025-12-13
QX-CER-453,PZ-REMOTE,1.66,2025-11-07
QX-DRY-454,PZ-METRO,7.01,2025-09-22
QX-DRY-454,PZ-URBAN,6.40,2026-03-21
QX-DRY-454,PZ-CORE,6.15,2026-01-08
QX-DRY-454,PZ-VALUE,5.78,2026-02-28
QX-DRY-454,PZ-REMOTE,6.70,2026-02-17
QX-HHD-455,PZ-METRO,1.41,2026-03-03
QX-HHD-455,PZ-URBAN,1.29,2025-09-18
QX-HHD-455,PZ-CORE,1.24,2025-10-06
QX-HHD-455,PZ-VALUE,1.17,2025-10-15
QX-HHD-455,PZ-REMOTE,1.35,2025-10-02
QX-CHL-456,PZ-METRO,19.38,2025-09-28
QX-CHL-456,PZ-URBAN,17.68,2025-12-24
QX-CHL-456,PZ-CORE,17.00,2025-12-06
QX-CHL-456,PZ-VALUE,15.98,2025-10-15
QX-CHL-456,PZ-REMOTE,18.53,2026-02-25
QX-HBC-457,PZ-METRO,7.25,2026-03-07
QX-HBC-457,PZ-URBAN,6.61,2025-10-11
QX-HBC-457,PZ-CORE,6.36,2026-03-12
QX-HBC-457,PZ-VALUE,5.98,2025-12-30
QX-HBC-457,PZ-REMOTE,6.93,2025-11-25
QX-HHD-458,PZ-METRO,10.62,2025-10-19
QX-HHD-458,PZ-URBAN,9.69,2026-03-19
QX-HHD-458,PZ-CORE,9.32,2026-01-05
QX-HHD-458,PZ-VALUE,8.76,2026-02-06
QX-HHD-458,PZ-REMOTE,10.16,2025-10-19
QX-DRY-459,PZ-METRO,1.22,2025-09-18
QX-DRY-459,PZ-URBAN,1.11,2025-09-24
QX-DRY-459,PZ-CORE,1.07,2025-12-24
QX-DRY-459,PZ-VALUE,1.01,2026-02-11
QX-DRY-459,PZ-REMOTE,1.17,2025-10-24
QX-BWS-460,PZ-METRO,15.29,2025-10-31
QX-BWS-460,PZ-URBAN,13.95,2025-09-14
QX-BWS-460,PZ-CORE,13.41,2026-02-10
QX-BWS-460,PZ-VALUE,12.61,2026-03-13
QX-BWS-460,PZ-REMOTE,14.62,2025-09-18
QX-HBC-462,PZ-METRO,6.97,2025-11-17
QX-HBC-462,PZ-URBAN,6.35,2025-11-16
QX-HBC-462,PZ-CORE,6.11,2025-09-26
QX-HBC-462,PZ-VALUE,5.74,2025-11-09
QX-HBC-462,PZ-REMOTE,6.66,2025-12-17
QX-FRZ-463,PZ-METRO,8.53,2026-03-08
QX-FRZ-463,PZ-URBAN,7.78,2025-12-03
QX-FRZ-463,PZ-CORE,7.48,2025-10-20
QX-FRZ-463,PZ-VALUE,7.03,2025-10-08
QX-FRZ-463,PZ-REMOTE,8.15,2025-10-22
QX-TIN-464,PZ-METRO,0.90,2025-10-11
QX-TIN-464,PZ-URBAN,0.80,2025-09-20
QX-TIN-464,PZ-CORE,0.75,2026-01-13
QX-TIN-464,PZ-VALUE,0.70,2025-09-14
QX-TIN-464,PZ-REMOTE,0.85,2025-12-21
QX-TIN-465,PZ-METRO,2.49,2026-03-01
QX-TIN-465,PZ-URBAN,2.27,2025-12-29
QX-TIN-465,PZ-CORE,2.18,2026-02-26
QX-TIN-465,PZ-VALUE,2.05,2026-01-02
QX-TIN-465,PZ-REMOTE,2.38,2026-03-15
